row_id,task,module,block,hook,spatial_region,imagined_timestep,task_variable,linear_score,nonlinear_gain,best_coordinate_frame,geometry,cross_trajectory_stability,regime_dependence,causal_patch_effect,specificity,manifold_distance,recommended_operator,field_status,sources
reach-wall/encoder/block-0/spatial-mean/action_chunk_frobenius_magnitude,reach-wall,encoder,0,block_residual_output,mean_of_256_spatial_tokens,,action_chunk_frobenius_magnitude,"{""metric"": ""r2"", ""score"": 0.4484450607659428, ""time_baseline"": 0.4725658231754639, ""delta_vs_time"": -0.0241207624095211}",,,"{""participation_ratio"": 14.823140949815576, ""top10_variance_fraction"": 0.5746330096217993, ""adjacent_timestep_cosine_mean"": 0.9987112213199321}",,,,,,none_validated,"{""linear_score"": ""measured_discovery_only"", ""nonlinear_gain"": ""pending_measurement"", ""best_coordinate_frame"": ""pending_measurement"", ""geometry"": ""descriptive_activation_geometry"", ""cross_trajectory_stability"": ""pending_measurement"", ""regime_dependence"": ""pending_measurement"", ""causal_patch_effect"": ""pending_measurement"", ""specificity"": ""pending_measurement"", ""manifold_distance"": ""pending_measurement"", ""recommended_operator"": ""not_yet_justified""}","[{""path"": ""artifacts/geometry_map/reach_wall_v1/discovery-screen/discovery_screen.json"", ""item"": ""rows[15]""}]"
reach-wall/encoder/block-0/spatial-mean/action_dx,reach-wall,encoder,0,block_residual_output,mean_of_256_spatial_tokens,,action_dx,"{""metric"": ""r2"", ""score"": -0.05810517094371259, ""time_baseline"": 0.0033910809446688894, ""delta_vs_time"": -0.06149625188838148}",,,"{""participation_ratio"": 14.823140949815576, ""top10_variance_fraction"": 0.5746330096217993, ""adjacent_timestep_cosine_mean"": 0.9987112213199321}",,,,,,none_validated,"{""linear_score"": ""measured_discovery_only"", ""nonlinear_gain"": ""pending_measurement"", ""best_coordinate_frame"": ""pending_measurement"", ""geometry"": ""descriptive_activation_geometry"", ""cross_trajectory_stability"": ""pending_measurement"", ""regime_dependence"": ""pending_measurement"", ""causal_patch_effect"": ""pending_measurement"", ""specificity"": ""pending_measurement"", ""manifold_distance"": ""pending_measurement"", ""recommended_operator"": ""not_yet_justified""}","[{""path"": ""artifacts/geometry_map/reach_wall_v1/discovery-screen/discovery_screen.json"", ""item"": ""rows[12]""}]"
reach-wall/encoder/block-0/spatial-mean/action_dy,reach-wall,encoder,0,block_residual_output,mean_of_256_spatial_tokens,,action_dy,"{""metric"": ""r2"", ""score"": 0.607911496873959, ""time_baseline"": 0.6287213192564175, ""delta_vs_time"": -0.020809822382458543}",,,"{""participation_ratio"": 14.823140949815576, ""top10_variance_fraction"": 0.5746330096217993, ""adjacent_timestep_cosine_mean"": 0.9987112213199321}",,,,,,none_validated,"{""linear_score"": ""measured_discovery_only"", ""nonlinear_gain"": ""pending_measurement"", ""best_coordinate_frame"": ""pending_measurement"", ""geometry"": ""descriptive_activation_geometry"", ""cross_trajectory_stability"": ""pending_measurement"", ""regime_dependence"": ""pending_measurement"", ""causal_patch_effect"": ""pending_measurement"", ""specificity"": ""pending_measurement"", ""manifold_distance"": ""pending_measurement"", ""recommended_operator"": ""not_yet_justified""}","[{""path"": ""artifacts/geometry_map/reach_wall_v1/discovery-screen/discovery_screen.json"", ""item"": ""rows[13]""}]"
reach-wall/encoder/block-0/spatial-mean/action_dz,reach-wall,encoder,0,block_residual_output,mean_of_256_spatial_tokens,,action_dz,"{""metric"": ""r2"", ""score"": -0.030934204187622383, ""time_baseline"": 0.02788791500905774, ""delta_vs_time"": -0.05882211919668012}",,,"{""participation_ratio"": 14.823140949815576, ""top10_variance_fraction"": 0.5746330096217993, ""adjacent_timestep_cosine_mean"": 0.9987112213199321}",,,,,,none_validated,"{""linear_score"": ""measured_discovery_only"", ""nonlinear_gain"": ""pending_measurement"", ""best_coordinate_frame"": ""pending_measurement"", ""geometry"": ""descriptive_activation_geometry"", ""cross_trajectory_stability"": ""pending_measurement"", ""regime_dependence"": ""pending_measurement"", ""causal_patch_effect"": ""pending_measurement"", ""specificity"": ""pending_measurement"", ""manifold_distance"": ""pending_measurement"", ""recommended_operator"": ""not_yet_justified""}","[{""path"": ""artifacts/geometry_map/reach_wall_v1/discovery-screen/discovery_screen.json"", ""item"": ""rows[14]""}]"
reach-wall/encoder/block-0/spatial-mean/cumulative_progress,reach-wall,encoder,0,block_residual_output,mean_of_256_spatial_tokens,,cumulative_progress,"{""metric"": ""r2"", ""score"": 0.926147892776956, ""time_baseline"": 0.9222151817810877, ""delta_vs_time"": 0.003932710995868227}",,,"{""participation_ratio"": 14.823140949815576, ""top10_variance_fraction"": 0.5746330096217993, ""adjacent_timestep_cosine_mean"": 0.9987112213199321}",,,,,,none_validated,"{""linear_score"": ""measured_discovery_only"", ""nonlinear_gain"": ""pending_measurement"", ""best_coordinate_frame"": ""pending_measurement"", ""geometry"": ""descriptive_activation_geometry"", ""cross_trajectory_stability"": ""pending_measurement"", ""regime_dependence"": ""pending_measurement"", ""causal_patch_effect"": ""pending_measurement"", ""specificity"": ""pending_measurement"", ""manifold_distance"": ""pending_measurement"", ""recommended_operator"": ""not_yet_justified""}","[{""path"": ""artifacts/geometry_map/reach_wall_v1/discovery-screen/discovery_screen.json"", ""item"": ""rows[1]""}, {""path"": ""artifacts/geometry_map/reach_wall_v1/emergence-geometry/emergence_geometry.json"", ""item"": ""curves.encoder.progress.rows.layer=0""}]"
reach-wall/encoder/block-0/spatial-mean/expert_detour_gate,reach-wall,encoder,0,block_residual_output,mean_of_256_spatial_tokens,,expert_detour_gate,"{""metric"": ""auroc"", ""score"": 0.9957078780419468, ""time_baseline"": 0.978149765850144, ""delta_vs_time"": 0.01755811219180281}",,,"{""participation_ratio"": 14.823140949815576, ""top10_variance_fraction"": 0.5746330096217993, ""adjacent_timestep_cosine_mean"": 0.9987112213199321}",,,,,,none_validated,"{""linear_score"": ""measured_discovery_only"", ""nonlinear_gain"": ""pending_measurement"", ""best_coordinate_frame"": ""pending_measurement"", ""geometry"": ""descriptive_activation_geometry"", ""cross_trajectory_stability"": ""pending_measurement"", ""regime_dependence"": ""pending_measurement"", ""causal_patch_effect"": ""pending_measurement"", ""specificity"": ""pending_measurement"", ""manifold_distance"": ""pending_measurement"", ""recommended_operator"": ""not_yet_justified""}","[{""path"": ""artifacts/geometry_map/reach_wall_v1/discovery-screen/discovery_screen.json"", ""item"": ""rows[11]""}]"
reach-wall/encoder/block-0/spatial-mean/goal_distance,reach-wall,encoder,0,block_residual_output,mean_of_256_spatial_tokens,,goal_distance,"{""metric"": ""r2"", ""score"": 0.9052688708022254, ""time_baseline"": 0.908897827090231, ""delta_vs_time"": -0.003628956288005636}",,,"{""participation_ratio"": 14.823140949815576, ""top10_variance_fraction"": 0.5746330096217993, ""adjacent_timestep_cosine_mean"": 0.9987112213199321}",,,,,,none_validated,"{""linear_score"": ""measured_discovery_only"", ""nonlinear_gain"": ""pending_measurement"", ""best_coordinate_frame"": ""pending_measurement"", ""geometry"": ""descriptive_activation_geometry"", ""cross_trajectory_stability"": ""pending_measurement"", ""regime_dependence"": ""pending_measurement"", ""causal_patch_effect"": ""pending_measurement"", ""specificity"": ""pending_measurement"", ""manifold_distance"": ""pending_measurement"", ""recommended_operator"": ""not_yet_justified""}","[{""path"": ""artifacts/geometry_map/reach_wall_v1/discovery-screen/discovery_screen.json"", ""item"": ""rows[0]""}]"
reach-wall/encoder/block-0/spatial-mean/goal_vector_x,reach-wall,encoder,0,block_residual_output,mean_of_256_spatial_tokens,,goal_vector_x,"{""metric"": ""r2"", ""score"": 0.054274630584211336, ""time_baseline"": 0.08054582471970773, ""delta_vs_time"": -0.02627119413549639}",,,"{""participation_ratio"": 14.823140949815576, ""top10_variance_fraction"": 0.5746330096217993, ""adjacent_timestep_cosine_mean"": 0.9987112213199321}",,,,,,none_validated,"{""linear_score"": ""measured_discovery_only"", ""nonlinear_gain"": ""pending_measurement"", ""best_coordinate_frame"": ""pending_measurement"", ""geometry"": ""descriptive_activation_geometry"", ""cross_trajectory_stability"": ""pending_measurement"", ""regime_dependence"": ""pending_measurement"", ""causal_patch_effect"": ""pending_measurement"", ""specificity"": ""pending_measurement"", ""manifold_distance"": ""pending_measurement"", ""recommended_operator"": ""not_yet_justified""}","[{""path"": ""artifacts/geometry_map/reach_wall_v1/discovery-screen/discovery_screen.json"", ""item"": ""rows[5]""}]"
reach-wall/encoder/block-0/spatial-mean/goal_vector_y,reach-wall,encoder,0,block_residual_output,mean_of_256_spatial_tokens,,goal_vector_y,"{""metric"": ""r2"", ""score"": 0.9517338545794807, ""time_baseline"": 0.9568517433439947, ""delta_vs_time"": -0.0051178887645140225}",,,"{""participation_ratio"": 14.823140949815576, ""top10_variance_fraction"": 0.5746330096217993, ""adjacent_timestep_cosine_mean"": 0.9987112213199321}",,,,,,none_validated,"{""linear_score"": ""measured_discovery_only"", ""nonlinear_gain"": ""pending_measurement"", ""best_coordinate_frame"": ""pending_measurement"", ""geometry"": ""descriptive_activation_geometry"", ""cross_trajectory_stability"": ""pending_measurement"", ""regime_dependence"": ""pending_measurement"", ""causal_patch_effect"": ""pending_measurement"", ""specificity"": ""pending_measurement"", ""manifold_distance"": ""pending_measurement"", ""recommended_operator"": ""not_yet_justified""}","[{""path"": ""artifacts/geometry_map/reach_wall_v1/discovery-screen/discovery_screen.json"", ""item"": ""rows[6]""}]"
reach-wall/encoder/block-0/spatial-mean/goal_vector_z,reach-wall,encoder,0,block_residual_output,mean_of_256_spatial_tokens,,goal_vector_z,"{""metric"": ""r2"", ""score"": 0.09942443702516224, ""time_baseline"": 0.044334510544640326, ""delta_vs_time"": 0.05508992648052191}",,,"{""participation_ratio"": 14.823140949815576, ""top10_variance_fraction"": 0.5746330096217993, ""adjacent_timestep_cosine_mean"": 0.9987112213199321}",,,,,,none_validated,"{""linear_score"": ""measured_discovery_only"", ""nonlinear_gain"": ""pending_measurement"", ""best_coordinate_frame"": ""pending_measurement"", ""geometry"": ""descriptive_activation_geometry"", ""cross_trajectory_stability"": ""pending_measurement"", ""regime_dependence"": ""pending_measurement"", ""causal_patch_effect"": ""pending_measurement"", ""specificity"": ""pending_measurement"", ""manifold_distance"": ""pending_measurement"", ""recommended_operator"": ""not_yet_justified""}","[{""path"": ""artifacts/geometry_map/reach_wall_v1/discovery-screen/discovery_screen.json"", ""item"": ""rows[7]""}]"
reach-wall/encoder/block-0/spatial-mean/goal_xz_direction,reach-wall,encoder,0,block_residual_output,mean_of_256_spatial_tokens,,goal_xz_direction,"{""metric"": ""r2"", ""score"": 0.16136937821480096, ""time_baseline"": null, ""delta_vs_time"": null}",,,,,,,,,none_validated,"{""linear_score"": ""measured_discovery_only"", ""nonlinear_gain"": ""pending_measurement"", ""best_coordinate_frame"": ""pending_measurement"", ""geometry"": ""pending_measurement"", ""cross_trajectory_stability"": ""pending_measurement"", ""regime_dependence"": ""pending_measurement"", ""causal_patch_effect"": ""pending_measurement"", ""specificity"": ""pending_measurement"", ""manifold_distance"": ""pending_measurement"", ""recommended_operator"": ""not_yet_justified""}","[{""path"": ""artifacts/geometry_map/reach_wall_v1/emergence-geometry/emergence_geometry.json"", ""item"": ""curves.encoder.goal_xz_direction.rows.layer=0""}]"
reach-wall/encoder/block-0/spatial-mean/hand_to_goal_segment_intersects_wall,reach-wall,encoder,0,block_residual_output,mean_of_256_spatial_tokens,,hand_to_goal_segment_intersects_wall,"{""metric"": ""auroc"", ""score"": 0.9669419840606991, ""time_baseline"": 0.9019247457737662, ""delta_vs_time"": 0.06501723828693284}",,,"{""participation_ratio"": 14.823140949815576, ""top10_variance_fraction"": 0.5746330096217993, ""adjacent_timestep_cosine_mean"": 0.9987112213199321}",,,,,,none_validated,"{""linear_score"": ""measured_discovery_only"", ""nonlinear_gain"": ""pending_measurement"", ""best_coordinate_frame"": ""pending_measurement"", ""geometry"": ""descriptive_activation_geometry"", ""cross_trajectory_stability"": ""pending_measurement"", ""regime_dependence"": ""pending_measurement"", ""causal_patch_effect"": ""pending_measurement"", ""specificity"": ""pending_measurement"", ""manifold_distance"": ""pending_measurement"", ""recommended_operator"": ""not_yet_justified""}","[{""path"": ""artifacts/geometry_map/reach_wall_v1/discovery-screen/discovery_screen.json"", ""item"": ""rows[10]""}]"
reach-wall/encoder/block-0/spatial-mean/hand_x,reach-wall,encoder,0,block_residual_output,mean_of_256_spatial_tokens,,hand_x,"{""metric"": ""r2"", ""score"": 0.7859947149264102, ""time_baseline"": 0.058067306134002794, ""delta_vs_time"": 0.7279274087924074}",,,"{""participation_ratio"": 14.823140949815576, ""top10_variance_fraction"": 0.5746330096217993, ""adjacent_timestep_cosine_mean"": 0.9987112213199321}",,,,,,none_validated,"{""linear_score"": ""measured_discovery_only"", ""nonlinear_gain"": ""pending_measurement"", ""best_coordinate_frame"": ""pending_measurement"", ""geometry"": ""descriptive_activation_geometry"", ""cross_trajectory_stability"": ""pending_measurement"", ""regime_dependence"": ""pending_measurement"", ""causal_patch_effect"": ""pending_measurement"", ""specificity"": ""pending_measurement"", ""manifold_distance"": ""pending_measurement"", ""recommended_operator"": ""not_yet_justified""}","[{""path"": ""artifacts/geometry_map/reach_wall_v1/discovery-screen/discovery_screen.json"", ""item"": ""rows[2]""}]"
reach-wall/encoder/block-0/spatial-mean/hand_y,reach-wall,encoder,0,block_residual_output,mean_of_256_spatial_tokens,,hand_y,"{""metric"": ""r2"", ""score"": 0.9820031179004433, ""time_baseline"": 0.9772521653309317, ""delta_vs_time"": 0.004750952569511524}",,,"{""participation_ratio"": 14.823140949815576, ""top10_variance_fraction"": 0.5746330096217993, ""adjacent_timestep_cosine_mean"": 0.9987112213199321}",,,,,,none_validated,"{""linear_score"": ""measured_discovery_only"", ""nonlinear_gain"": ""pending_measurement"", ""best_coordinate_frame"": ""pending_measurement"", ""geometry"": ""descriptive_activation_geometry"", ""cross_trajectory_stability"": ""pending_measurement"", ""regime_dependence"": ""pending_measurement"", ""causal_patch_effect"": ""pending_measurement"", ""specificity"": ""pending_measurement"", ""manifold_distance"": ""pending_measurement"", ""recommended_operator"": ""not_yet_justified""}","[{""path"": ""artifacts/geometry_map/reach_wall_v1/discovery-screen/discovery_screen.json"", ""item"": ""rows[3]""}]"
reach-wall/encoder/block-0/spatial-mean/hand_z,reach-wall,encoder,0,block_residual_output,mean_of_256_spatial_tokens,,hand_z,"{""metric"": ""r2"", ""score"": 0.9631608730636156, ""time_baseline"": 0.00804356141242546, ""delta_vs_time"": 0.9551173116511902}",,,"{""participation_ratio"": 14.823140949815576, ""top10_variance_fraction"": 0.5746330096217993, ""adjacent_timestep_cosine_mean"": 0.9987112213199321}",,,,,,none_validated,"{""linear_score"": ""measured_discovery_only"", ""nonlinear_gain"": ""pending_measurement"", ""best_coordinate_frame"": ""pending_measurement"", ""geometry"": ""descriptive_activation_geometry"", ""cross_trajectory_stability"": ""pending_measurement"", ""regime_dependence"": ""pending_measurement"", ""causal_patch_effect"": ""pending_measurement"", ""specificity"": ""pending_measurement"", ""manifold_distance"": ""pending_measurement"", ""recommended_operator"": ""not_yet_justified""}","[{""path"": ""artifacts/geometry_map/reach_wall_v1/discovery-screen/discovery_screen.json"", ""item"": ""rows[4]""}]"
reach-wall/encoder/block-0/spatial-mean/height_above_wall_top,reach-wall,encoder,0,block_residual_output,mean_of_256_spatial_tokens,,height_above_wall_top,"{""metric"": ""r2"", ""score"": 0.9631608739706187, ""time_baseline"": 0.008043558955029284, ""delta_vs_time"": 0.9551173150155894}",,,"{""participation_ratio"": 14.823140949815576, ""top10_variance_fraction"": 0.5746330096217993, ""adjacent_timestep_cosine_mean"": 0.9987112213199321}",,,,,,none_validated,"{""linear_score"": ""measured_discovery_only"", ""nonlinear_gain"": ""pending_measurement"", ""best_coordinate_frame"": ""pending_measurement"", ""geometry"": ""descriptive_activation_geometry"", ""cross_trajectory_stability"": ""pending_measurement"", ""regime_dependence"": ""pending_measurement"", ""causal_patch_effect"": ""pending_measurement"", ""specificity"": ""pending_measurement"", ""manifold_distance"": ""pending_measurement"", ""recommended_operator"": ""not_yet_justified""}","[{""path"": ""artifacts/geometry_map/reach_wall_v1/discovery-screen/discovery_screen.json"", ""item"": ""rows[9]""}]"
reach-wall/encoder/block-0/spatial-mean/realized_dx,reach-wall,encoder,0,block_residual_output,mean_of_256_spatial_tokens,,realized_dx,"{""metric"": ""r2"", ""score"": -0.05437723278192785, ""time_baseline"": 0.005340828654275098, ""delta_vs_time"": -0.05971806143620295}",,,"{""participation_ratio"": 14.823140949815576, ""top10_variance_fraction"": 0.5746330096217993, ""adjacent_timestep_cosine_mean"": 0.9987112213199321}",,,,,,none_validated,"{""linear_score"": ""measured_discovery_only"", ""nonlinear_gain"": ""pending_measurement"", ""best_coordinate_frame"": ""pending_measurement"", ""geometry"": ""descriptive_activation_geometry"", ""cross_trajectory_stability"": ""pending_measurement"", ""regime_dependence"": ""pending_measurement"", ""causal_patch_effect"": ""pending_measurement"", ""specificity"": ""pending_measurement"", ""manifold_distance"": ""pending_measurement"", ""recommended_operator"": ""not_yet_justified""}","[{""path"": ""artifacts/geometry_map/reach_wall_v1/discovery-screen/discovery_screen.json"", ""item"": ""rows[16]""}]"
reach-wall/encoder/block-0/spatial-mean/realized_dy,reach-wall,encoder,0,block_residual_output,mean_of_256_spatial_tokens,,realized_dy,"{""metric"": ""r2"", ""score"": 0.8444165524475696, ""time_baseline"": 0.7938417819030151, ""delta_vs_time"": 0.050574770544554504}",,,"{""participation_ratio"": 14.823140949815576, ""top10_variance_fraction"": 0.5746330096217993, ""adjacent_timestep_cosine_mean"": 0.9987112213199321}",,,,,,none_validated,"{""linear_score"": ""measured_discovery_only"", ""nonlinear_gain"": ""pending_measurement"", ""best_coordinate_frame"": ""pending_measurement"", ""geometry"": ""descriptive_activation_geometry"", ""cross_trajectory_stability"": ""pending_measurement"", ""regime_dependence"": ""pending_measurement"", ""causal_patch_effect"": ""pending_measurement"", ""specificity"": ""pending_measurement"", ""manifold_distance"": ""pending_measurement"", ""recommended_operator"": ""not_yet_justified""}","[{""path"": ""artifacts/geometry_map/reach_wall_v1/discovery-screen/discovery_screen.json"", ""item"": ""rows[17]""}]"
reach-wall/encoder/block-0/spatial-mean/realized_dz,reach-wall,encoder,0,block_residual_output,mean_of_256_spatial_tokens,,realized_dz,"{""metric"": ""r2"", ""score"": 0.05393355211882023, ""time_baseline"": 0.07117442644816807, ""delta_vs_time"": -0.017240874329347844}",,,"{""participation_ratio"": 14.823140949815576, ""top10_variance_fraction"": 0.5746330096217993, ""adjacent_timestep_cosine_mean"": 0.9987112213199321}",,,,,,none_validated,"{""linear_score"": ""measured_discovery_only"", ""nonlinear_gain"": ""pending_measurement"", ""best_coordinate_frame"": ""pending_measurement"", ""geometry"": ""descriptive_activation_geometry"", ""cross_trajectory_stability"": ""pending_measurement"", ""regime_dependence"": ""pending_measurement"", ""causal_patch_effect"": ""pending_measurement"", ""specificity"": ""pending_measurement"", ""manifold_distance"": ""pending_measurement"", ""recommended_operator"": ""not_yet_justified""}","[{""path"": ""artifacts/geometry_map/reach_wall_v1/discovery-screen/discovery_screen.json"", ""item"": ""rows[18]""}]"
reach-wall/encoder/block-0/spatial-mean/realized_hand_delta_magnitude,reach-wall,encoder,0,block_residual_output,mean_of_256_spatial_tokens,,realized_hand_delta_magnitude,"{""metric"": ""r2"", ""score"": 0.6983256028093169, ""time_baseline"": 0.6130267917023396, ""delta_vs_time"": 0.08529881110697723}",,,"{""participation_ratio"": 14.823140949815576, ""top10_variance_fraction"": 0.5746330096217993, ""adjacent_timestep_cosine_mean"": 0.9987112213199321}",,,,,,none_validated,"{""linear_score"": ""measured_discovery_only"", ""nonlinear_gain"": ""pending_measurement"", ""best_coordinate_frame"": ""pending_measurement"", ""geometry"": ""descriptive_activation_geometry"", ""cross_trajectory_stability"": ""pending_measurement"", ""regime_dependence"": ""pending_measurement"", ""causal_patch_effect"": ""pending_measurement"", ""specificity"": ""pending_measurement"", ""manifold_distance"": ""pending_measurement"", ""recommended_operator"": ""not_yet_justified""}","[{""path"": ""artifacts/geometry_map/reach_wall_v1/discovery-screen/discovery_screen.json"", ""item"": ""rows[19]""}, {""path"": ""artifacts/geometry_map/reach_wall_v1/emergence-geometry/emergence_geometry.json"", ""item"": ""curves.encoder.motion_magnitude.rows.layer=0""}]"
reach-wall/encoder/block-0/spatial-mean/realized_xz_direction,reach-wall,encoder,0,block_residual_output,mean_of_256_spatial_tokens,,realized_xz_direction,"{""metric"": ""r2"", ""score"": -0.054099416873515035, ""time_baseline"": null, ""delta_vs_time"": null}",,,,,,,,,none_validated,"{""linear_score"": ""measured_discovery_only"", ""nonlinear_gain"": ""pending_measurement"", ""best_coordinate_frame"": ""pending_measurement"", ""geometry"": ""pending_measurement"", ""cross_trajectory_stability"": ""pending_measurement"", ""regime_dependence"": ""pending_measurement"", ""causal_patch_effect"": ""pending_measurement"", ""specificity"": ""pending_measurement"", ""manifold_distance"": ""pending_measurement"", ""recommended_operator"": ""not_yet_justified""}","[{""path"": ""artifacts/geometry_map/reach_wall_v1/emergence-geometry/emergence_geometry.json"", ""item"": ""curves.encoder.realized_xz_direction.rows.layer=0""}]"
reach-wall/encoder/block-0/spatial-mean/reward_sum,reach-wall,encoder,0,block_residual_output,mean_of_256_spatial_tokens,,reward_sum,"{""metric"": ""r2"", ""score"": 0.9311284526018766, ""time_baseline"": 0.9142972039613033, ""delta_vs_time"": 0.016831248640573282}",,,"{""participation_ratio"": 14.823140949815576, ""top10_variance_fraction"": 0.5746330096217993, ""adjacent_timestep_cosine_mean"": 0.9987112213199321}",,,,,,none_validated,"{""linear_score"": ""measured_discovery_only"", ""nonlinear_gain"": ""pending_measurement"", ""best_coordinate_frame"": ""pending_measurement"", ""geometry"": ""descriptive_activation_geometry"", ""cross_trajectory_stability"": ""pending_measurement"", ""regime_dependence"": ""pending_measurement"", ""causal_patch_effect"": ""pending_measurement"", ""specificity"": ""pending_measurement"", ""manifold_distance"": ""pending_measurement"", ""recommended_operator"": ""not_yet_justified""}","[{""path"": ""artifacts/geometry_map/reach_wall_v1/discovery-screen/discovery_screen.json"", ""item"": ""rows[20]""}]"
reach-wall/encoder/block-0/spatial-mean/wall_signed_distance,reach-wall,encoder,0,block_residual_output,mean_of_256_spatial_tokens,,wall_signed_distance,"{""metric"": ""r2"", ""score"": 0.9023237329768239, ""time_baseline"": 0.14228076564542247, ""delta_vs_time"": 0.7600429673314014}",,,"{""participation_ratio"": 14.823140949815576, ""top10_variance_fraction"": 0.5746330096217993, ""adjacent_timestep_cosine_mean"": 0.9987112213199321}",,,,,,none_validated,"{""linear_score"": ""measured_discovery_only"", ""nonlinear_gain"": ""pending_measurement"", ""best_coordinate_frame"": ""pending_measurement"", ""geometry"": ""descriptive_activation_geometry"", ""cross_trajectory_stability"": ""pending_measurement"", ""regime_dependence"": ""pending_measurement"", ""causal_patch_effect"": ""pending_measurement"", ""specificity"": ""pending_measurement"", ""manifold_distance"": ""pending_measurement"", ""recommended_operator"": ""not_yet_justified""}","[{""path"": ""artifacts/geometry_map/reach_wall_v1/discovery-screen/discovery_screen.json"", ""item"": ""rows[8]""}, {""path"": ""artifacts/geometry_map/reach_wall_v1/emergence-geometry/emergence_geometry.json"", ""item"": ""curves.encoder.wall_signed_distance.rows.layer=0""}]"
reach-wall/encoder/block-1/spatial-mean/action_chunk_frobenius_magnitude,reach-wall,encoder,1,block_residual_output,mean_of_256_spatial_tokens,,action_chunk_frobenius_magnitude,"{""metric"": ""r2"", ""score"": 0.4676647117152578, ""time_baseline"": 0.4725658231754639, ""delta_vs_time"": -0.004901111460206109}",,,"{""participation_ratio"": 9.61096192249772, ""top10_variance_fraction"": 0.6658305306031768, ""adjacent_timestep_cosine_mean"": 0.9987238061103535}",,,,,,none_validated,"{""linear_score"": ""measured_discovery_only"", ""nonlinear_gain"": ""pending_measurement"", ""best_coordinate_frame"": ""pending_measurement"", ""geometry"": ""descriptive_activation_geometry"", ""cross_trajectory_stability"": ""pending_measurement"", ""regime_dependence"": ""pending_measurement"", ""causal_patch_effect"": ""pending_measurement"", ""specificity"": ""pending_measurement"", ""manifold_distance"": ""pending_measurement"", ""recommended_operator"": ""not_yet_justified""}","[{""path"": ""artifacts/geometry_map/reach_wall_v1/discovery-screen/discovery_screen.json"", ""item"": ""rows[36]""}]"
reach-wall/encoder/block-1/spatial-mean/action_dx,reach-wall,encoder,1,block_residual_output,mean_of_256_spatial_tokens,,action_dx,"{""metric"": ""r2"", ""score"": -0.0672100921735812, ""time_baseline"": 0.0033910809446688894, ""delta_vs_time"": -0.0706011731182501}",,,"{""participation_ratio"": 9.61096192249772, ""top10_variance_fraction"": 0.6658305306031768, ""adjacent_timestep_cosine_mean"": 0.9987238061103535}",,,,,,none_validated,"{""linear_score"": ""measured_discovery_only"", ""nonlinear_gain"": ""pending_measurement"", ""best_coordinate_frame"": ""pending_measurement"", ""geometry"": ""descriptive_activation_geometry"", ""cross_trajectory_stability"": ""pending_measurement"", ""regime_dependence"": ""pending_measurement"", ""causal_patch_effect"": ""pending_measurement"", ""specificity"": ""pending_measurement"", ""manifold_distance"": ""pending_measurement"", ""recommended_operator"": ""not_yet_justified""}","[{""path"": ""artifacts/geometry_map/reach_wall_v1/discovery-screen/discovery_screen.json"", ""item"": ""rows[33]""}]"
reach-wall/encoder/block-1/spatial-mean/action_dy,reach-wall,encoder,1,block_residual_output,mean_of_256_spatial_tokens,,action_dy,"{""metric"": ""r2"", ""score"": 0.6174943920387557, ""time_baseline"": 0.6287213192564175, ""delta_vs_time"": -0.01122692721766183}",,,"{""participation_ratio"": 9.61096192249772, ""top10_variance_fraction"": 0.6658305306031768, ""adjacent_timestep_cosine_mean"": 0.9987238061103535}",,,,,,none_validated,"{""linear_score"": ""measured_discovery_only"", ""nonlinear_gain"": ""pending_measurement"", ""best_coordinate_frame"": ""pending_measurement"", ""geometry"": ""descriptive_activation_geometry"", ""cross_trajectory_stability"": ""pending_measurement"", ""regime_dependence"": ""pending_measurement"", ""causal_patch_effect"": ""pending_measurement"", ""specificity"": ""pending_measurement"", ""manifold_distance"": ""pending_measurement"", ""recommended_operator"": ""not_yet_justified""}","[{""path"": ""artifacts/geometry_map/reach_wall_v1/discovery-screen/discovery_screen.json"", ""item"": ""rows[34]""}]"
reach-wall/encoder/block-1/spatial-mean/action_dz,reach-wall,encoder,1,block_residual_output,mean_of_256_spatial_tokens,,action_dz,"{""metric"": ""r2"", ""score"": -0.024454366096055002, ""time_baseline"": 0.02788791500905774, ""delta_vs_time"": -0.05234228110511274}",,,"{""participation_ratio"": 9.61096192249772, ""top10_variance_fraction"": 0.6658305306031768, ""adjacent_timestep_cosine_mean"": 0.9987238061103535}",,,,,,none_validated,"{""linear_score"": ""measured_discovery_only"", ""nonlinear_gain"": ""pending_measurement"", ""best_coordinate_frame"": ""pending_measurement"", ""geometry"": ""descriptive_activation_geometry"", ""cross_trajectory_stability"": ""pending_measurement"", ""regime_dependence"": ""pending_measurement"", ""causal_patch_effect"": ""pending_measurement"", ""specificity"": ""pending_measurement"", ""manifold_distance"": ""pending_measurement"", ""recommended_operator"": ""not_yet_justified""}","[{""path"": ""artifacts/geometry_map/reach_wall_v1/discovery-screen/discovery_screen.json"", ""item"": ""rows[35]""}]"
reach-wall/encoder/block-1/spatial-mean/cumulative_progress,reach-wall,encoder,1,block_residual_output,mean_of_256_spatial_tokens,,cumulative_progress,"{""metric"": ""r2"", ""score"": 0.931286820656316, ""time_baseline"": 0.9222151817810877, ""delta_vs_time"": 0.009071638875228216}",,,"{""participation_ratio"": 9.61096192249772, ""top10_variance_fraction"": 0.6658305306031768, ""adjacent_timestep_cosine_mean"": 0.9987238061103535}",,,,,,none_validated,"{""linear_score"": ""measured_discovery_only"", ""nonlinear_gain"": ""pending_measurement"", ""best_coordinate_frame"": ""pending_measurement"", ""geometry"": ""descriptive_activation_geometry"", ""cross_trajectory_stability"": ""pending_measurement"", ""regime_dependence"": ""pending_measurement"", ""causal_patch_effect"": ""pending_measurement"", ""specificity"": ""pending_measurement"", ""manifold_distance"": ""pending_measurement"", ""recommended_operator"": ""not_yet_justified""}","[{""path"": ""artifacts/geometry_map/reach_wall_v1/discovery-screen/discovery_screen.json"", ""item"": ""rows[22]""}, {""path"": ""artifacts/geometry_map/reach_wall_v1/emergence-geometry/emergence_geometry.json"", ""item"": ""curves.encoder.progress.rows.layer=1""}]"
reach-wall/encoder/block-1/spatial-mean/expert_detour_gate,reach-wall,encoder,1,block_residual_output,mean_of_256_spatial_tokens,,expert_detour_gate,"{""metric"": ""auroc"", ""score"": 0.9973845761287223, ""time_baseline"": 0.978149765850144, ""delta_vs_time"": 0.019234810278578318}",,,"{""participation_ratio"": 9.61096192249772, ""top10_variance_fraction"": 0.6658305306031768, ""adjacent_timestep_cosine_mean"": 0.9987238061103535}",,,,,,none_validated,"{""linear_score"": ""measured_discovery_only"", ""nonlinear_gain"": ""pending_measurement"", ""best_coordinate_frame"": ""pending_measurement"", ""geometry"": ""descriptive_activation_geometry"", ""cross_trajectory_stability"": ""pending_measurement"", ""regime_dependence"": ""pending_measurement"", ""causal_patch_effect"": ""pending_measurement"", ""specificity"": ""pending_measurement"", ""manifold_distance"": ""pending_measurement"", ""recommended_operator"": ""not_yet_justified""}","[{""path"": ""artifacts/geometry_map/reach_wall_v1/discovery-screen/discovery_screen.json"", ""item"": ""rows[32]""}]"
reach-wall/encoder/block-1/spatial-mean/goal_distance,reach-wall,encoder,1,block_residual_output,mean_of_256_spatial_tokens,,goal_distance,"{""metric"": ""r2"", ""score"": 0.9114173406123691, ""time_baseline"": 0.908897827090231, ""delta_vs_time"": 0.0025195135221380838}",,,"{""participation_ratio"": 9.61096192249772, ""top10_variance_fraction"": 0.6658305306031768, ""adjacent_timestep_cosine_mean"": 0.9987238061103535}",,,,,,none_validated,"{""linear_score"": ""measured_discovery_only"", ""nonlinear_gain"": ""pending_measurement"", ""best_coordinate_frame"": ""pending_measurement"", ""geometry"": ""descriptive_activation_geometry"", ""cross_trajectory_stability"": ""pending_measurement"", ""regime_dependence"": ""pending_measurement"", ""causal_patch_effect"": ""pending_measurement"", ""specificity"": ""pending_measurement"", ""manifold_distance"": ""pending_measurement"", ""recommended_operator"": ""not_yet_justified""}","[{""path"": ""artifacts/geometry_map/reach_wall_v1/discovery-screen/discovery_screen.json"", ""item"": ""rows[21]""}]"
reach-wall/encoder/block-1/spatial-mean/goal_vector_x,reach-wall,encoder,1,block_residual_output,mean_of_256_spatial_tokens,,goal_vector_x,"{""metric"": ""r2"", ""score"": 0.06558051876757665, ""time_baseline"": 0.08054582471970773, ""delta_vs_time"": -0.01496530595213108}",,,"{""participation_ratio"": 9.61096192249772, ""top10_variance_fraction"": 0.6658305306031768, ""adjacent_timestep_cosine_mean"": 0.9987238061103535}",,,,,,none_validated,"{""linear_score"": ""measured_discovery_only"", ""nonlinear_gain"": ""pending_measurement"", ""best_coordinate_frame"": ""pending_measurement"", ""geometry"": ""descriptive_activation_geometry"", ""cross_trajectory_stability"": ""pending_measurement"", ""regime_dependence"": ""pending_measurement"", ""causal_patch_effect"": ""pending_measurement"", ""specificity"": ""pending_measurement"", ""manifold_distance"": ""pending_measurement"", ""recommended_operator"": ""not_yet_justified""}","[{""path"": ""artifacts/geometry_map/reach_wall_v1/discovery-screen/discovery_screen.json"", ""item"": ""rows[26]""}]"
reach-wall/encoder/block-1/spatial-mean/goal_vector_y,reach-wall,encoder,1,block_residual_output,mean_of_256_spatial_tokens,,goal_vector_y,"{""metric"": ""r2"", ""score"": 0.9600549816560332, ""time_baseline"": 0.9568517433439947, ""delta_vs_time"": 0.0032032383120385033}",,,"{""participation_ratio"": 9.61096192249772, ""top10_variance_fraction"": 0.6658305306031768, ""adjacent_timestep_cosine_mean"": 0.9987238061103535}",,,,,,none_validated,"{""linear_score"": ""measured_discovery_only"", ""nonlinear_gain"": ""pending_measurement"", ""best_coordinate_frame"": ""pending_measurement"", ""geometry"": ""descriptive_activation_geometry"", ""cross_trajectory_stability"": ""pending_measurement"", ""regime_dependence"": ""pending_measurement"", ""causal_patch_effect"": ""pending_measurement"", ""specificity"": ""pending_measurement"", ""manifold_distance"": ""pending_measurement"", ""recommended_operator"": ""not_yet_justified""}","[{""path"": ""artifacts/geometry_map/reach_wall_v1/discovery-screen/discovery_screen.json"", ""item"": ""rows[27]""}]"
reach-wall/encoder/block-1/spatial-mean/goal_vector_z,reach-wall,encoder,1,block_residual_output,mean_of_256_spatial_tokens,,goal_vector_z,"{""metric"": ""r2"", ""score"": 0.22490063294169438, ""time_baseline"": 0.044334510544640326, ""delta_vs_time"": 0.18056612239705405}",,,"{""participation_ratio"": 9.61096192249772, ""top10_variance_fraction"": 0.6658305306031768, ""adjacent_timestep_cosine_mean"": 0.9987238061103535}",,,,,,none_validated,"{""linear_score"": ""measured_discovery_only"", ""nonlinear_gain"": ""pending_measurement"", ""best_coordinate_frame"": ""pending_measurement"", ""geometry"": ""descriptive_activation_geometry"", ""cross_trajectory_stability"": ""pending_measurement"", ""regime_dependence"": ""pending_measurement"", ""causal_patch_effect"": ""pending_measurement"", ""specificity"": ""pending_measurement"", ""manifold_distance"": ""pending_measurement"", ""recommended_operator"": ""not_yet_justified""}","[{""path"": ""artifacts/geometry_map/reach_wall_v1/discovery-screen/discovery_screen.json"", ""item"": ""rows[28]""}]"
reach-wall/encoder/block-1/spatial-mean/goal_xz_direction,reach-wall,encoder,1,block_residual_output,mean_of_256_spatial_tokens,,goal_xz_direction,"{""metric"": ""r2"", ""score"": 0.2374140678945044, ""time_baseline"": null, ""delta_vs_time"": null}",,,,,,,,,none_validated,"{""linear_score"": ""measured_discovery_only"", ""nonlinear_gain"": ""pending_measurement"", ""best_coordinate_frame"": ""pending_measurement"", ""geometry"": ""pending_measurement"", ""cross_trajectory_stability"": ""pending_measurement"", ""regime_dependence"": ""pending_measurement"", ""causal_patch_effect"": ""pending_measurement"", ""specificity"": ""pending_measurement"", ""manifold_distance"": ""pending_measurement"", ""recommended_operator"": ""not_yet_justified""}","[{""path"": ""artifacts/geometry_map/reach_wall_v1/emergence-geometry/emergence_geometry.json"", ""item"": ""curves.encoder.goal_xz_direction.rows.layer=1""}]"
reach-wall/encoder/block-1/spatial-mean/hand_to_goal_segment_intersects_wall,reach-wall,encoder,1,block_residual_output,mean_of_256_spatial_tokens,,hand_to_goal_segment_intersects_wall,"{""metric"": ""auroc"", ""score"": 0.9725980988062735, ""time_baseline"": 0.9019247457737662, ""delta_vs_time"": 0.07067335303250721}",,,"{""participation_ratio"": 9.61096192249772, ""top10_variance_fraction"": 0.6658305306031768, ""adjacent_timestep_cosine_mean"": 0.9987238061103535}",,,,,,none_validated,"{""linear_score"": ""measured_discovery_only"", ""nonlinear_gain"": ""pending_measurement"", ""best_coordinate_frame"": ""pending_measurement"", ""geometry"": ""descriptive_activation_geometry"", ""cross_trajectory_stability"": ""pending_measurement"", ""regime_dependence"": ""pending_measurement"", ""causal_patch_effect"": ""pending_measurement"", ""specificity"": ""pending_measurement"", ""manifold_distance"": ""pending_measurement"", ""recommended_operator"": ""not_yet_justified""}","[{""path"": ""artifacts/geometry_map/reach_wall_v1/discovery-screen/discovery_screen.json"", ""item"": ""rows[31]""}]"
reach-wall/encoder/block-1/spatial-mean/hand_x,reach-wall,encoder,1,block_residual_output,mean_of_256_spatial_tokens,,hand_x,"{""metric"": ""r2"", ""score"": 0.7202817322415531, ""time_baseline"": 0.058067306134002794, ""delta_vs_time"": 0.6622144261075503}",,,"{""participation_ratio"": 9.61096192249772, ""top10_variance_fraction"": 0.6658305306031768, ""adjacent_timestep_cosine_mean"": 0.9987238061103535}",,,,,,none_validated,"{""linear_score"": ""measured_discovery_only"", ""nonlinear_gain"": ""pending_measurement"", ""best_coordinate_frame"": ""pending_measurement"", ""geometry"": ""descriptive_activation_geometry"", ""cross_trajectory_stability"": ""pending_measurement"", ""regime_dependence"": ""pending_measurement"", ""causal_patch_effect"": ""pending_measurement"", ""specificity"": ""pending_measurement"", ""manifold_distance"": ""pending_measurement"", ""recommended_operator"": ""not_yet_justified""}","[{""path"": ""artifacts/geometry_map/reach_wall_v1/discovery-screen/discovery_screen.json"", ""item"": ""rows[23]""}]"
reach-wall/encoder/block-1/spatial-mean/hand_y,reach-wall,encoder,1,block_residual_output,mean_of_256_spatial_tokens,,hand_y,"{""metric"": ""r2"", ""score"": 0.9864500095807169, ""time_baseline"": 0.9772521653309317, ""delta_vs_time"": 0.009197844249785203}",,,"{""participation_ratio"": 9.61096192249772, ""top10_variance_fraction"": 0.6658305306031768, ""adjacent_timestep_cosine_mean"": 0.9987238061103535}",,,,,,none_validated,"{""linear_score"": ""measured_discovery_only"", ""nonlinear_gain"": ""pending_measurement"", ""best_coordinate_frame"": ""pending_measurement"", ""geometry"": ""descriptive_activation_geometry"", ""cross_trajectory_stability"": ""pending_measurement"", ""regime_dependence"": ""pending_measurement"", ""causal_patch_effect"": ""pending_measurement"", ""specificity"": ""pending_measurement"", ""manifold_distance"": ""pending_measurement"", ""recommended_operator"": ""not_yet_justified""}","[{""path"": ""artifacts/geometry_map/reach_wall_v1/discovery-screen/discovery_screen.json"", ""item"": ""rows[24]""}]"
reach-wall/encoder/block-1/spatial-mean/hand_z,reach-wall,encoder,1,block_residual_output,mean_of_256_spatial_tokens,,hand_z,"{""metric"": ""r2"", ""score"": 0.9776480626759247, ""time_baseline"": 0.00804356141242546, ""delta_vs_time"": 0.9696045012634993}",,,"{""participation_ratio"": 9.61096192249772, ""top10_variance_fraction"": 0.6658305306031768, ""adjacent_timestep_cosine_mean"": 0.9987238061103535}",,,,,,none_validated,"{""linear_score"": ""measured_discovery_only"", ""nonlinear_gain"": ""pending_measurement"", ""best_coordinate_frame"": ""pending_measurement"", ""geometry"": ""descriptive_activation_geometry"", ""cross_trajectory_stability"": ""pending_measurement"", ""regime_dependence"": ""pending_measurement"", ""causal_patch_effect"": ""pending_measurement"", ""specificity"": ""pending_measurement"", ""manifold_distance"": ""pending_measurement"", ""recommended_operator"": ""not_yet_justified""}","[{""path"": ""artifacts/geometry_map/reach_wall_v1/discovery-screen/discovery_screen.json"", ""item"": ""rows[25]""}]"
reach-wall/encoder/block-1/spatial-mean/height_above_wall_top,reach-wall,encoder,1,block_residual_output,mean_of_256_spatial_tokens,,height_above_wall_top,"{""metric"": ""r2"", ""score"": 0.977648062892459, ""time_baseline"": 0.008043558955029284, ""delta_vs_time"": 0.9696045039374297}",,,"{""participation_ratio"": 9.61096192249772, ""top10_variance_fraction"": 0.6658305306031768, ""adjacent_timestep_cosine_mean"": 0.9987238061103535}",,,,,,none_validated,"{""linear_score"": ""measured_discovery_only"", ""nonlinear_gain"": ""pending_measurement"", ""best_coordinate_frame"": ""pending_measurement"", ""geometry"": ""descriptive_activation_geometry"", ""cross_trajectory_stability"": ""pending_measurement"", ""regime_dependence"": ""pending_measurement"", ""causal_patch_effect"": ""pending_measurement"", ""specificity"": ""pending_measurement"", ""manifold_distance"": ""pending_measurement"", ""recommended_operator"": ""not_yet_justified""}","[{""path"": ""artifacts/geometry_map/reach_wall_v1/discovery-screen/discovery_screen.json"", ""item"": ""rows[30]""}]"
reach-wall/encoder/block-1/spatial-mean/realized_dx,reach-wall,encoder,1,block_residual_output,mean_of_256_spatial_tokens,,realized_dx,"{""metric"": ""r2"", ""score"": -0.04607888459319365, ""time_baseline"": 0.005340828654275098, ""delta_vs_time"": -0.051419713247468746}",,,"{""participation_ratio"": 9.61096192249772, ""top10_variance_fraction"": 0.6658305306031768, ""adjacent_timestep_cosine_mean"": 0.9987238061103535}",,,,,,none_validated,"{""linear_score"": ""measured_discovery_only"", ""nonlinear_gain"": ""pending_measurement"", ""best_coordinate_frame"": ""pending_measurement"", ""geometry"": ""descriptive_activation_geometry"", ""cross_trajectory_stability"": ""pending_measurement"", ""regime_dependence"": ""pending_measurement"", ""causal_patch_effect"": ""pending_measurement"", ""specificity"": ""pending_measurement"", ""manifold_distance"": ""pending_measurement"", ""recommended_operator"": ""not_yet_justified""}","[{""path"": ""artifacts/geometry_map/reach_wall_v1/discovery-screen/discovery_screen.json"", ""item"": ""rows[37]""}]"
reach-wall/encoder/block-1/spatial-mean/realized_dy,reach-wall,encoder,1,block_residual_output,mean_of_256_spatial_tokens,,realized_dy,"{""metric"": ""r2"", ""score"": 0.8490427224623625, ""time_baseline"": 0.7938417819030151, ""delta_vs_time"": 0.05520094055934732}",,,"{""participation_ratio"": 9.61096192249772, ""top10_variance_fraction"": 0.6658305306031768, ""adjacent_timestep_cosine_mean"": 0.9987238061103535}",,,,,,none_validated,"{""linear_score"": ""measured_discovery_only"", ""nonlinear_gain"": ""pending_measurement"", ""best_coordinate_frame"": ""pending_measurement"", ""geometry"": ""descriptive_activation_geometry"", ""cross_trajectory_stability"": ""pending_measurement"", ""regime_dependence"": ""pending_measurement"", ""causal_patch_effect"": ""pending_measurement"", ""specificity"": ""pending_measurement"", ""manifold_distance"": ""pending_measurement"", ""recommended_operator"": ""not_yet_justified""}","[{""path"": ""artifacts/geometry_map/reach_wall_v1/discovery-screen/discovery_screen.json"", ""item"": ""rows[38]""}]"
reach-wall/encoder/block-1/spatial-mean/realized_dz,reach-wall,encoder,1,block_residual_output,mean_of_256_spatial_tokens,,realized_dz,"{""metric"": ""r2"", ""score"": 0.07128958440804334, ""time_baseline"": 0.07117442644816807, ""delta_vs_time"": 0.00011515795987526722}",,,"{""participation_ratio"": 9.61096192249772, ""top10_variance_fraction"": 0.6658305306031768, ""adjacent_timestep_cosine_mean"": 0.9987238061103535}",,,,,,none_validated,"{""linear_score"": ""measured_discovery_only"", ""nonlinear_gain"": ""pending_measurement"", ""best_coordinate_frame"": ""pending_measurement"", ""geometry"": ""descriptive_activation_geometry"", ""cross_trajectory_stability"": ""pending_measurement"", ""regime_dependence"": ""pending_measurement"", ""causal_patch_effect"": ""pending_measurement"", ""specificity"": ""pending_measurement"", ""manifold_distance"": ""pending_measurement"", ""recommended_operator"": ""not_yet_justified""}","[{""path"": ""artifacts/geometry_map/reach_wall_v1/discovery-screen/discovery_screen.json"", ""item"": ""rows[39]""}]"
reach-wall/encoder/block-1/spatial-mean/realized_hand_delta_magnitude,reach-wall,encoder,1,block_residual_output,mean_of_256_spatial_tokens,,realized_hand_delta_magnitude,"{""metric"": ""r2"", ""score"": 0.7064990659892569, ""time_baseline"": 0.6130267917023396, ""delta_vs_time"": 0.09347227428691729}",,,"{""participation_ratio"": 9.61096192249772, ""top10_variance_fraction"": 0.6658305306031768, ""adjacent_timestep_cosine_mean"": 0.9987238061103535}",,,,,,none_validated,"{""linear_score"": ""measured_discovery_only"", ""nonlinear_gain"": ""pending_measurement"", ""best_coordinate_frame"": ""pending_measurement"", ""geometry"": ""descriptive_activation_geometry"", ""cross_trajectory_stability"": ""pending_measurement"", ""regime_dependence"": ""pending_measurement"", ""causal_patch_effect"": ""pending_measurement"", ""specificity"": ""pending_measurement"", ""manifold_distance"": ""pending_measurement"", ""recommended_operator"": ""not_yet_justified""}","[{""path"": ""artifacts/geometry_map/reach_wall_v1/discovery-screen/discovery_screen.json"", ""item"": ""rows[40]""}, {""path"": ""artifacts/geometry_map/reach_wall_v1/emergence-geometry/emergence_geometry.json"", ""item"": ""curves.encoder.motion_magnitude.rows.layer=1""}]"
reach-wall/encoder/block-1/spatial-mean/realized_xz_direction,reach-wall,encoder,1,block_residual_output,mean_of_256_spatial_tokens,,realized_xz_direction,"{""metric"": ""r2"", ""score"": -0.032196801696011496, ""time_baseline"": null, ""delta_vs_time"": null}",,,,,,,,,none_validated,"{""linear_score"": ""measured_discovery_only"", ""nonlinear_gain"": ""pending_measurement"", ""best_coordinate_frame"": ""pending_measurement"", ""geometry"": ""pending_measurement"", ""cross_trajectory_stability"": ""pending_measurement"", ""regime_dependence"": ""pending_measurement"", ""causal_patch_effect"": ""pending_measurement"", ""specificity"": ""pending_measurement"", ""manifold_distance"": ""pending_measurement"", ""recommended_operator"": ""not_yet_justified""}","[{""path"": ""artifacts/geometry_map/reach_wall_v1/emergence-geometry/emergence_geometry.json"", ""item"": ""curves.encoder.realized_xz_direction.rows.layer=1""}]"
reach-wall/encoder/block-1/spatial-mean/reward_sum,reach-wall,encoder,1,block_residual_output,mean_of_256_spatial_tokens,,reward_sum,"{""metric"": ""r2"", ""score"": 0.9342237517831388, ""time_baseline"": 0.9142972039613033, ""delta_vs_time"": 0.01992654782183545}",,,"{""participation_ratio"": 9.61096192249772, ""top10_variance_fraction"": 0.6658305306031768, ""adjacent_timestep_cosine_mean"": 0.9987238061103535}",,,,,,none_validated,"{""linear_score"": ""measured_discovery_only"", ""nonlinear_gain"": ""pending_measurement"", ""best_coordinate_frame"": ""pending_measurement"", ""geometry"": ""descriptive_activation_geometry"", ""cross_trajectory_stability"": ""pending_measurement"", ""regime_dependence"": ""pending_measurement"", ""causal_patch_effect"": ""pending_measurement"", ""specificity"": ""pending_measurement"", ""manifold_distance"": ""pending_measurement"", ""recommended_operator"": ""not_yet_justified""}","[{""path"": ""artifacts/geometry_map/reach_wall_v1/discovery-screen/discovery_screen.json"", ""item"": ""rows[41]""}]"
reach-wall/encoder/block-1/spatial-mean/wall_signed_distance,reach-wall,encoder,1,block_residual_output,mean_of_256_spatial_tokens,,wall_signed_distance,"{""metric"": ""r2"", ""score"": 0.9368548819924933, ""time_baseline"": 0.14228076564542247, ""delta_vs_time"": 0.7945741163470709}",,,"{""participation_ratio"": 9.61096192249772, ""top10_variance_fraction"": 0.6658305306031768, ""adjacent_timestep_cosine_mean"": 0.9987238061103535}",,,,,,none_validated,"{""linear_score"": ""measured_discovery_only"", ""nonlinear_gain"": ""pending_measurement"", ""best_coordinate_frame"": ""pending_measurement"", ""geometry"": ""descriptive_activation_geometry"", ""cross_trajectory_stability"": ""pending_measurement"", ""regime_dependence"": ""pending_measurement"", ""causal_patch_effect"": ""pending_measurement"", ""specificity"": ""pending_measurement"", ""manifold_distance"": ""pending_measurement"", ""recommended_operator"": ""not_yet_justified""}","[{""path"": ""artifacts/geometry_map/reach_wall_v1/discovery-screen/discovery_screen.json"", ""item"": ""rows[29]""}, {""path"": ""artifacts/geometry_map/reach_wall_v1/emergence-geometry/emergence_geometry.json"", ""item"": ""curves.encoder.wall_signed_distance.rows.layer=1""}]"
reach-wall/encoder/block-2/spatial-mean/action_chunk_frobenius_magnitude,reach-wall,encoder,2,block_residual_output,mean_of_256_spatial_tokens,,action_chunk_frobenius_magnitude,"{""metric"": ""r2"", ""score"": 0.4796154643474929, ""time_baseline"": 0.4725658231754639, ""delta_vs_time"": 0.0070496411720289975}",,,"{""participation_ratio"": 5.799278417060373, ""top10_variance_fraction"": 0.7291180786157061, ""adjacent_timestep_cosine_mean"": 0.9992219055168647}",,,,,,none_validated,"{""linear_score"": ""measured_discovery_only"", ""nonlinear_gain"": ""pending_measurement"", ""best_coordinate_frame"": ""pending_measurement"", ""geometry"": ""descriptive_activation_geometry"", ""cross_trajectory_stability"": ""pending_measurement"", ""regime_dependence"": ""pending_measurement"", ""causal_patch_effect"": ""pending_measurement"", ""specificity"": ""pending_measurement"", ""manifold_distance"": ""pending_measurement"", ""recommended_operator"": ""not_yet_justified""}","[{""path"": ""artifacts/geometry_map/reach_wall_v1/discovery-screen/discovery_screen.json"", ""item"": ""rows[57]""}]"
reach-wall/encoder/block-2/spatial-mean/action_dx,reach-wall,encoder,2,block_residual_output,mean_of_256_spatial_tokens,,action_dx,"{""metric"": ""r2"", ""score"": -0.05646450113920132, ""time_baseline"": 0.0033910809446688894, ""delta_vs_time"": -0.05985558208387021}",,,"{""participation_ratio"": 5.799278417060373, ""top10_variance_fraction"": 0.7291180786157061, ""adjacent_timestep_cosine_mean"": 0.9992219055168647}",,,,,,none_validated,"{""linear_score"": ""measured_discovery_only"", ""nonlinear_gain"": ""pending_measurement"", ""best_coordinate_frame"": ""pending_measurement"", ""geometry"": ""descriptive_activation_geometry"", ""cross_trajectory_stability"": ""pending_measurement"", ""regime_dependence"": ""pending_measurement"", ""causal_patch_effect"": ""pending_measurement"", ""specificity"": ""pending_measurement"", ""manifold_distance"": ""pending_measurement"", ""recommended_operator"": ""not_yet_justified""}","[{""path"": ""artifacts/geometry_map/reach_wall_v1/discovery-screen/discovery_screen.json"", ""item"": ""rows[54]""}]"
reach-wall/encoder/block-2/spatial-mean/action_dy,reach-wall,encoder,2,block_residual_output,mean_of_256_spatial_tokens,,action_dy,"{""metric"": ""r2"", ""score"": 0.6285685765960358, ""time_baseline"": 0.6287213192564175, ""delta_vs_time"": -0.00015274266038167728}",,,"{""participation_ratio"": 5.799278417060373, ""top10_variance_fraction"": 0.7291180786157061, ""adjacent_timestep_cosine_mean"": 0.9992219055168647}",,,,,,none_validated,"{""linear_score"": ""measured_discovery_only"", ""nonlinear_gain"": ""pending_measurement"", ""best_coordinate_frame"": ""pending_measurement"", ""geometry"": ""descriptive_activation_geometry"", ""cross_trajectory_stability"": ""pending_measurement"", ""regime_dependence"": ""pending_measurement"", ""causal_patch_effect"": ""pending_measurement"", ""specificity"": ""pending_measurement"", ""manifold_distance"": ""pending_measurement"", ""recommended_operator"": ""not_yet_justified""}","[{""path"": ""artifacts/geometry_map/reach_wall_v1/discovery-screen/discovery_screen.json"", ""item"": ""rows[55]""}]"
reach-wall/encoder/block-2/spatial-mean/action_dz,reach-wall,encoder,2,block_residual_output,mean_of_256_spatial_tokens,,action_dz,"{""metric"": ""r2"", ""score"": 0.0029466036973574417, ""time_baseline"": 0.02788791500905774, ""delta_vs_time"": -0.024941311311700298}",,,"{""participation_ratio"": 5.799278417060373, ""top10_variance_fraction"": 0.7291180786157061, ""adjacent_timestep_cosine_mean"": 0.9992219055168647}",,,,,,none_validated,"{""linear_score"": ""measured_discovery_only"", ""nonlinear_gain"": ""pending_measurement"", ""best_coordinate_frame"": ""pending_measurement"", ""geometry"": ""descriptive_activation_geometry"", ""cross_trajectory_stability"": ""pending_measurement"", ""regime_dependence"": ""pending_measurement"", ""causal_patch_effect"": ""pending_measurement"", ""specificity"": ""pending_measurement"", ""manifold_distance"": ""pending_measurement"", ""recommended_operator"": ""not_yet_justified""}","[{""path"": ""artifacts/geometry_map/reach_wall_v1/discovery-screen/discovery_screen.json"", ""item"": ""rows[56]""}]"
reach-wall/encoder/block-2/spatial-mean/cumulative_progress,reach-wall,encoder,2,block_residual_output,mean_of_256_spatial_tokens,,cumulative_progress,"{""metric"": ""r2"", ""score"": 0.9377445060753712, ""time_baseline"": 0.9222151817810877, ""delta_vs_time"": 0.015529324294283442}",,,"{""participation_ratio"": 5.799278417060373, ""top10_variance_fraction"": 0.7291180786157061, ""adjacent_timestep_cosine_mean"": 0.9992219055168647}",,,,,,none_validated,"{""linear_score"": ""measured_discovery_only"", ""nonlinear_gain"": ""pending_measurement"", ""best_coordinate_frame"": ""pending_measurement"", ""geometry"": ""descriptive_activation_geometry"", ""cross_trajectory_stability"": ""pending_measurement"", ""regime_dependence"": ""pending_measurement"", ""causal_patch_effect"": ""pending_measurement"", ""specificity"": ""pending_measurement"", ""manifold_distance"": ""pending_measurement"", ""recommended_operator"": ""not_yet_justified""}","[{""path"": ""artifacts/geometry_map/reach_wall_v1/discovery-screen/discovery_screen.json"", ""item"": ""rows[43]""}, {""path"": ""artifacts/geometry_map/reach_wall_v1/emergence-geometry/emergence_geometry.json"", ""item"": ""curves.encoder.progress.rows.layer=2""}]"
reach-wall/encoder/block-2/spatial-mean/expert_detour_gate,reach-wall,encoder,2,block_residual_output,mean_of_256_spatial_tokens,,expert_detour_gate,"{""metric"": ""auroc"", ""score"": 0.9977779528898495, ""time_baseline"": 0.978149765850144, ""delta_vs_time"": 0.01962818703970548}",,,"{""participation_ratio"": 5.799278417060373, ""top10_variance_fraction"": 0.7291180786157061, ""adjacent_timestep_cosine_mean"": 0.9992219055168647}",,,,,,none_validated,"{""linear_score"": ""measured_discovery_only"", ""nonlinear_gain"": ""pending_measurement"", ""best_coordinate_frame"": ""pending_measurement"", ""geometry"": ""descriptive_activation_geometry"", ""cross_trajectory_stability"": ""pending_measurement"", ""regime_dependence"": ""pending_measurement"", ""causal_patch_effect"": ""pending_measurement"", ""specificity"": ""pending_measurement"", ""manifold_distance"": ""pending_measurement"", ""recommended_operator"": ""not_yet_justified""}","[{""path"": ""artifacts/geometry_map/reach_wall_v1/discovery-screen/discovery_screen.json"", ""item"": ""rows[53]""}]"
reach-wall/encoder/block-2/spatial-mean/goal_distance,reach-wall,encoder,2,block_residual_output,mean_of_256_spatial_tokens,,goal_distance,"{""metric"": ""r2"", ""score"": 0.92822314316846, ""time_baseline"": 0.908897827090231, ""delta_vs_time"": 0.01932531607822896}",,,"{""participation_ratio"": 5.799278417060373, ""top10_variance_fraction"": 0.7291180786157061, ""adjacent_timestep_cosine_mean"": 0.9992219055168647}",,,,,,none_validated,"{""linear_score"": ""measured_discovery_only"", ""nonlinear_gain"": ""pending_measurement"", ""best_coordinate_frame"": ""pending_measurement"", ""geometry"": ""descriptive_activation_geometry"", ""cross_trajectory_stability"": ""pending_measurement"", ""regime_dependence"": ""pending_measurement"", ""causal_patch_effect"": ""pending_measurement"", ""specificity"": ""pending_measurement"", ""manifold_distance"": ""pending_measurement"", ""recommended_operator"": ""not_yet_justified""}","[{""path"": ""artifacts/geometry_map/reach_wall_v1/discovery-screen/discovery_screen.json"", ""item"": ""rows[42]""}]"
reach-wall/encoder/block-2/spatial-mean/goal_vector_x,reach-wall,encoder,2,block_residual_output,mean_of_256_spatial_tokens,,goal_vector_x,"{""metric"": ""r2"", ""score"": 0.08320315994657779, ""time_baseline"": 0.08054582471970773, ""delta_vs_time"": 0.002657335226870061}",,,"{""participation_ratio"": 5.799278417060373, ""top10_variance_fraction"": 0.7291180786157061, ""adjacent_timestep_cosine_mean"": 0.9992219055168647}",,,,,,none_validated,"{""linear_score"": ""measured_discovery_only"", ""nonlinear_gain"": ""pending_measurement"", ""best_coordinate_frame"": ""pending_measurement"", ""geometry"": ""descriptive_activation_geometry"", ""cross_trajectory_stability"": ""pending_measurement"", ""regime_dependence"": ""pending_measurement"", ""causal_patch_effect"": ""pending_measurement"", ""specificity"": ""pending_measurement"", ""manifold_distance"": ""pending_measurement"", ""recommended_operator"": ""not_yet_justified""}","[{""path"": ""artifacts/geometry_map/reach_wall_v1/discovery-screen/discovery_screen.json"", ""item"": ""rows[47]""}]"
reach-wall/encoder/block-2/spatial-mean/goal_vector_y,reach-wall,encoder,2,block_residual_output,mean_of_256_spatial_tokens,,goal_vector_y,"{""metric"": ""r2"", ""score"": 0.961880059784134, ""time_baseline"": 0.9568517433439947, ""delta_vs_time"": 0.0050283164401393465}",,,"{""participation_ratio"": 5.799278417060373, ""top10_variance_fraction"": 0.7291180786157061, ""adjacent_timestep_cosine_mean"": 0.9992219055168647}",,,,,,none_validated,"{""linear_score"": ""measured_discovery_only"", ""nonlinear_gain"": ""pending_measurement"", ""best_coordinate_frame"": ""pending_measurement"", ""geometry"": ""descriptive_activation_geometry"", ""cross_trajectory_stability"": ""pending_measurement"", ""regime_dependence"": ""pending_measurement"", ""causal_patch_effect"": ""pending_measurement"", ""specificity"": ""pending_measurement"", ""manifold_distance"": ""pending_measurement"", ""recommended_operator"": ""not_yet_justified""}","[{""path"": ""artifacts/geometry_map/reach_wall_v1/discovery-screen/discovery_screen.json"", ""item"": ""rows[48]""}]"
reach-wall/encoder/block-2/spatial-mean/goal_vector_z,reach-wall,encoder,2,block_residual_output,mean_of_256_spatial_tokens,,goal_vector_z,"{""metric"": ""r2"", ""score"": 0.27539717493358395, ""time_baseline"": 0.044334510544640326, ""delta_vs_time"": 0.23106266438894363}",,,"{""participation_ratio"": 5.799278417060373, ""top10_variance_fraction"": 0.7291180786157061, ""adjacent_timestep_cosine_mean"": 0.9992219055168647}",,,,,,none_validated,"{""linear_score"": ""measured_discovery_only"", ""nonlinear_gain"": ""pending_measurement"", ""best_coordinate_frame"": ""pending_measurement"", ""geometry"": ""descriptive_activation_geometry"", ""cross_trajectory_stability"": ""pending_measurement"", ""regime_dependence"": ""pending_measurement"", ""causal_patch_effect"": ""pending_measurement"", ""specificity"": ""pending_measurement"", ""manifold_distance"": ""pending_measurement"", ""recommended_operator"": ""not_yet_justified""}","[{""path"": ""artifacts/geometry_map/reach_wall_v1/discovery-screen/discovery_screen.json"", ""item"": ""rows[49]""}]"
reach-wall/encoder/block-2/spatial-mean/goal_xz_direction,reach-wall,encoder,2,block_residual_output,mean_of_256_spatial_tokens,,goal_xz_direction,"{""metric"": ""r2"", ""score"": 0.24491933751053796, ""time_baseline"": null, ""delta_vs_time"": null}",,,,,,,,,none_validated,"{""linear_score"": ""measured_discovery_only"", ""nonlinear_gain"": ""pending_measurement"", ""best_coordinate_frame"": ""pending_measurement"", ""geometry"": ""pending_measurement"", ""cross_trajectory_stability"": ""pending_measurement"", ""regime_dependence"": ""pending_measurement"", ""causal_patch_effect"": ""pending_measurement"", ""specificity"": ""pending_measurement"", ""manifold_distance"": ""pending_measurement"", ""recommended_operator"": ""not_yet_justified""}","[{""path"": ""artifacts/geometry_map/reach_wall_v1/emergence-geometry/emergence_geometry.json"", ""item"": ""curves.encoder.goal_xz_direction.rows.layer=2""}]"
reach-wall/encoder/block-2/spatial-mean/hand_to_goal_segment_intersects_wall,reach-wall,encoder,2,block_residual_output,mean_of_256_spatial_tokens,,hand_to_goal_segment_intersects_wall,"{""metric"": ""auroc"", ""score"": 0.9794934135793858, ""time_baseline"": 0.9019247457737662, ""delta_vs_time"": 0.07756866780561955}",,,"{""participation_ratio"": 5.799278417060373, ""top10_variance_fraction"": 0.7291180786157061, ""adjacent_timestep_cosine_mean"": 0.9992219055168647}",,,,,,none_validated,"{""linear_score"": ""measured_discovery_only"", ""nonlinear_gain"": ""pending_measurement"", ""best_coordinate_frame"": ""pending_measurement"", ""geometry"": ""descriptive_activation_geometry"", ""cross_trajectory_stability"": ""pending_measurement"", ""regime_dependence"": ""pending_measurement"", ""causal_patch_effect"": ""pending_measurement"", ""specificity"": ""pending_measurement"", ""manifold_distance"": ""pending_measurement"", ""recommended_operator"": ""not_yet_justified""}","[{""path"": ""artifacts/geometry_map/reach_wall_v1/discovery-screen/discovery_screen.json"", ""item"": ""rows[52]""}]"
reach-wall/encoder/block-2/spatial-mean/hand_x,reach-wall,encoder,2,block_residual_output,mean_of_256_spatial_tokens,,hand_x,"{""metric"": ""r2"", ""score"": 0.7603390043838913, ""time_baseline"": 0.058067306134002794, ""delta_vs_time"": 0.7022716982498886}",,,"{""participation_ratio"": 5.799278417060373, ""top10_variance_fraction"": 0.7291180786157061, ""adjacent_timestep_cosine_mean"": 0.9992219055168647}",,,,,,none_validated,"{""linear_score"": ""measured_discovery_only"", ""nonlinear_gain"": ""pending_measurement"", ""best_coordinate_frame"": ""pending_measurement"", ""geometry"": ""descriptive_activation_geometry"", ""cross_trajectory_stability"": ""pending_measurement"", ""regime_dependence"": ""pending_measurement"", ""causal_patch_effect"": ""pending_measurement"", ""specificity"": ""pending_measurement"", ""manifold_distance"": ""pending_measurement"", ""recommended_operator"": ""not_yet_justified""}","[{""path"": ""artifacts/geometry_map/reach_wall_v1/discovery-screen/discovery_screen.json"", ""item"": ""rows[44]""}]"
reach-wall/encoder/block-2/spatial-mean/hand_y,reach-wall,encoder,2,block_residual_output,mean_of_256_spatial_tokens,,hand_y,"{""metric"": ""r2"", ""score"": 0.9884541565536145, ""time_baseline"": 0.9772521653309317, ""delta_vs_time"": 0.011201991222682728}",,,"{""participation_ratio"": 5.799278417060373, ""top10_variance_fraction"": 0.7291180786157061, ""adjacent_timestep_cosine_mean"": 0.9992219055168647}",,,,,,none_validated,"{""linear_score"": ""measured_discovery_only"", ""nonlinear_gain"": ""pending_measurement"", ""best_coordinate_frame"": ""pending_measurement"", ""geometry"": ""descriptive_activation_geometry"", ""cross_trajectory_stability"": ""pending_measurement"", ""regime_dependence"": ""pending_measurement"", ""causal_patch_effect"": ""pending_measurement"", ""specificity"": ""pending_measurement"", ""manifold_distance"": ""pending_measurement"", ""recommended_operator"": ""not_yet_justified""}","[{""path"": ""artifacts/geometry_map/reach_wall_v1/discovery-screen/discovery_screen.json"", ""item"": ""rows[45]""}]"
reach-wall/encoder/block-2/spatial-mean/hand_z,reach-wall,encoder,2,block_residual_output,mean_of_256_spatial_tokens,,hand_z,"{""metric"": ""r2"", ""score"": 0.9862613686764112, ""time_baseline"": 0.00804356141242546, ""delta_vs_time"": 0.9782178072639858}",,,"{""participation_ratio"": 5.799278417060373, ""top10_variance_fraction"": 0.7291180786157061, ""adjacent_timestep_cosine_mean"": 0.9992219055168647}",,,,,,none_validated,"{""linear_score"": ""measured_discovery_only"", ""nonlinear_gain"": ""pending_measurement"", ""best_coordinate_frame"": ""pending_measurement"", ""geometry"": ""descriptive_activation_geometry"", ""cross_trajectory_stability"": ""pending_measurement"", ""regime_dependence"": ""pending_measurement"", ""causal_patch_effect"": ""pending_measurement"", ""specificity"": ""pending_measurement"", ""manifold_distance"": ""pending_measurement"", ""recommended_operator"": ""not_yet_justified""}","[{""path"": ""artifacts/geometry_map/reach_wall_v1/discovery-screen/discovery_screen.json"", ""item"": ""rows[46]""}]"
reach-wall/encoder/block-2/spatial-mean/height_above_wall_top,reach-wall,encoder,2,block_residual_output,mean_of_256_spatial_tokens,,height_above_wall_top,"{""metric"": ""r2"", ""score"": 0.9862613687765758, ""time_baseline"": 0.008043558955029284, ""delta_vs_time"": 0.9782178098215465}",,,"{""participation_ratio"": 5.799278417060373, ""top10_variance_fraction"": 0.7291180786157061, ""adjacent_timestep_cosine_mean"": 0.9992219055168647}",,,,,,none_validated,"{""linear_score"": ""measured_discovery_only"", ""nonlinear_gain"": ""pending_measurement"", ""best_coordinate_frame"": ""pending_measurement"", ""geometry"": ""descriptive_activation_geometry"", ""cross_trajectory_stability"": ""pending_measurement"", ""regime_dependence"": ""pending_measurement"", ""causal_patch_effect"": ""pending_measurement"", ""specificity"": ""pending_measurement"", ""manifold_distance"": ""pending_measurement"", ""recommended_operator"": ""not_yet_justified""}","[{""path"": ""artifacts/geometry_map/reach_wall_v1/discovery-screen/discovery_screen.json"", ""item"": ""rows[51]""}]"
reach-wall/encoder/block-2/spatial-mean/realized_dx,reach-wall,encoder,2,block_residual_output,mean_of_256_spatial_tokens,,realized_dx,"{""metric"": ""r2"", ""score"": -0.04192731250740822, ""time_baseline"": 0.005340828654275098, ""delta_vs_time"": -0.04726814116168332}",,,"{""participation_ratio"": 5.799278417060373, ""top10_variance_fraction"": 0.7291180786157061, ""adjacent_timestep_cosine_mean"": 0.9992219055168647}",,,,,,none_validated,"{""linear_score"": ""measured_discovery_only"", ""nonlinear_gain"": ""pending_measurement"", ""best_coordinate_frame"": ""pending_measurement"", ""geometry"": ""descriptive_activation_geometry"", ""cross_trajectory_stability"": ""pending_measurement"", ""regime_dependence"": ""pending_measurement"", ""causal_patch_effect"": ""pending_measurement"", ""specificity"": ""pending_measurement"", ""manifold_distance"": ""pending_measurement"", ""recommended_operator"": ""not_yet_justified""}","[{""path"": ""artifacts/geometry_map/reach_wall_v1/discovery-screen/discovery_screen.json"", ""item"": ""rows[58]""}]"
reach-wall/encoder/block-2/spatial-mean/realized_dy,reach-wall,encoder,2,block_residual_output,mean_of_256_spatial_tokens,,realized_dy,"{""metric"": ""r2"", ""score"": 0.8510326061202866, ""time_baseline"": 0.7938417819030151, ""delta_vs_time"": 0.05719082421727151}",,,"{""participation_ratio"": 5.799278417060373, ""top10_variance_fraction"": 0.7291180786157061, ""adjacent_timestep_cosine_mean"": 0.9992219055168647}",,,,,,none_validated,"{""linear_score"": ""measured_discovery_only"", ""nonlinear_gain"": ""pending_measurement"", ""best_coordinate_frame"": ""pending_measurement"", ""geometry"": ""descriptive_activation_geometry"", ""cross_trajectory_stability"": ""pending_measurement"", ""regime_dependence"": ""pending_measurement"", ""causal_patch_effect"": ""pending_measurement"", ""specificity"": ""pending_measurement"", ""manifold_distance"": ""pending_measurement"", ""recommended_operator"": ""not_yet_justified""}","[{""path"": ""artifacts/geometry_map/reach_wall_v1/discovery-screen/discovery_screen.json"", ""item"": ""rows[59]""}]"
reach-wall/encoder/block-2/spatial-mean/realized_dz,reach-wall,encoder,2,block_residual_output,mean_of_256_spatial_tokens,,realized_dz,"{""metric"": ""r2"", ""score"": 0.09698633808141377, ""time_baseline"": 0.07117442644816807, ""delta_vs_time"": 0.0258119116332457}",,,"{""participation_ratio"": 5.799278417060373, ""top10_variance_fraction"": 0.7291180786157061, ""adjacent_timestep_cosine_mean"": 0.9992219055168647}",,,,,,none_validated,"{""linear_score"": ""measured_discovery_only"", ""nonlinear_gain"": ""pending_measurement"", ""best_coordinate_frame"": ""pending_measurement"", ""geometry"": ""descriptive_activation_geometry"", ""cross_trajectory_stability"": ""pending_measurement"", ""regime_dependence"": ""pending_measurement"", ""causal_patch_effect"": ""pending_measurement"", ""specificity"": ""pending_measurement"", ""manifold_distance"": ""pending_measurement"", ""recommended_operator"": ""not_yet_justified""}","[{""path"": ""artifacts/geometry_map/reach_wall_v1/discovery-screen/discovery_screen.json"", ""item"": ""rows[60]""}]"
reach-wall/encoder/block-2/spatial-mean/realized_hand_delta_magnitude,reach-wall,encoder,2,block_residual_output,mean_of_256_spatial_tokens,,realized_hand_delta_magnitude,"{""metric"": ""r2"", ""score"": 0.7155254082638676, ""time_baseline"": 0.6130267917023396, ""delta_vs_time"": 0.10249861656152792}",,,"{""participation_ratio"": 5.799278417060373, ""top10_variance_fraction"": 0.7291180786157061, ""adjacent_timestep_cosine_mean"": 0.9992219055168647}",,,,,,none_validated,"{""linear_score"": ""measured_discovery_only"", ""nonlinear_gain"": ""pending_measurement"", ""best_coordinate_frame"": ""pending_measurement"", ""geometry"": ""descriptive_activation_geometry"", ""cross_trajectory_stability"": ""pending_measurement"", ""regime_dependence"": ""pending_measurement"", ""causal_patch_effect"": ""pending_measurement"", ""specificity"": ""pending_measurement"", ""manifold_distance"": ""pending_measurement"", ""recommended_operator"": ""not_yet_justified""}","[{""path"": ""artifacts/geometry_map/reach_wall_v1/discovery-screen/discovery_screen.json"", ""item"": ""rows[61]""}, {""path"": ""artifacts/geometry_map/reach_wall_v1/emergence-geometry/emergence_geometry.json"", ""item"": ""curves.encoder.motion_magnitude.rows.layer=2""}]"
reach-wall/encoder/block-2/spatial-mean/realized_xz_direction,reach-wall,encoder,2,block_residual_output,mean_of_256_spatial_tokens,,realized_xz_direction,"{""metric"": ""r2"", ""score"": -0.018398837915550782, ""time_baseline"": null, ""delta_vs_time"": null}",,,,,,,,,none_validated,"{""linear_score"": ""measured_discovery_only"", ""nonlinear_gain"": ""pending_measurement"", ""best_coordinate_frame"": ""pending_measurement"", ""geometry"": ""pending_measurement"", ""cross_trajectory_stability"": ""pending_measurement"", ""regime_dependence"": ""pending_measurement"", ""causal_patch_effect"": ""pending_measurement"", ""specificity"": ""pending_measurement"", ""manifold_distance"": ""pending_measurement"", ""recommended_operator"": ""not_yet_justified""}","[{""path"": ""artifacts/geometry_map/reach_wall_v1/emergence-geometry/emergence_geometry.json"", ""item"": ""curves.encoder.realized_xz_direction.rows.layer=2""}]"
reach-wall/encoder/block-2/spatial-mean/reward_sum,reach-wall,encoder,2,block_residual_output,mean_of_256_spatial_tokens,,reward_sum,"{""metric"": ""r2"", ""score"": 0.9450134487161881, ""time_baseline"": 0.9142972039613033, ""delta_vs_time"": 0.03071624475488477}",,,"{""participation_ratio"": 5.799278417060373, ""top10_variance_fraction"": 0.7291180786157061, ""adjacent_timestep_cosine_mean"": 0.9992219055168647}",,,,,,none_validated,"{""linear_score"": ""measured_discovery_only"", ""nonlinear_gain"": ""pending_measurement"", ""best_coordinate_frame"": ""pending_measurement"", ""geometry"": ""descriptive_activation_geometry"", ""cross_trajectory_stability"": ""pending_measurement"", ""regime_dependence"": ""pending_measurement"", ""causal_patch_effect"": ""pending_measurement"", ""specificity"": ""pending_measurement"", ""manifold_distance"": ""pending_measurement"", ""recommended_operator"": ""not_yet_justified""}","[{""path"": ""artifacts/geometry_map/reach_wall_v1/discovery-screen/discovery_screen.json"", ""item"": ""rows[62]""}]"
reach-wall/encoder/block-2/spatial-mean/wall_signed_distance,reach-wall,encoder,2,block_residual_output,mean_of_256_spatial_tokens,,wall_signed_distance,"{""metric"": ""r2"", ""score"": 0.9519858611152134, ""time_baseline"": 0.14228076564542247, ""delta_vs_time"": 0.809705095469791}",,,"{""participation_ratio"": 5.799278417060373, ""top10_variance_fraction"": 0.7291180786157061, ""adjacent_timestep_cosine_mean"": 0.9992219055168647}",,,,,,none_validated,"{""linear_score"": ""measured_discovery_only"", ""nonlinear_gain"": ""pending_measurement"", ""best_coordinate_frame"": ""pending_measurement"", ""geometry"": ""descriptive_activation_geometry"", ""cross_trajectory_stability"": ""pending_measurement"", ""regime_dependence"": ""pending_measurement"", ""causal_patch_effect"": ""pending_measurement"", ""specificity"": ""pending_measurement"", ""manifold_distance"": ""pending_measurement"", ""recommended_operator"": ""not_yet_justified""}","[{""path"": ""artifacts/geometry_map/reach_wall_v1/discovery-screen/discovery_screen.json"", ""item"": ""rows[50]""}, {""path"": ""artifacts/geometry_map/reach_wall_v1/emergence-geometry/emergence_geometry.json"", ""item"": ""curves.encoder.wall_signed_distance.rows.layer=2""}]"
reach-wall/encoder/block-3/spatial-mean/action_chunk_frobenius_magnitude,reach-wall,encoder,3,block_residual_output,mean_of_256_spatial_tokens,,action_chunk_frobenius_magnitude,"{""metric"": ""r2"", ""score"": 0.504152621634654, ""time_baseline"": 0.4725658231754639, ""delta_vs_time"": 0.0315867984591901}",,,"{""participation_ratio"": 5.004015000759506, ""top10_variance_fraction"": 0.7490004481073486, ""adjacent_timestep_cosine_mean"": 0.9989497715581186}",,,,,,none_validated,"{""linear_score"": ""measured_discovery_only"", ""nonlinear_gain"": ""pending_measurement"", ""best_coordinate_frame"": ""pending_measurement"", ""geometry"": ""descriptive_activation_geometry"", ""cross_trajectory_stability"": ""pending_measurement"", ""regime_dependence"": ""pending_measurement"", ""causal_patch_effect"": ""pending_measurement"", ""specificity"": ""pending_measurement"", ""manifold_distance"": ""pending_measurement"", ""recommended_operator"": ""not_yet_justified""}","[{""path"": ""artifacts/geometry_map/reach_wall_v1/discovery-screen/discovery_screen.json"", ""item"": ""rows[78]""}]"
reach-wall/encoder/block-3/spatial-mean/action_dx,reach-wall,encoder,3,block_residual_output,mean_of_256_spatial_tokens,,action_dx,"{""metric"": ""r2"", ""score"": -0.020793369018299535, ""time_baseline"": 0.0033910809446688894, ""delta_vs_time"": -0.024184449962968424}",,,"{""participation_ratio"": 5.004015000759506, ""top10_variance_fraction"": 0.7490004481073486, ""adjacent_timestep_cosine_mean"": 0.9989497715581186}",,,,,,none_validated,"{""linear_score"": ""measured_discovery_only"", ""nonlinear_gain"": ""pending_measurement"", ""best_coordinate_frame"": ""pending_measurement"", ""geometry"": ""descriptive_activation_geometry"", ""cross_trajectory_stability"": ""pending_measurement"", ""regime_dependence"": ""pending_measurement"", ""causal_patch_effect"": ""pending_measurement"", ""specificity"": ""pending_measurement"", ""manifold_distance"": ""pending_measurement"", ""recommended_operator"": ""not_yet_justified""}","[{""path"": ""artifacts/geometry_map/reach_wall_v1/discovery-screen/discovery_screen.json"", ""item"": ""rows[75]""}]"
reach-wall/encoder/block-3/spatial-mean/action_dy,reach-wall,encoder,3,block_residual_output,mean_of_256_spatial_tokens,,action_dy,"{""metric"": ""r2"", ""score"": 0.625975662700212, ""time_baseline"": 0.6287213192564175, ""delta_vs_time"": -0.0027456565562055113}",,,"{""participation_ratio"": 5.004015000759506, ""top10_variance_fraction"": 0.7490004481073486, ""adjacent_timestep_cosine_mean"": 0.9989497715581186}",,,,,,none_validated,"{""linear_score"": ""measured_discovery_only"", ""nonlinear_gain"": ""pending_measurement"", ""best_coordinate_frame"": ""pending_measurement"", ""geometry"": ""descriptive_activation_geometry"", ""cross_trajectory_stability"": ""pending_measurement"", ""regime_dependence"": ""pending_measurement"", ""causal_patch_effect"": ""pending_measurement"", ""specificity"": ""pending_measurement"", ""manifold_distance"": ""pending_measurement"", ""recommended_operator"": ""not_yet_justified""}","[{""path"": ""artifacts/geometry_map/reach_wall_v1/discovery-screen/discovery_screen.json"", ""item"": ""rows[76]""}]"
reach-wall/encoder/block-3/spatial-mean/action_dz,reach-wall,encoder,3,block_residual_output,mean_of_256_spatial_tokens,,action_dz,"{""metric"": ""r2"", ""score"": 0.022116521143652035, ""time_baseline"": 0.02788791500905774, ""delta_vs_time"": -0.005771393865405705}",,,"{""participation_ratio"": 5.004015000759506, ""top10_variance_fraction"": 0.7490004481073486, ""adjacent_timestep_cosine_mean"": 0.9989497715581186}",,,,,,none_validated,"{""linear_score"": ""measured_discovery_only"", ""nonlinear_gain"": ""pending_measurement"", ""best_coordinate_frame"": ""pending_measurement"", ""geometry"": ""descriptive_activation_geometry"", ""cross_trajectory_stability"": ""pending_measurement"", ""regime_dependence"": ""pending_measurement"", ""causal_patch_effect"": ""pending_measurement"", ""specificity"": ""pending_measurement"", ""manifold_distance"": ""pending_measurement"", ""recommended_operator"": ""not_yet_justified""}","[{""path"": ""artifacts/geometry_map/reach_wall_v1/discovery-screen/discovery_screen.json"", ""item"": ""rows[77]""}]"
reach-wall/encoder/block-3/spatial-mean/cumulative_progress,reach-wall,encoder,3,block_residual_output,mean_of_256_spatial_tokens,,cumulative_progress,"{""metric"": ""r2"", ""score"": 0.9399446361820543, ""time_baseline"": 0.9222151817810877, ""delta_vs_time"": 0.017729454400966516}",,,"{""participation_ratio"": 5.004015000759506, ""top10_variance_fraction"": 0.7490004481073486, ""adjacent_timestep_cosine_mean"": 0.9989497715581186}",,,,,,none_validated,"{""linear_score"": ""measured_discovery_only"", ""nonlinear_gain"": ""pending_measurement"", ""best_coordinate_frame"": ""pending_measurement"", ""geometry"": ""descriptive_activation_geometry"", ""cross_trajectory_stability"": ""pending_measurement"", ""regime_dependence"": ""pending_measurement"", ""causal_patch_effect"": ""pending_measurement"", ""specificity"": ""pending_measurement"", ""manifold_distance"": ""pending_measurement"", ""recommended_operator"": ""not_yet_justified""}","[{""path"": ""artifacts/geometry_map/reach_wall_v1/discovery-screen/discovery_screen.json"", ""item"": ""rows[64]""}, {""path"": ""artifacts/geometry_map/reach_wall_v1/emergence-geometry/emergence_geometry.json"", ""item"": ""curves.encoder.progress.rows.layer=3""}]"
reach-wall/encoder/block-3/spatial-mean/expert_detour_gate,reach-wall,encoder,3,block_residual_output,mean_of_256_spatial_tokens,,expert_detour_gate,"{""metric"": ""auroc"", ""score"": 0.9984909091818763, ""time_baseline"": 0.978149765850144, ""delta_vs_time"": 0.020341143331732314}",,,"{""participation_ratio"": 5.004015000759506, ""top10_variance_fraction"": 0.7490004481073486, ""adjacent_timestep_cosine_mean"": 0.9989497715581186}",,,,,,none_validated,"{""linear_score"": ""measured_discovery_only"", ""nonlinear_gain"": ""pending_measurement"", ""best_coordinate_frame"": ""pending_measurement"", ""geometry"": ""descriptive_activation_geometry"", ""cross_trajectory_stability"": ""pending_measurement"", ""regime_dependence"": ""pending_measurement"", ""causal_patch_effect"": ""pending_measurement"", ""specificity"": ""pending_measurement"", ""manifold_distance"": ""pending_measurement"", ""recommended_operator"": ""not_yet_justified""}","[{""path"": ""artifacts/geometry_map/reach_wall_v1/discovery-screen/discovery_screen.json"", ""item"": ""rows[74]""}]"
reach-wall/encoder/block-3/spatial-mean/goal_distance,reach-wall,encoder,3,block_residual_output,mean_of_256_spatial_tokens,,goal_distance,"{""metric"": ""r2"", ""score"": 0.9246201022770283, ""time_baseline"": 0.908897827090231, ""delta_vs_time"": 0.015722275186797252}",,,"{""participation_ratio"": 5.004015000759506, ""top10_variance_fraction"": 0.7490004481073486, ""adjacent_timestep_cosine_mean"": 0.9989497715581186}",,,,,,none_validated,"{""linear_score"": ""measured_discovery_only"", ""nonlinear_gain"": ""pending_measurement"", ""best_coordinate_frame"": ""pending_measurement"", ""geometry"": ""descriptive_activation_geometry"", ""cross_trajectory_stability"": ""pending_measurement"", ""regime_dependence"": ""pending_measurement"", ""causal_patch_effect"": ""pending_measurement"", ""specificity"": ""pending_measurement"", ""manifold_distance"": ""pending_measurement"", ""recommended_operator"": ""not_yet_justified""}","[{""path"": ""artifacts/geometry_map/reach_wall_v1/discovery-screen/discovery_screen.json"", ""item"": ""rows[63]""}]"
reach-wall/encoder/block-3/spatial-mean/goal_vector_x,reach-wall,encoder,3,block_residual_output,mean_of_256_spatial_tokens,,goal_vector_x,"{""metric"": ""r2"", ""score"": 0.06303812183988522, ""time_baseline"": 0.08054582471970773, ""delta_vs_time"": -0.017507702879822507}",,,"{""participation_ratio"": 5.004015000759506, ""top10_variance_fraction"": 0.7490004481073486, ""adjacent_timestep_cosine_mean"": 0.9989497715581186}",,,,,,none_validated,"{""linear_score"": ""measured_discovery_only"", ""nonlinear_gain"": ""pending_measurement"", ""best_coordinate_frame"": ""pending_measurement"", ""geometry"": ""descriptive_activation_geometry"", ""cross_trajectory_stability"": ""pending_measurement"", ""regime_dependence"": ""pending_measurement"", ""causal_patch_effect"": ""pending_measurement"", ""specificity"": ""pending_measurement"", ""manifold_distance"": ""pending_measurement"", ""recommended_operator"": ""not_yet_justified""}","[{""path"": ""artifacts/geometry_map/reach_wall_v1/discovery-screen/discovery_screen.json"", ""item"": ""rows[68]""}]"
reach-wall/encoder/block-3/spatial-mean/goal_vector_y,reach-wall,encoder,3,block_residual_output,mean_of_256_spatial_tokens,,goal_vector_y,"{""metric"": ""r2"", ""score"": 0.9624585627381645, ""time_baseline"": 0.9568517433439947, ""delta_vs_time"": 0.0056068193941698485}",,,"{""participation_ratio"": 5.004015000759506, ""top10_variance_fraction"": 0.7490004481073486, ""adjacent_timestep_cosine_mean"": 0.9989497715581186}",,,,,,none_validated,"{""linear_score"": ""measured_discovery_only"", ""nonlinear_gain"": ""pending_measurement"", ""best_coordinate_frame"": ""pending_measurement"", ""geometry"": ""descriptive_activation_geometry"", ""cross_trajectory_stability"": ""pending_measurement"", ""regime_dependence"": ""pending_measurement"", ""causal_patch_effect"": ""pending_measurement"", ""specificity"": ""pending_measurement"", ""manifold_distance"": ""pending_measurement"", ""recommended_operator"": ""not_yet_justified""}","[{""path"": ""artifacts/geometry_map/reach_wall_v1/discovery-screen/discovery_screen.json"", ""item"": ""rows[69]""}]"
reach-wall/encoder/block-3/spatial-mean/goal_vector_z,reach-wall,encoder,3,block_residual_output,mean_of_256_spatial_tokens,,goal_vector_z,"{""metric"": ""r2"", ""score"": 0.26434397859005, ""time_baseline"": 0.044334510544640326, ""delta_vs_time"": 0.22000946804540966}",,,"{""participation_ratio"": 5.004015000759506, ""top10_variance_fraction"": 0.7490004481073486, ""adjacent_timestep_cosine_mean"": 0.9989497715581186}",,,,,,none_validated,"{""linear_score"": ""measured_discovery_only"", ""nonlinear_gain"": ""pending_measurement"", ""best_coordinate_frame"": ""pending_measurement"", ""geometry"": ""descriptive_activation_geometry"", ""cross_trajectory_stability"": ""pending_measurement"", ""regime_dependence"": ""pending_measurement"", ""causal_patch_effect"": ""pending_measurement"", ""specificity"": ""pending_measurement"", ""manifold_distance"": ""pending_measurement"", ""recommended_operator"": ""not_yet_justified""}","[{""path"": ""artifacts/geometry_map/reach_wall_v1/discovery-screen/discovery_screen.json"", ""item"": ""rows[70]""}]"
reach-wall/encoder/block-3/spatial-mean/goal_xz_direction,reach-wall,encoder,3,block_residual_output,mean_of_256_spatial_tokens,,goal_xz_direction,"{""metric"": ""r2"", ""score"": 0.2403506511527505, ""time_baseline"": null, ""delta_vs_time"": null}",,,,,,,,,none_validated,"{""linear_score"": ""measured_discovery_only"", ""nonlinear_gain"": ""pending_measurement"", ""best_coordinate_frame"": ""pending_measurement"", ""geometry"": ""pending_measurement"", ""cross_trajectory_stability"": ""pending_measurement"", ""regime_dependence"": ""pending_measurement"", ""causal_patch_effect"": ""pending_measurement"", ""specificity"": ""pending_measurement"", ""manifold_distance"": ""pending_measurement"", ""recommended_operator"": ""not_yet_justified""}","[{""path"": ""artifacts/geometry_map/reach_wall_v1/emergence-geometry/emergence_geometry.json"", ""item"": ""curves.encoder.goal_xz_direction.rows.layer=3""}]"
reach-wall/encoder/block-3/spatial-mean/hand_to_goal_segment_intersects_wall,reach-wall,encoder,3,block_residual_output,mean_of_256_spatial_tokens,,hand_to_goal_segment_intersects_wall,"{""metric"": ""auroc"", ""score"": 0.9824645949319618, ""time_baseline"": 0.9019247457737662, ""delta_vs_time"": 0.08053984915819556}",,,"{""participation_ratio"": 5.004015000759506, ""top10_variance_fraction"": 0.7490004481073486, ""adjacent_timestep_cosine_mean"": 0.9989497715581186}",,,,,,none_validated,"{""linear_score"": ""measured_discovery_only"", ""nonlinear_gain"": ""pending_measurement"", ""best_coordinate_frame"": ""pending_measurement"", ""geometry"": ""descriptive_activation_geometry"", ""cross_trajectory_stability"": ""pending_measurement"", ""regime_dependence"": ""pending_measurement"", ""causal_patch_effect"": ""pending_measurement"", ""specificity"": ""pending_measurement"", ""manifold_distance"": ""pending_measurement"", ""recommended_operator"": ""not_yet_justified""}","[{""path"": ""artifacts/geometry_map/reach_wall_v1/discovery-screen/discovery_screen.json"", ""item"": ""rows[73]""}]"
reach-wall/encoder/block-3/spatial-mean/hand_x,reach-wall,encoder,3,block_residual_output,mean_of_256_spatial_tokens,,hand_x,"{""metric"": ""r2"", ""score"": 0.7891536960195245, ""time_baseline"": 0.058067306134002794, ""delta_vs_time"": 0.7310863898855217}",,,"{""participation_ratio"": 5.004015000759506, ""top10_variance_fraction"": 0.7490004481073486, ""adjacent_timestep_cosine_mean"": 0.9989497715581186}",,,,,,none_validated,"{""linear_score"": ""measured_discovery_only"", ""nonlinear_gain"": ""pending_measurement"", ""best_coordinate_frame"": ""pending_measurement"", ""geometry"": ""descriptive_activation_geometry"", ""cross_trajectory_stability"": ""pending_measurement"", ""regime_dependence"": ""pending_measurement"", ""causal_patch_effect"": ""pending_measurement"", ""specificity"": ""pending_measurement"", ""manifold_distance"": ""pending_measurement"", ""recommended_operator"": ""not_yet_justified""}","[{""path"": ""artifacts/geometry_map/reach_wall_v1/discovery-screen/discovery_screen.json"", ""item"": ""rows[65]""}]"
reach-wall/encoder/block-3/spatial-mean/hand_y,reach-wall,encoder,3,block_residual_output,mean_of_256_spatial_tokens,,hand_y,"{""metric"": ""r2"", ""score"": 0.9908369877370401, ""time_baseline"": 0.9772521653309317, ""delta_vs_time"": 0.013584822406108366}",,,"{""participation_ratio"": 5.004015000759506, ""top10_variance_fraction"": 0.7490004481073486, ""adjacent_timestep_cosine_mean"": 0.9989497715581186}",,,,,,none_validated,"{""linear_score"": ""measured_discovery_only"", ""nonlinear_gain"": ""pending_measurement"", ""best_coordinate_frame"": ""pending_measurement"", ""geometry"": ""descriptive_activation_geometry"", ""cross_trajectory_stability"": ""pending_measurement"", ""regime_dependence"": ""pending_measurement"", ""causal_patch_effect"": ""pending_measurement"", ""specificity"": ""pending_measurement"", ""manifold_distance"": ""pending_measurement"", ""recommended_operator"": ""not_yet_justified""}","[{""path"": ""artifacts/geometry_map/reach_wall_v1/discovery-screen/discovery_screen.json"", ""item"": ""rows[66]""}]"
reach-wall/encoder/block-3/spatial-mean/hand_z,reach-wall,encoder,3,block_residual_output,mean_of_256_spatial_tokens,,hand_z,"{""metric"": ""r2"", ""score"": 0.9874661976835757, ""time_baseline"": 0.00804356141242546, ""delta_vs_time"": 0.9794226362711502}",,,"{""participation_ratio"": 5.004015000759506, ""top10_variance_fraction"": 0.7490004481073486, ""adjacent_timestep_cosine_mean"": 0.9989497715581186}",,,,,,none_validated,"{""linear_score"": ""measured_discovery_only"", ""nonlinear_gain"": ""pending_measurement"", ""best_coordinate_frame"": ""pending_measurement"", ""geometry"": ""descriptive_activation_geometry"", ""cross_trajectory_stability"": ""pending_measurement"", ""regime_dependence"": ""pending_measurement"", ""causal_patch_effect"": ""pending_measurement"", ""specificity"": ""pending_measurement"", ""manifold_distance"": ""pending_measurement"", ""recommended_operator"": ""not_yet_justified""}","[{""path"": ""artifacts/geometry_map/reach_wall_v1/discovery-screen/discovery_screen.json"", ""item"": ""rows[67]""}]"
reach-wall/encoder/block-3/spatial-mean/height_above_wall_top,reach-wall,encoder,3,block_residual_output,mean_of_256_spatial_tokens,,height_above_wall_top,"{""metric"": ""r2"", ""score"": 0.9874661973960491, ""time_baseline"": 0.008043558955029284, ""delta_vs_time"": 0.9794226384410198}",,,"{""participation_ratio"": 5.004015000759506, ""top10_variance_fraction"": 0.7490004481073486, ""adjacent_timestep_cosine_mean"": 0.9989497715581186}",,,,,,none_validated,"{""linear_score"": ""measured_discovery_only"", ""nonlinear_gain"": ""pending_measurement"", ""best_coordinate_frame"": ""pending_measurement"", ""geometry"": ""descriptive_activation_geometry"", ""cross_trajectory_stability"": ""pending_measurement"", ""regime_dependence"": ""pending_measurement"", ""causal_patch_effect"": ""pending_measurement"", ""specificity"": ""pending_measurement"", ""manifold_distance"": ""pending_measurement"", ""recommended_operator"": ""not_yet_justified""}","[{""path"": ""artifacts/geometry_map/reach_wall_v1/discovery-screen/discovery_screen.json"", ""item"": ""rows[72]""}]"
reach-wall/encoder/block-3/spatial-mean/realized_dx,reach-wall,encoder,3,block_residual_output,mean_of_256_spatial_tokens,,realized_dx,"{""metric"": ""r2"", ""score"": -0.02246344427190894, ""time_baseline"": 0.005340828654275098, ""delta_vs_time"": -0.027804272926184037}",,,"{""participation_ratio"": 5.004015000759506, ""top10_variance_fraction"": 0.7490004481073486, ""adjacent_timestep_cosine_mean"": 0.9989497715581186}",,,,,,none_validated,"{""linear_score"": ""measured_discovery_only"", ""nonlinear_gain"": ""pending_measurement"", ""best_coordinate_frame"": ""pending_measurement"", ""geometry"": ""descriptive_activation_geometry"", ""cross_trajectory_stability"": ""pending_measurement"", ""regime_dependence"": ""pending_measurement"", ""causal_patch_effect"": ""pending_measurement"", ""specificity"": ""pending_measurement"", ""manifold_distance"": ""pending_measurement"", ""recommended_operator"": ""not_yet_justified""}","[{""path"": ""artifacts/geometry_map/reach_wall_v1/discovery-screen/discovery_screen.json"", ""item"": ""rows[79]""}]"
reach-wall/encoder/block-3/spatial-mean/realized_dy,reach-wall,encoder,3,block_residual_output,mean_of_256_spatial_tokens,,realized_dy,"{""metric"": ""r2"", ""score"": 0.8518367567397956, ""time_baseline"": 0.7938417819030151, ""delta_vs_time"": 0.05799497483678051}",,,"{""participation_ratio"": 5.004015000759506, ""top10_variance_fraction"": 0.7490004481073486, ""adjacent_timestep_cosine_mean"": 0.9989497715581186}",,,,,,none_validated,"{""linear_score"": ""measured_discovery_only"", ""nonlinear_gain"": ""pending_measurement"", ""best_coordinate_frame"": ""pending_measurement"", ""geometry"": ""descriptive_activation_geometry"", ""cross_trajectory_stability"": ""pending_measurement"", ""regime_dependence"": ""pending_measurement"", ""causal_patch_effect"": ""pending_measurement"", ""specificity"": ""pending_measurement"", ""manifold_distance"": ""pending_measurement"", ""recommended_operator"": ""not_yet_justified""}","[{""path"": ""artifacts/geometry_map/reach_wall_v1/discovery-screen/discovery_screen.json"", ""item"": ""rows[80]""}]"
reach-wall/encoder/block-3/spatial-mean/realized_dz,reach-wall,encoder,3,block_residual_output,mean_of_256_spatial_tokens,,realized_dz,"{""metric"": ""r2"", ""score"": 0.12307505841116262, ""time_baseline"": 0.07117442644816807, ""delta_vs_time"": 0.05190063196299455}",,,"{""participation_ratio"": 5.004015000759506, ""top10_variance_fraction"": 0.7490004481073486, ""adjacent_timestep_cosine_mean"": 0.9989497715581186}",,,,,,none_validated,"{""linear_score"": ""measured_discovery_only"", ""nonlinear_gain"": ""pending_measurement"", ""best_coordinate_frame"": ""pending_measurement"", ""geometry"": ""descriptive_activation_geometry"", ""cross_trajectory_stability"": ""pending_measurement"", ""regime_dependence"": ""pending_measurement"", ""causal_patch_effect"": ""pending_measurement"", ""specificity"": ""pending_measurement"", ""manifold_distance"": ""pending_measurement"", ""recommended_operator"": ""not_yet_justified""}","[{""path"": ""artifacts/geometry_map/reach_wall_v1/discovery-screen/discovery_screen.json"", ""item"": ""rows[81]""}]"
reach-wall/encoder/block-3/spatial-mean/realized_hand_delta_magnitude,reach-wall,encoder,3,block_residual_output,mean_of_256_spatial_tokens,,realized_hand_delta_magnitude,"{""metric"": ""r2"", ""score"": 0.7164738226812232, ""time_baseline"": 0.6130267917023396, ""delta_vs_time"": 0.10344703097888353}",,,"{""participation_ratio"": 5.004015000759506, ""top10_variance_fraction"": 0.7490004481073486, ""adjacent_timestep_cosine_mean"": 0.9989497715581186}",,,,,,none_validated,"{""linear_score"": ""measured_discovery_only"", ""nonlinear_gain"": ""pending_measurement"", ""best_coordinate_frame"": ""pending_measurement"", ""geometry"": ""descriptive_activation_geometry"", ""cross_trajectory_stability"": ""pending_measurement"", ""regime_dependence"": ""pending_measurement"", ""causal_patch_effect"": ""pending_measurement"", ""specificity"": ""pending_measurement"", ""manifold_distance"": ""pending_measurement"", ""recommended_operator"": ""not_yet_justified""}","[{""path"": ""artifacts/geometry_map/reach_wall_v1/discovery-screen/discovery_screen.json"", ""item"": ""rows[82]""}, {""path"": ""artifacts/geometry_map/reach_wall_v1/emergence-geometry/emergence_geometry.json"", ""item"": ""curves.encoder.motion_magnitude.rows.layer=3""}]"
reach-wall/encoder/block-3/spatial-mean/realized_xz_direction,reach-wall,encoder,3,block_residual_output,mean_of_256_spatial_tokens,,realized_xz_direction,"{""metric"": ""r2"", ""score"": -0.001215456944637752, ""time_baseline"": null, ""delta_vs_time"": null}",,,,,,,,,none_validated,"{""linear_score"": ""measured_discovery_only"", ""nonlinear_gain"": ""pending_measurement"", ""best_coordinate_frame"": ""pending_measurement"", ""geometry"": ""pending_measurement"", ""cross_trajectory_stability"": ""pending_measurement"", ""regime_dependence"": ""pending_measurement"", ""causal_patch_effect"": ""pending_measurement"", ""specificity"": ""pending_measurement"", ""manifold_distance"": ""pending_measurement"", ""recommended_operator"": ""not_yet_justified""}","[{""path"": ""artifacts/geometry_map/reach_wall_v1/emergence-geometry/emergence_geometry.json"", ""item"": ""curves.encoder.realized_xz_direction.rows.layer=3""}]"
reach-wall/encoder/block-3/spatial-mean/reward_sum,reach-wall,encoder,3,block_residual_output,mean_of_256_spatial_tokens,,reward_sum,"{""metric"": ""r2"", ""score"": 0.9481731000798216, ""time_baseline"": 0.9142972039613033, ""delta_vs_time"": 0.03387589611851827}",,,"{""participation_ratio"": 5.004015000759506, ""top10_variance_fraction"": 0.7490004481073486, ""adjacent_timestep_cosine_mean"": 0.9989497715581186}",,,,,,none_validated,"{""linear_score"": ""measured_discovery_only"", ""nonlinear_gain"": ""pending_measurement"", ""best_coordinate_frame"": ""pending_measurement"", ""geometry"": ""descriptive_activation_geometry"", ""cross_trajectory_stability"": ""pending_measurement"", ""regime_dependence"": ""pending_measurement"", ""causal_patch_effect"": ""pending_measurement"", ""specificity"": ""pending_measurement"", ""manifold_distance"": ""pending_measurement"", ""recommended_operator"": ""not_yet_justified""}","[{""path"": ""artifacts/geometry_map/reach_wall_v1/discovery-screen/discovery_screen.json"", ""item"": ""rows[83]""}]"
reach-wall/encoder/block-3/spatial-mean/wall_signed_distance,reach-wall,encoder,3,block_residual_output,mean_of_256_spatial_tokens,,wall_signed_distance,"{""metric"": ""r2"", ""score"": 0.9533717330240116, ""time_baseline"": 0.14228076564542247, ""delta_vs_time"": 0.8110909673785891}",,,"{""participation_ratio"": 5.004015000759506, ""top10_variance_fraction"": 0.7490004481073486, ""adjacent_timestep_cosine_mean"": 0.9989497715581186}",,,,,,none_validated,"{""linear_score"": ""measured_discovery_only"", ""nonlinear_gain"": ""pending_measurement"", ""best_coordinate_frame"": ""pending_measurement"", ""geometry"": ""descriptive_activation_geometry"", ""cross_trajectory_stability"": ""pending_measurement"", ""regime_dependence"": ""pending_measurement"", ""causal_patch_effect"": ""pending_measurement"", ""specificity"": ""pending_measurement"", ""manifold_distance"": ""pending_measurement"", ""recommended_operator"": ""not_yet_justified""}","[{""path"": ""artifacts/geometry_map/reach_wall_v1/discovery-screen/discovery_screen.json"", ""item"": ""rows[71]""}, {""path"": ""artifacts/geometry_map/reach_wall_v1/emergence-geometry/emergence_geometry.json"", ""item"": ""curves.encoder.wall_signed_distance.rows.layer=3""}]"
reach-wall/encoder/block-4/spatial-mean/action_chunk_frobenius_magnitude,reach-wall,encoder,4,block_residual_output,mean_of_256_spatial_tokens,,action_chunk_frobenius_magnitude,"{""metric"": ""r2"", ""score"": 0.5077030564409821, ""time_baseline"": 0.4725658231754639, ""delta_vs_time"": 0.03513723326551821}","{""knn_score"": 0.463268820091602, ""linear_score"": 0.5077030564409821, ""nonlinear_gain"": -0.04443423634938015}",,"{""participation_ratio"": 4.319770280031111, ""top10_variance_fraction"": 0.76495673509313, ""adjacent_timestep_cosine_mean"": 0.9989860851476156}",,,,,,none_validated,"{""linear_score"": ""measured_discovery_only"", ""nonlinear_gain"": ""measured_discovery_only"", ""best_coordinate_frame"": ""pending_measurement"", ""geometry"": ""descriptive_activation_geometry"", ""cross_trajectory_stability"": ""pending_measurement"", ""regime_dependence"": ""pending_measurement"", ""causal_patch_effect"": ""pending_measurement"", ""specificity"": ""pending_measurement"", ""manifold_distance"": ""pending_measurement"", ""recommended_operator"": ""not_yet_justified""}","[{""path"": ""artifacts/geometry_map/reach_wall_v1/discovery-screen/discovery_screen.json"", ""item"": ""rows[99]""}, {""path"": ""artifacts/geometry_map/reach_wall_v1/cached-geometry-v2/nonlinear_screen.json"", ""item"": ""rows[15]""}]"
reach-wall/encoder/block-4/spatial-mean/action_dx,reach-wall,encoder,4,block_residual_output,mean_of_256_spatial_tokens,,action_dx,"{""metric"": ""r2"", ""score"": -0.04267016899703213, ""time_baseline"": 0.0033910809446688894, ""delta_vs_time"": -0.04606124994170102}","{""knn_score"": 0.001528540078868712, ""linear_score"": -0.04267016899703213, ""nonlinear_gain"": 0.044198709075900844}",,"{""participation_ratio"": 4.319770280031111, ""top10_variance_fraction"": 0.76495673509313, ""adjacent_timestep_cosine_mean"": 0.9989860851476156}",,,,,,none_validated,"{""linear_score"": ""measured_discovery_only"", ""nonlinear_gain"": ""measured_discovery_only"", ""best_coordinate_frame"": ""pending_measurement"", ""geometry"": ""descriptive_activation_geometry"", ""cross_trajectory_stability"": ""pending_measurement"", ""regime_dependence"": ""pending_measurement"", ""causal_patch_effect"": ""pending_measurement"", ""specificity"": ""pending_measurement"", ""manifold_distance"": ""pending_measurement"", ""recommended_operator"": ""not_yet_justified""}","[{""path"": ""artifacts/geometry_map/reach_wall_v1/discovery-screen/discovery_screen.json"", ""item"": ""rows[96]""}, {""path"": ""artifacts/geometry_map/reach_wall_v1/cached-geometry-v2/nonlinear_screen.json"", ""item"": ""rows[12]""}]"
reach-wall/encoder/block-4/spatial-mean/action_dy,reach-wall,encoder,4,block_residual_output,mean_of_256_spatial_tokens,,action_dy,"{""metric"": ""r2"", ""score"": 0.6211067493328652, ""time_baseline"": 0.6287213192564175, ""delta_vs_time"": -0.00761456992355225}","{""knn_score"": 0.6045107056145507, ""linear_score"": 0.6211067493328652, ""nonlinear_gain"": -0.01659604371831458}",,"{""participation_ratio"": 4.319770280031111, ""top10_variance_fraction"": 0.76495673509313, ""adjacent_timestep_cosine_mean"": 0.9989860851476156}",,,,,,none_validated,"{""linear_score"": ""measured_discovery_only"", ""nonlinear_gain"": ""measured_discovery_only"", ""best_coordinate_frame"": ""pending_measurement"", ""geometry"": ""descriptive_activation_geometry"", ""cross_trajectory_stability"": ""pending_measurement"", ""regime_dependence"": ""pending_measurement"", ""causal_patch_effect"": ""pending_measurement"", ""specificity"": ""pending_measurement"", ""manifold_distance"": ""pending_measurement"", ""recommended_operator"": ""not_yet_justified""}","[{""path"": ""artifacts/geometry_map/reach_wall_v1/discovery-screen/discovery_screen.json"", ""item"": ""rows[97]""}, {""path"": ""artifacts/geometry_map/reach_wall_v1/cached-geometry-v2/nonlinear_screen.json"", ""item"": ""rows[13]""}]"
reach-wall/encoder/block-4/spatial-mean/action_dz,reach-wall,encoder,4,block_residual_output,mean_of_256_spatial_tokens,,action_dz,"{""metric"": ""r2"", ""score"": 0.018832928041682906, ""time_baseline"": 0.02788791500905774, ""delta_vs_time"": -0.009054986967374834}","{""knn_score"": 0.047194136940221565, ""linear_score"": 0.018832928041682906, ""nonlinear_gain"": 0.02836120889853866}",,"{""participation_ratio"": 4.319770280031111, ""top10_variance_fraction"": 0.76495673509313, ""adjacent_timestep_cosine_mean"": 0.9989860851476156}",,,,,,none_validated,"{""linear_score"": ""measured_discovery_only"", ""nonlinear_gain"": ""measured_discovery_only"", ""best_coordinate_frame"": ""pending_measurement"", ""geometry"": ""descriptive_activation_geometry"", ""cross_trajectory_stability"": ""pending_measurement"", ""regime_dependence"": ""pending_measurement"", ""causal_patch_effect"": ""pending_measurement"", ""specificity"": ""pending_measurement"", ""manifold_distance"": ""pending_measurement"", ""recommended_operator"": ""not_yet_justified""}","[{""path"": ""artifacts/geometry_map/reach_wall_v1/discovery-screen/discovery_screen.json"", ""item"": ""rows[98]""}, {""path"": ""artifacts/geometry_map/reach_wall_v1/cached-geometry-v2/nonlinear_screen.json"", ""item"": ""rows[14]""}]"
reach-wall/encoder/block-4/spatial-mean/cumulative_progress,reach-wall,encoder,4,block_residual_output,mean_of_256_spatial_tokens,,cumulative_progress,"{""metric"": ""r2"", ""score"": 0.9443536765337549, ""time_baseline"": 0.9222151817810877, ""delta_vs_time"": 0.02213849475266716}","{""knn_score"": 0.8126318042803683, ""linear_score"": 0.9443536765337549, ""nonlinear_gain"": -0.1317218722533866}",,"{""participation_ratio"": 4.319770280031111, ""top10_variance_fraction"": 0.76495673509313, ""adjacent_timestep_cosine_mean"": 0.9989860851476156}",,,,,,none_validated,"{""linear_score"": ""measured_discovery_only"", ""nonlinear_gain"": ""measured_discovery_only"", ""best_coordinate_frame"": ""pending_measurement"", ""geometry"": ""descriptive_activation_geometry"", ""cross_trajectory_stability"": ""pending_measurement"", ""regime_dependence"": ""pending_measurement"", ""causal_patch_effect"": ""pending_measurement"", ""specificity"": ""pending_measurement"", ""manifold_distance"": ""pending_measurement"", ""recommended_operator"": ""not_yet_justified""}","[{""path"": ""artifacts/geometry_map/reach_wall_v1/discovery-screen/discovery_screen.json"", ""item"": ""rows[85]""}, {""path"": ""artifacts/geometry_map/reach_wall_v1/emergence-geometry/emergence_geometry.json"", ""item"": ""curves.encoder.progress.rows.layer=4""}, {""path"": ""artifacts/geometry_map/reach_wall_v1/cached-geometry-v2/nonlinear_screen.json"", ""item"": ""rows[1]""}]"
reach-wall/encoder/block-4/spatial-mean/expert_detour_gate,reach-wall,encoder,4,block_residual_output,mean_of_256_spatial_tokens,,expert_detour_gate,"{""metric"": ""auroc"", ""score"": 0.9985040425872559, ""time_baseline"": 0.978149765850144, ""delta_vs_time"": 0.020354276737111876}","{""knn_score"": 0.996383623018732, ""linear_score"": 0.9985040425872559, ""nonlinear_gain"": -0.0021204195685239347}",,"{""participation_ratio"": 4.319770280031111, ""top10_variance_fraction"": 0.76495673509313, ""adjacent_timestep_cosine_mean"": 0.9989860851476156}",,,,,,none_validated,"{""linear_score"": ""measured_discovery_only"", ""nonlinear_gain"": ""measured_discovery_only"", ""best_coordinate_frame"": ""pending_measurement"", ""geometry"": ""descriptive_activation_geometry"", ""cross_trajectory_stability"": ""pending_measurement"", ""regime_dependence"": ""pending_measurement"", ""causal_patch_effect"": ""pending_measurement"", ""specificity"": ""pending_measurement"", ""manifold_distance"": ""pending_measurement"", ""recommended_operator"": ""not_yet_justified""}","[{""path"": ""artifacts/geometry_map/reach_wall_v1/discovery-screen/discovery_screen.json"", ""item"": ""rows[95]""}, {""path"": ""artifacts/geometry_map/reach_wall_v1/cached-geometry-v2/nonlinear_screen.json"", ""item"": ""rows[11]""}]"
reach-wall/encoder/block-4/spatial-mean/goal_distance,reach-wall,encoder,4,block_residual_output,mean_of_256_spatial_tokens,,goal_distance,"{""metric"": ""r2"", ""score"": 0.9275321703450324, ""time_baseline"": 0.908897827090231, ""delta_vs_time"": 0.0186343432548014}","{""knn_score"": 0.7969534896259469, ""linear_score"": 0.9275321703450324, ""nonlinear_gain"": -0.13057868071908552}",,"{""participation_ratio"": 4.319770280031111, ""top10_variance_fraction"": 0.76495673509313, ""adjacent_timestep_cosine_mean"": 0.9989860851476156}",,,,,,none_validated,"{""linear_score"": ""measured_discovery_only"", ""nonlinear_gain"": ""measured_discovery_only"", ""best_coordinate_frame"": ""pending_measurement"", ""geometry"": ""descriptive_activation_geometry"", ""cross_trajectory_stability"": ""pending_measurement"", ""regime_dependence"": ""pending_measurement"", ""causal_patch_effect"": ""pending_measurement"", ""specificity"": ""pending_measurement"", ""manifold_distance"": ""pending_measurement"", ""recommended_operator"": ""not_yet_justified""}","[{""path"": ""artifacts/geometry_map/reach_wall_v1/discovery-screen/discovery_screen.json"", ""item"": ""rows[84]""}, {""path"": ""artifacts/geometry_map/reach_wall_v1/cached-geometry-v2/nonlinear_screen.json"", ""item"": ""rows[0]""}]"
reach-wall/encoder/block-4/spatial-mean/goal_vector_x,reach-wall,encoder,4,block_residual_output,mean_of_256_spatial_tokens,,goal_vector_x,"{""metric"": ""r2"", ""score"": 0.009244309706637477, ""time_baseline"": 0.08054582471970773, ""delta_vs_time"": -0.07130151501307025}","{""knn_score"": 0.07039419192760121, ""linear_score"": 0.009244309706637477, ""nonlinear_gain"": 0.061149882220963736}",,"{""participation_ratio"": 4.319770280031111, ""top10_variance_fraction"": 0.76495673509313, ""adjacent_timestep_cosine_mean"": 0.9989860851476156}",,,,,,none_validated,"{""linear_score"": ""measured_discovery_only"", ""nonlinear_gain"": ""measured_discovery_only"", ""best_coordinate_frame"": ""pending_measurement"", ""geometry"": ""descriptive_activation_geometry"", ""cross_trajectory_stability"": ""pending_measurement"", ""regime_dependence"": ""pending_measurement"", ""causal_patch_effect"": ""pending_measurement"", ""specificity"": ""pending_measurement"", ""manifold_distance"": ""pending_measurement"", ""recommended_operator"": ""not_yet_justified""}","[{""path"": ""artifacts/geometry_map/reach_wall_v1/discovery-screen/discovery_screen.json"", ""item"": ""rows[89]""}, {""path"": ""artifacts/geometry_map/reach_wall_v1/cached-geometry-v2/nonlinear_screen.json"", ""item"": ""rows[5]""}]"
reach-wall/encoder/block-4/spatial-mean/goal_vector_y,reach-wall,encoder,4,block_residual_output,mean_of_256_spatial_tokens,,goal_vector_y,"{""metric"": ""r2"", ""score"": 0.9626469083263879, ""time_baseline"": 0.9568517433439947, ""delta_vs_time"": 0.005795164982393186}","{""knn_score"": 0.8425274384611182, ""linear_score"": 0.9626469083263879, ""nonlinear_gain"": -0.12011946986526967}",,"{""participation_ratio"": 4.319770280031111, ""top10_variance_fraction"": 0.76495673509313, ""adjacent_timestep_cosine_mean"": 0.9989860851476156}",,,,,,none_validated,"{""linear_score"": ""measured_discovery_only"", ""nonlinear_gain"": ""measured_discovery_only"", ""best_coordinate_frame"": ""pending_measurement"", ""geometry"": ""descriptive_activation_geometry"", ""cross_trajectory_stability"": ""pending_measurement"", ""regime_dependence"": ""pending_measurement"", ""causal_patch_effect"": ""pending_measurement"", ""specificity"": ""pending_measurement"", ""manifold_distance"": ""pending_measurement"", ""recommended_operator"": ""not_yet_justified""}","[{""path"": ""artifacts/geometry_map/reach_wall_v1/discovery-screen/discovery_screen.json"", ""item"": ""rows[90]""}, {""path"": ""artifacts/geometry_map/reach_wall_v1/cached-geometry-v2/nonlinear_screen.json"", ""item"": ""rows[6]""}]"
reach-wall/encoder/block-4/spatial-mean/goal_vector_z,reach-wall,encoder,4,block_residual_output,mean_of_256_spatial_tokens,,goal_vector_z,"{""metric"": ""r2"", ""score"": 0.2835284585651907, ""time_baseline"": 0.044334510544640326, ""delta_vs_time"": 0.23919394802055038}","{""knn_score"": 0.2564375124710728, ""linear_score"": 0.2835284585651907, ""nonlinear_gain"": -0.027090946094117885}",,"{""participation_ratio"": 4.319770280031111, ""top10_variance_fraction"": 0.76495673509313, ""adjacent_timestep_cosine_mean"": 0.9989860851476156}",,,,,,none_validated,"{""linear_score"": ""measured_discovery_only"", ""nonlinear_gain"": ""measured_discovery_only"", ""best_coordinate_frame"": ""pending_measurement"", ""geometry"": ""descriptive_activation_geometry"", ""cross_trajectory_stability"": ""pending_measurement"", ""regime_dependence"": ""pending_measurement"", ""causal_patch_effect"": ""pending_measurement"", ""specificity"": ""pending_measurement"", ""manifold_distance"": ""pending_measurement"", ""recommended_operator"": ""not_yet_justified""}","[{""path"": ""artifacts/geometry_map/reach_wall_v1/discovery-screen/discovery_screen.json"", ""item"": ""rows[91]""}, {""path"": ""artifacts/geometry_map/reach_wall_v1/cached-geometry-v2/nonlinear_screen.json"", ""item"": ""rows[7]""}]"
reach-wall/encoder/block-4/spatial-mean/goal_xz_direction,reach-wall,encoder,4,block_residual_output,mean_of_256_spatial_tokens,,goal_xz_direction,"{""metric"": ""r2"", ""score"": 0.23241886169195503, ""time_baseline"": null, ""delta_vs_time"": null}",,,,,,,,,none_validated,"{""linear_score"": ""measured_discovery_only"", ""nonlinear_gain"": ""pending_measurement"", ""best_coordinate_frame"": ""pending_measurement"", ""geometry"": ""pending_measurement"", ""cross_trajectory_stability"": ""pending_measurement"", ""regime_dependence"": ""pending_measurement"", ""causal_patch_effect"": ""pending_measurement"", ""specificity"": ""pending_measurement"", ""manifold_distance"": ""pending_measurement"", ""recommended_operator"": ""not_yet_justified""}","[{""path"": ""artifacts/geometry_map/reach_wall_v1/emergence-geometry/emergence_geometry.json"", ""item"": ""curves.encoder.goal_xz_direction.rows.layer=4""}]"
reach-wall/encoder/block-4/spatial-mean/hand_to_goal_segment_intersects_wall,reach-wall,encoder,4,block_residual_output,mean_of_256_spatial_tokens,,hand_to_goal_segment_intersects_wall,"{""metric"": ""auroc"", ""score"": 0.9846603704193533, ""time_baseline"": 0.9019247457737662, ""delta_vs_time"": 0.08273562464558704}","{""knn_score"": 0.9691341361561971, ""linear_score"": 0.9846603704193533, ""nonlinear_gain"": -0.015526234263156136}",,"{""participation_ratio"": 4.319770280031111, ""top10_variance_fraction"": 0.76495673509313, ""adjacent_timestep_cosine_mean"": 0.9989860851476156}",,,,,,none_validated,"{""linear_score"": ""measured_discovery_only"", ""nonlinear_gain"": ""measured_discovery_only"", ""best_coordinate_frame"": ""pending_measurement"", ""geometry"": ""descriptive_activation_geometry"", ""cross_trajectory_stability"": ""pending_measurement"", ""regime_dependence"": ""pending_measurement"", ""causal_patch_effect"": ""pending_measurement"", ""specificity"": ""pending_measurement"", ""manifold_distance"": ""pending_measurement"", ""recommended_operator"": ""not_yet_justified""}","[{""path"": ""artifacts/geometry_map/reach_wall_v1/discovery-screen/discovery_screen.json"", ""item"": ""rows[94]""}, {""path"": ""artifacts/geometry_map/reach_wall_v1/cached-geometry-v2/nonlinear_screen.json"", ""item"": ""rows[10]""}]"
reach-wall/encoder/block-4/spatial-mean/hand_x,reach-wall,encoder,4,block_residual_output,mean_of_256_spatial_tokens,,hand_x,"{""metric"": ""r2"", ""score"": 0.7839184930260891, ""time_baseline"": 0.058067306134002794, ""delta_vs_time"": 0.7258511868920863}","{""knn_score"": 0.5044065909613182, ""linear_score"": 0.7839184930260891, ""nonlinear_gain"": -0.27951190206477083}",,"{""participation_ratio"": 4.319770280031111, ""top10_variance_fraction"": 0.76495673509313, ""adjacent_timestep_cosine_mean"": 0.9989860851476156}",,,,,,none_validated,"{""linear_score"": ""measured_discovery_only"", ""nonlinear_gain"": ""measured_discovery_only"", ""best_coordinate_frame"": ""pending_measurement"", ""geometry"": ""descriptive_activation_geometry"", ""cross_trajectory_stability"": ""pending_measurement"", ""regime_dependence"": ""pending_measurement"", ""causal_patch_effect"": ""pending_measurement"", ""specificity"": ""pending_measurement"", ""manifold_distance"": ""pending_measurement"", ""recommended_operator"": ""not_yet_justified""}","[{""path"": ""artifacts/geometry_map/reach_wall_v1/discovery-screen/discovery_screen.json"", ""item"": ""rows[86]""}, {""path"": ""artifacts/geometry_map/reach_wall_v1/cached-geometry-v2/nonlinear_screen.json"", ""item"": ""rows[2]""}]"
reach-wall/encoder/block-4/spatial-mean/hand_y,reach-wall,encoder,4,block_residual_output,mean_of_256_spatial_tokens,,hand_y,"{""metric"": ""r2"", ""score"": 0.9905243692829944, ""time_baseline"": 0.9772521653309317, ""delta_vs_time"": 0.013272203952062633}","{""knn_score"": 0.8663134777441324, ""linear_score"": 0.9905243692829944, ""nonlinear_gain"": -0.124210891538862}",,"{""participation_ratio"": 4.319770280031111, ""top10_variance_fraction"": 0.76495673509313, ""adjacent_timestep_cosine_mean"": 0.9989860851476156}",,,,,,none_validated,"{""linear_score"": ""measured_discovery_only"", ""nonlinear_gain"": ""measured_discovery_only"", ""best_coordinate_frame"": ""pending_measurement"", ""geometry"": ""descriptive_activation_geometry"", ""cross_trajectory_stability"": ""pending_measurement"", ""regime_dependence"": ""pending_measurement"", ""causal_patch_effect"": ""pending_measurement"", ""specificity"": ""pending_measurement"", ""manifold_distance"": ""pending_measurement"", ""recommended_operator"": ""not_yet_justified""}","[{""path"": ""artifacts/geometry_map/reach_wall_v1/discovery-screen/discovery_screen.json"", ""item"": ""rows[87]""}, {""path"": ""artifacts/geometry_map/reach_wall_v1/cached-geometry-v2/nonlinear_screen.json"", ""item"": ""rows[3]""}]"
reach-wall/encoder/block-4/spatial-mean/hand_z,reach-wall,encoder,4,block_residual_output,mean_of_256_spatial_tokens,,hand_z,"{""metric"": ""r2"", ""score"": 0.9911423148326575, ""time_baseline"": 0.00804356141242546, ""delta_vs_time"": 0.983098753420232}","{""knn_score"": 0.8264851066208394, ""linear_score"": 0.9911423148326575, ""nonlinear_gain"": -0.16465720821181806}",,"{""participation_ratio"": 4.319770280031111, ""top10_variance_fraction"": 0.76495673509313, ""adjacent_timestep_cosine_mean"": 0.9989860851476156}",,,,,,none_validated,"{""linear_score"": ""measured_discovery_only"", ""nonlinear_gain"": ""measured_discovery_only"", ""best_coordinate_frame"": ""pending_measurement"", ""geometry"": ""descriptive_activation_geometry"", ""cross_trajectory_stability"": ""pending_measurement"", ""regime_dependence"": ""pending_measurement"", ""causal_patch_effect"": ""pending_measurement"", ""specificity"": ""pending_measurement"", ""manifold_distance"": ""pending_measurement"", ""recommended_operator"": ""not_yet_justified""}","[{""path"": ""artifacts/geometry_map/reach_wall_v1/discovery-screen/discovery_screen.json"", ""item"": ""rows[88]""}, {""path"": ""artifacts/geometry_map/reach_wall_v1/cached-geometry-v2/nonlinear_screen.json"", ""item"": ""rows[4]""}]"
reach-wall/encoder/block-4/spatial-mean/height_above_wall_top,reach-wall,encoder,4,block_residual_output,mean_of_256_spatial_tokens,,height_above_wall_top,"{""metric"": ""r2"", ""score"": 0.9911423145026885, ""time_baseline"": 0.008043558955029284, ""delta_vs_time"": 0.9830987555476592}","{""knn_score"": 0.826485105349019, ""linear_score"": 0.9911423145026885, ""nonlinear_gain"": -0.16465720915366955}",,"{""participation_ratio"": 4.319770280031111, ""top10_variance_fraction"": 0.76495673509313, ""adjacent_timestep_cosine_mean"": 0.9989860851476156}",,,,,,none_validated,"{""linear_score"": ""measured_discovery_only"", ""nonlinear_gain"": ""measured_discovery_only"", ""best_coordinate_frame"": ""pending_measurement"", ""geometry"": ""descriptive_activation_geometry"", ""cross_trajectory_stability"": ""pending_measurement"", ""regime_dependence"": ""pending_measurement"", ""causal_patch_effect"": ""pending_measurement"", ""specificity"": ""pending_measurement"", ""manifold_distance"": ""pending_measurement"", ""recommended_operator"": ""not_yet_justified""}","[{""path"": ""artifacts/geometry_map/reach_wall_v1/discovery-screen/discovery_screen.json"", ""item"": ""rows[93]""}, {""path"": ""artifacts/geometry_map/reach_wall_v1/cached-geometry-v2/nonlinear_screen.json"", ""item"": ""rows[9]""}]"
reach-wall/encoder/block-4/spatial-mean/realized_dx,reach-wall,encoder,4,block_residual_output,mean_of_256_spatial_tokens,,realized_dx,"{""metric"": ""r2"", ""score"": -0.03933983862508139, ""time_baseline"": 0.005340828654275098, ""delta_vs_time"": -0.04468066727935649}","{""knn_score"": 0.003605047376885606, ""linear_score"": -0.03933983862508139, ""nonlinear_gain"": 0.042944886001967}",,"{""participation_ratio"": 4.319770280031111, ""top10_variance_fraction"": 0.76495673509313, ""adjacent_timestep_cosine_mean"": 0.9989860851476156}",,,,,,none_validated,"{""linear_score"": ""measured_discovery_only"", ""nonlinear_gain"": ""measured_discovery_only"", ""best_coordinate_frame"": ""pending_measurement"", ""geometry"": ""descriptive_activation_geometry"", ""cross_trajectory_stability"": ""pending_measurement"", ""regime_dependence"": ""pending_measurement"", ""causal_patch_effect"": ""pending_measurement"", ""specificity"": ""pending_measurement"", ""manifold_distance"": ""pending_measurement"", ""recommended_operator"": ""not_yet_justified""}","[{""path"": ""artifacts/geometry_map/reach_wall_v1/discovery-screen/discovery_screen.json"", ""item"": ""rows[100]""}, {""path"": ""artifacts/geometry_map/reach_wall_v1/cached-geometry-v2/nonlinear_screen.json"", ""item"": ""rows[16]""}]"
reach-wall/encoder/block-4/spatial-mean/realized_dy,reach-wall,encoder,4,block_residual_output,mean_of_256_spatial_tokens,,realized_dy,"{""metric"": ""r2"", ""score"": 0.853188054179312, ""time_baseline"": 0.7938417819030151, ""delta_vs_time"": 0.05934627227629685}","{""knn_score"": 0.8039911686469173, ""linear_score"": 0.853188054179312, ""nonlinear_gain"": -0.04919688553239465}",,"{""participation_ratio"": 4.319770280031111, ""top10_variance_fraction"": 0.76495673509313, ""adjacent_timestep_cosine_mean"": 0.9989860851476156}",,,,,,none_validated,"{""linear_score"": ""measured_discovery_only"", ""nonlinear_gain"": ""measured_discovery_only"", ""best_coordinate_frame"": ""pending_measurement"", ""geometry"": ""descriptive_activation_geometry"", ""cross_trajectory_stability"": ""pending_measurement"", ""regime_dependence"": ""pending_measurement"", ""causal_patch_effect"": ""pending_measurement"", ""specificity"": ""pending_measurement"", ""manifold_distance"": ""pending_measurement"", ""recommended_operator"": ""not_yet_justified""}","[{""path"": ""artifacts/geometry_map/reach_wall_v1/discovery-screen/discovery_screen.json"", ""item"": ""rows[101]""}, {""path"": ""artifacts/geometry_map/reach_wall_v1/cached-geometry-v2/nonlinear_screen.json"", ""item"": ""rows[17]""}]"
reach-wall/encoder/block-4/spatial-mean/realized_dz,reach-wall,encoder,4,block_residual_output,mean_of_256_spatial_tokens,,realized_dz,"{""metric"": ""r2"", ""score"": 0.10455075576707162, ""time_baseline"": 0.07117442644816807, ""delta_vs_time"": 0.03337632931890355}","{""knn_score"": 0.13859436248591694, ""linear_score"": 0.10455075576707162, ""nonlinear_gain"": 0.03404360671884532}",,"{""participation_ratio"": 4.319770280031111, ""top10_variance_fraction"": 0.76495673509313, ""adjacent_timestep_cosine_mean"": 0.9989860851476156}",,,,,,none_validated,"{""linear_score"": ""measured_discovery_only"", ""nonlinear_gain"": ""measured_discovery_only"", ""best_coordinate_frame"": ""pending_measurement"", ""geometry"": ""descriptive_activation_geometry"", ""cross_trajectory_stability"": ""pending_measurement"", ""regime_dependence"": ""pending_measurement"", ""causal_patch_effect"": ""pending_measurement"", ""specificity"": ""pending_measurement"", ""manifold_distance"": ""pending_measurement"", ""recommended_operator"": ""not_yet_justified""}","[{""path"": ""artifacts/geometry_map/reach_wall_v1/discovery-screen/discovery_screen.json"", ""item"": ""rows[102]""}, {""path"": ""artifacts/geometry_map/reach_wall_v1/cached-geometry-v2/nonlinear_screen.json"", ""item"": ""rows[18]""}]"
reach-wall/encoder/block-4/spatial-mean/realized_hand_delta_magnitude,reach-wall,encoder,4,block_residual_output,mean_of_256_spatial_tokens,,realized_hand_delta_magnitude,"{""metric"": ""r2"", ""score"": 0.7077047442964883, ""time_baseline"": 0.6130267917023396, ""delta_vs_time"": 0.09467795259414868}","{""knn_score"": 0.6839286730689063, ""linear_score"": 0.7077047442964883, ""nonlinear_gain"": -0.023776071227582074}",,"{""participation_ratio"": 4.319770280031111, ""top10_variance_fraction"": 0.76495673509313, ""adjacent_timestep_cosine_mean"": 0.9989860851476156}",,,,,,none_validated,"{""linear_score"": ""measured_discovery_only"", ""nonlinear_gain"": ""measured_discovery_only"", ""best_coordinate_frame"": ""pending_measurement"", ""geometry"": ""descriptive_activation_geometry"", ""cross_trajectory_stability"": ""pending_measurement"", ""regime_dependence"": ""pending_measurement"", ""causal_patch_effect"": ""pending_measurement"", ""specificity"": ""pending_measurement"", ""manifold_distance"": ""pending_measurement"", ""recommended_operator"": ""not_yet_justified""}","[{""path"": ""artifacts/geometry_map/reach_wall_v1/discovery-screen/discovery_screen.json"", ""item"": ""rows[103]""}, {""path"": ""artifacts/geometry_map/reach_wall_v1/emergence-geometry/emergence_geometry.json"", ""item"": ""curves.encoder.motion_magnitude.rows.layer=4""}, {""path"": ""artifacts/geometry_map/reach_wall_v1/cached-geometry-v2/nonlinear_screen.json"", ""item"": ""rows[19]""}]"
reach-wall/encoder/block-4/spatial-mean/realized_xz_direction,reach-wall,encoder,4,block_residual_output,mean_of_256_spatial_tokens,,realized_xz_direction,"{""metric"": ""r2"", ""score"": 0.001716930900906289, ""time_baseline"": null, ""delta_vs_time"": null}",,,,,,,,,none_validated,"{""linear_score"": ""measured_discovery_only"", ""nonlinear_gain"": ""pending_measurement"", ""best_coordinate_frame"": ""pending_measurement"", ""geometry"": ""pending_measurement"", ""cross_trajectory_stability"": ""pending_measurement"", ""regime_dependence"": ""pending_measurement"", ""causal_patch_effect"": ""pending_measurement"", ""specificity"": ""pending_measurement"", ""manifold_distance"": ""pending_measurement"", ""recommended_operator"": ""not_yet_justified""}","[{""path"": ""artifacts/geometry_map/reach_wall_v1/emergence-geometry/emergence_geometry.json"", ""item"": ""curves.encoder.realized_xz_direction.rows.layer=4""}]"
reach-wall/encoder/block-4/spatial-mean/reward_sum,reach-wall,encoder,4,block_residual_output,mean_of_256_spatial_tokens,,reward_sum,"{""metric"": ""r2"", ""score"": 0.9474731718516739, ""time_baseline"": 0.9142972039613033, ""delta_vs_time"": 0.03317596789037058}","{""knn_score"": 0.8318537961837222, ""linear_score"": 0.9474731718516739, ""nonlinear_gain"": -0.11561937566795166}",,"{""participation_ratio"": 4.319770280031111, ""top10_variance_fraction"": 0.76495673509313, ""adjacent_timestep_cosine_mean"": 0.9989860851476156}",,,,,,none_validated,"{""linear_score"": ""measured_discovery_only"", ""nonlinear_gain"": ""measured_discovery_only"", ""best_coordinate_frame"": ""pending_measurement"", ""geometry"": ""descriptive_activation_geometry"", ""cross_trajectory_stability"": ""pending_measurement"", ""regime_dependence"": ""pending_measurement"", ""causal_patch_effect"": ""pending_measurement"", ""specificity"": ""pending_measurement"", ""manifold_distance"": ""pending_measurement"", ""recommended_operator"": ""not_yet_justified""}","[{""path"": ""artifacts/geometry_map/reach_wall_v1/discovery-screen/discovery_screen.json"", ""item"": ""rows[104]""}, {""path"": ""artifacts/geometry_map/reach_wall_v1/cached-geometry-v2/nonlinear_screen.json"", ""item"": ""rows[20]""}]"
reach-wall/encoder/block-4/spatial-mean/wall_signed_distance,reach-wall,encoder,4,block_residual_output,mean_of_256_spatial_tokens,,wall_signed_distance,"{""metric"": ""r2"", ""score"": 0.9623030341941952, ""time_baseline"": 0.14228076564542247, ""delta_vs_time"": 0.8200222685487727}","{""knn_score"": 0.8431534086868269, ""linear_score"": 0.9623030341941952, ""nonlinear_gain"": -0.1191496255073683}",,"{""participation_ratio"": 4.319770280031111, ""top10_variance_fraction"": 0.76495673509313, ""adjacent_timestep_cosine_mean"": 0.9989860851476156}",,,,,,none_validated,"{""linear_score"": ""measured_discovery_only"", ""nonlinear_gain"": ""measured_discovery_only"", ""best_coordinate_frame"": ""pending_measurement"", ""geometry"": ""descriptive_activation_geometry"", ""cross_trajectory_stability"": ""pending_measurement"", ""regime_dependence"": ""pending_measurement"", ""causal_patch_effect"": ""pending_measurement"", ""specificity"": ""pending_measurement"", ""manifold_distance"": ""pending_measurement"", ""recommended_operator"": ""not_yet_justified""}","[{""path"": ""artifacts/geometry_map/reach_wall_v1/discovery-screen/discovery_screen.json"", ""item"": ""rows[92]""}, {""path"": ""artifacts/geometry_map/reach_wall_v1/emergence-geometry/emergence_geometry.json"", ""item"": ""curves.encoder.wall_signed_distance.rows.layer=4""}, {""path"": ""artifacts/geometry_map/reach_wall_v1/cached-geometry-v2/nonlinear_screen.json"", ""item"": ""rows[8]""}]"
reach-wall/encoder/block-5/spatial-mean/action_chunk_frobenius_magnitude,reach-wall,encoder,5,block_residual_output,mean_of_256_spatial_tokens,,action_chunk_frobenius_magnitude,"{""metric"": ""r2"", ""score"": 0.5109745853952705, ""time_baseline"": 0.4725658231754639, ""delta_vs_time"": 0.0384087622198066}",,,"{""participation_ratio"": 5.010366563529673, ""top10_variance_fraction"": 0.7497155847567596, ""adjacent_timestep_cosine_mean"": 0.9988356027158863}",,,,,,none_validated,"{""linear_score"": ""measured_discovery_only"", ""nonlinear_gain"": ""pending_measurement"", ""best_coordinate_frame"": ""pending_measurement"", ""geometry"": ""descriptive_activation_geometry"", ""cross_trajectory_stability"": ""pending_measurement"", ""regime_dependence"": ""pending_measurement"", ""causal_patch_effect"": ""pending_measurement"", ""specificity"": ""pending_measurement"", ""manifold_distance"": ""pending_measurement"", ""recommended_operator"": ""not_yet_justified""}","[{""path"": ""artifacts/geometry_map/reach_wall_v1/discovery-screen/discovery_screen.json"", ""item"": ""rows[120]""}]"
reach-wall/encoder/block-5/spatial-mean/action_dx,reach-wall,encoder,5,block_residual_output,mean_of_256_spatial_tokens,,action_dx,"{""metric"": ""r2"", ""score"": -0.018730649514115294, ""time_baseline"": 0.0033910809446688894, ""delta_vs_time"": -0.022121730458784183}",,,"{""participation_ratio"": 5.010366563529673, ""top10_variance_fraction"": 0.7497155847567596, ""adjacent_timestep_cosine_mean"": 0.9988356027158863}",,,,,,none_validated,"{""linear_score"": ""measured_discovery_only"", ""nonlinear_gain"": ""pending_measurement"", ""best_coordinate_frame"": ""pending_measurement"", ""geometry"": ""descriptive_activation_geometry"", ""cross_trajectory_stability"": ""pending_measurement"", ""regime_dependence"": ""pending_measurement"", ""causal_patch_effect"": ""pending_measurement"", ""specificity"": ""pending_measurement"", ""manifold_distance"": ""pending_measurement"", ""recommended_operator"": ""not_yet_justified""}","[{""path"": ""artifacts/geometry_map/reach_wall_v1/discovery-screen/discovery_screen.json"", ""item"": ""rows[117]""}]"
reach-wall/encoder/block-5/spatial-mean/action_dy,reach-wall,encoder,5,block_residual_output,mean_of_256_spatial_tokens,,action_dy,"{""metric"": ""r2"", ""score"": 0.6165912578225661, ""time_baseline"": 0.6287213192564175, ""delta_vs_time"": -0.012130061433851425}",,,"{""participation_ratio"": 5.010366563529673, ""top10_variance_fraction"": 0.7497155847567596, ""adjacent_timestep_cosine_mean"": 0.9988356027158863}",,,,,,none_validated,"{""linear_score"": ""measured_discovery_only"", ""nonlinear_gain"": ""pending_measurement"", ""best_coordinate_frame"": ""pending_measurement"", ""geometry"": ""descriptive_activation_geometry"", ""cross_trajectory_stability"": ""pending_measurement"", ""regime_dependence"": ""pending_measurement"", ""causal_patch_effect"": ""pending_measurement"", ""specificity"": ""pending_measurement"", ""manifold_distance"": ""pending_measurement"", ""recommended_operator"": ""not_yet_justified""}","[{""path"": ""artifacts/geometry_map/reach_wall_v1/discovery-screen/discovery_screen.json"", ""item"": ""rows[118]""}]"
reach-wall/encoder/block-5/spatial-mean/action_dz,reach-wall,encoder,5,block_residual_output,mean_of_256_spatial_tokens,,action_dz,"{""metric"": ""r2"", ""score"": 0.050441667411965985, ""time_baseline"": 0.02788791500905774, ""delta_vs_time"": 0.022553752402908245}",,,"{""participation_ratio"": 5.010366563529673, ""top10_variance_fraction"": 0.7497155847567596, ""adjacent_timestep_cosine_mean"": 0.9988356027158863}",,,,,,none_validated,"{""linear_score"": ""measured_discovery_only"", ""nonlinear_gain"": ""pending_measurement"", ""best_coordinate_frame"": ""pending_measurement"", ""geometry"": ""descriptive_activation_geometry"", ""cross_trajectory_stability"": ""pending_measurement"", ""regime_dependence"": ""pending_measurement"", ""causal_patch_effect"": ""pending_measurement"", ""specificity"": ""pending_measurement"", ""manifold_distance"": ""pending_measurement"", ""recommended_operator"": ""not_yet_justified""}","[{""path"": ""artifacts/geometry_map/reach_wall_v1/discovery-screen/discovery_screen.json"", ""item"": ""rows[119]""}]"
reach-wall/encoder/block-5/spatial-mean/cumulative_progress,reach-wall,encoder,5,block_residual_output,mean_of_256_spatial_tokens,,cumulative_progress,"{""metric"": ""r2"", ""score"": 0.9421789689257454, ""time_baseline"": 0.9222151817810877, ""delta_vs_time"": 0.01996378714465763}",,,"{""participation_ratio"": 5.010366563529673, ""top10_variance_fraction"": 0.7497155847567596, ""adjacent_timestep_cosine_mean"": 0.9988356027158863}",,,,,,none_validated,"{""linear_score"": ""measured_discovery_only"", ""nonlinear_gain"": ""pending_measurement"", ""best_coordinate_frame"": ""pending_measurement"", ""geometry"": ""descriptive_activation_geometry"", ""cross_trajectory_stability"": ""pending_measurement"", ""regime_dependence"": ""pending_measurement"", ""causal_patch_effect"": ""pending_measurement"", ""specificity"": ""pending_measurement"", ""manifold_distance"": ""pending_measurement"", ""recommended_operator"": ""not_yet_justified""}","[{""path"": ""artifacts/geometry_map/reach_wall_v1/discovery-screen/discovery_screen.json"", ""item"": ""rows[106]""}, {""path"": ""artifacts/geometry_map/reach_wall_v1/emergence-geometry/emergence_geometry.json"", ""item"": ""curves.encoder.progress.rows.layer=5""}]"
reach-wall/encoder/block-5/spatial-mean/expert_detour_gate,reach-wall,encoder,5,block_residual_output,mean_of_256_spatial_tokens,,expert_detour_gate,"{""metric"": ""auroc"", ""score"": 0.9984108579490873, ""time_baseline"": 0.978149765850144, ""delta_vs_time"": 0.020261092098943334}",,,"{""participation_ratio"": 5.010366563529673, ""top10_variance_fraction"": 0.7497155847567596, ""adjacent_timestep_cosine_mean"": 0.9988356027158863}",,,,,,none_validated,"{""linear_score"": ""measured_discovery_only"", ""nonlinear_gain"": ""pending_measurement"", ""best_coordinate_frame"": ""pending_measurement"", ""geometry"": ""descriptive_activation_geometry"", ""cross_trajectory_stability"": ""pending_measurement"", ""regime_dependence"": ""pending_measurement"", ""causal_patch_effect"": ""pending_measurement"", ""specificity"": ""pending_measurement"", ""manifold_distance"": ""pending_measurement"", ""recommended_operator"": ""not_yet_justified""}","[{""path"": ""artifacts/geometry_map/reach_wall_v1/discovery-screen/discovery_screen.json"", ""item"": ""rows[116]""}]"
reach-wall/encoder/block-5/spatial-mean/goal_distance,reach-wall,encoder,5,block_residual_output,mean_of_256_spatial_tokens,,goal_distance,"{""metric"": ""r2"", ""score"": 0.9262603038410157, ""time_baseline"": 0.908897827090231, ""delta_vs_time"": 0.017362476750784617}",,,"{""participation_ratio"": 5.010366563529673, ""top10_variance_fraction"": 0.7497155847567596, ""adjacent_timestep_cosine_mean"": 0.9988356027158863}",,,,,,none_validated,"{""linear_score"": ""measured_discovery_only"", ""nonlinear_gain"": ""pending_measurement"", ""best_coordinate_frame"": ""pending_measurement"", ""geometry"": ""descriptive_activation_geometry"", ""cross_trajectory_stability"": ""pending_measurement"", ""regime_dependence"": ""pending_measurement"", ""causal_patch_effect"": ""pending_measurement"", ""specificity"": ""pending_measurement"", ""manifold_distance"": ""pending_measurement"", ""recommended_operator"": ""not_yet_justified""}","[{""path"": ""artifacts/geometry_map/reach_wall_v1/discovery-screen/discovery_screen.json"", ""item"": ""rows[105]""}]"
reach-wall/encoder/block-5/spatial-mean/goal_vector_x,reach-wall,encoder,5,block_residual_output,mean_of_256_spatial_tokens,,goal_vector_x,"{""metric"": ""r2"", ""score"": 0.057259248473089386, ""time_baseline"": 0.08054582471970773, ""delta_vs_time"": -0.02328657624661834}",,,"{""participation_ratio"": 5.010366563529673, ""top10_variance_fraction"": 0.7497155847567596, ""adjacent_timestep_cosine_mean"": 0.9988356027158863}",,,,,,none_validated,"{""linear_score"": ""measured_discovery_only"", ""nonlinear_gain"": ""pending_measurement"", ""best_coordinate_frame"": ""pending_measurement"", ""geometry"": ""descriptive_activation_geometry"", ""cross_trajectory_stability"": ""pending_measurement"", ""regime_dependence"": ""pending_measurement"", ""causal_patch_effect"": ""pending_measurement"", ""specificity"": ""pending_measurement"", ""manifold_distance"": ""pending_measurement"", ""recommended_operator"": ""not_yet_justified""}","[{""path"": ""artifacts/geometry_map/reach_wall_v1/discovery-screen/discovery_screen.json"", ""item"": ""rows[110]""}]"
reach-wall/encoder/block-5/spatial-mean/goal_vector_y,reach-wall,encoder,5,block_residual_output,mean_of_256_spatial_tokens,,goal_vector_y,"{""metric"": ""r2"", ""score"": 0.9586406476906594, ""time_baseline"": 0.9568517433439947, ""delta_vs_time"": 0.001788904346664677}",,,"{""participation_ratio"": 5.010366563529673, ""top10_variance_fraction"": 0.7497155847567596, ""adjacent_timestep_cosine_mean"": 0.9988356027158863}",,,,,,none_validated,"{""linear_score"": ""measured_discovery_only"", ""nonlinear_gain"": ""pending_measurement"", ""best_coordinate_frame"": ""pending_measurement"", ""geometry"": ""descriptive_activation_geometry"", ""cross_trajectory_stability"": ""pending_measurement"", ""regime_dependence"": ""pending_measurement"", ""causal_patch_effect"": ""pending_measurement"", ""specificity"": ""pending_measurement"", ""manifold_distance"": ""pending_measurement"", ""recommended_operator"": ""not_yet_justified""}","[{""path"": ""artifacts/geometry_map/reach_wall_v1/discovery-screen/discovery_screen.json"", ""item"": ""rows[111]""}]"
reach-wall/encoder/block-5/spatial-mean/goal_vector_z,reach-wall,encoder,5,block_residual_output,mean_of_256_spatial_tokens,,goal_vector_z,"{""metric"": ""r2"", ""score"": 0.3393629656863608, ""time_baseline"": 0.044334510544640326, ""delta_vs_time"": 0.2950284551417205}",,,"{""participation_ratio"": 5.010366563529673, ""top10_variance_fraction"": 0.7497155847567596, ""adjacent_timestep_cosine_mean"": 0.9988356027158863}",,,,,,none_validated,"{""linear_score"": ""measured_discovery_only"", ""nonlinear_gain"": ""pending_measurement"", ""best_coordinate_frame"": ""pending_measurement"", ""geometry"": ""descriptive_activation_geometry"", ""cross_trajectory_stability"": ""pending_measurement"", ""regime_dependence"": ""pending_measurement"", ""causal_patch_effect"": ""pending_measurement"", ""specificity"": ""pending_measurement"", ""manifold_distance"": ""pending_measurement"", ""recommended_operator"": ""not_yet_justified""}","[{""path"": ""artifacts/geometry_map/reach_wall_v1/discovery-screen/discovery_screen.json"", ""item"": ""rows[112]""}]"
reach-wall/encoder/block-5/spatial-mean/goal_xz_direction,reach-wall,encoder,5,block_residual_output,mean_of_256_spatial_tokens,,goal_xz_direction,"{""metric"": ""r2"", ""score"": 0.2895238503203622, ""time_baseline"": null, ""delta_vs_time"": null}",,,,,,,,,none_validated,"{""linear_score"": ""measured_discovery_only"", ""nonlinear_gain"": ""pending_measurement"", ""best_coordinate_frame"": ""pending_measurement"", ""geometry"": ""pending_measurement"", ""cross_trajectory_stability"": ""pending_measurement"", ""regime_dependence"": ""pending_measurement"", ""causal_patch_effect"": ""pending_measurement"", ""specificity"": ""pending_measurement"", ""manifold_distance"": ""pending_measurement"", ""recommended_operator"": ""not_yet_justified""}","[{""path"": ""artifacts/geometry_map/reach_wall_v1/emergence-geometry/emergence_geometry.json"", ""item"": ""curves.encoder.goal_xz_direction.rows.layer=5""}]"
reach-wall/encoder/block-5/spatial-mean/hand_to_goal_segment_intersects_wall,reach-wall,encoder,5,block_residual_output,mean_of_256_spatial_tokens,,hand_to_goal_segment_intersects_wall,"{""metric"": ""auroc"", ""score"": 0.9875753891975818, ""time_baseline"": 0.9019247457737662, ""delta_vs_time"": 0.08565064342381556}",,,"{""participation_ratio"": 5.010366563529673, ""top10_variance_fraction"": 0.7497155847567596, ""adjacent_timestep_cosine_mean"": 0.9988356027158863}",,,,,,none_validated,"{""linear_score"": ""measured_discovery_only"", ""nonlinear_gain"": ""pending_measurement"", ""best_coordinate_frame"": ""pending_measurement"", ""geometry"": ""descriptive_activation_geometry"", ""cross_trajectory_stability"": ""pending_measurement"", ""regime_dependence"": ""pending_measurement"", ""causal_patch_effect"": ""pending_measurement"", ""specificity"": ""pending_measurement"", ""manifold_distance"": ""pending_measurement"", ""recommended_operator"": ""not_yet_justified""}","[{""path"": ""artifacts/geometry_map/reach_wall_v1/discovery-screen/discovery_screen.json"", ""item"": ""rows[115]""}]"
reach-wall/encoder/block-5/spatial-mean/hand_x,reach-wall,encoder,5,block_residual_output,mean_of_256_spatial_tokens,,hand_x,"{""metric"": ""r2"", ""score"": 0.7951795938095619, ""time_baseline"": 0.058067306134002794, ""delta_vs_time"": 0.7371122876755591}",,,"{""participation_ratio"": 5.010366563529673, ""top10_variance_fraction"": 0.7497155847567596, ""adjacent_timestep_cosine_mean"": 0.9988356027158863}",,,,,,none_validated,"{""linear_score"": ""measured_discovery_only"", ""nonlinear_gain"": ""pending_measurement"", ""best_coordinate_frame"": ""pending_measurement"", ""geometry"": ""descriptive_activation_geometry"", ""cross_trajectory_stability"": ""pending_measurement"", ""regime_dependence"": ""pending_measurement"", ""causal_patch_effect"": ""pending_measurement"", ""specificity"": ""pending_measurement"", ""manifold_distance"": ""pending_measurement"", ""recommended_operator"": ""not_yet_justified""}","[{""path"": ""artifacts/geometry_map/reach_wall_v1/discovery-screen/discovery_screen.json"", ""item"": ""rows[107]""}]"
reach-wall/encoder/block-5/spatial-mean/hand_y,reach-wall,encoder,5,block_residual_output,mean_of_256_spatial_tokens,,hand_y,"{""metric"": ""r2"", ""score"": 0.9893848566667883, ""time_baseline"": 0.9772521653309317, ""delta_vs_time"": 0.012132691335856594}",,,"{""participation_ratio"": 5.010366563529673, ""top10_variance_fraction"": 0.7497155847567596, ""adjacent_timestep_cosine_mean"": 0.9988356027158863}",,,,,,none_validated,"{""linear_score"": ""measured_discovery_only"", ""nonlinear_gain"": ""pending_measurement"", ""best_coordinate_frame"": ""pending_measurement"", ""geometry"": ""descriptive_activation_geometry"", ""cross_trajectory_stability"": ""pending_measurement"", ""regime_dependence"": ""pending_measurement"", ""causal_patch_effect"": ""pending_measurement"", ""specificity"": ""pending_measurement"", ""manifold_distance"": ""pending_measurement"", ""recommended_operator"": ""not_yet_justified""}","[{""path"": ""artifacts/geometry_map/reach_wall_v1/discovery-screen/discovery_screen.json"", ""item"": ""rows[108]""}]"
reach-wall/encoder/block-5/spatial-mean/hand_z,reach-wall,encoder,5,block_residual_output,mean_of_256_spatial_tokens,,hand_z,"{""metric"": ""r2"", ""score"": 0.991095820076667, ""time_baseline"": 0.00804356141242546, ""delta_vs_time"": 0.9830522586642415}",,,"{""participation_ratio"": 5.010366563529673, ""top10_variance_fraction"": 0.7497155847567596, ""adjacent_timestep_cosine_mean"": 0.9988356027158863}",,,,,,none_validated,"{""linear_score"": ""measured_discovery_only"", ""nonlinear_gain"": ""pending_measurement"", ""best_coordinate_frame"": ""pending_measurement"", ""geometry"": ""descriptive_activation_geometry"", ""cross_trajectory_stability"": ""pending_measurement"", ""regime_dependence"": ""pending_measurement"", ""causal_patch_effect"": ""pending_measurement"", ""specificity"": ""pending_measurement"", ""manifold_distance"": ""pending_measurement"", ""recommended_operator"": ""not_yet_justified""}","[{""path"": ""artifacts/geometry_map/reach_wall_v1/discovery-screen/discovery_screen.json"", ""item"": ""rows[109]""}]"
reach-wall/encoder/block-5/spatial-mean/height_above_wall_top,reach-wall,encoder,5,block_residual_output,mean_of_256_spatial_tokens,,height_above_wall_top,"{""metric"": ""r2"", ""score"": 0.9910958199668501, ""time_baseline"": 0.008043558955029284, ""delta_vs_time"": 0.9830522610118209}",,,"{""participation_ratio"": 5.010366563529673, ""top10_variance_fraction"": 0.7497155847567596, ""adjacent_timestep_cosine_mean"": 0.9988356027158863}",,,,,,none_validated,"{""linear_score"": ""measured_discovery_only"", ""nonlinear_gain"": ""pending_measurement"", ""best_coordinate_frame"": ""pending_measurement"", ""geometry"": ""descriptive_activation_geometry"", ""cross_trajectory_stability"": ""pending_measurement"", ""regime_dependence"": ""pending_measurement"", ""causal_patch_effect"": ""pending_measurement"", ""specificity"": ""pending_measurement"", ""manifold_distance"": ""pending_measurement"", ""recommended_operator"": ""not_yet_justified""}","[{""path"": ""artifacts/geometry_map/reach_wall_v1/discovery-screen/discovery_screen.json"", ""item"": ""rows[114]""}]"
reach-wall/encoder/block-5/spatial-mean/realized_dx,reach-wall,encoder,5,block_residual_output,mean_of_256_spatial_tokens,,realized_dx,"{""metric"": ""r2"", ""score"": 0.015166126079220521, ""time_baseline"": 0.005340828654275098, ""delta_vs_time"": 0.009825297424945423}",,,"{""participation_ratio"": 5.010366563529673, ""top10_variance_fraction"": 0.7497155847567596, ""adjacent_timestep_cosine_mean"": 0.9988356027158863}",,,,,,none_validated,"{""linear_score"": ""measured_discovery_only"", ""nonlinear_gain"": ""pending_measurement"", ""best_coordinate_frame"": ""pending_measurement"", ""geometry"": ""descriptive_activation_geometry"", ""cross_trajectory_stability"": ""pending_measurement"", ""regime_dependence"": ""pending_measurement"", ""causal_patch_effect"": ""pending_measurement"", ""specificity"": ""pending_measurement"", ""manifold_distance"": ""pending_measurement"", ""recommended_operator"": ""not_yet_justified""}","[{""path"": ""artifacts/geometry_map/reach_wall_v1/discovery-screen/discovery_screen.json"", ""item"": ""rows[121]""}]"
reach-wall/encoder/block-5/spatial-mean/realized_dy,reach-wall,encoder,5,block_residual_output,mean_of_256_spatial_tokens,,realized_dy,"{""metric"": ""r2"", ""score"": 0.8543191399732873, ""time_baseline"": 0.7938417819030151, ""delta_vs_time"": 0.060477358070272214}",,,"{""participation_ratio"": 5.010366563529673, ""top10_variance_fraction"": 0.7497155847567596, ""adjacent_timestep_cosine_mean"": 0.9988356027158863}",,,,,,none_validated,"{""linear_score"": ""measured_discovery_only"", ""nonlinear_gain"": ""pending_measurement"", ""best_coordinate_frame"": ""pending_measurement"", ""geometry"": ""descriptive_activation_geometry"", ""cross_trajectory_stability"": ""pending_measurement"", ""regime_dependence"": ""pending_measurement"", ""causal_patch_effect"": ""pending_measurement"", ""specificity"": ""pending_measurement"", ""manifold_distance"": ""pending_measurement"", ""recommended_operator"": ""not_yet_justified""}","[{""path"": ""artifacts/geometry_map/reach_wall_v1/discovery-screen/discovery_screen.json"", ""item"": ""rows[122]""}]"
reach-wall/encoder/block-5/spatial-mean/realized_dz,reach-wall,encoder,5,block_residual_output,mean_of_256_spatial_tokens,,realized_dz,"{""metric"": ""r2"", ""score"": 0.14094948889528824, ""time_baseline"": 0.07117442644816807, ""delta_vs_time"": 0.06977506244712017}",,,"{""participation_ratio"": 5.010366563529673, ""top10_variance_fraction"": 0.7497155847567596, ""adjacent_timestep_cosine_mean"": 0.9988356027158863}",,,,,,none_validated,"{""linear_score"": ""measured_discovery_only"", ""nonlinear_gain"": ""pending_measurement"", ""best_coordinate_frame"": ""pending_measurement"", ""geometry"": ""descriptive_activation_geometry"", ""cross_trajectory_stability"": ""pending_measurement"", ""regime_dependence"": ""pending_measurement"", ""causal_patch_effect"": ""pending_measurement"", ""specificity"": ""pending_measurement"", ""manifold_distance"": ""pending_measurement"", ""recommended_operator"": ""not_yet_justified""}","[{""path"": ""artifacts/geometry_map/reach_wall_v1/discovery-screen/discovery_screen.json"", ""item"": ""rows[123]""}]"
reach-wall/encoder/block-5/spatial-mean/realized_hand_delta_magnitude,reach-wall,encoder,5,block_residual_output,mean_of_256_spatial_tokens,,realized_hand_delta_magnitude,"{""metric"": ""r2"", ""score"": 0.7225247190268336, ""time_baseline"": 0.6130267917023396, ""delta_vs_time"": 0.10949792732449393}",,,"{""participation_ratio"": 5.010366563529673, ""top10_variance_fraction"": 0.7497155847567596, ""adjacent_timestep_cosine_mean"": 0.9988356027158863}",,,,,,none_validated,"{""linear_score"": ""measured_discovery_only"", ""nonlinear_gain"": ""pending_measurement"", ""best_coordinate_frame"": ""pending_measurement"", ""geometry"": ""descriptive_activation_geometry"", ""cross_trajectory_stability"": ""pending_measurement"", ""regime_dependence"": ""pending_measurement"", ""causal_patch_effect"": ""pending_measurement"", ""specificity"": ""pending_measurement"", ""manifold_distance"": ""pending_measurement"", ""recommended_operator"": ""not_yet_justified""}","[{""path"": ""artifacts/geometry_map/reach_wall_v1/discovery-screen/discovery_screen.json"", ""item"": ""rows[124]""}, {""path"": ""artifacts/geometry_map/reach_wall_v1/emergence-geometry/emergence_geometry.json"", ""item"": ""curves.encoder.motion_magnitude.rows.layer=5""}]"
reach-wall/encoder/block-5/spatial-mean/realized_xz_direction,reach-wall,encoder,5,block_residual_output,mean_of_256_spatial_tokens,,realized_xz_direction,"{""metric"": ""r2"", ""score"": 0.0350013288578598, ""time_baseline"": null, ""delta_vs_time"": null}",,,,,,,,,none_validated,"{""linear_score"": ""measured_discovery_only"", ""nonlinear_gain"": ""pending_measurement"", ""best_coordinate_frame"": ""pending_measurement"", ""geometry"": ""pending_measurement"", ""cross_trajectory_stability"": ""pending_measurement"", ""regime_dependence"": ""pending_measurement"", ""causal_patch_effect"": ""pending_measurement"", ""specificity"": ""pending_measurement"", ""manifold_distance"": ""pending_measurement"", ""recommended_operator"": ""not_yet_justified""}","[{""path"": ""artifacts/geometry_map/reach_wall_v1/emergence-geometry/emergence_geometry.json"", ""item"": ""curves.encoder.realized_xz_direction.rows.layer=5""}]"
reach-wall/encoder/block-5/spatial-mean/reward_sum,reach-wall,encoder,5,block_residual_output,mean_of_256_spatial_tokens,,reward_sum,"{""metric"": ""r2"", ""score"": 0.9493289344025297, ""time_baseline"": 0.9142972039613033, ""delta_vs_time"": 0.03503173044122643}",,,"{""participation_ratio"": 5.010366563529673, ""top10_variance_fraction"": 0.7497155847567596, ""adjacent_timestep_cosine_mean"": 0.9988356027158863}",,,,,,none_validated,"{""linear_score"": ""measured_discovery_only"", ""nonlinear_gain"": ""pending_measurement"", ""best_coordinate_frame"": ""pending_measurement"", ""geometry"": ""descriptive_activation_geometry"", ""cross_trajectory_stability"": ""pending_measurement"", ""regime_dependence"": ""pending_measurement"", ""causal_patch_effect"": ""pending_measurement"", ""specificity"": ""pending_measurement"", ""manifold_distance"": ""pending_measurement"", ""recommended_operator"": ""not_yet_justified""}","[{""path"": ""artifacts/geometry_map/reach_wall_v1/discovery-screen/discovery_screen.json"", ""item"": ""rows[125]""}]"
reach-wall/encoder/block-5/spatial-mean/wall_signed_distance,reach-wall,encoder,5,block_residual_output,mean_of_256_spatial_tokens,,wall_signed_distance,"{""metric"": ""r2"", ""score"": 0.9648029632312275, ""time_baseline"": 0.14228076564542247, ""delta_vs_time"": 0.822522197585805}",,,"{""participation_ratio"": 5.010366563529673, ""top10_variance_fraction"": 0.7497155847567596, ""adjacent_timestep_cosine_mean"": 0.9988356027158863}",,,,,,none_validated,"{""linear_score"": ""measured_discovery_only"", ""nonlinear_gain"": ""pending_measurement"", ""best_coordinate_frame"": ""pending_measurement"", ""geometry"": ""descriptive_activation_geometry"", ""cross_trajectory_stability"": ""pending_measurement"", ""regime_dependence"": ""pending_measurement"", ""causal_patch_effect"": ""pending_measurement"", ""specificity"": ""pending_measurement"", ""manifold_distance"": ""pending_measurement"", ""recommended_operator"": ""not_yet_justified""}","[{""path"": ""artifacts/geometry_map/reach_wall_v1/discovery-screen/discovery_screen.json"", ""item"": ""rows[113]""}, {""path"": ""artifacts/geometry_map/reach_wall_v1/emergence-geometry/emergence_geometry.json"", ""item"": ""curves.encoder.wall_signed_distance.rows.layer=5""}]"
reach-wall/encoder/block-6/spatial-mean/action_chunk_frobenius_magnitude,reach-wall,encoder,6,block_residual_output,mean_of_256_spatial_tokens,,action_chunk_frobenius_magnitude,"{""metric"": ""r2"", ""score"": 0.49028195968129873, ""time_baseline"": 0.4725658231754639, ""delta_vs_time"": 0.017716136505834812}","{""knn_score"": 0.4953593222883155, ""linear_score"": 0.49028195968129873, ""nonlinear_gain"": 0.005077362607016744}",,"{""participation_ratio"": 4.909048281583971, ""top10_variance_fraction"": 0.7461662470029555, ""adjacent_timestep_cosine_mean"": 0.9987897834014257}",,,,,,none_validated,"{""linear_score"": ""measured_discovery_only"", ""nonlinear_gain"": ""measured_discovery_only"", ""best_coordinate_frame"": ""pending_measurement"", ""geometry"": ""descriptive_activation_geometry"", ""cross_trajectory_stability"": ""pending_measurement"", ""regime_dependence"": ""pending_measurement"", ""causal_patch_effect"": ""pending_measurement"", ""specificity"": ""pending_measurement"", ""manifold_distance"": ""pending_measurement"", ""recommended_operator"": ""not_yet_justified""}","[{""path"": ""artifacts/geometry_map/reach_wall_v1/discovery-screen/discovery_screen.json"", ""item"": ""rows[141]""}, {""path"": ""artifacts/geometry_map/reach_wall_v1/cached-geometry-v2/nonlinear_screen.json"", ""item"": ""rows[36]""}, {""path"": ""artifacts/geometry_map/reach_wall_v1/spatial-screen/spatial_screen.json"", ""item"": ""maps.encoder.block6.action_translation_magnitude""}]"
reach-wall/encoder/block-6/spatial-mean/action_dx,reach-wall,encoder,6,block_residual_output,mean_of_256_spatial_tokens,,action_dx,"{""metric"": ""r2"", ""score"": -0.024289217917287553, ""time_baseline"": 0.0033910809446688894, ""delta_vs_time"": -0.027680298861956443}","{""knn_score"": 0.0018302080752374827, ""linear_score"": -0.024289217917287553, ""nonlinear_gain"": 0.026119425992525036}",,"{""participation_ratio"": 4.909048281583971, ""top10_variance_fraction"": 0.7461662470029555, ""adjacent_timestep_cosine_mean"": 0.9987897834014257}",,,,,,none_validated,"{""linear_score"": ""measured_discovery_only"", ""nonlinear_gain"": ""measured_discovery_only"", ""best_coordinate_frame"": ""pending_measurement"", ""geometry"": ""descriptive_activation_geometry"", ""cross_trajectory_stability"": ""pending_measurement"", ""regime_dependence"": ""pending_measurement"", ""causal_patch_effect"": ""pending_measurement"", ""specificity"": ""pending_measurement"", ""manifold_distance"": ""pending_measurement"", ""recommended_operator"": ""not_yet_justified""}","[{""path"": ""artifacts/geometry_map/reach_wall_v1/discovery-screen/discovery_screen.json"", ""item"": ""rows[138]""}, {""path"": ""artifacts/geometry_map/reach_wall_v1/cached-geometry-v2/nonlinear_screen.json"", ""item"": ""rows[33]""}, {""path"": ""artifacts/geometry_map/reach_wall_v1/spatial-screen/spatial_screen.json"", ""item"": ""maps.encoder.block6.action_dx""}]"
reach-wall/encoder/block-6/spatial-mean/action_dy,reach-wall,encoder,6,block_residual_output,mean_of_256_spatial_tokens,,action_dy,"{""metric"": ""r2"", ""score"": 0.6141331506263925, ""time_baseline"": 0.6287213192564175, ""delta_vs_time"": -0.014588168630024989}","{""knn_score"": 0.6125422222390411, ""linear_score"": 0.6141331506263925, ""nonlinear_gain"": -0.0015909283873514202}",,"{""participation_ratio"": 4.909048281583971, ""top10_variance_fraction"": 0.7461662470029555, ""adjacent_timestep_cosine_mean"": 0.9987897834014257}",,,,,,none_validated,"{""linear_score"": ""measured_discovery_only"", ""nonlinear_gain"": ""measured_discovery_only"", ""best_coordinate_frame"": ""pending_measurement"", ""geometry"": ""descriptive_activation_geometry"", ""cross_trajectory_stability"": ""pending_measurement"", ""regime_dependence"": ""pending_measurement"", ""causal_patch_effect"": ""pending_measurement"", ""specificity"": ""pending_measurement"", ""manifold_distance"": ""pending_measurement"", ""recommended_operator"": ""not_yet_justified""}","[{""path"": ""artifacts/geometry_map/reach_wall_v1/discovery-screen/discovery_screen.json"", ""item"": ""rows[139]""}, {""path"": ""artifacts/geometry_map/reach_wall_v1/cached-geometry-v2/nonlinear_screen.json"", ""item"": ""rows[34]""}, {""path"": ""artifacts/geometry_map/reach_wall_v1/spatial-screen/spatial_screen.json"", ""item"": ""maps.encoder.block6.action_dy""}]"
reach-wall/encoder/block-6/spatial-mean/action_dz,reach-wall,encoder,6,block_residual_output,mean_of_256_spatial_tokens,,action_dz,"{""metric"": ""r2"", ""score"": 0.031414274604328996, ""time_baseline"": 0.02788791500905774, ""delta_vs_time"": 0.0035263595952712556}","{""knn_score"": 0.05236870078183442, ""linear_score"": 0.031414274604328996, ""nonlinear_gain"": 0.020954426177505425}",,"{""participation_ratio"": 4.909048281583971, ""top10_variance_fraction"": 0.7461662470029555, ""adjacent_timestep_cosine_mean"": 0.9987897834014257}",,,,,,none_validated,"{""linear_score"": ""measured_discovery_only"", ""nonlinear_gain"": ""measured_discovery_only"", ""best_coordinate_frame"": ""pending_measurement"", ""geometry"": ""descriptive_activation_geometry"", ""cross_trajectory_stability"": ""pending_measurement"", ""regime_dependence"": ""pending_measurement"", ""causal_patch_effect"": ""pending_measurement"", ""specificity"": ""pending_measurement"", ""manifold_distance"": ""pending_measurement"", ""recommended_operator"": ""not_yet_justified""}","[{""path"": ""artifacts/geometry_map/reach_wall_v1/discovery-screen/discovery_screen.json"", ""item"": ""rows[140]""}, {""path"": ""artifacts/geometry_map/reach_wall_v1/cached-geometry-v2/nonlinear_screen.json"", ""item"": ""rows[35]""}, {""path"": ""artifacts/geometry_map/reach_wall_v1/spatial-screen/spatial_screen.json"", ""item"": ""maps.encoder.block6.action_dz""}]"
reach-wall/encoder/block-6/spatial-mean/cumulative_progress,reach-wall,encoder,6,block_residual_output,mean_of_256_spatial_tokens,,cumulative_progress,"{""metric"": ""r2"", ""score"": 0.9398747013500881, ""time_baseline"": 0.9222151817810877, ""delta_vs_time"": 0.01765951956900036}","{""knn_score"": 0.8587344902880731, ""linear_score"": 0.9398747013500881, ""nonlinear_gain"": -0.08114021106201497}",,"{""participation_ratio"": 4.909048281583971, ""top10_variance_fraction"": 0.7461662470029555, ""adjacent_timestep_cosine_mean"": 0.9987897834014257}",,,,,,none_validated,"{""linear_score"": ""measured_discovery_only"", ""nonlinear_gain"": ""measured_discovery_only"", ""best_coordinate_frame"": ""pending_measurement"", ""geometry"": ""descriptive_activation_geometry"", ""cross_trajectory_stability"": ""pending_measurement"", ""regime_dependence"": ""pending_measurement"", ""causal_patch_effect"": ""pending_measurement"", ""specificity"": ""pending_measurement"", ""manifold_distance"": ""pending_measurement"", ""recommended_operator"": ""not_yet_justified""}","[{""path"": ""artifacts/geometry_map/reach_wall_v1/discovery-screen/discovery_screen.json"", ""item"": ""rows[127]""}, {""path"": ""artifacts/geometry_map/reach_wall_v1/emergence-geometry/emergence_geometry.json"", ""item"": ""curves.encoder.progress.rows.layer=6""}, {""path"": ""artifacts/geometry_map/reach_wall_v1/cached-geometry-v2/nonlinear_screen.json"", ""item"": ""rows[22]""}, {""path"": ""artifacts/geometry_map/reach_wall_v1/spatial-screen/spatial_screen.json"", ""item"": ""maps.encoder.block6.progress""}]"
reach-wall/encoder/block-6/spatial-mean/expert_detour_gate,reach-wall,encoder,6,block_residual_output,mean_of_256_spatial_tokens,,expert_detour_gate,"{""metric"": ""auroc"", ""score"": 0.998444004162664, ""time_baseline"": 0.978149765850144, ""delta_vs_time"": 0.020294238312519974}","{""knn_score"": 0.9965102665706052, ""linear_score"": 0.998444004162664, ""nonlinear_gain"": -0.0019337375920588373}",,"{""participation_ratio"": 4.909048281583971, ""top10_variance_fraction"": 0.7461662470029555, ""adjacent_timestep_cosine_mean"": 0.9987897834014257}",,,,,,none_validated,"{""linear_score"": ""measured_discovery_only"", ""nonlinear_gain"": ""measured_discovery_only"", ""best_coordinate_frame"": ""pending_measurement"", ""geometry"": ""descriptive_activation_geometry"", ""cross_trajectory_stability"": ""pending_measurement"", ""regime_dependence"": ""pending_measurement"", ""causal_patch_effect"": ""pending_measurement"", ""specificity"": ""pending_measurement"", ""manifold_distance"": ""pending_measurement"", ""recommended_operator"": ""not_yet_justified""}","[{""path"": ""artifacts/geometry_map/reach_wall_v1/discovery-screen/discovery_screen.json"", ""item"": ""rows[137]""}, {""path"": ""artifacts/geometry_map/reach_wall_v1/cached-geometry-v2/nonlinear_screen.json"", ""item"": ""rows[32]""}, {""path"": ""artifacts/geometry_map/reach_wall_v1/spatial-screen/spatial_screen.json"", ""item"": ""maps.encoder.block6.expert_detour_gate""}]"
reach-wall/encoder/block-6/spatial-mean/goal_distance,reach-wall,encoder,6,block_residual_output,mean_of_256_spatial_tokens,,goal_distance,"{""metric"": ""r2"", ""score"": 0.9286423393692269, ""time_baseline"": 0.908897827090231, ""delta_vs_time"": 0.019744512278995874}","{""knn_score"": 0.84518176565395, ""linear_score"": 0.9286423393692269, ""nonlinear_gain"": -0.08346057371527693}",,"{""participation_ratio"": 4.909048281583971, ""top10_variance_fraction"": 0.7461662470029555, ""adjacent_timestep_cosine_mean"": 0.9987897834014257}",,,,,,none_validated,"{""linear_score"": ""measured_discovery_only"", ""nonlinear_gain"": ""measured_discovery_only"", ""best_coordinate_frame"": ""pending_measurement"", ""geometry"": ""descriptive_activation_geometry"", ""cross_trajectory_stability"": ""pending_measurement"", ""regime_dependence"": ""pending_measurement"", ""causal_patch_effect"": ""pending_measurement"", ""specificity"": ""pending_measurement"", ""manifold_distance"": ""pending_measurement"", ""recommended_operator"": ""not_yet_justified""}","[{""path"": ""artifacts/geometry_map/reach_wall_v1/discovery-screen/discovery_screen.json"", ""item"": ""rows[126]""}, {""path"": ""artifacts/geometry_map/reach_wall_v1/cached-geometry-v2/nonlinear_screen.json"", ""item"": ""rows[21]""}, {""path"": ""artifacts/geometry_map/reach_wall_v1/spatial-screen/spatial_screen.json"", ""item"": ""maps.encoder.block6.goal_distance""}]"
reach-wall/encoder/block-6/spatial-mean/goal_vector_x,reach-wall,encoder,6,block_residual_output,mean_of_256_spatial_tokens,,goal_vector_x,"{""metric"": ""r2"", ""score"": 0.02073693244360908, ""time_baseline"": 0.08054582471970773, ""delta_vs_time"": -0.059808892276098646}","{""knn_score"": 0.07721751738946236, ""linear_score"": 0.02073693244360908, ""nonlinear_gain"": 0.056480584945853285}",,"{""participation_ratio"": 4.909048281583971, ""top10_variance_fraction"": 0.7461662470029555, ""adjacent_timestep_cosine_mean"": 0.9987897834014257}",,,,,,none_validated,"{""linear_score"": ""measured_discovery_only"", ""nonlinear_gain"": ""measured_discovery_only"", ""best_coordinate_frame"": ""pending_measurement"", ""geometry"": ""descriptive_activation_geometry"", ""cross_trajectory_stability"": ""pending_measurement"", ""regime_dependence"": ""pending_measurement"", ""causal_patch_effect"": ""pending_measurement"", ""specificity"": ""pending_measurement"", ""manifold_distance"": ""pending_measurement"", ""recommended_operator"": ""not_yet_justified""}","[{""path"": ""artifacts/geometry_map/reach_wall_v1/discovery-screen/discovery_screen.json"", ""item"": ""rows[131]""}, {""path"": ""artifacts/geometry_map/reach_wall_v1/cached-geometry-v2/nonlinear_screen.json"", ""item"": ""rows[26]""}, {""path"": ""artifacts/geometry_map/reach_wall_v1/spatial-screen/spatial_screen.json"", ""item"": ""maps.encoder.block6.goal_vector_x""}]"
reach-wall/encoder/block-6/spatial-mean/goal_vector_y,reach-wall,encoder,6,block_residual_output,mean_of_256_spatial_tokens,,goal_vector_y,"{""metric"": ""r2"", ""score"": 0.9643352510813248, ""time_baseline"": 0.9568517433439947, ""delta_vs_time"": 0.007483507737330086}","{""knn_score"": 0.8798037928273144, ""linear_score"": 0.9643352510813248, ""nonlinear_gain"": -0.08453145825401043}",,"{""participation_ratio"": 4.909048281583971, ""top10_variance_fraction"": 0.7461662470029555, ""adjacent_timestep_cosine_mean"": 0.9987897834014257}",,,,,,none_validated,"{""linear_score"": ""measured_discovery_only"", ""nonlinear_gain"": ""measured_discovery_only"", ""best_coordinate_frame"": ""pending_measurement"", ""geometry"": ""descriptive_activation_geometry"", ""cross_trajectory_stability"": ""pending_measurement"", ""regime_dependence"": ""pending_measurement"", ""causal_patch_effect"": ""pending_measurement"", ""specificity"": ""pending_measurement"", ""manifold_distance"": ""pending_measurement"", ""recommended_operator"": ""not_yet_justified""}","[{""path"": ""artifacts/geometry_map/reach_wall_v1/discovery-screen/discovery_screen.json"", ""item"": ""rows[132]""}, {""path"": ""artifacts/geometry_map/reach_wall_v1/cached-geometry-v2/nonlinear_screen.json"", ""item"": ""rows[27]""}, {""path"": ""artifacts/geometry_map/reach_wall_v1/spatial-screen/spatial_screen.json"", ""item"": ""maps.encoder.block6.goal_vector_y""}]"
reach-wall/encoder/block-6/spatial-mean/goal_vector_z,reach-wall,encoder,6,block_residual_output,mean_of_256_spatial_tokens,,goal_vector_z,"{""metric"": ""r2"", ""score"": 0.34385556274452744, ""time_baseline"": 0.044334510544640326, ""delta_vs_time"": 0.2995210521998871}","{""knn_score"": 0.3126418224004752, ""linear_score"": 0.34385556274452744, ""nonlinear_gain"": -0.03121374034405222}",,"{""participation_ratio"": 4.909048281583971, ""top10_variance_fraction"": 0.7461662470029555, ""adjacent_timestep_cosine_mean"": 0.9987897834014257}",,,,,,none_validated,"{""linear_score"": ""measured_discovery_only"", ""nonlinear_gain"": ""measured_discovery_only"", ""best_coordinate_frame"": ""pending_measurement"", ""geometry"": ""descriptive_activation_geometry"", ""cross_trajectory_stability"": ""pending_measurement"", ""regime_dependence"": ""pending_measurement"", ""causal_patch_effect"": ""pending_measurement"", ""specificity"": ""pending_measurement"", ""manifold_distance"": ""pending_measurement"", ""recommended_operator"": ""not_yet_justified""}","[{""path"": ""artifacts/geometry_map/reach_wall_v1/discovery-screen/discovery_screen.json"", ""item"": ""rows[133]""}, {""path"": ""artifacts/geometry_map/reach_wall_v1/cached-geometry-v2/nonlinear_screen.json"", ""item"": ""rows[28]""}, {""path"": ""artifacts/geometry_map/reach_wall_v1/spatial-screen/spatial_screen.json"", ""item"": ""maps.encoder.block6.goal_vector_z""}]"
reach-wall/encoder/block-6/spatial-mean/goal_xz_direction,reach-wall,encoder,6,block_residual_output,mean_of_256_spatial_tokens,,goal_xz_direction,"{""metric"": ""r2"", ""score"": 0.2552636978567023, ""time_baseline"": null, ""delta_vs_time"": null}",,,,,,,,,none_validated,"{""linear_score"": ""measured_discovery_only"", ""nonlinear_gain"": ""pending_measurement"", ""best_coordinate_frame"": ""pending_measurement"", ""geometry"": ""pending_measurement"", ""cross_trajectory_stability"": ""pending_measurement"", ""regime_dependence"": ""pending_measurement"", ""causal_patch_effect"": ""pending_measurement"", ""specificity"": ""pending_measurement"", ""manifold_distance"": ""pending_measurement"", ""recommended_operator"": ""not_yet_justified""}","[{""path"": ""artifacts/geometry_map/reach_wall_v1/emergence-geometry/emergence_geometry.json"", ""item"": ""curves.encoder.goal_xz_direction.rows.layer=6""}]"
reach-wall/encoder/block-6/spatial-mean/hand_to_goal_segment_intersects_wall,reach-wall,encoder,6,block_residual_output,mean_of_256_spatial_tokens,,hand_to_goal_segment_intersects_wall,"{""metric"": ""auroc"", ""score"": 0.9869612242716529, ""time_baseline"": 0.9019247457737662, ""delta_vs_time"": 0.08503647849788665}","{""knn_score"": 0.9720092976235984, ""linear_score"": 0.9869612242716529, ""nonlinear_gain"": -0.014951926648054448}",,"{""participation_ratio"": 4.909048281583971, ""top10_variance_fraction"": 0.7461662470029555, ""adjacent_timestep_cosine_mean"": 0.9987897834014257}",,,,,,none_validated,"{""linear_score"": ""measured_discovery_only"", ""nonlinear_gain"": ""measured_discovery_only"", ""best_coordinate_frame"": ""pending_measurement"", ""geometry"": ""descriptive_activation_geometry"", ""cross_trajectory_stability"": ""pending_measurement"", ""regime_dependence"": ""pending_measurement"", ""causal_patch_effect"": ""pending_measurement"", ""specificity"": ""pending_measurement"", ""manifold_distance"": ""pending_measurement"", ""recommended_operator"": ""not_yet_justified""}","[{""path"": ""artifacts/geometry_map/reach_wall_v1/discovery-screen/discovery_screen.json"", ""item"": ""rows[136]""}, {""path"": ""artifacts/geometry_map/reach_wall_v1/cached-geometry-v2/nonlinear_screen.json"", ""item"": ""rows[31]""}, {""path"": ""artifacts/geometry_map/reach_wall_v1/spatial-screen/spatial_screen.json"", ""item"": ""maps.encoder.block6.straight_path_intersects_wall""}]"
reach-wall/encoder/block-6/spatial-mean/hand_x,reach-wall,encoder,6,block_residual_output,mean_of_256_spatial_tokens,,hand_x,"{""metric"": ""r2"", ""score"": 0.796185825480342, ""time_baseline"": 0.058067306134002794, ""delta_vs_time"": 0.7381185193463392}","{""knn_score"": 0.554501489283157, ""linear_score"": 0.796185825480342, ""nonlinear_gain"": -0.241684336197185}",,"{""participation_ratio"": 4.909048281583971, ""top10_variance_fraction"": 0.7461662470029555, ""adjacent_timestep_cosine_mean"": 0.9987897834014257}",,,,,,none_validated,"{""linear_score"": ""measured_discovery_only"", ""nonlinear_gain"": ""measured_discovery_only"", ""best_coordinate_frame"": ""pending_measurement"", ""geometry"": ""descriptive_activation_geometry"", ""cross_trajectory_stability"": ""pending_measurement"", ""regime_dependence"": ""pending_measurement"", ""causal_patch_effect"": ""pending_measurement"", ""specificity"": ""pending_measurement"", ""manifold_distance"": ""pending_measurement"", ""recommended_operator"": ""not_yet_justified""}","[{""path"": ""artifacts/geometry_map/reach_wall_v1/discovery-screen/discovery_screen.json"", ""item"": ""rows[128]""}, {""path"": ""artifacts/geometry_map/reach_wall_v1/cached-geometry-v2/nonlinear_screen.json"", ""item"": ""rows[23]""}, {""path"": ""artifacts/geometry_map/reach_wall_v1/spatial-screen/spatial_screen.json"", ""item"": ""maps.encoder.block6.hand_x""}]"
reach-wall/encoder/block-6/spatial-mean/hand_y,reach-wall,encoder,6,block_residual_output,mean_of_256_spatial_tokens,,hand_y,"{""metric"": ""r2"", ""score"": 0.9902428570519457, ""time_baseline"": 0.9772521653309317, ""delta_vs_time"": 0.01299069172101397}","{""knn_score"": 0.9028012283624515, ""linear_score"": 0.9902428570519457, ""nonlinear_gain"": -0.08744162868949423}",,"{""participation_ratio"": 4.909048281583971, ""top10_variance_fraction"": 0.7461662470029555, ""adjacent_timestep_cosine_mean"": 0.9987897834014257}",,,,,,none_validated,"{""linear_score"": ""measured_discovery_only"", ""nonlinear_gain"": ""measured_discovery_only"", ""best_coordinate_frame"": ""pending_measurement"", ""geometry"": ""descriptive_activation_geometry"", ""cross_trajectory_stability"": ""pending_measurement"", ""regime_dependence"": ""pending_measurement"", ""causal_patch_effect"": ""pending_measurement"", ""specificity"": ""pending_measurement"", ""manifold_distance"": ""pending_measurement"", ""recommended_operator"": ""not_yet_justified""}","[{""path"": ""artifacts/geometry_map/reach_wall_v1/discovery-screen/discovery_screen.json"", ""item"": ""rows[129]""}, {""path"": ""artifacts/geometry_map/reach_wall_v1/cached-geometry-v2/nonlinear_screen.json"", ""item"": ""rows[24]""}, {""path"": ""artifacts/geometry_map/reach_wall_v1/spatial-screen/spatial_screen.json"", ""item"": ""maps.encoder.block6.hand_y""}]"
reach-wall/encoder/block-6/spatial-mean/hand_z,reach-wall,encoder,6,block_residual_output,mean_of_256_spatial_tokens,,hand_z,"{""metric"": ""r2"", ""score"": 0.9904873258043376, ""time_baseline"": 0.00804356141242546, ""delta_vs_time"": 0.9824437643919122}","{""knn_score"": 0.8555001070322059, ""linear_score"": 0.9904873258043376, ""nonlinear_gain"": -0.1349872187721317}",,"{""participation_ratio"": 4.909048281583971, ""top10_variance_fraction"": 0.7461662470029555, ""adjacent_timestep_cosine_mean"": 0.9987897834014257}",,,,,,none_validated,"{""linear_score"": ""measured_discovery_only"", ""nonlinear_gain"": ""measured_discovery_only"", ""best_coordinate_frame"": ""pending_measurement"", ""geometry"": ""descriptive_activation_geometry"", ""cross_trajectory_stability"": ""pending_measurement"", ""regime_dependence"": ""pending_measurement"", ""causal_patch_effect"": ""pending_measurement"", ""specificity"": ""pending_measurement"", ""manifold_distance"": ""pending_measurement"", ""recommended_operator"": ""not_yet_justified""}","[{""path"": ""artifacts/geometry_map/reach_wall_v1/discovery-screen/discovery_screen.json"", ""item"": ""rows[130]""}, {""path"": ""artifacts/geometry_map/reach_wall_v1/cached-geometry-v2/nonlinear_screen.json"", ""item"": ""rows[25]""}, {""path"": ""artifacts/geometry_map/reach_wall_v1/spatial-screen/spatial_screen.json"", ""item"": ""maps.encoder.block6.hand_z""}]"
reach-wall/encoder/block-6/spatial-mean/height_above_wall_top,reach-wall,encoder,6,block_residual_output,mean_of_256_spatial_tokens,,height_above_wall_top,"{""metric"": ""r2"", ""score"": 0.9904873257055264, ""time_baseline"": 0.008043558955029284, ""delta_vs_time"": 0.9824437667504972}","{""knn_score"": 0.8555001047552941, ""linear_score"": 0.9904873257055264, ""nonlinear_gain"": -0.1349872209502323}",,"{""participation_ratio"": 4.909048281583971, ""top10_variance_fraction"": 0.7461662470029555, ""adjacent_timestep_cosine_mean"": 0.9987897834014257}",,,,,,none_validated,"{""linear_score"": ""measured_discovery_only"", ""nonlinear_gain"": ""measured_discovery_only"", ""best_coordinate_frame"": ""pending_measurement"", ""geometry"": ""descriptive_activation_geometry"", ""cross_trajectory_stability"": ""pending_measurement"", ""regime_dependence"": ""pending_measurement"", ""causal_patch_effect"": ""pending_measurement"", ""specificity"": ""pending_measurement"", ""manifold_distance"": ""pending_measurement"", ""recommended_operator"": ""not_yet_justified""}","[{""path"": ""artifacts/geometry_map/reach_wall_v1/discovery-screen/discovery_screen.json"", ""item"": ""rows[135]""}, {""path"": ""artifacts/geometry_map/reach_wall_v1/cached-geometry-v2/nonlinear_screen.json"", ""item"": ""rows[30]""}, {""path"": ""artifacts/geometry_map/reach_wall_v1/spatial-screen/spatial_screen.json"", ""item"": ""maps.encoder.block6.height_above_wall_top""}]"
reach-wall/encoder/block-6/spatial-mean/realized_dx,reach-wall,encoder,6,block_residual_output,mean_of_256_spatial_tokens,,realized_dx,"{""metric"": ""r2"", ""score"": -0.032819246958204706, ""time_baseline"": 0.005340828654275098, ""delta_vs_time"": -0.038160075612479805}","{""knn_score"": 0.017979725811608338, ""linear_score"": -0.032819246958204706, ""nonlinear_gain"": 0.050798972769813044}",,"{""participation_ratio"": 4.909048281583971, ""top10_variance_fraction"": 0.7461662470029555, ""adjacent_timestep_cosine_mean"": 0.9987897834014257}",,,,,,none_validated,"{""linear_score"": ""measured_discovery_only"", ""nonlinear_gain"": ""measured_discovery_only"", ""best_coordinate_frame"": ""pending_measurement"", ""geometry"": ""descriptive_activation_geometry"", ""cross_trajectory_stability"": ""pending_measurement"", ""regime_dependence"": ""pending_measurement"", ""causal_patch_effect"": ""pending_measurement"", ""specificity"": ""pending_measurement"", ""manifold_distance"": ""pending_measurement"", ""recommended_operator"": ""not_yet_justified""}","[{""path"": ""artifacts/geometry_map/reach_wall_v1/discovery-screen/discovery_screen.json"", ""item"": ""rows[142]""}, {""path"": ""artifacts/geometry_map/reach_wall_v1/cached-geometry-v2/nonlinear_screen.json"", ""item"": ""rows[37]""}, {""path"": ""artifacts/geometry_map/reach_wall_v1/spatial-screen/spatial_screen.json"", ""item"": ""maps.encoder.block6.realized_dx""}]"
reach-wall/encoder/block-6/spatial-mean/realized_dy,reach-wall,encoder,6,block_residual_output,mean_of_256_spatial_tokens,,realized_dy,"{""metric"": ""r2"", ""score"": 0.85502883417515, ""time_baseline"": 0.7938417819030151, ""delta_vs_time"": 0.061187052272134834}","{""knn_score"": 0.8226223684323692, ""linear_score"": 0.85502883417515, ""nonlinear_gain"": -0.03240646574278072}",,"{""participation_ratio"": 4.909048281583971, ""top10_variance_fraction"": 0.7461662470029555, ""adjacent_timestep_cosine_mean"": 0.9987897834014257}",,,,,,none_validated,"{""linear_score"": ""measured_discovery_only"", ""nonlinear_gain"": ""measured_discovery_only"", ""best_coordinate_frame"": ""pending_measurement"", ""geometry"": ""descriptive_activation_geometry"", ""cross_trajectory_stability"": ""pending_measurement"", ""regime_dependence"": ""pending_measurement"", ""causal_patch_effect"": ""pending_measurement"", ""specificity"": ""pending_measurement"", ""manifold_distance"": ""pending_measurement"", ""recommended_operator"": ""not_yet_justified""}","[{""path"": ""artifacts/geometry_map/reach_wall_v1/discovery-screen/discovery_screen.json"", ""item"": ""rows[143]""}, {""path"": ""artifacts/geometry_map/reach_wall_v1/cached-geometry-v2/nonlinear_screen.json"", ""item"": ""rows[38]""}, {""path"": ""artifacts/geometry_map/reach_wall_v1/spatial-screen/spatial_screen.json"", ""item"": ""maps.encoder.block6.realized_dy""}]"
reach-wall/encoder/block-6/spatial-mean/realized_dz,reach-wall,encoder,6,block_residual_output,mean_of_256_spatial_tokens,,realized_dz,"{""metric"": ""r2"", ""score"": 0.11973350538015803, ""time_baseline"": 0.07117442644816807, ""delta_vs_time"": 0.04855907893198996}","{""knn_score"": 0.151216350099051, ""linear_score"": 0.11973350538015803, ""nonlinear_gain"": 0.031482844718892955}",,"{""participation_ratio"": 4.909048281583971, ""top10_variance_fraction"": 0.7461662470029555, ""adjacent_timestep_cosine_mean"": 0.9987897834014257}",,,,,,none_validated,"{""linear_score"": ""measured_discovery_only"", ""nonlinear_gain"": ""measured_discovery_only"", ""best_coordinate_frame"": ""pending_measurement"", ""geometry"": ""descriptive_activation_geometry"", ""cross_trajectory_stability"": ""pending_measurement"", ""regime_dependence"": ""pending_measurement"", ""causal_patch_effect"": ""pending_measurement"", ""specificity"": ""pending_measurement"", ""manifold_distance"": ""pending_measurement"", ""recommended_operator"": ""not_yet_justified""}","[{""path"": ""artifacts/geometry_map/reach_wall_v1/discovery-screen/discovery_screen.json"", ""item"": ""rows[144]""}, {""path"": ""artifacts/geometry_map/reach_wall_v1/cached-geometry-v2/nonlinear_screen.json"", ""item"": ""rows[39]""}, {""path"": ""artifacts/geometry_map/reach_wall_v1/spatial-screen/spatial_screen.json"", ""item"": ""maps.encoder.block6.realized_dz""}]"
reach-wall/encoder/block-6/spatial-mean/realized_hand_delta_magnitude,reach-wall,encoder,6,block_residual_output,mean_of_256_spatial_tokens,,realized_hand_delta_magnitude,"{""metric"": ""r2"", ""score"": 0.7094543660215362, ""time_baseline"": 0.6130267917023396, ""delta_vs_time"": 0.09642757431919657}","{""knn_score"": 0.7045899513055462, ""linear_score"": 0.7094543660215362, ""nonlinear_gain"": -0.004864414715989973}",,"{""participation_ratio"": 4.909048281583971, ""top10_variance_fraction"": 0.7461662470029555, ""adjacent_timestep_cosine_mean"": 0.9987897834014257}",,,,,,none_validated,"{""linear_score"": ""measured_discovery_only"", ""nonlinear_gain"": ""measured_discovery_only"", ""best_coordinate_frame"": ""pending_measurement"", ""geometry"": ""descriptive_activation_geometry"", ""cross_trajectory_stability"": ""pending_measurement"", ""regime_dependence"": ""pending_measurement"", ""causal_patch_effect"": ""pending_measurement"", ""specificity"": ""pending_measurement"", ""manifold_distance"": ""pending_measurement"", ""recommended_operator"": ""not_yet_justified""}","[{""path"": ""artifacts/geometry_map/reach_wall_v1/discovery-screen/discovery_screen.json"", ""item"": ""rows[145]""}, {""path"": ""artifacts/geometry_map/reach_wall_v1/emergence-geometry/emergence_geometry.json"", ""item"": ""curves.encoder.motion_magnitude.rows.layer=6""}, {""path"": ""artifacts/geometry_map/reach_wall_v1/cached-geometry-v2/nonlinear_screen.json"", ""item"": ""rows[40]""}, {""path"": ""artifacts/geometry_map/reach_wall_v1/spatial-screen/spatial_screen.json"", ""item"": ""maps.encoder.block6.realized_hand_delta_magnitude""}]"
reach-wall/encoder/block-6/spatial-mean/realized_xz_direction,reach-wall,encoder,6,block_residual_output,mean_of_256_spatial_tokens,,realized_xz_direction,"{""metric"": ""r2"", ""score"": 0.003902502400943378, ""time_baseline"": null, ""delta_vs_time"": null}",,,,,,,,,none_validated,"{""linear_score"": ""measured_discovery_only"", ""nonlinear_gain"": ""pending_measurement"", ""best_coordinate_frame"": ""pending_measurement"", ""geometry"": ""pending_measurement"", ""cross_trajectory_stability"": ""pending_measurement"", ""regime_dependence"": ""pending_measurement"", ""causal_patch_effect"": ""pending_measurement"", ""specificity"": ""pending_measurement"", ""manifold_distance"": ""pending_measurement"", ""recommended_operator"": ""not_yet_justified""}","[{""path"": ""artifacts/geometry_map/reach_wall_v1/emergence-geometry/emergence_geometry.json"", ""item"": ""curves.encoder.realized_xz_direction.rows.layer=6""}]"
reach-wall/encoder/block-6/spatial-mean/reward_sum,reach-wall,encoder,6,block_residual_output,mean_of_256_spatial_tokens,,reward_sum,"{""metric"": ""r2"", ""score"": 0.9500549001394716, ""time_baseline"": 0.9142972039613033, ""delta_vs_time"": 0.03575769617816826}","{""knn_score"": 0.8746573630049044, ""linear_score"": 0.9500549001394716, ""nonlinear_gain"": -0.0753975371345672}",,"{""participation_ratio"": 4.909048281583971, ""top10_variance_fraction"": 0.7461662470029555, ""adjacent_timestep_cosine_mean"": 0.9987897834014257}",,,,,,none_validated,"{""linear_score"": ""measured_discovery_only"", ""nonlinear_gain"": ""measured_discovery_only"", ""best_coordinate_frame"": ""pending_measurement"", ""geometry"": ""descriptive_activation_geometry"", ""cross_trajectory_stability"": ""pending_measurement"", ""regime_dependence"": ""pending_measurement"", ""causal_patch_effect"": ""pending_measurement"", ""specificity"": ""pending_measurement"", ""manifold_distance"": ""pending_measurement"", ""recommended_operator"": ""not_yet_justified""}","[{""path"": ""artifacts/geometry_map/reach_wall_v1/discovery-screen/discovery_screen.json"", ""item"": ""rows[146]""}, {""path"": ""artifacts/geometry_map/reach_wall_v1/cached-geometry-v2/nonlinear_screen.json"", ""item"": ""rows[41]""}, {""path"": ""artifacts/geometry_map/reach_wall_v1/spatial-screen/spatial_screen.json"", ""item"": ""maps.encoder.block6.reward_sum""}]"
reach-wall/encoder/block-6/spatial-mean/wall_signed_distance,reach-wall,encoder,6,block_residual_output,mean_of_256_spatial_tokens,,wall_signed_distance,"{""metric"": ""r2"", ""score"": 0.9659993239722127, ""time_baseline"": 0.14228076564542247, ""delta_vs_time"": 0.8237185583267902}","{""knn_score"": 0.8586084992072052, ""linear_score"": 0.9659993239722127, ""nonlinear_gain"": -0.1073908247650075}",,"{""participation_ratio"": 4.909048281583971, ""top10_variance_fraction"": 0.7461662470029555, ""adjacent_timestep_cosine_mean"": 0.9987897834014257}",,,,,,none_validated,"{""linear_score"": ""measured_discovery_only"", ""nonlinear_gain"": ""measured_discovery_only"", ""best_coordinate_frame"": ""pending_measurement"", ""geometry"": ""descriptive_activation_geometry"", ""cross_trajectory_stability"": ""pending_measurement"", ""regime_dependence"": ""pending_measurement"", ""causal_patch_effect"": ""pending_measurement"", ""specificity"": ""pending_measurement"", ""manifold_distance"": ""pending_measurement"", ""recommended_operator"": ""not_yet_justified""}","[{""path"": ""artifacts/geometry_map/reach_wall_v1/discovery-screen/discovery_screen.json"", ""item"": ""rows[134]""}, {""path"": ""artifacts/geometry_map/reach_wall_v1/emergence-geometry/emergence_geometry.json"", ""item"": ""curves.encoder.wall_signed_distance.rows.layer=6""}, {""path"": ""artifacts/geometry_map/reach_wall_v1/cached-geometry-v2/nonlinear_screen.json"", ""item"": ""rows[29]""}, {""path"": ""artifacts/geometry_map/reach_wall_v1/spatial-screen/spatial_screen.json"", ""item"": ""maps.encoder.block6.wall_signed_distance""}]"
reach-wall/encoder/block-7/spatial-mean/action_chunk_frobenius_magnitude,reach-wall,encoder,7,block_residual_output,mean_of_256_spatial_tokens,,action_chunk_frobenius_magnitude,"{""metric"": ""r2"", ""score"": 0.4827731298430731, ""time_baseline"": 0.4725658231754639, ""delta_vs_time"": 0.010207306667609162}",,,"{""participation_ratio"": 6.098359312949947, ""top10_variance_fraction"": 0.7219686471610663, ""adjacent_timestep_cosine_mean"": 0.9981499090080679}",,,,,,none_validated,"{""linear_score"": ""measured_discovery_only"", ""nonlinear_gain"": ""pending_measurement"", ""best_coordinate_frame"": ""pending_measurement"", ""geometry"": ""descriptive_activation_geometry"", ""cross_trajectory_stability"": ""pending_measurement"", ""regime_dependence"": ""pending_measurement"", ""causal_patch_effect"": ""pending_measurement"", ""specificity"": ""pending_measurement"", ""manifold_distance"": ""pending_measurement"", ""recommended_operator"": ""not_yet_justified""}","[{""path"": ""artifacts/geometry_map/reach_wall_v1/discovery-screen/discovery_screen.json"", ""item"": ""rows[162]""}]"
reach-wall/encoder/block-7/spatial-mean/action_dx,reach-wall,encoder,7,block_residual_output,mean_of_256_spatial_tokens,,action_dx,"{""metric"": ""r2"", ""score"": -0.007541022284245136, ""time_baseline"": 0.0033910809446688894, ""delta_vs_time"": -0.010932103228914025}",,,"{""participation_ratio"": 6.098359312949947, ""top10_variance_fraction"": 0.7219686471610663, ""adjacent_timestep_cosine_mean"": 0.9981499090080679}",,,,,,none_validated,"{""linear_score"": ""measured_discovery_only"", ""nonlinear_gain"": ""pending_measurement"", ""best_coordinate_frame"": ""pending_measurement"", ""geometry"": ""descriptive_activation_geometry"", ""cross_trajectory_stability"": ""pending_measurement"", ""regime_dependence"": ""pending_measurement"", ""causal_patch_effect"": ""pending_measurement"", ""specificity"": ""pending_measurement"", ""manifold_distance"": ""pending_measurement"", ""recommended_operator"": ""not_yet_justified""}","[{""path"": ""artifacts/geometry_map/reach_wall_v1/discovery-screen/discovery_screen.json"", ""item"": ""rows[159]""}]"
reach-wall/encoder/block-7/spatial-mean/action_dy,reach-wall,encoder,7,block_residual_output,mean_of_256_spatial_tokens,,action_dy,"{""metric"": ""r2"", ""score"": 0.6114428634382028, ""time_baseline"": 0.6287213192564175, ""delta_vs_time"": -0.017278455818214744}",,,"{""participation_ratio"": 6.098359312949947, ""top10_variance_fraction"": 0.7219686471610663, ""adjacent_timestep_cosine_mean"": 0.9981499090080679}",,,,,,none_validated,"{""linear_score"": ""measured_discovery_only"", ""nonlinear_gain"": ""pending_measurement"", ""best_coordinate_frame"": ""pending_measurement"", ""geometry"": ""descriptive_activation_geometry"", ""cross_trajectory_stability"": ""pending_measurement"", ""regime_dependence"": ""pending_measurement"", ""causal_patch_effect"": ""pending_measurement"", ""specificity"": ""pending_measurement"", ""manifold_distance"": ""pending_measurement"", ""recommended_operator"": ""not_yet_justified""}","[{""path"": ""artifacts/geometry_map/reach_wall_v1/discovery-screen/discovery_screen.json"", ""item"": ""rows[160]""}]"
reach-wall/encoder/block-7/spatial-mean/action_dz,reach-wall,encoder,7,block_residual_output,mean_of_256_spatial_tokens,,action_dz,"{""metric"": ""r2"", ""score"": 0.02616450201921461, ""time_baseline"": 0.02788791500905774, ""delta_vs_time"": -0.0017234129898431316}",,,"{""participation_ratio"": 6.098359312949947, ""top10_variance_fraction"": 0.7219686471610663, ""adjacent_timestep_cosine_mean"": 0.9981499090080679}",,,,,,none_validated,"{""linear_score"": ""measured_discovery_only"", ""nonlinear_gain"": ""pending_measurement"", ""best_coordinate_frame"": ""pending_measurement"", ""geometry"": ""descriptive_activation_geometry"", ""cross_trajectory_stability"": ""pending_measurement"", ""regime_dependence"": ""pending_measurement"", ""causal_patch_effect"": ""pending_measurement"", ""specificity"": ""pending_measurement"", ""manifold_distance"": ""pending_measurement"", ""recommended_operator"": ""not_yet_justified""}","[{""path"": ""artifacts/geometry_map/reach_wall_v1/discovery-screen/discovery_screen.json"", ""item"": ""rows[161]""}]"
reach-wall/encoder/block-7/spatial-mean/cumulative_progress,reach-wall,encoder,7,block_residual_output,mean_of_256_spatial_tokens,,cumulative_progress,"{""metric"": ""r2"", ""score"": 0.9426418178146289, ""time_baseline"": 0.9222151817810877, ""delta_vs_time"": 0.020426636033541112}",,,"{""participation_ratio"": 6.098359312949947, ""top10_variance_fraction"": 0.7219686471610663, ""adjacent_timestep_cosine_mean"": 0.9981499090080679}",,,,,,none_validated,"{""linear_score"": ""measured_discovery_only"", ""nonlinear_gain"": ""pending_measurement"", ""best_coordinate_frame"": ""pending_measurement"", ""geometry"": ""descriptive_activation_geometry"", ""cross_trajectory_stability"": ""pending_measurement"", ""regime_dependence"": ""pending_measurement"", ""causal_patch_effect"": ""pending_measurement"", ""specificity"": ""pending_measurement"", ""manifold_distance"": ""pending_measurement"", ""recommended_operator"": ""not_yet_justified""}","[{""path"": ""artifacts/geometry_map/reach_wall_v1/discovery-screen/discovery_screen.json"", ""item"": ""rows[148]""}, {""path"": ""artifacts/geometry_map/reach_wall_v1/emergence-geometry/emergence_geometry.json"", ""item"": ""curves.encoder.progress.rows.layer=7""}]"
reach-wall/encoder/block-7/spatial-mean/expert_detour_gate,reach-wall,encoder,7,block_residual_output,mean_of_256_spatial_tokens,,expert_detour_gate,"{""metric"": ""auroc"", ""score"": 0.9985403158021133, ""time_baseline"": 0.978149765850144, ""delta_vs_time"": 0.020390549951969317}",,,"{""participation_ratio"": 6.098359312949947, ""top10_variance_fraction"": 0.7219686471610663, ""adjacent_timestep_cosine_mean"": 0.9981499090080679}",,,,,,none_validated,"{""linear_score"": ""measured_discovery_only"", ""nonlinear_gain"": ""pending_measurement"", ""best_coordinate_frame"": ""pending_measurement"", ""geometry"": ""descriptive_activation_geometry"", ""cross_trajectory_stability"": ""pending_measurement"", ""regime_dependence"": ""pending_measurement"", ""causal_patch_effect"": ""pending_measurement"", ""specificity"": ""pending_measurement"", ""manifold_distance"": ""pending_measurement"", ""recommended_operator"": ""not_yet_justified""}","[{""path"": ""artifacts/geometry_map/reach_wall_v1/discovery-screen/discovery_screen.json"", ""item"": ""rows[158]""}]"
reach-wall/encoder/block-7/spatial-mean/goal_distance,reach-wall,encoder,7,block_residual_output,mean_of_256_spatial_tokens,,goal_distance,"{""metric"": ""r2"", ""score"": 0.9302764943249732, ""time_baseline"": 0.908897827090231, ""delta_vs_time"": 0.021378667234742132}",,,"{""participation_ratio"": 6.098359312949947, ""top10_variance_fraction"": 0.7219686471610663, ""adjacent_timestep_cosine_mean"": 0.9981499090080679}",,,,,,none_validated,"{""linear_score"": ""measured_discovery_only"", ""nonlinear_gain"": ""pending_measurement"", ""best_coordinate_frame"": ""pending_measurement"", ""geometry"": ""descriptive_activation_geometry"", ""cross_trajectory_stability"": ""pending_measurement"", ""regime_dependence"": ""pending_measurement"", ""causal_patch_effect"": ""pending_measurement"", ""specificity"": ""pending_measurement"", ""manifold_distance"": ""pending_measurement"", ""recommended_operator"": ""not_yet_justified""}","[{""path"": ""artifacts/geometry_map/reach_wall_v1/discovery-screen/discovery_screen.json"", ""item"": ""rows[147]""}]"
reach-wall/encoder/block-7/spatial-mean/goal_vector_x,reach-wall,encoder,7,block_residual_output,mean_of_256_spatial_tokens,,goal_vector_x,"{""metric"": ""r2"", ""score"": 0.025466575184251328, ""time_baseline"": 0.08054582471970773, ""delta_vs_time"": -0.0550792495354564}",,,"{""participation_ratio"": 6.098359312949947, ""top10_variance_fraction"": 0.7219686471610663, ""adjacent_timestep_cosine_mean"": 0.9981499090080679}",,,,,,none_validated,"{""linear_score"": ""measured_discovery_only"", ""nonlinear_gain"": ""pending_measurement"", ""best_coordinate_frame"": ""pending_measurement"", ""geometry"": ""descriptive_activation_geometry"", ""cross_trajectory_stability"": ""pending_measurement"", ""regime_dependence"": ""pending_measurement"", ""causal_patch_effect"": ""pending_measurement"", ""specificity"": ""pending_measurement"", ""manifold_distance"": ""pending_measurement"", ""recommended_operator"": ""not_yet_justified""}","[{""path"": ""artifacts/geometry_map/reach_wall_v1/discovery-screen/discovery_screen.json"", ""item"": ""rows[152]""}]"
reach-wall/encoder/block-7/spatial-mean/goal_vector_y,reach-wall,encoder,7,block_residual_output,mean_of_256_spatial_tokens,,goal_vector_y,"{""metric"": ""r2"", ""score"": 0.9658679671092133, ""time_baseline"": 0.9568517433439947, ""delta_vs_time"": 0.0090162237652186}",,,"{""participation_ratio"": 6.098359312949947, ""top10_variance_fraction"": 0.7219686471610663, ""adjacent_timestep_cosine_mean"": 0.9981499090080679}",,,,,,none_validated,"{""linear_score"": ""measured_discovery_only"", ""nonlinear_gain"": ""pending_measurement"", ""best_coordinate_frame"": ""pending_measurement"", ""geometry"": ""descriptive_activation_geometry"", ""cross_trajectory_stability"": ""pending_measurement"", ""regime_dependence"": ""pending_measurement"", ""causal_patch_effect"": ""pending_measurement"", ""specificity"": ""pending_measurement"", ""manifold_distance"": ""pending_measurement"", ""recommended_operator"": ""not_yet_justified""}","[{""path"": ""artifacts/geometry_map/reach_wall_v1/discovery-screen/discovery_screen.json"", ""item"": ""rows[153]""}]"
reach-wall/encoder/block-7/spatial-mean/goal_vector_z,reach-wall,encoder,7,block_residual_output,mean_of_256_spatial_tokens,,goal_vector_z,"{""metric"": ""r2"", ""score"": 0.4188470574772717, ""time_baseline"": 0.044334510544640326, ""delta_vs_time"": 0.37451254693263136}",,,"{""participation_ratio"": 6.098359312949947, ""top10_variance_fraction"": 0.7219686471610663, ""adjacent_timestep_cosine_mean"": 0.9981499090080679}",,,,,,none_validated,"{""linear_score"": ""measured_discovery_only"", ""nonlinear_gain"": ""pending_measurement"", ""best_coordinate_frame"": ""pending_measurement"", ""geometry"": ""descriptive_activation_geometry"", ""cross_trajectory_stability"": ""pending_measurement"", ""regime_dependence"": ""pending_measurement"", ""causal_patch_effect"": ""pending_measurement"", ""specificity"": ""pending_measurement"", ""manifold_distance"": ""pending_measurement"", ""recommended_operator"": ""not_yet_justified""}","[{""path"": ""artifacts/geometry_map/reach_wall_v1/discovery-screen/discovery_screen.json"", ""item"": ""rows[154]""}]"
reach-wall/encoder/block-7/spatial-mean/goal_xz_direction,reach-wall,encoder,7,block_residual_output,mean_of_256_spatial_tokens,,goal_xz_direction,"{""metric"": ""r2"", ""score"": 0.27787267034495544, ""time_baseline"": null, ""delta_vs_time"": null}",,,,,,,,,none_validated,"{""linear_score"": ""measured_discovery_only"", ""nonlinear_gain"": ""pending_measurement"", ""best_coordinate_frame"": ""pending_measurement"", ""geometry"": ""pending_measurement"", ""cross_trajectory_stability"": ""pending_measurement"", ""regime_dependence"": ""pending_measurement"", ""causal_patch_effect"": ""pending_measurement"", ""specificity"": ""pending_measurement"", ""manifold_distance"": ""pending_measurement"", ""recommended_operator"": ""not_yet_justified""}","[{""path"": ""artifacts/geometry_map/reach_wall_v1/emergence-geometry/emergence_geometry.json"", ""item"": ""curves.encoder.goal_xz_direction.rows.layer=7""}]"
reach-wall/encoder/block-7/spatial-mean/hand_to_goal_segment_intersects_wall,reach-wall,encoder,7,block_residual_output,mean_of_256_spatial_tokens,,hand_to_goal_segment_intersects_wall,"{""metric"": ""auroc"", ""score"": 0.9881080278059093, ""time_baseline"": 0.9019247457737662, ""delta_vs_time"": 0.0861832820321431}",,,"{""participation_ratio"": 6.098359312949947, ""top10_variance_fraction"": 0.7219686471610663, ""adjacent_timestep_cosine_mean"": 0.9981499090080679}",,,,,,none_validated,"{""linear_score"": ""measured_discovery_only"", ""nonlinear_gain"": ""pending_measurement"", ""best_coordinate_frame"": ""pending_measurement"", ""geometry"": ""descriptive_activation_geometry"", ""cross_trajectory_stability"": ""pending_measurement"", ""regime_dependence"": ""pending_measurement"", ""causal_patch_effect"": ""pending_measurement"", ""specificity"": ""pending_measurement"", ""manifold_distance"": ""pending_measurement"", ""recommended_operator"": ""not_yet_justified""}","[{""path"": ""artifacts/geometry_map/reach_wall_v1/discovery-screen/discovery_screen.json"", ""item"": ""rows[157]""}]"
reach-wall/encoder/block-7/spatial-mean/hand_x,reach-wall,encoder,7,block_residual_output,mean_of_256_spatial_tokens,,hand_x,"{""metric"": ""r2"", ""score"": 0.7925174526326937, ""time_baseline"": 0.058067306134002794, ""delta_vs_time"": 0.7344501464986909}",,,"{""participation_ratio"": 6.098359312949947, ""top10_variance_fraction"": 0.7219686471610663, ""adjacent_timestep_cosine_mean"": 0.9981499090080679}",,,,,,none_validated,"{""linear_score"": ""measured_discovery_only"", ""nonlinear_gain"": ""pending_measurement"", ""best_coordinate_frame"": ""pending_measurement"", ""geometry"": ""descriptive_activation_geometry"", ""cross_trajectory_stability"": ""pending_measurement"", ""regime_dependence"": ""pending_measurement"", ""causal_patch_effect"": ""pending_measurement"", ""specificity"": ""pending_measurement"", ""manifold_distance"": ""pending_measurement"", ""recommended_operator"": ""not_yet_justified""}","[{""path"": ""artifacts/geometry_map/reach_wall_v1/discovery-screen/discovery_screen.json"", ""item"": ""rows[149]""}]"
reach-wall/encoder/block-7/spatial-mean/hand_y,reach-wall,encoder,7,block_residual_output,mean_of_256_spatial_tokens,,hand_y,"{""metric"": ""r2"", ""score"": 0.9894325703884421, ""time_baseline"": 0.9772521653309317, ""delta_vs_time"": 0.01218040505751039}",,,"{""participation_ratio"": 6.098359312949947, ""top10_variance_fraction"": 0.7219686471610663, ""adjacent_timestep_cosine_mean"": 0.9981499090080679}",,,,,,none_validated,"{""linear_score"": ""measured_discovery_only"", ""nonlinear_gain"": ""pending_measurement"", ""best_coordinate_frame"": ""pending_measurement"", ""geometry"": ""descriptive_activation_geometry"", ""cross_trajectory_stability"": ""pending_measurement"", ""regime_dependence"": ""pending_measurement"", ""causal_patch_effect"": ""pending_measurement"", ""specificity"": ""pending_measurement"", ""manifold_distance"": ""pending_measurement"", ""recommended_operator"": ""not_yet_justified""}","[{""path"": ""artifacts/geometry_map/reach_wall_v1/discovery-screen/discovery_screen.json"", ""item"": ""rows[150]""}]"
reach-wall/encoder/block-7/spatial-mean/hand_z,reach-wall,encoder,7,block_residual_output,mean_of_256_spatial_tokens,,hand_z,"{""metric"": ""r2"", ""score"": 0.9883415560834266, ""time_baseline"": 0.00804356141242546, ""delta_vs_time"": 0.9802979946710011}",,,"{""participation_ratio"": 6.098359312949947, ""top10_variance_fraction"": 0.7219686471610663, ""adjacent_timestep_cosine_mean"": 0.9981499090080679}",,,,,,none_validated,"{""linear_score"": ""measured_discovery_only"", ""nonlinear_gain"": ""pending_measurement"", ""best_coordinate_frame"": ""pending_measurement"", ""geometry"": ""descriptive_activation_geometry"", ""cross_trajectory_stability"": ""pending_measurement"", ""regime_dependence"": ""pending_measurement"", ""causal_patch_effect"": ""pending_measurement"", ""specificity"": ""pending_measurement"", ""manifold_distance"": ""pending_measurement"", ""recommended_operator"": ""not_yet_justified""}","[{""path"": ""artifacts/geometry_map/reach_wall_v1/discovery-screen/discovery_screen.json"", ""item"": ""rows[151]""}]"
reach-wall/encoder/block-7/spatial-mean/height_above_wall_top,reach-wall,encoder,7,block_residual_output,mean_of_256_spatial_tokens,,height_above_wall_top,"{""metric"": ""r2"", ""score"": 0.9883415553358974, ""time_baseline"": 0.008043558955029284, ""delta_vs_time"": 0.9802979963808681}",,,"{""participation_ratio"": 6.098359312949947, ""top10_variance_fraction"": 0.7219686471610663, ""adjacent_timestep_cosine_mean"": 0.9981499090080679}",,,,,,none_validated,"{""linear_score"": ""measured_discovery_only"", ""nonlinear_gain"": ""pending_measurement"", ""best_coordinate_frame"": ""pending_measurement"", ""geometry"": ""descriptive_activation_geometry"", ""cross_trajectory_stability"": ""pending_measurement"", ""regime_dependence"": ""pending_measurement"", ""causal_patch_effect"": ""pending_measurement"", ""specificity"": ""pending_measurement"", ""manifold_distance"": ""pending_measurement"", ""recommended_operator"": ""not_yet_justified""}","[{""path"": ""artifacts/geometry_map/reach_wall_v1/discovery-screen/discovery_screen.json"", ""item"": ""rows[156]""}]"
reach-wall/encoder/block-7/spatial-mean/realized_dx,reach-wall,encoder,7,block_residual_output,mean_of_256_spatial_tokens,,realized_dx,"{""metric"": ""r2"", ""score"": 0.0154510930217997, ""time_baseline"": 0.005340828654275098, ""delta_vs_time"": 0.010110264367524602}",,,"{""participation_ratio"": 6.098359312949947, ""top10_variance_fraction"": 0.7219686471610663, ""adjacent_timestep_cosine_mean"": 0.9981499090080679}",,,,,,none_validated,"{""linear_score"": ""measured_discovery_only"", ""nonlinear_gain"": ""pending_measurement"", ""best_coordinate_frame"": ""pending_measurement"", ""geometry"": ""descriptive_activation_geometry"", ""cross_trajectory_stability"": ""pending_measurement"", ""regime_dependence"": ""pending_measurement"", ""causal_patch_effect"": ""pending_measurement"", ""specificity"": ""pending_measurement"", ""manifold_distance"": ""pending_measurement"", ""recommended_operator"": ""not_yet_justified""}","[{""path"": ""artifacts/geometry_map/reach_wall_v1/discovery-screen/discovery_screen.json"", ""item"": ""rows[163]""}]"
reach-wall/encoder/block-7/spatial-mean/realized_dy,reach-wall,encoder,7,block_residual_output,mean_of_256_spatial_tokens,,realized_dy,"{""metric"": ""r2"", ""score"": 0.8554922688629026, ""time_baseline"": 0.7938417819030151, ""delta_vs_time"": 0.06165048695988751}",,,"{""participation_ratio"": 6.098359312949947, ""top10_variance_fraction"": 0.7219686471610663, ""adjacent_timestep_cosine_mean"": 0.9981499090080679}",,,,,,none_validated,"{""linear_score"": ""measured_discovery_only"", ""nonlinear_gain"": ""pending_measurement"", ""best_coordinate_frame"": ""pending_measurement"", ""geometry"": ""descriptive_activation_geometry"", ""cross_trajectory_stability"": ""pending_measurement"", ""regime_dependence"": ""pending_measurement"", ""causal_patch_effect"": ""pending_measurement"", ""specificity"": ""pending_measurement"", ""manifold_distance"": ""pending_measurement"", ""recommended_operator"": ""not_yet_justified""}","[{""path"": ""artifacts/geometry_map/reach_wall_v1/discovery-screen/discovery_screen.json"", ""item"": ""rows[164]""}]"
reach-wall/encoder/block-7/spatial-mean/realized_dz,reach-wall,encoder,7,block_residual_output,mean_of_256_spatial_tokens,,realized_dz,"{""metric"": ""r2"", ""score"": 0.1421628284313179, ""time_baseline"": 0.07117442644816807, ""delta_vs_time"": 0.07098840198314982}",,,"{""participation_ratio"": 6.098359312949947, ""top10_variance_fraction"": 0.7219686471610663, ""adjacent_timestep_cosine_mean"": 0.9981499090080679}",,,,,,none_validated,"{""linear_score"": ""measured_discovery_only"", ""nonlinear_gain"": ""pending_measurement"", ""best_coordinate_frame"": ""pending_measurement"", ""geometry"": ""descriptive_activation_geometry"", ""cross_trajectory_stability"": ""pending_measurement"", ""regime_dependence"": ""pending_measurement"", ""causal_patch_effect"": ""pending_measurement"", ""specificity"": ""pending_measurement"", ""manifold_distance"": ""pending_measurement"", ""recommended_operator"": ""not_yet_justified""}","[{""path"": ""artifacts/geometry_map/reach_wall_v1/discovery-screen/discovery_screen.json"", ""item"": ""rows[165]""}]"
reach-wall/encoder/block-7/spatial-mean/realized_hand_delta_magnitude,reach-wall,encoder,7,block_residual_output,mean_of_256_spatial_tokens,,realized_hand_delta_magnitude,"{""metric"": ""r2"", ""score"": 0.7141861432668719, ""time_baseline"": 0.6130267917023396, ""delta_vs_time"": 0.10115935156453226}",,,"{""participation_ratio"": 6.098359312949947, ""top10_variance_fraction"": 0.7219686471610663, ""adjacent_timestep_cosine_mean"": 0.9981499090080679}",,,,,,none_validated,"{""linear_score"": ""measured_discovery_only"", ""nonlinear_gain"": ""pending_measurement"", ""best_coordinate_frame"": ""pending_measurement"", ""geometry"": ""descriptive_activation_geometry"", ""cross_trajectory_stability"": ""pending_measurement"", ""regime_dependence"": ""pending_measurement"", ""causal_patch_effect"": ""pending_measurement"", ""specificity"": ""pending_measurement"", ""manifold_distance"": ""pending_measurement"", ""recommended_operator"": ""not_yet_justified""}","[{""path"": ""artifacts/geometry_map/reach_wall_v1/discovery-screen/discovery_screen.json"", ""item"": ""rows[166]""}, {""path"": ""artifacts/geometry_map/reach_wall_v1/emergence-geometry/emergence_geometry.json"", ""item"": ""curves.encoder.motion_magnitude.rows.layer=7""}]"
reach-wall/encoder/block-7/spatial-mean/realized_xz_direction,reach-wall,encoder,7,block_residual_output,mean_of_256_spatial_tokens,,realized_xz_direction,"{""metric"": ""r2"", ""score"": 0.02704262945489429, ""time_baseline"": null, ""delta_vs_time"": null}",,,,,,,,,none_validated,"{""linear_score"": ""measured_discovery_only"", ""nonlinear_gain"": ""pending_measurement"", ""best_coordinate_frame"": ""pending_measurement"", ""geometry"": ""pending_measurement"", ""cross_trajectory_stability"": ""pending_measurement"", ""regime_dependence"": ""pending_measurement"", ""causal_patch_effect"": ""pending_measurement"", ""specificity"": ""pending_measurement"", ""manifold_distance"": ""pending_measurement"", ""recommended_operator"": ""not_yet_justified""}","[{""path"": ""artifacts/geometry_map/reach_wall_v1/emergence-geometry/emergence_geometry.json"", ""item"": ""curves.encoder.realized_xz_direction.rows.layer=7""}]"
reach-wall/encoder/block-7/spatial-mean/reward_sum,reach-wall,encoder,7,block_residual_output,mean_of_256_spatial_tokens,,reward_sum,"{""metric"": ""r2"", ""score"": 0.9517173328824813, ""time_baseline"": 0.9142972039613033, ""delta_vs_time"": 0.037420128921177964}",,,"{""participation_ratio"": 6.098359312949947, ""top10_variance_fraction"": 0.7219686471610663, ""adjacent_timestep_cosine_mean"": 0.9981499090080679}",,,,,,none_validated,"{""linear_score"": ""measured_discovery_only"", ""nonlinear_gain"": ""pending_measurement"", ""best_coordinate_frame"": ""pending_measurement"", ""geometry"": ""descriptive_activation_geometry"", ""cross_trajectory_stability"": ""pending_measurement"", ""regime_dependence"": ""pending_measurement"", ""causal_patch_effect"": ""pending_measurement"", ""specificity"": ""pending_measurement"", ""manifold_distance"": ""pending_measurement"", ""recommended_operator"": ""not_yet_justified""}","[{""path"": ""artifacts/geometry_map/reach_wall_v1/discovery-screen/discovery_screen.json"", ""item"": ""rows[167]""}]"
reach-wall/encoder/block-7/spatial-mean/wall_signed_distance,reach-wall,encoder,7,block_residual_output,mean_of_256_spatial_tokens,,wall_signed_distance,"{""metric"": ""r2"", ""score"": 0.9614824353053211, ""time_baseline"": 0.14228076564542247, ""delta_vs_time"": 0.8192016696598986}",,,"{""participation_ratio"": 6.098359312949947, ""top10_variance_fraction"": 0.7219686471610663, ""adjacent_timestep_cosine_mean"": 0.9981499090080679}",,,,,,none_validated,"{""linear_score"": ""measured_discovery_only"", ""nonlinear_gain"": ""pending_measurement"", ""best_coordinate_frame"": ""pending_measurement"", ""geometry"": ""descriptive_activation_geometry"", ""cross_trajectory_stability"": ""pending_measurement"", ""regime_dependence"": ""pending_measurement"", ""causal_patch_effect"": ""pending_measurement"", ""specificity"": ""pending_measurement"", ""manifold_distance"": ""pending_measurement"", ""recommended_operator"": ""not_yet_justified""}","[{""path"": ""artifacts/geometry_map/reach_wall_v1/discovery-screen/discovery_screen.json"", ""item"": ""rows[155]""}, {""path"": ""artifacts/geometry_map/reach_wall_v1/emergence-geometry/emergence_geometry.json"", ""item"": ""curves.encoder.wall_signed_distance.rows.layer=7""}]"
reach-wall/encoder/block-8/spatial-mean/action_chunk_frobenius_magnitude,reach-wall,encoder,8,block_residual_output,mean_of_256_spatial_tokens,,action_chunk_frobenius_magnitude,"{""metric"": ""r2"", ""score"": 0.49499079341009744, ""time_baseline"": 0.4725658231754639, ""delta_vs_time"": 0.022424970234633523}","{""knn_score"": 0.48917155949856306, ""linear_score"": 0.49499079341009744, ""nonlinear_gain"": -0.005819233911534383}",,"{""participation_ratio"": 6.38294246358392, ""top10_variance_fraction"": 0.7215729863808529, ""adjacent_timestep_cosine_mean"": 0.9982742650706785}",,,,,,none_validated,"{""linear_score"": ""measured_discovery_only"", ""nonlinear_gain"": ""measured_discovery_only"", ""best_coordinate_frame"": ""pending_measurement"", ""geometry"": ""descriptive_activation_geometry"", ""cross_trajectory_stability"": ""pending_measurement"", ""regime_dependence"": ""pending_measurement"", ""causal_patch_effect"": ""pending_measurement"", ""specificity"": ""pending_measurement"", ""manifold_distance"": ""pending_measurement"", ""recommended_operator"": ""not_yet_justified""}","[{""path"": ""artifacts/geometry_map/reach_wall_v1/discovery-screen/discovery_screen.json"", ""item"": ""rows[183]""}, {""path"": ""artifacts/geometry_map/reach_wall_v1/cached-geometry-v2/nonlinear_screen.json"", ""item"": ""rows[57]""}, {""path"": ""artifacts/geometry_map/reach_wall_v1/spatial-screen/spatial_screen.json"", ""item"": ""maps.encoder.block8.action_translation_magnitude""}]"
reach-wall/encoder/block-8/spatial-mean/action_dx,reach-wall,encoder,8,block_residual_output,mean_of_256_spatial_tokens,,action_dx,"{""metric"": ""r2"", ""score"": -0.023701490480319443, ""time_baseline"": 0.0033910809446688894, ""delta_vs_time"": -0.027092571424988332}","{""knn_score"": 0.007781112571337401, ""linear_score"": -0.023701490480319443, ""nonlinear_gain"": 0.03148260305165684}",,"{""participation_ratio"": 6.38294246358392, ""top10_variance_fraction"": 0.7215729863808529, ""adjacent_timestep_cosine_mean"": 0.9982742650706785}",,,,,,none_validated,"{""linear_score"": ""measured_discovery_only"", ""nonlinear_gain"": ""measured_discovery_only"", ""best_coordinate_frame"": ""pending_measurement"", ""geometry"": ""descriptive_activation_geometry"", ""cross_trajectory_stability"": ""pending_measurement"", ""regime_dependence"": ""pending_measurement"", ""causal_patch_effect"": ""pending_measurement"", ""specificity"": ""pending_measurement"", ""manifold_distance"": ""pending_measurement"", ""recommended_operator"": ""not_yet_justified""}","[{""path"": ""artifacts/geometry_map/reach_wall_v1/discovery-screen/discovery_screen.json"", ""item"": ""rows[180]""}, {""path"": ""artifacts/geometry_map/reach_wall_v1/cached-geometry-v2/nonlinear_screen.json"", ""item"": ""rows[54]""}, {""path"": ""artifacts/geometry_map/reach_wall_v1/spatial-screen/spatial_screen.json"", ""item"": ""maps.encoder.block8.action_dx""}]"
reach-wall/encoder/block-8/spatial-mean/action_dy,reach-wall,encoder,8,block_residual_output,mean_of_256_spatial_tokens,,action_dy,"{""metric"": ""r2"", ""score"": 0.6161658794095116, ""time_baseline"": 0.6287213192564175, ""delta_vs_time"": -0.01255543984690588}","{""knn_score"": 0.6251547243111958, ""linear_score"": 0.6161658794095116, ""nonlinear_gain"": 0.008988844901684168}",,"{""participation_ratio"": 6.38294246358392, ""top10_variance_fraction"": 0.7215729863808529, ""adjacent_timestep_cosine_mean"": 0.9982742650706785}",,,,,,none_validated,"{""linear_score"": ""measured_discovery_only"", ""nonlinear_gain"": ""measured_discovery_only"", ""best_coordinate_frame"": ""pending_measurement"", ""geometry"": ""descriptive_activation_geometry"", ""cross_trajectory_stability"": ""pending_measurement"", ""regime_dependence"": ""pending_measurement"", ""causal_patch_effect"": ""pending_measurement"", ""specificity"": ""pending_measurement"", ""manifold_distance"": ""pending_measurement"", ""recommended_operator"": ""not_yet_justified""}","[{""path"": ""artifacts/geometry_map/reach_wall_v1/discovery-screen/discovery_screen.json"", ""item"": ""rows[181]""}, {""path"": ""artifacts/geometry_map/reach_wall_v1/cached-geometry-v2/nonlinear_screen.json"", ""item"": ""rows[55]""}, {""path"": ""artifacts/geometry_map/reach_wall_v1/spatial-screen/spatial_screen.json"", ""item"": ""maps.encoder.block8.action_dy""}]"
reach-wall/encoder/block-8/spatial-mean/action_dz,reach-wall,encoder,8,block_residual_output,mean_of_256_spatial_tokens,,action_dz,"{""metric"": ""r2"", ""score"": 0.024973809200894204, ""time_baseline"": 0.02788791500905774, ""delta_vs_time"": -0.0029141058081635363}","{""knn_score"": 0.08039498107903953, ""linear_score"": 0.024973809200894204, ""nonlinear_gain"": 0.055421171878145326}",,"{""participation_ratio"": 6.38294246358392, ""top10_variance_fraction"": 0.7215729863808529, ""adjacent_timestep_cosine_mean"": 0.9982742650706785}",,,,,,none_validated,"{""linear_score"": ""measured_discovery_only"", ""nonlinear_gain"": ""measured_discovery_only"", ""best_coordinate_frame"": ""pending_measurement"", ""geometry"": ""descriptive_activation_geometry"", ""cross_trajectory_stability"": ""pending_measurement"", ""regime_dependence"": ""pending_measurement"", ""causal_patch_effect"": ""pending_measurement"", ""specificity"": ""pending_measurement"", ""manifold_distance"": ""pending_measurement"", ""recommended_operator"": ""not_yet_justified""}","[{""path"": ""artifacts/geometry_map/reach_wall_v1/discovery-screen/discovery_screen.json"", ""item"": ""rows[182]""}, {""path"": ""artifacts/geometry_map/reach_wall_v1/cached-geometry-v2/nonlinear_screen.json"", ""item"": ""rows[56]""}, {""path"": ""artifacts/geometry_map/reach_wall_v1/spatial-screen/spatial_screen.json"", ""item"": ""maps.encoder.block8.action_dz""}]"
reach-wall/encoder/block-8/spatial-mean/cumulative_progress,reach-wall,encoder,8,block_residual_output,mean_of_256_spatial_tokens,,cumulative_progress,"{""metric"": ""r2"", ""score"": 0.941886622671271, ""time_baseline"": 0.9222151817810877, ""delta_vs_time"": 0.019671440890183245}","{""knn_score"": 0.8941650851737217, ""linear_score"": 0.941886622671271, ""nonlinear_gain"": -0.04772153749754926}",,"{""participation_ratio"": 6.38294246358392, ""top10_variance_fraction"": 0.7215729863808529, ""adjacent_timestep_cosine_mean"": 0.9982742650706785}",,,,,,none_validated,"{""linear_score"": ""measured_discovery_only"", ""nonlinear_gain"": ""measured_discovery_only"", ""best_coordinate_frame"": ""pending_measurement"", ""geometry"": ""descriptive_activation_geometry"", ""cross_trajectory_stability"": ""pending_measurement"", ""regime_dependence"": ""pending_measurement"", ""causal_patch_effect"": ""pending_measurement"", ""specificity"": ""pending_measurement"", ""manifold_distance"": ""pending_measurement"", ""recommended_operator"": ""not_yet_justified""}","[{""path"": ""artifacts/geometry_map/reach_wall_v1/discovery-screen/discovery_screen.json"", ""item"": ""rows[169]""}, {""path"": ""artifacts/geometry_map/reach_wall_v1/emergence-geometry/emergence_geometry.json"", ""item"": ""curves.encoder.progress.rows.layer=8""}, {""path"": ""artifacts/geometry_map/reach_wall_v1/cached-geometry-v2/nonlinear_screen.json"", ""item"": ""rows[43]""}, {""path"": ""artifacts/geometry_map/reach_wall_v1/spatial-screen/spatial_screen.json"", ""item"": ""maps.encoder.block8.progress""}]"
reach-wall/encoder/block-8/spatial-mean/expert_detour_gate,reach-wall,encoder,8,block_residual_output,mean_of_256_spatial_tokens,,expert_detour_gate,"{""metric"": ""auroc"", ""score"": 0.9985941002241434, ""time_baseline"": 0.978149765850144, ""delta_vs_time"": 0.020444334373999395}","{""knn_score"": 0.9974471161543388, ""linear_score"": 0.9985941002241434, ""nonlinear_gain"": -0.001146984069804624}",,"{""participation_ratio"": 6.38294246358392, ""top10_variance_fraction"": 0.7215729863808529, ""adjacent_timestep_cosine_mean"": 0.9982742650706785}",,,,,,none_validated,"{""linear_score"": ""measured_discovery_only"", ""nonlinear_gain"": ""measured_discovery_only"", ""best_coordinate_frame"": ""pending_measurement"", ""geometry"": ""descriptive_activation_geometry"", ""cross_trajectory_stability"": ""pending_measurement"", ""regime_dependence"": ""pending_measurement"", ""causal_patch_effect"": ""pending_measurement"", ""specificity"": ""pending_measurement"", ""manifold_distance"": ""pending_measurement"", ""recommended_operator"": ""not_yet_justified""}","[{""path"": ""artifacts/geometry_map/reach_wall_v1/discovery-screen/discovery_screen.json"", ""item"": ""rows[179]""}, {""path"": ""artifacts/geometry_map/reach_wall_v1/cached-geometry-v2/nonlinear_screen.json"", ""item"": ""rows[53]""}, {""path"": ""artifacts/geometry_map/reach_wall_v1/spatial-screen/spatial_screen.json"", ""item"": ""maps.encoder.block8.expert_detour_gate""}]"
reach-wall/encoder/block-8/spatial-mean/goal_distance,reach-wall,encoder,8,block_residual_output,mean_of_256_spatial_tokens,,goal_distance,"{""metric"": ""r2"", ""score"": 0.9309787684685733, ""time_baseline"": 0.908897827090231, ""delta_vs_time"": 0.022080941378342267}","{""knn_score"": 0.8812050889494267, ""linear_score"": 0.9309787684685733, ""nonlinear_gain"": -0.049773679519146574}",,"{""participation_ratio"": 6.38294246358392, ""top10_variance_fraction"": 0.7215729863808529, ""adjacent_timestep_cosine_mean"": 0.9982742650706785}",,,,,,none_validated,"{""linear_score"": ""measured_discovery_only"", ""nonlinear_gain"": ""measured_discovery_only"", ""best_coordinate_frame"": ""pending_measurement"", ""geometry"": ""descriptive_activation_geometry"", ""cross_trajectory_stability"": ""pending_measurement"", ""regime_dependence"": ""pending_measurement"", ""causal_patch_effect"": ""pending_measurement"", ""specificity"": ""pending_measurement"", ""manifold_distance"": ""pending_measurement"", ""recommended_operator"": ""not_yet_justified""}","[{""path"": ""artifacts/geometry_map/reach_wall_v1/discovery-screen/discovery_screen.json"", ""item"": ""rows[168]""}, {""path"": ""artifacts/geometry_map/reach_wall_v1/cached-geometry-v2/nonlinear_screen.json"", ""item"": ""rows[42]""}, {""path"": ""artifacts/geometry_map/reach_wall_v1/spatial-screen/spatial_screen.json"", ""item"": ""maps.encoder.block8.goal_distance""}]"
reach-wall/encoder/block-8/spatial-mean/goal_vector_x,reach-wall,encoder,8,block_residual_output,mean_of_256_spatial_tokens,,goal_vector_x,"{""metric"": ""r2"", ""score"": 0.06621677732721154, ""time_baseline"": 0.08054582471970773, ""delta_vs_time"": -0.014329047392496186}","{""knn_score"": 0.11133049624080715, ""linear_score"": 0.06621677732721154, ""nonlinear_gain"": 0.04511371891359561}",,"{""participation_ratio"": 6.38294246358392, ""top10_variance_fraction"": 0.7215729863808529, ""adjacent_timestep_cosine_mean"": 0.9982742650706785}",,,,,,none_validated,"{""linear_score"": ""measured_discovery_only"", ""nonlinear_gain"": ""measured_discovery_only"", ""best_coordinate_frame"": ""pending_measurement"", ""geometry"": ""descriptive_activation_geometry"", ""cross_trajectory_stability"": ""pending_measurement"", ""regime_dependence"": ""pending_measurement"", ""causal_patch_effect"": ""pending_measurement"", ""specificity"": ""pending_measurement"", ""manifold_distance"": ""pending_measurement"", ""recommended_operator"": ""not_yet_justified""}","[{""path"": ""artifacts/geometry_map/reach_wall_v1/discovery-screen/discovery_screen.json"", ""item"": ""rows[173]""}, {""path"": ""artifacts/geometry_map/reach_wall_v1/cached-geometry-v2/nonlinear_screen.json"", ""item"": ""rows[47]""}, {""path"": ""artifacts/geometry_map/reach_wall_v1/spatial-screen/spatial_screen.json"", ""item"": ""maps.encoder.block8.goal_vector_x""}]"
reach-wall/encoder/block-8/spatial-mean/goal_vector_y,reach-wall,encoder,8,block_residual_output,mean_of_256_spatial_tokens,,goal_vector_y,"{""metric"": ""r2"", ""score"": 0.9601213864011354, ""time_baseline"": 0.9568517433439947, ""delta_vs_time"": 0.0032696430571407253}","{""knn_score"": 0.9123757363292013, ""linear_score"": 0.9601213864011354, ""nonlinear_gain"": -0.0477456500719341}",,"{""participation_ratio"": 6.38294246358392, ""top10_variance_fraction"": 0.7215729863808529, ""adjacent_timestep_cosine_mean"": 0.9982742650706785}",,,,,,none_validated,"{""linear_score"": ""measured_discovery_only"", ""nonlinear_gain"": ""measured_discovery_only"", ""best_coordinate_frame"": ""pending_measurement"", ""geometry"": ""descriptive_activation_geometry"", ""cross_trajectory_stability"": ""pending_measurement"", ""regime_dependence"": ""pending_measurement"", ""causal_patch_effect"": ""pending_measurement"", ""specificity"": ""pending_measurement"", ""manifold_distance"": ""pending_measurement"", ""recommended_operator"": ""not_yet_justified""}","[{""path"": ""artifacts/geometry_map/reach_wall_v1/discovery-screen/discovery_screen.json"", ""item"": ""rows[174]""}, {""path"": ""artifacts/geometry_map/reach_wall_v1/cached-geometry-v2/nonlinear_screen.json"", ""item"": ""rows[48]""}, {""path"": ""artifacts/geometry_map/reach_wall_v1/spatial-screen/spatial_screen.json"", ""item"": ""maps.encoder.block8.goal_vector_y""}]"
reach-wall/encoder/block-8/spatial-mean/goal_vector_z,reach-wall,encoder,8,block_residual_output,mean_of_256_spatial_tokens,,goal_vector_z,"{""metric"": ""r2"", ""score"": 0.40051892711441983, ""time_baseline"": 0.044334510544640326, ""delta_vs_time"": 0.3561844165697795}","{""knn_score"": 0.3802787740938687, ""linear_score"": 0.40051892711441983, ""nonlinear_gain"": -0.020240153020551155}",,"{""participation_ratio"": 6.38294246358392, ""top10_variance_fraction"": 0.7215729863808529, ""adjacent_timestep_cosine_mean"": 0.9982742650706785}",,,,,,none_validated,"{""linear_score"": ""measured_discovery_only"", ""nonlinear_gain"": ""measured_discovery_only"", ""best_coordinate_frame"": ""pending_measurement"", ""geometry"": ""descriptive_activation_geometry"", ""cross_trajectory_stability"": ""pending_measurement"", ""regime_dependence"": ""pending_measurement"", ""causal_patch_effect"": ""pending_measurement"", ""specificity"": ""pending_measurement"", ""manifold_distance"": ""pending_measurement"", ""recommended_operator"": ""not_yet_justified""}","[{""path"": ""artifacts/geometry_map/reach_wall_v1/discovery-screen/discovery_screen.json"", ""item"": ""rows[175]""}, {""path"": ""artifacts/geometry_map/reach_wall_v1/cached-geometry-v2/nonlinear_screen.json"", ""item"": ""rows[49]""}, {""path"": ""artifacts/geometry_map/reach_wall_v1/spatial-screen/spatial_screen.json"", ""item"": ""maps.encoder.block8.goal_vector_z""}]"
reach-wall/encoder/block-8/spatial-mean/goal_xz_direction,reach-wall,encoder,8,block_residual_output,mean_of_256_spatial_tokens,,goal_xz_direction,"{""metric"": ""r2"", ""score"": 0.2768542073393839, ""time_baseline"": null, ""delta_vs_time"": null}",,,,,,,,,none_validated,"{""linear_score"": ""measured_discovery_only"", ""nonlinear_gain"": ""pending_measurement"", ""best_coordinate_frame"": ""pending_measurement"", ""geometry"": ""pending_measurement"", ""cross_trajectory_stability"": ""pending_measurement"", ""regime_dependence"": ""pending_measurement"", ""causal_patch_effect"": ""pending_measurement"", ""specificity"": ""pending_measurement"", ""manifold_distance"": ""pending_measurement"", ""recommended_operator"": ""not_yet_justified""}","[{""path"": ""artifacts/geometry_map/reach_wall_v1/emergence-geometry/emergence_geometry.json"", ""item"": ""curves.encoder.goal_xz_direction.rows.layer=8""}]"
reach-wall/encoder/block-8/spatial-mean/hand_to_goal_segment_intersects_wall,reach-wall,encoder,8,block_residual_output,mean_of_256_spatial_tokens,,hand_to_goal_segment_intersects_wall,"{""metric"": ""auroc"", ""score"": 0.9890954020968569, ""time_baseline"": 0.9019247457737662, ""delta_vs_time"": 0.08717065632309062}","{""knn_score"": 0.9784263246667838, ""linear_score"": 0.9890954020968569, ""nonlinear_gain"": -0.01066907743007306}",,"{""participation_ratio"": 6.38294246358392, ""top10_variance_fraction"": 0.7215729863808529, ""adjacent_timestep_cosine_mean"": 0.9982742650706785}",,,,,,none_validated,"{""linear_score"": ""measured_discovery_only"", ""nonlinear_gain"": ""measured_discovery_only"", ""best_coordinate_frame"": ""pending_measurement"", ""geometry"": ""descriptive_activation_geometry"", ""cross_trajectory_stability"": ""pending_measurement"", ""regime_dependence"": ""pending_measurement"", ""causal_patch_effect"": ""pending_measurement"", ""specificity"": ""pending_measurement"", ""manifold_distance"": ""pending_measurement"", ""recommended_operator"": ""not_yet_justified""}","[{""path"": ""artifacts/geometry_map/reach_wall_v1/discovery-screen/discovery_screen.json"", ""item"": ""rows[178]""}, {""path"": ""artifacts/geometry_map/reach_wall_v1/cached-geometry-v2/nonlinear_screen.json"", ""item"": ""rows[52]""}, {""path"": ""artifacts/geometry_map/reach_wall_v1/spatial-screen/spatial_screen.json"", ""item"": ""maps.encoder.block8.straight_path_intersects_wall""}]"
reach-wall/encoder/block-8/spatial-mean/hand_x,reach-wall,encoder,8,block_residual_output,mean_of_256_spatial_tokens,,hand_x,"{""metric"": ""r2"", ""score"": 0.782841080069665, ""time_baseline"": 0.058067306134002794, ""delta_vs_time"": 0.7247737739356622}","{""knn_score"": 0.5434307273689896, ""linear_score"": 0.782841080069665, ""nonlinear_gain"": -0.23941035270067546}",,"{""participation_ratio"": 6.38294246358392, ""top10_variance_fraction"": 0.7215729863808529, ""adjacent_timestep_cosine_mean"": 0.9982742650706785}",,,,,,none_validated,"{""linear_score"": ""measured_discovery_only"", ""nonlinear_gain"": ""measured_discovery_only"", ""best_coordinate_frame"": ""pending_measurement"", ""geometry"": ""descriptive_activation_geometry"", ""cross_trajectory_stability"": ""pending_measurement"", ""regime_dependence"": ""pending_measurement"", ""causal_patch_effect"": ""pending_measurement"", ""specificity"": ""pending_measurement"", ""manifold_distance"": ""pending_measurement"", ""recommended_operator"": ""not_yet_justified""}","[{""path"": ""artifacts/geometry_map/reach_wall_v1/discovery-screen/discovery_screen.json"", ""item"": ""rows[170]""}, {""path"": ""artifacts/geometry_map/reach_wall_v1/cached-geometry-v2/nonlinear_screen.json"", ""item"": ""rows[44]""}, {""path"": ""artifacts/geometry_map/reach_wall_v1/spatial-screen/spatial_screen.json"", ""item"": ""maps.encoder.block8.hand_x""}]"
reach-wall/encoder/block-8/spatial-mean/hand_y,reach-wall,encoder,8,block_residual_output,mean_of_256_spatial_tokens,,hand_y,"{""metric"": ""r2"", ""score"": 0.9895127421458311, ""time_baseline"": 0.9772521653309317, ""delta_vs_time"": 0.012260576814899338}","{""knn_score"": 0.9374094314178553, ""linear_score"": 0.9895127421458311, ""nonlinear_gain"": -0.052103310727975805}",,"{""participation_ratio"": 6.38294246358392, ""top10_variance_fraction"": 0.7215729863808529, ""adjacent_timestep_cosine_mean"": 0.9982742650706785}",,,,,,none_validated,"{""linear_score"": ""measured_discovery_only"", ""nonlinear_gain"": ""measured_discovery_only"", ""best_coordinate_frame"": ""pending_measurement"", ""geometry"": ""descriptive_activation_geometry"", ""cross_trajectory_stability"": ""pending_measurement"", ""regime_dependence"": ""pending_measurement"", ""causal_patch_effect"": ""pending_measurement"", ""specificity"": ""pending_measurement"", ""manifold_distance"": ""pending_measurement"", ""recommended_operator"": ""not_yet_justified""}","[{""path"": ""artifacts/geometry_map/reach_wall_v1/discovery-screen/discovery_screen.json"", ""item"": ""rows[171]""}, {""path"": ""artifacts/geometry_map/reach_wall_v1/cached-geometry-v2/nonlinear_screen.json"", ""item"": ""rows[45]""}, {""path"": ""artifacts/geometry_map/reach_wall_v1/spatial-screen/spatial_screen.json"", ""item"": ""maps.encoder.block8.hand_y""}]"
reach-wall/encoder/block-8/spatial-mean/hand_z,reach-wall,encoder,8,block_residual_output,mean_of_256_spatial_tokens,,hand_z,"{""metric"": ""r2"", ""score"": 0.9881293073639633, ""time_baseline"": 0.00804356141242546, ""delta_vs_time"": 0.9800857459515379}","{""knn_score"": 0.8435002664525983, ""linear_score"": 0.9881293073639633, ""nonlinear_gain"": -0.14462904091136497}",,"{""participation_ratio"": 6.38294246358392, ""top10_variance_fraction"": 0.7215729863808529, ""adjacent_timestep_cosine_mean"": 0.9982742650706785}",,,,,,none_validated,"{""linear_score"": ""measured_discovery_only"", ""nonlinear_gain"": ""measured_discovery_only"", ""best_coordinate_frame"": ""pending_measurement"", ""geometry"": ""descriptive_activation_geometry"", ""cross_trajectory_stability"": ""pending_measurement"", ""regime_dependence"": ""pending_measurement"", ""causal_patch_effect"": ""pending_measurement"", ""specificity"": ""pending_measurement"", ""manifold_distance"": ""pending_measurement"", ""recommended_operator"": ""not_yet_justified""}","[{""path"": ""artifacts/geometry_map/reach_wall_v1/discovery-screen/discovery_screen.json"", ""item"": ""rows[172]""}, {""path"": ""artifacts/geometry_map/reach_wall_v1/cached-geometry-v2/nonlinear_screen.json"", ""item"": ""rows[46]""}, {""path"": ""artifacts/geometry_map/reach_wall_v1/spatial-screen/spatial_screen.json"", ""item"": ""maps.encoder.block8.hand_z""}]"
reach-wall/encoder/block-8/spatial-mean/height_above_wall_top,reach-wall,encoder,8,block_residual_output,mean_of_256_spatial_tokens,,height_above_wall_top,"{""metric"": ""r2"", ""score"": 0.9881293067871991, ""time_baseline"": 0.008043558955029284, ""delta_vs_time"": 0.9800857478321698}","{""knn_score"": 0.8435002635155237, ""linear_score"": 0.9881293067871991, ""nonlinear_gain"": -0.14462904327167547}",,"{""participation_ratio"": 6.38294246358392, ""top10_variance_fraction"": 0.7215729863808529, ""adjacent_timestep_cosine_mean"": 0.9982742650706785}",,,,,,none_validated,"{""linear_score"": ""measured_discovery_only"", ""nonlinear_gain"": ""measured_discovery_only"", ""best_coordinate_frame"": ""pending_measurement"", ""geometry"": ""descriptive_activation_geometry"", ""cross_trajectory_stability"": ""pending_measurement"", ""regime_dependence"": ""pending_measurement"", ""causal_patch_effect"": ""pending_measurement"", ""specificity"": ""pending_measurement"", ""manifold_distance"": ""pending_measurement"", ""recommended_operator"": ""not_yet_justified""}","[{""path"": ""artifacts/geometry_map/reach_wall_v1/discovery-screen/discovery_screen.json"", ""item"": ""rows[177]""}, {""path"": ""artifacts/geometry_map/reach_wall_v1/cached-geometry-v2/nonlinear_screen.json"", ""item"": ""rows[51]""}, {""path"": ""artifacts/geometry_map/reach_wall_v1/spatial-screen/spatial_screen.json"", ""item"": ""maps.encoder.block8.height_above_wall_top""}]"
reach-wall/encoder/block-8/spatial-mean/realized_dx,reach-wall,encoder,8,block_residual_output,mean_of_256_spatial_tokens,,realized_dx,"{""metric"": ""r2"", ""score"": -0.0028004493864526303, ""time_baseline"": 0.005340828654275098, ""delta_vs_time"": -0.008141278040727729}","{""knn_score"": 0.030625407003165184, ""linear_score"": -0.0028004493864526303, ""nonlinear_gain"": 0.033425856389617814}",,"{""participation_ratio"": 6.38294246358392, ""top10_variance_fraction"": 0.7215729863808529, ""adjacent_timestep_cosine_mean"": 0.9982742650706785}",,,,,,none_validated,"{""linear_score"": ""measured_discovery_only"", ""nonlinear_gain"": ""measured_discovery_only"", ""best_coordinate_frame"": ""pending_measurement"", ""geometry"": ""descriptive_activation_geometry"", ""cross_trajectory_stability"": ""pending_measurement"", ""regime_dependence"": ""pending_measurement"", ""causal_patch_effect"": ""pending_measurement"", ""specificity"": ""pending_measurement"", ""manifold_distance"": ""pending_measurement"", ""recommended_operator"": ""not_yet_justified""}","[{""path"": ""artifacts/geometry_map/reach_wall_v1/discovery-screen/discovery_screen.json"", ""item"": ""rows[184]""}, {""path"": ""artifacts/geometry_map/reach_wall_v1/cached-geometry-v2/nonlinear_screen.json"", ""item"": ""rows[58]""}, {""path"": ""artifacts/geometry_map/reach_wall_v1/spatial-screen/spatial_screen.json"", ""item"": ""maps.encoder.block8.realized_dx""}]"
reach-wall/encoder/block-8/spatial-mean/realized_dy,reach-wall,encoder,8,block_residual_output,mean_of_256_spatial_tokens,,realized_dy,"{""metric"": ""r2"", ""score"": 0.8549219971665327, ""time_baseline"": 0.7938417819030151, ""delta_vs_time"": 0.06108021526351759}","{""knn_score"": 0.8267963310592067, ""linear_score"": 0.8549219971665327, ""nonlinear_gain"": -0.02812566610732603}",,"{""participation_ratio"": 6.38294246358392, ""top10_variance_fraction"": 0.7215729863808529, ""adjacent_timestep_cosine_mean"": 0.9982742650706785}",,,,,,none_validated,"{""linear_score"": ""measured_discovery_only"", ""nonlinear_gain"": ""measured_discovery_only"", ""best_coordinate_frame"": ""pending_measurement"", ""geometry"": ""descriptive_activation_geometry"", ""cross_trajectory_stability"": ""pending_measurement"", ""regime_dependence"": ""pending_measurement"", ""causal_patch_effect"": ""pending_measurement"", ""specificity"": ""pending_measurement"", ""manifold_distance"": ""pending_measurement"", ""recommended_operator"": ""not_yet_justified""}","[{""path"": ""artifacts/geometry_map/reach_wall_v1/discovery-screen/discovery_screen.json"", ""item"": ""rows[185]""}, {""path"": ""artifacts/geometry_map/reach_wall_v1/cached-geometry-v2/nonlinear_screen.json"", ""item"": ""rows[59]""}, {""path"": ""artifacts/geometry_map/reach_wall_v1/spatial-screen/spatial_screen.json"", ""item"": ""maps.encoder.block8.realized_dy""}]"
reach-wall/encoder/block-8/spatial-mean/realized_dz,reach-wall,encoder,8,block_residual_output,mean_of_256_spatial_tokens,,realized_dz,"{""metric"": ""r2"", ""score"": 0.11378803959297146, ""time_baseline"": 0.07117442644816807, ""delta_vs_time"": 0.042613613144803386}","{""knn_score"": 0.16879676338159522, ""linear_score"": 0.11378803959297146, ""nonlinear_gain"": 0.05500872378862376}",,"{""participation_ratio"": 6.38294246358392, ""top10_variance_fraction"": 0.7215729863808529, ""adjacent_timestep_cosine_mean"": 0.9982742650706785}",,,,,,none_validated,"{""linear_score"": ""measured_discovery_only"", ""nonlinear_gain"": ""measured_discovery_only"", ""best_coordinate_frame"": ""pending_measurement"", ""geometry"": ""descriptive_activation_geometry"", ""cross_trajectory_stability"": ""pending_measurement"", ""regime_dependence"": ""pending_measurement"", ""causal_patch_effect"": ""pending_measurement"", ""specificity"": ""pending_measurement"", ""manifold_distance"": ""pending_measurement"", ""recommended_operator"": ""not_yet_justified""}","[{""path"": ""artifacts/geometry_map/reach_wall_v1/discovery-screen/discovery_screen.json"", ""item"": ""rows[186]""}, {""path"": ""artifacts/geometry_map/reach_wall_v1/cached-geometry-v2/nonlinear_screen.json"", ""item"": ""rows[60]""}, {""path"": ""artifacts/geometry_map/reach_wall_v1/spatial-screen/spatial_screen.json"", ""item"": ""maps.encoder.block8.realized_dz""}]"
reach-wall/encoder/block-8/spatial-mean/realized_hand_delta_magnitude,reach-wall,encoder,8,block_residual_output,mean_of_256_spatial_tokens,,realized_hand_delta_magnitude,"{""metric"": ""r2"", ""score"": 0.7097630281842967, ""time_baseline"": 0.6130267917023396, ""delta_vs_time"": 0.09673623648195706}","{""knn_score"": 0.7038225549965864, ""linear_score"": 0.7097630281842967, ""nonlinear_gain"": -0.005940473187710293}",,"{""participation_ratio"": 6.38294246358392, ""top10_variance_fraction"": 0.7215729863808529, ""adjacent_timestep_cosine_mean"": 0.9982742650706785}",,,,,,none_validated,"{""linear_score"": ""measured_discovery_only"", ""nonlinear_gain"": ""measured_discovery_only"", ""best_coordinate_frame"": ""pending_measurement"", ""geometry"": ""descriptive_activation_geometry"", ""cross_trajectory_stability"": ""pending_measurement"", ""regime_dependence"": ""pending_measurement"", ""causal_patch_effect"": ""pending_measurement"", ""specificity"": ""pending_measurement"", ""manifold_distance"": ""pending_measurement"", ""recommended_operator"": ""not_yet_justified""}","[{""path"": ""artifacts/geometry_map/reach_wall_v1/discovery-screen/discovery_screen.json"", ""item"": ""rows[187]""}, {""path"": ""artifacts/geometry_map/reach_wall_v1/emergence-geometry/emergence_geometry.json"", ""item"": ""curves.encoder.motion_magnitude.rows.layer=8""}, {""path"": ""artifacts/geometry_map/reach_wall_v1/cached-geometry-v2/nonlinear_screen.json"", ""item"": ""rows[61]""}, {""path"": ""artifacts/geometry_map/reach_wall_v1/spatial-screen/spatial_screen.json"", ""item"": ""maps.encoder.block8.realized_hand_delta_magnitude""}]"
reach-wall/encoder/block-8/spatial-mean/realized_xz_direction,reach-wall,encoder,8,block_residual_output,mean_of_256_spatial_tokens,,realized_xz_direction,"{""metric"": ""r2"", ""score"": 0.009660470616776102, ""time_baseline"": null, ""delta_vs_time"": null}",,,,,,,,,none_validated,"{""linear_score"": ""measured_discovery_only"", ""nonlinear_gain"": ""pending_measurement"", ""best_coordinate_frame"": ""pending_measurement"", ""geometry"": ""pending_measurement"", ""cross_trajectory_stability"": ""pending_measurement"", ""regime_dependence"": ""pending_measurement"", ""causal_patch_effect"": ""pending_measurement"", ""specificity"": ""pending_measurement"", ""manifold_distance"": ""pending_measurement"", ""recommended_operator"": ""not_yet_justified""}","[{""path"": ""artifacts/geometry_map/reach_wall_v1/emergence-geometry/emergence_geometry.json"", ""item"": ""curves.encoder.realized_xz_direction.rows.layer=8""}]"
reach-wall/encoder/block-8/spatial-mean/reward_sum,reach-wall,encoder,8,block_residual_output,mean_of_256_spatial_tokens,,reward_sum,"{""metric"": ""r2"", ""score"": 0.9513555724962945, ""time_baseline"": 0.9142972039613033, ""delta_vs_time"": 0.037058368534991226}","{""knn_score"": 0.9101667098062678, ""linear_score"": 0.9513555724962945, ""nonlinear_gain"": -0.04118886269002675}",,"{""participation_ratio"": 6.38294246358392, ""top10_variance_fraction"": 0.7215729863808529, ""adjacent_timestep_cosine_mean"": 0.9982742650706785}",,,,,,none_validated,"{""linear_score"": ""measured_discovery_only"", ""nonlinear_gain"": ""measured_discovery_only"", ""best_coordinate_frame"": ""pending_measurement"", ""geometry"": ""descriptive_activation_geometry"", ""cross_trajectory_stability"": ""pending_measurement"", ""regime_dependence"": ""pending_measurement"", ""causal_patch_effect"": ""pending_measurement"", ""specificity"": ""pending_measurement"", ""manifold_distance"": ""pending_measurement"", ""recommended_operator"": ""not_yet_justified""}","[{""path"": ""artifacts/geometry_map/reach_wall_v1/discovery-screen/discovery_screen.json"", ""item"": ""rows[188]""}, {""path"": ""artifacts/geometry_map/reach_wall_v1/cached-geometry-v2/nonlinear_screen.json"", ""item"": ""rows[62]""}, {""path"": ""artifacts/geometry_map/reach_wall_v1/spatial-screen/spatial_screen.json"", ""item"": ""maps.encoder.block8.reward_sum""}]"
reach-wall/encoder/block-8/spatial-mean/wall_signed_distance,reach-wall,encoder,8,block_residual_output,mean_of_256_spatial_tokens,,wall_signed_distance,"{""metric"": ""r2"", ""score"": 0.9607325063128239, ""time_baseline"": 0.14228076564542247, ""delta_vs_time"": 0.8184517406674015}","{""knn_score"": 0.8505326540876067, ""linear_score"": 0.9607325063128239, ""nonlinear_gain"": -0.11019985222521722}",,"{""participation_ratio"": 6.38294246358392, ""top10_variance_fraction"": 0.7215729863808529, ""adjacent_timestep_cosine_mean"": 0.9982742650706785}",,,,,,none_validated,"{""linear_score"": ""measured_discovery_only"", ""nonlinear_gain"": ""measured_discovery_only"", ""best_coordinate_frame"": ""pending_measurement"", ""geometry"": ""descriptive_activation_geometry"", ""cross_trajectory_stability"": ""pending_measurement"", ""regime_dependence"": ""pending_measurement"", ""causal_patch_effect"": ""pending_measurement"", ""specificity"": ""pending_measurement"", ""manifold_distance"": ""pending_measurement"", ""recommended_operator"": ""not_yet_justified""}","[{""path"": ""artifacts/geometry_map/reach_wall_v1/discovery-screen/discovery_screen.json"", ""item"": ""rows[176]""}, {""path"": ""artifacts/geometry_map/reach_wall_v1/emergence-geometry/emergence_geometry.json"", ""item"": ""curves.encoder.wall_signed_distance.rows.layer=8""}, {""path"": ""artifacts/geometry_map/reach_wall_v1/cached-geometry-v2/nonlinear_screen.json"", ""item"": ""rows[50]""}, {""path"": ""artifacts/geometry_map/reach_wall_v1/spatial-screen/spatial_screen.json"", ""item"": ""maps.encoder.block8.wall_signed_distance""}]"
reach-wall/encoder/block-9/spatial-mean/action_chunk_frobenius_magnitude,reach-wall,encoder,9,block_residual_output,mean_of_256_spatial_tokens,,action_chunk_frobenius_magnitude,"{""metric"": ""r2"", ""score"": 0.47690553067742936, ""time_baseline"": 0.4725658231754639, ""delta_vs_time"": 0.00433970750196544}",,,"{""participation_ratio"": 6.364390235498244, ""top10_variance_fraction"": 0.7126235401683327, ""adjacent_timestep_cosine_mean"": 0.9976056307161628}",,,,,,none_validated,"{""linear_score"": ""measured_discovery_only"", ""nonlinear_gain"": ""pending_measurement"", ""best_coordinate_frame"": ""pending_measurement"", ""geometry"": ""descriptive_activation_geometry"", ""cross_trajectory_stability"": ""pending_measurement"", ""regime_dependence"": ""pending_measurement"", ""causal_patch_effect"": ""pending_measurement"", ""specificity"": ""pending_measurement"", ""manifold_distance"": ""pending_measurement"", ""recommended_operator"": ""not_yet_justified""}","[{""path"": ""artifacts/geometry_map/reach_wall_v1/discovery-screen/discovery_screen.json"", ""item"": ""rows[204]""}]"
reach-wall/encoder/block-9/spatial-mean/action_dx,reach-wall,encoder,9,block_residual_output,mean_of_256_spatial_tokens,,action_dx,"{""metric"": ""r2"", ""score"": -0.03069175966177773, ""time_baseline"": 0.0033910809446688894, ""delta_vs_time"": -0.03408284060644662}",,,"{""participation_ratio"": 6.364390235498244, ""top10_variance_fraction"": 0.7126235401683327, ""adjacent_timestep_cosine_mean"": 0.9976056307161628}",,,,,,none_validated,"{""linear_score"": ""measured_discovery_only"", ""nonlinear_gain"": ""pending_measurement"", ""best_coordinate_frame"": ""pending_measurement"", ""geometry"": ""descriptive_activation_geometry"", ""cross_trajectory_stability"": ""pending_measurement"", ""regime_dependence"": ""pending_measurement"", ""causal_patch_effect"": ""pending_measurement"", ""specificity"": ""pending_measurement"", ""manifold_distance"": ""pending_measurement"", ""recommended_operator"": ""not_yet_justified""}","[{""path"": ""artifacts/geometry_map/reach_wall_v1/discovery-screen/discovery_screen.json"", ""item"": ""rows[201]""}]"
reach-wall/encoder/block-9/spatial-mean/action_dy,reach-wall,encoder,9,block_residual_output,mean_of_256_spatial_tokens,,action_dy,"{""metric"": ""r2"", ""score"": 0.6193826722660867, ""time_baseline"": 0.6287213192564175, ""delta_vs_time"": -0.009338646990330823}",,,"{""participation_ratio"": 6.364390235498244, ""top10_variance_fraction"": 0.7126235401683327, ""adjacent_timestep_cosine_mean"": 0.9976056307161628}",,,,,,none_validated,"{""linear_score"": ""measured_discovery_only"", ""nonlinear_gain"": ""pending_measurement"", ""best_coordinate_frame"": ""pending_measurement"", ""geometry"": ""descriptive_activation_geometry"", ""cross_trajectory_stability"": ""pending_measurement"", ""regime_dependence"": ""pending_measurement"", ""causal_patch_effect"": ""pending_measurement"", ""specificity"": ""pending_measurement"", ""manifold_distance"": ""pending_measurement"", ""recommended_operator"": ""not_yet_justified""}","[{""path"": ""artifacts/geometry_map/reach_wall_v1/discovery-screen/discovery_screen.json"", ""item"": ""rows[202]""}]"
reach-wall/encoder/block-9/spatial-mean/action_dz,reach-wall,encoder,9,block_residual_output,mean_of_256_spatial_tokens,,action_dz,"{""metric"": ""r2"", ""score"": 0.028427373285969115, ""time_baseline"": 0.02788791500905774, ""delta_vs_time"": 0.0005394582769113754}",,,"{""participation_ratio"": 6.364390235498244, ""top10_variance_fraction"": 0.7126235401683327, ""adjacent_timestep_cosine_mean"": 0.9976056307161628}",,,,,,none_validated,"{""linear_score"": ""measured_discovery_only"", ""nonlinear_gain"": ""pending_measurement"", ""best_coordinate_frame"": ""pending_measurement"", ""geometry"": ""descriptive_activation_geometry"", ""cross_trajectory_stability"": ""pending_measurement"", ""regime_dependence"": ""pending_measurement"", ""causal_patch_effect"": ""pending_measurement"", ""specificity"": ""pending_measurement"", ""manifold_distance"": ""pending_measurement"", ""recommended_operator"": ""not_yet_justified""}","[{""path"": ""artifacts/geometry_map/reach_wall_v1/discovery-screen/discovery_screen.json"", ""item"": ""rows[203]""}]"
reach-wall/encoder/block-9/spatial-mean/cumulative_progress,reach-wall,encoder,9,block_residual_output,mean_of_256_spatial_tokens,,cumulative_progress,"{""metric"": ""r2"", ""score"": 0.9417591396262107, ""time_baseline"": 0.9222151817810877, ""delta_vs_time"": 0.019543957845122972}",,,"{""participation_ratio"": 6.364390235498244, ""top10_variance_fraction"": 0.7126235401683327, ""adjacent_timestep_cosine_mean"": 0.9976056307161628}",,,,,,none_validated,"{""linear_score"": ""measured_discovery_only"", ""nonlinear_gain"": ""pending_measurement"", ""best_coordinate_frame"": ""pending_measurement"", ""geometry"": ""descriptive_activation_geometry"", ""cross_trajectory_stability"": ""pending_measurement"", ""regime_dependence"": ""pending_measurement"", ""causal_patch_effect"": ""pending_measurement"", ""specificity"": ""pending_measurement"", ""manifold_distance"": ""pending_measurement"", ""recommended_operator"": ""not_yet_justified""}","[{""path"": ""artifacts/geometry_map/reach_wall_v1/discovery-screen/discovery_screen.json"", ""item"": ""rows[190]""}, {""path"": ""artifacts/geometry_map/reach_wall_v1/emergence-geometry/emergence_geometry.json"", ""item"": ""curves.encoder.progress.rows.layer=9""}]"
reach-wall/encoder/block-9/spatial-mean/expert_detour_gate,reach-wall,encoder,9,block_residual_output,mean_of_256_spatial_tokens,,expert_detour_gate,"{""metric"": ""auroc"", ""score"": 0.9982588856868396, ""time_baseline"": 0.978149765850144, ""delta_vs_time"": 0.02010911983669561}",,,"{""participation_ratio"": 6.364390235498244, ""top10_variance_fraction"": 0.7126235401683327, ""adjacent_timestep_cosine_mean"": 0.9976056307161628}",,,,,,none_validated,"{""linear_score"": ""measured_discovery_only"", ""nonlinear_gain"": ""pending_measurement"", ""best_coordinate_frame"": ""pending_measurement"", ""geometry"": ""descriptive_activation_geometry"", ""cross_trajectory_stability"": ""pending_measurement"", ""regime_dependence"": ""pending_measurement"", ""causal_patch_effect"": ""pending_measurement"", ""specificity"": ""pending_measurement"", ""manifold_distance"": ""pending_measurement"", ""recommended_operator"": ""not_yet_justified""}","[{""path"": ""artifacts/geometry_map/reach_wall_v1/discovery-screen/discovery_screen.json"", ""item"": ""rows[200]""}]"
reach-wall/encoder/block-9/spatial-mean/goal_distance,reach-wall,encoder,9,block_residual_output,mean_of_256_spatial_tokens,,goal_distance,"{""metric"": ""r2"", ""score"": 0.9264422827032335, ""time_baseline"": 0.908897827090231, ""delta_vs_time"": 0.01754445561300244}",,,"{""participation_ratio"": 6.364390235498244, ""top10_variance_fraction"": 0.7126235401683327, ""adjacent_timestep_cosine_mean"": 0.9976056307161628}",,,,,,none_validated,"{""linear_score"": ""measured_discovery_only"", ""nonlinear_gain"": ""pending_measurement"", ""best_coordinate_frame"": ""pending_measurement"", ""geometry"": ""descriptive_activation_geometry"", ""cross_trajectory_stability"": ""pending_measurement"", ""regime_dependence"": ""pending_measurement"", ""causal_patch_effect"": ""pending_measurement"", ""specificity"": ""pending_measurement"", ""manifold_distance"": ""pending_measurement"", ""recommended_operator"": ""not_yet_justified""}","[{""path"": ""artifacts/geometry_map/reach_wall_v1/discovery-screen/discovery_screen.json"", ""item"": ""rows[189]""}]"
reach-wall/encoder/block-9/spatial-mean/goal_vector_x,reach-wall,encoder,9,block_residual_output,mean_of_256_spatial_tokens,,goal_vector_x,"{""metric"": ""r2"", ""score"": 0.06662438149524275, ""time_baseline"": 0.08054582471970773, ""delta_vs_time"": -0.01392144322446498}",,,"{""participation_ratio"": 6.364390235498244, ""top10_variance_fraction"": 0.7126235401683327, ""adjacent_timestep_cosine_mean"": 0.9976056307161628}",,,,,,none_validated,"{""linear_score"": ""measured_discovery_only"", ""nonlinear_gain"": ""pending_measurement"", ""best_coordinate_frame"": ""pending_measurement"", ""geometry"": ""descriptive_activation_geometry"", ""cross_trajectory_stability"": ""pending_measurement"", ""regime_dependence"": ""pending_measurement"", ""causal_patch_effect"": ""pending_measurement"", ""specificity"": ""pending_measurement"", ""manifold_distance"": ""pending_measurement"", ""recommended_operator"": ""not_yet_justified""}","[{""path"": ""artifacts/geometry_map/reach_wall_v1/discovery-screen/discovery_screen.json"", ""item"": ""rows[194]""}]"
reach-wall/encoder/block-9/spatial-mean/goal_vector_y,reach-wall,encoder,9,block_residual_output,mean_of_256_spatial_tokens,,goal_vector_y,"{""metric"": ""r2"", ""score"": 0.9613276657841289, ""time_baseline"": 0.9568517433439947, ""delta_vs_time"": 0.004475922440134172}",,,"{""participation_ratio"": 6.364390235498244, ""top10_variance_fraction"": 0.7126235401683327, ""adjacent_timestep_cosine_mean"": 0.9976056307161628}",,,,,,none_validated,"{""linear_score"": ""measured_discovery_only"", ""nonlinear_gain"": ""pending_measurement"", ""best_coordinate_frame"": ""pending_measurement"", ""geometry"": ""descriptive_activation_geometry"", ""cross_trajectory_stability"": ""pending_measurement"", ""regime_dependence"": ""pending_measurement"", ""causal_patch_effect"": ""pending_measurement"", ""specificity"": ""pending_measurement"", ""manifold_distance"": ""pending_measurement"", ""recommended_operator"": ""not_yet_justified""}","[{""path"": ""artifacts/geometry_map/reach_wall_v1/discovery-screen/discovery_screen.json"", ""item"": ""rows[195]""}]"
reach-wall/encoder/block-9/spatial-mean/goal_vector_z,reach-wall,encoder,9,block_residual_output,mean_of_256_spatial_tokens,,goal_vector_z,"{""metric"": ""r2"", ""score"": 0.4223879338621451, ""time_baseline"": 0.044334510544640326, ""delta_vs_time"": 0.3780534233175048}",,,"{""participation_ratio"": 6.364390235498244, ""top10_variance_fraction"": 0.7126235401683327, ""adjacent_timestep_cosine_mean"": 0.9976056307161628}",,,,,,none_validated,"{""linear_score"": ""measured_discovery_only"", ""nonlinear_gain"": ""pending_measurement"", ""best_coordinate_frame"": ""pending_measurement"", ""geometry"": ""descriptive_activation_geometry"", ""cross_trajectory_stability"": ""pending_measurement"", ""regime_dependence"": ""pending_measurement"", ""causal_patch_effect"": ""pending_measurement"", ""specificity"": ""pending_measurement"", ""manifold_distance"": ""pending_measurement"", ""recommended_operator"": ""not_yet_justified""}","[{""path"": ""artifacts/geometry_map/reach_wall_v1/discovery-screen/discovery_screen.json"", ""item"": ""rows[196]""}]"
reach-wall/encoder/block-9/spatial-mean/goal_xz_direction,reach-wall,encoder,9,block_residual_output,mean_of_256_spatial_tokens,,goal_xz_direction,"{""metric"": ""r2"", ""score"": 0.3072498738661328, ""time_baseline"": null, ""delta_vs_time"": null}",,,,,,,,,none_validated,"{""linear_score"": ""measured_discovery_only"", ""nonlinear_gain"": ""pending_measurement"", ""best_coordinate_frame"": ""pending_measurement"", ""geometry"": ""pending_measurement"", ""cross_trajectory_stability"": ""pending_measurement"", ""regime_dependence"": ""pending_measurement"", ""causal_patch_effect"": ""pending_measurement"", ""specificity"": ""pending_measurement"", ""manifold_distance"": ""pending_measurement"", ""recommended_operator"": ""not_yet_justified""}","[{""path"": ""artifacts/geometry_map/reach_wall_v1/emergence-geometry/emergence_geometry.json"", ""item"": ""curves.encoder.goal_xz_direction.rows.layer=9""}]"
reach-wall/encoder/block-9/spatial-mean/hand_to_goal_segment_intersects_wall,reach-wall,encoder,9,block_residual_output,mean_of_256_spatial_tokens,,hand_to_goal_segment_intersects_wall,"{""metric"": ""auroc"", ""score"": 0.9889631482927483, ""time_baseline"": 0.9019247457737662, ""delta_vs_time"": 0.0870384025189821}",,,"{""participation_ratio"": 6.364390235498244, ""top10_variance_fraction"": 0.7126235401683327, ""adjacent_timestep_cosine_mean"": 0.9976056307161628}",,,,,,none_validated,"{""linear_score"": ""measured_discovery_only"", ""nonlinear_gain"": ""pending_measurement"", ""best_coordinate_frame"": ""pending_measurement"", ""geometry"": ""descriptive_activation_geometry"", ""cross_trajectory_stability"": ""pending_measurement"", ""regime_dependence"": ""pending_measurement"", ""causal_patch_effect"": ""pending_measurement"", ""specificity"": ""pending_measurement"", ""manifold_distance"": ""pending_measurement"", ""recommended_operator"": ""not_yet_justified""}","[{""path"": ""artifacts/geometry_map/reach_wall_v1/discovery-screen/discovery_screen.json"", ""item"": ""rows[199]""}]"
reach-wall/encoder/block-9/spatial-mean/hand_x,reach-wall,encoder,9,block_residual_output,mean_of_256_spatial_tokens,,hand_x,"{""metric"": ""r2"", ""score"": 0.7778097844192557, ""time_baseline"": 0.058067306134002794, ""delta_vs_time"": 0.719742478285253}",,,"{""participation_ratio"": 6.364390235498244, ""top10_variance_fraction"": 0.7126235401683327, ""adjacent_timestep_cosine_mean"": 0.9976056307161628}",,,,,,none_validated,"{""linear_score"": ""measured_discovery_only"", ""nonlinear_gain"": ""pending_measurement"", ""best_coordinate_frame"": ""pending_measurement"", ""geometry"": ""descriptive_activation_geometry"", ""cross_trajectory_stability"": ""pending_measurement"", ""regime_dependence"": ""pending_measurement"", ""causal_patch_effect"": ""pending_measurement"", ""specificity"": ""pending_measurement"", ""manifold_distance"": ""pending_measurement"", ""recommended_operator"": ""not_yet_justified""}","[{""path"": ""artifacts/geometry_map/reach_wall_v1/discovery-screen/discovery_screen.json"", ""item"": ""rows[191]""}]"
reach-wall/encoder/block-9/spatial-mean/hand_y,reach-wall,encoder,9,block_residual_output,mean_of_256_spatial_tokens,,hand_y,"{""metric"": ""r2"", ""score"": 0.9898334506455787, ""time_baseline"": 0.9772521653309317, ""delta_vs_time"": 0.012581285314646973}",,,"{""participation_ratio"": 6.364390235498244, ""top10_variance_fraction"": 0.7126235401683327, ""adjacent_timestep_cosine_mean"": 0.9976056307161628}",,,,,,none_validated,"{""linear_score"": ""measured_discovery_only"", ""nonlinear_gain"": ""pending_measurement"", ""best_coordinate_frame"": ""pending_measurement"", ""geometry"": ""descriptive_activation_geometry"", ""cross_trajectory_stability"": ""pending_measurement"", ""regime_dependence"": ""pending_measurement"", ""causal_patch_effect"": ""pending_measurement"", ""specificity"": ""pending_measurement"", ""manifold_distance"": ""pending_measurement"", ""recommended_operator"": ""not_yet_justified""}","[{""path"": ""artifacts/geometry_map/reach_wall_v1/discovery-screen/discovery_screen.json"", ""item"": ""rows[192]""}]"
reach-wall/encoder/block-9/spatial-mean/hand_z,reach-wall,encoder,9,block_residual_output,mean_of_256_spatial_tokens,,hand_z,"{""metric"": ""r2"", ""score"": 0.9889346312348358, ""time_baseline"": 0.00804356141242546, ""delta_vs_time"": 0.9808910698224104}",,,"{""participation_ratio"": 6.364390235498244, ""top10_variance_fraction"": 0.7126235401683327, ""adjacent_timestep_cosine_mean"": 0.9976056307161628}",,,,,,none_validated,"{""linear_score"": ""measured_discovery_only"", ""nonlinear_gain"": ""pending_measurement"", ""best_coordinate_frame"": ""pending_measurement"", ""geometry"": ""descriptive_activation_geometry"", ""cross_trajectory_stability"": ""pending_measurement"", ""regime_dependence"": ""pending_measurement"", ""causal_patch_effect"": ""pending_measurement"", ""specificity"": ""pending_measurement"", ""manifold_distance"": ""pending_measurement"", ""recommended_operator"": ""not_yet_justified""}","[{""path"": ""artifacts/geometry_map/reach_wall_v1/discovery-screen/discovery_screen.json"", ""item"": ""rows[193]""}]"
reach-wall/encoder/block-9/spatial-mean/height_above_wall_top,reach-wall,encoder,9,block_residual_output,mean_of_256_spatial_tokens,,height_above_wall_top,"{""metric"": ""r2"", ""score"": 0.9889346309072004, ""time_baseline"": 0.008043558955029284, ""delta_vs_time"": 0.9808910719521711}",,,"{""participation_ratio"": 6.364390235498244, ""top10_variance_fraction"": 0.7126235401683327, ""adjacent_timestep_cosine_mean"": 0.9976056307161628}",,,,,,none_validated,"{""linear_score"": ""measured_discovery_only"", ""nonlinear_gain"": ""pending_measurement"", ""best_coordinate_frame"": ""pending_measurement"", ""geometry"": ""descriptive_activation_geometry"", ""cross_trajectory_stability"": ""pending_measurement"", ""regime_dependence"": ""pending_measurement"", ""causal_patch_effect"": ""pending_measurement"", ""specificity"": ""pending_measurement"", ""manifold_distance"": ""pending_measurement"", ""recommended_operator"": ""not_yet_justified""}","[{""path"": ""artifacts/geometry_map/reach_wall_v1/discovery-screen/discovery_screen.json"", ""item"": ""rows[198]""}]"
reach-wall/encoder/block-9/spatial-mean/realized_dx,reach-wall,encoder,9,block_residual_output,mean_of_256_spatial_tokens,,realized_dx,"{""metric"": ""r2"", ""score"": -0.017144870869974183, ""time_baseline"": 0.005340828654275098, ""delta_vs_time"": -0.02248569952424928}",,,"{""participation_ratio"": 6.364390235498244, ""top10_variance_fraction"": 0.7126235401683327, ""adjacent_timestep_cosine_mean"": 0.9976056307161628}",,,,,,none_validated,"{""linear_score"": ""measured_discovery_only"", ""nonlinear_gain"": ""pending_measurement"", ""best_coordinate_frame"": ""pending_measurement"", ""geometry"": ""descriptive_activation_geometry"", ""cross_trajectory_stability"": ""pending_measurement"", ""regime_dependence"": ""pending_measurement"", ""causal_patch_effect"": ""pending_measurement"", ""specificity"": ""pending_measurement"", ""manifold_distance"": ""pending_measurement"", ""recommended_operator"": ""not_yet_justified""}","[{""path"": ""artifacts/geometry_map/reach_wall_v1/discovery-screen/discovery_screen.json"", ""item"": ""rows[205]""}]"
reach-wall/encoder/block-9/spatial-mean/realized_dy,reach-wall,encoder,9,block_residual_output,mean_of_256_spatial_tokens,,realized_dy,"{""metric"": ""r2"", ""score"": 0.8545420740795798, ""time_baseline"": 0.7938417819030151, ""delta_vs_time"": 0.060700292176564696}",,,"{""participation_ratio"": 6.364390235498244, ""top10_variance_fraction"": 0.7126235401683327, ""adjacent_timestep_cosine_mean"": 0.9976056307161628}",,,,,,none_validated,"{""linear_score"": ""measured_discovery_only"", ""nonlinear_gain"": ""pending_measurement"", ""best_coordinate_frame"": ""pending_measurement"", ""geometry"": ""descriptive_activation_geometry"", ""cross_trajectory_stability"": ""pending_measurement"", ""regime_dependence"": ""pending_measurement"", ""causal_patch_effect"": ""pending_measurement"", ""specificity"": ""pending_measurement"", ""manifold_distance"": ""pending_measurement"", ""recommended_operator"": ""not_yet_justified""}","[{""path"": ""artifacts/geometry_map/reach_wall_v1/discovery-screen/discovery_screen.json"", ""item"": ""rows[206]""}]"
reach-wall/encoder/block-9/spatial-mean/realized_dz,reach-wall,encoder,9,block_residual_output,mean_of_256_spatial_tokens,,realized_dz,"{""metric"": ""r2"", ""score"": 0.12826166750799528, ""time_baseline"": 0.07117442644816807, ""delta_vs_time"": 0.05708724105982721}",,,"{""participation_ratio"": 6.364390235498244, ""top10_variance_fraction"": 0.7126235401683327, ""adjacent_timestep_cosine_mean"": 0.9976056307161628}",,,,,,none_validated,"{""linear_score"": ""measured_discovery_only"", ""nonlinear_gain"": ""pending_measurement"", ""best_coordinate_frame"": ""pending_measurement"", ""geometry"": ""descriptive_activation_geometry"", ""cross_trajectory_stability"": ""pending_measurement"", ""regime_dependence"": ""pending_measurement"", ""causal_patch_effect"": ""pending_measurement"", ""specificity"": ""pending_measurement"", ""manifold_distance"": ""pending_measurement"", ""recommended_operator"": ""not_yet_justified""}","[{""path"": ""artifacts/geometry_map/reach_wall_v1/discovery-screen/discovery_screen.json"", ""item"": ""rows[207]""}]"
reach-wall/encoder/block-9/spatial-mean/realized_hand_delta_magnitude,reach-wall,encoder,9,block_residual_output,mean_of_256_spatial_tokens,,realized_hand_delta_magnitude,"{""metric"": ""r2"", ""score"": 0.708068290456906, ""time_baseline"": 0.6130267917023396, ""delta_vs_time"": 0.09504149875456636}",,,"{""participation_ratio"": 6.364390235498244, ""top10_variance_fraction"": 0.7126235401683327, ""adjacent_timestep_cosine_mean"": 0.9976056307161628}",,,,,,none_validated,"{""linear_score"": ""measured_discovery_only"", ""nonlinear_gain"": ""pending_measurement"", ""best_coordinate_frame"": ""pending_measurement"", ""geometry"": ""descriptive_activation_geometry"", ""cross_trajectory_stability"": ""pending_measurement"", ""regime_dependence"": ""pending_measurement"", ""causal_patch_effect"": ""pending_measurement"", ""specificity"": ""pending_measurement"", ""manifold_distance"": ""pending_measurement"", ""recommended_operator"": ""not_yet_justified""}","[{""path"": ""artifacts/geometry_map/reach_wall_v1/discovery-screen/discovery_screen.json"", ""item"": ""rows[208]""}, {""path"": ""artifacts/geometry_map/reach_wall_v1/emergence-geometry/emergence_geometry.json"", ""item"": ""curves.encoder.motion_magnitude.rows.layer=9""}]"
reach-wall/encoder/block-9/spatial-mean/realized_xz_direction,reach-wall,encoder,9,block_residual_output,mean_of_256_spatial_tokens,,realized_xz_direction,"{""metric"": ""r2"", ""score"": 0.006462202698315056, ""time_baseline"": null, ""delta_vs_time"": null}",,,,,,,,,none_validated,"{""linear_score"": ""measured_discovery_only"", ""nonlinear_gain"": ""pending_measurement"", ""best_coordinate_frame"": ""pending_measurement"", ""geometry"": ""pending_measurement"", ""cross_trajectory_stability"": ""pending_measurement"", ""regime_dependence"": ""pending_measurement"", ""causal_patch_effect"": ""pending_measurement"", ""specificity"": ""pending_measurement"", ""manifold_distance"": ""pending_measurement"", ""recommended_operator"": ""not_yet_justified""}","[{""path"": ""artifacts/geometry_map/reach_wall_v1/emergence-geometry/emergence_geometry.json"", ""item"": ""curves.encoder.realized_xz_direction.rows.layer=9""}]"
reach-wall/encoder/block-9/spatial-mean/reward_sum,reach-wall,encoder,9,block_residual_output,mean_of_256_spatial_tokens,,reward_sum,"{""metric"": ""r2"", ""score"": 0.9490436493939725, ""time_baseline"": 0.9142972039613033, ""delta_vs_time"": 0.03474644543266914}",,,"{""participation_ratio"": 6.364390235498244, ""top10_variance_fraction"": 0.7126235401683327, ""adjacent_timestep_cosine_mean"": 0.9976056307161628}",,,,,,none_validated,"{""linear_score"": ""measured_discovery_only"", ""nonlinear_gain"": ""pending_measurement"", ""best_coordinate_frame"": ""pending_measurement"", ""geometry"": ""descriptive_activation_geometry"", ""cross_trajectory_stability"": ""pending_measurement"", ""regime_dependence"": ""pending_measurement"", ""causal_patch_effect"": ""pending_measurement"", ""specificity"": ""pending_measurement"", ""manifold_distance"": ""pending_measurement"", ""recommended_operator"": ""not_yet_justified""}","[{""path"": ""artifacts/geometry_map/reach_wall_v1/discovery-screen/discovery_screen.json"", ""item"": ""rows[209]""}]"
reach-wall/encoder/block-9/spatial-mean/wall_signed_distance,reach-wall,encoder,9,block_residual_output,mean_of_256_spatial_tokens,,wall_signed_distance,"{""metric"": ""r2"", ""score"": 0.9622541545361372, ""time_baseline"": 0.14228076564542247, ""delta_vs_time"": 0.8199733888907147}",,,"{""participation_ratio"": 6.364390235498244, ""top10_variance_fraction"": 0.7126235401683327, ""adjacent_timestep_cosine_mean"": 0.9976056307161628}",,,,,,none_validated,"{""linear_score"": ""measured_discovery_only"", ""nonlinear_gain"": ""pending_measurement"", ""best_coordinate_frame"": ""pending_measurement"", ""geometry"": ""descriptive_activation_geometry"", ""cross_trajectory_stability"": ""pending_measurement"", ""regime_dependence"": ""pending_measurement"", ""causal_patch_effect"": ""pending_measurement"", ""specificity"": ""pending_measurement"", ""manifold_distance"": ""pending_measurement"", ""recommended_operator"": ""not_yet_justified""}","[{""path"": ""artifacts/geometry_map/reach_wall_v1/discovery-screen/discovery_screen.json"", ""item"": ""rows[197]""}, {""path"": ""artifacts/geometry_map/reach_wall_v1/emergence-geometry/emergence_geometry.json"", ""item"": ""curves.encoder.wall_signed_distance.rows.layer=9""}]"
reach-wall/encoder/block-10/spatial-mean/action_chunk_frobenius_magnitude,reach-wall,encoder,10,block_residual_output,mean_of_256_spatial_tokens,,action_chunk_frobenius_magnitude,"{""metric"": ""r2"", ""score"": 0.48274632377640225, ""time_baseline"": 0.4725658231754639, ""delta_vs_time"": 0.010180500600938336}",,,"{""participation_ratio"": 6.691280162518866, ""top10_variance_fraction"": 0.7265093891672635, ""adjacent_timestep_cosine_mean"": 0.9978706067717454}",,,,,,none_validated,"{""linear_score"": ""measured_discovery_only"", ""nonlinear_gain"": ""pending_measurement"", ""best_coordinate_frame"": ""pending_measurement"", ""geometry"": ""descriptive_activation_geometry"", ""cross_trajectory_stability"": ""pending_measurement"", ""regime_dependence"": ""pending_measurement"", ""causal_patch_effect"": ""pending_measurement"", ""specificity"": ""pending_measurement"", ""manifold_distance"": ""pending_measurement"", ""recommended_operator"": ""not_yet_justified""}","[{""path"": ""artifacts/geometry_map/reach_wall_v1/discovery-screen/discovery_screen.json"", ""item"": ""rows[225]""}]"
reach-wall/encoder/block-10/spatial-mean/action_dx,reach-wall,encoder,10,block_residual_output,mean_of_256_spatial_tokens,,action_dx,"{""metric"": ""r2"", ""score"": -0.020196842252480085, ""time_baseline"": 0.0033910809446688894, ""delta_vs_time"": -0.023587923197148974}",,,"{""participation_ratio"": 6.691280162518866, ""top10_variance_fraction"": 0.7265093891672635, ""adjacent_timestep_cosine_mean"": 0.9978706067717454}",,,,,,none_validated,"{""linear_score"": ""measured_discovery_only"", ""nonlinear_gain"": ""pending_measurement"", ""best_coordinate_frame"": ""pending_measurement"", ""geometry"": ""descriptive_activation_geometry"", ""cross_trajectory_stability"": ""pending_measurement"", ""regime_dependence"": ""pending_measurement"", ""causal_patch_effect"": ""pending_measurement"", ""specificity"": ""pending_measurement"", ""manifold_distance"": ""pending_measurement"", ""recommended_operator"": ""not_yet_justified""}","[{""path"": ""artifacts/geometry_map/reach_wall_v1/discovery-screen/discovery_screen.json"", ""item"": ""rows[222]""}]"
reach-wall/encoder/block-10/spatial-mean/action_dy,reach-wall,encoder,10,block_residual_output,mean_of_256_spatial_tokens,,action_dy,"{""metric"": ""r2"", ""score"": 0.6139718756241888, ""time_baseline"": 0.6287213192564175, ""delta_vs_time"": -0.014749443632228743}",,,"{""participation_ratio"": 6.691280162518866, ""top10_variance_fraction"": 0.7265093891672635, ""adjacent_timestep_cosine_mean"": 0.9978706067717454}",,,,,,none_validated,"{""linear_score"": ""measured_discovery_only"", ""nonlinear_gain"": ""pending_measurement"", ""best_coordinate_frame"": ""pending_measurement"", ""geometry"": ""descriptive_activation_geometry"", ""cross_trajectory_stability"": ""pending_measurement"", ""regime_dependence"": ""pending_measurement"", ""causal_patch_effect"": ""pending_measurement"", ""specificity"": ""pending_measurement"", ""manifold_distance"": ""pending_measurement"", ""recommended_operator"": ""not_yet_justified""}","[{""path"": ""artifacts/geometry_map/reach_wall_v1/discovery-screen/discovery_screen.json"", ""item"": ""rows[223]""}]"
reach-wall/encoder/block-10/spatial-mean/action_dz,reach-wall,encoder,10,block_residual_output,mean_of_256_spatial_tokens,,action_dz,"{""metric"": ""r2"", ""score"": 0.035301439594578876, ""time_baseline"": 0.02788791500905774, ""delta_vs_time"": 0.007413524585521136}",,,"{""participation_ratio"": 6.691280162518866, ""top10_variance_fraction"": 0.7265093891672635, ""adjacent_timestep_cosine_mean"": 0.9978706067717454}",,,,,,none_validated,"{""linear_score"": ""measured_discovery_only"", ""nonlinear_gain"": ""pending_measurement"", ""best_coordinate_frame"": ""pending_measurement"", ""geometry"": ""descriptive_activation_geometry"", ""cross_trajectory_stability"": ""pending_measurement"", ""regime_dependence"": ""pending_measurement"", ""causal_patch_effect"": ""pending_measurement"", ""specificity"": ""pending_measurement"", ""manifold_distance"": ""pending_measurement"", ""recommended_operator"": ""not_yet_justified""}","[{""path"": ""artifacts/geometry_map/reach_wall_v1/discovery-screen/discovery_screen.json"", ""item"": ""rows[224]""}]"
reach-wall/encoder/block-10/spatial-mean/cumulative_progress,reach-wall,encoder,10,block_residual_output,mean_of_256_spatial_tokens,,cumulative_progress,"{""metric"": ""r2"", ""score"": 0.943987432223685, ""time_baseline"": 0.9222151817810877, ""delta_vs_time"": 0.02177225044259723}",,,"{""participation_ratio"": 6.691280162518866, ""top10_variance_fraction"": 0.7265093891672635, ""adjacent_timestep_cosine_mean"": 0.9978706067717454}",,,,,,none_validated,"{""linear_score"": ""measured_discovery_only"", ""nonlinear_gain"": ""pending_measurement"", ""best_coordinate_frame"": ""pending_measurement"", ""geometry"": ""descriptive_activation_geometry"", ""cross_trajectory_stability"": ""pending_measurement"", ""regime_dependence"": ""pending_measurement"", ""causal_patch_effect"": ""pending_measurement"", ""specificity"": ""pending_measurement"", ""manifold_distance"": ""pending_measurement"", ""recommended_operator"": ""not_yet_justified""}","[{""path"": ""artifacts/geometry_map/reach_wall_v1/discovery-screen/discovery_screen.json"", ""item"": ""rows[211]""}, {""path"": ""artifacts/geometry_map/reach_wall_v1/emergence-geometry/emergence_geometry.json"", ""item"": ""curves.encoder.progress.rows.layer=10""}]"
reach-wall/encoder/block-10/spatial-mean/expert_detour_gate,reach-wall,encoder,10,block_residual_output,mean_of_256_spatial_tokens,,expert_detour_gate,"{""metric"": ""auroc"", ""score"": 0.9984846551793147, ""time_baseline"": 0.978149765850144, ""delta_vs_time"": 0.020334889329170713}",,,"{""participation_ratio"": 6.691280162518866, ""top10_variance_fraction"": 0.7265093891672635, ""adjacent_timestep_cosine_mean"": 0.9978706067717454}",,,,,,none_validated,"{""linear_score"": ""measured_discovery_only"", ""nonlinear_gain"": ""pending_measurement"", ""best_coordinate_frame"": ""pending_measurement"", ""geometry"": ""descriptive_activation_geometry"", ""cross_trajectory_stability"": ""pending_measurement"", ""regime_dependence"": ""pending_measurement"", ""causal_patch_effect"": ""pending_measurement"", ""specificity"": ""pending_measurement"", ""manifold_distance"": ""pending_measurement"", ""recommended_operator"": ""not_yet_justified""}","[{""path"": ""artifacts/geometry_map/reach_wall_v1/discovery-screen/discovery_screen.json"", ""item"": ""rows[221]""}]"
reach-wall/encoder/block-10/spatial-mean/goal_distance,reach-wall,encoder,10,block_residual_output,mean_of_256_spatial_tokens,,goal_distance,"{""metric"": ""r2"", ""score"": 0.9293276823225636, ""time_baseline"": 0.908897827090231, ""delta_vs_time"": 0.02042985523233254}",,,"{""participation_ratio"": 6.691280162518866, ""top10_variance_fraction"": 0.7265093891672635, ""adjacent_timestep_cosine_mean"": 0.9978706067717454}",,,,,,none_validated,"{""linear_score"": ""measured_discovery_only"", ""nonlinear_gain"": ""pending_measurement"", ""best_coordinate_frame"": ""pending_measurement"", ""geometry"": ""descriptive_activation_geometry"", ""cross_trajectory_stability"": ""pending_measurement"", ""regime_dependence"": ""pending_measurement"", ""causal_patch_effect"": ""pending_measurement"", ""specificity"": ""pending_measurement"", ""manifold_distance"": ""pending_measurement"", ""recommended_operator"": ""not_yet_justified""}","[{""path"": ""artifacts/geometry_map/reach_wall_v1/discovery-screen/discovery_screen.json"", ""item"": ""rows[210]""}]"
reach-wall/encoder/block-10/spatial-mean/goal_vector_x,reach-wall,encoder,10,block_residual_output,mean_of_256_spatial_tokens,,goal_vector_x,"{""metric"": ""r2"", ""score"": 0.07412843904636324, ""time_baseline"": 0.08054582471970773, ""delta_vs_time"": -0.006417385673344489}",,,"{""participation_ratio"": 6.691280162518866, ""top10_variance_fraction"": 0.7265093891672635, ""adjacent_timestep_cosine_mean"": 0.9978706067717454}",,,,,,none_validated,"{""linear_score"": ""measured_discovery_only"", ""nonlinear_gain"": ""pending_measurement"", ""best_coordinate_frame"": ""pending_measurement"", ""geometry"": ""descriptive_activation_geometry"", ""cross_trajectory_stability"": ""pending_measurement"", ""regime_dependence"": ""pending_measurement"", ""causal_patch_effect"": ""pending_measurement"", ""specificity"": ""pending_measurement"", ""manifold_distance"": ""pending_measurement"", ""recommended_operator"": ""not_yet_justified""}","[{""path"": ""artifacts/geometry_map/reach_wall_v1/discovery-screen/discovery_screen.json"", ""item"": ""rows[215]""}]"
reach-wall/encoder/block-10/spatial-mean/goal_vector_y,reach-wall,encoder,10,block_residual_output,mean_of_256_spatial_tokens,,goal_vector_y,"{""metric"": ""r2"", ""score"": 0.9615092151029965, ""time_baseline"": 0.9568517433439947, ""delta_vs_time"": 0.0046574717590017745}",,,"{""participation_ratio"": 6.691280162518866, ""top10_variance_fraction"": 0.7265093891672635, ""adjacent_timestep_cosine_mean"": 0.9978706067717454}",,,,,,none_validated,"{""linear_score"": ""measured_discovery_only"", ""nonlinear_gain"": ""pending_measurement"", ""best_coordinate_frame"": ""pending_measurement"", ""geometry"": ""descriptive_activation_geometry"", ""cross_trajectory_stability"": ""pending_measurement"", ""regime_dependence"": ""pending_measurement"", ""causal_patch_effect"": ""pending_measurement"", ""specificity"": ""pending_measurement"", ""manifold_distance"": ""pending_measurement"", ""recommended_operator"": ""not_yet_justified""}","[{""path"": ""artifacts/geometry_map/reach_wall_v1/discovery-screen/discovery_screen.json"", ""item"": ""rows[216]""}]"
reach-wall/encoder/block-10/spatial-mean/goal_vector_z,reach-wall,encoder,10,block_residual_output,mean_of_256_spatial_tokens,,goal_vector_z,"{""metric"": ""r2"", ""score"": 0.4802474393542009, ""time_baseline"": 0.044334510544640326, ""delta_vs_time"": 0.43591292880956056}",,,"{""participation_ratio"": 6.691280162518866, ""top10_variance_fraction"": 0.7265093891672635, ""adjacent_timestep_cosine_mean"": 0.9978706067717454}",,,,,,none_validated,"{""linear_score"": ""measured_discovery_only"", ""nonlinear_gain"": ""pending_measurement"", ""best_coordinate_frame"": ""pending_measurement"", ""geometry"": ""descriptive_activation_geometry"", ""cross_trajectory_stability"": ""pending_measurement"", ""regime_dependence"": ""pending_measurement"", ""causal_patch_effect"": ""pending_measurement"", ""specificity"": ""pending_measurement"", ""manifold_distance"": ""pending_measurement"", ""recommended_operator"": ""not_yet_justified""}","[{""path"": ""artifacts/geometry_map/reach_wall_v1/discovery-screen/discovery_screen.json"", ""item"": ""rows[217]""}]"
reach-wall/encoder/block-10/spatial-mean/goal_xz_direction,reach-wall,encoder,10,block_residual_output,mean_of_256_spatial_tokens,,goal_xz_direction,"{""metric"": ""r2"", ""score"": 0.33205284964449616, ""time_baseline"": null, ""delta_vs_time"": null}",,,,,,,,,none_validated,"{""linear_score"": ""measured_discovery_only"", ""nonlinear_gain"": ""pending_measurement"", ""best_coordinate_frame"": ""pending_measurement"", ""geometry"": ""pending_measurement"", ""cross_trajectory_stability"": ""pending_measurement"", ""regime_dependence"": ""pending_measurement"", ""causal_patch_effect"": ""pending_measurement"", ""specificity"": ""pending_measurement"", ""manifold_distance"": ""pending_measurement"", ""recommended_operator"": ""not_yet_justified""}","[{""path"": ""artifacts/geometry_map/reach_wall_v1/emergence-geometry/emergence_geometry.json"", ""item"": ""curves.encoder.goal_xz_direction.rows.layer=10""}]"
reach-wall/encoder/block-10/spatial-mean/hand_to_goal_segment_intersects_wall,reach-wall,encoder,10,block_residual_output,mean_of_256_spatial_tokens,,hand_to_goal_segment_intersects_wall,"{""metric"": ""auroc"", ""score"": 0.988752991562932, ""time_baseline"": 0.9019247457737662, ""delta_vs_time"": 0.0868282457891657}",,,"{""participation_ratio"": 6.691280162518866, ""top10_variance_fraction"": 0.7265093891672635, ""adjacent_timestep_cosine_mean"": 0.9978706067717454}",,,,,,none_validated,"{""linear_score"": ""measured_discovery_only"", ""nonlinear_gain"": ""pending_measurement"", ""best_coordinate_frame"": ""pending_measurement"", ""geometry"": ""descriptive_activation_geometry"", ""cross_trajectory_stability"": ""pending_measurement"", ""regime_dependence"": ""pending_measurement"", ""causal_patch_effect"": ""pending_measurement"", ""specificity"": ""pending_measurement"", ""manifold_distance"": ""pending_measurement"", ""recommended_operator"": ""not_yet_justified""}","[{""path"": ""artifacts/geometry_map/reach_wall_v1/discovery-screen/discovery_screen.json"", ""item"": ""rows[220]""}]"
reach-wall/encoder/block-10/spatial-mean/hand_x,reach-wall,encoder,10,block_residual_output,mean_of_256_spatial_tokens,,hand_x,"{""metric"": ""r2"", ""score"": 0.7605687709960556, ""time_baseline"": 0.058067306134002794, ""delta_vs_time"": 0.7025014648620528}",,,"{""participation_ratio"": 6.691280162518866, ""top10_variance_fraction"": 0.7265093891672635, ""adjacent_timestep_cosine_mean"": 0.9978706067717454}",,,,,,none_validated,"{""linear_score"": ""measured_discovery_only"", ""nonlinear_gain"": ""pending_measurement"", ""best_coordinate_frame"": ""pending_measurement"", ""geometry"": ""descriptive_activation_geometry"", ""cross_trajectory_stability"": ""pending_measurement"", ""regime_dependence"": ""pending_measurement"", ""causal_patch_effect"": ""pending_measurement"", ""specificity"": ""pending_measurement"", ""manifold_distance"": ""pending_measurement"", ""recommended_operator"": ""not_yet_justified""}","[{""path"": ""artifacts/geometry_map/reach_wall_v1/discovery-screen/discovery_screen.json"", ""item"": ""rows[212]""}]"
reach-wall/encoder/block-10/spatial-mean/hand_y,reach-wall,encoder,10,block_residual_output,mean_of_256_spatial_tokens,,hand_y,"{""metric"": ""r2"", ""score"": 0.9875926379924299, ""time_baseline"": 0.9772521653309317, ""delta_vs_time"": 0.010340472661498179}",,,"{""participation_ratio"": 6.691280162518866, ""top10_variance_fraction"": 0.7265093891672635, ""adjacent_timestep_cosine_mean"": 0.9978706067717454}",,,,,,none_validated,"{""linear_score"": ""measured_discovery_only"", ""nonlinear_gain"": ""pending_measurement"", ""best_coordinate_frame"": ""pending_measurement"", ""geometry"": ""descriptive_activation_geometry"", ""cross_trajectory_stability"": ""pending_measurement"", ""regime_dependence"": ""pending_measurement"", ""causal_patch_effect"": ""pending_measurement"", ""specificity"": ""pending_measurement"", ""manifold_distance"": ""pending_measurement"", ""recommended_operator"": ""not_yet_justified""}","[{""path"": ""artifacts/geometry_map/reach_wall_v1/discovery-screen/discovery_screen.json"", ""item"": ""rows[213]""}]"
reach-wall/encoder/block-10/spatial-mean/hand_z,reach-wall,encoder,10,block_residual_output,mean_of_256_spatial_tokens,,hand_z,"{""metric"": ""r2"", ""score"": 0.986543896157162, ""time_baseline"": 0.00804356141242546, ""delta_vs_time"": 0.9785003347447365}",,,"{""participation_ratio"": 6.691280162518866, ""top10_variance_fraction"": 0.7265093891672635, ""adjacent_timestep_cosine_mean"": 0.9978706067717454}",,,,,,none_validated,"{""linear_score"": ""measured_discovery_only"", ""nonlinear_gain"": ""pending_measurement"", ""best_coordinate_frame"": ""pending_measurement"", ""geometry"": ""descriptive_activation_geometry"", ""cross_trajectory_stability"": ""pending_measurement"", ""regime_dependence"": ""pending_measurement"", ""causal_patch_effect"": ""pending_measurement"", ""specificity"": ""pending_measurement"", ""manifold_distance"": ""pending_measurement"", ""recommended_operator"": ""not_yet_justified""}","[{""path"": ""artifacts/geometry_map/reach_wall_v1/discovery-screen/discovery_screen.json"", ""item"": ""rows[214]""}]"
reach-wall/encoder/block-10/spatial-mean/height_above_wall_top,reach-wall,encoder,10,block_residual_output,mean_of_256_spatial_tokens,,height_above_wall_top,"{""metric"": ""r2"", ""score"": 0.9865438958467977, ""time_baseline"": 0.008043558955029284, ""delta_vs_time"": 0.9785003368917684}",,,"{""participation_ratio"": 6.691280162518866, ""top10_variance_fraction"": 0.7265093891672635, ""adjacent_timestep_cosine_mean"": 0.9978706067717454}",,,,,,none_validated,"{""linear_score"": ""measured_discovery_only"", ""nonlinear_gain"": ""pending_measurement"", ""best_coordinate_frame"": ""pending_measurement"", ""geometry"": ""descriptive_activation_geometry"", ""cross_trajectory_stability"": ""pending_measurement"", ""regime_dependence"": ""pending_measurement"", ""causal_patch_effect"": ""pending_measurement"", ""specificity"": ""pending_measurement"", ""manifold_distance"": ""pending_measurement"", ""recommended_operator"": ""not_yet_justified""}","[{""path"": ""artifacts/geometry_map/reach_wall_v1/discovery-screen/discovery_screen.json"", ""item"": ""rows[219]""}]"
reach-wall/encoder/block-10/spatial-mean/realized_dx,reach-wall,encoder,10,block_residual_output,mean_of_256_spatial_tokens,,realized_dx,"{""metric"": ""r2"", ""score"": 0.015826099605540822, ""time_baseline"": 0.005340828654275098, ""delta_vs_time"": 0.010485270951265724}",,,"{""participation_ratio"": 6.691280162518866, ""top10_variance_fraction"": 0.7265093891672635, ""adjacent_timestep_cosine_mean"": 0.9978706067717454}",,,,,,none_validated,"{""linear_score"": ""measured_discovery_only"", ""nonlinear_gain"": ""pending_measurement"", ""best_coordinate_frame"": ""pending_measurement"", ""geometry"": ""descriptive_activation_geometry"", ""cross_trajectory_stability"": ""pending_measurement"", ""regime_dependence"": ""pending_measurement"", ""causal_patch_effect"": ""pending_measurement"", ""specificity"": ""pending_measurement"", ""manifold_distance"": ""pending_measurement"", ""recommended_operator"": ""not_yet_justified""}","[{""path"": ""artifacts/geometry_map/reach_wall_v1/discovery-screen/discovery_screen.json"", ""item"": ""rows[226]""}]"
reach-wall/encoder/block-10/spatial-mean/realized_dy,reach-wall,encoder,10,block_residual_output,mean_of_256_spatial_tokens,,realized_dy,"{""metric"": ""r2"", ""score"": 0.8517659583493943, ""time_baseline"": 0.7938417819030151, ""delta_vs_time"": 0.05792417644637915}",,,"{""participation_ratio"": 6.691280162518866, ""top10_variance_fraction"": 0.7265093891672635, ""adjacent_timestep_cosine_mean"": 0.9978706067717454}",,,,,,none_validated,"{""linear_score"": ""measured_discovery_only"", ""nonlinear_gain"": ""pending_measurement"", ""best_coordinate_frame"": ""pending_measurement"", ""geometry"": ""descriptive_activation_geometry"", ""cross_trajectory_stability"": ""pending_measurement"", ""regime_dependence"": ""pending_measurement"", ""causal_patch_effect"": ""pending_measurement"", ""specificity"": ""pending_measurement"", ""manifold_distance"": ""pending_measurement"", ""recommended_operator"": ""not_yet_justified""}","[{""path"": ""artifacts/geometry_map/reach_wall_v1/discovery-screen/discovery_screen.json"", ""item"": ""rows[227]""}]"
reach-wall/encoder/block-10/spatial-mean/realized_dz,reach-wall,encoder,10,block_residual_output,mean_of_256_spatial_tokens,,realized_dz,"{""metric"": ""r2"", ""score"": 0.11161969933303084, ""time_baseline"": 0.07117442644816807, ""delta_vs_time"": 0.04044527288486277}",,,"{""participation_ratio"": 6.691280162518866, ""top10_variance_fraction"": 0.7265093891672635, ""adjacent_timestep_cosine_mean"": 0.9978706067717454}",,,,,,none_validated,"{""linear_score"": ""measured_discovery_only"", ""nonlinear_gain"": ""pending_measurement"", ""best_coordinate_frame"": ""pending_measurement"", ""geometry"": ""descriptive_activation_geometry"", ""cross_trajectory_stability"": ""pending_measurement"", ""regime_dependence"": ""pending_measurement"", ""causal_patch_effect"": ""pending_measurement"", ""specificity"": ""pending_measurement"", ""manifold_distance"": ""pending_measurement"", ""recommended_operator"": ""not_yet_justified""}","[{""path"": ""artifacts/geometry_map/reach_wall_v1/discovery-screen/discovery_screen.json"", ""item"": ""rows[228]""}]"
reach-wall/encoder/block-10/spatial-mean/realized_hand_delta_magnitude,reach-wall,encoder,10,block_residual_output,mean_of_256_spatial_tokens,,realized_hand_delta_magnitude,"{""metric"": ""r2"", ""score"": 0.7019324680059018, ""time_baseline"": 0.6130267917023396, ""delta_vs_time"": 0.08890567630356216}",,,"{""participation_ratio"": 6.691280162518866, ""top10_variance_fraction"": 0.7265093891672635, ""adjacent_timestep_cosine_mean"": 0.9978706067717454}",,,,,,none_validated,"{""linear_score"": ""measured_discovery_only"", ""nonlinear_gain"": ""pending_measurement"", ""best_coordinate_frame"": ""pending_measurement"", ""geometry"": ""descriptive_activation_geometry"", ""cross_trajectory_stability"": ""pending_measurement"", ""regime_dependence"": ""pending_measurement"", ""causal_patch_effect"": ""pending_measurement"", ""specificity"": ""pending_measurement"", ""manifold_distance"": ""pending_measurement"", ""recommended_operator"": ""not_yet_justified""}","[{""path"": ""artifacts/geometry_map/reach_wall_v1/discovery-screen/discovery_screen.json"", ""item"": ""rows[229]""}, {""path"": ""artifacts/geometry_map/reach_wall_v1/emergence-geometry/emergence_geometry.json"", ""item"": ""curves.encoder.motion_magnitude.rows.layer=10""}]"
reach-wall/encoder/block-10/spatial-mean/realized_xz_direction,reach-wall,encoder,10,block_residual_output,mean_of_256_spatial_tokens,,realized_xz_direction,"{""metric"": ""r2"", ""score"": 0.030193999515957644, ""time_baseline"": null, ""delta_vs_time"": null}",,,,,,,,,none_validated,"{""linear_score"": ""measured_discovery_only"", ""nonlinear_gain"": ""pending_measurement"", ""best_coordinate_frame"": ""pending_measurement"", ""geometry"": ""pending_measurement"", ""cross_trajectory_stability"": ""pending_measurement"", ""regime_dependence"": ""pending_measurement"", ""causal_patch_effect"": ""pending_measurement"", ""specificity"": ""pending_measurement"", ""manifold_distance"": ""pending_measurement"", ""recommended_operator"": ""not_yet_justified""}","[{""path"": ""artifacts/geometry_map/reach_wall_v1/emergence-geometry/emergence_geometry.json"", ""item"": ""curves.encoder.realized_xz_direction.rows.layer=10""}]"
reach-wall/encoder/block-10/spatial-mean/reward_sum,reach-wall,encoder,10,block_residual_output,mean_of_256_spatial_tokens,,reward_sum,"{""metric"": ""r2"", ""score"": 0.9493646494998289, ""time_baseline"": 0.9142972039613033, ""delta_vs_time"": 0.03506744553852559}",,,"{""participation_ratio"": 6.691280162518866, ""top10_variance_fraction"": 0.7265093891672635, ""adjacent_timestep_cosine_mean"": 0.9978706067717454}",,,,,,none_validated,"{""linear_score"": ""measured_discovery_only"", ""nonlinear_gain"": ""pending_measurement"", ""best_coordinate_frame"": ""pending_measurement"", ""geometry"": ""descriptive_activation_geometry"", ""cross_trajectory_stability"": ""pending_measurement"", ""regime_dependence"": ""pending_measurement"", ""causal_patch_effect"": ""pending_measurement"", ""specificity"": ""pending_measurement"", ""manifold_distance"": ""pending_measurement"", ""recommended_operator"": ""not_yet_justified""}","[{""path"": ""artifacts/geometry_map/reach_wall_v1/discovery-screen/discovery_screen.json"", ""item"": ""rows[230]""}]"
reach-wall/encoder/block-10/spatial-mean/wall_signed_distance,reach-wall,encoder,10,block_residual_output,mean_of_256_spatial_tokens,,wall_signed_distance,"{""metric"": ""r2"", ""score"": 0.96094663911619, ""time_baseline"": 0.14228076564542247, ""delta_vs_time"": 0.8186658734707676}",,,"{""participation_ratio"": 6.691280162518866, ""top10_variance_fraction"": 0.7265093891672635, ""adjacent_timestep_cosine_mean"": 0.9978706067717454}",,,,,,none_validated,"{""linear_score"": ""measured_discovery_only"", ""nonlinear_gain"": ""pending_measurement"", ""best_coordinate_frame"": ""pending_measurement"", ""geometry"": ""descriptive_activation_geometry"", ""cross_trajectory_stability"": ""pending_measurement"", ""regime_dependence"": ""pending_measurement"", ""causal_patch_effect"": ""pending_measurement"", ""specificity"": ""pending_measurement"", ""manifold_distance"": ""pending_measurement"", ""recommended_operator"": ""not_yet_justified""}","[{""path"": ""artifacts/geometry_map/reach_wall_v1/discovery-screen/discovery_screen.json"", ""item"": ""rows[218]""}, {""path"": ""artifacts/geometry_map/reach_wall_v1/emergence-geometry/emergence_geometry.json"", ""item"": ""curves.encoder.wall_signed_distance.rows.layer=10""}]"
reach-wall/encoder/block-11/spatial-mean/action_chunk_frobenius_magnitude,reach-wall,encoder,11,block_residual_output,mean_of_256_spatial_tokens,,action_chunk_frobenius_magnitude,"{""metric"": ""r2"", ""score"": 0.47135838813549624, ""time_baseline"": 0.4725658231754639, ""delta_vs_time"": -0.0012074350399676748}","{""knn_score"": 0.49681116730736485, ""linear_score"": 0.47135838813549624, ""nonlinear_gain"": 0.02545277917186861}",,"{""participation_ratio"": 10.070510248731628, ""top10_variance_fraction"": 0.7056837027929377, ""adjacent_timestep_cosine_mean"": 0.995015834924718}",,,,,,none_validated,"{""linear_score"": ""measured_discovery_only"", ""nonlinear_gain"": ""measured_discovery_only"", ""best_coordinate_frame"": ""pending_measurement"", ""geometry"": ""descriptive_activation_geometry"", ""cross_trajectory_stability"": ""pending_measurement"", ""regime_dependence"": ""pending_measurement"", ""causal_patch_effect"": ""pending_measurement"", ""specificity"": ""pending_measurement"", ""manifold_distance"": ""pending_measurement"", ""recommended_operator"": ""not_yet_justified""}","[{""path"": ""artifacts/geometry_map/reach_wall_v1/discovery-screen/discovery_screen.json"", ""item"": ""rows[246]""}, {""path"": ""artifacts/geometry_map/reach_wall_v1/cached-geometry-v2/nonlinear_screen.json"", ""item"": ""rows[78]""}]"
reach-wall/encoder/block-11/spatial-mean/action_dx,reach-wall,encoder,11,block_residual_output,mean_of_256_spatial_tokens,,action_dx,"{""metric"": ""r2"", ""score"": 0.0011424473113295086, ""time_baseline"": 0.0033910809446688894, ""delta_vs_time"": -0.002248633633339381}","{""knn_score"": 0.005053992053885237, ""linear_score"": 0.0011424473113295086, ""nonlinear_gain"": 0.003911544742555728}",,"{""participation_ratio"": 10.070510248731628, ""top10_variance_fraction"": 0.7056837027929377, ""adjacent_timestep_cosine_mean"": 0.995015834924718}",,,,,,none_validated,"{""linear_score"": ""measured_discovery_only"", ""nonlinear_gain"": ""measured_discovery_only"", ""best_coordinate_frame"": ""pending_measurement"", ""geometry"": ""descriptive_activation_geometry"", ""cross_trajectory_stability"": ""pending_measurement"", ""regime_dependence"": ""pending_measurement"", ""causal_patch_effect"": ""pending_measurement"", ""specificity"": ""pending_measurement"", ""manifold_distance"": ""pending_measurement"", ""recommended_operator"": ""not_yet_justified""}","[{""path"": ""artifacts/geometry_map/reach_wall_v1/discovery-screen/discovery_screen.json"", ""item"": ""rows[243]""}, {""path"": ""artifacts/geometry_map/reach_wall_v1/cached-geometry-v2/nonlinear_screen.json"", ""item"": ""rows[75]""}]"
reach-wall/encoder/block-11/spatial-mean/action_dy,reach-wall,encoder,11,block_residual_output,mean_of_256_spatial_tokens,,action_dy,"{""metric"": ""r2"", ""score"": 0.6190053800469443, ""time_baseline"": 0.6287213192564175, ""delta_vs_time"": -0.009715939209473223}","{""knn_score"": 0.6180206835835959, ""linear_score"": 0.6190053800469443, ""nonlinear_gain"": -0.0009846964633484223}",,"{""participation_ratio"": 10.070510248731628, ""top10_variance_fraction"": 0.7056837027929377, ""adjacent_timestep_cosine_mean"": 0.995015834924718}",,,,,,none_validated,"{""linear_score"": ""measured_discovery_only"", ""nonlinear_gain"": ""measured_discovery_only"", ""best_coordinate_frame"": ""pending_measurement"", ""geometry"": ""descriptive_activation_geometry"", ""cross_trajectory_stability"": ""pending_measurement"", ""regime_dependence"": ""pending_measurement"", ""causal_patch_effect"": ""pending_measurement"", ""specificity"": ""pending_measurement"", ""manifold_distance"": ""pending_measurement"", ""recommended_operator"": ""not_yet_justified""}","[{""path"": ""artifacts/geometry_map/reach_wall_v1/discovery-screen/discovery_screen.json"", ""item"": ""rows[244]""}, {""path"": ""artifacts/geometry_map/reach_wall_v1/cached-geometry-v2/nonlinear_screen.json"", ""item"": ""rows[76]""}]"
reach-wall/encoder/block-11/spatial-mean/action_dz,reach-wall,encoder,11,block_residual_output,mean_of_256_spatial_tokens,,action_dz,"{""metric"": ""r2"", ""score"": 0.017453107833425352, ""time_baseline"": 0.02788791500905774, ""delta_vs_time"": -0.010434807175632388}","{""knn_score"": 0.08154341577004443, ""linear_score"": 0.017453107833425352, ""nonlinear_gain"": 0.06409030793661907}",,"{""participation_ratio"": 10.070510248731628, ""top10_variance_fraction"": 0.7056837027929377, ""adjacent_timestep_cosine_mean"": 0.995015834924718}",,,,,,none_validated,"{""linear_score"": ""measured_discovery_only"", ""nonlinear_gain"": ""measured_discovery_only"", ""best_coordinate_frame"": ""pending_measurement"", ""geometry"": ""descriptive_activation_geometry"", ""cross_trajectory_stability"": ""pending_measurement"", ""regime_dependence"": ""pending_measurement"", ""causal_patch_effect"": ""pending_measurement"", ""specificity"": ""pending_measurement"", ""manifold_distance"": ""pending_measurement"", ""recommended_operator"": ""not_yet_justified""}","[{""path"": ""artifacts/geometry_map/reach_wall_v1/discovery-screen/discovery_screen.json"", ""item"": ""rows[245]""}, {""path"": ""artifacts/geometry_map/reach_wall_v1/cached-geometry-v2/nonlinear_screen.json"", ""item"": ""rows[77]""}]"
reach-wall/encoder/block-11/spatial-mean/cumulative_progress,reach-wall,encoder,11,block_residual_output,mean_of_256_spatial_tokens,,cumulative_progress,"{""metric"": ""r2"", ""score"": 0.9416307252315712, ""time_baseline"": 0.9222151817810877, ""delta_vs_time"": 0.019415543450483463}","{""knn_score"": 0.8978534744041219, ""linear_score"": 0.9416307252315712, ""nonlinear_gain"": -0.04377725082744932}",,"{""participation_ratio"": 10.070510248731628, ""top10_variance_fraction"": 0.7056837027929377, ""adjacent_timestep_cosine_mean"": 0.995015834924718}",,,,,,none_validated,"{""linear_score"": ""measured_discovery_only"", ""nonlinear_gain"": ""measured_discovery_only"", ""best_coordinate_frame"": ""pending_measurement"", ""geometry"": ""descriptive_activation_geometry"", ""cross_trajectory_stability"": ""pending_measurement"", ""regime_dependence"": ""pending_measurement"", ""causal_patch_effect"": ""pending_measurement"", ""specificity"": ""pending_measurement"", ""manifold_distance"": ""pending_measurement"", ""recommended_operator"": ""not_yet_justified""}","[{""path"": ""artifacts/geometry_map/reach_wall_v1/discovery-screen/discovery_screen.json"", ""item"": ""rows[232]""}, {""path"": ""artifacts/geometry_map/reach_wall_v1/emergence-geometry/emergence_geometry.json"", ""item"": ""curves.encoder.progress.rows.layer=11""}, {""path"": ""artifacts/geometry_map/reach_wall_v1/cached-geometry-v2/nonlinear_screen.json"", ""item"": ""rows[64]""}]"
reach-wall/encoder/block-11/spatial-mean/expert_detour_gate,reach-wall,encoder,11,block_residual_output,mean_of_256_spatial_tokens,,expert_detour_gate,"{""metric"": ""auroc"", ""score"": 0.9977548130803715, ""time_baseline"": 0.978149765850144, ""delta_vs_time"": 0.01960504723022749}","{""knn_score"": 0.9966906945445084, ""linear_score"": 0.9977548130803715, ""nonlinear_gain"": -0.001064118535863079}",,"{""participation_ratio"": 10.070510248731628, ""top10_variance_fraction"": 0.7056837027929377, ""adjacent_timestep_cosine_mean"": 0.995015834924718}",,,,,,none_validated,"{""linear_score"": ""measured_discovery_only"", ""nonlinear_gain"": ""measured_discovery_only"", ""best_coordinate_frame"": ""pending_measurement"", ""geometry"": ""descriptive_activation_geometry"", ""cross_trajectory_stability"": ""pending_measurement"", ""regime_dependence"": ""pending_measurement"", ""causal_patch_effect"": ""pending_measurement"", ""specificity"": ""pending_measurement"", ""manifold_distance"": ""pending_measurement"", ""recommended_operator"": ""not_yet_justified""}","[{""path"": ""artifacts/geometry_map/reach_wall_v1/discovery-screen/discovery_screen.json"", ""item"": ""rows[242]""}, {""path"": ""artifacts/geometry_map/reach_wall_v1/cached-geometry-v2/nonlinear_screen.json"", ""item"": ""rows[74]""}]"
reach-wall/encoder/block-11/spatial-mean/goal_distance,reach-wall,encoder,11,block_residual_output,mean_of_256_spatial_tokens,,goal_distance,"{""metric"": ""r2"", ""score"": 0.9242090287183546, ""time_baseline"": 0.908897827090231, ""delta_vs_time"": 0.015311201628123605}","{""knn_score"": 0.8849029929609641, ""linear_score"": 0.9242090287183546, ""nonlinear_gain"": -0.039306035757390556}",,"{""participation_ratio"": 10.070510248731628, ""top10_variance_fraction"": 0.7056837027929377, ""adjacent_timestep_cosine_mean"": 0.995015834924718}",,,,,,none_validated,"{""linear_score"": ""measured_discovery_only"", ""nonlinear_gain"": ""measured_discovery_only"", ""best_coordinate_frame"": ""pending_measurement"", ""geometry"": ""descriptive_activation_geometry"", ""cross_trajectory_stability"": ""pending_measurement"", ""regime_dependence"": ""pending_measurement"", ""causal_patch_effect"": ""pending_measurement"", ""specificity"": ""pending_measurement"", ""manifold_distance"": ""pending_measurement"", ""recommended_operator"": ""not_yet_justified""}","[{""path"": ""artifacts/geometry_map/reach_wall_v1/discovery-screen/discovery_screen.json"", ""item"": ""rows[231]""}, {""path"": ""artifacts/geometry_map/reach_wall_v1/cached-geometry-v2/nonlinear_screen.json"", ""item"": ""rows[63]""}]"
reach-wall/encoder/block-11/spatial-mean/goal_vector_x,reach-wall,encoder,11,block_residual_output,mean_of_256_spatial_tokens,,goal_vector_x,"{""metric"": ""r2"", ""score"": 0.05025675533464824, ""time_baseline"": 0.08054582471970773, ""delta_vs_time"": -0.030289069385059486}","{""knn_score"": 0.09507011417085598, ""linear_score"": 0.05025675533464824, ""nonlinear_gain"": 0.04481335883620774}",,"{""participation_ratio"": 10.070510248731628, ""top10_variance_fraction"": 0.7056837027929377, ""adjacent_timestep_cosine_mean"": 0.995015834924718}",,,,,,none_validated,"{""linear_score"": ""measured_discovery_only"", ""nonlinear_gain"": ""measured_discovery_only"", ""best_coordinate_frame"": ""pending_measurement"", ""geometry"": ""descriptive_activation_geometry"", ""cross_trajectory_stability"": ""pending_measurement"", ""regime_dependence"": ""pending_measurement"", ""causal_patch_effect"": ""pending_measurement"", ""specificity"": ""pending_measurement"", ""manifold_distance"": ""pending_measurement"", ""recommended_operator"": ""not_yet_justified""}","[{""path"": ""artifacts/geometry_map/reach_wall_v1/discovery-screen/discovery_screen.json"", ""item"": ""rows[236]""}, {""path"": ""artifacts/geometry_map/reach_wall_v1/cached-geometry-v2/nonlinear_screen.json"", ""item"": ""rows[68]""}]"
reach-wall/encoder/block-11/spatial-mean/goal_vector_y,reach-wall,encoder,11,block_residual_output,mean_of_256_spatial_tokens,,goal_vector_y,"{""metric"": ""r2"", ""score"": 0.9569541578299553, ""time_baseline"": 0.9568517433439947, ""delta_vs_time"": 0.00010241448596060021}","{""knn_score"": 0.9085146652645697, ""linear_score"": 0.9569541578299553, ""nonlinear_gain"": -0.0484394925653856}",,"{""participation_ratio"": 10.070510248731628, ""top10_variance_fraction"": 0.7056837027929377, ""adjacent_timestep_cosine_mean"": 0.995015834924718}",,,,,,none_validated,"{""linear_score"": ""measured_discovery_only"", ""nonlinear_gain"": ""measured_discovery_only"", ""best_coordinate_frame"": ""pending_measurement"", ""geometry"": ""descriptive_activation_geometry"", ""cross_trajectory_stability"": ""pending_measurement"", ""regime_dependence"": ""pending_measurement"", ""causal_patch_effect"": ""pending_measurement"", ""specificity"": ""pending_measurement"", ""manifold_distance"": ""pending_measurement"", ""recommended_operator"": ""not_yet_justified""}","[{""path"": ""artifacts/geometry_map/reach_wall_v1/discovery-screen/discovery_screen.json"", ""item"": ""rows[237]""}, {""path"": ""artifacts/geometry_map/reach_wall_v1/cached-geometry-v2/nonlinear_screen.json"", ""item"": ""rows[69]""}]"
reach-wall/encoder/block-11/spatial-mean/goal_vector_z,reach-wall,encoder,11,block_residual_output,mean_of_256_spatial_tokens,,goal_vector_z,"{""metric"": ""r2"", ""score"": 0.4880412936158053, ""time_baseline"": 0.044334510544640326, ""delta_vs_time"": 0.44370678307116496}","{""knn_score"": 0.4346854529988802, ""linear_score"": 0.4880412936158053, ""nonlinear_gain"": -0.05335584061692511}",,"{""participation_ratio"": 10.070510248731628, ""top10_variance_fraction"": 0.7056837027929377, ""adjacent_timestep_cosine_mean"": 0.995015834924718}",,,,,,none_validated,"{""linear_score"": ""measured_discovery_only"", ""nonlinear_gain"": ""measured_discovery_only"", ""best_coordinate_frame"": ""pending_measurement"", ""geometry"": ""descriptive_activation_geometry"", ""cross_trajectory_stability"": ""pending_measurement"", ""regime_dependence"": ""pending_measurement"", ""causal_patch_effect"": ""pending_measurement"", ""specificity"": ""pending_measurement"", ""manifold_distance"": ""pending_measurement"", ""recommended_operator"": ""not_yet_justified""}","[{""path"": ""artifacts/geometry_map/reach_wall_v1/discovery-screen/discovery_screen.json"", ""item"": ""rows[238]""}, {""path"": ""artifacts/geometry_map/reach_wall_v1/cached-geometry-v2/nonlinear_screen.json"", ""item"": ""rows[70]""}]"
reach-wall/encoder/block-11/spatial-mean/goal_xz_direction,reach-wall,encoder,11,block_residual_output,mean_of_256_spatial_tokens,,goal_xz_direction,"{""metric"": ""r2"", ""score"": 0.34192433882484496, ""time_baseline"": null, ""delta_vs_time"": null}",,,,,,,,,none_validated,"{""linear_score"": ""measured_discovery_only"", ""nonlinear_gain"": ""pending_measurement"", ""best_coordinate_frame"": ""pending_measurement"", ""geometry"": ""pending_measurement"", ""cross_trajectory_stability"": ""pending_measurement"", ""regime_dependence"": ""pending_measurement"", ""causal_patch_effect"": ""pending_measurement"", ""specificity"": ""pending_measurement"", ""manifold_distance"": ""pending_measurement"", ""recommended_operator"": ""not_yet_justified""}","[{""path"": ""artifacts/geometry_map/reach_wall_v1/emergence-geometry/emergence_geometry.json"", ""item"": ""curves.encoder.goal_xz_direction.rows.layer=11""}]"
reach-wall/encoder/block-11/spatial-mean/hand_to_goal_segment_intersects_wall,reach-wall,encoder,11,block_residual_output,mean_of_256_spatial_tokens,,hand_to_goal_segment_intersects_wall,"{""metric"": ""auroc"", ""score"": 0.9887548032588787, ""time_baseline"": 0.9019247457737662, ""delta_vs_time"": 0.08683005748511241}","{""knn_score"": 0.9779407901530703, ""linear_score"": 0.9887548032588787, ""nonlinear_gain"": -0.010814013105808318}",,"{""participation_ratio"": 10.070510248731628, ""top10_variance_fraction"": 0.7056837027929377, ""adjacent_timestep_cosine_mean"": 0.995015834924718}",,,,,,none_validated,"{""linear_score"": ""measured_discovery_only"", ""nonlinear_gain"": ""measured_discovery_only"", ""best_coordinate_frame"": ""pending_measurement"", ""geometry"": ""descriptive_activation_geometry"", ""cross_trajectory_stability"": ""pending_measurement"", ""regime_dependence"": ""pending_measurement"", ""causal_patch_effect"": ""pending_measurement"", ""specificity"": ""pending_measurement"", ""manifold_distance"": ""pending_measurement"", ""recommended_operator"": ""not_yet_justified""}","[{""path"": ""artifacts/geometry_map/reach_wall_v1/discovery-screen/discovery_screen.json"", ""item"": ""rows[241]""}, {""path"": ""artifacts/geometry_map/reach_wall_v1/cached-geometry-v2/nonlinear_screen.json"", ""item"": ""rows[73]""}]"
reach-wall/encoder/block-11/spatial-mean/hand_x,reach-wall,encoder,11,block_residual_output,mean_of_256_spatial_tokens,,hand_x,"{""metric"": ""r2"", ""score"": 0.7583512072616486, ""time_baseline"": 0.058067306134002794, ""delta_vs_time"": 0.7002839011276458}","{""knn_score"": 0.5011655286607084, ""linear_score"": 0.7583512072616486, ""nonlinear_gain"": -0.2571856786009402}",,"{""participation_ratio"": 10.070510248731628, ""top10_variance_fraction"": 0.7056837027929377, ""adjacent_timestep_cosine_mean"": 0.995015834924718}",,,,,,none_validated,"{""linear_score"": ""measured_discovery_only"", ""nonlinear_gain"": ""measured_discovery_only"", ""best_coordinate_frame"": ""pending_measurement"", ""geometry"": ""descriptive_activation_geometry"", ""cross_trajectory_stability"": ""pending_measurement"", ""regime_dependence"": ""pending_measurement"", ""causal_patch_effect"": ""pending_measurement"", ""specificity"": ""pending_measurement"", ""manifold_distance"": ""pending_measurement"", ""recommended_operator"": ""not_yet_justified""}","[{""path"": ""artifacts/geometry_map/reach_wall_v1/discovery-screen/discovery_screen.json"", ""item"": ""rows[233]""}, {""path"": ""artifacts/geometry_map/reach_wall_v1/cached-geometry-v2/nonlinear_screen.json"", ""item"": ""rows[65]""}]"
reach-wall/encoder/block-11/spatial-mean/hand_y,reach-wall,encoder,11,block_residual_output,mean_of_256_spatial_tokens,,hand_y,"{""metric"": ""r2"", ""score"": 0.9857989462389428, ""time_baseline"": 0.9772521653309317, ""delta_vs_time"": 0.008546780908011087}","{""knn_score"": 0.9351025446073442, ""linear_score"": 0.9857989462389428, ""nonlinear_gain"": -0.05069640163159861}",,"{""participation_ratio"": 10.070510248731628, ""top10_variance_fraction"": 0.7056837027929377, ""adjacent_timestep_cosine_mean"": 0.995015834924718}",,,,,,none_validated,"{""linear_score"": ""measured_discovery_only"", ""nonlinear_gain"": ""measured_discovery_only"", ""best_coordinate_frame"": ""pending_measurement"", ""geometry"": ""descriptive_activation_geometry"", ""cross_trajectory_stability"": ""pending_measurement"", ""regime_dependence"": ""pending_measurement"", ""causal_patch_effect"": ""pending_measurement"", ""specificity"": ""pending_measurement"", ""manifold_distance"": ""pending_measurement"", ""recommended_operator"": ""not_yet_justified""}","[{""path"": ""artifacts/geometry_map/reach_wall_v1/discovery-screen/discovery_screen.json"", ""item"": ""rows[234]""}, {""path"": ""artifacts/geometry_map/reach_wall_v1/cached-geometry-v2/nonlinear_screen.json"", ""item"": ""rows[66]""}]"
reach-wall/encoder/block-11/spatial-mean/hand_z,reach-wall,encoder,11,block_residual_output,mean_of_256_spatial_tokens,,hand_z,"{""metric"": ""r2"", ""score"": 0.9821471084046379, ""time_baseline"": 0.00804356141242546, ""delta_vs_time"": 0.9741035469922125}","{""knn_score"": 0.8215524528211925, ""linear_score"": 0.9821471084046379, ""nonlinear_gain"": -0.16059465558344543}",,"{""participation_ratio"": 10.070510248731628, ""top10_variance_fraction"": 0.7056837027929377, ""adjacent_timestep_cosine_mean"": 0.995015834924718}",,,,,,none_validated,"{""linear_score"": ""measured_discovery_only"", ""nonlinear_gain"": ""measured_discovery_only"", ""best_coordinate_frame"": ""pending_measurement"", ""geometry"": ""descriptive_activation_geometry"", ""cross_trajectory_stability"": ""pending_measurement"", ""regime_dependence"": ""pending_measurement"", ""causal_patch_effect"": ""pending_measurement"", ""specificity"": ""pending_measurement"", ""manifold_distance"": ""pending_measurement"", ""recommended_operator"": ""not_yet_justified""}","[{""path"": ""artifacts/geometry_map/reach_wall_v1/discovery-screen/discovery_screen.json"", ""item"": ""rows[235]""}, {""path"": ""artifacts/geometry_map/reach_wall_v1/cached-geometry-v2/nonlinear_screen.json"", ""item"": ""rows[67]""}]"
reach-wall/encoder/block-11/spatial-mean/height_above_wall_top,reach-wall,encoder,11,block_residual_output,mean_of_256_spatial_tokens,,height_above_wall_top,"{""metric"": ""r2"", ""score"": 0.9821471080089399, ""time_baseline"": 0.008043558955029284, ""delta_vs_time"": 0.9741035490539106}","{""knn_score"": 0.8215524485269712, ""linear_score"": 0.9821471080089399, ""nonlinear_gain"": -0.16059465948196872}",,"{""participation_ratio"": 10.070510248731628, ""top10_variance_fraction"": 0.7056837027929377, ""adjacent_timestep_cosine_mean"": 0.995015834924718}",,,,,,none_validated,"{""linear_score"": ""measured_discovery_only"", ""nonlinear_gain"": ""measured_discovery_only"", ""best_coordinate_frame"": ""pending_measurement"", ""geometry"": ""descriptive_activation_geometry"", ""cross_trajectory_stability"": ""pending_measurement"", ""regime_dependence"": ""pending_measurement"", ""causal_patch_effect"": ""pending_measurement"", ""specificity"": ""pending_measurement"", ""manifold_distance"": ""pending_measurement"", ""recommended_operator"": ""not_yet_justified""}","[{""path"": ""artifacts/geometry_map/reach_wall_v1/discovery-screen/discovery_screen.json"", ""item"": ""rows[240]""}, {""path"": ""artifacts/geometry_map/reach_wall_v1/cached-geometry-v2/nonlinear_screen.json"", ""item"": ""rows[72]""}]"
reach-wall/encoder/block-11/spatial-mean/realized_dx,reach-wall,encoder,11,block_residual_output,mean_of_256_spatial_tokens,,realized_dx,"{""metric"": ""r2"", ""score"": 0.026532203295031365, ""time_baseline"": 0.005340828654275098, ""delta_vs_time"": 0.021191374640756266}","{""knn_score"": 0.02211028727265041, ""linear_score"": 0.026532203295031365, ""nonlinear_gain"": -0.004421916022380956}",,"{""participation_ratio"": 10.070510248731628, ""top10_variance_fraction"": 0.7056837027929377, ""adjacent_timestep_cosine_mean"": 0.995015834924718}",,,,,,none_validated,"{""linear_score"": ""measured_discovery_only"", ""nonlinear_gain"": ""measured_discovery_only"", ""best_coordinate_frame"": ""pending_measurement"", ""geometry"": ""descriptive_activation_geometry"", ""cross_trajectory_stability"": ""pending_measurement"", ""regime_dependence"": ""pending_measurement"", ""causal_patch_effect"": ""pending_measurement"", ""specificity"": ""pending_measurement"", ""manifold_distance"": ""pending_measurement"", ""recommended_operator"": ""not_yet_justified""}","[{""path"": ""artifacts/geometry_map/reach_wall_v1/discovery-screen/discovery_screen.json"", ""item"": ""rows[247]""}, {""path"": ""artifacts/geometry_map/reach_wall_v1/cached-geometry-v2/nonlinear_screen.json"", ""item"": ""rows[79]""}]"
reach-wall/encoder/block-11/spatial-mean/realized_dy,reach-wall,encoder,11,block_residual_output,mean_of_256_spatial_tokens,,realized_dy,"{""metric"": ""r2"", ""score"": 0.8526604938106119, ""time_baseline"": 0.7938417819030151, ""delta_vs_time"": 0.0588187119075968}","{""knn_score"": 0.8060700403352818, ""linear_score"": 0.8526604938106119, ""nonlinear_gain"": -0.046590453475330085}",,"{""participation_ratio"": 10.070510248731628, ""top10_variance_fraction"": 0.7056837027929377, ""adjacent_timestep_cosine_mean"": 0.995015834924718}",,,,,,none_validated,"{""linear_score"": ""measured_discovery_only"", ""nonlinear_gain"": ""measured_discovery_only"", ""best_coordinate_frame"": ""pending_measurement"", ""geometry"": ""descriptive_activation_geometry"", ""cross_trajectory_stability"": ""pending_measurement"", ""regime_dependence"": ""pending_measurement"", ""causal_patch_effect"": ""pending_measurement"", ""specificity"": ""pending_measurement"", ""manifold_distance"": ""pending_measurement"", ""recommended_operator"": ""not_yet_justified""}","[{""path"": ""artifacts/geometry_map/reach_wall_v1/discovery-screen/discovery_screen.json"", ""item"": ""rows[248]""}, {""path"": ""artifacts/geometry_map/reach_wall_v1/cached-geometry-v2/nonlinear_screen.json"", ""item"": ""rows[80]""}]"
reach-wall/encoder/block-11/spatial-mean/realized_dz,reach-wall,encoder,11,block_residual_output,mean_of_256_spatial_tokens,,realized_dz,"{""metric"": ""r2"", ""score"": 0.13923741256624522, ""time_baseline"": 0.07117442644816807, ""delta_vs_time"": 0.06806298611807715}","{""knn_score"": 0.17943001232641076, ""linear_score"": 0.13923741256624522, ""nonlinear_gain"": 0.04019259976016554}",,"{""participation_ratio"": 10.070510248731628, ""top10_variance_fraction"": 0.7056837027929377, ""adjacent_timestep_cosine_mean"": 0.995015834924718}",,,,,,none_validated,"{""linear_score"": ""measured_discovery_only"", ""nonlinear_gain"": ""measured_discovery_only"", ""best_coordinate_frame"": ""pending_measurement"", ""geometry"": ""descriptive_activation_geometry"", ""cross_trajectory_stability"": ""pending_measurement"", ""regime_dependence"": ""pending_measurement"", ""causal_patch_effect"": ""pending_measurement"", ""specificity"": ""pending_measurement"", ""manifold_distance"": ""pending_measurement"", ""recommended_operator"": ""not_yet_justified""}","[{""path"": ""artifacts/geometry_map/reach_wall_v1/discovery-screen/discovery_screen.json"", ""item"": ""rows[249]""}, {""path"": ""artifacts/geometry_map/reach_wall_v1/cached-geometry-v2/nonlinear_screen.json"", ""item"": ""rows[81]""}]"
reach-wall/encoder/block-11/spatial-mean/realized_hand_delta_magnitude,reach-wall,encoder,11,block_residual_output,mean_of_256_spatial_tokens,,realized_hand_delta_magnitude,"{""metric"": ""r2"", ""score"": 0.7002074303027865, ""time_baseline"": 0.6130267917023396, ""delta_vs_time"": 0.08718063860044689}","{""knn_score"": 0.6839343820536807, ""linear_score"": 0.7002074303027865, ""nonlinear_gain"": -0.016273048249105804}",,"{""participation_ratio"": 10.070510248731628, ""top10_variance_fraction"": 0.7056837027929377, ""adjacent_timestep_cosine_mean"": 0.995015834924718}",,,,,,none_validated,"{""linear_score"": ""measured_discovery_only"", ""nonlinear_gain"": ""measured_discovery_only"", ""best_coordinate_frame"": ""pending_measurement"", ""geometry"": ""descriptive_activation_geometry"", ""cross_trajectory_stability"": ""pending_measurement"", ""regime_dependence"": ""pending_measurement"", ""causal_patch_effect"": ""pending_measurement"", ""specificity"": ""pending_measurement"", ""manifold_distance"": ""pending_measurement"", ""recommended_operator"": ""not_yet_justified""}","[{""path"": ""artifacts/geometry_map/reach_wall_v1/discovery-screen/discovery_screen.json"", ""item"": ""rows[250]""}, {""path"": ""artifacts/geometry_map/reach_wall_v1/emergence-geometry/emergence_geometry.json"", ""item"": ""curves.encoder.motion_magnitude.rows.layer=11""}, {""path"": ""artifacts/geometry_map/reach_wall_v1/cached-geometry-v2/nonlinear_screen.json"", ""item"": ""rows[82]""}]"
reach-wall/encoder/block-11/spatial-mean/realized_xz_direction,reach-wall,encoder,11,block_residual_output,mean_of_256_spatial_tokens,,realized_xz_direction,"{""metric"": ""r2"", ""score"": 0.04571032744980697, ""time_baseline"": null, ""delta_vs_time"": null}",,,,,,,,,none_validated,"{""linear_score"": ""measured_discovery_only"", ""nonlinear_gain"": ""pending_measurement"", ""best_coordinate_frame"": ""pending_measurement"", ""geometry"": ""pending_measurement"", ""cross_trajectory_stability"": ""pending_measurement"", ""regime_dependence"": ""pending_measurement"", ""causal_patch_effect"": ""pending_measurement"", ""specificity"": ""pending_measurement"", ""manifold_distance"": ""pending_measurement"", ""recommended_operator"": ""not_yet_justified""}","[{""path"": ""artifacts/geometry_map/reach_wall_v1/emergence-geometry/emergence_geometry.json"", ""item"": ""curves.encoder.realized_xz_direction.rows.layer=11""}]"
reach-wall/encoder/block-11/spatial-mean/reward_sum,reach-wall,encoder,11,block_residual_output,mean_of_256_spatial_tokens,,reward_sum,"{""metric"": ""r2"", ""score"": 0.9437082566536734, ""time_baseline"": 0.9142972039613033, ""delta_vs_time"": 0.0294110526923701}","{""knn_score"": 0.9081278675804229, ""linear_score"": 0.9437082566536734, ""nonlinear_gain"": -0.03558038907325056}",,"{""participation_ratio"": 10.070510248731628, ""top10_variance_fraction"": 0.7056837027929377, ""adjacent_timestep_cosine_mean"": 0.995015834924718}",,,,,,none_validated,"{""linear_score"": ""measured_discovery_only"", ""nonlinear_gain"": ""measured_discovery_only"", ""best_coordinate_frame"": ""pending_measurement"", ""geometry"": ""descriptive_activation_geometry"", ""cross_trajectory_stability"": ""pending_measurement"", ""regime_dependence"": ""pending_measurement"", ""causal_patch_effect"": ""pending_measurement"", ""specificity"": ""pending_measurement"", ""manifold_distance"": ""pending_measurement"", ""recommended_operator"": ""not_yet_justified""}","[{""path"": ""artifacts/geometry_map/reach_wall_v1/discovery-screen/discovery_screen.json"", ""item"": ""rows[251]""}, {""path"": ""artifacts/geometry_map/reach_wall_v1/cached-geometry-v2/nonlinear_screen.json"", ""item"": ""rows[83]""}]"
reach-wall/encoder/block-11/spatial-mean/wall_signed_distance,reach-wall,encoder,11,block_residual_output,mean_of_256_spatial_tokens,,wall_signed_distance,"{""metric"": ""r2"", ""score"": 0.9546327898401125, ""time_baseline"": 0.14228076564542247, ""delta_vs_time"": 0.81235202419469}","{""knn_score"": 0.8210517882702995, ""linear_score"": 0.9546327898401125, ""nonlinear_gain"": -0.133581001569813}",,"{""participation_ratio"": 10.070510248731628, ""top10_variance_fraction"": 0.7056837027929377, ""adjacent_timestep_cosine_mean"": 0.995015834924718}",,,,,,none_validated,"{""linear_score"": ""measured_discovery_only"", ""nonlinear_gain"": ""measured_discovery_only"", ""best_coordinate_frame"": ""pending_measurement"", ""geometry"": ""descriptive_activation_geometry"", ""cross_trajectory_stability"": ""pending_measurement"", ""regime_dependence"": ""pending_measurement"", ""causal_patch_effect"": ""pending_measurement"", ""specificity"": ""pending_measurement"", ""manifold_distance"": ""pending_measurement"", ""recommended_operator"": ""not_yet_justified""}","[{""path"": ""artifacts/geometry_map/reach_wall_v1/discovery-screen/discovery_screen.json"", ""item"": ""rows[239]""}, {""path"": ""artifacts/geometry_map/reach_wall_v1/emergence-geometry/emergence_geometry.json"", ""item"": ""curves.encoder.wall_signed_distance.rows.layer=11""}, {""path"": ""artifacts/geometry_map/reach_wall_v1/cached-geometry-v2/nonlinear_screen.json"", ""item"": ""rows[71]""}]"
reach-wall/predictor/block-0/spatial-mean/action_chunk_frobenius_magnitude,reach-wall,predictor,0,block_residual_output,mean_of_256_spatial_tokens,1,action_chunk_frobenius_magnitude,"{""metric"": ""r2"", ""score"": 0.5968304027755724, ""time_baseline"": 0.4725658231754639, ""delta_vs_time"": 0.1242645796001085}",,,"{""participation_ratio"": 5.307008846770098, ""top10_variance_fraction"": 0.7308951569133036, ""adjacent_timestep_cosine_mean"": 0.9979027519506192}",,,,,,none_validated,"{""linear_score"": ""measured_discovery_only"", ""nonlinear_gain"": ""pending_measurement"", ""best_coordinate_frame"": ""pending_measurement"", ""geometry"": ""descriptive_activation_geometry"", ""cross_trajectory_stability"": ""pending_measurement"", ""regime_dependence"": ""pending_measurement"", ""causal_patch_effect"": ""pending_measurement"", ""specificity"": ""pending_measurement"", ""manifold_distance"": ""pending_measurement"", ""recommended_operator"": ""not_yet_justified""}","[{""path"": ""artifacts/geometry_map/reach_wall_v1/discovery-screen/discovery_screen.json"", ""item"": ""rows[267]""}]"
reach-wall/predictor/block-0/spatial-mean/action_dx,reach-wall,predictor,0,block_residual_output,mean_of_256_spatial_tokens,1,action_dx,"{""metric"": ""r2"", ""score"": 0.9716577523100178, ""time_baseline"": 0.0033910809446688894, ""delta_vs_time"": 0.9682666713653489}",,,"{""participation_ratio"": 5.307008846770098, ""top10_variance_fraction"": 0.7308951569133036, ""adjacent_timestep_cosine_mean"": 0.9979027519506192}",,,,,,none_validated,"{""linear_score"": ""measured_discovery_only"", ""nonlinear_gain"": ""pending_measurement"", ""best_coordinate_frame"": ""pending_measurement"", ""geometry"": ""descriptive_activation_geometry"", ""cross_trajectory_stability"": ""pending_measurement"", ""regime_dependence"": ""pending_measurement"", ""causal_patch_effect"": ""pending_measurement"", ""specificity"": ""pending_measurement"", ""manifold_distance"": ""pending_measurement"", ""recommended_operator"": ""not_yet_justified""}","[{""path"": ""artifacts/geometry_map/reach_wall_v1/discovery-screen/discovery_screen.json"", ""item"": ""rows[264]""}]"
reach-wall/predictor/block-0/spatial-mean/action_dy,reach-wall,predictor,0,block_residual_output,mean_of_256_spatial_tokens,1,action_dy,"{""metric"": ""r2"", ""score"": 0.9821084205486225, ""time_baseline"": 0.6287213192564175, ""delta_vs_time"": 0.35338710129220496}",,,"{""participation_ratio"": 5.307008846770098, ""top10_variance_fraction"": 0.7308951569133036, ""adjacent_timestep_cosine_mean"": 0.9979027519506192}",,,,,,none_validated,"{""linear_score"": ""measured_discovery_only"", ""nonlinear_gain"": ""pending_measurement"", ""best_coordinate_frame"": ""pending_measurement"", ""geometry"": ""descriptive_activation_geometry"", ""cross_trajectory_stability"": ""pending_measurement"", ""regime_dependence"": ""pending_measurement"", ""causal_patch_effect"": ""pending_measurement"", ""specificity"": ""pending_measurement"", ""manifold_distance"": ""pending_measurement"", ""recommended_operator"": ""not_yet_justified""}","[{""path"": ""artifacts/geometry_map/reach_wall_v1/discovery-screen/discovery_screen.json"", ""item"": ""rows[265]""}]"
reach-wall/predictor/block-0/spatial-mean/action_dz,reach-wall,predictor,0,block_residual_output,mean_of_256_spatial_tokens,1,action_dz,"{""metric"": ""r2"", ""score"": 0.9635051742336911, ""time_baseline"": 0.02788791500905774, ""delta_vs_time"": 0.9356172592246333}",,,"{""participation_ratio"": 5.307008846770098, ""top10_variance_fraction"": 0.7308951569133036, ""adjacent_timestep_cosine_mean"": 0.9979027519506192}",,,,,,none_validated,"{""linear_score"": ""measured_discovery_only"", ""nonlinear_gain"": ""pending_measurement"", ""best_coordinate_frame"": ""pending_measurement"", ""geometry"": ""descriptive_activation_geometry"", ""cross_trajectory_stability"": ""pending_measurement"", ""regime_dependence"": ""pending_measurement"", ""causal_patch_effect"": ""pending_measurement"", ""specificity"": ""pending_measurement"", ""manifold_distance"": ""pending_measurement"", ""recommended_operator"": ""not_yet_justified""}","[{""path"": ""artifacts/geometry_map/reach_wall_v1/discovery-screen/discovery_screen.json"", ""item"": ""rows[266]""}]"
reach-wall/predictor/block-0/spatial-mean/cumulative_progress,reach-wall,predictor,0,block_residual_output,mean_of_256_spatial_tokens,1,cumulative_progress,"{""metric"": ""r2"", ""score"": 0.9527727835897972, ""time_baseline"": 0.9222151817810877, ""delta_vs_time"": 0.030557601808709478}",,,"{""participation_ratio"": 5.307008846770098, ""top10_variance_fraction"": 0.7308951569133036, ""adjacent_timestep_cosine_mean"": 0.9979027519506192}",,,,,,none_validated,"{""linear_score"": ""measured_discovery_only"", ""nonlinear_gain"": ""pending_measurement"", ""best_coordinate_frame"": ""pending_measurement"", ""geometry"": ""descriptive_activation_geometry"", ""cross_trajectory_stability"": ""pending_measurement"", ""regime_dependence"": ""pending_measurement"", ""causal_patch_effect"": ""pending_measurement"", ""specificity"": ""pending_measurement"", ""manifold_distance"": ""pending_measurement"", ""recommended_operator"": ""not_yet_justified""}","[{""path"": ""artifacts/geometry_map/reach_wall_v1/discovery-screen/discovery_screen.json"", ""item"": ""rows[253]""}, {""path"": ""artifacts/geometry_map/reach_wall_v1/emergence-geometry/emergence_geometry.json"", ""item"": ""curves.predictor.progress.rows.layer=0""}]"
reach-wall/predictor/block-0/spatial-mean/expert_detour_gate,reach-wall,predictor,0,block_residual_output,mean_of_256_spatial_tokens,1,expert_detour_gate,"{""metric"": ""auroc"", ""score"": 0.9978642581252002, ""time_baseline"": 0.978149765850144, ""delta_vs_time"": 0.019714492275056172}",,,"{""participation_ratio"": 5.307008846770098, ""top10_variance_fraction"": 0.7308951569133036, ""adjacent_timestep_cosine_mean"": 0.9979027519506192}",,,,,,none_validated,"{""linear_score"": ""measured_discovery_only"", ""nonlinear_gain"": ""pending_measurement"", ""best_coordinate_frame"": ""pending_measurement"", ""geometry"": ""descriptive_activation_geometry"", ""cross_trajectory_stability"": ""pending_measurement"", ""regime_dependence"": ""pending_measurement"", ""causal_patch_effect"": ""pending_measurement"", ""specificity"": ""pending_measurement"", ""manifold_distance"": ""pending_measurement"", ""recommended_operator"": ""not_yet_justified""}","[{""path"": ""artifacts/geometry_map/reach_wall_v1/discovery-screen/discovery_screen.json"", ""item"": ""rows[263]""}]"
reach-wall/predictor/block-0/spatial-mean/goal_distance,reach-wall,predictor,0,block_residual_output,mean_of_256_spatial_tokens,1,goal_distance,"{""metric"": ""r2"", ""score"": 0.9379798819701892, ""time_baseline"": 0.908897827090231, ""delta_vs_time"": 0.029082054879958186}",,,"{""participation_ratio"": 5.307008846770098, ""top10_variance_fraction"": 0.7308951569133036, ""adjacent_timestep_cosine_mean"": 0.9979027519506192}",,,,,,none_validated,"{""linear_score"": ""measured_discovery_only"", ""nonlinear_gain"": ""pending_measurement"", ""best_coordinate_frame"": ""pending_measurement"", ""geometry"": ""descriptive_activation_geometry"", ""cross_trajectory_stability"": ""pending_measurement"", ""regime_dependence"": ""pending_measurement"", ""causal_patch_effect"": ""pending_measurement"", ""specificity"": ""pending_measurement"", ""manifold_distance"": ""pending_measurement"", ""recommended_operator"": ""not_yet_justified""}","[{""path"": ""artifacts/geometry_map/reach_wall_v1/discovery-screen/discovery_screen.json"", ""item"": ""rows[252]""}]"
reach-wall/predictor/block-0/spatial-mean/goal_vector_x,reach-wall,predictor,0,block_residual_output,mean_of_256_spatial_tokens,1,goal_vector_x,"{""metric"": ""r2"", ""score"": 0.1623087270482816, ""time_baseline"": 0.08054582471970773, ""delta_vs_time"": 0.08176290232857386}",,,"{""participation_ratio"": 5.307008846770098, ""top10_variance_fraction"": 0.7308951569133036, ""adjacent_timestep_cosine_mean"": 0.9979027519506192}",,,,,,none_validated,"{""linear_score"": ""measured_discovery_only"", ""nonlinear_gain"": ""pending_measurement"", ""best_coordinate_frame"": ""pending_measurement"", ""geometry"": ""descriptive_activation_geometry"", ""cross_trajectory_stability"": ""pending_measurement"", ""regime_dependence"": ""pending_measurement"", ""causal_patch_effect"": ""pending_measurement"", ""specificity"": ""pending_measurement"", ""manifold_distance"": ""pending_measurement"", ""recommended_operator"": ""not_yet_justified""}","[{""path"": ""artifacts/geometry_map/reach_wall_v1/discovery-screen/discovery_screen.json"", ""item"": ""rows[257]""}]"
reach-wall/predictor/block-0/spatial-mean/goal_vector_y,reach-wall,predictor,0,block_residual_output,mean_of_256_spatial_tokens,1,goal_vector_y,"{""metric"": ""r2"", ""score"": 0.9721825577766684, ""time_baseline"": 0.9568517433439947, ""delta_vs_time"": 0.0153308144326737}",,,"{""participation_ratio"": 5.307008846770098, ""top10_variance_fraction"": 0.7308951569133036, ""adjacent_timestep_cosine_mean"": 0.9979027519506192}",,,,,,none_validated,"{""linear_score"": ""measured_discovery_only"", ""nonlinear_gain"": ""pending_measurement"", ""best_coordinate_frame"": ""pending_measurement"", ""geometry"": ""descriptive_activation_geometry"", ""cross_trajectory_stability"": ""pending_measurement"", ""regime_dependence"": ""pending_measurement"", ""causal_patch_effect"": ""pending_measurement"", ""specificity"": ""pending_measurement"", ""manifold_distance"": ""pending_measurement"", ""recommended_operator"": ""not_yet_justified""}","[{""path"": ""artifacts/geometry_map/reach_wall_v1/discovery-screen/discovery_screen.json"", ""item"": ""rows[258]""}]"
reach-wall/predictor/block-0/spatial-mean/goal_vector_z,reach-wall,predictor,0,block_residual_output,mean_of_256_spatial_tokens,1,goal_vector_z,"{""metric"": ""r2"", ""score"": 0.5644191805742227, ""time_baseline"": 0.044334510544640326, ""delta_vs_time"": 0.5200846700295824}",,,"{""participation_ratio"": 5.307008846770098, ""top10_variance_fraction"": 0.7308951569133036, ""adjacent_timestep_cosine_mean"": 0.9979027519506192}",,,,,,none_validated,"{""linear_score"": ""measured_discovery_only"", ""nonlinear_gain"": ""pending_measurement"", ""best_coordinate_frame"": ""pending_measurement"", ""geometry"": ""descriptive_activation_geometry"", ""cross_trajectory_stability"": ""pending_measurement"", ""regime_dependence"": ""pending_measurement"", ""causal_patch_effect"": ""pending_measurement"", ""specificity"": ""pending_measurement"", ""manifold_distance"": ""pending_measurement"", ""recommended_operator"": ""not_yet_justified""}","[{""path"": ""artifacts/geometry_map/reach_wall_v1/discovery-screen/discovery_screen.json"", ""item"": ""rows[259]""}]"
reach-wall/predictor/block-0/spatial-mean/goal_xz_direction,reach-wall,predictor,0,block_residual_output,mean_of_256_spatial_tokens,1,goal_xz_direction,"{""metric"": ""r2"", ""score"": 0.37904354982522676, ""time_baseline"": null, ""delta_vs_time"": null}",,,,,,,,,none_validated,"{""linear_score"": ""measured_discovery_only"", ""nonlinear_gain"": ""pending_measurement"", ""best_coordinate_frame"": ""pending_measurement"", ""geometry"": ""pending_measurement"", ""cross_trajectory_stability"": ""pending_measurement"", ""regime_dependence"": ""pending_measurement"", ""causal_patch_effect"": ""pending_measurement"", ""specificity"": ""pending_measurement"", ""manifold_distance"": ""pending_measurement"", ""recommended_operator"": ""not_yet_justified""}","[{""path"": ""artifacts/geometry_map/reach_wall_v1/emergence-geometry/emergence_geometry.json"", ""item"": ""curves.predictor.goal_xz_direction.rows.layer=0""}]"
reach-wall/predictor/block-0/spatial-mean/hand_to_goal_segment_intersects_wall,reach-wall,predictor,0,block_residual_output,mean_of_256_spatial_tokens,1,hand_to_goal_segment_intersects_wall,"{""metric"": ""auroc"", ""score"": 0.98908815531307, ""time_baseline"": 0.9019247457737662, ""delta_vs_time"": 0.0871634095393038}",,,"{""participation_ratio"": 5.307008846770098, ""top10_variance_fraction"": 0.7308951569133036, ""adjacent_timestep_cosine_mean"": 0.9979027519506192}",,,,,,none_validated,"{""linear_score"": ""measured_discovery_only"", ""nonlinear_gain"": ""pending_measurement"", ""best_coordinate_frame"": ""pending_measurement"", ""geometry"": ""descriptive_activation_geometry"", ""cross_trajectory_stability"": ""pending_measurement"", ""regime_dependence"": ""pending_measurement"", ""causal_patch_effect"": ""pending_measurement"", ""specificity"": ""pending_measurement"", ""manifold_distance"": ""pending_measurement"", ""recommended_operator"": ""not_yet_justified""}","[{""path"": ""artifacts/geometry_map/reach_wall_v1/discovery-screen/discovery_screen.json"", ""item"": ""rows[262]""}]"
reach-wall/predictor/block-0/spatial-mean/hand_x,reach-wall,predictor,0,block_residual_output,mean_of_256_spatial_tokens,1,hand_x,"{""metric"": ""r2"", ""score"": 0.9831493526620132, ""time_baseline"": 0.058067306134002794, ""delta_vs_time"": 0.9250820465280104}",,,"{""participation_ratio"": 5.307008846770098, ""top10_variance_fraction"": 0.7308951569133036, ""adjacent_timestep_cosine_mean"": 0.9979027519506192}",,,,,,none_validated,"{""linear_score"": ""measured_discovery_only"", ""nonlinear_gain"": ""pending_measurement"", ""best_coordinate_frame"": ""pending_measurement"", ""geometry"": ""descriptive_activation_geometry"", ""cross_trajectory_stability"": ""pending_measurement"", ""regime_dependence"": ""pending_measurement"", ""causal_patch_effect"": ""pending_measurement"", ""specificity"": ""pending_measurement"", ""manifold_distance"": ""pending_measurement"", ""recommended_operator"": ""not_yet_justified""}","[{""path"": ""artifacts/geometry_map/reach_wall_v1/discovery-screen/discovery_screen.json"", ""item"": ""rows[254]""}]"
reach-wall/predictor/block-0/spatial-mean/hand_y,reach-wall,predictor,0,block_residual_output,mean_of_256_spatial_tokens,1,hand_y,"{""metric"": ""r2"", ""score"": 0.9989646627246421, ""time_baseline"": 0.9772521653309317, ""delta_vs_time"": 0.021712497393710395}",,,"{""participation_ratio"": 5.307008846770098, ""top10_variance_fraction"": 0.7308951569133036, ""adjacent_timestep_cosine_mean"": 0.9979027519506192}",,,,,,none_validated,"{""linear_score"": ""measured_discovery_only"", ""nonlinear_gain"": ""pending_measurement"", ""best_coordinate_frame"": ""pending_measurement"", ""geometry"": ""descriptive_activation_geometry"", ""cross_trajectory_stability"": ""pending_measurement"", ""regime_dependence"": ""pending_measurement"", ""causal_patch_effect"": ""pending_measurement"", ""specificity"": ""pending_measurement"", ""manifold_distance"": ""pending_measurement"", ""recommended_operator"": ""not_yet_justified""}","[{""path"": ""artifacts/geometry_map/reach_wall_v1/discovery-screen/discovery_screen.json"", ""item"": ""rows[255]""}]"
reach-wall/predictor/block-0/spatial-mean/hand_z,reach-wall,predictor,0,block_residual_output,mean_of_256_spatial_tokens,1,hand_z,"{""metric"": ""r2"", ""score"": 0.9944545374995033, ""time_baseline"": 0.00804356141242546, ""delta_vs_time"": 0.9864109760870778}",,,"{""participation_ratio"": 5.307008846770098, ""top10_variance_fraction"": 0.7308951569133036, ""adjacent_timestep_cosine_mean"": 0.9979027519506192}",,,,,,none_validated,"{""linear_score"": ""measured_discovery_only"", ""nonlinear_gain"": ""pending_measurement"", ""best_coordinate_frame"": ""pending_measurement"", ""geometry"": ""descriptive_activation_geometry"", ""cross_trajectory_stability"": ""pending_measurement"", ""regime_dependence"": ""pending_measurement"", ""causal_patch_effect"": ""pending_measurement"", ""specificity"": ""pending_measurement"", ""manifold_distance"": ""pending_measurement"", ""recommended_operator"": ""not_yet_justified""}","[{""path"": ""artifacts/geometry_map/reach_wall_v1/discovery-screen/discovery_screen.json"", ""item"": ""rows[256]""}]"
reach-wall/predictor/block-0/spatial-mean/height_above_wall_top,reach-wall,predictor,0,block_residual_output,mean_of_256_spatial_tokens,1,height_above_wall_top,"{""metric"": ""r2"", ""score"": 0.9944545372149038, ""time_baseline"": 0.008043558955029284, ""delta_vs_time"": 0.9864109782598746}",,,"{""participation_ratio"": 5.307008846770098, ""top10_variance_fraction"": 0.7308951569133036, ""adjacent_timestep_cosine_mean"": 0.9979027519506192}",,,,,,none_validated,"{""linear_score"": ""measured_discovery_only"", ""nonlinear_gain"": ""pending_measurement"", ""best_coordinate_frame"": ""pending_measurement"", ""geometry"": ""descriptive_activation_geometry"", ""cross_trajectory_stability"": ""pending_measurement"", ""regime_dependence"": ""pending_measurement"", ""causal_patch_effect"": ""pending_measurement"", ""specificity"": ""pending_measurement"", ""manifold_distance"": ""pending_measurement"", ""recommended_operator"": ""not_yet_justified""}","[{""path"": ""artifacts/geometry_map/reach_wall_v1/discovery-screen/discovery_screen.json"", ""item"": ""rows[261]""}]"
reach-wall/predictor/block-0/spatial-mean/realized_dx,reach-wall,predictor,0,block_residual_output,mean_of_256_spatial_tokens,1,realized_dx,"{""metric"": ""r2"", ""score"": 0.4321738595329724, ""time_baseline"": 0.005340828654275098, ""delta_vs_time"": 0.4268330308786973}",,,"{""participation_ratio"": 5.307008846770098, ""top10_variance_fraction"": 0.7308951569133036, ""adjacent_timestep_cosine_mean"": 0.9979027519506192}",,,,,,none_validated,"{""linear_score"": ""measured_discovery_only"", ""nonlinear_gain"": ""pending_measurement"", ""best_coordinate_frame"": ""pending_measurement"", ""geometry"": ""descriptive_activation_geometry"", ""cross_trajectory_stability"": ""pending_measurement"", ""regime_dependence"": ""pending_measurement"", ""causal_patch_effect"": ""pending_measurement"", ""specificity"": ""pending_measurement"", ""manifold_distance"": ""pending_measurement"", ""recommended_operator"": ""not_yet_justified""}","[{""path"": ""artifacts/geometry_map/reach_wall_v1/discovery-screen/discovery_screen.json"", ""item"": ""rows[268]""}]"
reach-wall/predictor/block-0/spatial-mean/realized_dy,reach-wall,predictor,0,block_residual_output,mean_of_256_spatial_tokens,1,realized_dy,"{""metric"": ""r2"", ""score"": 0.9125637405319735, ""time_baseline"": 0.7938417819030151, ""delta_vs_time"": 0.1187219586289584}",,,"{""participation_ratio"": 5.307008846770098, ""top10_variance_fraction"": 0.7308951569133036, ""adjacent_timestep_cosine_mean"": 0.9979027519506192}",,,,,,none_validated,"{""linear_score"": ""measured_discovery_only"", ""nonlinear_gain"": ""pending_measurement"", ""best_coordinate_frame"": ""pending_measurement"", ""geometry"": ""descriptive_activation_geometry"", ""cross_trajectory_stability"": ""pending_measurement"", ""regime_dependence"": ""pending_measurement"", ""causal_patch_effect"": ""pending_measurement"", ""specificity"": ""pending_measurement"", ""manifold_distance"": ""pending_measurement"", ""recommended_operator"": ""not_yet_justified""}","[{""path"": ""artifacts/geometry_map/reach_wall_v1/discovery-screen/discovery_screen.json"", ""item"": ""rows[269]""}]"
reach-wall/predictor/block-0/spatial-mean/realized_dz,reach-wall,predictor,0,block_residual_output,mean_of_256_spatial_tokens,1,realized_dz,"{""metric"": ""r2"", ""score"": 0.5427615181354462, ""time_baseline"": 0.07117442644816807, ""delta_vs_time"": 0.4715870916872781}",,,"{""participation_ratio"": 5.307008846770098, ""top10_variance_fraction"": 0.7308951569133036, ""adjacent_timestep_cosine_mean"": 0.9979027519506192}",,,,,,none_validated,"{""linear_score"": ""measured_discovery_only"", ""nonlinear_gain"": ""pending_measurement"", ""best_coordinate_frame"": ""pending_measurement"", ""geometry"": ""descriptive_activation_geometry"", ""cross_trajectory_stability"": ""pending_measurement"", ""regime_dependence"": ""pending_measurement"", ""causal_patch_effect"": ""pending_measurement"", ""specificity"": ""pending_measurement"", ""manifold_distance"": ""pending_measurement"", ""recommended_operator"": ""not_yet_justified""}","[{""path"": ""artifacts/geometry_map/reach_wall_v1/discovery-screen/discovery_screen.json"", ""item"": ""rows[270]""}]"
reach-wall/predictor/block-0/spatial-mean/realized_hand_delta_magnitude,reach-wall,predictor,0,block_residual_output,mean_of_256_spatial_tokens,1,realized_hand_delta_magnitude,"{""metric"": ""r2"", ""score"": 0.7344313065244936, ""time_baseline"": 0.6130267917023396, ""delta_vs_time"": 0.12140451482215397}",,,"{""participation_ratio"": 5.307008846770098, ""top10_variance_fraction"": 0.7308951569133036, ""adjacent_timestep_cosine_mean"": 0.9979027519506192}",,,,,,none_validated,"{""linear_score"": ""measured_discovery_only"", ""nonlinear_gain"": ""pending_measurement"", ""best_coordinate_frame"": ""pending_measurement"", ""geometry"": ""descriptive_activation_geometry"", ""cross_trajectory_stability"": ""pending_measurement"", ""regime_dependence"": ""pending_measurement"", ""causal_patch_effect"": ""pending_measurement"", ""specificity"": ""pending_measurement"", ""manifold_distance"": ""pending_measurement"", ""recommended_operator"": ""not_yet_justified""}","[{""path"": ""artifacts/geometry_map/reach_wall_v1/discovery-screen/discovery_screen.json"", ""item"": ""rows[271]""}, {""path"": ""artifacts/geometry_map/reach_wall_v1/emergence-geometry/emergence_geometry.json"", ""item"": ""curves.predictor.motion_magnitude.rows.layer=0""}]"
reach-wall/predictor/block-0/spatial-mean/realized_xz_direction,reach-wall,predictor,0,block_residual_output,mean_of_256_spatial_tokens,1,realized_xz_direction,"{""metric"": ""r2"", ""score"": 0.524088307503697, ""time_baseline"": null, ""delta_vs_time"": null}",,,,,,,,,none_validated,"{""linear_score"": ""measured_discovery_only"", ""nonlinear_gain"": ""pending_measurement"", ""best_coordinate_frame"": ""pending_measurement"", ""geometry"": ""pending_measurement"", ""cross_trajectory_stability"": ""pending_measurement"", ""regime_dependence"": ""pending_measurement"", ""causal_patch_effect"": ""pending_measurement"", ""specificity"": ""pending_measurement"", ""manifold_distance"": ""pending_measurement"", ""recommended_operator"": ""not_yet_justified""}","[{""path"": ""artifacts/geometry_map/reach_wall_v1/emergence-geometry/emergence_geometry.json"", ""item"": ""curves.predictor.realized_xz_direction.rows.layer=0""}]"
reach-wall/predictor/block-0/spatial-mean/reward_sum,reach-wall,predictor,0,block_residual_output,mean_of_256_spatial_tokens,1,reward_sum,"{""metric"": ""r2"", ""score"": 0.9551693095582322, ""time_baseline"": 0.9142972039613033, ""delta_vs_time"": 0.04087210559692889}",,,"{""participation_ratio"": 5.307008846770098, ""top10_variance_fraction"": 0.7308951569133036, ""adjacent_timestep_cosine_mean"": 0.9979027519506192}",,,,,,none_validated,"{""linear_score"": ""measured_discovery_only"", ""nonlinear_gain"": ""pending_measurement"", ""best_coordinate_frame"": ""pending_measurement"", ""geometry"": ""descriptive_activation_geometry"", ""cross_trajectory_stability"": ""pending_measurement"", ""regime_dependence"": ""pending_measurement"", ""causal_patch_effect"": ""pending_measurement"", ""specificity"": ""pending_measurement"", ""manifold_distance"": ""pending_measurement"", ""recommended_operator"": ""not_yet_justified""}","[{""path"": ""artifacts/geometry_map/reach_wall_v1/discovery-screen/discovery_screen.json"", ""item"": ""rows[272]""}]"
reach-wall/predictor/block-0/spatial-mean/wall_signed_distance,reach-wall,predictor,0,block_residual_output,mean_of_256_spatial_tokens,1,wall_signed_distance,"{""metric"": ""r2"", ""score"": 0.9791327906023682, ""time_baseline"": 0.14228076564542247, ""delta_vs_time"": 0.8368520249569458}",,,"{""participation_ratio"": 5.307008846770098, ""top10_variance_fraction"": 0.7308951569133036, ""adjacent_timestep_cosine_mean"": 0.9979027519506192}",,,,,,none_validated,"{""linear_score"": ""measured_discovery_only"", ""nonlinear_gain"": ""pending_measurement"", ""best_coordinate_frame"": ""pending_measurement"", ""geometry"": ""descriptive_activation_geometry"", ""cross_trajectory_stability"": ""pending_measurement"", ""regime_dependence"": ""pending_measurement"", ""causal_patch_effect"": ""pending_measurement"", ""specificity"": ""pending_measurement"", ""manifold_distance"": ""pending_measurement"", ""recommended_operator"": ""not_yet_justified""}","[{""path"": ""artifacts/geometry_map/reach_wall_v1/discovery-screen/discovery_screen.json"", ""item"": ""rows[260]""}, {""path"": ""artifacts/geometry_map/reach_wall_v1/emergence-geometry/emergence_geometry.json"", ""item"": ""curves.predictor.wall_signed_distance.rows.layer=0""}]"
reach-wall/predictor/block-1/spatial-mean/action_chunk_frobenius_magnitude,reach-wall,predictor,1,block_residual_output,mean_of_256_spatial_tokens,1,action_chunk_frobenius_magnitude,"{""metric"": ""r2"", ""score"": 0.6236488782728847, ""time_baseline"": 0.4725658231754639, ""delta_vs_time"": 0.15108305509742082}",,,"{""participation_ratio"": 4.2305705644841565, ""top10_variance_fraction"": 0.7605587362009764, ""adjacent_timestep_cosine_mean"": 0.9980570473261378}",,,,,,none_validated,"{""linear_score"": ""measured_discovery_only"", ""nonlinear_gain"": ""pending_measurement"", ""best_coordinate_frame"": ""pending_measurement"", ""geometry"": ""descriptive_activation_geometry"", ""cross_trajectory_stability"": ""pending_measurement"", ""regime_dependence"": ""pending_measurement"", ""causal_patch_effect"": ""pending_measurement"", ""specificity"": ""pending_measurement"", ""manifold_distance"": ""pending_measurement"", ""recommended_operator"": ""not_yet_justified""}","[{""path"": ""artifacts/geometry_map/reach_wall_v1/discovery-screen/discovery_screen.json"", ""item"": ""rows[288]""}]"
reach-wall/predictor/block-1/spatial-mean/action_dx,reach-wall,predictor,1,block_residual_output,mean_of_256_spatial_tokens,1,action_dx,"{""metric"": ""r2"", ""score"": 0.9651313222305896, ""time_baseline"": 0.0033910809446688894, ""delta_vs_time"": 0.9617402412859207}",,,"{""participation_ratio"": 4.2305705644841565, ""top10_variance_fraction"": 0.7605587362009764, ""adjacent_timestep_cosine_mean"": 0.9980570473261378}",,,,,,none_validated,"{""linear_score"": ""measured_discovery_only"", ""nonlinear_gain"": ""pending_measurement"", ""best_coordinate_frame"": ""pending_measurement"", ""geometry"": ""descriptive_activation_geometry"", ""cross_trajectory_stability"": ""pending_measurement"", ""regime_dependence"": ""pending_measurement"", ""causal_patch_effect"": ""pending_measurement"", ""specificity"": ""pending_measurement"", ""manifold_distance"": ""pending_measurement"", ""recommended_operator"": ""not_yet_justified""}","[{""path"": ""artifacts/geometry_map/reach_wall_v1/discovery-screen/discovery_screen.json"", ""item"": ""rows[285]""}]"
reach-wall/predictor/block-1/spatial-mean/action_dy,reach-wall,predictor,1,block_residual_output,mean_of_256_spatial_tokens,1,action_dy,"{""metric"": ""r2"", ""score"": 0.984116201541063, ""time_baseline"": 0.6287213192564175, ""delta_vs_time"": 0.35539488228464555}",,,"{""participation_ratio"": 4.2305705644841565, ""top10_variance_fraction"": 0.7605587362009764, ""adjacent_timestep_cosine_mean"": 0.9980570473261378}",,,,,,none_validated,"{""linear_score"": ""measured_discovery_only"", ""nonlinear_gain"": ""pending_measurement"", ""best_coordinate_frame"": ""pending_measurement"", ""geometry"": ""descriptive_activation_geometry"", ""cross_trajectory_stability"": ""pending_measurement"", ""regime_dependence"": ""pending_measurement"", ""causal_patch_effect"": ""pending_measurement"", ""specificity"": ""pending_measurement"", ""manifold_distance"": ""pending_measurement"", ""recommended_operator"": ""not_yet_justified""}","[{""path"": ""artifacts/geometry_map/reach_wall_v1/discovery-screen/discovery_screen.json"", ""item"": ""rows[286]""}]"
reach-wall/predictor/block-1/spatial-mean/action_dz,reach-wall,predictor,1,block_residual_output,mean_of_256_spatial_tokens,1,action_dz,"{""metric"": ""r2"", ""score"": 0.9637761398736209, ""time_baseline"": 0.02788791500905774, ""delta_vs_time"": 0.9358882248645631}",,,"{""participation_ratio"": 4.2305705644841565, ""top10_variance_fraction"": 0.7605587362009764, ""adjacent_timestep_cosine_mean"": 0.9980570473261378}",,,,,,none_validated,"{""linear_score"": ""measured_discovery_only"", ""nonlinear_gain"": ""pending_measurement"", ""best_coordinate_frame"": ""pending_measurement"", ""geometry"": ""descriptive_activation_geometry"", ""cross_trajectory_stability"": ""pending_measurement"", ""regime_dependence"": ""pending_measurement"", ""causal_patch_effect"": ""pending_measurement"", ""specificity"": ""pending_measurement"", ""manifold_distance"": ""pending_measurement"", ""recommended_operator"": ""not_yet_justified""}","[{""path"": ""artifacts/geometry_map/reach_wall_v1/discovery-screen/discovery_screen.json"", ""item"": ""rows[287]""}]"
reach-wall/predictor/block-1/spatial-mean/cumulative_progress,reach-wall,predictor,1,block_residual_output,mean_of_256_spatial_tokens,1,cumulative_progress,"{""metric"": ""r2"", ""score"": 0.9546453024392112, ""time_baseline"": 0.9222151817810877, ""delta_vs_time"": 0.03243012065812345}",,,"{""participation_ratio"": 4.2305705644841565, ""top10_variance_fraction"": 0.7605587362009764, ""adjacent_timestep_cosine_mean"": 0.9980570473261378}",,,,,,none_validated,"{""linear_score"": ""measured_discovery_only"", ""nonlinear_gain"": ""pending_measurement"", ""best_coordinate_frame"": ""pending_measurement"", ""geometry"": ""descriptive_activation_geometry"", ""cross_trajectory_stability"": ""pending_measurement"", ""regime_dependence"": ""pending_measurement"", ""causal_patch_effect"": ""pending_measurement"", ""specificity"": ""pending_measurement"", ""manifold_distance"": ""pending_measurement"", ""recommended_operator"": ""not_yet_justified""}","[{""path"": ""artifacts/geometry_map/reach_wall_v1/discovery-screen/discovery_screen.json"", ""item"": ""rows[274]""}, {""path"": ""artifacts/geometry_map/reach_wall_v1/emergence-geometry/emergence_geometry.json"", ""item"": ""curves.predictor.progress.rows.layer=1""}]"
reach-wall/predictor/block-1/spatial-mean/expert_detour_gate,reach-wall,predictor,1,block_residual_output,mean_of_256_spatial_tokens,1,expert_detour_gate,"{""metric"": ""auroc"", ""score"": 0.9981750820525136, ""time_baseline"": 0.978149765850144, ""delta_vs_time"": 0.02002531620236958}",,,"{""participation_ratio"": 4.2305705644841565, ""top10_variance_fraction"": 0.7605587362009764, ""adjacent_timestep_cosine_mean"": 0.9980570473261378}",,,,,,none_validated,"{""linear_score"": ""measured_discovery_only"", ""nonlinear_gain"": ""pending_measurement"", ""best_coordinate_frame"": ""pending_measurement"", ""geometry"": ""descriptive_activation_geometry"", ""cross_trajectory_stability"": ""pending_measurement"", ""regime_dependence"": ""pending_measurement"", ""causal_patch_effect"": ""pending_measurement"", ""specificity"": ""pending_measurement"", ""manifold_distance"": ""pending_measurement"", ""recommended_operator"": ""not_yet_justified""}","[{""path"": ""artifacts/geometry_map/reach_wall_v1/discovery-screen/discovery_screen.json"", ""item"": ""rows[284]""}]"
reach-wall/predictor/block-1/spatial-mean/goal_distance,reach-wall,predictor,1,block_residual_output,mean_of_256_spatial_tokens,1,goal_distance,"{""metric"": ""r2"", ""score"": 0.9386145742367112, ""time_baseline"": 0.908897827090231, ""delta_vs_time"": 0.029716747146480205}",,,"{""participation_ratio"": 4.2305705644841565, ""top10_variance_fraction"": 0.7605587362009764, ""adjacent_timestep_cosine_mean"": 0.9980570473261378}",,,,,,none_validated,"{""linear_score"": ""measured_discovery_only"", ""nonlinear_gain"": ""pending_measurement"", ""best_coordinate_frame"": ""pending_measurement"", ""geometry"": ""descriptive_activation_geometry"", ""cross_trajectory_stability"": ""pending_measurement"", ""regime_dependence"": ""pending_measurement"", ""causal_patch_effect"": ""pending_measurement"", ""specificity"": ""pending_measurement"", ""manifold_distance"": ""pending_measurement"", ""recommended_operator"": ""not_yet_justified""}","[{""path"": ""artifacts/geometry_map/reach_wall_v1/discovery-screen/discovery_screen.json"", ""item"": ""rows[273]""}]"
reach-wall/predictor/block-1/spatial-mean/goal_vector_x,reach-wall,predictor,1,block_residual_output,mean_of_256_spatial_tokens,1,goal_vector_x,"{""metric"": ""r2"", ""score"": 0.15629288512497108, ""time_baseline"": 0.08054582471970773, ""delta_vs_time"": 0.07574706040526336}",,,"{""participation_ratio"": 4.2305705644841565, ""top10_variance_fraction"": 0.7605587362009764, ""adjacent_timestep_cosine_mean"": 0.9980570473261378}",,,,,,none_validated,"{""linear_score"": ""measured_discovery_only"", ""nonlinear_gain"": ""pending_measurement"", ""best_coordinate_frame"": ""pending_measurement"", ""geometry"": ""descriptive_activation_geometry"", ""cross_trajectory_stability"": ""pending_measurement"", ""regime_dependence"": ""pending_measurement"", ""causal_patch_effect"": ""pending_measurement"", ""specificity"": ""pending_measurement"", ""manifold_distance"": ""pending_measurement"", ""recommended_operator"": ""not_yet_justified""}","[{""path"": ""artifacts/geometry_map/reach_wall_v1/discovery-screen/discovery_screen.json"", ""item"": ""rows[278]""}]"
reach-wall/predictor/block-1/spatial-mean/goal_vector_y,reach-wall,predictor,1,block_residual_output,mean_of_256_spatial_tokens,1,goal_vector_y,"{""metric"": ""r2"", ""score"": 0.9729856280819654, ""time_baseline"": 0.9568517433439947, ""delta_vs_time"": 0.016133884737970727}",,,"{""participation_ratio"": 4.2305705644841565, ""top10_variance_fraction"": 0.7605587362009764, ""adjacent_timestep_cosine_mean"": 0.9980570473261378}",,,,,,none_validated,"{""linear_score"": ""measured_discovery_only"", ""nonlinear_gain"": ""pending_measurement"", ""best_coordinate_frame"": ""pending_measurement"", ""geometry"": ""descriptive_activation_geometry"", ""cross_trajectory_stability"": ""pending_measurement"", ""regime_dependence"": ""pending_measurement"", ""causal_patch_effect"": ""pending_measurement"", ""specificity"": ""pending_measurement"", ""manifold_distance"": ""pending_measurement"", ""recommended_operator"": ""not_yet_justified""}","[{""path"": ""artifacts/geometry_map/reach_wall_v1/discovery-screen/discovery_screen.json"", ""item"": ""rows[279]""}]"
reach-wall/predictor/block-1/spatial-mean/goal_vector_z,reach-wall,predictor,1,block_residual_output,mean_of_256_spatial_tokens,1,goal_vector_z,"{""metric"": ""r2"", ""score"": 0.5795663543386814, ""time_baseline"": 0.044334510544640326, ""delta_vs_time"": 0.5352318437940411}",,,"{""participation_ratio"": 4.2305705644841565, ""top10_variance_fraction"": 0.7605587362009764, ""adjacent_timestep_cosine_mean"": 0.9980570473261378}",,,,,,none_validated,"{""linear_score"": ""measured_discovery_only"", ""nonlinear_gain"": ""pending_measurement"", ""best_coordinate_frame"": ""pending_measurement"", ""geometry"": ""descriptive_activation_geometry"", ""cross_trajectory_stability"": ""pending_measurement"", ""regime_dependence"": ""pending_measurement"", ""causal_patch_effect"": ""pending_measurement"", ""specificity"": ""pending_measurement"", ""manifold_distance"": ""pending_measurement"", ""recommended_operator"": ""not_yet_justified""}","[{""path"": ""artifacts/geometry_map/reach_wall_v1/discovery-screen/discovery_screen.json"", ""item"": ""rows[280]""}]"
reach-wall/predictor/block-1/spatial-mean/goal_xz_direction,reach-wall,predictor,1,block_residual_output,mean_of_256_spatial_tokens,1,goal_xz_direction,"{""metric"": ""r2"", ""score"": 0.38559050161372765, ""time_baseline"": null, ""delta_vs_time"": null}",,,,,,,,,none_validated,"{""linear_score"": ""measured_discovery_only"", ""nonlinear_gain"": ""pending_measurement"", ""best_coordinate_frame"": ""pending_measurement"", ""geometry"": ""pending_measurement"", ""cross_trajectory_stability"": ""pending_measurement"", ""regime_dependence"": ""pending_measurement"", ""causal_patch_effect"": ""pending_measurement"", ""specificity"": ""pending_measurement"", ""manifold_distance"": ""pending_measurement"", ""recommended_operator"": ""not_yet_justified""}","[{""path"": ""artifacts/geometry_map/reach_wall_v1/emergence-geometry/emergence_geometry.json"", ""item"": ""curves.predictor.goal_xz_direction.rows.layer=1""}]"
reach-wall/predictor/block-1/spatial-mean/hand_to_goal_segment_intersects_wall,reach-wall,predictor,1,block_residual_output,mean_of_256_spatial_tokens,1,hand_to_goal_segment_intersects_wall,"{""metric"": ""auroc"", ""score"": 0.9904179401379425, ""time_baseline"": 0.9019247457737662, ""delta_vs_time"": 0.08849319436417624}",,,"{""participation_ratio"": 4.2305705644841565, ""top10_variance_fraction"": 0.7605587362009764, ""adjacent_timestep_cosine_mean"": 0.9980570473261378}",,,,,,none_validated,"{""linear_score"": ""measured_discovery_only"", ""nonlinear_gain"": ""pending_measurement"", ""best_coordinate_frame"": ""pending_measurement"", ""geometry"": ""descriptive_activation_geometry"", ""cross_trajectory_stability"": ""pending_measurement"", ""regime_dependence"": ""pending_measurement"", ""causal_patch_effect"": ""pending_measurement"", ""specificity"": ""pending_measurement"", ""manifold_distance"": ""pending_measurement"", ""recommended_operator"": ""not_yet_justified""}","[{""path"": ""artifacts/geometry_map/reach_wall_v1/discovery-screen/discovery_screen.json"", ""item"": ""rows[283]""}]"
reach-wall/predictor/block-1/spatial-mean/hand_x,reach-wall,predictor,1,block_residual_output,mean_of_256_spatial_tokens,1,hand_x,"{""metric"": ""r2"", ""score"": 0.9851265499497234, ""time_baseline"": 0.058067306134002794, ""delta_vs_time"": 0.9270592438157206}",,,"{""participation_ratio"": 4.2305705644841565, ""top10_variance_fraction"": 0.7605587362009764, ""adjacent_timestep_cosine_mean"": 0.9980570473261378}",,,,,,none_validated,"{""linear_score"": ""measured_discovery_only"", ""nonlinear_gain"": ""pending_measurement"", ""best_coordinate_frame"": ""pending_measurement"", ""geometry"": ""descriptive_activation_geometry"", ""cross_trajectory_stability"": ""pending_measurement"", ""regime_dependence"": ""pending_measurement"", ""causal_patch_effect"": ""pending_measurement"", ""specificity"": ""pending_measurement"", ""manifold_distance"": ""pending_measurement"", ""recommended_operator"": ""not_yet_justified""}","[{""path"": ""artifacts/geometry_map/reach_wall_v1/discovery-screen/discovery_screen.json"", ""item"": ""rows[275]""}]"
reach-wall/predictor/block-1/spatial-mean/hand_y,reach-wall,predictor,1,block_residual_output,mean_of_256_spatial_tokens,1,hand_y,"{""metric"": ""r2"", ""score"": 0.9988849916059881, ""time_baseline"": 0.9772521653309317, ""delta_vs_time"": 0.02163282627505636}",,,"{""participation_ratio"": 4.2305705644841565, ""top10_variance_fraction"": 0.7605587362009764, ""adjacent_timestep_cosine_mean"": 0.9980570473261378}",,,,,,none_validated,"{""linear_score"": ""measured_discovery_only"", ""nonlinear_gain"": ""pending_measurement"", ""best_coordinate_frame"": ""pending_measurement"", ""geometry"": ""descriptive_activation_geometry"", ""cross_trajectory_stability"": ""pending_measurement"", ""regime_dependence"": ""pending_measurement"", ""causal_patch_effect"": ""pending_measurement"", ""specificity"": ""pending_measurement"", ""manifold_distance"": ""pending_measurement"", ""recommended_operator"": ""not_yet_justified""}","[{""path"": ""artifacts/geometry_map/reach_wall_v1/discovery-screen/discovery_screen.json"", ""item"": ""rows[276]""}]"
reach-wall/predictor/block-1/spatial-mean/hand_z,reach-wall,predictor,1,block_residual_output,mean_of_256_spatial_tokens,1,hand_z,"{""metric"": ""r2"", ""score"": 0.9955825598098749, ""time_baseline"": 0.00804356141242546, ""delta_vs_time"": 0.9875389983974494}",,,"{""participation_ratio"": 4.2305705644841565, ""top10_variance_fraction"": 0.7605587362009764, ""adjacent_timestep_cosine_mean"": 0.9980570473261378}",,,,,,none_validated,"{""linear_score"": ""measured_discovery_only"", ""nonlinear_gain"": ""pending_measurement"", ""best_coordinate_frame"": ""pending_measurement"", ""geometry"": ""descriptive_activation_geometry"", ""cross_trajectory_stability"": ""pending_measurement"", ""regime_dependence"": ""pending_measurement"", ""causal_patch_effect"": ""pending_measurement"", ""specificity"": ""pending_measurement"", ""manifold_distance"": ""pending_measurement"", ""recommended_operator"": ""not_yet_justified""}","[{""path"": ""artifacts/geometry_map/reach_wall_v1/discovery-screen/discovery_screen.json"", ""item"": ""rows[277]""}]"
reach-wall/predictor/block-1/spatial-mean/height_above_wall_top,reach-wall,predictor,1,block_residual_output,mean_of_256_spatial_tokens,1,height_above_wall_top,"{""metric"": ""r2"", ""score"": 0.9955825596097215, ""time_baseline"": 0.008043558955029284, ""delta_vs_time"": 0.9875390006546922}",,,"{""participation_ratio"": 4.2305705644841565, ""top10_variance_fraction"": 0.7605587362009764, ""adjacent_timestep_cosine_mean"": 0.9980570473261378}",,,,,,none_validated,"{""linear_score"": ""measured_discovery_only"", ""nonlinear_gain"": ""pending_measurement"", ""best_coordinate_frame"": ""pending_measurement"", ""geometry"": ""descriptive_activation_geometry"", ""cross_trajectory_stability"": ""pending_measurement"", ""regime_dependence"": ""pending_measurement"", ""causal_patch_effect"": ""pending_measurement"", ""specificity"": ""pending_measurement"", ""manifold_distance"": ""pending_measurement"", ""recommended_operator"": ""not_yet_justified""}","[{""path"": ""artifacts/geometry_map/reach_wall_v1/discovery-screen/discovery_screen.json"", ""item"": ""rows[282]""}]"
reach-wall/predictor/block-1/spatial-mean/realized_dx,reach-wall,predictor,1,block_residual_output,mean_of_256_spatial_tokens,1,realized_dx,"{""metric"": ""r2"", ""score"": 0.5162029150827836, ""time_baseline"": 0.005340828654275098, ""delta_vs_time"": 0.5108620864285085}",,,"{""participation_ratio"": 4.2305705644841565, ""top10_variance_fraction"": 0.7605587362009764, ""adjacent_timestep_cosine_mean"": 0.9980570473261378}",,,,,,none_validated,"{""linear_score"": ""measured_discovery_only"", ""nonlinear_gain"": ""pending_measurement"", ""best_coordinate_frame"": ""pending_measurement"", ""geometry"": ""descriptive_activation_geometry"", ""cross_trajectory_stability"": ""pending_measurement"", ""regime_dependence"": ""pending_measurement"", ""causal_patch_effect"": ""pending_measurement"", ""specificity"": ""pending_measurement"", ""manifold_distance"": ""pending_measurement"", ""recommended_operator"": ""not_yet_justified""}","[{""path"": ""artifacts/geometry_map/reach_wall_v1/discovery-screen/discovery_screen.json"", ""item"": ""rows[289]""}]"
reach-wall/predictor/block-1/spatial-mean/realized_dy,reach-wall,predictor,1,block_residual_output,mean_of_256_spatial_tokens,1,realized_dy,"{""metric"": ""r2"", ""score"": 0.9202055546674227, ""time_baseline"": 0.7938417819030151, ""delta_vs_time"": 0.12636377276440758}",,,"{""participation_ratio"": 4.2305705644841565, ""top10_variance_fraction"": 0.7605587362009764, ""adjacent_timestep_cosine_mean"": 0.9980570473261378}",,,,,,none_validated,"{""linear_score"": ""measured_discovery_only"", ""nonlinear_gain"": ""pending_measurement"", ""best_coordinate_frame"": ""pending_measurement"", ""geometry"": ""descriptive_activation_geometry"", ""cross_trajectory_stability"": ""pending_measurement"", ""regime_dependence"": ""pending_measurement"", ""causal_patch_effect"": ""pending_measurement"", ""specificity"": ""pending_measurement"", ""manifold_distance"": ""pending_measurement"", ""recommended_operator"": ""not_yet_justified""}","[{""path"": ""artifacts/geometry_map/reach_wall_v1/discovery-screen/discovery_screen.json"", ""item"": ""rows[290]""}]"
reach-wall/predictor/block-1/spatial-mean/realized_dz,reach-wall,predictor,1,block_residual_output,mean_of_256_spatial_tokens,1,realized_dz,"{""metric"": ""r2"", ""score"": 0.5768399932347958, ""time_baseline"": 0.07117442644816807, ""delta_vs_time"": 0.5056655667866278}",,,"{""participation_ratio"": 4.2305705644841565, ""top10_variance_fraction"": 0.7605587362009764, ""adjacent_timestep_cosine_mean"": 0.9980570473261378}",,,,,,none_validated,"{""linear_score"": ""measured_discovery_only"", ""nonlinear_gain"": ""pending_measurement"", ""best_coordinate_frame"": ""pending_measurement"", ""geometry"": ""descriptive_activation_geometry"", ""cross_trajectory_stability"": ""pending_measurement"", ""regime_dependence"": ""pending_measurement"", ""causal_patch_effect"": ""pending_measurement"", ""specificity"": ""pending_measurement"", ""manifold_distance"": ""pending_measurement"", ""recommended_operator"": ""not_yet_justified""}","[{""path"": ""artifacts/geometry_map/reach_wall_v1/discovery-screen/discovery_screen.json"", ""item"": ""rows[291]""}]"
reach-wall/predictor/block-1/spatial-mean/realized_hand_delta_magnitude,reach-wall,predictor,1,block_residual_output,mean_of_256_spatial_tokens,1,realized_hand_delta_magnitude,"{""metric"": ""r2"", ""score"": 0.7571420135566193, ""time_baseline"": 0.6130267917023396, ""delta_vs_time"": 0.1441152218542796}",,,"{""participation_ratio"": 4.2305705644841565, ""top10_variance_fraction"": 0.7605587362009764, ""adjacent_timestep_cosine_mean"": 0.9980570473261378}",,,,,,none_validated,"{""linear_score"": ""measured_discovery_only"", ""nonlinear_gain"": ""pending_measurement"", ""best_coordinate_frame"": ""pending_measurement"", ""geometry"": ""descriptive_activation_geometry"", ""cross_trajectory_stability"": ""pending_measurement"", ""regime_dependence"": ""pending_measurement"", ""causal_patch_effect"": ""pending_measurement"", ""specificity"": ""pending_measurement"", ""manifold_distance"": ""pending_measurement"", ""recommended_operator"": ""not_yet_justified""}","[{""path"": ""artifacts/geometry_map/reach_wall_v1/discovery-screen/discovery_screen.json"", ""item"": ""rows[292]""}, {""path"": ""artifacts/geometry_map/reach_wall_v1/emergence-geometry/emergence_geometry.json"", ""item"": ""curves.predictor.motion_magnitude.rows.layer=1""}]"
reach-wall/predictor/block-1/spatial-mean/realized_xz_direction,reach-wall,predictor,1,block_residual_output,mean_of_256_spatial_tokens,1,realized_xz_direction,"{""metric"": ""r2"", ""score"": 0.5497957774943346, ""time_baseline"": null, ""delta_vs_time"": null}",,,,,,,,,none_validated,"{""linear_score"": ""measured_discovery_only"", ""nonlinear_gain"": ""pending_measurement"", ""best_coordinate_frame"": ""pending_measurement"", ""geometry"": ""pending_measurement"", ""cross_trajectory_stability"": ""pending_measurement"", ""regime_dependence"": ""pending_measurement"", ""causal_patch_effect"": ""pending_measurement"", ""specificity"": ""pending_measurement"", ""manifold_distance"": ""pending_measurement"", ""recommended_operator"": ""not_yet_justified""}","[{""path"": ""artifacts/geometry_map/reach_wall_v1/emergence-geometry/emergence_geometry.json"", ""item"": ""curves.predictor.realized_xz_direction.rows.layer=1""}]"
reach-wall/predictor/block-1/spatial-mean/reward_sum,reach-wall,predictor,1,block_residual_output,mean_of_256_spatial_tokens,1,reward_sum,"{""metric"": ""r2"", ""score"": 0.9567542989653975, ""time_baseline"": 0.9142972039613033, ""delta_vs_time"": 0.042457095004094225}",,,"{""participation_ratio"": 4.2305705644841565, ""top10_variance_fraction"": 0.7605587362009764, ""adjacent_timestep_cosine_mean"": 0.9980570473261378}",,,,,,none_validated,"{""linear_score"": ""measured_discovery_only"", ""nonlinear_gain"": ""pending_measurement"", ""best_coordinate_frame"": ""pending_measurement"", ""geometry"": ""descriptive_activation_geometry"", ""cross_trajectory_stability"": ""pending_measurement"", ""regime_dependence"": ""pending_measurement"", ""causal_patch_effect"": ""pending_measurement"", ""specificity"": ""pending_measurement"", ""manifold_distance"": ""pending_measurement"", ""recommended_operator"": ""not_yet_justified""}","[{""path"": ""artifacts/geometry_map/reach_wall_v1/discovery-screen/discovery_screen.json"", ""item"": ""rows[293]""}]"
reach-wall/predictor/block-1/spatial-mean/wall_signed_distance,reach-wall,predictor,1,block_residual_output,mean_of_256_spatial_tokens,1,wall_signed_distance,"{""metric"": ""r2"", ""score"": 0.9846009152603288, ""time_baseline"": 0.14228076564542247, ""delta_vs_time"": 0.8423201496149063}",,,"{""participation_ratio"": 4.2305705644841565, ""top10_variance_fraction"": 0.7605587362009764, ""adjacent_timestep_cosine_mean"": 0.9980570473261378}",,,,,,none_validated,"{""linear_score"": ""measured_discovery_only"", ""nonlinear_gain"": ""pending_measurement"", ""best_coordinate_frame"": ""pending_measurement"", ""geometry"": ""descriptive_activation_geometry"", ""cross_trajectory_stability"": ""pending_measurement"", ""regime_dependence"": ""pending_measurement"", ""causal_patch_effect"": ""pending_measurement"", ""specificity"": ""pending_measurement"", ""manifold_distance"": ""pending_measurement"", ""recommended_operator"": ""not_yet_justified""}","[{""path"": ""artifacts/geometry_map/reach_wall_v1/discovery-screen/discovery_screen.json"", ""item"": ""rows[281]""}, {""path"": ""artifacts/geometry_map/reach_wall_v1/emergence-geometry/emergence_geometry.json"", ""item"": ""curves.predictor.wall_signed_distance.rows.layer=1""}]"
reach-wall/predictor/block-2/spatial-mean/action_chunk_frobenius_magnitude,reach-wall,predictor,2,block_residual_output,mean_of_256_spatial_tokens,1,action_chunk_frobenius_magnitude,"{""metric"": ""r2"", ""score"": 0.593946439459075, ""time_baseline"": 0.4725658231754639, ""delta_vs_time"": 0.12138061628361108}","{""knn_score"": 0.5261622152462558, ""linear_score"": 0.593946439459075, ""nonlinear_gain"": -0.06778422421281916}",,"{""participation_ratio"": 4.913773101272954, ""top10_variance_fraction"": 0.7761574645929293, ""adjacent_timestep_cosine_mean"": 0.9981558836495552}",,,,,,none_validated,"{""linear_score"": ""measured_discovery_only"", ""nonlinear_gain"": ""measured_discovery_only"", ""best_coordinate_frame"": ""pending_measurement"", ""geometry"": ""descriptive_activation_geometry"", ""cross_trajectory_stability"": ""pending_measurement"", ""regime_dependence"": ""pending_measurement"", ""causal_patch_effect"": ""pending_measurement"", ""specificity"": ""pending_measurement"", ""manifold_distance"": ""pending_measurement"", ""recommended_operator"": ""not_yet_justified""}","[{""path"": ""artifacts/geometry_map/reach_wall_v1/discovery-screen/discovery_screen.json"", ""item"": ""rows[309]""}, {""path"": ""artifacts/geometry_map/reach_wall_v1/cached-geometry-v2/nonlinear_screen.json"", ""item"": ""rows[99]""}, {""path"": ""artifacts/geometry_map/reach_wall_v1/spatial-screen/spatial_screen.json"", ""item"": ""maps.predictor.block2.action_translation_magnitude""}]"
reach-wall/predictor/block-2/spatial-mean/action_dx,reach-wall,predictor,2,block_residual_output,mean_of_256_spatial_tokens,1,action_dx,"{""metric"": ""r2"", ""score"": 0.9468354188126925, ""time_baseline"": 0.0033910809446688894, ""delta_vs_time"": 0.9434443378680236}","{""knn_score"": 0.38869546957093903, ""linear_score"": 0.9468354188126925, ""nonlinear_gain"": -0.5581399492417535}",,"{""participation_ratio"": 4.913773101272954, ""top10_variance_fraction"": 0.7761574645929293, ""adjacent_timestep_cosine_mean"": 0.9981558836495552}",,,,,,none_validated,"{""linear_score"": ""measured_discovery_only"", ""nonlinear_gain"": ""measured_discovery_only"", ""best_coordinate_frame"": ""pending_measurement"", ""geometry"": ""descriptive_activation_geometry"", ""cross_trajectory_stability"": ""pending_measurement"", ""regime_dependence"": ""pending_measurement"", ""causal_patch_effect"": ""pending_measurement"", ""specificity"": ""pending_measurement"", ""manifold_distance"": ""pending_measurement"", ""recommended_operator"": ""not_yet_justified""}","[{""path"": ""artifacts/geometry_map/reach_wall_v1/discovery-screen/discovery_screen.json"", ""item"": ""rows[306]""}, {""path"": ""artifacts/geometry_map/reach_wall_v1/cached-geometry-v2/nonlinear_screen.json"", ""item"": ""rows[96]""}, {""path"": ""artifacts/geometry_map/reach_wall_v1/spatial-screen/spatial_screen.json"", ""item"": ""maps.predictor.block2.action_dx""}]"
reach-wall/predictor/block-2/spatial-mean/action_dy,reach-wall,predictor,2,block_residual_output,mean_of_256_spatial_tokens,1,action_dy,"{""metric"": ""r2"", ""score"": 0.9761599287527303, ""time_baseline"": 0.6287213192564175, ""delta_vs_time"": 0.3474386094963128}","{""knn_score"": 0.7547462323484941, ""linear_score"": 0.9761599287527303, ""nonlinear_gain"": -0.22141369640423614}",,"{""participation_ratio"": 4.913773101272954, ""top10_variance_fraction"": 0.7761574645929293, ""adjacent_timestep_cosine_mean"": 0.9981558836495552}",,,,,,none_validated,"{""linear_score"": ""measured_discovery_only"", ""nonlinear_gain"": ""measured_discovery_only"", ""best_coordinate_frame"": ""pending_measurement"", ""geometry"": ""descriptive_activation_geometry"", ""cross_trajectory_stability"": ""pending_measurement"", ""regime_dependence"": ""pending_measurement"", ""causal_patch_effect"": ""pending_measurement"", ""specificity"": ""pending_measurement"", ""manifold_distance"": ""pending_measurement"", ""recommended_operator"": ""not_yet_justified""}","[{""path"": ""artifacts/geometry_map/reach_wall_v1/discovery-screen/discovery_screen.json"", ""item"": ""rows[307]""}, {""path"": ""artifacts/geometry_map/reach_wall_v1/cached-geometry-v2/nonlinear_screen.json"", ""item"": ""rows[97]""}, {""path"": ""artifacts/geometry_map/reach_wall_v1/spatial-screen/spatial_screen.json"", ""item"": ""maps.predictor.block2.action_dy""}]"
reach-wall/predictor/block-2/spatial-mean/action_dz,reach-wall,predictor,2,block_residual_output,mean_of_256_spatial_tokens,1,action_dz,"{""metric"": ""r2"", ""score"": 0.9390297022707278, ""time_baseline"": 0.02788791500905774, ""delta_vs_time"": 0.91114178726167}","{""knn_score"": 0.4274059676342029, ""linear_score"": 0.9390297022707278, ""nonlinear_gain"": -0.5116237346365249}",,"{""participation_ratio"": 4.913773101272954, ""top10_variance_fraction"": 0.7761574645929293, ""adjacent_timestep_cosine_mean"": 0.9981558836495552}",,,,,,none_validated,"{""linear_score"": ""measured_discovery_only"", ""nonlinear_gain"": ""measured_discovery_only"", ""best_coordinate_frame"": ""pending_measurement"", ""geometry"": ""descriptive_activation_geometry"", ""cross_trajectory_stability"": ""pending_measurement"", ""regime_dependence"": ""pending_measurement"", ""causal_patch_effect"": ""pending_measurement"", ""specificity"": ""pending_measurement"", ""manifold_distance"": ""pending_measurement"", ""recommended_operator"": ""not_yet_justified""}","[{""path"": ""artifacts/geometry_map/reach_wall_v1/discovery-screen/discovery_screen.json"", ""item"": ""rows[308]""}, {""path"": ""artifacts/geometry_map/reach_wall_v1/cached-geometry-v2/nonlinear_screen.json"", ""item"": ""rows[98]""}, {""path"": ""artifacts/geometry_map/reach_wall_v1/spatial-screen/spatial_screen.json"", ""item"": ""maps.predictor.block2.action_dz""}]"
reach-wall/predictor/block-2/spatial-mean/cumulative_progress,reach-wall,predictor,2,block_residual_output,mean_of_256_spatial_tokens,1,cumulative_progress,"{""metric"": ""r2"", ""score"": 0.9569170724623078, ""time_baseline"": 0.9222151817810877, ""delta_vs_time"": 0.03470189068122009}","{""knn_score"": 0.9271391635010754, ""linear_score"": 0.9569170724623078, ""nonlinear_gain"": -0.029777908961232447}",,"{""participation_ratio"": 4.913773101272954, ""top10_variance_fraction"": 0.7761574645929293, ""adjacent_timestep_cosine_mean"": 0.9981558836495552}",,,,,,none_validated,"{""linear_score"": ""measured_discovery_only"", ""nonlinear_gain"": ""measured_discovery_only"", ""best_coordinate_frame"": ""pending_measurement"", ""geometry"": ""descriptive_activation_geometry"", ""cross_trajectory_stability"": ""pending_measurement"", ""regime_dependence"": ""pending_measurement"", ""causal_patch_effect"": ""pending_measurement"", ""specificity"": ""pending_measurement"", ""manifold_distance"": ""pending_measurement"", ""recommended_operator"": ""not_yet_justified""}","[{""path"": ""artifacts/geometry_map/reach_wall_v1/discovery-screen/discovery_screen.json"", ""item"": ""rows[295]""}, {""path"": ""artifacts/geometry_map/reach_wall_v1/emergence-geometry/emergence_geometry.json"", ""item"": ""curves.predictor.progress.rows.layer=2""}, {""path"": ""artifacts/geometry_map/reach_wall_v1/cached-geometry-v2/nonlinear_screen.json"", ""item"": ""rows[85]""}, {""path"": ""artifacts/geometry_map/reach_wall_v1/spatial-screen/spatial_screen.json"", ""item"": ""maps.predictor.block2.progress""}]"
reach-wall/predictor/block-2/spatial-mean/expert_detour_gate,reach-wall,predictor,2,block_residual_output,mean_of_256_spatial_tokens,1,expert_detour_gate,"{""metric"": ""auroc"", ""score"": 0.998836130123279, ""time_baseline"": 0.978149765850144, ""delta_vs_time"": 0.02068636427313497}","{""knn_score"": 0.9967870061839578, ""linear_score"": 0.998836130123279, ""nonlinear_gain"": -0.002049123939321218}",,"{""participation_ratio"": 4.913773101272954, ""top10_variance_fraction"": 0.7761574645929293, ""adjacent_timestep_cosine_mean"": 0.9981558836495552}",,,,,,none_validated,"{""linear_score"": ""measured_discovery_only"", ""nonlinear_gain"": ""measured_discovery_only"", ""best_coordinate_frame"": ""pending_measurement"", ""geometry"": ""descriptive_activation_geometry"", ""cross_trajectory_stability"": ""pending_measurement"", ""regime_dependence"": ""pending_measurement"", ""causal_patch_effect"": ""pending_measurement"", ""specificity"": ""pending_measurement"", ""manifold_distance"": ""pending_measurement"", ""recommended_operator"": ""not_yet_justified""}","[{""path"": ""artifacts/geometry_map/reach_wall_v1/discovery-screen/discovery_screen.json"", ""item"": ""rows[305]""}, {""path"": ""artifacts/geometry_map/reach_wall_v1/cached-geometry-v2/nonlinear_screen.json"", ""item"": ""rows[95]""}, {""path"": ""artifacts/geometry_map/reach_wall_v1/spatial-screen/spatial_screen.json"", ""item"": ""maps.predictor.block2.expert_detour_gate""}]"
reach-wall/predictor/block-2/spatial-mean/goal_distance,reach-wall,predictor,2,block_residual_output,mean_of_256_spatial_tokens,1,goal_distance,"{""metric"": ""r2"", ""score"": 0.9412682202721147, ""time_baseline"": 0.908897827090231, ""delta_vs_time"": 0.03237039318188362}","{""knn_score"": 0.91279237193711, ""linear_score"": 0.9412682202721147, ""nonlinear_gain"": -0.028475848335004605}",,"{""participation_ratio"": 4.913773101272954, ""top10_variance_fraction"": 0.7761574645929293, ""adjacent_timestep_cosine_mean"": 0.9981558836495552}",,,,,,none_validated,"{""linear_score"": ""measured_discovery_only"", ""nonlinear_gain"": ""measured_discovery_only"", ""best_coordinate_frame"": ""pending_measurement"", ""geometry"": ""descriptive_activation_geometry"", ""cross_trajectory_stability"": ""pending_measurement"", ""regime_dependence"": ""pending_measurement"", ""causal_patch_effect"": ""pending_measurement"", ""specificity"": ""pending_measurement"", ""manifold_distance"": ""pending_measurement"", ""recommended_operator"": ""not_yet_justified""}","[{""path"": ""artifacts/geometry_map/reach_wall_v1/discovery-screen/discovery_screen.json"", ""item"": ""rows[294]""}, {""path"": ""artifacts/geometry_map/reach_wall_v1/cached-geometry-v2/nonlinear_screen.json"", ""item"": ""rows[84]""}, {""path"": ""artifacts/geometry_map/reach_wall_v1/spatial-screen/spatial_screen.json"", ""item"": ""maps.predictor.block2.goal_distance""}]"
reach-wall/predictor/block-2/spatial-mean/goal_vector_x,reach-wall,predictor,2,block_residual_output,mean_of_256_spatial_tokens,1,goal_vector_x,"{""metric"": ""r2"", ""score"": 0.17697151934425415, ""time_baseline"": 0.08054582471970773, ""delta_vs_time"": 0.09642569462454642}","{""knn_score"": 0.14098843660934202, ""linear_score"": 0.17697151934425415, ""nonlinear_gain"": -0.03598308273491213}",,"{""participation_ratio"": 4.913773101272954, ""top10_variance_fraction"": 0.7761574645929293, ""adjacent_timestep_cosine_mean"": 0.9981558836495552}",,,,,,none_validated,"{""linear_score"": ""measured_discovery_only"", ""nonlinear_gain"": ""measured_discovery_only"", ""best_coordinate_frame"": ""pending_measurement"", ""geometry"": ""descriptive_activation_geometry"", ""cross_trajectory_stability"": ""pending_measurement"", ""regime_dependence"": ""pending_measurement"", ""causal_patch_effect"": ""pending_measurement"", ""specificity"": ""pending_measurement"", ""manifold_distance"": ""pending_measurement"", ""recommended_operator"": ""not_yet_justified""}","[{""path"": ""artifacts/geometry_map/reach_wall_v1/discovery-screen/discovery_screen.json"", ""item"": ""rows[299]""}, {""path"": ""artifacts/geometry_map/reach_wall_v1/cached-geometry-v2/nonlinear_screen.json"", ""item"": ""rows[89]""}, {""path"": ""artifacts/geometry_map/reach_wall_v1/spatial-screen/spatial_screen.json"", ""item"": ""maps.predictor.block2.goal_vector_x""}]"
reach-wall/predictor/block-2/spatial-mean/goal_vector_y,reach-wall,predictor,2,block_residual_output,mean_of_256_spatial_tokens,1,goal_vector_y,"{""metric"": ""r2"", ""score"": 0.9728665459727929, ""time_baseline"": 0.9568517433439947, ""delta_vs_time"": 0.016014802628798175}","{""knn_score"": 0.9411619489509546, ""linear_score"": 0.9728665459727929, ""nonlinear_gain"": -0.031704597021838254}",,"{""participation_ratio"": 4.913773101272954, ""top10_variance_fraction"": 0.7761574645929293, ""adjacent_timestep_cosine_mean"": 0.9981558836495552}",,,,,,none_validated,"{""linear_score"": ""measured_discovery_only"", ""nonlinear_gain"": ""measured_discovery_only"", ""best_coordinate_frame"": ""pending_measurement"", ""geometry"": ""descriptive_activation_geometry"", ""cross_trajectory_stability"": ""pending_measurement"", ""regime_dependence"": ""pending_measurement"", ""causal_patch_effect"": ""pending_measurement"", ""specificity"": ""pending_measurement"", ""manifold_distance"": ""pending_measurement"", ""recommended_operator"": ""not_yet_justified""}","[{""path"": ""artifacts/geometry_map/reach_wall_v1/discovery-screen/discovery_screen.json"", ""item"": ""rows[300]""}, {""path"": ""artifacts/geometry_map/reach_wall_v1/cached-geometry-v2/nonlinear_screen.json"", ""item"": ""rows[90]""}, {""path"": ""artifacts/geometry_map/reach_wall_v1/spatial-screen/spatial_screen.json"", ""item"": ""maps.predictor.block2.goal_vector_y""}]"
reach-wall/predictor/block-2/spatial-mean/goal_vector_z,reach-wall,predictor,2,block_residual_output,mean_of_256_spatial_tokens,1,goal_vector_z,"{""metric"": ""r2"", ""score"": 0.5915195359130231, ""time_baseline"": 0.044334510544640326, ""delta_vs_time"": 0.5471850253683828}","{""knn_score"": 0.47642434832452296, ""linear_score"": 0.5915195359130231, ""nonlinear_gain"": -0.11509518758850013}",,"{""participation_ratio"": 4.913773101272954, ""top10_variance_fraction"": 0.7761574645929293, ""adjacent_timestep_cosine_mean"": 0.9981558836495552}",,,,,,none_validated,"{""linear_score"": ""measured_discovery_only"", ""nonlinear_gain"": ""measured_discovery_only"", ""best_coordinate_frame"": ""pending_measurement"", ""geometry"": ""descriptive_activation_geometry"", ""cross_trajectory_stability"": ""pending_measurement"", ""regime_dependence"": ""pending_measurement"", ""causal_patch_effect"": ""pending_measurement"", ""specificity"": ""pending_measurement"", ""manifold_distance"": ""pending_measurement"", ""recommended_operator"": ""not_yet_justified""}","[{""path"": ""artifacts/geometry_map/reach_wall_v1/discovery-screen/discovery_screen.json"", ""item"": ""rows[301]""}, {""path"": ""artifacts/geometry_map/reach_wall_v1/cached-geometry-v2/nonlinear_screen.json"", ""item"": ""rows[91]""}, {""path"": ""artifacts/geometry_map/reach_wall_v1/spatial-screen/spatial_screen.json"", ""item"": ""maps.predictor.block2.goal_vector_z""}]"
reach-wall/predictor/block-2/spatial-mean/goal_xz_direction,reach-wall,predictor,2,block_residual_output,mean_of_256_spatial_tokens,1,goal_xz_direction,"{""metric"": ""r2"", ""score"": 0.38598631909649656, ""time_baseline"": null, ""delta_vs_time"": null}",,,,,,,,,none_validated,"{""linear_score"": ""measured_discovery_only"", ""nonlinear_gain"": ""pending_measurement"", ""best_coordinate_frame"": ""pending_measurement"", ""geometry"": ""pending_measurement"", ""cross_trajectory_stability"": ""pending_measurement"", ""regime_dependence"": ""pending_measurement"", ""causal_patch_effect"": ""pending_measurement"", ""specificity"": ""pending_measurement"", ""manifold_distance"": ""pending_measurement"", ""recommended_operator"": ""not_yet_justified""}","[{""path"": ""artifacts/geometry_map/reach_wall_v1/emergence-geometry/emergence_geometry.json"", ""item"": ""curves.predictor.goal_xz_direction.rows.layer=2""}]"
reach-wall/predictor/block-2/spatial-mean/hand_to_goal_segment_intersects_wall,reach-wall,predictor,2,block_residual_output,mean_of_256_spatial_tokens,1,hand_to_goal_segment_intersects_wall,"{""metric"": ""auroc"", ""score"": 0.9905809927731449, ""time_baseline"": 0.9019247457737662, ""delta_vs_time"": 0.08865624699937869}","{""knn_score"": 0.9792578931063157, ""linear_score"": 0.9905809927731449, ""nonlinear_gain"": -0.011323099666829206}",,"{""participation_ratio"": 4.913773101272954, ""top10_variance_fraction"": 0.7761574645929293, ""adjacent_timestep_cosine_mean"": 0.9981558836495552}",,,,,,none_validated,"{""linear_score"": ""measured_discovery_only"", ""nonlinear_gain"": ""measured_discovery_only"", ""best_coordinate_frame"": ""pending_measurement"", ""geometry"": ""descriptive_activation_geometry"", ""cross_trajectory_stability"": ""pending_measurement"", ""regime_dependence"": ""pending_measurement"", ""causal_patch_effect"": ""pending_measurement"", ""specificity"": ""pending_measurement"", ""manifold_distance"": ""pending_measurement"", ""recommended_operator"": ""not_yet_justified""}","[{""path"": ""artifacts/geometry_map/reach_wall_v1/discovery-screen/discovery_screen.json"", ""item"": ""rows[304]""}, {""path"": ""artifacts/geometry_map/reach_wall_v1/cached-geometry-v2/nonlinear_screen.json"", ""item"": ""rows[94]""}, {""path"": ""artifacts/geometry_map/reach_wall_v1/spatial-screen/spatial_screen.json"", ""item"": ""maps.predictor.block2.straight_path_intersects_wall""}]"
reach-wall/predictor/block-2/spatial-mean/hand_x,reach-wall,predictor,2,block_residual_output,mean_of_256_spatial_tokens,1,hand_x,"{""metric"": ""r2"", ""score"": 0.9778387385459948, ""time_baseline"": 0.058067306134002794, ""delta_vs_time"": 0.919771432411992}","{""knn_score"": 0.577038400071189, ""linear_score"": 0.9778387385459948, ""nonlinear_gain"": -0.4008003384748058}",,"{""participation_ratio"": 4.913773101272954, ""top10_variance_fraction"": 0.7761574645929293, ""adjacent_timestep_cosine_mean"": 0.9981558836495552}",,,,,,none_validated,"{""linear_score"": ""measured_discovery_only"", ""nonlinear_gain"": ""measured_discovery_only"", ""best_coordinate_frame"": ""pending_measurement"", ""geometry"": ""descriptive_activation_geometry"", ""cross_trajectory_stability"": ""pending_measurement"", ""regime_dependence"": ""pending_measurement"", ""causal_patch_effect"": ""pending_measurement"", ""specificity"": ""pending_measurement"", ""manifold_distance"": ""pending_measurement"", ""recommended_operator"": ""not_yet_justified""}","[{""path"": ""artifacts/geometry_map/reach_wall_v1/discovery-screen/discovery_screen.json"", ""item"": ""rows[296]""}, {""path"": ""artifacts/geometry_map/reach_wall_v1/cached-geometry-v2/nonlinear_screen.json"", ""item"": ""rows[86]""}, {""path"": ""artifacts/geometry_map/reach_wall_v1/spatial-screen/spatial_screen.json"", ""item"": ""maps.predictor.block2.hand_x""}]"
reach-wall/predictor/block-2/spatial-mean/hand_y,reach-wall,predictor,2,block_residual_output,mean_of_256_spatial_tokens,1,hand_y,"{""metric"": ""r2"", ""score"": 0.9987670379993001, ""time_baseline"": 0.9772521653309317, ""delta_vs_time"": 0.02151487266836838}","{""knn_score"": 0.9659274554557982, ""linear_score"": 0.9987670379993001, ""nonlinear_gain"": -0.032839582543501944}",,"{""participation_ratio"": 4.913773101272954, ""top10_variance_fraction"": 0.7761574645929293, ""adjacent_timestep_cosine_mean"": 0.9981558836495552}",,,,,,none_validated,"{""linear_score"": ""measured_discovery_only"", ""nonlinear_gain"": ""measured_discovery_only"", ""best_coordinate_frame"": ""pending_measurement"", ""geometry"": ""descriptive_activation_geometry"", ""cross_trajectory_stability"": ""pending_measurement"", ""regime_dependence"": ""pending_measurement"", ""causal_patch_effect"": ""pending_measurement"", ""specificity"": ""pending_measurement"", ""manifold_distance"": ""pending_measurement"", ""recommended_operator"": ""not_yet_justified""}","[{""path"": ""artifacts/geometry_map/reach_wall_v1/discovery-screen/discovery_screen.json"", ""item"": ""rows[297]""}, {""path"": ""artifacts/geometry_map/reach_wall_v1/cached-geometry-v2/nonlinear_screen.json"", ""item"": ""rows[87]""}, {""path"": ""artifacts/geometry_map/reach_wall_v1/spatial-screen/spatial_screen.json"", ""item"": ""maps.predictor.block2.hand_y""}]"
reach-wall/predictor/block-2/spatial-mean/hand_z,reach-wall,predictor,2,block_residual_output,mean_of_256_spatial_tokens,1,hand_z,"{""metric"": ""r2"", ""score"": 0.9947679026953863, ""time_baseline"": 0.00804356141242546, ""delta_vs_time"": 0.9867243412829608}","{""knn_score"": 0.8386933947775115, ""linear_score"": 0.9947679026953863, ""nonlinear_gain"": -0.1560745079178748}",,"{""participation_ratio"": 4.913773101272954, ""top10_variance_fraction"": 0.7761574645929293, ""adjacent_timestep_cosine_mean"": 0.9981558836495552}",,,,,,none_validated,"{""linear_score"": ""measured_discovery_only"", ""nonlinear_gain"": ""measured_discovery_only"", ""best_coordinate_frame"": ""pending_measurement"", ""geometry"": ""descriptive_activation_geometry"", ""cross_trajectory_stability"": ""pending_measurement"", ""regime_dependence"": ""pending_measurement"", ""causal_patch_effect"": ""pending_measurement"", ""specificity"": ""pending_measurement"", ""manifold_distance"": ""pending_measurement"", ""recommended_operator"": ""not_yet_justified""}","[{""path"": ""artifacts/geometry_map/reach_wall_v1/discovery-screen/discovery_screen.json"", ""item"": ""rows[298]""}, {""path"": ""artifacts/geometry_map/reach_wall_v1/cached-geometry-v2/nonlinear_screen.json"", ""item"": ""rows[88]""}, {""path"": ""artifacts/geometry_map/reach_wall_v1/spatial-screen/spatial_screen.json"", ""item"": ""maps.predictor.block2.hand_z""}]"
reach-wall/predictor/block-2/spatial-mean/height_above_wall_top,reach-wall,predictor,2,block_residual_output,mean_of_256_spatial_tokens,1,height_above_wall_top,"{""metric"": ""r2"", ""score"": 0.9947679024800316, ""time_baseline"": 0.008043558955029284, ""delta_vs_time"": 0.9867243435250023}","{""knn_score"": 0.8386933908117801, ""linear_score"": 0.9947679024800316, ""nonlinear_gain"": -0.15607451166825148}",,"{""participation_ratio"": 4.913773101272954, ""top10_variance_fraction"": 0.7761574645929293, ""adjacent_timestep_cosine_mean"": 0.9981558836495552}",,,,,,none_validated,"{""linear_score"": ""measured_discovery_only"", ""nonlinear_gain"": ""measured_discovery_only"", ""best_coordinate_frame"": ""pending_measurement"", ""geometry"": ""descriptive_activation_geometry"", ""cross_trajectory_stability"": ""pending_measurement"", ""regime_dependence"": ""pending_measurement"", ""causal_patch_effect"": ""pending_measurement"", ""specificity"": ""pending_measurement"", ""manifold_distance"": ""pending_measurement"", ""recommended_operator"": ""not_yet_justified""}","[{""path"": ""artifacts/geometry_map/reach_wall_v1/discovery-screen/discovery_screen.json"", ""item"": ""rows[303]""}, {""path"": ""artifacts/geometry_map/reach_wall_v1/cached-geometry-v2/nonlinear_screen.json"", ""item"": ""rows[93]""}, {""path"": ""artifacts/geometry_map/reach_wall_v1/spatial-screen/spatial_screen.json"", ""item"": ""maps.predictor.block2.height_above_wall_top""}]"
reach-wall/predictor/block-2/spatial-mean/realized_dx,reach-wall,predictor,2,block_residual_output,mean_of_256_spatial_tokens,1,realized_dx,"{""metric"": ""r2"", ""score"": 0.6002099218621946, ""time_baseline"": 0.005340828654275098, ""delta_vs_time"": 0.5948690932079195}","{""knn_score"": 0.23835723554718735, ""linear_score"": 0.6002099218621946, ""nonlinear_gain"": -0.3618526863150072}",,"{""participation_ratio"": 4.913773101272954, ""top10_variance_fraction"": 0.7761574645929293, ""adjacent_timestep_cosine_mean"": 0.9981558836495552}",,,,,,none_validated,"{""linear_score"": ""measured_discovery_only"", ""nonlinear_gain"": ""measured_discovery_only"", ""best_coordinate_frame"": ""pending_measurement"", ""geometry"": ""descriptive_activation_geometry"", ""cross_trajectory_stability"": ""pending_measurement"", ""regime_dependence"": ""pending_measurement"", ""causal_patch_effect"": ""pending_measurement"", ""specificity"": ""pending_measurement"", ""manifold_distance"": ""pending_measurement"", ""recommended_operator"": ""not_yet_justified""}","[{""path"": ""artifacts/geometry_map/reach_wall_v1/discovery-screen/discovery_screen.json"", ""item"": ""rows[310]""}, {""path"": ""artifacts/geometry_map/reach_wall_v1/cached-geometry-v2/nonlinear_screen.json"", ""item"": ""rows[100]""}, {""path"": ""artifacts/geometry_map/reach_wall_v1/spatial-screen/spatial_screen.json"", ""item"": ""maps.predictor.block2.realized_dx""}]"
reach-wall/predictor/block-2/spatial-mean/realized_dy,reach-wall,predictor,2,block_residual_output,mean_of_256_spatial_tokens,1,realized_dy,"{""metric"": ""r2"", ""score"": 0.9299329035808183, ""time_baseline"": 0.7938417819030151, ""delta_vs_time"": 0.13609112167780313}","{""knn_score"": 0.8619531753939179, ""linear_score"": 0.9299329035808183, ""nonlinear_gain"": -0.06797972818690035}",,"{""participation_ratio"": 4.913773101272954, ""top10_variance_fraction"": 0.7761574645929293, ""adjacent_timestep_cosine_mean"": 0.9981558836495552}",,,,,,none_validated,"{""linear_score"": ""measured_discovery_only"", ""nonlinear_gain"": ""measured_discovery_only"", ""best_coordinate_frame"": ""pending_measurement"", ""geometry"": ""descriptive_activation_geometry"", ""cross_trajectory_stability"": ""pending_measurement"", ""regime_dependence"": ""pending_measurement"", ""causal_patch_effect"": ""pending_measurement"", ""specificity"": ""pending_measurement"", ""manifold_distance"": ""pending_measurement"", ""recommended_operator"": ""not_yet_justified""}","[{""path"": ""artifacts/geometry_map/reach_wall_v1/discovery-screen/discovery_screen.json"", ""item"": ""rows[311]""}, {""path"": ""artifacts/geometry_map/reach_wall_v1/cached-geometry-v2/nonlinear_screen.json"", ""item"": ""rows[101]""}, {""path"": ""artifacts/geometry_map/reach_wall_v1/spatial-screen/spatial_screen.json"", ""item"": ""maps.predictor.block2.realized_dy""}]"
reach-wall/predictor/block-2/spatial-mean/realized_dz,reach-wall,predictor,2,block_residual_output,mean_of_256_spatial_tokens,1,realized_dz,"{""metric"": ""r2"", ""score"": 0.6761116572514421, ""time_baseline"": 0.07117442644816807, ""delta_vs_time"": 0.604937230803274}","{""knn_score"": 0.3779722849737851, ""linear_score"": 0.6761116572514421, ""nonlinear_gain"": -0.29813937227765697}",,"{""participation_ratio"": 4.913773101272954, ""top10_variance_fraction"": 0.7761574645929293, ""adjacent_timestep_cosine_mean"": 0.9981558836495552}",,,,,,none_validated,"{""linear_score"": ""measured_discovery_only"", ""nonlinear_gain"": ""measured_discovery_only"", ""best_coordinate_frame"": ""pending_measurement"", ""geometry"": ""descriptive_activation_geometry"", ""cross_trajectory_stability"": ""pending_measurement"", ""regime_dependence"": ""pending_measurement"", ""causal_patch_effect"": ""pending_measurement"", ""specificity"": ""pending_measurement"", ""manifold_distance"": ""pending_measurement"", ""recommended_operator"": ""not_yet_justified""}","[{""path"": ""artifacts/geometry_map/reach_wall_v1/discovery-screen/discovery_screen.json"", ""item"": ""rows[312]""}, {""path"": ""artifacts/geometry_map/reach_wall_v1/cached-geometry-v2/nonlinear_screen.json"", ""item"": ""rows[102]""}, {""path"": ""artifacts/geometry_map/reach_wall_v1/spatial-screen/spatial_screen.json"", ""item"": ""maps.predictor.block2.realized_dz""}]"
reach-wall/predictor/block-2/spatial-mean/realized_hand_delta_magnitude,reach-wall,predictor,2,block_residual_output,mean_of_256_spatial_tokens,1,realized_hand_delta_magnitude,"{""metric"": ""r2"", ""score"": 0.7873664200425173, ""time_baseline"": 0.6130267917023396, ""delta_vs_time"": 0.1743396283401777}","{""knn_score"": 0.7342087267677462, ""linear_score"": 0.7873664200425173, ""nonlinear_gain"": -0.053157693274771156}",,"{""participation_ratio"": 4.913773101272954, ""top10_variance_fraction"": 0.7761574645929293, ""adjacent_timestep_cosine_mean"": 0.9981558836495552}",,,,,,none_validated,"{""linear_score"": ""measured_discovery_only"", ""nonlinear_gain"": ""measured_discovery_only"", ""best_coordinate_frame"": ""pending_measurement"", ""geometry"": ""descriptive_activation_geometry"", ""cross_trajectory_stability"": ""pending_measurement"", ""regime_dependence"": ""pending_measurement"", ""causal_patch_effect"": ""pending_measurement"", ""specificity"": ""pending_measurement"", ""manifold_distance"": ""pending_measurement"", ""recommended_operator"": ""not_yet_justified""}","[{""path"": ""artifacts/geometry_map/reach_wall_v1/discovery-screen/discovery_screen.json"", ""item"": ""rows[313]""}, {""path"": ""artifacts/geometry_map/reach_wall_v1/emergence-geometry/emergence_geometry.json"", ""item"": ""curves.predictor.motion_magnitude.rows.layer=2""}, {""path"": ""artifacts/geometry_map/reach_wall_v1/cached-geometry-v2/nonlinear_screen.json"", ""item"": ""rows[103]""}, {""path"": ""artifacts/geometry_map/reach_wall_v1/spatial-screen/spatial_screen.json"", ""item"": ""maps.predictor.block2.realized_hand_delta_magnitude""}]"
reach-wall/predictor/block-2/spatial-mean/realized_xz_direction,reach-wall,predictor,2,block_residual_output,mean_of_256_spatial_tokens,1,realized_xz_direction,"{""metric"": ""r2"", ""score"": 0.5618280871607959, ""time_baseline"": null, ""delta_vs_time"": null}",,,,,,,,,none_validated,"{""linear_score"": ""measured_discovery_only"", ""nonlinear_gain"": ""pending_measurement"", ""best_coordinate_frame"": ""pending_measurement"", ""geometry"": ""pending_measurement"", ""cross_trajectory_stability"": ""pending_measurement"", ""regime_dependence"": ""pending_measurement"", ""causal_patch_effect"": ""pending_measurement"", ""specificity"": ""pending_measurement"", ""manifold_distance"": ""pending_measurement"", ""recommended_operator"": ""not_yet_justified""}","[{""path"": ""artifacts/geometry_map/reach_wall_v1/emergence-geometry/emergence_geometry.json"", ""item"": ""curves.predictor.realized_xz_direction.rows.layer=2""}]"
reach-wall/predictor/block-2/spatial-mean/reward_sum,reach-wall,predictor,2,block_residual_output,mean_of_256_spatial_tokens,1,reward_sum,"{""metric"": ""r2"", ""score"": 0.9607976517410176, ""time_baseline"": 0.9142972039613033, ""delta_vs_time"": 0.04650044777971429}","{""knn_score"": 0.9394750407512548, ""linear_score"": 0.9607976517410176, ""nonlinear_gain"": -0.021322610989762847}",,"{""participation_ratio"": 4.913773101272954, ""top10_variance_fraction"": 0.7761574645929293, ""adjacent_timestep_cosine_mean"": 0.9981558836495552}",,,,,,none_validated,"{""linear_score"": ""measured_discovery_only"", ""nonlinear_gain"": ""measured_discovery_only"", ""best_coordinate_frame"": ""pending_measurement"", ""geometry"": ""descriptive_activation_geometry"", ""cross_trajectory_stability"": ""pending_measurement"", ""regime_dependence"": ""pending_measurement"", ""causal_patch_effect"": ""pending_measurement"", ""specificity"": ""pending_measurement"", ""manifold_distance"": ""pending_measurement"", ""recommended_operator"": ""not_yet_justified""}","[{""path"": ""artifacts/geometry_map/reach_wall_v1/discovery-screen/discovery_screen.json"", ""item"": ""rows[314]""}, {""path"": ""artifacts/geometry_map/reach_wall_v1/cached-geometry-v2/nonlinear_screen.json"", ""item"": ""rows[104]""}, {""path"": ""artifacts/geometry_map/reach_wall_v1/spatial-screen/spatial_screen.json"", ""item"": ""maps.predictor.block2.reward_sum""}]"
reach-wall/predictor/block-2/spatial-mean/wall_signed_distance,reach-wall,predictor,2,block_residual_output,mean_of_256_spatial_tokens,1,wall_signed_distance,"{""metric"": ""r2"", ""score"": 0.986208287232929, ""time_baseline"": 0.14228076564542247, ""delta_vs_time"": 0.8439275215875065}","{""knn_score"": 0.8518234181090565, ""linear_score"": 0.986208287232929, ""nonlinear_gain"": -0.13438486912387249}",,"{""participation_ratio"": 4.913773101272954, ""top10_variance_fraction"": 0.7761574645929293, ""adjacent_timestep_cosine_mean"": 0.9981558836495552}",,,,,,none_validated,"{""linear_score"": ""measured_discovery_only"", ""nonlinear_gain"": ""measured_discovery_only"", ""best_coordinate_frame"": ""pending_measurement"", ""geometry"": ""descriptive_activation_geometry"", ""cross_trajectory_stability"": ""pending_measurement"", ""regime_dependence"": ""pending_measurement"", ""causal_patch_effect"": ""pending_measurement"", ""specificity"": ""pending_measurement"", ""manifold_distance"": ""pending_measurement"", ""recommended_operator"": ""not_yet_justified""}","[{""path"": ""artifacts/geometry_map/reach_wall_v1/discovery-screen/discovery_screen.json"", ""item"": ""rows[302]""}, {""path"": ""artifacts/geometry_map/reach_wall_v1/emergence-geometry/emergence_geometry.json"", ""item"": ""curves.predictor.wall_signed_distance.rows.layer=2""}, {""path"": ""artifacts/geometry_map/reach_wall_v1/cached-geometry-v2/nonlinear_screen.json"", ""item"": ""rows[92]""}, {""path"": ""artifacts/geometry_map/reach_wall_v1/spatial-screen/spatial_screen.json"", ""item"": ""maps.predictor.block2.wall_signed_distance""}]"
reach-wall/predictor/block-3/spatial-mean/action_chunk_frobenius_magnitude,reach-wall,predictor,3,block_residual_output,mean_of_256_spatial_tokens,1,action_chunk_frobenius_magnitude,"{""metric"": ""r2"", ""score"": 0.5747911897678288, ""time_baseline"": 0.4725658231754639, ""delta_vs_time"": 0.10222536659236492}","{""knn_score"": 0.5172284075588747, ""linear_score"": 0.5747911897678288, ""nonlinear_gain"": -0.057562782208954166}",,"{""participation_ratio"": 7.616467364439593, ""top10_variance_fraction"": 0.7409904355758659, ""adjacent_timestep_cosine_mean"": 0.9987054486573831}",,,,,,none_validated,"{""linear_score"": ""measured_discovery_only"", ""nonlinear_gain"": ""measured_discovery_only"", ""best_coordinate_frame"": ""pending_measurement"", ""geometry"": ""descriptive_activation_geometry"", ""cross_trajectory_stability"": ""pending_measurement"", ""regime_dependence"": ""pending_measurement"", ""causal_patch_effect"": ""pending_measurement"", ""specificity"": ""pending_measurement"", ""manifold_distance"": ""pending_measurement"", ""recommended_operator"": ""not_yet_justified""}","[{""path"": ""artifacts/geometry_map/reach_wall_v1/discovery-screen/discovery_screen.json"", ""item"": ""rows[330]""}, {""path"": ""artifacts/geometry_map/reach_wall_v1/cached-geometry-v2/nonlinear_screen.json"", ""item"": ""rows[120]""}, {""path"": ""artifacts/geometry_map/reach_wall_v1/spatial-screen/spatial_screen.json"", ""item"": ""maps.predictor.block3.action_translation_magnitude""}]"
reach-wall/predictor/block-3/spatial-mean/action_dx,reach-wall,predictor,3,block_residual_output,mean_of_256_spatial_tokens,1,action_dx,"{""metric"": ""r2"", ""score"": 0.9310155904815933, ""time_baseline"": 0.0033910809446688894, ""delta_vs_time"": 0.9276245095369244}","{""knn_score"": 0.3152042494359978, ""linear_score"": 0.9310155904815933, ""nonlinear_gain"": -0.6158113410455955}",,"{""participation_ratio"": 7.616467364439593, ""top10_variance_fraction"": 0.7409904355758659, ""adjacent_timestep_cosine_mean"": 0.9987054486573831}",,,,,,none_validated,"{""linear_score"": ""measured_discovery_only"", ""nonlinear_gain"": ""measured_discovery_only"", ""best_coordinate_frame"": ""pending_measurement"", ""geometry"": ""descriptive_activation_geometry"", ""cross_trajectory_stability"": ""pending_measurement"", ""regime_dependence"": ""pending_measurement"", ""causal_patch_effect"": ""pending_measurement"", ""specificity"": ""pending_measurement"", ""manifold_distance"": ""pending_measurement"", ""recommended_operator"": ""not_yet_justified""}","[{""path"": ""artifacts/geometry_map/reach_wall_v1/discovery-screen/discovery_screen.json"", ""item"": ""rows[327]""}, {""path"": ""artifacts/geometry_map/reach_wall_v1/cached-geometry-v2/nonlinear_screen.json"", ""item"": ""rows[117]""}, {""path"": ""artifacts/geometry_map/reach_wall_v1/spatial-screen/spatial_screen.json"", ""item"": ""maps.predictor.block3.action_dx""}]"
reach-wall/predictor/block-3/spatial-mean/action_dy,reach-wall,predictor,3,block_residual_output,mean_of_256_spatial_tokens,1,action_dy,"{""metric"": ""r2"", ""score"": 0.9714825979608611, ""time_baseline"": 0.6287213192564175, ""delta_vs_time"": 0.3427612787044436}","{""knn_score"": 0.7531642209421767, ""linear_score"": 0.9714825979608611, ""nonlinear_gain"": -0.2183183770186844}",,"{""participation_ratio"": 7.616467364439593, ""top10_variance_fraction"": 0.7409904355758659, ""adjacent_timestep_cosine_mean"": 0.9987054486573831}",,,,,,none_validated,"{""linear_score"": ""measured_discovery_only"", ""nonlinear_gain"": ""measured_discovery_only"", ""best_coordinate_frame"": ""pending_measurement"", ""geometry"": ""descriptive_activation_geometry"", ""cross_trajectory_stability"": ""pending_measurement"", ""regime_dependence"": ""pending_measurement"", ""causal_patch_effect"": ""pending_measurement"", ""specificity"": ""pending_measurement"", ""manifold_distance"": ""pending_measurement"", ""recommended_operator"": ""not_yet_justified""}","[{""path"": ""artifacts/geometry_map/reach_wall_v1/discovery-screen/discovery_screen.json"", ""item"": ""rows[328]""}, {""path"": ""artifacts/geometry_map/reach_wall_v1/cached-geometry-v2/nonlinear_screen.json"", ""item"": ""rows[118]""}, {""path"": ""artifacts/geometry_map/reach_wall_v1/spatial-screen/spatial_screen.json"", ""item"": ""maps.predictor.block3.action_dy""}]"
reach-wall/predictor/block-3/spatial-mean/action_dz,reach-wall,predictor,3,block_residual_output,mean_of_256_spatial_tokens,1,action_dz,"{""metric"": ""r2"", ""score"": 0.920958829896043, ""time_baseline"": 0.02788791500905774, ""delta_vs_time"": 0.8930709148869853}","{""knn_score"": 0.3780503946943746, ""linear_score"": 0.920958829896043, ""nonlinear_gain"": -0.5429084352016684}",,"{""participation_ratio"": 7.616467364439593, ""top10_variance_fraction"": 0.7409904355758659, ""adjacent_timestep_cosine_mean"": 0.9987054486573831}",,,,,,none_validated,"{""linear_score"": ""measured_discovery_only"", ""nonlinear_gain"": ""measured_discovery_only"", ""best_coordinate_frame"": ""pending_measurement"", ""geometry"": ""descriptive_activation_geometry"", ""cross_trajectory_stability"": ""pending_measurement"", ""regime_dependence"": ""pending_measurement"", ""causal_patch_effect"": ""pending_measurement"", ""specificity"": ""pending_measurement"", ""manifold_distance"": ""pending_measurement"", ""recommended_operator"": ""not_yet_justified""}","[{""path"": ""artifacts/geometry_map/reach_wall_v1/discovery-screen/discovery_screen.json"", ""item"": ""rows[329]""}, {""path"": ""artifacts/geometry_map/reach_wall_v1/cached-geometry-v2/nonlinear_screen.json"", ""item"": ""rows[119]""}, {""path"": ""artifacts/geometry_map/reach_wall_v1/spatial-screen/spatial_screen.json"", ""item"": ""maps.predictor.block3.action_dz""}]"
reach-wall/predictor/block-3/spatial-mean/cumulative_progress,reach-wall,predictor,3,block_residual_output,mean_of_256_spatial_tokens,1,cumulative_progress,"{""metric"": ""r2"", ""score"": 0.9588909889236525, ""time_baseline"": 0.9222151817810877, ""delta_vs_time"": 0.0366758071425648}","{""knn_score"": 0.9379436662399337, ""linear_score"": 0.9588909889236525, ""nonlinear_gain"": -0.020947322683718794}",,"{""participation_ratio"": 7.616467364439593, ""top10_variance_fraction"": 0.7409904355758659, ""adjacent_timestep_cosine_mean"": 0.9987054486573831}",,,,,,none_validated,"{""linear_score"": ""measured_discovery_only"", ""nonlinear_gain"": ""measured_discovery_only"", ""best_coordinate_frame"": ""pending_measurement"", ""geometry"": ""descriptive_activation_geometry"", ""cross_trajectory_stability"": ""pending_measurement"", ""regime_dependence"": ""pending_measurement"", ""causal_patch_effect"": ""pending_measurement"", ""specificity"": ""pending_measurement"", ""manifold_distance"": ""pending_measurement"", ""recommended_operator"": ""not_yet_justified""}","[{""path"": ""artifacts/geometry_map/reach_wall_v1/discovery-screen/discovery_screen.json"", ""item"": ""rows[316]""}, {""path"": ""artifacts/geometry_map/reach_wall_v1/emergence-geometry/emergence_geometry.json"", ""item"": ""curves.predictor.progress.rows.layer=3""}, {""path"": ""artifacts/geometry_map/reach_wall_v1/cached-geometry-v2/nonlinear_screen.json"", ""item"": ""rows[106]""}, {""path"": ""artifacts/geometry_map/reach_wall_v1/spatial-screen/spatial_screen.json"", ""item"": ""maps.predictor.block3.progress""}]"
reach-wall/predictor/block-3/spatial-mean/expert_detour_gate,reach-wall,predictor,3,block_residual_output,mean_of_256_spatial_tokens,1,expert_detour_gate,"{""metric"": ""auroc"", ""score"": 0.9990869156260007, ""time_baseline"": 0.978149765850144, ""delta_vs_time"": 0.0209371497758567}","{""knn_score"": 0.9967895077849824, ""linear_score"": 0.9990869156260007, ""nonlinear_gain"": -0.002297407841018284}",,"{""participation_ratio"": 7.616467364439593, ""top10_variance_fraction"": 0.7409904355758659, ""adjacent_timestep_cosine_mean"": 0.9987054486573831}",,,,,,none_validated,"{""linear_score"": ""measured_discovery_only"", ""nonlinear_gain"": ""measured_discovery_only"", ""best_coordinate_frame"": ""pending_measurement"", ""geometry"": ""descriptive_activation_geometry"", ""cross_trajectory_stability"": ""pending_measurement"", ""regime_dependence"": ""pending_measurement"", ""causal_patch_effect"": ""pending_measurement"", ""specificity"": ""pending_measurement"", ""manifold_distance"": ""pending_measurement"", ""recommended_operator"": ""not_yet_justified""}","[{""path"": ""artifacts/geometry_map/reach_wall_v1/discovery-screen/discovery_screen.json"", ""item"": ""rows[326]""}, {""path"": ""artifacts/geometry_map/reach_wall_v1/cached-geometry-v2/nonlinear_screen.json"", ""item"": ""rows[116]""}, {""path"": ""artifacts/geometry_map/reach_wall_v1/spatial-screen/spatial_screen.json"", ""item"": ""maps.predictor.block3.expert_detour_gate""}]"
reach-wall/predictor/block-3/spatial-mean/goal_distance,reach-wall,predictor,3,block_residual_output,mean_of_256_spatial_tokens,1,goal_distance,"{""metric"": ""r2"", ""score"": 0.9413514996934743, ""time_baseline"": 0.908897827090231, ""delta_vs_time"": 0.03245367260324328}","{""knn_score"": 0.9210781752995427, ""linear_score"": 0.9413514996934743, ""nonlinear_gain"": -0.02027332439393159}",,"{""participation_ratio"": 7.616467364439593, ""top10_variance_fraction"": 0.7409904355758659, ""adjacent_timestep_cosine_mean"": 0.9987054486573831}",,,,,,none_validated,"{""linear_score"": ""measured_discovery_only"", ""nonlinear_gain"": ""measured_discovery_only"", ""best_coordinate_frame"": ""pending_measurement"", ""geometry"": ""descriptive_activation_geometry"", ""cross_trajectory_stability"": ""pending_measurement"", ""regime_dependence"": ""pending_measurement"", ""causal_patch_effect"": ""pending_measurement"", ""specificity"": ""pending_measurement"", ""manifold_distance"": ""pending_measurement"", ""recommended_operator"": ""not_yet_justified""}","[{""path"": ""artifacts/geometry_map/reach_wall_v1/discovery-screen/discovery_screen.json"", ""item"": ""rows[315]""}, {""path"": ""artifacts/geometry_map/reach_wall_v1/cached-geometry-v2/nonlinear_screen.json"", ""item"": ""rows[105]""}, {""path"": ""artifacts/geometry_map/reach_wall_v1/spatial-screen/spatial_screen.json"", ""item"": ""maps.predictor.block3.goal_distance""}]"
reach-wall/predictor/block-3/spatial-mean/goal_vector_x,reach-wall,predictor,3,block_residual_output,mean_of_256_spatial_tokens,1,goal_vector_x,"{""metric"": ""r2"", ""score"": 0.23759159367156513, ""time_baseline"": 0.08054582471970773, ""delta_vs_time"": 0.1570457689518574}","{""knn_score"": 0.14008050720189946, ""linear_score"": 0.23759159367156513, ""nonlinear_gain"": -0.09751108646966566}",,"{""participation_ratio"": 7.616467364439593, ""top10_variance_fraction"": 0.7409904355758659, ""adjacent_timestep_cosine_mean"": 0.9987054486573831}",,,,,,none_validated,"{""linear_score"": ""measured_discovery_only"", ""nonlinear_gain"": ""measured_discovery_only"", ""best_coordinate_frame"": ""pending_measurement"", ""geometry"": ""descriptive_activation_geometry"", ""cross_trajectory_stability"": ""pending_measurement"", ""regime_dependence"": ""pending_measurement"", ""causal_patch_effect"": ""pending_measurement"", ""specificity"": ""pending_measurement"", ""manifold_distance"": ""pending_measurement"", ""recommended_operator"": ""not_yet_justified""}","[{""path"": ""artifacts/geometry_map/reach_wall_v1/discovery-screen/discovery_screen.json"", ""item"": ""rows[320]""}, {""path"": ""artifacts/geometry_map/reach_wall_v1/cached-geometry-v2/nonlinear_screen.json"", ""item"": ""rows[110]""}, {""path"": ""artifacts/geometry_map/reach_wall_v1/spatial-screen/spatial_screen.json"", ""item"": ""maps.predictor.block3.goal_vector_x""}]"
reach-wall/predictor/block-3/spatial-mean/goal_vector_y,reach-wall,predictor,3,block_residual_output,mean_of_256_spatial_tokens,1,goal_vector_y,"{""metric"": ""r2"", ""score"": 0.9723133223938726, ""time_baseline"": 0.9568517433439947, ""delta_vs_time"": 0.015461579049877883}","{""knn_score"": 0.9561452566845737, ""linear_score"": 0.9723133223938726, ""nonlinear_gain"": -0.01616806570929885}",,"{""participation_ratio"": 7.616467364439593, ""top10_variance_fraction"": 0.7409904355758659, ""adjacent_timestep_cosine_mean"": 0.9987054486573831}",,,,,,none_validated,"{""linear_score"": ""measured_discovery_only"", ""nonlinear_gain"": ""measured_discovery_only"", ""best_coordinate_frame"": ""pending_measurement"", ""geometry"": ""descriptive_activation_geometry"", ""cross_trajectory_stability"": ""pending_measurement"", ""regime_dependence"": ""pending_measurement"", ""causal_patch_effect"": ""pending_measurement"", ""specificity"": ""pending_measurement"", ""manifold_distance"": ""pending_measurement"", ""recommended_operator"": ""not_yet_justified""}","[{""path"": ""artifacts/geometry_map/reach_wall_v1/discovery-screen/discovery_screen.json"", ""item"": ""rows[321]""}, {""path"": ""artifacts/geometry_map/reach_wall_v1/cached-geometry-v2/nonlinear_screen.json"", ""item"": ""rows[111]""}, {""path"": ""artifacts/geometry_map/reach_wall_v1/spatial-screen/spatial_screen.json"", ""item"": ""maps.predictor.block3.goal_vector_y""}]"
reach-wall/predictor/block-3/spatial-mean/goal_vector_z,reach-wall,predictor,3,block_residual_output,mean_of_256_spatial_tokens,1,goal_vector_z,"{""metric"": ""r2"", ""score"": 0.6111562166043405, ""time_baseline"": 0.044334510544640326, ""delta_vs_time"": 0.5668217060597002}","{""knn_score"": 0.4872933633663652, ""linear_score"": 0.6111562166043405, ""nonlinear_gain"": -0.1238628532379753}",,"{""participation_ratio"": 7.616467364439593, ""top10_variance_fraction"": 0.7409904355758659, ""adjacent_timestep_cosine_mean"": 0.9987054486573831}",,,,,,none_validated,"{""linear_score"": ""measured_discovery_only"", ""nonlinear_gain"": ""measured_discovery_only"", ""best_coordinate_frame"": ""pending_measurement"", ""geometry"": ""descriptive_activation_geometry"", ""cross_trajectory_stability"": ""pending_measurement"", ""regime_dependence"": ""pending_measurement"", ""causal_patch_effect"": ""pending_measurement"", ""specificity"": ""pending_measurement"", ""manifold_distance"": ""pending_measurement"", ""recommended_operator"": ""not_yet_justified""}","[{""path"": ""artifacts/geometry_map/reach_wall_v1/discovery-screen/discovery_screen.json"", ""item"": ""rows[322]""}, {""path"": ""artifacts/geometry_map/reach_wall_v1/cached-geometry-v2/nonlinear_screen.json"", ""item"": ""rows[112]""}, {""path"": ""artifacts/geometry_map/reach_wall_v1/spatial-screen/spatial_screen.json"", ""item"": ""maps.predictor.block3.goal_vector_z""}]"
reach-wall/predictor/block-3/spatial-mean/goal_xz_direction,reach-wall,predictor,3,block_residual_output,mean_of_256_spatial_tokens,1,goal_xz_direction,"{""metric"": ""r2"", ""score"": 0.4094741247580161, ""time_baseline"": null, ""delta_vs_time"": null}",,,,,,,,,none_validated,"{""linear_score"": ""measured_discovery_only"", ""nonlinear_gain"": ""pending_measurement"", ""best_coordinate_frame"": ""pending_measurement"", ""geometry"": ""pending_measurement"", ""cross_trajectory_stability"": ""pending_measurement"", ""regime_dependence"": ""pending_measurement"", ""causal_patch_effect"": ""pending_measurement"", ""specificity"": ""pending_measurement"", ""manifold_distance"": ""pending_measurement"", ""recommended_operator"": ""not_yet_justified""}","[{""path"": ""artifacts/geometry_map/reach_wall_v1/emergence-geometry/emergence_geometry.json"", ""item"": ""curves.predictor.goal_xz_direction.rows.layer=3""}]"
reach-wall/predictor/block-3/spatial-mean/hand_to_goal_segment_intersects_wall,reach-wall,predictor,3,block_residual_output,mean_of_256_spatial_tokens,1,hand_to_goal_segment_intersects_wall,"{""metric"": ""auroc"", ""score"": 0.9907313635367204, ""time_baseline"": 0.9019247457737662, ""delta_vs_time"": 0.08880661776295418}","{""knn_score"": 0.9797615445794963, ""linear_score"": 0.9907313635367204, ""nonlinear_gain"": -0.010969818957224153}",,"{""participation_ratio"": 7.616467364439593, ""top10_variance_fraction"": 0.7409904355758659, ""adjacent_timestep_cosine_mean"": 0.9987054486573831}",,,,,,none_validated,"{""linear_score"": ""measured_discovery_only"", ""nonlinear_gain"": ""measured_discovery_only"", ""best_coordinate_frame"": ""pending_measurement"", ""geometry"": ""descriptive_activation_geometry"", ""cross_trajectory_stability"": ""pending_measurement"", ""regime_dependence"": ""pending_measurement"", ""causal_patch_effect"": ""pending_measurement"", ""specificity"": ""pending_measurement"", ""manifold_distance"": ""pending_measurement"", ""recommended_operator"": ""not_yet_justified""}","[{""path"": ""artifacts/geometry_map/reach_wall_v1/discovery-screen/discovery_screen.json"", ""item"": ""rows[325]""}, {""path"": ""artifacts/geometry_map/reach_wall_v1/cached-geometry-v2/nonlinear_screen.json"", ""item"": ""rows[115]""}, {""path"": ""artifacts/geometry_map/reach_wall_v1/spatial-screen/spatial_screen.json"", ""item"": ""maps.predictor.block3.straight_path_intersects_wall""}]"
reach-wall/predictor/block-3/spatial-mean/hand_x,reach-wall,predictor,3,block_residual_output,mean_of_256_spatial_tokens,1,hand_x,"{""metric"": ""r2"", ""score"": 0.9730326692500979, ""time_baseline"": 0.058067306134002794, ""delta_vs_time"": 0.9149653631160951}","{""knn_score"": 0.6074295661669047, ""linear_score"": 0.9730326692500979, ""nonlinear_gain"": -0.3656031030831932}",,"{""participation_ratio"": 7.616467364439593, ""top10_variance_fraction"": 0.7409904355758659, ""adjacent_timestep_cosine_mean"": 0.9987054486573831}",,,,,,none_validated,"{""linear_score"": ""measured_discovery_only"", ""nonlinear_gain"": ""measured_discovery_only"", ""best_coordinate_frame"": ""pending_measurement"", ""geometry"": ""descriptive_activation_geometry"", ""cross_trajectory_stability"": ""pending_measurement"", ""regime_dependence"": ""pending_measurement"", ""causal_patch_effect"": ""pending_measurement"", ""specificity"": ""pending_measurement"", ""manifold_distance"": ""pending_measurement"", ""recommended_operator"": ""not_yet_justified""}","[{""path"": ""artifacts/geometry_map/reach_wall_v1/discovery-screen/discovery_screen.json"", ""item"": ""rows[317]""}, {""path"": ""artifacts/geometry_map/reach_wall_v1/cached-geometry-v2/nonlinear_screen.json"", ""item"": ""rows[107]""}, {""path"": ""artifacts/geometry_map/reach_wall_v1/spatial-screen/spatial_screen.json"", ""item"": ""maps.predictor.block3.hand_x""}]"
reach-wall/predictor/block-3/spatial-mean/hand_y,reach-wall,predictor,3,block_residual_output,mean_of_256_spatial_tokens,1,hand_y,"{""metric"": ""r2"", ""score"": 0.9983716971331598, ""time_baseline"": 0.9772521653309317, ""delta_vs_time"": 0.02111953180222803}","{""knn_score"": 0.981222821483205, ""linear_score"": 0.9983716971331598, ""nonlinear_gain"": -0.01714887564995471}",,"{""participation_ratio"": 7.616467364439593, ""top10_variance_fraction"": 0.7409904355758659, ""adjacent_timestep_cosine_mean"": 0.9987054486573831}",,,,,,none_validated,"{""linear_score"": ""measured_discovery_only"", ""nonlinear_gain"": ""measured_discovery_only"", ""best_coordinate_frame"": ""pending_measurement"", ""geometry"": ""descriptive_activation_geometry"", ""cross_trajectory_stability"": ""pending_measurement"", ""regime_dependence"": ""pending_measurement"", ""causal_patch_effect"": ""pending_measurement"", ""specificity"": ""pending_measurement"", ""manifold_distance"": ""pending_measurement"", ""recommended_operator"": ""not_yet_justified""}","[{""path"": ""artifacts/geometry_map/reach_wall_v1/discovery-screen/discovery_screen.json"", ""item"": ""rows[318]""}, {""path"": ""artifacts/geometry_map/reach_wall_v1/cached-geometry-v2/nonlinear_screen.json"", ""item"": ""rows[108]""}, {""path"": ""artifacts/geometry_map/reach_wall_v1/spatial-screen/spatial_screen.json"", ""item"": ""maps.predictor.block3.hand_y""}]"
reach-wall/predictor/block-3/spatial-mean/hand_z,reach-wall,predictor,3,block_residual_output,mean_of_256_spatial_tokens,1,hand_z,"{""metric"": ""r2"", ""score"": 0.9927974175225455, ""time_baseline"": 0.00804356141242546, ""delta_vs_time"": 0.98475385611012}","{""knn_score"": 0.8634487623725877, ""linear_score"": 0.9927974175225455, ""nonlinear_gain"": -0.12934865514995775}",,"{""participation_ratio"": 7.616467364439593, ""top10_variance_fraction"": 0.7409904355758659, ""adjacent_timestep_cosine_mean"": 0.9987054486573831}",,,,,,none_validated,"{""linear_score"": ""measured_discovery_only"", ""nonlinear_gain"": ""measured_discovery_only"", ""best_coordinate_frame"": ""pending_measurement"", ""geometry"": ""descriptive_activation_geometry"", ""cross_trajectory_stability"": ""pending_measurement"", ""regime_dependence"": ""pending_measurement"", ""causal_patch_effect"": ""pending_measurement"", ""specificity"": ""pending_measurement"", ""manifold_distance"": ""pending_measurement"", ""recommended_operator"": ""not_yet_justified""}","[{""path"": ""artifacts/geometry_map/reach_wall_v1/discovery-screen/discovery_screen.json"", ""item"": ""rows[319]""}, {""path"": ""artifacts/geometry_map/reach_wall_v1/cached-geometry-v2/nonlinear_screen.json"", ""item"": ""rows[109]""}, {""path"": ""artifacts/geometry_map/reach_wall_v1/spatial-screen/spatial_screen.json"", ""item"": ""maps.predictor.block3.hand_z""}]"
reach-wall/predictor/block-3/spatial-mean/height_above_wall_top,reach-wall,predictor,3,block_residual_output,mean_of_256_spatial_tokens,1,height_above_wall_top,"{""metric"": ""r2"", ""score"": 0.9927974171007838, ""time_baseline"": 0.008043558955029284, ""delta_vs_time"": 0.9847538581457546}","{""knn_score"": 0.8634487592336583, ""linear_score"": 0.9927974171007838, ""nonlinear_gain"": -0.12934865786712557}",,"{""participation_ratio"": 7.616467364439593, ""top10_variance_fraction"": 0.7409904355758659, ""adjacent_timestep_cosine_mean"": 0.9987054486573831}",,,,,,none_validated,"{""linear_score"": ""measured_discovery_only"", ""nonlinear_gain"": ""measured_discovery_only"", ""best_coordinate_frame"": ""pending_measurement"", ""geometry"": ""descriptive_activation_geometry"", ""cross_trajectory_stability"": ""pending_measurement"", ""regime_dependence"": ""pending_measurement"", ""causal_patch_effect"": ""pending_measurement"", ""specificity"": ""pending_measurement"", ""manifold_distance"": ""pending_measurement"", ""recommended_operator"": ""not_yet_justified""}","[{""path"": ""artifacts/geometry_map/reach_wall_v1/discovery-screen/discovery_screen.json"", ""item"": ""rows[324]""}, {""path"": ""artifacts/geometry_map/reach_wall_v1/cached-geometry-v2/nonlinear_screen.json"", ""item"": ""rows[114]""}, {""path"": ""artifacts/geometry_map/reach_wall_v1/spatial-screen/spatial_screen.json"", ""item"": ""maps.predictor.block3.height_above_wall_top""}]"
reach-wall/predictor/block-3/spatial-mean/realized_dx,reach-wall,predictor,3,block_residual_output,mean_of_256_spatial_tokens,1,realized_dx,"{""metric"": ""r2"", ""score"": 0.6485989542563279, ""time_baseline"": 0.005340828654275098, ""delta_vs_time"": 0.6432581256020528}","{""knn_score"": 0.24122144023765302, ""linear_score"": 0.6485989542563279, ""nonlinear_gain"": -0.40737751401867484}",,"{""participation_ratio"": 7.616467364439593, ""top10_variance_fraction"": 0.7409904355758659, ""adjacent_timestep_cosine_mean"": 0.9987054486573831}",,,,,,none_validated,"{""linear_score"": ""measured_discovery_only"", ""nonlinear_gain"": ""measured_discovery_only"", ""best_coordinate_frame"": ""pending_measurement"", ""geometry"": ""descriptive_activation_geometry"", ""cross_trajectory_stability"": ""pending_measurement"", ""regime_dependence"": ""pending_measurement"", ""causal_patch_effect"": ""pending_measurement"", ""specificity"": ""pending_measurement"", ""manifold_distance"": ""pending_measurement"", ""recommended_operator"": ""not_yet_justified""}","[{""path"": ""artifacts/geometry_map/reach_wall_v1/discovery-screen/discovery_screen.json"", ""item"": ""rows[331]""}, {""path"": ""artifacts/geometry_map/reach_wall_v1/cached-geometry-v2/nonlinear_screen.json"", ""item"": ""rows[121]""}, {""path"": ""artifacts/geometry_map/reach_wall_v1/spatial-screen/spatial_screen.json"", ""item"": ""maps.predictor.block3.realized_dx""}]"
reach-wall/predictor/block-3/spatial-mean/realized_dy,reach-wall,predictor,3,block_residual_output,mean_of_256_spatial_tokens,1,realized_dy,"{""metric"": ""r2"", ""score"": 0.9358741856779134, ""time_baseline"": 0.7938417819030151, ""delta_vs_time"": 0.14203240377489823}","{""knn_score"": 0.8745187763901132, ""linear_score"": 0.9358741856779134, ""nonlinear_gain"": -0.061355409287800144}",,"{""participation_ratio"": 7.616467364439593, ""top10_variance_fraction"": 0.7409904355758659, ""adjacent_timestep_cosine_mean"": 0.9987054486573831}",,,,,,none_validated,"{""linear_score"": ""measured_discovery_only"", ""nonlinear_gain"": ""measured_discovery_only"", ""best_coordinate_frame"": ""pending_measurement"", ""geometry"": ""descriptive_activation_geometry"", ""cross_trajectory_stability"": ""pending_measurement"", ""regime_dependence"": ""pending_measurement"", ""causal_patch_effect"": ""pending_measurement"", ""specificity"": ""pending_measurement"", ""manifold_distance"": ""pending_measurement"", ""recommended_operator"": ""not_yet_justified""}","[{""path"": ""artifacts/geometry_map/reach_wall_v1/discovery-screen/discovery_screen.json"", ""item"": ""rows[332]""}, {""path"": ""artifacts/geometry_map/reach_wall_v1/cached-geometry-v2/nonlinear_screen.json"", ""item"": ""rows[122]""}, {""path"": ""artifacts/geometry_map/reach_wall_v1/spatial-screen/spatial_screen.json"", ""item"": ""maps.predictor.block3.realized_dy""}]"
reach-wall/predictor/block-3/spatial-mean/realized_dz,reach-wall,predictor,3,block_residual_output,mean_of_256_spatial_tokens,1,realized_dz,"{""metric"": ""r2"", ""score"": 0.7170817065542636, ""time_baseline"": 0.07117442644816807, ""delta_vs_time"": 0.6459072801060955}","{""knn_score"": 0.375917217771748, ""linear_score"": 0.7170817065542636, ""nonlinear_gain"": -0.3411644887825156}",,"{""participation_ratio"": 7.616467364439593, ""top10_variance_fraction"": 0.7409904355758659, ""adjacent_timestep_cosine_mean"": 0.9987054486573831}",,,,,,none_validated,"{""linear_score"": ""measured_discovery_only"", ""nonlinear_gain"": ""measured_discovery_only"", ""best_coordinate_frame"": ""pending_measurement"", ""geometry"": ""descriptive_activation_geometry"", ""cross_trajectory_stability"": ""pending_measurement"", ""regime_dependence"": ""pending_measurement"", ""causal_patch_effect"": ""pending_measurement"", ""specificity"": ""pending_measurement"", ""manifold_distance"": ""pending_measurement"", ""recommended_operator"": ""not_yet_justified""}","[{""path"": ""artifacts/geometry_map/reach_wall_v1/discovery-screen/discovery_screen.json"", ""item"": ""rows[333]""}, {""path"": ""artifacts/geometry_map/reach_wall_v1/cached-geometry-v2/nonlinear_screen.json"", ""item"": ""rows[123]""}, {""path"": ""artifacts/geometry_map/reach_wall_v1/spatial-screen/spatial_screen.json"", ""item"": ""maps.predictor.block3.realized_dz""}]"
reach-wall/predictor/block-3/spatial-mean/realized_hand_delta_magnitude,reach-wall,predictor,3,block_residual_output,mean_of_256_spatial_tokens,1,realized_hand_delta_magnitude,"{""metric"": ""r2"", ""score"": 0.8120496145964173, ""time_baseline"": 0.6130267917023396, ""delta_vs_time"": 0.1990228228940777}","{""knn_score"": 0.7356391447286498, ""linear_score"": 0.8120496145964173, ""nonlinear_gain"": -0.07641046986776756}",,"{""participation_ratio"": 7.616467364439593, ""top10_variance_fraction"": 0.7409904355758659, ""adjacent_timestep_cosine_mean"": 0.9987054486573831}",,,,,,none_validated,"{""linear_score"": ""measured_discovery_only"", ""nonlinear_gain"": ""measured_discovery_only"", ""best_coordinate_frame"": ""pending_measurement"", ""geometry"": ""descriptive_activation_geometry"", ""cross_trajectory_stability"": ""pending_measurement"", ""regime_dependence"": ""pending_measurement"", ""causal_patch_effect"": ""pending_measurement"", ""specificity"": ""pending_measurement"", ""manifold_distance"": ""pending_measurement"", ""recommended_operator"": ""not_yet_justified""}","[{""path"": ""artifacts/geometry_map/reach_wall_v1/discovery-screen/discovery_screen.json"", ""item"": ""rows[334]""}, {""path"": ""artifacts/geometry_map/reach_wall_v1/emergence-geometry/emergence_geometry.json"", ""item"": ""curves.predictor.motion_magnitude.rows.layer=3""}, {""path"": ""artifacts/geometry_map/reach_wall_v1/cached-geometry-v2/nonlinear_screen.json"", ""item"": ""rows[124]""}, {""path"": ""artifacts/geometry_map/reach_wall_v1/spatial-screen/spatial_screen.json"", ""item"": ""maps.predictor.block3.realized_hand_delta_magnitude""}]"
reach-wall/predictor/block-3/spatial-mean/realized_xz_direction,reach-wall,predictor,3,block_residual_output,mean_of_256_spatial_tokens,1,realized_xz_direction,"{""metric"": ""r2"", ""score"": 0.573412200968031, ""time_baseline"": null, ""delta_vs_time"": null}",,,,,,,,,none_validated,"{""linear_score"": ""measured_discovery_only"", ""nonlinear_gain"": ""pending_measurement"", ""best_coordinate_frame"": ""pending_measurement"", ""geometry"": ""pending_measurement"", ""cross_trajectory_stability"": ""pending_measurement"", ""regime_dependence"": ""pending_measurement"", ""causal_patch_effect"": ""pending_measurement"", ""specificity"": ""pending_measurement"", ""manifold_distance"": ""pending_measurement"", ""recommended_operator"": ""not_yet_justified""}","[{""path"": ""artifacts/geometry_map/reach_wall_v1/emergence-geometry/emergence_geometry.json"", ""item"": ""curves.predictor.realized_xz_direction.rows.layer=3""}]"
reach-wall/predictor/block-3/spatial-mean/reward_sum,reach-wall,predictor,3,block_residual_output,mean_of_256_spatial_tokens,1,reward_sum,"{""metric"": ""r2"", ""score"": 0.9653954936339, ""time_baseline"": 0.9142972039613033, ""delta_vs_time"": 0.051098289672596664}","{""knn_score"": 0.9509459371125798, ""linear_score"": 0.9653954936339, ""nonlinear_gain"": -0.014449556521320184}",,"{""participation_ratio"": 7.616467364439593, ""top10_variance_fraction"": 0.7409904355758659, ""adjacent_timestep_cosine_mean"": 0.9987054486573831}",,,,,,none_validated,"{""linear_score"": ""measured_discovery_only"", ""nonlinear_gain"": ""measured_discovery_only"", ""best_coordinate_frame"": ""pending_measurement"", ""geometry"": ""descriptive_activation_geometry"", ""cross_trajectory_stability"": ""pending_measurement"", ""regime_dependence"": ""pending_measurement"", ""causal_patch_effect"": ""pending_measurement"", ""specificity"": ""pending_measurement"", ""manifold_distance"": ""pending_measurement"", ""recommended_operator"": ""not_yet_justified""}","[{""path"": ""artifacts/geometry_map/reach_wall_v1/discovery-screen/discovery_screen.json"", ""item"": ""rows[335]""}, {""path"": ""artifacts/geometry_map/reach_wall_v1/cached-geometry-v2/nonlinear_screen.json"", ""item"": ""rows[125]""}, {""path"": ""artifacts/geometry_map/reach_wall_v1/spatial-screen/spatial_screen.json"", ""item"": ""maps.predictor.block3.reward_sum""}]"
reach-wall/predictor/block-3/spatial-mean/wall_signed_distance,reach-wall,predictor,3,block_residual_output,mean_of_256_spatial_tokens,1,wall_signed_distance,"{""metric"": ""r2"", ""score"": 0.9844910709513675, ""time_baseline"": 0.14228076564542247, ""delta_vs_time"": 0.842210305305945}","{""knn_score"": 0.8701255326813315, ""linear_score"": 0.9844910709513675, ""nonlinear_gain"": -0.11436553827003593}",,"{""participation_ratio"": 7.616467364439593, ""top10_variance_fraction"": 0.7409904355758659, ""adjacent_timestep_cosine_mean"": 0.9987054486573831}",,,,,,none_validated,"{""linear_score"": ""measured_discovery_only"", ""nonlinear_gain"": ""measured_discovery_only"", ""best_coordinate_frame"": ""pending_measurement"", ""geometry"": ""descriptive_activation_geometry"", ""cross_trajectory_stability"": ""pending_measurement"", ""regime_dependence"": ""pending_measurement"", ""causal_patch_effect"": ""pending_measurement"", ""specificity"": ""pending_measurement"", ""manifold_distance"": ""pending_measurement"", ""recommended_operator"": ""not_yet_justified""}","[{""path"": ""artifacts/geometry_map/reach_wall_v1/discovery-screen/discovery_screen.json"", ""item"": ""rows[323]""}, {""path"": ""artifacts/geometry_map/reach_wall_v1/emergence-geometry/emergence_geometry.json"", ""item"": ""curves.predictor.wall_signed_distance.rows.layer=3""}, {""path"": ""artifacts/geometry_map/reach_wall_v1/cached-geometry-v2/nonlinear_screen.json"", ""item"": ""rows[113]""}, {""path"": ""artifacts/geometry_map/reach_wall_v1/spatial-screen/spatial_screen.json"", ""item"": ""maps.predictor.block3.wall_signed_distance""}]"
reach-wall/predictor/block-4/spatial-mean/action_chunk_frobenius_magnitude,reach-wall,predictor,4,block_residual_output,mean_of_256_spatial_tokens,1,action_chunk_frobenius_magnitude,"{""metric"": ""r2"", ""score"": 0.5694392912380795, ""time_baseline"": 0.4725658231754639, ""delta_vs_time"": 0.09687346806261554}",,,"{""participation_ratio"": 2.8305945270371025, ""top10_variance_fraction"": 0.8886751182083814, ""adjacent_timestep_cosine_mean"": 0.9986096857126096}",,,,,,none_validated,"{""linear_score"": ""measured_discovery_only"", ""nonlinear_gain"": ""pending_measurement"", ""best_coordinate_frame"": ""pending_measurement"", ""geometry"": ""descriptive_activation_geometry"", ""cross_trajectory_stability"": ""pending_measurement"", ""regime_dependence"": ""pending_measurement"", ""causal_patch_effect"": ""pending_measurement"", ""specificity"": ""pending_measurement"", ""manifold_distance"": ""pending_measurement"", ""recommended_operator"": ""not_yet_justified""}","[{""path"": ""artifacts/geometry_map/reach_wall_v1/discovery-screen/discovery_screen.json"", ""item"": ""rows[351]""}]"
reach-wall/predictor/block-4/spatial-mean/action_dx,reach-wall,predictor,4,block_residual_output,mean_of_256_spatial_tokens,1,action_dx,"{""metric"": ""r2"", ""score"": 0.869679454627308, ""time_baseline"": 0.0033910809446688894, ""delta_vs_time"": 0.8662883736826391}",,,"{""participation_ratio"": 2.8305945270371025, ""top10_variance_fraction"": 0.8886751182083814, ""adjacent_timestep_cosine_mean"": 0.9986096857126096}",,,,,,none_validated,"{""linear_score"": ""measured_discovery_only"", ""nonlinear_gain"": ""pending_measurement"", ""best_coordinate_frame"": ""pending_measurement"", ""geometry"": ""descriptive_activation_geometry"", ""cross_trajectory_stability"": ""pending_measurement"", ""regime_dependence"": ""pending_measurement"", ""causal_patch_effect"": ""pending_measurement"", ""specificity"": ""pending_measurement"", ""manifold_distance"": ""pending_measurement"", ""recommended_operator"": ""not_yet_justified""}","[{""path"": ""artifacts/geometry_map/reach_wall_v1/discovery-screen/discovery_screen.json"", ""item"": ""rows[348]""}]"
reach-wall/predictor/block-4/spatial-mean/action_dy,reach-wall,predictor,4,block_residual_output,mean_of_256_spatial_tokens,1,action_dy,"{""metric"": ""r2"", ""score"": 0.9466277712045389, ""time_baseline"": 0.6287213192564175, ""delta_vs_time"": 0.3179064519481214}",,,"{""participation_ratio"": 2.8305945270371025, ""top10_variance_fraction"": 0.8886751182083814, ""adjacent_timestep_cosine_mean"": 0.9986096857126096}",,,,,,none_validated,"{""linear_score"": ""measured_discovery_only"", ""nonlinear_gain"": ""pending_measurement"", ""best_coordinate_frame"": ""pending_measurement"", ""geometry"": ""descriptive_activation_geometry"", ""cross_trajectory_stability"": ""pending_measurement"", ""regime_dependence"": ""pending_measurement"", ""causal_patch_effect"": ""pending_measurement"", ""specificity"": ""pending_measurement"", ""manifold_distance"": ""pending_measurement"", ""recommended_operator"": ""not_yet_justified""}","[{""path"": ""artifacts/geometry_map/reach_wall_v1/discovery-screen/discovery_screen.json"", ""item"": ""rows[349]""}]"
reach-wall/predictor/block-4/spatial-mean/action_dz,reach-wall,predictor,4,block_residual_output,mean_of_256_spatial_tokens,1,action_dz,"{""metric"": ""r2"", ""score"": 0.8709005441989643, ""time_baseline"": 0.02788791500905774, ""delta_vs_time"": 0.8430126291899066}",,,"{""participation_ratio"": 2.8305945270371025, ""top10_variance_fraction"": 0.8886751182083814, ""adjacent_timestep_cosine_mean"": 0.9986096857126096}",,,,,,none_validated,"{""linear_score"": ""measured_discovery_only"", ""nonlinear_gain"": ""pending_measurement"", ""best_coordinate_frame"": ""pending_measurement"", ""geometry"": ""descriptive_activation_geometry"", ""cross_trajectory_stability"": ""pending_measurement"", ""regime_dependence"": ""pending_measurement"", ""causal_patch_effect"": ""pending_measurement"", ""specificity"": ""pending_measurement"", ""manifold_distance"": ""pending_measurement"", ""recommended_operator"": ""not_yet_justified""}","[{""path"": ""artifacts/geometry_map/reach_wall_v1/discovery-screen/discovery_screen.json"", ""item"": ""rows[350]""}]"
reach-wall/predictor/block-4/spatial-mean/cumulative_progress,reach-wall,predictor,4,block_residual_output,mean_of_256_spatial_tokens,1,cumulative_progress,"{""metric"": ""r2"", ""score"": 0.9542373478445489, ""time_baseline"": 0.9222151817810877, ""delta_vs_time"": 0.0320221660634612}",,,"{""participation_ratio"": 2.8305945270371025, ""top10_variance_fraction"": 0.8886751182083814, ""adjacent_timestep_cosine_mean"": 0.9986096857126096}",,,,,,none_validated,"{""linear_score"": ""measured_discovery_only"", ""nonlinear_gain"": ""pending_measurement"", ""best_coordinate_frame"": ""pending_measurement"", ""geometry"": ""descriptive_activation_geometry"", ""cross_trajectory_stability"": ""pending_measurement"", ""regime_dependence"": ""pending_measurement"", ""causal_patch_effect"": ""pending_measurement"", ""specificity"": ""pending_measurement"", ""manifold_distance"": ""pending_measurement"", ""recommended_operator"": ""not_yet_justified""}","[{""path"": ""artifacts/geometry_map/reach_wall_v1/discovery-screen/discovery_screen.json"", ""item"": ""rows[337]""}, {""path"": ""artifacts/geometry_map/reach_wall_v1/emergence-geometry/emergence_geometry.json"", ""item"": ""curves.predictor.progress.rows.layer=4""}]"
reach-wall/predictor/block-4/spatial-mean/expert_detour_gate,reach-wall,predictor,4,block_residual_output,mean_of_256_spatial_tokens,1,expert_detour_gate,"{""metric"": ""auroc"", ""score"": 0.9986097352305476, ""time_baseline"": 0.978149765850144, ""delta_vs_time"": 0.02045996938040362}",,,"{""participation_ratio"": 2.8305945270371025, ""top10_variance_fraction"": 0.8886751182083814, ""adjacent_timestep_cosine_mean"": 0.9986096857126096}",,,,,,none_validated,"{""linear_score"": ""measured_discovery_only"", ""nonlinear_gain"": ""pending_measurement"", ""best_coordinate_frame"": ""pending_measurement"", ""geometry"": ""descriptive_activation_geometry"", ""cross_trajectory_stability"": ""pending_measurement"", ""regime_dependence"": ""pending_measurement"", ""causal_patch_effect"": ""pending_measurement"", ""specificity"": ""pending_measurement"", ""manifold_distance"": ""pending_measurement"", ""recommended_operator"": ""not_yet_justified""}","[{""path"": ""artifacts/geometry_map/reach_wall_v1/discovery-screen/discovery_screen.json"", ""item"": ""rows[347]""}]"
reach-wall/predictor/block-4/spatial-mean/goal_distance,reach-wall,predictor,4,block_residual_output,mean_of_256_spatial_tokens,1,goal_distance,"{""metric"": ""r2"", ""score"": 0.9391149434702095, ""time_baseline"": 0.908897827090231, ""delta_vs_time"": 0.03021711637997848}",,,"{""participation_ratio"": 2.8305945270371025, ""top10_variance_fraction"": 0.8886751182083814, ""adjacent_timestep_cosine_mean"": 0.9986096857126096}",,,,,,none_validated,"{""linear_score"": ""measured_discovery_only"", ""nonlinear_gain"": ""pending_measurement"", ""best_coordinate_frame"": ""pending_measurement"", ""geometry"": ""descriptive_activation_geometry"", ""cross_trajectory_stability"": ""pending_measurement"", ""regime_dependence"": ""pending_measurement"", ""causal_patch_effect"": ""pending_measurement"", ""specificity"": ""pending_measurement"", ""manifold_distance"": ""pending_measurement"", ""recommended_operator"": ""not_yet_justified""}","[{""path"": ""artifacts/geometry_map/reach_wall_v1/discovery-screen/discovery_screen.json"", ""item"": ""rows[336]""}]"
reach-wall/predictor/block-4/spatial-mean/goal_vector_x,reach-wall,predictor,4,block_residual_output,mean_of_256_spatial_tokens,1,goal_vector_x,"{""metric"": ""r2"", ""score"": 0.15113352234156086, ""time_baseline"": 0.08054582471970773, ""delta_vs_time"": 0.07058769762185313}",,,"{""participation_ratio"": 2.8305945270371025, ""top10_variance_fraction"": 0.8886751182083814, ""adjacent_timestep_cosine_mean"": 0.9986096857126096}",,,,,,none_validated,"{""linear_score"": ""measured_discovery_only"", ""nonlinear_gain"": ""pending_measurement"", ""best_coordinate_frame"": ""pending_measurement"", ""geometry"": ""descriptive_activation_geometry"", ""cross_trajectory_stability"": ""pending_measurement"", ""regime_dependence"": ""pending_measurement"", ""causal_patch_effect"": ""pending_measurement"", ""specificity"": ""pending_measurement"", ""manifold_distance"": ""pending_measurement"", ""recommended_operator"": ""not_yet_justified""}","[{""path"": ""artifacts/geometry_map/reach_wall_v1/discovery-screen/discovery_screen.json"", ""item"": ""rows[341]""}]"
reach-wall/predictor/block-4/spatial-mean/goal_vector_y,reach-wall,predictor,4,block_residual_output,mean_of_256_spatial_tokens,1,goal_vector_y,"{""metric"": ""r2"", ""score"": 0.9719972731938927, ""time_baseline"": 0.9568517433439947, ""delta_vs_time"": 0.015145529849898032}",,,"{""participation_ratio"": 2.8305945270371025, ""top10_variance_fraction"": 0.8886751182083814, ""adjacent_timestep_cosine_mean"": 0.9986096857126096}",,,,,,none_validated,"{""linear_score"": ""measured_discovery_only"", ""nonlinear_gain"": ""pending_measurement"", ""best_coordinate_frame"": ""pending_measurement"", ""geometry"": ""descriptive_activation_geometry"", ""cross_trajectory_stability"": ""pending_measurement"", ""regime_dependence"": ""pending_measurement"", ""causal_patch_effect"": ""pending_measurement"", ""specificity"": ""pending_measurement"", ""manifold_distance"": ""pending_measurement"", ""recommended_operator"": ""not_yet_justified""}","[{""path"": ""artifacts/geometry_map/reach_wall_v1/discovery-screen/discovery_screen.json"", ""item"": ""rows[342]""}]"
reach-wall/predictor/block-4/spatial-mean/goal_vector_z,reach-wall,predictor,4,block_residual_output,mean_of_256_spatial_tokens,1,goal_vector_z,"{""metric"": ""r2"", ""score"": 0.5910707210098947, ""time_baseline"": 0.044334510544640326, ""delta_vs_time"": 0.5467362104652543}",,,"{""participation_ratio"": 2.8305945270371025, ""top10_variance_fraction"": 0.8886751182083814, ""adjacent_timestep_cosine_mean"": 0.9986096857126096}",,,,,,none_validated,"{""linear_score"": ""measured_discovery_only"", ""nonlinear_gain"": ""pending_measurement"", ""best_coordinate_frame"": ""pending_measurement"", ""geometry"": ""descriptive_activation_geometry"", ""cross_trajectory_stability"": ""pending_measurement"", ""regime_dependence"": ""pending_measurement"", ""causal_patch_effect"": ""pending_measurement"", ""specificity"": ""pending_measurement"", ""manifold_distance"": ""pending_measurement"", ""recommended_operator"": ""not_yet_justified""}","[{""path"": ""artifacts/geometry_map/reach_wall_v1/discovery-screen/discovery_screen.json"", ""item"": ""rows[343]""}]"
reach-wall/predictor/block-4/spatial-mean/goal_xz_direction,reach-wall,predictor,4,block_residual_output,mean_of_256_spatial_tokens,1,goal_xz_direction,"{""metric"": ""r2"", ""score"": 0.38335222335946834, ""time_baseline"": null, ""delta_vs_time"": null}",,,,,,,,,none_validated,"{""linear_score"": ""measured_discovery_only"", ""nonlinear_gain"": ""pending_measurement"", ""best_coordinate_frame"": ""pending_measurement"", ""geometry"": ""pending_measurement"", ""cross_trajectory_stability"": ""pending_measurement"", ""regime_dependence"": ""pending_measurement"", ""causal_patch_effect"": ""pending_measurement"", ""specificity"": ""pending_measurement"", ""manifold_distance"": ""pending_measurement"", ""recommended_operator"": ""not_yet_justified""}","[{""path"": ""artifacts/geometry_map/reach_wall_v1/emergence-geometry/emergence_geometry.json"", ""item"": ""curves.predictor.goal_xz_direction.rows.layer=4""}]"
reach-wall/predictor/block-4/spatial-mean/hand_to_goal_segment_intersects_wall,reach-wall,predictor,4,block_residual_output,mean_of_256_spatial_tokens,1,hand_to_goal_segment_intersects_wall,"{""metric"": ""auroc"", ""score"": 0.9907277401448269, ""time_baseline"": 0.9019247457737662, ""delta_vs_time"": 0.08880299437106065}",,,"{""participation_ratio"": 2.8305945270371025, ""top10_variance_fraction"": 0.8886751182083814, ""adjacent_timestep_cosine_mean"": 0.9986096857126096}",,,,,,none_validated,"{""linear_score"": ""measured_discovery_only"", ""nonlinear_gain"": ""pending_measurement"", ""best_coordinate_frame"": ""pending_measurement"", ""geometry"": ""descriptive_activation_geometry"", ""cross_trajectory_stability"": ""pending_measurement"", ""regime_dependence"": ""pending_measurement"", ""causal_patch_effect"": ""pending_measurement"", ""specificity"": ""pending_measurement"", ""manifold_distance"": ""pending_measurement"", ""recommended_operator"": ""not_yet_justified""}","[{""path"": ""artifacts/geometry_map/reach_wall_v1/discovery-screen/discovery_screen.json"", ""item"": ""rows[346]""}]"
reach-wall/predictor/block-4/spatial-mean/hand_x,reach-wall,predictor,4,block_residual_output,mean_of_256_spatial_tokens,1,hand_x,"{""metric"": ""r2"", ""score"": 0.9185121721627404, ""time_baseline"": 0.058067306134002794, ""delta_vs_time"": 0.8604448660287376}",,,"{""participation_ratio"": 2.8305945270371025, ""top10_variance_fraction"": 0.8886751182083814, ""adjacent_timestep_cosine_mean"": 0.9986096857126096}",,,,,,none_validated,"{""linear_score"": ""measured_discovery_only"", ""nonlinear_gain"": ""pending_measurement"", ""best_coordinate_frame"": ""pending_measurement"", ""geometry"": ""descriptive_activation_geometry"", ""cross_trajectory_stability"": ""pending_measurement"", ""regime_dependence"": ""pending_measurement"", ""causal_patch_effect"": ""pending_measurement"", ""specificity"": ""pending_measurement"", ""manifold_distance"": ""pending_measurement"", ""recommended_operator"": ""not_yet_justified""}","[{""path"": ""artifacts/geometry_map/reach_wall_v1/discovery-screen/discovery_screen.json"", ""item"": ""rows[338]""}]"
reach-wall/predictor/block-4/spatial-mean/hand_y,reach-wall,predictor,4,block_residual_output,mean_of_256_spatial_tokens,1,hand_y,"{""metric"": ""r2"", ""score"": 0.9976803866724934, ""time_baseline"": 0.9772521653309317, ""delta_vs_time"": 0.020428221341561636}",,,"{""participation_ratio"": 2.8305945270371025, ""top10_variance_fraction"": 0.8886751182083814, ""adjacent_timestep_cosine_mean"": 0.9986096857126096}",,,,,,none_validated,"{""linear_score"": ""measured_discovery_only"", ""nonlinear_gain"": ""pending_measurement"", ""best_coordinate_frame"": ""pending_measurement"", ""geometry"": ""descriptive_activation_geometry"", ""cross_trajectory_stability"": ""pending_measurement"", ""regime_dependence"": ""pending_measurement"", ""causal_patch_effect"": ""pending_measurement"", ""specificity"": ""pending_measurement"", ""manifold_distance"": ""pending_measurement"", ""recommended_operator"": ""not_yet_justified""}","[{""path"": ""artifacts/geometry_map/reach_wall_v1/discovery-screen/discovery_screen.json"", ""item"": ""rows[339]""}]"
reach-wall/predictor/block-4/spatial-mean/hand_z,reach-wall,predictor,4,block_residual_output,mean_of_256_spatial_tokens,1,hand_z,"{""metric"": ""r2"", ""score"": 0.982705149740481, ""time_baseline"": 0.00804356141242546, ""delta_vs_time"": 0.9746615883280555}",,,"{""participation_ratio"": 2.8305945270371025, ""top10_variance_fraction"": 0.8886751182083814, ""adjacent_timestep_cosine_mean"": 0.9986096857126096}",,,,,,none_validated,"{""linear_score"": ""measured_discovery_only"", ""nonlinear_gain"": ""pending_measurement"", ""best_coordinate_frame"": ""pending_measurement"", ""geometry"": ""descriptive_activation_geometry"", ""cross_trajectory_stability"": ""pending_measurement"", ""regime_dependence"": ""pending_measurement"", ""causal_patch_effect"": ""pending_measurement"", ""specificity"": ""pending_measurement"", ""manifold_distance"": ""pending_measurement"", ""recommended_operator"": ""not_yet_justified""}","[{""path"": ""artifacts/geometry_map/reach_wall_v1/discovery-screen/discovery_screen.json"", ""item"": ""rows[340]""}]"
reach-wall/predictor/block-4/spatial-mean/height_above_wall_top,reach-wall,predictor,4,block_residual_output,mean_of_256_spatial_tokens,1,height_above_wall_top,"{""metric"": ""r2"", ""score"": 0.9827051487955835, ""time_baseline"": 0.008043558955029284, ""delta_vs_time"": 0.9746615898405542}",,,"{""participation_ratio"": 2.8305945270371025, ""top10_variance_fraction"": 0.8886751182083814, ""adjacent_timestep_cosine_mean"": 0.9986096857126096}",,,,,,none_validated,"{""linear_score"": ""measured_discovery_only"", ""nonlinear_gain"": ""pending_measurement"", ""best_coordinate_frame"": ""pending_measurement"", ""geometry"": ""descriptive_activation_geometry"", ""cross_trajectory_stability"": ""pending_measurement"", ""regime_dependence"": ""pending_measurement"", ""causal_patch_effect"": ""pending_measurement"", ""specificity"": ""pending_measurement"", ""manifold_distance"": ""pending_measurement"", ""recommended_operator"": ""not_yet_justified""}","[{""path"": ""artifacts/geometry_map/reach_wall_v1/discovery-screen/discovery_screen.json"", ""item"": ""rows[345]""}]"
reach-wall/predictor/block-4/spatial-mean/realized_dx,reach-wall,predictor,4,block_residual_output,mean_of_256_spatial_tokens,1,realized_dx,"{""metric"": ""r2"", ""score"": 0.5255334385692685, ""time_baseline"": 0.005340828654275098, ""delta_vs_time"": 0.5201926099149934}",,,"{""participation_ratio"": 2.8305945270371025, ""top10_variance_fraction"": 0.8886751182083814, ""adjacent_timestep_cosine_mean"": 0.9986096857126096}",,,,,,none_validated,"{""linear_score"": ""measured_discovery_only"", ""nonlinear_gain"": ""pending_measurement"", ""best_coordinate_frame"": ""pending_measurement"", ""geometry"": ""descriptive_activation_geometry"", ""cross_trajectory_stability"": ""pending_measurement"", ""regime_dependence"": ""pending_measurement"", ""causal_patch_effect"": ""pending_measurement"", ""specificity"": ""pending_measurement"", ""manifold_distance"": ""pending_measurement"", ""recommended_operator"": ""not_yet_justified""}","[{""path"": ""artifacts/geometry_map/reach_wall_v1/discovery-screen/discovery_screen.json"", ""item"": ""rows[352]""}]"
reach-wall/predictor/block-4/spatial-mean/realized_dy,reach-wall,predictor,4,block_residual_output,mean_of_256_spatial_tokens,1,realized_dy,"{""metric"": ""r2"", ""score"": 0.9250073854675944, ""time_baseline"": 0.7938417819030151, ""delta_vs_time"": 0.1311656035645793}",,,"{""participation_ratio"": 2.8305945270371025, ""top10_variance_fraction"": 0.8886751182083814, ""adjacent_timestep_cosine_mean"": 0.9986096857126096}",,,,,,none_validated,"{""linear_score"": ""measured_discovery_only"", ""nonlinear_gain"": ""pending_measurement"", ""best_coordinate_frame"": ""pending_measurement"", ""geometry"": ""descriptive_activation_geometry"", ""cross_trajectory_stability"": ""pending_measurement"", ""regime_dependence"": ""pending_measurement"", ""causal_patch_effect"": ""pending_measurement"", ""specificity"": ""pending_measurement"", ""manifold_distance"": ""pending_measurement"", ""recommended_operator"": ""not_yet_justified""}","[{""path"": ""artifacts/geometry_map/reach_wall_v1/discovery-screen/discovery_screen.json"", ""item"": ""rows[353]""}]"
reach-wall/predictor/block-4/spatial-mean/realized_dz,reach-wall,predictor,4,block_residual_output,mean_of_256_spatial_tokens,1,realized_dz,"{""metric"": ""r2"", ""score"": 0.64496479829745, ""time_baseline"": 0.07117442644816807, ""delta_vs_time"": 0.5737903718492819}",,,"{""participation_ratio"": 2.8305945270371025, ""top10_variance_fraction"": 0.8886751182083814, ""adjacent_timestep_cosine_mean"": 0.9986096857126096}",,,,,,none_validated,"{""linear_score"": ""measured_discovery_only"", ""nonlinear_gain"": ""pending_measurement"", ""best_coordinate_frame"": ""pending_measurement"", ""geometry"": ""descriptive_activation_geometry"", ""cross_trajectory_stability"": ""pending_measurement"", ""regime_dependence"": ""pending_measurement"", ""causal_patch_effect"": ""pending_measurement"", ""specificity"": ""pending_measurement"", ""manifold_distance"": ""pending_measurement"", ""recommended_operator"": ""not_yet_justified""}","[{""path"": ""artifacts/geometry_map/reach_wall_v1/discovery-screen/discovery_screen.json"", ""item"": ""rows[354]""}]"
reach-wall/predictor/block-4/spatial-mean/realized_hand_delta_magnitude,reach-wall,predictor,4,block_residual_output,mean_of_256_spatial_tokens,1,realized_hand_delta_magnitude,"{""metric"": ""r2"", ""score"": 0.7940407606304334, ""time_baseline"": 0.6130267917023396, ""delta_vs_time"": 0.18101396892809374}",,,"{""participation_ratio"": 2.8305945270371025, ""top10_variance_fraction"": 0.8886751182083814, ""adjacent_timestep_cosine_mean"": 0.9986096857126096}",,,,,,none_validated,"{""linear_score"": ""measured_discovery_only"", ""nonlinear_gain"": ""pending_measurement"", ""best_coordinate_frame"": ""pending_measurement"", ""geometry"": ""descriptive_activation_geometry"", ""cross_trajectory_stability"": ""pending_measurement"", ""regime_dependence"": ""pending_measurement"", ""causal_patch_effect"": ""pending_measurement"", ""specificity"": ""pending_measurement"", ""manifold_distance"": ""pending_measurement"", ""recommended_operator"": ""not_yet_justified""}","[{""path"": ""artifacts/geometry_map/reach_wall_v1/discovery-screen/discovery_screen.json"", ""item"": ""rows[355]""}, {""path"": ""artifacts/geometry_map/reach_wall_v1/emergence-geometry/emergence_geometry.json"", ""item"": ""curves.predictor.motion_magnitude.rows.layer=4""}]"
reach-wall/predictor/block-4/spatial-mean/realized_xz_direction,reach-wall,predictor,4,block_residual_output,mean_of_256_spatial_tokens,1,realized_xz_direction,"{""metric"": ""r2"", ""score"": 0.5014526559017112, ""time_baseline"": null, ""delta_vs_time"": null}",,,,,,,,,none_validated,"{""linear_score"": ""measured_discovery_only"", ""nonlinear_gain"": ""pending_measurement"", ""best_coordinate_frame"": ""pending_measurement"", ""geometry"": ""pending_measurement"", ""cross_trajectory_stability"": ""pending_measurement"", ""regime_dependence"": ""pending_measurement"", ""causal_patch_effect"": ""pending_measurement"", ""specificity"": ""pending_measurement"", ""manifold_distance"": ""pending_measurement"", ""recommended_operator"": ""not_yet_justified""}","[{""path"": ""artifacts/geometry_map/reach_wall_v1/emergence-geometry/emergence_geometry.json"", ""item"": ""curves.predictor.realized_xz_direction.rows.layer=4""}]"
reach-wall/predictor/block-4/spatial-mean/reward_sum,reach-wall,predictor,4,block_residual_output,mean_of_256_spatial_tokens,1,reward_sum,"{""metric"": ""r2"", ""score"": 0.9640194544300409, ""time_baseline"": 0.9142972039613033, ""delta_vs_time"": 0.04972225046873757}",,,"{""participation_ratio"": 2.8305945270371025, ""top10_variance_fraction"": 0.8886751182083814, ""adjacent_timestep_cosine_mean"": 0.9986096857126096}",,,,,,none_validated,"{""linear_score"": ""measured_discovery_only"", ""nonlinear_gain"": ""pending_measurement"", ""best_coordinate_frame"": ""pending_measurement"", ""geometry"": ""descriptive_activation_geometry"", ""cross_trajectory_stability"": ""pending_measurement"", ""regime_dependence"": ""pending_measurement"", ""causal_patch_effect"": ""pending_measurement"", ""specificity"": ""pending_measurement"", ""manifold_distance"": ""pending_measurement"", ""recommended_operator"": ""not_yet_justified""}","[{""path"": ""artifacts/geometry_map/reach_wall_v1/discovery-screen/discovery_screen.json"", ""item"": ""rows[356]""}]"
reach-wall/predictor/block-4/spatial-mean/wall_signed_distance,reach-wall,predictor,4,block_residual_output,mean_of_256_spatial_tokens,1,wall_signed_distance,"{""metric"": ""r2"", ""score"": 0.9759616937486904, ""time_baseline"": 0.14228076564542247, ""delta_vs_time"": 0.8336809281032679}",,,"{""participation_ratio"": 2.8305945270371025, ""top10_variance_fraction"": 0.8886751182083814, ""adjacent_timestep_cosine_mean"": 0.9986096857126096}",,,,,,none_validated,"{""linear_score"": ""measured_discovery_only"", ""nonlinear_gain"": ""pending_measurement"", ""best_coordinate_frame"": ""pending_measurement"", ""geometry"": ""descriptive_activation_geometry"", ""cross_trajectory_stability"": ""pending_measurement"", ""regime_dependence"": ""pending_measurement"", ""causal_patch_effect"": ""pending_measurement"", ""specificity"": ""pending_measurement"", ""manifold_distance"": ""pending_measurement"", ""recommended_operator"": ""not_yet_justified""}","[{""path"": ""artifacts/geometry_map/reach_wall_v1/discovery-screen/discovery_screen.json"", ""item"": ""rows[344]""}, {""path"": ""artifacts/geometry_map/reach_wall_v1/emergence-geometry/emergence_geometry.json"", ""item"": ""curves.predictor.wall_signed_distance.rows.layer=4""}]"
reach-wall/predictor/block-5/spatial-mean/action_chunk_frobenius_magnitude,reach-wall,predictor,5,block_residual_output,mean_of_256_spatial_tokens,1,action_chunk_frobenius_magnitude,"{""metric"": ""r2"", ""score"": 0.5486166190428019, ""time_baseline"": 0.4725658231754639, ""delta_vs_time"": 0.07605079586733798}","{""knn_score"": 0.5092360569415839, ""linear_score"": 0.5486166190428019, ""nonlinear_gain"": -0.039380562101217986}",,"{""participation_ratio"": 3.369516863492582, ""top10_variance_fraction"": 0.8602852108835968, ""adjacent_timestep_cosine_mean"": 0.9979302805181605}",,,,,,none_validated,"{""linear_score"": ""measured_discovery_only"", ""nonlinear_gain"": ""measured_discovery_only"", ""best_coordinate_frame"": ""pending_measurement"", ""geometry"": ""descriptive_activation_geometry"", ""cross_trajectory_stability"": ""pending_measurement"", ""regime_dependence"": ""pending_measurement"", ""causal_patch_effect"": ""pending_measurement"", ""specificity"": ""pending_measurement"", ""manifold_distance"": ""pending_measurement"", ""recommended_operator"": ""not_yet_justified""}","[{""path"": ""artifacts/geometry_map/reach_wall_v1/discovery-screen/discovery_screen.json"", ""item"": ""rows[372]""}, {""path"": ""artifacts/geometry_map/reach_wall_v1/cached-geometry-v2/nonlinear_screen.json"", ""item"": ""rows[141]""}, {""path"": ""artifacts/geometry_map/reach_wall_v1/spatial-screen/spatial_screen.json"", ""item"": ""maps.predictor.block5.action_translation_magnitude""}]"
reach-wall/predictor/block-5/spatial-mean/action_dx,reach-wall,predictor,5,block_residual_output,mean_of_256_spatial_tokens,1,action_dx,"{""metric"": ""r2"", ""score"": 0.6037014057269958, ""time_baseline"": 0.0033910809446688894, ""delta_vs_time"": 0.6003103247823269}","{""knn_score"": 0.056731478972745886, ""linear_score"": 0.6037014057269958, ""nonlinear_gain"": -0.5469699267542499}",,"{""participation_ratio"": 3.369516863492582, ""top10_variance_fraction"": 0.8602852108835968, ""adjacent_timestep_cosine_mean"": 0.9979302805181605}",,,,,,none_validated,"{""linear_score"": ""measured_discovery_only"", ""nonlinear_gain"": ""measured_discovery_only"", ""best_coordinate_frame"": ""pending_measurement"", ""geometry"": ""descriptive_activation_geometry"", ""cross_trajectory_stability"": ""pending_measurement"", ""regime_dependence"": ""pending_measurement"", ""causal_patch_effect"": ""pending_measurement"", ""specificity"": ""pending_measurement"", ""manifold_distance"": ""pending_measurement"", ""recommended_operator"": ""not_yet_justified""}","[{""path"": ""artifacts/geometry_map/reach_wall_v1/discovery-screen/discovery_screen.json"", ""item"": ""rows[369]""}, {""path"": ""artifacts/geometry_map/reach_wall_v1/cached-geometry-v2/nonlinear_screen.json"", ""item"": ""rows[138]""}, {""path"": ""artifacts/geometry_map/reach_wall_v1/spatial-screen/spatial_screen.json"", ""item"": ""maps.predictor.block5.action_dx""}]"
reach-wall/predictor/block-5/spatial-mean/action_dy,reach-wall,predictor,5,block_residual_output,mean_of_256_spatial_tokens,1,action_dy,"{""metric"": ""r2"", ""score"": 0.7968314959313104, ""time_baseline"": 0.6287213192564175, ""delta_vs_time"": 0.16811017667489292}","{""knn_score"": 0.6261861292985845, ""linear_score"": 0.7968314959313104, ""nonlinear_gain"": -0.1706453666327259}",,"{""participation_ratio"": 3.369516863492582, ""top10_variance_fraction"": 0.8602852108835968, ""adjacent_timestep_cosine_mean"": 0.9979302805181605}",,,,,,none_validated,"{""linear_score"": ""measured_discovery_only"", ""nonlinear_gain"": ""measured_discovery_only"", ""best_coordinate_frame"": ""pending_measurement"", ""geometry"": ""descriptive_activation_geometry"", ""cross_trajectory_stability"": ""pending_measurement"", ""regime_dependence"": ""pending_measurement"", ""causal_patch_effect"": ""pending_measurement"", ""specificity"": ""pending_measurement"", ""manifold_distance"": ""pending_measurement"", ""recommended_operator"": ""not_yet_justified""}","[{""path"": ""artifacts/geometry_map/reach_wall_v1/discovery-screen/discovery_screen.json"", ""item"": ""rows[370]""}, {""path"": ""artifacts/geometry_map/reach_wall_v1/cached-geometry-v2/nonlinear_screen.json"", ""item"": ""rows[139]""}, {""path"": ""artifacts/geometry_map/reach_wall_v1/spatial-screen/spatial_screen.json"", ""item"": ""maps.predictor.block5.action_dy""}]"
reach-wall/predictor/block-5/spatial-mean/action_dz,reach-wall,predictor,5,block_residual_output,mean_of_256_spatial_tokens,1,action_dz,"{""metric"": ""r2"", ""score"": 0.5925631444459167, ""time_baseline"": 0.02788791500905774, ""delta_vs_time"": 0.564675229436859}","{""knn_score"": 0.1789788950501625, ""linear_score"": 0.5925631444459167, ""nonlinear_gain"": -0.4135842493957542}",,"{""participation_ratio"": 3.369516863492582, ""top10_variance_fraction"": 0.8602852108835968, ""adjacent_timestep_cosine_mean"": 0.9979302805181605}",,,,,,none_validated,"{""linear_score"": ""measured_discovery_only"", ""nonlinear_gain"": ""measured_discovery_only"", ""best_coordinate_frame"": ""pending_measurement"", ""geometry"": ""descriptive_activation_geometry"", ""cross_trajectory_stability"": ""pending_measurement"", ""regime_dependence"": ""pending_measurement"", ""causal_patch_effect"": ""pending_measurement"", ""specificity"": ""pending_measurement"", ""manifold_distance"": ""pending_measurement"", ""recommended_operator"": ""not_yet_justified""}","[{""path"": ""artifacts/geometry_map/reach_wall_v1/discovery-screen/discovery_screen.json"", ""item"": ""rows[371]""}, {""path"": ""artifacts/geometry_map/reach_wall_v1/cached-geometry-v2/nonlinear_screen.json"", ""item"": ""rows[140]""}, {""path"": ""artifacts/geometry_map/reach_wall_v1/spatial-screen/spatial_screen.json"", ""item"": ""maps.predictor.block5.action_dz""}]"
reach-wall/predictor/block-5/spatial-mean/cumulative_progress,reach-wall,predictor,5,block_residual_output,mean_of_256_spatial_tokens,1,cumulative_progress,"{""metric"": ""r2"", ""score"": 0.9541271010249978, ""time_baseline"": 0.9222151817810877, ""delta_vs_time"": 0.031911919243910014}","{""knn_score"": 0.9255552143837958, ""linear_score"": 0.9541271010249978, ""nonlinear_gain"": -0.028571886641201916}",,"{""participation_ratio"": 3.369516863492582, ""top10_variance_fraction"": 0.8602852108835968, ""adjacent_timestep_cosine_mean"": 0.9979302805181605}",,,,,,none_validated,"{""linear_score"": ""measured_discovery_only"", ""nonlinear_gain"": ""measured_discovery_only"", ""best_coordinate_frame"": ""pending_measurement"", ""geometry"": ""descriptive_activation_geometry"", ""cross_trajectory_stability"": ""pending_measurement"", ""regime_dependence"": ""pending_measurement"", ""causal_patch_effect"": ""pending_measurement"", ""specificity"": ""pending_measurement"", ""manifold_distance"": ""pending_measurement"", ""recommended_operator"": ""not_yet_justified""}","[{""path"": ""artifacts/geometry_map/reach_wall_v1/discovery-screen/discovery_screen.json"", ""item"": ""rows[358]""}, {""path"": ""artifacts/geometry_map/reach_wall_v1/emergence-geometry/emergence_geometry.json"", ""item"": ""curves.predictor.progress.rows.layer=5""}, {""path"": ""artifacts/geometry_map/reach_wall_v1/cached-geometry-v2/nonlinear_screen.json"", ""item"": ""rows[127]""}, {""path"": ""artifacts/geometry_map/reach_wall_v1/spatial-screen/spatial_screen.json"", ""item"": ""maps.predictor.block5.progress""}]"
reach-wall/predictor/block-5/spatial-mean/expert_detour_gate,reach-wall,predictor,5,block_residual_output,mean_of_256_spatial_tokens,1,expert_detour_gate,"{""metric"": ""auroc"", ""score"": 0.9981594470461094, ""time_baseline"": 0.978149765850144, ""delta_vs_time"": 0.020009681195965356}","{""knn_score"": 0.9969543007524816, ""linear_score"": 0.9981594470461094, ""nonlinear_gain"": -0.001205146293627779}",,"{""participation_ratio"": 3.369516863492582, ""top10_variance_fraction"": 0.8602852108835968, ""adjacent_timestep_cosine_mean"": 0.9979302805181605}",,,,,,none_validated,"{""linear_score"": ""measured_discovery_only"", ""nonlinear_gain"": ""measured_discovery_only"", ""best_coordinate_frame"": ""pending_measurement"", ""geometry"": ""descriptive_activation_geometry"", ""cross_trajectory_stability"": ""pending_measurement"", ""regime_dependence"": ""pending_measurement"", ""causal_patch_effect"": ""pending_measurement"", ""specificity"": ""pending_measurement"", ""manifold_distance"": ""pending_measurement"", ""recommended_operator"": ""not_yet_justified""}","[{""path"": ""artifacts/geometry_map/reach_wall_v1/discovery-screen/discovery_screen.json"", ""item"": ""rows[368]""}, {""path"": ""artifacts/geometry_map/reach_wall_v1/cached-geometry-v2/nonlinear_screen.json"", ""item"": ""rows[137]""}, {""path"": ""artifacts/geometry_map/reach_wall_v1/spatial-screen/spatial_screen.json"", ""item"": ""maps.predictor.block5.expert_detour_gate""}]"
reach-wall/predictor/block-5/spatial-mean/goal_distance,reach-wall,predictor,5,block_residual_output,mean_of_256_spatial_tokens,1,goal_distance,"{""metric"": ""r2"", ""score"": 0.9423710142716437, ""time_baseline"": 0.908897827090231, ""delta_vs_time"": 0.03347318718141268}","{""knn_score"": 0.9068190093003732, ""linear_score"": 0.9423710142716437, ""nonlinear_gain"": -0.035552004971270534}",,"{""participation_ratio"": 3.369516863492582, ""top10_variance_fraction"": 0.8602852108835968, ""adjacent_timestep_cosine_mean"": 0.9979302805181605}",,,,,,none_validated,"{""linear_score"": ""measured_discovery_only"", ""nonlinear_gain"": ""measured_discovery_only"", ""best_coordinate_frame"": ""pending_measurement"", ""geometry"": ""descriptive_activation_geometry"", ""cross_trajectory_stability"": ""pending_measurement"", ""regime_dependence"": ""pending_measurement"", ""causal_patch_effect"": ""pending_measurement"", ""specificity"": ""pending_measurement"", ""manifold_distance"": ""pending_measurement"", ""recommended_operator"": ""not_yet_justified""}","[{""path"": ""artifacts/geometry_map/reach_wall_v1/discovery-screen/discovery_screen.json"", ""item"": ""rows[357]""}, {""path"": ""artifacts/geometry_map/reach_wall_v1/cached-geometry-v2/nonlinear_screen.json"", ""item"": ""rows[126]""}, {""path"": ""artifacts/geometry_map/reach_wall_v1/spatial-screen/spatial_screen.json"", ""item"": ""maps.predictor.block5.goal_distance""}]"
reach-wall/predictor/block-5/spatial-mean/goal_vector_x,reach-wall,predictor,5,block_residual_output,mean_of_256_spatial_tokens,1,goal_vector_x,"{""metric"": ""r2"", ""score"": 0.10386431712868771, ""time_baseline"": 0.08054582471970773, ""delta_vs_time"": 0.023318492408979985}","{""knn_score"": 0.10761004440746458, ""linear_score"": 0.10386431712868771, ""nonlinear_gain"": 0.003745727278776867}",,"{""participation_ratio"": 3.369516863492582, ""top10_variance_fraction"": 0.8602852108835968, ""adjacent_timestep_cosine_mean"": 0.9979302805181605}",,,,,,none_validated,"{""linear_score"": ""measured_discovery_only"", ""nonlinear_gain"": ""measured_discovery_only"", ""best_coordinate_frame"": ""pending_measurement"", ""geometry"": ""descriptive_activation_geometry"", ""cross_trajectory_stability"": ""pending_measurement"", ""regime_dependence"": ""pending_measurement"", ""causal_patch_effect"": ""pending_measurement"", ""specificity"": ""pending_measurement"", ""manifold_distance"": ""pending_measurement"", ""recommended_operator"": ""not_yet_justified""}","[{""path"": ""artifacts/geometry_map/reach_wall_v1/discovery-screen/discovery_screen.json"", ""item"": ""rows[362]""}, {""path"": ""artifacts/geometry_map/reach_wall_v1/cached-geometry-v2/nonlinear_screen.json"", ""item"": ""rows[131]""}, {""path"": ""artifacts/geometry_map/reach_wall_v1/spatial-screen/spatial_screen.json"", ""item"": ""maps.predictor.block5.goal_vector_x""}]"
reach-wall/predictor/block-5/spatial-mean/goal_vector_y,reach-wall,predictor,5,block_residual_output,mean_of_256_spatial_tokens,1,goal_vector_y,"{""metric"": ""r2"", ""score"": 0.9728086875087473, ""time_baseline"": 0.9568517433439947, ""delta_vs_time"": 0.015956944164752573}","{""knn_score"": 0.9450731344342144, ""linear_score"": 0.9728086875087473, ""nonlinear_gain"": -0.027735553074532904}",,"{""participation_ratio"": 3.369516863492582, ""top10_variance_fraction"": 0.8602852108835968, ""adjacent_timestep_cosine_mean"": 0.9979302805181605}",,,,,,none_validated,"{""linear_score"": ""measured_discovery_only"", ""nonlinear_gain"": ""measured_discovery_only"", ""best_coordinate_frame"": ""pending_measurement"", ""geometry"": ""descriptive_activation_geometry"", ""cross_trajectory_stability"": ""pending_measurement"", ""regime_dependence"": ""pending_measurement"", ""causal_patch_effect"": ""pending_measurement"", ""specificity"": ""pending_measurement"", ""manifold_distance"": ""pending_measurement"", ""recommended_operator"": ""not_yet_justified""}","[{""path"": ""artifacts/geometry_map/reach_wall_v1/discovery-screen/discovery_screen.json"", ""item"": ""rows[363]""}, {""path"": ""artifacts/geometry_map/reach_wall_v1/cached-geometry-v2/nonlinear_screen.json"", ""item"": ""rows[132]""}, {""path"": ""artifacts/geometry_map/reach_wall_v1/spatial-screen/spatial_screen.json"", ""item"": ""maps.predictor.block5.goal_vector_y""}]"
reach-wall/predictor/block-5/spatial-mean/goal_vector_z,reach-wall,predictor,5,block_residual_output,mean_of_256_spatial_tokens,1,goal_vector_z,"{""metric"": ""r2"", ""score"": 0.5958386458636907, ""time_baseline"": 0.044334510544640326, ""delta_vs_time"": 0.5515041353190504}","{""knn_score"": 0.4735557997649634, ""linear_score"": 0.5958386458636907, ""nonlinear_gain"": -0.1222828460987273}",,"{""participation_ratio"": 3.369516863492582, ""top10_variance_fraction"": 0.8602852108835968, ""adjacent_timestep_cosine_mean"": 0.9979302805181605}",,,,,,none_validated,"{""linear_score"": ""measured_discovery_only"", ""nonlinear_gain"": ""measured_discovery_only"", ""best_coordinate_frame"": ""pending_measurement"", ""geometry"": ""descriptive_activation_geometry"", ""cross_trajectory_stability"": ""pending_measurement"", ""regime_dependence"": ""pending_measurement"", ""causal_patch_effect"": ""pending_measurement"", ""specificity"": ""pending_measurement"", ""manifold_distance"": ""pending_measurement"", ""recommended_operator"": ""not_yet_justified""}","[{""path"": ""artifacts/geometry_map/reach_wall_v1/discovery-screen/discovery_screen.json"", ""item"": ""rows[364]""}, {""path"": ""artifacts/geometry_map/reach_wall_v1/cached-geometry-v2/nonlinear_screen.json"", ""item"": ""rows[133]""}, {""path"": ""artifacts/geometry_map/reach_wall_v1/spatial-screen/spatial_screen.json"", ""item"": ""maps.predictor.block5.goal_vector_z""}]"
reach-wall/predictor/block-5/spatial-mean/goal_xz_direction,reach-wall,predictor,5,block_residual_output,mean_of_256_spatial_tokens,1,goal_xz_direction,"{""metric"": ""r2"", ""score"": 0.38351206501492113, ""time_baseline"": null, ""delta_vs_time"": null}",,,,,,,,,none_validated,"{""linear_score"": ""measured_discovery_only"", ""nonlinear_gain"": ""pending_measurement"", ""best_coordinate_frame"": ""pending_measurement"", ""geometry"": ""pending_measurement"", ""cross_trajectory_stability"": ""pending_measurement"", ""regime_dependence"": ""pending_measurement"", ""causal_patch_effect"": ""pending_measurement"", ""specificity"": ""pending_measurement"", ""manifold_distance"": ""pending_measurement"", ""recommended_operator"": ""not_yet_justified""}","[{""path"": ""artifacts/geometry_map/reach_wall_v1/emergence-geometry/emergence_geometry.json"", ""item"": ""curves.predictor.goal_xz_direction.rows.layer=5""}]"
reach-wall/predictor/block-5/spatial-mean/hand_to_goal_segment_intersects_wall,reach-wall,predictor,5,block_residual_output,mean_of_256_spatial_tokens,1,hand_to_goal_segment_intersects_wall,"{""metric"": ""auroc"", ""score"": 0.9910864559422721, ""time_baseline"": 0.9019247457737662, ""delta_vs_time"": 0.08916171016850583}","{""knn_score"": 0.9792225650353552, ""linear_score"": 0.9910864559422721, ""nonlinear_gain"": -0.011863890906916863}",,"{""participation_ratio"": 3.369516863492582, ""top10_variance_fraction"": 0.8602852108835968, ""adjacent_timestep_cosine_mean"": 0.9979302805181605}",,,,,,none_validated,"{""linear_score"": ""measured_discovery_only"", ""nonlinear_gain"": ""measured_discovery_only"", ""best_coordinate_frame"": ""pending_measurement"", ""geometry"": ""descriptive_activation_geometry"", ""cross_trajectory_stability"": ""pending_measurement"", ""regime_dependence"": ""pending_measurement"", ""causal_patch_effect"": ""pending_measurement"", ""specificity"": ""pending_measurement"", ""manifold_distance"": ""pending_measurement"", ""recommended_operator"": ""not_yet_justified""}","[{""path"": ""artifacts/geometry_map/reach_wall_v1/discovery-screen/discovery_screen.json"", ""item"": ""rows[367]""}, {""path"": ""artifacts/geometry_map/reach_wall_v1/cached-geometry-v2/nonlinear_screen.json"", ""item"": ""rows[136]""}, {""path"": ""artifacts/geometry_map/reach_wall_v1/spatial-screen/spatial_screen.json"", ""item"": ""maps.predictor.block5.straight_path_intersects_wall""}]"
reach-wall/predictor/block-5/spatial-mean/hand_x,reach-wall,predictor,5,block_residual_output,mean_of_256_spatial_tokens,1,hand_x,"{""metric"": ""r2"", ""score"": 0.8407212065986166, ""time_baseline"": 0.058067306134002794, ""delta_vs_time"": 0.7826539004646138}","{""knn_score"": 0.584594639923486, ""linear_score"": 0.8407212065986166, ""nonlinear_gain"": -0.25612656667513056}",,"{""participation_ratio"": 3.369516863492582, ""top10_variance_fraction"": 0.8602852108835968, ""adjacent_timestep_cosine_mean"": 0.9979302805181605}",,,,,,none_validated,"{""linear_score"": ""measured_discovery_only"", ""nonlinear_gain"": ""measured_discovery_only"", ""best_coordinate_frame"": ""pending_measurement"", ""geometry"": ""descriptive_activation_geometry"", ""cross_trajectory_stability"": ""pending_measurement"", ""regime_dependence"": ""pending_measurement"", ""causal_patch_effect"": ""pending_measurement"", ""specificity"": ""pending_measurement"", ""manifold_distance"": ""pending_measurement"", ""recommended_operator"": ""not_yet_justified""}","[{""path"": ""artifacts/geometry_map/reach_wall_v1/discovery-screen/discovery_screen.json"", ""item"": ""rows[359]""}, {""path"": ""artifacts/geometry_map/reach_wall_v1/cached-geometry-v2/nonlinear_screen.json"", ""item"": ""rows[128]""}, {""path"": ""artifacts/geometry_map/reach_wall_v1/spatial-screen/spatial_screen.json"", ""item"": ""maps.predictor.block5.hand_x""}]"
reach-wall/predictor/block-5/spatial-mean/hand_y,reach-wall,predictor,5,block_residual_output,mean_of_256_spatial_tokens,1,hand_y,"{""metric"": ""r2"", ""score"": 0.9969103124601254, ""time_baseline"": 0.9772521653309317, ""delta_vs_time"": 0.01965814712919367}","{""knn_score"": 0.9671283111677778, ""linear_score"": 0.9969103124601254, ""nonlinear_gain"": -0.02978200129234765}",,"{""participation_ratio"": 3.369516863492582, ""top10_variance_fraction"": 0.8602852108835968, ""adjacent_timestep_cosine_mean"": 0.9979302805181605}",,,,,,none_validated,"{""linear_score"": ""measured_discovery_only"", ""nonlinear_gain"": ""measured_discovery_only"", ""best_coordinate_frame"": ""pending_measurement"", ""geometry"": ""descriptive_activation_geometry"", ""cross_trajectory_stability"": ""pending_measurement"", ""regime_dependence"": ""pending_measurement"", ""causal_patch_effect"": ""pending_measurement"", ""specificity"": ""pending_measurement"", ""manifold_distance"": ""pending_measurement"", ""recommended_operator"": ""not_yet_justified""}","[{""path"": ""artifacts/geometry_map/reach_wall_v1/discovery-screen/discovery_screen.json"", ""item"": ""rows[360]""}, {""path"": ""artifacts/geometry_map/reach_wall_v1/cached-geometry-v2/nonlinear_screen.json"", ""item"": ""rows[129]""}, {""path"": ""artifacts/geometry_map/reach_wall_v1/spatial-screen/spatial_screen.json"", ""item"": ""maps.predictor.block5.hand_y""}]"
reach-wall/predictor/block-5/spatial-mean/hand_z,reach-wall,predictor,5,block_residual_output,mean_of_256_spatial_tokens,1,hand_z,"{""metric"": ""r2"", ""score"": 0.9713883246457653, ""time_baseline"": 0.00804356141242546, ""delta_vs_time"": 0.9633447632333398}","{""knn_score"": 0.8798021558469482, ""linear_score"": 0.9713883246457653, ""nonlinear_gain"": -0.09158616879881709}",,"{""participation_ratio"": 3.369516863492582, ""top10_variance_fraction"": 0.8602852108835968, ""adjacent_timestep_cosine_mean"": 0.9979302805181605}",,,,,,none_validated,"{""linear_score"": ""measured_discovery_only"", ""nonlinear_gain"": ""measured_discovery_only"", ""best_coordinate_frame"": ""pending_measurement"", ""geometry"": ""descriptive_activation_geometry"", ""cross_trajectory_stability"": ""pending_measurement"", ""regime_dependence"": ""pending_measurement"", ""causal_patch_effect"": ""pending_measurement"", ""specificity"": ""pending_measurement"", ""manifold_distance"": ""pending_measurement"", ""recommended_operator"": ""not_yet_justified""}","[{""path"": ""artifacts/geometry_map/reach_wall_v1/discovery-screen/discovery_screen.json"", ""item"": ""rows[361]""}, {""path"": ""artifacts/geometry_map/reach_wall_v1/cached-geometry-v2/nonlinear_screen.json"", ""item"": ""rows[130]""}, {""path"": ""artifacts/geometry_map/reach_wall_v1/spatial-screen/spatial_screen.json"", ""item"": ""maps.predictor.block5.hand_z""}]"
reach-wall/predictor/block-5/spatial-mean/height_above_wall_top,reach-wall,predictor,5,block_residual_output,mean_of_256_spatial_tokens,1,height_above_wall_top,"{""metric"": ""r2"", ""score"": 0.9713883239627986, ""time_baseline"": 0.008043558955029284, ""delta_vs_time"": 0.9633447650077693}","{""knn_score"": 0.8798021519040351, ""linear_score"": 0.9713883239627986, ""nonlinear_gain"": -0.09158617205876352}",,"{""participation_ratio"": 3.369516863492582, ""top10_variance_fraction"": 0.8602852108835968, ""adjacent_timestep_cosine_mean"": 0.9979302805181605}",,,,,,none_validated,"{""linear_score"": ""measured_discovery_only"", ""nonlinear_gain"": ""measured_discovery_only"", ""best_coordinate_frame"": ""pending_measurement"", ""geometry"": ""descriptive_activation_geometry"", ""cross_trajectory_stability"": ""pending_measurement"", ""regime_dependence"": ""pending_measurement"", ""causal_patch_effect"": ""pending_measurement"", ""specificity"": ""pending_measurement"", ""manifold_distance"": ""pending_measurement"", ""recommended_operator"": ""not_yet_justified""}","[{""path"": ""artifacts/geometry_map/reach_wall_v1/discovery-screen/discovery_screen.json"", ""item"": ""rows[366]""}, {""path"": ""artifacts/geometry_map/reach_wall_v1/cached-geometry-v2/nonlinear_screen.json"", ""item"": ""rows[135]""}, {""path"": ""artifacts/geometry_map/reach_wall_v1/spatial-screen/spatial_screen.json"", ""item"": ""maps.predictor.block5.height_above_wall_top""}]"
reach-wall/predictor/block-5/spatial-mean/realized_dx,reach-wall,predictor,5,block_residual_output,mean_of_256_spatial_tokens,1,realized_dx,"{""metric"": ""r2"", ""score"": 0.32106288093698876, ""time_baseline"": 0.005340828654275098, ""delta_vs_time"": 0.31572205228271366}","{""knn_score"": 0.10493945012921446, ""linear_score"": 0.32106288093698876, ""nonlinear_gain"": -0.2161234308077743}",,"{""participation_ratio"": 3.369516863492582, ""top10_variance_fraction"": 0.8602852108835968, ""adjacent_timestep_cosine_mean"": 0.9979302805181605}",,,,,,none_validated,"{""linear_score"": ""measured_discovery_only"", ""nonlinear_gain"": ""measured_discovery_only"", ""best_coordinate_frame"": ""pending_measurement"", ""geometry"": ""descriptive_activation_geometry"", ""cross_trajectory_stability"": ""pending_measurement"", ""regime_dependence"": ""pending_measurement"", ""causal_patch_effect"": ""pending_measurement"", ""specificity"": ""pending_measurement"", ""manifold_distance"": ""pending_measurement"", ""recommended_operator"": ""not_yet_justified""}","[{""path"": ""artifacts/geometry_map/reach_wall_v1/discovery-screen/discovery_screen.json"", ""item"": ""rows[373]""}, {""path"": ""artifacts/geometry_map/reach_wall_v1/cached-geometry-v2/nonlinear_screen.json"", ""item"": ""rows[142]""}, {""path"": ""artifacts/geometry_map/reach_wall_v1/spatial-screen/spatial_screen.json"", ""item"": ""maps.predictor.block5.realized_dx""}]"
reach-wall/predictor/block-5/spatial-mean/realized_dy,reach-wall,predictor,5,block_residual_output,mean_of_256_spatial_tokens,1,realized_dy,"{""metric"": ""r2"", ""score"": 0.9017884858754996, ""time_baseline"": 0.7938417819030151, ""delta_vs_time"": 0.10794670397248451}","{""knn_score"": 0.8229816227719061, ""linear_score"": 0.9017884858754996, ""nonlinear_gain"": -0.07880686310359353}",,"{""participation_ratio"": 3.369516863492582, ""top10_variance_fraction"": 0.8602852108835968, ""adjacent_timestep_cosine_mean"": 0.9979302805181605}",,,,,,none_validated,"{""linear_score"": ""measured_discovery_only"", ""nonlinear_gain"": ""measured_discovery_only"", ""best_coordinate_frame"": ""pending_measurement"", ""geometry"": ""descriptive_activation_geometry"", ""cross_trajectory_stability"": ""pending_measurement"", ""regime_dependence"": ""pending_measurement"", ""causal_patch_effect"": ""pending_measurement"", ""specificity"": ""pending_measurement"", ""manifold_distance"": ""pending_measurement"", ""recommended_operator"": ""not_yet_justified""}","[{""path"": ""artifacts/geometry_map/reach_wall_v1/discovery-screen/discovery_screen.json"", ""item"": ""rows[374]""}, {""path"": ""artifacts/geometry_map/reach_wall_v1/cached-geometry-v2/nonlinear_screen.json"", ""item"": ""rows[143]""}, {""path"": ""artifacts/geometry_map/reach_wall_v1/spatial-screen/spatial_screen.json"", ""item"": ""maps.predictor.block5.realized_dy""}]"
reach-wall/predictor/block-5/spatial-mean/realized_dz,reach-wall,predictor,5,block_residual_output,mean_of_256_spatial_tokens,1,realized_dz,"{""metric"": ""r2"", ""score"": 0.46462249409688106, ""time_baseline"": 0.07117442644816807, ""delta_vs_time"": 0.393448067648713}","{""knn_score"": 0.2958951606368625, ""linear_score"": 0.46462249409688106, ""nonlinear_gain"": -0.16872733346001856}",,"{""participation_ratio"": 3.369516863492582, ""top10_variance_fraction"": 0.8602852108835968, ""adjacent_timestep_cosine_mean"": 0.9979302805181605}",,,,,,none_validated,"{""linear_score"": ""measured_discovery_only"", ""nonlinear_gain"": ""measured_discovery_only"", ""best_coordinate_frame"": ""pending_measurement"", ""geometry"": ""descriptive_activation_geometry"", ""cross_trajectory_stability"": ""pending_measurement"", ""regime_dependence"": ""pending_measurement"", ""causal_patch_effect"": ""pending_measurement"", ""specificity"": ""pending_measurement"", ""manifold_distance"": ""pending_measurement"", ""recommended_operator"": ""not_yet_justified""}","[{""path"": ""artifacts/geometry_map/reach_wall_v1/discovery-screen/discovery_screen.json"", ""item"": ""rows[375]""}, {""path"": ""artifacts/geometry_map/reach_wall_v1/cached-geometry-v2/nonlinear_screen.json"", ""item"": ""rows[144]""}, {""path"": ""artifacts/geometry_map/reach_wall_v1/spatial-screen/spatial_screen.json"", ""item"": ""maps.predictor.block5.realized_dz""}]"
reach-wall/predictor/block-5/spatial-mean/realized_hand_delta_magnitude,reach-wall,predictor,5,block_residual_output,mean_of_256_spatial_tokens,1,realized_hand_delta_magnitude,"{""metric"": ""r2"", ""score"": 0.7921533539808747, ""time_baseline"": 0.6130267917023396, ""delta_vs_time"": 0.17912656227853507}","{""knn_score"": 0.6952834916957096, ""linear_score"": 0.7921533539808747, ""nonlinear_gain"": -0.09686986228516514}",,"{""participation_ratio"": 3.369516863492582, ""top10_variance_fraction"": 0.8602852108835968, ""adjacent_timestep_cosine_mean"": 0.9979302805181605}",,,,,,none_validated,"{""linear_score"": ""measured_discovery_only"", ""nonlinear_gain"": ""measured_discovery_only"", ""best_coordinate_frame"": ""pending_measurement"", ""geometry"": ""descriptive_activation_geometry"", ""cross_trajectory_stability"": ""pending_measurement"", ""regime_dependence"": ""pending_measurement"", ""causal_patch_effect"": ""pending_measurement"", ""specificity"": ""pending_measurement"", ""manifold_distance"": ""pending_measurement"", ""recommended_operator"": ""not_yet_justified""}","[{""path"": ""artifacts/geometry_map/reach_wall_v1/discovery-screen/discovery_screen.json"", ""item"": ""rows[376]""}, {""path"": ""artifacts/geometry_map/reach_wall_v1/emergence-geometry/emergence_geometry.json"", ""item"": ""curves.predictor.motion_magnitude.rows.layer=5""}, {""path"": ""artifacts/geometry_map/reach_wall_v1/cached-geometry-v2/nonlinear_screen.json"", ""item"": ""rows[145]""}, {""path"": ""artifacts/geometry_map/reach_wall_v1/spatial-screen/spatial_screen.json"", ""item"": ""maps.predictor.block5.realized_hand_delta_magnitude""}]"
reach-wall/predictor/block-5/spatial-mean/realized_xz_direction,reach-wall,predictor,5,block_residual_output,mean_of_256_spatial_tokens,1,realized_xz_direction,"{""metric"": ""r2"", ""score"": 0.315230815962934, ""time_baseline"": null, ""delta_vs_time"": null}",,,,,,,,,none_validated,"{""linear_score"": ""measured_discovery_only"", ""nonlinear_gain"": ""pending_measurement"", ""best_coordinate_frame"": ""pending_measurement"", ""geometry"": ""pending_measurement"", ""cross_trajectory_stability"": ""pending_measurement"", ""regime_dependence"": ""pending_measurement"", ""causal_patch_effect"": ""pending_measurement"", ""specificity"": ""pending_measurement"", ""manifold_distance"": ""pending_measurement"", ""recommended_operator"": ""not_yet_justified""}","[{""path"": ""artifacts/geometry_map/reach_wall_v1/emergence-geometry/emergence_geometry.json"", ""item"": ""curves.predictor.realized_xz_direction.rows.layer=5""}]"
reach-wall/predictor/block-5/spatial-mean/reward_sum,reach-wall,predictor,5,block_residual_output,mean_of_256_spatial_tokens,1,reward_sum,"{""metric"": ""r2"", ""score"": 0.964411364421489, ""time_baseline"": 0.9142972039613033, ""delta_vs_time"": 0.050114160460185686}","{""knn_score"": 0.9389690573990124, ""linear_score"": 0.964411364421489, ""nonlinear_gain"": -0.02544230702247663}",,"{""participation_ratio"": 3.369516863492582, ""top10_variance_fraction"": 0.8602852108835968, ""adjacent_timestep_cosine_mean"": 0.9979302805181605}",,,,,,none_validated,"{""linear_score"": ""measured_discovery_only"", ""nonlinear_gain"": ""measured_discovery_only"", ""best_coordinate_frame"": ""pending_measurement"", ""geometry"": ""descriptive_activation_geometry"", ""cross_trajectory_stability"": ""pending_measurement"", ""regime_dependence"": ""pending_measurement"", ""causal_patch_effect"": ""pending_measurement"", ""specificity"": ""pending_measurement"", ""manifold_distance"": ""pending_measurement"", ""recommended_operator"": ""not_yet_justified""}","[{""path"": ""artifacts/geometry_map/reach_wall_v1/discovery-screen/discovery_screen.json"", ""item"": ""rows[377]""}, {""path"": ""artifacts/geometry_map/reach_wall_v1/cached-geometry-v2/nonlinear_screen.json"", ""item"": ""rows[146]""}, {""path"": ""artifacts/geometry_map/reach_wall_v1/spatial-screen/spatial_screen.json"", ""item"": ""maps.predictor.block5.reward_sum""}]"
reach-wall/predictor/block-5/spatial-mean/wall_signed_distance,reach-wall,predictor,5,block_residual_output,mean_of_256_spatial_tokens,1,wall_signed_distance,"{""metric"": ""r2"", ""score"": 0.962713345230773, ""time_baseline"": 0.14228076564542247, ""delta_vs_time"": 0.8204325795853505}","{""knn_score"": 0.8717362284164978, ""linear_score"": 0.962713345230773, ""nonlinear_gain"": -0.09097711681427523}",,"{""participation_ratio"": 3.369516863492582, ""top10_variance_fraction"": 0.8602852108835968, ""adjacent_timestep_cosine_mean"": 0.9979302805181605}",,,,,,none_validated,"{""linear_score"": ""measured_discovery_only"", ""nonlinear_gain"": ""measured_discovery_only"", ""best_coordinate_frame"": ""pending_measurement"", ""geometry"": ""descriptive_activation_geometry"", ""cross_trajectory_stability"": ""pending_measurement"", ""regime_dependence"": ""pending_measurement"", ""causal_patch_effect"": ""pending_measurement"", ""specificity"": ""pending_measurement"", ""manifold_distance"": ""pending_measurement"", ""recommended_operator"": ""not_yet_justified""}","[{""path"": ""artifacts/geometry_map/reach_wall_v1/discovery-screen/discovery_screen.json"", ""item"": ""rows[365]""}, {""path"": ""artifacts/geometry_map/reach_wall_v1/emergence-geometry/emergence_geometry.json"", ""item"": ""curves.predictor.wall_signed_distance.rows.layer=5""}, {""path"": ""artifacts/geometry_map/reach_wall_v1/cached-geometry-v2/nonlinear_screen.json"", ""item"": ""rows[134]""}, {""path"": ""artifacts/geometry_map/reach_wall_v1/spatial-screen/spatial_screen.json"", ""item"": ""maps.predictor.block5.wall_signed_distance""}]"
