row_id,task,module,block,hook,spatial_region,imagined_timestep,task_variable,linear_score,nonlinear_gain,best_coordinate_frame,geometry,cross_trajectory_stability,regime_dependence,causal_patch_effect,specificity,manifold_distance,recommended_operator,field_status,sources
reach-wall/encoder/block-0/spatial-mean/action_chunk_frobenius_magnitude,reach-wall,encoder,0,block_residual_output,mean_of_256_spatial_tokens,,action_chunk_frobenius_magnitude,"{""metric"": ""r2"", ""score"": 0.4484450607659428, ""time_baseline"": 0.4725658231754639, ""delta_vs_time"": -0.0241207624095211}",,,"{""participation_ratio"": 14.823140949815576, ""top10_variance_fraction"": 0.5746330096217993, ""adjacent_timestep_cosine_mean"": 0.9987112213199321}",,,,,,none_validated,"{""linear_score"": ""measured_discovery_only"", ""nonlinear_gain"": ""pending_measurement"", ""best_coordinate_frame"": ""pending_measurement"", ""geometry"": ""descriptive_activation_geometry"", ""cross_trajectory_stability"": ""pending_measurement"", ""regime_dependence"": ""pending_measurement"", ""causal_patch_effect"": ""pending_measurement"", ""specificity"": ""pending_measurement"", ""manifold_distance"": ""pending_measurement"", ""recommended_operator"": ""not_yet_justified""}","[{""path"": ""artifacts/geometry_map/reach_wall_v1/discovery-screen/discovery_screen.json"", ""item"": ""rows[15]""}]"
reach-wall/encoder/block-0/spatial-mean/action_dx,reach-wall,encoder,0,block_residual_output,mean_of_256_spatial_tokens,,action_dx,"{""metric"": ""r2"", ""score"": -0.05810517094371259, ""time_baseline"": 0.0033910809446688894, ""delta_vs_time"": -0.06149625188838148}",,,"{""participation_ratio"": 14.823140949815576, ""top10_variance_fraction"": 0.5746330096217993, ""adjacent_timestep_cosine_mean"": 0.9987112213199321}",,,,,,none_validated,"{""linear_score"": ""measured_discovery_only"", ""nonlinear_gain"": ""pending_measurement"", ""best_coordinate_frame"": ""pending_measurement"", ""geometry"": ""descriptive_activation_geometry"", ""cross_trajectory_stability"": ""pending_measurement"", ""regime_dependence"": ""pending_measurement"", ""causal_patch_effect"": ""pending_measurement"", ""specificity"": ""pending_measurement"", ""manifold_distance"": ""pending_measurement"", ""recommended_operator"": ""not_yet_justified""}","[{""path"": ""artifacts/geometry_map/reach_wall_v1/discovery-screen/discovery_screen.json"", ""item"": ""rows[12]""}]"
reach-wall/encoder/block-0/spatial-mean/action_dy,reach-wall,encoder,0,block_residual_output,mean_of_256_spatial_tokens,,action_dy,"{""metric"": ""r2"", ""score"": 0.607911496873959, ""time_baseline"": 0.6287213192564175, ""delta_vs_time"": -0.020809822382458543}",,,"{""participation_ratio"": 14.823140949815576, ""top10_variance_fraction"": 0.5746330096217993, ""adjacent_timestep_cosine_mean"": 0.9987112213199321}",,,,,,none_validated,"{""linear_score"": ""measured_discovery_only"", ""nonlinear_gain"": ""pending_measurement"", ""best_coordinate_frame"": ""pending_measurement"", ""geometry"": ""descriptive_activation_geometry"", ""cross_trajectory_stability"": ""pending_measurement"", ""regime_dependence"": ""pending_measurement"", ""causal_patch_effect"": ""pending_measurement"", ""specificity"": ""pending_measurement"", ""manifold_distance"": ""pending_measurement"", ""recommended_operator"": ""not_yet_justified""}","[{""path"": ""artifacts/geometry_map/reach_wall_v1/discovery-screen/discovery_screen.json"", ""item"": ""rows[13]""}]"
reach-wall/encoder/block-0/spatial-mean/action_dz,reach-wall,encoder,0,block_residual_output,mean_of_256_spatial_tokens,,action_dz,"{""metric"": ""r2"", ""score"": -0.030934204187622383, ""time_baseline"": 0.02788791500905774, ""delta_vs_time"": -0.05882211919668012}",,,"{""participation_ratio"": 14.823140949815576, ""top10_variance_fraction"": 0.5746330096217993, ""adjacent_timestep_cosine_mean"": 0.9987112213199321}",,,,,,none_validated,"{""linear_score"": ""measured_discovery_only"", ""nonlinear_gain"": ""pending_measurement"", ""best_coordinate_frame"": ""pending_measurement"", ""geometry"": ""descriptive_activation_geometry"", ""cross_trajectory_stability"": ""pending_measurement"", ""regime_dependence"": ""pending_measurement"", ""causal_patch_effect"": ""pending_measurement"", ""specificity"": ""pending_measurement"", ""manifold_distance"": ""pending_measurement"", ""recommended_operator"": ""not_yet_justified""}","[{""path"": ""artifacts/geometry_map/reach_wall_v1/discovery-screen/discovery_screen.json"", ""item"": ""rows[14]""}]"
reach-wall/encoder/block-0/spatial-mean/cumulative_progress,reach-wall,encoder,0,block_residual_output,mean_of_256_spatial_tokens,,cumulative_progress,"{""metric"": ""r2"", ""score"": 0.926147892776956, ""time_baseline"": 0.9222151817810877, ""delta_vs_time"": 0.003932710995868227}",,,"{""participation_ratio"": 14.823140949815576, ""top10_variance_fraction"": 0.5746330096217993, ""adjacent_timestep_cosine_mean"": 0.9987112213199321}",,,,,,none_validated,"{""linear_score"": ""measured_discovery_only"", ""nonlinear_gain"": ""pending_measurement"", ""best_coordinate_frame"": ""pending_measurement"", ""geometry"": ""descriptive_activation_geometry"", ""cross_trajectory_stability"": ""pending_measurement"", ""regime_dependence"": ""pending_measurement"", ""causal_patch_effect"": ""pending_measurement"", ""specificity"": ""pending_measurement"", ""manifold_distance"": ""pending_measurement"", ""recommended_operator"": ""not_yet_justified""}","[{""path"": ""artifacts/geometry_map/reach_wall_v1/discovery-screen/discovery_screen.json"", ""item"": ""rows[1]""}, {""path"": ""artifacts/geometry_map/reach_wall_v1/emergence-geometry/emergence_geometry.json"", ""item"": ""curves.encoder.progress.rows.layer=0""}]"
reach-wall/encoder/block-0/spatial-mean/expert_detour_gate,reach-wall,encoder,0,block_residual_output,mean_of_256_spatial_tokens,,expert_detour_gate,"{""metric"": ""auroc"", ""score"": 0.9957078780419468, ""time_baseline"": 0.978149765850144, ""delta_vs_time"": 0.01755811219180281}",,,"{""participation_ratio"": 14.823140949815576, ""top10_variance_fraction"": 0.5746330096217993, ""adjacent_timestep_cosine_mean"": 0.9987112213199321}",,,,,,none_validated,"{""linear_score"": ""measured_discovery_only"", ""nonlinear_gain"": ""pending_measurement"", ""best_coordinate_frame"": ""pending_measurement"", ""geometry"": ""descriptive_activation_geometry"", ""cross_trajectory_stability"": ""pending_measurement"", ""regime_dependence"": ""pending_measurement"", ""causal_patch_effect"": ""pending_measurement"", ""specificity"": ""pending_measurement"", ""manifold_distance"": ""pending_measurement"", ""recommended_operator"": ""not_yet_justified""}","[{""path"": ""artifacts/geometry_map/reach_wall_v1/discovery-screen/discovery_screen.json"", ""item"": ""rows[11]""}]"
reach-wall/encoder/block-0/spatial-mean/goal_distance,reach-wall,encoder,0,block_residual_output,mean_of_256_spatial_tokens,,goal_distance,"{""metric"": ""r2"", ""score"": 0.9052688708022254, ""time_baseline"": 0.908897827090231, ""delta_vs_time"": -0.003628956288005636}",,,"{""participation_ratio"": 14.823140949815576, ""top10_variance_fraction"": 0.5746330096217993, ""adjacent_timestep_cosine_mean"": 0.9987112213199321}",,,,,,none_validated,"{""linear_score"": ""measured_discovery_only"", ""nonlinear_gain"": ""pending_measurement"", ""best_coordinate_frame"": ""pending_measurement"", ""geometry"": ""descriptive_activation_geometry"", ""cross_trajectory_stability"": ""pending_measurement"", ""regime_dependence"": ""pending_measurement"", ""causal_patch_effect"": ""pending_measurement"", ""specificity"": ""pending_measurement"", ""manifold_distance"": ""pending_measurement"", ""recommended_operator"": ""not_yet_justified""}","[{""path"": ""artifacts/geometry_map/reach_wall_v1/discovery-screen/discovery_screen.json"", ""item"": ""rows[0]""}]"
reach-wall/encoder/block-0/spatial-mean/goal_vector_x,reach-wall,encoder,0,block_residual_output,mean_of_256_spatial_tokens,,goal_vector_x,"{""metric"": ""r2"", ""score"": 0.054274630584211336, ""time_baseline"": 0.08054582471970773, ""delta_vs_time"": -0.02627119413549639}",,,"{""participation_ratio"": 14.823140949815576, ""top10_variance_fraction"": 0.5746330096217993, ""adjacent_timestep_cosine_mean"": 0.9987112213199321}",,,,,,none_validated,"{""linear_score"": ""measured_discovery_only"", ""nonlinear_gain"": ""pending_measurement"", ""best_coordinate_frame"": ""pending_measurement"", ""geometry"": ""descriptive_activation_geometry"", ""cross_trajectory_stability"": ""pending_measurement"", ""regime_dependence"": ""pending_measurement"", ""causal_patch_effect"": ""pending_measurement"", ""specificity"": ""pending_measurement"", ""manifold_distance"": ""pending_measurement"", ""recommended_operator"": ""not_yet_justified""}","[{""path"": ""artifacts/geometry_map/reach_wall_v1/discovery-screen/discovery_screen.json"", ""item"": ""rows[5]""}]"
reach-wall/encoder/block-0/spatial-mean/goal_vector_y,reach-wall,encoder,0,block_residual_output,mean_of_256_spatial_tokens,,goal_vector_y,"{""metric"": ""r2"", ""score"": 0.9517338545794807, ""time_baseline"": 0.9568517433439947, ""delta_vs_time"": -0.0051178887645140225}",,,"{""participation_ratio"": 14.823140949815576, ""top10_variance_fraction"": 0.5746330096217993, ""adjacent_timestep_cosine_mean"": 0.9987112213199321}",,,,,,none_validated,"{""linear_score"": ""measured_discovery_only"", ""nonlinear_gain"": ""pending_measurement"", ""best_coordinate_frame"": ""pending_measurement"", ""geometry"": ""descriptive_activation_geometry"", ""cross_trajectory_stability"": ""pending_measurement"", ""regime_dependence"": ""pending_measurement"", ""causal_patch_effect"": ""pending_measurement"", ""specificity"": ""pending_measurement"", ""manifold_distance"": ""pending_measurement"", ""recommended_operator"": ""not_yet_justified""}","[{""path"": ""artifacts/geometry_map/reach_wall_v1/discovery-screen/discovery_screen.json"", ""item"": ""rows[6]""}]"
reach-wall/encoder/block-0/spatial-mean/goal_vector_z,reach-wall,encoder,0,block_residual_output,mean_of_256_spatial_tokens,,goal_vector_z,"{""metric"": ""r2"", ""score"": 0.09942443702516224, ""time_baseline"": 0.044334510544640326, ""delta_vs_time"": 0.05508992648052191}",,,"{""participation_ratio"": 14.823140949815576, ""top10_variance_fraction"": 0.5746330096217993, ""adjacent_timestep_cosine_mean"": 0.9987112213199321}",,,,,,none_validated,"{""linear_score"": ""measured_discovery_only"", ""nonlinear_gain"": ""pending_measurement"", ""best_coordinate_frame"": ""pending_measurement"", ""geometry"": ""descriptive_activation_geometry"", ""cross_trajectory_stability"": ""pending_measurement"", ""regime_dependence"": ""pending_measurement"", ""causal_patch_effect"": ""pending_measurement"", ""specificity"": ""pending_measurement"", ""manifold_distance"": ""pending_measurement"", ""recommended_operator"": ""not_yet_justified""}","[{""path"": ""artifacts/geometry_map/reach_wall_v1/discovery-screen/discovery_screen.json"", ""item"": ""rows[7]""}]"
reach-wall/encoder/block-0/spatial-mean/goal_xz_direction,reach-wall,encoder,0,block_residual_output,mean_of_256_spatial_tokens,,goal_xz_direction,"{""metric"": ""r2"", ""score"": 0.16136937821480096, ""time_baseline"": null, ""delta_vs_time"": null}",,,,,,,,,none_validated,"{""linear_score"": ""measured_discovery_only"", ""nonlinear_gain"": ""pending_measurement"", ""best_coordinate_frame"": ""pending_measurement"", ""geometry"": ""pending_measurement"", ""cross_trajectory_stability"": ""pending_measurement"", ""regime_dependence"": ""pending_measurement"", ""causal_patch_effect"": ""pending_measurement"", ""specificity"": ""pending_measurement"", ""manifold_distance"": ""pending_measurement"", ""recommended_operator"": ""not_yet_justified""}","[{""path"": ""artifacts/geometry_map/reach_wall_v1/emergence-geometry/emergence_geometry.json"", ""item"": ""curves.encoder.goal_xz_direction.rows.layer=0""}]"
reach-wall/encoder/block-0/spatial-mean/hand_to_goal_segment_intersects_wall,reach-wall,encoder,0,block_residual_output,mean_of_256_spatial_tokens,,hand_to_goal_segment_intersects_wall,"{""metric"": ""auroc"", ""score"": 0.9669419840606991, ""time_baseline"": 0.9019247457737662, ""delta_vs_time"": 0.06501723828693284}",,,"{""participation_ratio"": 14.823140949815576, ""top10_variance_fraction"": 0.5746330096217993, ""adjacent_timestep_cosine_mean"": 0.9987112213199321}",,,,,,none_validated,"{""linear_score"": ""measured_discovery_only"", ""nonlinear_gain"": ""pending_measurement"", ""best_coordinate_frame"": ""pending_measurement"", ""geometry"": ""descriptive_activation_geometry"", ""cross_trajectory_stability"": ""pending_measurement"", ""regime_dependence"": ""pending_measurement"", ""causal_patch_effect"": ""pending_measurement"", ""specificity"": ""pending_measurement"", ""manifold_distance"": ""pending_measurement"", ""recommended_operator"": ""not_yet_justified""}","[{""path"": ""artifacts/geometry_map/reach_wall_v1/discovery-screen/discovery_screen.json"", ""item"": ""rows[10]""}]"
reach-wall/encoder/block-0/spatial-mean/hand_x,reach-wall,encoder,0,block_residual_output,mean_of_256_spatial_tokens,,hand_x,"{""metric"": ""r2"", ""score"": 0.7859947149264102, ""time_baseline"": 0.058067306134002794, ""delta_vs_time"": 0.7279274087924074}",,,"{""participation_ratio"": 14.823140949815576, ""top10_variance_fraction"": 0.5746330096217993, ""adjacent_timestep_cosine_mean"": 0.9987112213199321}",,,,,,none_validated,"{""linear_score"": ""measured_discovery_only"", ""nonlinear_gain"": ""pending_measurement"", ""best_coordinate_frame"": ""pending_measurement"", ""geometry"": ""descriptive_activation_geometry"", ""cross_trajectory_stability"": ""pending_measurement"", ""regime_dependence"": ""pending_measurement"", ""causal_patch_effect"": ""pending_measurement"", ""specificity"": ""pending_measurement"", ""manifold_distance"": ""pending_measurement"", ""recommended_operator"": ""not_yet_justified""}","[{""path"": ""artifacts/geometry_map/reach_wall_v1/discovery-screen/discovery_screen.json"", ""item"": ""rows[2]""}]"
reach-wall/encoder/block-0/spatial-mean/hand_y,reach-wall,encoder,0,block_residual_output,mean_of_256_spatial_tokens,,hand_y,"{""metric"": ""r2"", ""score"": 0.9820031179004433, ""time_baseline"": 0.9772521653309317, ""delta_vs_time"": 0.004750952569511524}",,,"{""participation_ratio"": 14.823140949815576, ""top10_variance_fraction"": 0.5746330096217993, ""adjacent_timestep_cosine_mean"": 0.9987112213199321}",,,,,,none_validated,"{""linear_score"": ""measured_discovery_only"", ""nonlinear_gain"": ""pending_measurement"", ""best_coordinate_frame"": ""pending_measurement"", ""geometry"": ""descriptive_activation_geometry"", ""cross_trajectory_stability"": ""pending_measurement"", ""regime_dependence"": ""pending_measurement"", ""causal_patch_effect"": ""pending_measurement"", ""specificity"": ""pending_measurement"", ""manifold_distance"": ""pending_measurement"", ""recommended_operator"": ""not_yet_justified""}","[{""path"": ""artifacts/geometry_map/reach_wall_v1/discovery-screen/discovery_screen.json"", ""item"": ""rows[3]""}]"
reach-wall/encoder/block-0/spatial-mean/hand_z,reach-wall,encoder,0,block_residual_output,mean_of_256_spatial_tokens,,hand_z,"{""metric"": ""r2"", ""score"": 0.9631608730636156, ""time_baseline"": 0.00804356141242546, ""delta_vs_time"": 0.9551173116511902}",,,"{""participation_ratio"": 14.823140949815576, ""top10_variance_fraction"": 0.5746330096217993, ""adjacent_timestep_cosine_mean"": 0.9987112213199321}",,,,,,none_validated,"{""linear_score"": ""measured_discovery_only"", ""nonlinear_gain"": ""pending_measurement"", ""best_coordinate_frame"": ""pending_measurement"", ""geometry"": ""descriptive_activation_geometry"", ""cross_trajectory_stability"": ""pending_measurement"", ""regime_dependence"": ""pending_measurement"", ""causal_patch_effect"": ""pending_measurement"", ""specificity"": ""pending_measurement"", ""manifold_distance"": ""pending_measurement"", ""recommended_operator"": ""not_yet_justified""}","[{""path"": ""artifacts/geometry_map/reach_wall_v1/discovery-screen/discovery_screen.json"", ""item"": ""rows[4]""}]"
reach-wall/encoder/block-0/spatial-mean/height_above_wall_top,reach-wall,encoder,0,block_residual_output,mean_of_256_spatial_tokens,,height_above_wall_top,"{""metric"": ""r2"", ""score"": 0.9631608739706187, ""time_baseline"": 0.008043558955029284, ""delta_vs_time"": 0.9551173150155894}",,,"{""participation_ratio"": 14.823140949815576, ""top10_variance_fraction"": 0.5746330096217993, ""adjacent_timestep_cosine_mean"": 0.9987112213199321}",,,,,,none_validated,"{""linear_score"": ""measured_discovery_only"", ""nonlinear_gain"": ""pending_measurement"", ""best_coordinate_frame"": ""pending_measurement"", ""geometry"": ""descriptive_activation_geometry"", ""cross_trajectory_stability"": ""pending_measurement"", ""regime_dependence"": ""pending_measurement"", ""causal_patch_effect"": ""pending_measurement"", ""specificity"": ""pending_measurement"", ""manifold_distance"": ""pending_measurement"", ""recommended_operator"": ""not_yet_justified""}","[{""path"": ""artifacts/geometry_map/reach_wall_v1/discovery-screen/discovery_screen.json"", ""item"": ""rows[9]""}]"
reach-wall/encoder/block-0/spatial-mean/realized_dx,reach-wall,encoder,0,block_residual_output,mean_of_256_spatial_tokens,,realized_dx,"{""metric"": ""r2"", ""score"": -0.05437723278192785, ""time_baseline"": 0.005340828654275098, ""delta_vs_time"": -0.05971806143620295}",,,"{""participation_ratio"": 14.823140949815576, ""top10_variance_fraction"": 0.5746330096217993, ""adjacent_timestep_cosine_mean"": 0.9987112213199321}",,,,,,none_validated,"{""linear_score"": ""measured_discovery_only"", ""nonlinear_gain"": ""pending_measurement"", ""best_coordinate_frame"": ""pending_measurement"", ""geometry"": ""descriptive_activation_geometry"", ""cross_trajectory_stability"": ""pending_measurement"", ""regime_dependence"": ""pending_measurement"", ""causal_patch_effect"": ""pending_measurement"", ""specificity"": ""pending_measurement"", ""manifold_distance"": ""pending_measurement"", ""recommended_operator"": ""not_yet_justified""}","[{""path"": ""artifacts/geometry_map/reach_wall_v1/discovery-screen/discovery_screen.json"", ""item"": ""rows[16]""}]"
reach-wall/encoder/block-0/spatial-mean/realized_dy,reach-wall,encoder,0,block_residual_output,mean_of_256_spatial_tokens,,realized_dy,"{""metric"": ""r2"", ""score"": 0.8444165524475696, ""time_baseline"": 0.7938417819030151, ""delta_vs_time"": 0.050574770544554504}",,,"{""participation_ratio"": 14.823140949815576, ""top10_variance_fraction"": 0.5746330096217993, ""adjacent_timestep_cosine_mean"": 0.9987112213199321}",,,,,,none_validated,"{""linear_score"": ""measured_discovery_only"", ""nonlinear_gain"": ""pending_measurement"", ""best_coordinate_frame"": ""pending_measurement"", ""geometry"": ""descriptive_activation_geometry"", ""cross_trajectory_stability"": ""pending_measurement"", ""regime_dependence"": ""pending_measurement"", ""causal_patch_effect"": ""pending_measurement"", ""specificity"": ""pending_measurement"", ""manifold_distance"": ""pending_measurement"", ""recommended_operator"": ""not_yet_justified""}","[{""path"": ""artifacts/geometry_map/reach_wall_v1/discovery-screen/discovery_screen.json"", ""item"": ""rows[17]""}]"
reach-wall/encoder/block-0/spatial-mean/realized_dz,reach-wall,encoder,0,block_residual_output,mean_of_256_spatial_tokens,,realized_dz,"{""metric"": ""r2"", ""score"": 0.05393355211882023, ""time_baseline"": 0.07117442644816807, ""delta_vs_time"": -0.017240874329347844}",,,"{""participation_ratio"": 14.823140949815576, ""top10_variance_fraction"": 0.5746330096217993, ""adjacent_timestep_cosine_mean"": 0.9987112213199321}",,,,,,none_validated,"{""linear_score"": ""measured_discovery_only"", ""nonlinear_gain"": ""pending_measurement"", ""best_coordinate_frame"": ""pending_measurement"", ""geometry"": ""descriptive_activation_geometry"", ""cross_trajectory_stability"": ""pending_measurement"", ""regime_dependence"": ""pending_measurement"", ""causal_patch_effect"": ""pending_measurement"", ""specificity"": ""pending_measurement"", ""manifold_distance"": ""pending_measurement"", ""recommended_operator"": ""not_yet_justified""}","[{""path"": ""artifacts/geometry_map/reach_wall_v1/discovery-screen/discovery_screen.json"", ""item"": ""rows[18]""}]"
reach-wall/encoder/block-0/spatial-mean/realized_hand_delta_magnitude,reach-wall,encoder,0,block_residual_output,mean_of_256_spatial_tokens,,realized_hand_delta_magnitude,"{""metric"": ""r2"", ""score"": 0.6983256028093169, ""time_baseline"": 0.6130267917023396, ""delta_vs_time"": 0.08529881110697723}",,,"{""participation_ratio"": 14.823140949815576, ""top10_variance_fraction"": 0.5746330096217993, ""adjacent_timestep_cosine_mean"": 0.9987112213199321}",,,,,,none_validated,"{""linear_score"": ""measured_discovery_only"", ""nonlinear_gain"": ""pending_measurement"", ""best_coordinate_frame"": ""pending_measurement"", ""geometry"": ""descriptive_activation_geometry"", ""cross_trajectory_stability"": ""pending_measurement"", ""regime_dependence"": ""pending_measurement"", ""causal_patch_effect"": ""pending_measurement"", ""specificity"": ""pending_measurement"", ""manifold_distance"": ""pending_measurement"", ""recommended_operator"": ""not_yet_justified""}","[{""path"": ""artifacts/geometry_map/reach_wall_v1/discovery-screen/discovery_screen.json"", ""item"": ""rows[19]""}, {""path"": ""artifacts/geometry_map/reach_wall_v1/emergence-geometry/emergence_geometry.json"", ""item"": ""curves.encoder.motion_magnitude.rows.layer=0""}]"
reach-wall/encoder/block-0/spatial-mean/realized_xz_direction,reach-wall,encoder,0,block_residual_output,mean_of_256_spatial_tokens,,realized_xz_direction,"{""metric"": ""r2"", ""score"": -0.054099416873515035, ""time_baseline"": null, ""delta_vs_time"": null}",,,,,,,,,none_validated,"{""linear_score"": ""measured_discovery_only"", ""nonlinear_gain"": ""pending_measurement"", ""best_coordinate_frame"": ""pending_measurement"", ""geometry"": ""pending_measurement"", ""cross_trajectory_stability"": ""pending_measurement"", ""regime_dependence"": ""pending_measurement"", ""causal_patch_effect"": ""pending_measurement"", ""specificity"": ""pending_measurement"", ""manifold_distance"": ""pending_measurement"", ""recommended_operator"": ""not_yet_justified""}","[{""path"": ""artifacts/geometry_map/reach_wall_v1/emergence-geometry/emergence_geometry.json"", ""item"": ""curves.encoder.realized_xz_direction.rows.layer=0""}]"
reach-wall/encoder/block-0/spatial-mean/reward_sum,reach-wall,encoder,0,block_residual_output,mean_of_256_spatial_tokens,,reward_sum,"{""metric"": ""r2"", ""score"": 0.9311284526018766, ""time_baseline"": 0.9142972039613033, ""delta_vs_time"": 0.016831248640573282}",,,"{""participation_ratio"": 14.823140949815576, ""top10_variance_fraction"": 0.5746330096217993, ""adjacent_timestep_cosine_mean"": 0.9987112213199321}",,,,,,none_validated,"{""linear_score"": ""measured_discovery_only"", ""nonlinear_gain"": ""pending_measurement"", ""best_coordinate_frame"": ""pending_measurement"", ""geometry"": ""descriptive_activation_geometry"", ""cross_trajectory_stability"": ""pending_measurement"", ""regime_dependence"": ""pending_measurement"", ""causal_patch_effect"": ""pending_measurement"", ""specificity"": ""pending_measurement"", ""manifold_distance"": ""pending_measurement"", ""recommended_operator"": ""not_yet_justified""}","[{""path"": ""artifacts/geometry_map/reach_wall_v1/discovery-screen/discovery_screen.json"", ""item"": ""rows[20]""}]"
reach-wall/encoder/block-0/spatial-mean/wall_signed_distance,reach-wall,encoder,0,block_residual_output,mean_of_256_spatial_tokens,,wall_signed_distance,"{""metric"": ""r2"", ""score"": 0.9023237329768239, ""time_baseline"": 0.14228076564542247, ""delta_vs_time"": 0.7600429673314014}",,,"{""participation_ratio"": 14.823140949815576, ""top10_variance_fraction"": 0.5746330096217993, ""adjacent_timestep_cosine_mean"": 0.9987112213199321}",,,,,,none_validated,"{""linear_score"": ""measured_discovery_only"", ""nonlinear_gain"": ""pending_measurement"", ""best_coordinate_frame"": ""pending_measurement"", ""geometry"": ""descriptive_activation_geometry"", ""cross_trajectory_stability"": ""pending_measurement"", ""regime_dependence"": ""pending_measurement"", ""causal_patch_effect"": ""pending_measurement"", ""specificity"": ""pending_measurement"", ""manifold_distance"": ""pending_measurement"", ""recommended_operator"": ""not_yet_justified""}","[{""path"": ""artifacts/geometry_map/reach_wall_v1/discovery-screen/discovery_screen.json"", ""item"": ""rows[8]""}, {""path"": ""artifacts/geometry_map/reach_wall_v1/emergence-geometry/emergence_geometry.json"", ""item"": ""curves.encoder.wall_signed_distance.rows.layer=0""}]"
reach-wall/encoder/block-1/spatial-mean/action_chunk_frobenius_magnitude,reach-wall,encoder,1,block_residual_output,mean_of_256_spatial_tokens,,action_chunk_frobenius_magnitude,"{""metric"": ""r2"", ""score"": 0.4676647117152578, ""time_baseline"": 0.4725658231754639, ""delta_vs_time"": -0.004901111460206109}",,,"{""participation_ratio"": 9.61096192249772, ""top10_variance_fraction"": 0.6658305306031768, ""adjacent_timestep_cosine_mean"": 0.9987238061103535}",,,,,,none_validated,"{""linear_score"": ""measured_discovery_only"", ""nonlinear_gain"": ""pending_measurement"", ""best_coordinate_frame"": ""pending_measurement"", ""geometry"": ""descriptive_activation_geometry"", ""cross_trajectory_stability"": ""pending_measurement"", ""regime_dependence"": ""pending_measurement"", ""causal_patch_effect"": ""pending_measurement"", ""specificity"": ""pending_measurement"", ""manifold_distance"": ""pending_measurement"", ""recommended_operator"": ""not_yet_justified""}","[{""path"": ""artifacts/geometry_map/reach_wall_v1/discovery-screen/discovery_screen.json"", ""item"": ""rows[36]""}]"
reach-wall/encoder/block-1/spatial-mean/action_dx,reach-wall,encoder,1,block_residual_output,mean_of_256_spatial_tokens,,action_dx,"{""metric"": ""r2"", ""score"": -0.0672100921735812, ""time_baseline"": 0.0033910809446688894, ""delta_vs_time"": -0.0706011731182501}",,,"{""participation_ratio"": 9.61096192249772, ""top10_variance_fraction"": 0.6658305306031768, ""adjacent_timestep_cosine_mean"": 0.9987238061103535}",,,,,,none_validated,"{""linear_score"": ""measured_discovery_only"", ""nonlinear_gain"": ""pending_measurement"", ""best_coordinate_frame"": ""pending_measurement"", ""geometry"": ""descriptive_activation_geometry"", ""cross_trajectory_stability"": ""pending_measurement"", ""regime_dependence"": ""pending_measurement"", ""causal_patch_effect"": ""pending_measurement"", ""specificity"": ""pending_measurement"", ""manifold_distance"": ""pending_measurement"", ""recommended_operator"": ""not_yet_justified""}","[{""path"": ""artifacts/geometry_map/reach_wall_v1/discovery-screen/discovery_screen.json"", ""item"": ""rows[33]""}]"
reach-wall/encoder/block-1/spatial-mean/action_dy,reach-wall,encoder,1,block_residual_output,mean_of_256_spatial_tokens,,action_dy,"{""metric"": ""r2"", ""score"": 0.6174943920387557, ""time_baseline"": 0.6287213192564175, ""delta_vs_time"": -0.01122692721766183}",,,"{""participation_ratio"": 9.61096192249772, ""top10_variance_fraction"": 0.6658305306031768, ""adjacent_timestep_cosine_mean"": 0.9987238061103535}",,,,,,none_validated,"{""linear_score"": ""measured_discovery_only"", ""nonlinear_gain"": ""pending_measurement"", ""best_coordinate_frame"": ""pending_measurement"", ""geometry"": ""descriptive_activation_geometry"", ""cross_trajectory_stability"": ""pending_measurement"", ""regime_dependence"": ""pending_measurement"", ""causal_patch_effect"": ""pending_measurement"", ""specificity"": ""pending_measurement"", ""manifold_distance"": ""pending_measurement"", ""recommended_operator"": ""not_yet_justified""}","[{""path"": ""artifacts/geometry_map/reach_wall_v1/discovery-screen/discovery_screen.json"", ""item"": ""rows[34]""}]"
reach-wall/encoder/block-1/spatial-mean/action_dz,reach-wall,encoder,1,block_residual_output,mean_of_256_spatial_tokens,,action_dz,"{""metric"": ""r2"", ""score"": -0.024454366096055002, ""time_baseline"": 0.02788791500905774, ""delta_vs_time"": -0.05234228110511274}",,,"{""participation_ratio"": 9.61096192249772, ""top10_variance_fraction"": 0.6658305306031768, ""adjacent_timestep_cosine_mean"": 0.9987238061103535}",,,,,,none_validated,"{""linear_score"": ""measured_discovery_only"", ""nonlinear_gain"": ""pending_measurement"", ""best_coordinate_frame"": ""pending_measurement"", ""geometry"": ""descriptive_activation_geometry"", ""cross_trajectory_stability"": ""pending_measurement"", ""regime_dependence"": ""pending_measurement"", ""causal_patch_effect"": ""pending_measurement"", ""specificity"": ""pending_measurement"", ""manifold_distance"": ""pending_measurement"", ""recommended_operator"": ""not_yet_justified""}","[{""path"": ""artifacts/geometry_map/reach_wall_v1/discovery-screen/discovery_screen.json"", ""item"": ""rows[35]""}]"
reach-wall/encoder/block-1/spatial-mean/cumulative_progress,reach-wall,encoder,1,block_residual_output,mean_of_256_spatial_tokens,,cumulative_progress,"{""metric"": ""r2"", ""score"": 0.931286820656316, ""time_baseline"": 0.9222151817810877, ""delta_vs_time"": 0.009071638875228216}",,,"{""participation_ratio"": 9.61096192249772, ""top10_variance_fraction"": 0.6658305306031768, ""adjacent_timestep_cosine_mean"": 0.9987238061103535}",,,,,,none_validated,"{""linear_score"": ""measured_discovery_only"", ""nonlinear_gain"": ""pending_measurement"", ""best_coordinate_frame"": ""pending_measurement"", ""geometry"": ""descriptive_activation_geometry"", ""cross_trajectory_stability"": ""pending_measurement"", ""regime_dependence"": ""pending_measurement"", ""causal_patch_effect"": ""pending_measurement"", ""specificity"": ""pending_measurement"", ""manifold_distance"": ""pending_measurement"", ""recommended_operator"": ""not_yet_justified""}","[{""path"": ""artifacts/geometry_map/reach_wall_v1/discovery-screen/discovery_screen.json"", ""item"": ""rows[22]""}, {""path"": ""artifacts/geometry_map/reach_wall_v1/emergence-geometry/emergence_geometry.json"", ""item"": ""curves.encoder.progress.rows.layer=1""}]"
reach-wall/encoder/block-1/spatial-mean/expert_detour_gate,reach-wall,encoder,1,block_residual_output,mean_of_256_spatial_tokens,,expert_detour_gate,"{""metric"": ""auroc"", ""score"": 0.9973845761287223, ""time_baseline"": 0.978149765850144, ""delta_vs_time"": 0.019234810278578318}",,,"{""participation_ratio"": 9.61096192249772, ""top10_variance_fraction"": 0.6658305306031768, ""adjacent_timestep_cosine_mean"": 0.9987238061103535}",,,,,,none_validated,"{""linear_score"": ""measured_discovery_only"", ""nonlinear_gain"": ""pending_measurement"", ""best_coordinate_frame"": ""pending_measurement"", ""geometry"": ""descriptive_activation_geometry"", ""cross_trajectory_stability"": ""pending_measurement"", ""regime_dependence"": ""pending_measurement"", ""causal_patch_effect"": ""pending_measurement"", ""specificity"": ""pending_measurement"", ""manifold_distance"": ""pending_measurement"", ""recommended_operator"": ""not_yet_justified""}","[{""path"": ""artifacts/geometry_map/reach_wall_v1/discovery-screen/discovery_screen.json"", ""item"": ""rows[32]""}]"
reach-wall/encoder/block-1/spatial-mean/goal_distance,reach-wall,encoder,1,block_residual_output,mean_of_256_spatial_tokens,,goal_distance,"{""metric"": ""r2"", ""score"": 0.9114173406123691, ""time_baseline"": 0.908897827090231, ""delta_vs_time"": 0.0025195135221380838}",,,"{""participation_ratio"": 9.61096192249772, ""top10_variance_fraction"": 0.6658305306031768, ""adjacent_timestep_cosine_mean"": 0.9987238061103535}",,,,,,none_validated,"{""linear_score"": ""measured_discovery_only"", ""nonlinear_gain"": ""pending_measurement"", ""best_coordinate_frame"": ""pending_measurement"", ""geometry"": ""descriptive_activation_geometry"", ""cross_trajectory_stability"": ""pending_measurement"", ""regime_dependence"": ""pending_measurement"", ""causal_patch_effect"": ""pending_measurement"", ""specificity"": ""pending_measurement"", ""manifold_distance"": ""pending_measurement"", ""recommended_operator"": ""not_yet_justified""}","[{""path"": ""artifacts/geometry_map/reach_wall_v1/discovery-screen/discovery_screen.json"", ""item"": ""rows[21]""}]"
reach-wall/encoder/block-1/spatial-mean/goal_vector_x,reach-wall,encoder,1,block_residual_output,mean_of_256_spatial_tokens,,goal_vector_x,"{""metric"": ""r2"", ""score"": 0.06558051876757665, ""time_baseline"": 0.08054582471970773, ""delta_vs_time"": -0.01496530595213108}",,,"{""participation_ratio"": 9.61096192249772, ""top10_variance_fraction"": 0.6658305306031768, ""adjacent_timestep_cosine_mean"": 0.9987238061103535}",,,,,,none_validated,"{""linear_score"": ""measured_discovery_only"", ""nonlinear_gain"": ""pending_measurement"", ""best_coordinate_frame"": ""pending_measurement"", ""geometry"": ""descriptive_activation_geometry"", ""cross_trajectory_stability"": ""pending_measurement"", ""regime_dependence"": ""pending_measurement"", ""causal_patch_effect"": ""pending_measurement"", ""specificity"": ""pending_measurement"", ""manifold_distance"": ""pending_measurement"", ""recommended_operator"": ""not_yet_justified""}","[{""path"": ""artifacts/geometry_map/reach_wall_v1/discovery-screen/discovery_screen.json"", ""item"": ""rows[26]""}]"
reach-wall/encoder/block-1/spatial-mean/goal_vector_y,reach-wall,encoder,1,block_residual_output,mean_of_256_spatial_tokens,,goal_vector_y,"{""metric"": ""r2"", ""score"": 0.9600549816560332, ""time_baseline"": 0.9568517433439947, ""delta_vs_time"": 0.0032032383120385033}",,,"{""participation_ratio"": 9.61096192249772, ""top10_variance_fraction"": 0.6658305306031768, ""adjacent_timestep_cosine_mean"": 0.9987238061103535}",,,,,,none_validated,"{""linear_score"": ""measured_discovery_only"", ""nonlinear_gain"": ""pending_measurement"", ""best_coordinate_frame"": ""pending_measurement"", ""geometry"": ""descriptive_activation_geometry"", ""cross_trajectory_stability"": ""pending_measurement"", ""regime_dependence"": ""pending_measurement"", ""causal_patch_effect"": ""pending_measurement"", ""specificity"": ""pending_measurement"", ""manifold_distance"": ""pending_measurement"", ""recommended_operator"": ""not_yet_justified""}","[{""path"": ""artifacts/geometry_map/reach_wall_v1/discovery-screen/discovery_screen.json"", ""item"": ""rows[27]""}]"
reach-wall/encoder/block-1/spatial-mean/goal_vector_z,reach-wall,encoder,1,block_residual_output,mean_of_256_spatial_tokens,,goal_vector_z,"{""metric"": ""r2"", ""score"": 0.22490063294169438, ""time_baseline"": 0.044334510544640326, ""delta_vs_time"": 0.18056612239705405}",,,"{""participation_ratio"": 9.61096192249772, ""top10_variance_fraction"": 0.6658305306031768, ""adjacent_timestep_cosine_mean"": 0.9987238061103535}",,,,,,none_validated,"{""linear_score"": ""measured_discovery_only"", ""nonlinear_gain"": ""pending_measurement"", ""best_coordinate_frame"": ""pending_measurement"", ""geometry"": ""descriptive_activation_geometry"", ""cross_trajectory_stability"": ""pending_measurement"", ""regime_dependence"": ""pending_measurement"", ""causal_patch_effect"": ""pending_measurement"", ""specificity"": ""pending_measurement"", ""manifold_distance"": ""pending_measurement"", ""recommended_operator"": ""not_yet_justified""}","[{""path"": ""artifacts/geometry_map/reach_wall_v1/discovery-screen/discovery_screen.json"", ""item"": ""rows[28]""}]"
reach-wall/encoder/block-1/spatial-mean/goal_xz_direction,reach-wall,encoder,1,block_residual_output,mean_of_256_spatial_tokens,,goal_xz_direction,"{""metric"": ""r2"", ""score"": 0.2374140678945044, ""time_baseline"": null, ""delta_vs_time"": null}",,,,,,,,,none_validated,"{""linear_score"": ""measured_discovery_only"", ""nonlinear_gain"": ""pending_measurement"", ""best_coordinate_frame"": ""pending_measurement"", ""geometry"": ""pending_measurement"", ""cross_trajectory_stability"": ""pending_measurement"", ""regime_dependence"": ""pending_measurement"", ""causal_patch_effect"": ""pending_measurement"", ""specificity"": ""pending_measurement"", ""manifold_distance"": ""pending_measurement"", ""recommended_operator"": ""not_yet_justified""}","[{""path"": ""artifacts/geometry_map/reach_wall_v1/emergence-geometry/emergence_geometry.json"", ""item"": ""curves.encoder.goal_xz_direction.rows.layer=1""}]"
reach-wall/encoder/block-1/spatial-mean/hand_to_goal_segment_intersects_wall,reach-wall,encoder,1,block_residual_output,mean_of_256_spatial_tokens,,hand_to_goal_segment_intersects_wall,"{""metric"": ""auroc"", ""score"": 0.9725980988062735, ""time_baseline"": 0.9019247457737662, ""delta_vs_time"": 0.07067335303250721}",,,"{""participation_ratio"": 9.61096192249772, ""top10_variance_fraction"": 0.6658305306031768, ""adjacent_timestep_cosine_mean"": 0.9987238061103535}",,,,,,none_validated,"{""linear_score"": ""measured_discovery_only"", ""nonlinear_gain"": ""pending_measurement"", ""best_coordinate_frame"": ""pending_measurement"", ""geometry"": ""descriptive_activation_geometry"", ""cross_trajectory_stability"": ""pending_measurement"", ""regime_dependence"": ""pending_measurement"", ""causal_patch_effect"": ""pending_measurement"", ""specificity"": ""pending_measurement"", ""manifold_distance"": ""pending_measurement"", ""recommended_operator"": ""not_yet_justified""}","[{""path"": ""artifacts/geometry_map/reach_wall_v1/discovery-screen/discovery_screen.json"", ""item"": ""rows[31]""}]"
reach-wall/encoder/block-1/spatial-mean/hand_x,reach-wall,encoder,1,block_residual_output,mean_of_256_spatial_tokens,,hand_x,"{""metric"": ""r2"", ""score"": 0.7202817322415531, ""time_baseline"": 0.058067306134002794, ""delta_vs_time"": 0.6622144261075503}",,,"{""participation_ratio"": 9.61096192249772, ""top10_variance_fraction"": 0.6658305306031768, ""adjacent_timestep_cosine_mean"": 0.9987238061103535}",,,,,,none_validated,"{""linear_score"": ""measured_discovery_only"", ""nonlinear_gain"": ""pending_measurement"", ""best_coordinate_frame"": ""pending_measurement"", ""geometry"": ""descriptive_activation_geometry"", ""cross_trajectory_stability"": ""pending_measurement"", ""regime_dependence"": ""pending_measurement"", ""causal_patch_effect"": ""pending_measurement"", ""specificity"": ""pending_measurement"", ""manifold_distance"": ""pending_measurement"", ""recommended_operator"": ""not_yet_justified""}","[{""path"": ""artifacts/geometry_map/reach_wall_v1/discovery-screen/discovery_screen.json"", ""item"": ""rows[23]""}]"
reach-wall/encoder/block-1/spatial-mean/hand_y,reach-wall,encoder,1,block_residual_output,mean_of_256_spatial_tokens,,hand_y,"{""metric"": ""r2"", ""score"": 0.9864500095807169, ""time_baseline"": 0.9772521653309317, ""delta_vs_time"": 0.009197844249785203}",,,"{""participation_ratio"": 9.61096192249772, ""top10_variance_fraction"": 0.6658305306031768, ""adjacent_timestep_cosine_mean"": 0.9987238061103535}",,,,,,none_validated,"{""linear_score"": ""measured_discovery_only"", ""nonlinear_gain"": ""pending_measurement"", ""best_coordinate_frame"": ""pending_measurement"", ""geometry"": ""descriptive_activation_geometry"", ""cross_trajectory_stability"": ""pending_measurement"", ""regime_dependence"": ""pending_measurement"", ""causal_patch_effect"": ""pending_measurement"", ""specificity"": ""pending_measurement"", ""manifold_distance"": ""pending_measurement"", ""recommended_operator"": ""not_yet_justified""}","[{""path"": ""artifacts/geometry_map/reach_wall_v1/discovery-screen/discovery_screen.json"", ""item"": ""rows[24]""}]"
reach-wall/encoder/block-1/spatial-mean/hand_z,reach-wall,encoder,1,block_residual_output,mean_of_256_spatial_tokens,,hand_z,"{""metric"": ""r2"", ""score"": 0.9776480626759247, ""time_baseline"": 0.00804356141242546, ""delta_vs_time"": 0.9696045012634993}",,,"{""participation_ratio"": 9.61096192249772, ""top10_variance_fraction"": 0.6658305306031768, ""adjacent_timestep_cosine_mean"": 0.9987238061103535}",,,,,,none_validated,"{""linear_score"": ""measured_discovery_only"", ""nonlinear_gain"": ""pending_measurement"", ""best_coordinate_frame"": ""pending_measurement"", ""geometry"": ""descriptive_activation_geometry"", ""cross_trajectory_stability"": ""pending_measurement"", ""regime_dependence"": ""pending_measurement"", ""causal_patch_effect"": ""pending_measurement"", ""specificity"": ""pending_measurement"", ""manifold_distance"": ""pending_measurement"", ""recommended_operator"": ""not_yet_justified""}","[{""path"": ""artifacts/geometry_map/reach_wall_v1/discovery-screen/discovery_screen.json"", ""item"": ""rows[25]""}]"
reach-wall/encoder/block-1/spatial-mean/height_above_wall_top,reach-wall,encoder,1,block_residual_output,mean_of_256_spatial_tokens,,height_above_wall_top,"{""metric"": ""r2"", ""score"": 0.977648062892459, ""time_baseline"": 0.008043558955029284, ""delta_vs_time"": 0.9696045039374297}",,,"{""participation_ratio"": 9.61096192249772, ""top10_variance_fraction"": 0.6658305306031768, ""adjacent_timestep_cosine_mean"": 0.9987238061103535}",,,,,,none_validated,"{""linear_score"": ""measured_discovery_only"", ""nonlinear_gain"": ""pending_measurement"", ""best_coordinate_frame"": ""pending_measurement"", ""geometry"": ""descriptive_activation_geometry"", ""cross_trajectory_stability"": ""pending_measurement"", ""regime_dependence"": ""pending_measurement"", ""causal_patch_effect"": ""pending_measurement"", ""specificity"": ""pending_measurement"", ""manifold_distance"": ""pending_measurement"", ""recommended_operator"": ""not_yet_justified""}","[{""path"": ""artifacts/geometry_map/reach_wall_v1/discovery-screen/discovery_screen.json"", ""item"": ""rows[30]""}]"
reach-wall/encoder/block-1/spatial-mean/realized_dx,reach-wall,encoder,1,block_residual_output,mean_of_256_spatial_tokens,,realized_dx,"{""metric"": ""r2"", ""score"": -0.04607888459319365, ""time_baseline"": 0.005340828654275098, ""delta_vs_time"": -0.051419713247468746}",,,"{""participation_ratio"": 9.61096192249772, ""top10_variance_fraction"": 0.6658305306031768, ""adjacent_timestep_cosine_mean"": 0.9987238061103535}",,,,,,none_validated,"{""linear_score"": ""measured_discovery_only"", ""nonlinear_gain"": ""pending_measurement"", ""best_coordinate_frame"": ""pending_measurement"", ""geometry"": ""descriptive_activation_geometry"", ""cross_trajectory_stability"": ""pending_measurement"", ""regime_dependence"": ""pending_measurement"", ""causal_patch_effect"": ""pending_measurement"", ""specificity"": ""pending_measurement"", ""manifold_distance"": ""pending_measurement"", ""recommended_operator"": ""not_yet_justified""}","[{""path"": ""artifacts/geometry_map/reach_wall_v1/discovery-screen/discovery_screen.json"", ""item"": ""rows[37]""}]"
reach-wall/encoder/block-1/spatial-mean/realized_dy,reach-wall,encoder,1,block_residual_output,mean_of_256_spatial_tokens,,realized_dy,"{""metric"": ""r2"", ""score"": 0.8490427224623625, ""time_baseline"": 0.7938417819030151, ""delta_vs_time"": 0.05520094055934732}",,,"{""participation_ratio"": 9.61096192249772, ""top10_variance_fraction"": 0.6658305306031768, ""adjacent_timestep_cosine_mean"": 0.9987238061103535}",,,,,,none_validated,"{""linear_score"": ""measured_discovery_only"", ""nonlinear_gain"": ""pending_measurement"", ""best_coordinate_frame"": ""pending_measurement"", ""geometry"": ""descriptive_activation_geometry"", ""cross_trajectory_stability"": ""pending_measurement"", ""regime_dependence"": ""pending_measurement"", ""causal_patch_effect"": ""pending_measurement"", ""specificity"": ""pending_measurement"", ""manifold_distance"": ""pending_measurement"", ""recommended_operator"": ""not_yet_justified""}","[{""path"": ""artifacts/geometry_map/reach_wall_v1/discovery-screen/discovery_screen.json"", ""item"": ""rows[38]""}]"
reach-wall/encoder/block-1/spatial-mean/realized_dz,reach-wall,encoder,1,block_residual_output,mean_of_256_spatial_tokens,,realized_dz,"{""metric"": ""r2"", ""score"": 0.07128958440804334, ""time_baseline"": 0.07117442644816807, ""delta_vs_time"": 0.00011515795987526722}",,,"{""participation_ratio"": 9.61096192249772, ""top10_variance_fraction"": 0.6658305306031768, ""adjacent_timestep_cosine_mean"": 0.9987238061103535}",,,,,,none_validated,"{""linear_score"": ""measured_discovery_only"", ""nonlinear_gain"": ""pending_measurement"", ""best_coordinate_frame"": ""pending_measurement"", ""geometry"": ""descriptive_activation_geometry"", ""cross_trajectory_stability"": ""pending_measurement"", ""regime_dependence"": ""pending_measurement"", ""causal_patch_effect"": ""pending_measurement"", ""specificity"": ""pending_measurement"", ""manifold_distance"": ""pending_measurement"", ""recommended_operator"": ""not_yet_justified""}","[{""path"": ""artifacts/geometry_map/reach_wall_v1/discovery-screen/discovery_screen.json"", ""item"": ""rows[39]""}]"
reach-wall/encoder/block-1/spatial-mean/realized_hand_delta_magnitude,reach-wall,encoder,1,block_residual_output,mean_of_256_spatial_tokens,,realized_hand_delta_magnitude,"{""metric"": ""r2"", ""score"": 0.7064990659892569, ""time_baseline"": 0.6130267917023396, ""delta_vs_time"": 0.09347227428691729}",,,"{""participation_ratio"": 9.61096192249772, ""top10_variance_fraction"": 0.6658305306031768, ""adjacent_timestep_cosine_mean"": 0.9987238061103535}",,,,,,none_validated,"{""linear_score"": ""measured_discovery_only"", ""nonlinear_gain"": ""pending_measurement"", ""best_coordinate_frame"": ""pending_measurement"", ""geometry"": ""descriptive_activation_geometry"", ""cross_trajectory_stability"": ""pending_measurement"", ""regime_dependence"": ""pending_measurement"", ""causal_patch_effect"": ""pending_measurement"", ""specificity"": ""pending_measurement"", ""manifold_distance"": ""pending_measurement"", ""recommended_operator"": ""not_yet_justified""}","[{""path"": ""artifacts/geometry_map/reach_wall_v1/discovery-screen/discovery_screen.json"", ""item"": ""rows[40]""}, {""path"": ""artifacts/geometry_map/reach_wall_v1/emergence-geometry/emergence_geometry.json"", ""item"": ""curves.encoder.motion_magnitude.rows.layer=1""}]"
reach-wall/encoder/block-1/spatial-mean/realized_xz_direction,reach-wall,encoder,1,block_residual_output,mean_of_256_spatial_tokens,,realized_xz_direction,"{""metric"": ""r2"", ""score"": -0.032196801696011496, ""time_baseline"": null, ""delta_vs_time"": null}",,,,,,,,,none_validated,"{""linear_score"": ""measured_discovery_only"", ""nonlinear_gain"": ""pending_measurement"", ""best_coordinate_frame"": ""pending_measurement"", ""geometry"": ""pending_measurement"", ""cross_trajectory_stability"": ""pending_measurement"", ""regime_dependence"": ""pending_measurement"", ""causal_patch_effect"": ""pending_measurement"", ""specificity"": ""pending_measurement"", ""manifold_distance"": ""pending_measurement"", ""recommended_operator"": ""not_yet_justified""}","[{""path"": ""artifacts/geometry_map/reach_wall_v1/emergence-geometry/emergence_geometry.json"", ""item"": ""curves.encoder.realized_xz_direction.rows.layer=1""}]"
reach-wall/encoder/block-1/spatial-mean/reward_sum,reach-wall,encoder,1,block_residual_output,mean_of_256_spatial_tokens,,reward_sum,"{""metric"": ""r2"", ""score"": 0.9342237517831388, ""time_baseline"": 0.9142972039613033, ""delta_vs_time"": 0.01992654782183545}",,,"{""participation_ratio"": 9.61096192249772, ""top10_variance_fraction"": 0.6658305306031768, ""adjacent_timestep_cosine_mean"": 0.9987238061103535}",,,,,,none_validated,"{""linear_score"": ""measured_discovery_only"", ""nonlinear_gain"": ""pending_measurement"", ""best_coordinate_frame"": ""pending_measurement"", ""geometry"": ""descriptive_activation_geometry"", ""cross_trajectory_stability"": ""pending_measurement"", ""regime_dependence"": ""pending_measurement"", ""causal_patch_effect"": ""pending_measurement"", ""specificity"": ""pending_measurement"", ""manifold_distance"": ""pending_measurement"", ""recommended_operator"": ""not_yet_justified""}","[{""path"": ""artifacts/geometry_map/reach_wall_v1/discovery-screen/discovery_screen.json"", ""item"": ""rows[41]""}]"
reach-wall/encoder/block-1/spatial-mean/wall_signed_distance,reach-wall,encoder,1,block_residual_output,mean_of_256_spatial_tokens,,wall_signed_distance,"{""metric"": ""r2"", ""score"": 0.9368548819924933, ""time_baseline"": 0.14228076564542247, ""delta_vs_time"": 0.7945741163470709}",,,"{""participation_ratio"": 9.61096192249772, ""top10_variance_fraction"": 0.6658305306031768, ""adjacent_timestep_cosine_mean"": 0.9987238061103535}",,,,,,none_validated,"{""linear_score"": ""measured_discovery_only"", ""nonlinear_gain"": ""pending_measurement"", ""best_coordinate_frame"": ""pending_measurement"", ""geometry"": ""descriptive_activation_geometry"", ""cross_trajectory_stability"": ""pending_measurement"", ""regime_dependence"": ""pending_measurement"", ""causal_patch_effect"": ""pending_measurement"", ""specificity"": ""pending_measurement"", ""manifold_distance"": ""pending_measurement"", ""recommended_operator"": ""not_yet_justified""}","[{""path"": ""artifacts/geometry_map/reach_wall_v1/discovery-screen/discovery_screen.json"", ""item"": ""rows[29]""}, {""path"": ""artifacts/geometry_map/reach_wall_v1/emergence-geometry/emergence_geometry.json"", ""item"": ""curves.encoder.wall_signed_distance.rows.layer=1""}]"
reach-wall/encoder/block-2/spatial-mean/action_chunk_frobenius_magnitude,reach-wall,encoder,2,block_residual_output,mean_of_256_spatial_tokens,,action_chunk_frobenius_magnitude,"{""metric"": ""r2"", ""score"": 0.4796154643474929, ""time_baseline"": 0.4725658231754639, ""delta_vs_time"": 0.0070496411720289975}",,,"{""participation_ratio"": 5.799278417060373, ""top10_variance_fraction"": 0.7291180786157061, ""adjacent_timestep_cosine_mean"": 0.9992219055168647}",,,,,,none_validated,"{""linear_score"": ""measured_discovery_only"", ""nonlinear_gain"": ""pending_measurement"", ""best_coordinate_frame"": ""pending_measurement"", ""geometry"": ""descriptive_activation_geometry"", ""cross_trajectory_stability"": ""pending_measurement"", ""regime_dependence"": ""pending_measurement"", ""causal_patch_effect"": ""pending_measurement"", ""specificity"": ""pending_measurement"", ""manifold_distance"": ""pending_measurement"", ""recommended_operator"": ""not_yet_justified""}","[{""path"": ""artifacts/geometry_map/reach_wall_v1/discovery-screen/discovery_screen.json"", ""item"": ""rows[57]""}]"
reach-wall/encoder/block-2/spatial-mean/action_dx,reach-wall,encoder,2,block_residual_output,mean_of_256_spatial_tokens,,action_dx,"{""metric"": ""r2"", ""score"": -0.05646450113920132, ""time_baseline"": 0.0033910809446688894, ""delta_vs_time"": -0.05985558208387021}",,,"{""participation_ratio"": 5.799278417060373, ""top10_variance_fraction"": 0.7291180786157061, ""adjacent_timestep_cosine_mean"": 0.9992219055168647}",,,,,,none_validated,"{""linear_score"": ""measured_discovery_only"", ""nonlinear_gain"": ""pending_measurement"", ""best_coordinate_frame"": ""pending_measurement"", ""geometry"": ""descriptive_activation_geometry"", ""cross_trajectory_stability"": ""pending_measurement"", ""regime_dependence"": ""pending_measurement"", ""causal_patch_effect"": ""pending_measurement"", ""specificity"": ""pending_measurement"", ""manifold_distance"": ""pending_measurement"", ""recommended_operator"": ""not_yet_justified""}","[{""path"": ""artifacts/geometry_map/reach_wall_v1/discovery-screen/discovery_screen.json"", ""item"": ""rows[54]""}]"
reach-wall/encoder/block-2/spatial-mean/action_dy,reach-wall,encoder,2,block_residual_output,mean_of_256_spatial_tokens,,action_dy,"{""metric"": ""r2"", ""score"": 0.6285685765960358, ""time_baseline"": 0.6287213192564175, ""delta_vs_time"": -0.00015274266038167728}",,,"{""participation_ratio"": 5.799278417060373, ""top10_variance_fraction"": 0.7291180786157061, ""adjacent_timestep_cosine_mean"": 0.9992219055168647}",,,,,,none_validated,"{""linear_score"": ""measured_discovery_only"", ""nonlinear_gain"": ""pending_measurement"", ""best_coordinate_frame"": ""pending_measurement"", ""geometry"": ""descriptive_activation_geometry"", ""cross_trajectory_stability"": ""pending_measurement"", ""regime_dependence"": ""pending_measurement"", ""causal_patch_effect"": ""pending_measurement"", ""specificity"": ""pending_measurement"", ""manifold_distance"": ""pending_measurement"", ""recommended_operator"": ""not_yet_justified""}","[{""path"": ""artifacts/geometry_map/reach_wall_v1/discovery-screen/discovery_screen.json"", ""item"": ""rows[55]""}]"
reach-wall/encoder/block-2/spatial-mean/action_dz,reach-wall,encoder,2,block_residual_output,mean_of_256_spatial_tokens,,action_dz,"{""metric"": ""r2"", ""score"": 0.0029466036973574417, ""time_baseline"": 0.02788791500905774, ""delta_vs_time"": -0.024941311311700298}",,,"{""participation_ratio"": 5.799278417060373, ""top10_variance_fraction"": 0.7291180786157061, ""adjacent_timestep_cosine_mean"": 0.9992219055168647}",,,,,,none_validated,"{""linear_score"": ""measured_discovery_only"", ""nonlinear_gain"": ""pending_measurement"", ""best_coordinate_frame"": ""pending_measurement"", ""geometry"": ""descriptive_activation_geometry"", ""cross_trajectory_stability"": ""pending_measurement"", ""regime_dependence"": ""pending_measurement"", ""causal_patch_effect"": ""pending_measurement"", ""specificity"": ""pending_measurement"", ""manifold_distance"": ""pending_measurement"", ""recommended_operator"": ""not_yet_justified""}","[{""path"": ""artifacts/geometry_map/reach_wall_v1/discovery-screen/discovery_screen.json"", ""item"": ""rows[56]""}]"
reach-wall/encoder/block-2/spatial-mean/cumulative_progress,reach-wall,encoder,2,block_residual_output,mean_of_256_spatial_tokens,,cumulative_progress,"{""metric"": ""r2"", ""score"": 0.9377445060753712, ""time_baseline"": 0.9222151817810877, ""delta_vs_time"": 0.015529324294283442}",,,"{""participation_ratio"": 5.799278417060373, ""top10_variance_fraction"": 0.7291180786157061, ""adjacent_timestep_cosine_mean"": 0.9992219055168647}",,,,,,none_validated,"{""linear_score"": ""measured_discovery_only"", ""nonlinear_gain"": ""pending_measurement"", ""best_coordinate_frame"": ""pending_measurement"", ""geometry"": ""descriptive_activation_geometry"", ""cross_trajectory_stability"": ""pending_measurement"", ""regime_dependence"": ""pending_measurement"", ""causal_patch_effect"": ""pending_measurement"", ""specificity"": ""pending_measurement"", ""manifold_distance"": ""pending_measurement"", ""recommended_operator"": ""not_yet_justified""}","[{""path"": ""artifacts/geometry_map/reach_wall_v1/discovery-screen/discovery_screen.json"", ""item"": ""rows[43]""}, {""path"": ""artifacts/geometry_map/reach_wall_v1/emergence-geometry/emergence_geometry.json"", ""item"": ""curves.encoder.progress.rows.layer=2""}]"
reach-wall/encoder/block-2/spatial-mean/expert_detour_gate,reach-wall,encoder,2,block_residual_output,mean_of_256_spatial_tokens,,expert_detour_gate,"{""metric"": ""auroc"", ""score"": 0.9977779528898495, ""time_baseline"": 0.978149765850144, ""delta_vs_time"": 0.01962818703970548}",,,"{""participation_ratio"": 5.799278417060373, ""top10_variance_fraction"": 0.7291180786157061, ""adjacent_timestep_cosine_mean"": 0.9992219055168647}",,,,,,none_validated,"{""linear_score"": ""measured_discovery_only"", ""nonlinear_gain"": ""pending_measurement"", ""best_coordinate_frame"": ""pending_measurement"", ""geometry"": ""descriptive_activation_geometry"", ""cross_trajectory_stability"": ""pending_measurement"", ""regime_dependence"": ""pending_measurement"", ""causal_patch_effect"": ""pending_measurement"", ""specificity"": ""pending_measurement"", ""manifold_distance"": ""pending_measurement"", ""recommended_operator"": ""not_yet_justified""}","[{""path"": ""artifacts/geometry_map/reach_wall_v1/discovery-screen/discovery_screen.json"", ""item"": ""rows[53]""}]"
reach-wall/encoder/block-2/spatial-mean/goal_distance,reach-wall,encoder,2,block_residual_output,mean_of_256_spatial_tokens,,goal_distance,"{""metric"": ""r2"", ""score"": 0.92822314316846, ""time_baseline"": 0.908897827090231, ""delta_vs_time"": 0.01932531607822896}",,,"{""participation_ratio"": 5.799278417060373, ""top10_variance_fraction"": 0.7291180786157061, ""adjacent_timestep_cosine_mean"": 0.9992219055168647}",,,,,,none_validated,"{""linear_score"": ""measured_discovery_only"", ""nonlinear_gain"": ""pending_measurement"", ""best_coordinate_frame"": ""pending_measurement"", ""geometry"": ""descriptive_activation_geometry"", ""cross_trajectory_stability"": ""pending_measurement"", ""regime_dependence"": ""pending_measurement"", ""causal_patch_effect"": ""pending_measurement"", ""specificity"": ""pending_measurement"", ""manifold_distance"": ""pending_measurement"", ""recommended_operator"": ""not_yet_justified""}","[{""path"": ""artifacts/geometry_map/reach_wall_v1/discovery-screen/discovery_screen.json"", ""item"": ""rows[42]""}]"
reach-wall/encoder/block-2/spatial-mean/goal_vector_x,reach-wall,encoder,2,block_residual_output,mean_of_256_spatial_tokens,,goal_vector_x,"{""metric"": ""r2"", ""score"": 0.08320315994657779, ""time_baseline"": 0.08054582471970773, ""delta_vs_time"": 0.002657335226870061}",,,"{""participation_ratio"": 5.799278417060373, ""top10_variance_fraction"": 0.7291180786157061, ""adjacent_timestep_cosine_mean"": 0.9992219055168647}",,,,,,none_validated,"{""linear_score"": ""measured_discovery_only"", ""nonlinear_gain"": ""pending_measurement"", ""best_coordinate_frame"": ""pending_measurement"", ""geometry"": ""descriptive_activation_geometry"", ""cross_trajectory_stability"": ""pending_measurement"", ""regime_dependence"": ""pending_measurement"", ""causal_patch_effect"": ""pending_measurement"", ""specificity"": ""pending_measurement"", ""manifold_distance"": ""pending_measurement"", ""recommended_operator"": ""not_yet_justified""}","[{""path"": ""artifacts/geometry_map/reach_wall_v1/discovery-screen/discovery_screen.json"", ""item"": ""rows[47]""}]"
reach-wall/encoder/block-2/spatial-mean/goal_vector_y,reach-wall,encoder,2,block_residual_output,mean_of_256_spatial_tokens,,goal_vector_y,"{""metric"": ""r2"", ""score"": 0.961880059784134, ""time_baseline"": 0.9568517433439947, ""delta_vs_time"": 0.0050283164401393465}",,,"{""participation_ratio"": 5.799278417060373, ""top10_variance_fraction"": 0.7291180786157061, ""adjacent_timestep_cosine_mean"": 0.9992219055168647}",,,,,,none_validated,"{""linear_score"": ""measured_discovery_only"", ""nonlinear_gain"": ""pending_measurement"", ""best_coordinate_frame"": ""pending_measurement"", ""geometry"": ""descriptive_activation_geometry"", ""cross_trajectory_stability"": ""pending_measurement"", ""regime_dependence"": ""pending_measurement"", ""causal_patch_effect"": ""pending_measurement"", ""specificity"": ""pending_measurement"", ""manifold_distance"": ""pending_measurement"", ""recommended_operator"": ""not_yet_justified""}","[{""path"": ""artifacts/geometry_map/reach_wall_v1/discovery-screen/discovery_screen.json"", ""item"": ""rows[48]""}]"
reach-wall/encoder/block-2/spatial-mean/goal_vector_z,reach-wall,encoder,2,block_residual_output,mean_of_256_spatial_tokens,,goal_vector_z,"{""metric"": ""r2"", ""score"": 0.27539717493358395, ""time_baseline"": 0.044334510544640326, ""delta_vs_time"": 0.23106266438894363}",,,"{""participation_ratio"": 5.799278417060373, ""top10_variance_fraction"": 0.7291180786157061, ""adjacent_timestep_cosine_mean"": 0.9992219055168647}",,,,,,none_validated,"{""linear_score"": ""measured_discovery_only"", ""nonlinear_gain"": ""pending_measurement"", ""best_coordinate_frame"": ""pending_measurement"", ""geometry"": ""descriptive_activation_geometry"", ""cross_trajectory_stability"": ""pending_measurement"", ""regime_dependence"": ""pending_measurement"", ""causal_patch_effect"": ""pending_measurement"", ""specificity"": ""pending_measurement"", ""manifold_distance"": ""pending_measurement"", ""recommended_operator"": ""not_yet_justified""}","[{""path"": ""artifacts/geometry_map/reach_wall_v1/discovery-screen/discovery_screen.json"", ""item"": ""rows[49]""}]"
reach-wall/encoder/block-2/spatial-mean/goal_xz_direction,reach-wall,encoder,2,block_residual_output,mean_of_256_spatial_tokens,,goal_xz_direction,"{""metric"": ""r2"", ""score"": 0.24491933751053796, ""time_baseline"": null, ""delta_vs_time"": null}",,,,,,,,,none_validated,"{""linear_score"": ""measured_discovery_only"", ""nonlinear_gain"": ""pending_measurement"", ""best_coordinate_frame"": ""pending_measurement"", ""geometry"": ""pending_measurement"", ""cross_trajectory_stability"": ""pending_measurement"", ""regime_dependence"": ""pending_measurement"", ""causal_patch_effect"": ""pending_measurement"", ""specificity"": ""pending_measurement"", ""manifold_distance"": ""pending_measurement"", ""recommended_operator"": ""not_yet_justified""}","[{""path"": ""artifacts/geometry_map/reach_wall_v1/emergence-geometry/emergence_geometry.json"", ""item"": ""curves.encoder.goal_xz_direction.rows.layer=2""}]"
reach-wall/encoder/block-2/spatial-mean/hand_to_goal_segment_intersects_wall,reach-wall,encoder,2,block_residual_output,mean_of_256_spatial_tokens,,hand_to_goal_segment_intersects_wall,"{""metric"": ""auroc"", ""score"": 0.9794934135793858, ""time_baseline"": 0.9019247457737662, ""delta_vs_time"": 0.07756866780561955}",,,"{""participation_ratio"": 5.799278417060373, ""top10_variance_fraction"": 0.7291180786157061, ""adjacent_timestep_cosine_mean"": 0.9992219055168647}",,,,,,none_validated,"{""linear_score"": ""measured_discovery_only"", ""nonlinear_gain"": ""pending_measurement"", ""best_coordinate_frame"": ""pending_measurement"", ""geometry"": ""descriptive_activation_geometry"", ""cross_trajectory_stability"": ""pending_measurement"", ""regime_dependence"": ""pending_measurement"", ""causal_patch_effect"": ""pending_measurement"", ""specificity"": ""pending_measurement"", ""manifold_distance"": ""pending_measurement"", ""recommended_operator"": ""not_yet_justified""}","[{""path"": ""artifacts/geometry_map/reach_wall_v1/discovery-screen/discovery_screen.json"", ""item"": ""rows[52]""}]"
reach-wall/encoder/block-2/spatial-mean/hand_x,reach-wall,encoder,2,block_residual_output,mean_of_256_spatial_tokens,,hand_x,"{""metric"": ""r2"", ""score"": 0.7603390043838913, ""time_baseline"": 0.058067306134002794, ""delta_vs_time"": 0.7022716982498886}",,,"{""participation_ratio"": 5.799278417060373, ""top10_variance_fraction"": 0.7291180786157061, ""adjacent_timestep_cosine_mean"": 0.9992219055168647}",,,,,,none_validated,"{""linear_score"": ""measured_discovery_only"", ""nonlinear_gain"": ""pending_measurement"", ""best_coordinate_frame"": ""pending_measurement"", ""geometry"": ""descriptive_activation_geometry"", ""cross_trajectory_stability"": ""pending_measurement"", ""regime_dependence"": ""pending_measurement"", ""causal_patch_effect"": ""pending_measurement"", ""specificity"": ""pending_measurement"", ""manifold_distance"": ""pending_measurement"", ""recommended_operator"": ""not_yet_justified""}","[{""path"": ""artifacts/geometry_map/reach_wall_v1/discovery-screen/discovery_screen.json"", ""item"": ""rows[44]""}]"
reach-wall/encoder/block-2/spatial-mean/hand_y,reach-wall,encoder,2,block_residual_output,mean_of_256_spatial_tokens,,hand_y,"{""metric"": ""r2"", ""score"": 0.9884541565536145, ""time_baseline"": 0.9772521653309317, ""delta_vs_time"": 0.011201991222682728}",,,"{""participation_ratio"": 5.799278417060373, ""top10_variance_fraction"": 0.7291180786157061, ""adjacent_timestep_cosine_mean"": 0.9992219055168647}",,,,,,none_validated,"{""linear_score"": ""measured_discovery_only"", ""nonlinear_gain"": ""pending_measurement"", ""best_coordinate_frame"": ""pending_measurement"", ""geometry"": ""descriptive_activation_geometry"", ""cross_trajectory_stability"": ""pending_measurement"", ""regime_dependence"": ""pending_measurement"", ""causal_patch_effect"": ""pending_measurement"", ""specificity"": ""pending_measurement"", ""manifold_distance"": ""pending_measurement"", ""recommended_operator"": ""not_yet_justified""}","[{""path"": ""artifacts/geometry_map/reach_wall_v1/discovery-screen/discovery_screen.json"", ""item"": ""rows[45]""}]"
reach-wall/encoder/block-2/spatial-mean/hand_z,reach-wall,encoder,2,block_residual_output,mean_of_256_spatial_tokens,,hand_z,"{""metric"": ""r2"", ""score"": 0.9862613686764112, ""time_baseline"": 0.00804356141242546, ""delta_vs_time"": 0.9782178072639858}",,,"{""participation_ratio"": 5.799278417060373, ""top10_variance_fraction"": 0.7291180786157061, ""adjacent_timestep_cosine_mean"": 0.9992219055168647}",,,,,,none_validated,"{""linear_score"": ""measured_discovery_only"", ""nonlinear_gain"": ""pending_measurement"", ""best_coordinate_frame"": ""pending_measurement"", ""geometry"": ""descriptive_activation_geometry"", ""cross_trajectory_stability"": ""pending_measurement"", ""regime_dependence"": ""pending_measurement"", ""causal_patch_effect"": ""pending_measurement"", ""specificity"": ""pending_measurement"", ""manifold_distance"": ""pending_measurement"", ""recommended_operator"": ""not_yet_justified""}","[{""path"": ""artifacts/geometry_map/reach_wall_v1/discovery-screen/discovery_screen.json"", ""item"": ""rows[46]""}]"
reach-wall/encoder/block-2/spatial-mean/height_above_wall_top,reach-wall,encoder,2,block_residual_output,mean_of_256_spatial_tokens,,height_above_wall_top,"{""metric"": ""r2"", ""score"": 0.9862613687765758, ""time_baseline"": 0.008043558955029284, ""delta_vs_time"": 0.9782178098215465}",,,"{""participation_ratio"": 5.799278417060373, ""top10_variance_fraction"": 0.7291180786157061, ""adjacent_timestep_cosine_mean"": 0.9992219055168647}",,,,,,none_validated,"{""linear_score"": ""measured_discovery_only"", ""nonlinear_gain"": ""pending_measurement"", ""best_coordinate_frame"": ""pending_measurement"", ""geometry"": ""descriptive_activation_geometry"", ""cross_trajectory_stability"": ""pending_measurement"", ""regime_dependence"": ""pending_measurement"", ""causal_patch_effect"": ""pending_measurement"", ""specificity"": ""pending_measurement"", ""manifold_distance"": ""pending_measurement"", ""recommended_operator"": ""not_yet_justified""}","[{""path"": ""artifacts/geometry_map/reach_wall_v1/discovery-screen/discovery_screen.json"", ""item"": ""rows[51]""}]"
reach-wall/encoder/block-2/spatial-mean/realized_dx,reach-wall,encoder,2,block_residual_output,mean_of_256_spatial_tokens,,realized_dx,"{""metric"": ""r2"", ""score"": -0.04192731250740822, ""time_baseline"": 0.005340828654275098, ""delta_vs_time"": -0.04726814116168332}",,,"{""participation_ratio"": 5.799278417060373, ""top10_variance_fraction"": 0.7291180786157061, ""adjacent_timestep_cosine_mean"": 0.9992219055168647}",,,,,,none_validated,"{""linear_score"": ""measured_discovery_only"", ""nonlinear_gain"": ""pending_measurement"", ""best_coordinate_frame"": ""pending_measurement"", ""geometry"": ""descriptive_activation_geometry"", ""cross_trajectory_stability"": ""pending_measurement"", ""regime_dependence"": ""pending_measurement"", ""causal_patch_effect"": ""pending_measurement"", ""specificity"": ""pending_measurement"", ""manifold_distance"": ""pending_measurement"", ""recommended_operator"": ""not_yet_justified""}","[{""path"": ""artifacts/geometry_map/reach_wall_v1/discovery-screen/discovery_screen.json"", ""item"": ""rows[58]""}]"
reach-wall/encoder/block-2/spatial-mean/realized_dy,reach-wall,encoder,2,block_residual_output,mean_of_256_spatial_tokens,,realized_dy,"{""metric"": ""r2"", ""score"": 0.8510326061202866, ""time_baseline"": 0.7938417819030151, ""delta_vs_time"": 0.05719082421727151}",,,"{""participation_ratio"": 5.799278417060373, ""top10_variance_fraction"": 0.7291180786157061, ""adjacent_timestep_cosine_mean"": 0.9992219055168647}",,,,,,none_validated,"{""linear_score"": ""measured_discovery_only"", ""nonlinear_gain"": ""pending_measurement"", ""best_coordinate_frame"": ""pending_measurement"", ""geometry"": ""descriptive_activation_geometry"", ""cross_trajectory_stability"": ""pending_measurement"", ""regime_dependence"": ""pending_measurement"", ""causal_patch_effect"": ""pending_measurement"", ""specificity"": ""pending_measurement"", ""manifold_distance"": ""pending_measurement"", ""recommended_operator"": ""not_yet_justified""}","[{""path"": ""artifacts/geometry_map/reach_wall_v1/discovery-screen/discovery_screen.json"", ""item"": ""rows[59]""}]"
reach-wall/encoder/block-2/spatial-mean/realized_dz,reach-wall,encoder,2,block_residual_output,mean_of_256_spatial_tokens,,realized_dz,"{""metric"": ""r2"", ""score"": 0.09698633808141377, ""time_baseline"": 0.07117442644816807, ""delta_vs_time"": 0.0258119116332457}",,,"{""participation_ratio"": 5.799278417060373, ""top10_variance_fraction"": 0.7291180786157061, ""adjacent_timestep_cosine_mean"": 0.9992219055168647}",,,,,,none_validated,"{""linear_score"": ""measured_discovery_only"", ""nonlinear_gain"": ""pending_measurement"", ""best_coordinate_frame"": ""pending_measurement"", ""geometry"": ""descriptive_activation_geometry"", ""cross_trajectory_stability"": ""pending_measurement"", ""regime_dependence"": ""pending_measurement"", ""causal_patch_effect"": ""pending_measurement"", ""specificity"": ""pending_measurement"", ""manifold_distance"": ""pending_measurement"", ""recommended_operator"": ""not_yet_justified""}","[{""path"": ""artifacts/geometry_map/reach_wall_v1/discovery-screen/discovery_screen.json"", ""item"": ""rows[60]""}]"
reach-wall/encoder/block-2/spatial-mean/realized_hand_delta_magnitude,reach-wall,encoder,2,block_residual_output,mean_of_256_spatial_tokens,,realized_hand_delta_magnitude,"{""metric"": ""r2"", ""score"": 0.7155254082638676, ""time_baseline"": 0.6130267917023396, ""delta_vs_time"": 0.10249861656152792}",,,"{""participation_ratio"": 5.799278417060373, ""top10_variance_fraction"": 0.7291180786157061, ""adjacent_timestep_cosine_mean"": 0.9992219055168647}",,,,,,none_validated,"{""linear_score"": ""measured_discovery_only"", ""nonlinear_gain"": ""pending_measurement"", ""best_coordinate_frame"": ""pending_measurement"", ""geometry"": ""descriptive_activation_geometry"", ""cross_trajectory_stability"": ""pending_measurement"", ""regime_dependence"": ""pending_measurement"", ""causal_patch_effect"": ""pending_measurement"", ""specificity"": ""pending_measurement"", ""manifold_distance"": ""pending_measurement"", ""recommended_operator"": ""not_yet_justified""}","[{""path"": ""artifacts/geometry_map/reach_wall_v1/discovery-screen/discovery_screen.json"", ""item"": ""rows[61]""}, {""path"": ""artifacts/geometry_map/reach_wall_v1/emergence-geometry/emergence_geometry.json"", ""item"": ""curves.encoder.motion_magnitude.rows.layer=2""}]"
reach-wall/encoder/block-2/spatial-mean/realized_xz_direction,reach-wall,encoder,2,block_residual_output,mean_of_256_spatial_tokens,,realized_xz_direction,"{""metric"": ""r2"", ""score"": -0.018398837915550782, ""time_baseline"": null, ""delta_vs_time"": null}",,,,,,,,,none_validated,"{""linear_score"": ""measured_discovery_only"", ""nonlinear_gain"": ""pending_measurement"", ""best_coordinate_frame"": ""pending_measurement"", ""geometry"": ""pending_measurement"", ""cross_trajectory_stability"": ""pending_measurement"", ""regime_dependence"": ""pending_measurement"", ""causal_patch_effect"": ""pending_measurement"", ""specificity"": ""pending_measurement"", ""manifold_distance"": ""pending_measurement"", ""recommended_operator"": ""not_yet_justified""}","[{""path"": ""artifacts/geometry_map/reach_wall_v1/emergence-geometry/emergence_geometry.json"", ""item"": ""curves.encoder.realized_xz_direction.rows.layer=2""}]"
reach-wall/encoder/block-2/spatial-mean/reward_sum,reach-wall,encoder,2,block_residual_output,mean_of_256_spatial_tokens,,reward_sum,"{""metric"": ""r2"", ""score"": 0.9450134487161881, ""time_baseline"": 0.9142972039613033, ""delta_vs_time"": 0.03071624475488477}",,,"{""participation_ratio"": 5.799278417060373, ""top10_variance_fraction"": 0.7291180786157061, ""adjacent_timestep_cosine_mean"": 0.9992219055168647}",,,,,,none_validated,"{""linear_score"": ""measured_discovery_only"", ""nonlinear_gain"": ""pending_measurement"", ""best_coordinate_frame"": ""pending_measurement"", ""geometry"": ""descriptive_activation_geometry"", ""cross_trajectory_stability"": ""pending_measurement"", ""regime_dependence"": ""pending_measurement"", ""causal_patch_effect"": ""pending_measurement"", ""specificity"": ""pending_measurement"", ""manifold_distance"": ""pending_measurement"", ""recommended_operator"": ""not_yet_justified""}","[{""path"": ""artifacts/geometry_map/reach_wall_v1/discovery-screen/discovery_screen.json"", ""item"": ""rows[62]""}]"
reach-wall/encoder/block-2/spatial-mean/wall_signed_distance,reach-wall,encoder,2,block_residual_output,mean_of_256_spatial_tokens,,wall_signed_distance,"{""metric"": ""r2"", ""score"": 0.9519858611152134, ""time_baseline"": 0.14228076564542247, ""delta_vs_time"": 0.809705095469791}",,,"{""participation_ratio"": 5.799278417060373, ""top10_variance_fraction"": 0.7291180786157061, ""adjacent_timestep_cosine_mean"": 0.9992219055168647}",,,,,,none_validated,"{""linear_score"": ""measured_discovery_only"", ""nonlinear_gain"": ""pending_measurement"", ""best_coordinate_frame"": ""pending_measurement"", ""geometry"": ""descriptive_activation_geometry"", ""cross_trajectory_stability"": ""pending_measurement"", ""regime_dependence"": ""pending_measurement"", ""causal_patch_effect"": ""pending_measurement"", ""specificity"": ""pending_measurement"", ""manifold_distance"": ""pending_measurement"", ""recommended_operator"": ""not_yet_justified""}","[{""path"": ""artifacts/geometry_map/reach_wall_v1/discovery-screen/discovery_screen.json"", ""item"": ""rows[50]""}, {""path"": ""artifacts/geometry_map/reach_wall_v1/emergence-geometry/emergence_geometry.json"", ""item"": ""curves.encoder.wall_signed_distance.rows.layer=2""}]"
reach-wall/encoder/block-3/spatial-mean/action_chunk_frobenius_magnitude,reach-wall,encoder,3,block_residual_output,mean_of_256_spatial_tokens,,action_chunk_frobenius_magnitude,"{""metric"": ""r2"", ""score"": 0.504152621634654, ""time_baseline"": 0.4725658231754639, ""delta_vs_time"": 0.0315867984591901}",,,"{""participation_ratio"": 5.004015000759506, ""top10_variance_fraction"": 0.7490004481073486, ""adjacent_timestep_cosine_mean"": 0.9989497715581186}",,,,,,none_validated,"{""linear_score"": ""measured_discovery_only"", ""nonlinear_gain"": ""pending_measurement"", ""best_coordinate_frame"": ""pending_measurement"", ""geometry"": ""descriptive_activation_geometry"", ""cross_trajectory_stability"": ""pending_measurement"", ""regime_dependence"": ""pending_measurement"", ""causal_patch_effect"": ""pending_measurement"", ""specificity"": ""pending_measurement"", ""manifold_distance"": ""pending_measurement"", ""recommended_operator"": ""not_yet_justified""}","[{""path"": ""artifacts/geometry_map/reach_wall_v1/discovery-screen/discovery_screen.json"", ""item"": ""rows[78]""}]"
reach-wall/encoder/block-3/spatial-mean/action_dx,reach-wall,encoder,3,block_residual_output,mean_of_256_spatial_tokens,,action_dx,"{""metric"": ""r2"", ""score"": -0.020793369018299535, ""time_baseline"": 0.0033910809446688894, ""delta_vs_time"": -0.024184449962968424}",,,"{""participation_ratio"": 5.004015000759506, ""top10_variance_fraction"": 0.7490004481073486, ""adjacent_timestep_cosine_mean"": 0.9989497715581186}",,,,,,none_validated,"{""linear_score"": ""measured_discovery_only"", ""nonlinear_gain"": ""pending_measurement"", ""best_coordinate_frame"": ""pending_measurement"", ""geometry"": ""descriptive_activation_geometry"", ""cross_trajectory_stability"": ""pending_measurement"", ""regime_dependence"": ""pending_measurement"", ""causal_patch_effect"": ""pending_measurement"", ""specificity"": ""pending_measurement"", ""manifold_distance"": ""pending_measurement"", ""recommended_operator"": ""not_yet_justified""}","[{""path"": ""artifacts/geometry_map/reach_wall_v1/discovery-screen/discovery_screen.json"", ""item"": ""rows[75]""}]"
reach-wall/encoder/block-3/spatial-mean/action_dy,reach-wall,encoder,3,block_residual_output,mean_of_256_spatial_tokens,,action_dy,"{""metric"": ""r2"", ""score"": 0.625975662700212, ""time_baseline"": 0.6287213192564175, ""delta_vs_time"": -0.0027456565562055113}",,,"{""participation_ratio"": 5.004015000759506, ""top10_variance_fraction"": 0.7490004481073486, ""adjacent_timestep_cosine_mean"": 0.9989497715581186}",,,,,,none_validated,"{""linear_score"": ""measured_discovery_only"", ""nonlinear_gain"": ""pending_measurement"", ""best_coordinate_frame"": ""pending_measurement"", ""geometry"": ""descriptive_activation_geometry"", ""cross_trajectory_stability"": ""pending_measurement"", ""regime_dependence"": ""pending_measurement"", ""causal_patch_effect"": ""pending_measurement"", ""specificity"": ""pending_measurement"", ""manifold_distance"": ""pending_measurement"", ""recommended_operator"": ""not_yet_justified""}","[{""path"": ""artifacts/geometry_map/reach_wall_v1/discovery-screen/discovery_screen.json"", ""item"": ""rows[76]""}]"
reach-wall/encoder/block-3/spatial-mean/action_dz,reach-wall,encoder,3,block_residual_output,mean_of_256_spatial_tokens,,action_dz,"{""metric"": ""r2"", ""score"": 0.022116521143652035, ""time_baseline"": 0.02788791500905774, ""delta_vs_time"": -0.005771393865405705}",,,"{""participation_ratio"": 5.004015000759506, ""top10_variance_fraction"": 0.7490004481073486, ""adjacent_timestep_cosine_mean"": 0.9989497715581186}",,,,,,none_validated,"{""linear_score"": ""measured_discovery_only"", ""nonlinear_gain"": ""pending_measurement"", ""best_coordinate_frame"": ""pending_measurement"", ""geometry"": ""descriptive_activation_geometry"", ""cross_trajectory_stability"": ""pending_measurement"", ""regime_dependence"": ""pending_measurement"", ""causal_patch_effect"": ""pending_measurement"", ""specificity"": ""pending_measurement"", ""manifold_distance"": ""pending_measurement"", ""recommended_operator"": ""not_yet_justified""}","[{""path"": ""artifacts/geometry_map/reach_wall_v1/discovery-screen/discovery_screen.json"", ""item"": ""rows[77]""}]"
reach-wall/encoder/block-3/spatial-mean/cumulative_progress,reach-wall,encoder,3,block_residual_output,mean_of_256_spatial_tokens,,cumulative_progress,"{""metric"": ""r2"", ""score"": 0.9399446361820543, ""time_baseline"": 0.9222151817810877, ""delta_vs_time"": 0.017729454400966516}",,,"{""participation_ratio"": 5.004015000759506, ""top10_variance_fraction"": 0.7490004481073486, ""adjacent_timestep_cosine_mean"": 0.9989497715581186}",,,,,,none_validated,"{""linear_score"": ""measured_discovery_only"", ""nonlinear_gain"": ""pending_measurement"", ""best_coordinate_frame"": ""pending_measurement"", ""geometry"": ""descriptive_activation_geometry"", ""cross_trajectory_stability"": ""pending_measurement"", ""regime_dependence"": ""pending_measurement"", ""causal_patch_effect"": ""pending_measurement"", ""specificity"": ""pending_measurement"", ""manifold_distance"": ""pending_measurement"", ""recommended_operator"": ""not_yet_justified""}","[{""path"": ""artifacts/geometry_map/reach_wall_v1/discovery-screen/discovery_screen.json"", ""item"": ""rows[64]""}, {""path"": ""artifacts/geometry_map/reach_wall_v1/emergence-geometry/emergence_geometry.json"", ""item"": ""curves.encoder.progress.rows.layer=3""}]"
reach-wall/encoder/block-3/spatial-mean/expert_detour_gate,reach-wall,encoder,3,block_residual_output,mean_of_256_spatial_tokens,,expert_detour_gate,"{""metric"": ""auroc"", ""score"": 0.9984909091818763, ""time_baseline"": 0.978149765850144, ""delta_vs_time"": 0.020341143331732314}",,,"{""participation_ratio"": 5.004015000759506, ""top10_variance_fraction"": 0.7490004481073486, ""adjacent_timestep_cosine_mean"": 0.9989497715581186}",,,,,,none_validated,"{""linear_score"": ""measured_discovery_only"", ""nonlinear_gain"": ""pending_measurement"", ""best_coordinate_frame"": ""pending_measurement"", ""geometry"": ""descriptive_activation_geometry"", ""cross_trajectory_stability"": ""pending_measurement"", ""regime_dependence"": ""pending_measurement"", ""causal_patch_effect"": ""pending_measurement"", ""specificity"": ""pending_measurement"", ""manifold_distance"": ""pending_measurement"", ""recommended_operator"": ""not_yet_justified""}","[{""path"": ""artifacts/geometry_map/reach_wall_v1/discovery-screen/discovery_screen.json"", ""item"": ""rows[74]""}]"
reach-wall/encoder/block-3/spatial-mean/goal_distance,reach-wall,encoder,3,block_residual_output,mean_of_256_spatial_tokens,,goal_distance,"{""metric"": ""r2"", ""score"": 0.9246201022770283, ""time_baseline"": 0.908897827090231, ""delta_vs_time"": 0.015722275186797252}",,,"{""participation_ratio"": 5.004015000759506, ""top10_variance_fraction"": 0.7490004481073486, ""adjacent_timestep_cosine_mean"": 0.9989497715581186}",,,,,,none_validated,"{""linear_score"": ""measured_discovery_only"", ""nonlinear_gain"": ""pending_measurement"", ""best_coordinate_frame"": ""pending_measurement"", ""geometry"": ""descriptive_activation_geometry"", ""cross_trajectory_stability"": ""pending_measurement"", ""regime_dependence"": ""pending_measurement"", ""causal_patch_effect"": ""pending_measurement"", ""specificity"": ""pending_measurement"", ""manifold_distance"": ""pending_measurement"", ""recommended_operator"": ""not_yet_justified""}","[{""path"": ""artifacts/geometry_map/reach_wall_v1/discovery-screen/discovery_screen.json"", ""item"": ""rows[63]""}]"
reach-wall/encoder/block-3/spatial-mean/goal_vector_x,reach-wall,encoder,3,block_residual_output,mean_of_256_spatial_tokens,,goal_vector_x,"{""metric"": ""r2"", ""score"": 0.06303812183988522, ""time_baseline"": 0.08054582471970773, ""delta_vs_time"": -0.017507702879822507}",,,"{""participation_ratio"": 5.004015000759506, ""top10_variance_fraction"": 0.7490004481073486, ""adjacent_timestep_cosine_mean"": 0.9989497715581186}",,,,,,none_validated,"{""linear_score"": ""measured_discovery_only"", ""nonlinear_gain"": ""pending_measurement"", ""best_coordinate_frame"": ""pending_measurement"", ""geometry"": ""descriptive_activation_geometry"", ""cross_trajectory_stability"": ""pending_measurement"", ""regime_dependence"": ""pending_measurement"", ""causal_patch_effect"": ""pending_measurement"", ""specificity"": ""pending_measurement"", ""manifold_distance"": ""pending_measurement"", ""recommended_operator"": ""not_yet_justified""}","[{""path"": ""artifacts/geometry_map/reach_wall_v1/discovery-screen/discovery_screen.json"", ""item"": ""rows[68]""}]"
reach-wall/encoder/block-3/spatial-mean/goal_vector_y,reach-wall,encoder,3,block_residual_output,mean_of_256_spatial_tokens,,goal_vector_y,"{""metric"": ""r2"", ""score"": 0.9624585627381645, ""time_baseline"": 0.9568517433439947, ""delta_vs_time"": 0.0056068193941698485}",,,"{""participation_ratio"": 5.004015000759506, ""top10_variance_fraction"": 0.7490004481073486, ""adjacent_timestep_cosine_mean"": 0.9989497715581186}",,,,,,none_validated,"{""linear_score"": ""measured_discovery_only"", ""nonlinear_gain"": ""pending_measurement"", ""best_coordinate_frame"": ""pending_measurement"", ""geometry"": ""descriptive_activation_geometry"", ""cross_trajectory_stability"": ""pending_measurement"", ""regime_dependence"": ""pending_measurement"", ""causal_patch_effect"": ""pending_measurement"", ""specificity"": ""pending_measurement"", ""manifold_distance"": ""pending_measurement"", ""recommended_operator"": ""not_yet_justified""}","[{""path"": ""artifacts/geometry_map/reach_wall_v1/discovery-screen/discovery_screen.json"", ""item"": ""rows[69]""}]"
reach-wall/encoder/block-3/spatial-mean/goal_vector_z,reach-wall,encoder,3,block_residual_output,mean_of_256_spatial_tokens,,goal_vector_z,"{""metric"": ""r2"", ""score"": 0.26434397859005, ""time_baseline"": 0.044334510544640326, ""delta_vs_time"": 0.22000946804540966}",,,"{""participation_ratio"": 5.004015000759506, ""top10_variance_fraction"": 0.7490004481073486, ""adjacent_timestep_cosine_mean"": 0.9989497715581186}",,,,,,none_validated,"{""linear_score"": ""measured_discovery_only"", ""nonlinear_gain"": ""pending_measurement"", ""best_coordinate_frame"": ""pending_measurement"", ""geometry"": ""descriptive_activation_geometry"", ""cross_trajectory_stability"": ""pending_measurement"", ""regime_dependence"": ""pending_measurement"", ""causal_patch_effect"": ""pending_measurement"", ""specificity"": ""pending_measurement"", ""manifold_distance"": ""pending_measurement"", ""recommended_operator"": ""not_yet_justified""}","[{""path"": ""artifacts/geometry_map/reach_wall_v1/discovery-screen/discovery_screen.json"", ""item"": ""rows[70]""}]"
reach-wall/encoder/block-3/spatial-mean/goal_xz_direction,reach-wall,encoder,3,block_residual_output,mean_of_256_spatial_tokens,,goal_xz_direction,"{""metric"": ""r2"", ""score"": 0.2403506511527505, ""time_baseline"": null, ""delta_vs_time"": null}",,,,,,,,,none_validated,"{""linear_score"": ""measured_discovery_only"", ""nonlinear_gain"": ""pending_measurement"", ""best_coordinate_frame"": ""pending_measurement"", ""geometry"": ""pending_measurement"", ""cross_trajectory_stability"": ""pending_measurement"", ""regime_dependence"": ""pending_measurement"", ""causal_patch_effect"": ""pending_measurement"", ""specificity"": ""pending_measurement"", ""manifold_distance"": ""pending_measurement"", ""recommended_operator"": ""not_yet_justified""}","[{""path"": ""artifacts/geometry_map/reach_wall_v1/emergence-geometry/emergence_geometry.json"", ""item"": ""curves.encoder.goal_xz_direction.rows.layer=3""}]"
reach-wall/encoder/block-3/spatial-mean/hand_to_goal_segment_intersects_wall,reach-wall,encoder,3,block_residual_output,mean_of_256_spatial_tokens,,hand_to_goal_segment_intersects_wall,"{""metric"": ""auroc"", ""score"": 0.9824645949319618, ""time_baseline"": 0.9019247457737662, ""delta_vs_time"": 0.08053984915819556}",,,"{""participation_ratio"": 5.004015000759506, ""top10_variance_fraction"": 0.7490004481073486, ""adjacent_timestep_cosine_mean"": 0.9989497715581186}",,,,,,none_validated,"{""linear_score"": ""measured_discovery_only"", ""nonlinear_gain"": ""pending_measurement"", ""best_coordinate_frame"": ""pending_measurement"", ""geometry"": ""descriptive_activation_geometry"", ""cross_trajectory_stability"": ""pending_measurement"", ""regime_dependence"": ""pending_measurement"", ""causal_patch_effect"": ""pending_measurement"", ""specificity"": ""pending_measurement"", ""manifold_distance"": ""pending_measurement"", ""recommended_operator"": ""not_yet_justified""}","[{""path"": ""artifacts/geometry_map/reach_wall_v1/discovery-screen/discovery_screen.json"", ""item"": ""rows[73]""}]"
reach-wall/encoder/block-3/spatial-mean/hand_x,reach-wall,encoder,3,block_residual_output,mean_of_256_spatial_tokens,,hand_x,"{""metric"": ""r2"", ""score"": 0.7891536960195245, ""time_baseline"": 0.058067306134002794, ""delta_vs_time"": 0.7310863898855217}",,,"{""participation_ratio"": 5.004015000759506, ""top10_variance_fraction"": 0.7490004481073486, ""adjacent_timestep_cosine_mean"": 0.9989497715581186}",,,,,,none_validated,"{""linear_score"": ""measured_discovery_only"", ""nonlinear_gain"": ""pending_measurement"", ""best_coordinate_frame"": ""pending_measurement"", ""geometry"": ""descriptive_activation_geometry"", ""cross_trajectory_stability"": ""pending_measurement"", ""regime_dependence"": ""pending_measurement"", ""causal_patch_effect"": ""pending_measurement"", ""specificity"": ""pending_measurement"", ""manifold_distance"": ""pending_measurement"", ""recommended_operator"": ""not_yet_justified""}","[{""path"": ""artifacts/geometry_map/reach_wall_v1/discovery-screen/discovery_screen.json"", ""item"": ""rows[65]""}]"
reach-wall/encoder/block-3/spatial-mean/hand_y,reach-wall,encoder,3,block_residual_output,mean_of_256_spatial_tokens,,hand_y,"{""metric"": ""r2"", ""score"": 0.9908369877370401, ""time_baseline"": 0.9772521653309317, ""delta_vs_time"": 0.013584822406108366}",,,"{""participation_ratio"": 5.004015000759506, ""top10_variance_fraction"": 0.7490004481073486, ""adjacent_timestep_cosine_mean"": 0.9989497715581186}",,,,,,none_validated,"{""linear_score"": ""measured_discovery_only"", ""nonlinear_gain"": ""pending_measurement"", ""best_coordinate_frame"": ""pending_measurement"", ""geometry"": ""descriptive_activation_geometry"", ""cross_trajectory_stability"": ""pending_measurement"", ""regime_dependence"": ""pending_measurement"", ""causal_patch_effect"": ""pending_measurement"", ""specificity"": ""pending_measurement"", ""manifold_distance"": ""pending_measurement"", ""recommended_operator"": ""not_yet_justified""}","[{""path"": ""artifacts/geometry_map/reach_wall_v1/discovery-screen/discovery_screen.json"", ""item"": ""rows[66]""}]"
reach-wall/encoder/block-3/spatial-mean/hand_z,reach-wall,encoder,3,block_residual_output,mean_of_256_spatial_tokens,,hand_z,"{""metric"": ""r2"", ""score"": 0.9874661976835757, ""time_baseline"": 0.00804356141242546, ""delta_vs_time"": 0.9794226362711502}",,,"{""participation_ratio"": 5.004015000759506, ""top10_variance_fraction"": 0.7490004481073486, ""adjacent_timestep_cosine_mean"": 0.9989497715581186}",,,,,,none_validated,"{""linear_score"": ""measured_discovery_only"", ""nonlinear_gain"": ""pending_measurement"", ""best_coordinate_frame"": ""pending_measurement"", ""geometry"": ""descriptive_activation_geometry"", ""cross_trajectory_stability"": ""pending_measurement"", ""regime_dependence"": ""pending_measurement"", ""causal_patch_effect"": ""pending_measurement"", ""specificity"": ""pending_measurement"", ""manifold_distance"": ""pending_measurement"", ""recommended_operator"": ""not_yet_justified""}","[{""path"": ""artifacts/geometry_map/reach_wall_v1/discovery-screen/discovery_screen.json"", ""item"": ""rows[67]""}]"
reach-wall/encoder/block-3/spatial-mean/height_above_wall_top,reach-wall,encoder,3,block_residual_output,mean_of_256_spatial_tokens,,height_above_wall_top,"{""metric"": ""r2"", ""score"": 0.9874661973960491, ""time_baseline"": 0.008043558955029284, ""delta_vs_time"": 0.9794226384410198}",,,"{""participation_ratio"": 5.004015000759506, ""top10_variance_fraction"": 0.7490004481073486, ""adjacent_timestep_cosine_mean"": 0.9989497715581186}",,,,,,none_validated,"{""linear_score"": ""measured_discovery_only"", ""nonlinear_gain"": ""pending_measurement"", ""best_coordinate_frame"": ""pending_measurement"", ""geometry"": ""descriptive_activation_geometry"", ""cross_trajectory_stability"": ""pending_measurement"", ""regime_dependence"": ""pending_measurement"", ""causal_patch_effect"": ""pending_measurement"", ""specificity"": ""pending_measurement"", ""manifold_distance"": ""pending_measurement"", ""recommended_operator"": ""not_yet_justified""}","[{""path"": ""artifacts/geometry_map/reach_wall_v1/discovery-screen/discovery_screen.json"", ""item"": ""rows[72]""}]"
reach-wall/encoder/block-3/spatial-mean/realized_dx,reach-wall,encoder,3,block_residual_output,mean_of_256_spatial_tokens,,realized_dx,"{""metric"": ""r2"", ""score"": -0.02246344427190894, ""time_baseline"": 0.005340828654275098, ""delta_vs_time"": -0.027804272926184037}",,,"{""participation_ratio"": 5.004015000759506, ""top10_variance_fraction"": 0.7490004481073486, ""adjacent_timestep_cosine_mean"": 0.9989497715581186}",,,,,,none_validated,"{""linear_score"": ""measured_discovery_only"", ""nonlinear_gain"": ""pending_measurement"", ""best_coordinate_frame"": ""pending_measurement"", ""geometry"": ""descriptive_activation_geometry"", ""cross_trajectory_stability"": ""pending_measurement"", ""regime_dependence"": ""pending_measurement"", ""causal_patch_effect"": ""pending_measurement"", ""specificity"": ""pending_measurement"", ""manifold_distance"": ""pending_measurement"", ""recommended_operator"": ""not_yet_justified""}","[{""path"": ""artifacts/geometry_map/reach_wall_v1/discovery-screen/discovery_screen.json"", ""item"": ""rows[79]""}]"
reach-wall/encoder/block-3/spatial-mean/realized_dy,reach-wall,encoder,3,block_residual_output,mean_of_256_spatial_tokens,,realized_dy,"{""metric"": ""r2"", ""score"": 0.8518367567397956, ""time_baseline"": 0.7938417819030151, ""delta_vs_time"": 0.05799497483678051}",,,"{""participation_ratio"": 5.004015000759506, ""top10_variance_fraction"": 0.7490004481073486, ""adjacent_timestep_cosine_mean"": 0.9989497715581186}",,,,,,none_validated,"{""linear_score"": ""measured_discovery_only"", ""nonlinear_gain"": ""pending_measurement"", ""best_coordinate_frame"": ""pending_measurement"", ""geometry"": ""descriptive_activation_geometry"", ""cross_trajectory_stability"": ""pending_measurement"", ""regime_dependence"": ""pending_measurement"", ""causal_patch_effect"": ""pending_measurement"", ""specificity"": ""pending_measurement"", ""manifold_distance"": ""pending_measurement"", ""recommended_operator"": ""not_yet_justified""}","[{""path"": ""artifacts/geometry_map/reach_wall_v1/discovery-screen/discovery_screen.json"", ""item"": ""rows[80]""}]"
reach-wall/encoder/block-3/spatial-mean/realized_dz,reach-wall,encoder,3,block_residual_output,mean_of_256_spatial_tokens,,realized_dz,"{""metric"": ""r2"", ""score"": 0.12307505841116262, ""time_baseline"": 0.07117442644816807, ""delta_vs_time"": 0.05190063196299455}",,,"{""participation_ratio"": 5.004015000759506, ""top10_variance_fraction"": 0.7490004481073486, ""adjacent_timestep_cosine_mean"": 0.9989497715581186}",,,,,,none_validated,"{""linear_score"": ""measured_discovery_only"", ""nonlinear_gain"": ""pending_measurement"", ""best_coordinate_frame"": ""pending_measurement"", ""geometry"": ""descriptive_activation_geometry"", ""cross_trajectory_stability"": ""pending_measurement"", ""regime_dependence"": ""pending_measurement"", ""causal_patch_effect"": ""pending_measurement"", ""specificity"": ""pending_measurement"", ""manifold_distance"": ""pending_measurement"", ""recommended_operator"": ""not_yet_justified""}","[{""path"": ""artifacts/geometry_map/reach_wall_v1/discovery-screen/discovery_screen.json"", ""item"": ""rows[81]""}]"
reach-wall/encoder/block-3/spatial-mean/realized_hand_delta_magnitude,reach-wall,encoder,3,block_residual_output,mean_of_256_spatial_tokens,,realized_hand_delta_magnitude,"{""metric"": ""r2"", ""score"": 0.7164738226812232, ""time_baseline"": 0.6130267917023396, ""delta_vs_time"": 0.10344703097888353}",,,"{""participation_ratio"": 5.004015000759506, ""top10_variance_fraction"": 0.7490004481073486, ""adjacent_timestep_cosine_mean"": 0.9989497715581186}",,,,,,none_validated,"{""linear_score"": ""measured_discovery_only"", ""nonlinear_gain"": ""pending_measurement"", ""best_coordinate_frame"": ""pending_measurement"", ""geometry"": ""descriptive_activation_geometry"", ""cross_trajectory_stability"": ""pending_measurement"", ""regime_dependence"": ""pending_measurement"", ""causal_patch_effect"": ""pending_measurement"", ""specificity"": ""pending_measurement"", ""manifold_distance"": ""pending_measurement"", ""recommended_operator"": ""not_yet_justified""}","[{""path"": ""artifacts/geometry_map/reach_wall_v1/discovery-screen/discovery_screen.json"", ""item"": ""rows[82]""}, {""path"": ""artifacts/geometry_map/reach_wall_v1/emergence-geometry/emergence_geometry.json"", ""item"": ""curves.encoder.motion_magnitude.rows.layer=3""}]"
reach-wall/encoder/block-3/spatial-mean/realized_xz_direction,reach-wall,encoder,3,block_residual_output,mean_of_256_spatial_tokens,,realized_xz_direction,"{""metric"": ""r2"", ""score"": -0.001215456944637752, ""time_baseline"": null, ""delta_vs_time"": null}",,,,,,,,,none_validated,"{""linear_score"": ""measured_discovery_only"", ""nonlinear_gain"": ""pending_measurement"", ""best_coordinate_frame"": ""pending_measurement"", ""geometry"": ""pending_measurement"", ""cross_trajectory_stability"": ""pending_measurement"", ""regime_dependence"": ""pending_measurement"", ""causal_patch_effect"": ""pending_measurement"", ""specificity"": ""pending_measurement"", ""manifold_distance"": ""pending_measurement"", ""recommended_operator"": ""not_yet_justified""}","[{""path"": ""artifacts/geometry_map/reach_wall_v1/emergence-geometry/emergence_geometry.json"", ""item"": ""curves.encoder.realized_xz_direction.rows.layer=3""}]"
reach-wall/encoder/block-3/spatial-mean/reward_sum,reach-wall,encoder,3,block_residual_output,mean_of_256_spatial_tokens,,reward_sum,"{""metric"": ""r2"", ""score"": 0.9481731000798216, ""time_baseline"": 0.9142972039613033, ""delta_vs_time"": 0.03387589611851827}",,,"{""participation_ratio"": 5.004015000759506, ""top10_variance_fraction"": 0.7490004481073486, ""adjacent_timestep_cosine_mean"": 0.9989497715581186}",,,,,,none_validated,"{""linear_score"": ""measured_discovery_only"", ""nonlinear_gain"": ""pending_measurement"", ""best_coordinate_frame"": ""pending_measurement"", ""geometry"": ""descriptive_activation_geometry"", ""cross_trajectory_stability"": ""pending_measurement"", ""regime_dependence"": ""pending_measurement"", ""causal_patch_effect"": ""pending_measurement"", ""specificity"": ""pending_measurement"", ""manifold_distance"": ""pending_measurement"", ""recommended_operator"": ""not_yet_justified""}","[{""path"": ""artifacts/geometry_map/reach_wall_v1/discovery-screen/discovery_screen.json"", ""item"": ""rows[83]""}]"
reach-wall/encoder/block-3/spatial-mean/wall_signed_distance,reach-wall,encoder,3,block_residual_output,mean_of_256_spatial_tokens,,wall_signed_distance,"{""metric"": ""r2"", ""score"": 0.9533717330240116, ""time_baseline"": 0.14228076564542247, ""delta_vs_time"": 0.8110909673785891}",,,"{""participation_ratio"": 5.004015000759506, ""top10_variance_fraction"": 0.7490004481073486, ""adjacent_timestep_cosine_mean"": 0.9989497715581186}",,,,,,none_validated,"{""linear_score"": ""measured_discovery_only"", ""nonlinear_gain"": ""pending_measurement"", ""best_coordinate_frame"": ""pending_measurement"", ""geometry"": ""descriptive_activation_geometry"", ""cross_trajectory_stability"": ""pending_measurement"", ""regime_dependence"": ""pending_measurement"", ""causal_patch_effect"": ""pending_measurement"", ""specificity"": ""pending_measurement"", ""manifold_distance"": ""pending_measurement"", ""recommended_operator"": ""not_yet_justified""}","[{""path"": ""artifacts/geometry_map/reach_wall_v1/discovery-screen/discovery_screen.json"", ""item"": ""rows[71]""}, {""path"": ""artifacts/geometry_map/reach_wall_v1/emergence-geometry/emergence_geometry.json"", ""item"": ""curves.encoder.wall_signed_distance.rows.layer=3""}]"
reach-wall/encoder/block-4/spatial-mean/action_chunk_frobenius_magnitude,reach-wall,encoder,4,block_residual_output,mean_of_256_spatial_tokens,,action_chunk_frobenius_magnitude,"{""metric"": ""r2"", ""score"": 0.5077030564409821, ""time_baseline"": 0.4725658231754639, ""delta_vs_time"": 0.03513723326551821}","{""knn_score"": 0.463268820091602, ""linear_score"": 0.5077030564409821, ""nonlinear_gain"": -0.04443423634938015}",,"{""participation_ratio"": 4.319770280031111, ""top10_variance_fraction"": 0.76495673509313, ""adjacent_timestep_cosine_mean"": 0.9989860851476156}",,,,,,none_validated,"{""linear_score"": ""measured_discovery_only"", ""nonlinear_gain"": ""measured_discovery_only"", ""best_coordinate_frame"": ""pending_measurement"", ""geometry"": ""descriptive_activation_geometry"", ""cross_trajectory_stability"": ""pending_measurement"", ""regime_dependence"": ""pending_measurement"", ""causal_patch_effect"": ""pending_measurement"", ""specificity"": ""pending_measurement"", ""manifold_distance"": ""pending_measurement"", ""recommended_operator"": ""not_yet_justified""}","[{""path"": ""artifacts/geometry_map/reach_wall_v1/discovery-screen/discovery_screen.json"", ""item"": ""rows[99]""}, {""path"": ""artifacts/geometry_map/reach_wall_v1/cached-geometry-v2/nonlinear_screen.json"", ""item"": ""rows[15]""}]"
reach-wall/encoder/block-4/spatial-mean/action_dx,reach-wall,encoder,4,block_residual_output,mean_of_256_spatial_tokens,,action_dx,"{""metric"": ""r2"", ""score"": -0.04267016899703213, ""time_baseline"": 0.0033910809446688894, ""delta_vs_time"": -0.04606124994170102}","{""knn_score"": 0.001528540078868712, ""linear_score"": -0.04267016899703213, ""nonlinear_gain"": 0.044198709075900844}",,"{""participation_ratio"": 4.319770280031111, ""top10_variance_fraction"": 0.76495673509313, ""adjacent_timestep_cosine_mean"": 0.9989860851476156}",,,,,,none_validated,"{""linear_score"": ""measured_discovery_only"", ""nonlinear_gain"": ""measured_discovery_only"", ""best_coordinate_frame"": ""pending_measurement"", ""geometry"": ""descriptive_activation_geometry"", ""cross_trajectory_stability"": ""pending_measurement"", ""regime_dependence"": ""pending_measurement"", ""causal_patch_effect"": ""pending_measurement"", ""specificity"": ""pending_measurement"", ""manifold_distance"": ""pending_measurement"", ""recommended_operator"": ""not_yet_justified""}","[{""path"": ""artifacts/geometry_map/reach_wall_v1/discovery-screen/discovery_screen.json"", ""item"": ""rows[96]""}, {""path"": ""artifacts/geometry_map/reach_wall_v1/cached-geometry-v2/nonlinear_screen.json"", ""item"": ""rows[12]""}]"
reach-wall/encoder/block-4/spatial-mean/action_dy,reach-wall,encoder,4,block_residual_output,mean_of_256_spatial_tokens,,action_dy,"{""metric"": ""r2"", ""score"": 0.6211067493328652, ""time_baseline"": 0.6287213192564175, ""delta_vs_time"": -0.00761456992355225}","{""knn_score"": 0.6045107056145507, ""linear_score"": 0.6211067493328652, ""nonlinear_gain"": -0.01659604371831458}",,"{""participation_ratio"": 4.319770280031111, ""top10_variance_fraction"": 0.76495673509313, ""adjacent_timestep_cosine_mean"": 0.9989860851476156}",,,,,,none_validated,"{""linear_score"": ""measured_discovery_only"", ""nonlinear_gain"": ""measured_discovery_only"", ""best_coordinate_frame"": ""pending_measurement"", ""geometry"": ""descriptive_activation_geometry"", ""cross_trajectory_stability"": ""pending_measurement"", ""regime_dependence"": ""pending_measurement"", ""causal_patch_effect"": ""pending_measurement"", ""specificity"": ""pending_measurement"", ""manifold_distance"": ""pending_measurement"", ""recommended_operator"": ""not_yet_justified""}","[{""path"": ""artifacts/geometry_map/reach_wall_v1/discovery-screen/discovery_screen.json"", ""item"": ""rows[97]""}, {""path"": ""artifacts/geometry_map/reach_wall_v1/cached-geometry-v2/nonlinear_screen.json"", ""item"": ""rows[13]""}]"
reach-wall/encoder/block-4/spatial-mean/action_dz,reach-wall,encoder,4,block_residual_output,mean_of_256_spatial_tokens,,action_dz,"{""metric"": ""r2"", ""score"": 0.018832928041682906, ""time_baseline"": 0.02788791500905774, ""delta_vs_time"": -0.009054986967374834}","{""knn_score"": 0.047194136940221565, ""linear_score"": 0.018832928041682906, ""nonlinear_gain"": 0.02836120889853866}",,"{""participation_ratio"": 4.319770280031111, ""top10_variance_fraction"": 0.76495673509313, ""adjacent_timestep_cosine_mean"": 0.9989860851476156}",,,,,,none_validated,"{""linear_score"": ""measured_discovery_only"", ""nonlinear_gain"": ""measured_discovery_only"", ""best_coordinate_frame"": ""pending_measurement"", ""geometry"": ""descriptive_activation_geometry"", ""cross_trajectory_stability"": ""pending_measurement"", ""regime_dependence"": ""pending_measurement"", ""causal_patch_effect"": ""pending_measurement"", ""specificity"": ""pending_measurement"", ""manifold_distance"": ""pending_measurement"", ""recommended_operator"": ""not_yet_justified""}","[{""path"": ""artifacts/geometry_map/reach_wall_v1/discovery-screen/discovery_screen.json"", ""item"": ""rows[98]""}, {""path"": ""artifacts/geometry_map/reach_wall_v1/cached-geometry-v2/nonlinear_screen.json"", ""item"": ""rows[14]""}]"
reach-wall/encoder/block-4/spatial-mean/cumulative_progress,reach-wall,encoder,4,block_residual_output,mean_of_256_spatial_tokens,,cumulative_progress,"{""metric"": ""r2"", ""score"": 0.9443536765337549, ""time_baseline"": 0.9222151817810877, ""delta_vs_time"": 0.02213849475266716}","{""knn_score"": 0.8126318042803683, ""linear_score"": 0.9443536765337549, ""nonlinear_gain"": -0.1317218722533866}",,"{""participation_ratio"": 4.319770280031111, ""top10_variance_fraction"": 0.76495673509313, ""adjacent_timestep_cosine_mean"": 0.9989860851476156}",,,,,,none_validated,"{""linear_score"": ""measured_discovery_only"", ""nonlinear_gain"": ""measured_discovery_only"", ""best_coordinate_frame"": ""pending_measurement"", ""geometry"": ""descriptive_activation_geometry"", ""cross_trajectory_stability"": ""pending_measurement"", ""regime_dependence"": ""pending_measurement"", ""causal_patch_effect"": ""pending_measurement"", ""specificity"": ""pending_measurement"", ""manifold_distance"": ""pending_measurement"", ""recommended_operator"": ""not_yet_justified""}","[{""path"": ""artifacts/geometry_map/reach_wall_v1/discovery-screen/discovery_screen.json"", ""item"": ""rows[85]""}, {""path"": ""artifacts/geometry_map/reach_wall_v1/emergence-geometry/emergence_geometry.json"", ""item"": ""curves.encoder.progress.rows.layer=4""}, {""path"": ""artifacts/geometry_map/reach_wall_v1/cached-geometry-v2/nonlinear_screen.json"", ""item"": ""rows[1]""}]"
reach-wall/encoder/block-4/spatial-mean/expert_detour_gate,reach-wall,encoder,4,block_residual_output,mean_of_256_spatial_tokens,,expert_detour_gate,"{""metric"": ""auroc"", ""score"": 0.9985040425872559, ""time_baseline"": 0.978149765850144, ""delta_vs_time"": 0.020354276737111876}","{""knn_score"": 0.996383623018732, ""linear_score"": 0.9985040425872559, ""nonlinear_gain"": -0.0021204195685239347}",,"{""participation_ratio"": 4.319770280031111, ""top10_variance_fraction"": 0.76495673509313, ""adjacent_timestep_cosine_mean"": 0.9989860851476156}",,,,,,none_validated,"{""linear_score"": ""measured_discovery_only"", ""nonlinear_gain"": ""measured_discovery_only"", ""best_coordinate_frame"": ""pending_measurement"", ""geometry"": ""descriptive_activation_geometry"", ""cross_trajectory_stability"": ""pending_measurement"", ""regime_dependence"": ""pending_measurement"", ""causal_patch_effect"": ""pending_measurement"", ""specificity"": ""pending_measurement"", ""manifold_distance"": ""pending_measurement"", ""recommended_operator"": ""not_yet_justified""}","[{""path"": ""artifacts/geometry_map/reach_wall_v1/discovery-screen/discovery_screen.json"", ""item"": ""rows[95]""}, {""path"": ""artifacts/geometry_map/reach_wall_v1/cached-geometry-v2/nonlinear_screen.json"", ""item"": ""rows[11]""}]"
reach-wall/encoder/block-4/spatial-mean/goal_distance,reach-wall,encoder,4,block_residual_output,mean_of_256_spatial_tokens,,goal_distance,"{""metric"": ""r2"", ""score"": 0.9275321703450324, ""time_baseline"": 0.908897827090231, ""delta_vs_time"": 0.0186343432548014}","{""knn_score"": 0.7969534896259469, ""linear_score"": 0.9275321703450324, ""nonlinear_gain"": -0.13057868071908552}",,"{""participation_ratio"": 4.319770280031111, ""top10_variance_fraction"": 0.76495673509313, ""adjacent_timestep_cosine_mean"": 0.9989860851476156}",,,,,,none_validated,"{""linear_score"": ""measured_discovery_only"", ""nonlinear_gain"": ""measured_discovery_only"", ""best_coordinate_frame"": ""pending_measurement"", ""geometry"": ""descriptive_activation_geometry"", ""cross_trajectory_stability"": ""pending_measurement"", ""regime_dependence"": ""pending_measurement"", ""causal_patch_effect"": ""pending_measurement"", ""specificity"": ""pending_measurement"", ""manifold_distance"": ""pending_measurement"", ""recommended_operator"": ""not_yet_justified""}","[{""path"": ""artifacts/geometry_map/reach_wall_v1/discovery-screen/discovery_screen.json"", ""item"": ""rows[84]""}, {""path"": ""artifacts/geometry_map/reach_wall_v1/cached-geometry-v2/nonlinear_screen.json"", ""item"": ""rows[0]""}]"
reach-wall/encoder/block-4/spatial-mean/goal_vector_x,reach-wall,encoder,4,block_residual_output,mean_of_256_spatial_tokens,,goal_vector_x,"{""metric"": ""r2"", ""score"": 0.009244309706637477, ""time_baseline"": 0.08054582471970773, ""delta_vs_time"": -0.07130151501307025}","{""knn_score"": 0.07039419192760121, ""linear_score"": 0.009244309706637477, ""nonlinear_gain"": 0.061149882220963736}",,"{""participation_ratio"": 4.319770280031111, ""top10_variance_fraction"": 0.76495673509313, ""adjacent_timestep_cosine_mean"": 0.9989860851476156}",,,,,,none_validated,"{""linear_score"": ""measured_discovery_only"", ""nonlinear_gain"": ""measured_discovery_only"", ""best_coordinate_frame"": ""pending_measurement"", ""geometry"": ""descriptive_activation_geometry"", ""cross_trajectory_stability"": ""pending_measurement"", ""regime_dependence"": ""pending_measurement"", ""causal_patch_effect"": ""pending_measurement"", ""specificity"": ""pending_measurement"", ""manifold_distance"": ""pending_measurement"", ""recommended_operator"": ""not_yet_justified""}","[{""path"": ""artifacts/geometry_map/reach_wall_v1/discovery-screen/discovery_screen.json"", ""item"": ""rows[89]""}, {""path"": ""artifacts/geometry_map/reach_wall_v1/cached-geometry-v2/nonlinear_screen.json"", ""item"": ""rows[5]""}]"
reach-wall/encoder/block-4/spatial-mean/goal_vector_y,reach-wall,encoder,4,block_residual_output,mean_of_256_spatial_tokens,,goal_vector_y,"{""metric"": ""r2"", ""score"": 0.9626469083263879, ""time_baseline"": 0.9568517433439947, ""delta_vs_time"": 0.005795164982393186}","{""knn_score"": 0.8425274384611182, ""linear_score"": 0.9626469083263879, ""nonlinear_gain"": -0.12011946986526967}",,"{""participation_ratio"": 4.319770280031111, ""top10_variance_fraction"": 0.76495673509313, ""adjacent_timestep_cosine_mean"": 0.9989860851476156}",,,,,,none_validated,"{""linear_score"": ""measured_discovery_only"", ""nonlinear_gain"": ""measured_discovery_only"", ""best_coordinate_frame"": ""pending_measurement"", ""geometry"": ""descriptive_activation_geometry"", ""cross_trajectory_stability"": ""pending_measurement"", ""regime_dependence"": ""pending_measurement"", ""causal_patch_effect"": ""pending_measurement"", ""specificity"": ""pending_measurement"", ""manifold_distance"": ""pending_measurement"", ""recommended_operator"": ""not_yet_justified""}","[{""path"": ""artifacts/geometry_map/reach_wall_v1/discovery-screen/discovery_screen.json"", ""item"": ""rows[90]""}, {""path"": ""artifacts/geometry_map/reach_wall_v1/cached-geometry-v2/nonlinear_screen.json"", ""item"": ""rows[6]""}]"
reach-wall/encoder/block-4/spatial-mean/goal_vector_z,reach-wall,encoder,4,block_residual_output,mean_of_256_spatial_tokens,,goal_vector_z,"{""metric"": ""r2"", ""score"": 0.2835284585651907, ""time_baseline"": 0.044334510544640326, ""delta_vs_time"": 0.23919394802055038}","{""knn_score"": 0.2564375124710728, ""linear_score"": 0.2835284585651907, ""nonlinear_gain"": -0.027090946094117885}",,"{""participation_ratio"": 4.319770280031111, ""top10_variance_fraction"": 0.76495673509313, ""adjacent_timestep_cosine_mean"": 0.9989860851476156}",,,,,,none_validated,"{""linear_score"": ""measured_discovery_only"", ""nonlinear_gain"": ""measured_discovery_only"", ""best_coordinate_frame"": ""pending_measurement"", ""geometry"": ""descriptive_activation_geometry"", ""cross_trajectory_stability"": ""pending_measurement"", ""regime_dependence"": ""pending_measurement"", ""causal_patch_effect"": ""pending_measurement"", ""specificity"": ""pending_measurement"", ""manifold_distance"": ""pending_measurement"", ""recommended_operator"": ""not_yet_justified""}","[{""path"": ""artifacts/geometry_map/reach_wall_v1/discovery-screen/discovery_screen.json"", ""item"": ""rows[91]""}, {""path"": ""artifacts/geometry_map/reach_wall_v1/cached-geometry-v2/nonlinear_screen.json"", ""item"": ""rows[7]""}]"
reach-wall/encoder/block-4/spatial-mean/goal_xz_direction,reach-wall,encoder,4,block_residual_output,mean_of_256_spatial_tokens,,goal_xz_direction,"{""metric"": ""r2"", ""score"": 0.23241886169195503, ""time_baseline"": null, ""delta_vs_time"": null}",,,,,,,,,none_validated,"{""linear_score"": ""measured_discovery_only"", ""nonlinear_gain"": ""pending_measurement"", ""best_coordinate_frame"": ""pending_measurement"", ""geometry"": ""pending_measurement"", ""cross_trajectory_stability"": ""pending_measurement"", ""regime_dependence"": ""pending_measurement"", ""causal_patch_effect"": ""pending_measurement"", ""specificity"": ""pending_measurement"", ""manifold_distance"": ""pending_measurement"", ""recommended_operator"": ""not_yet_justified""}","[{""path"": ""artifacts/geometry_map/reach_wall_v1/emergence-geometry/emergence_geometry.json"", ""item"": ""curves.encoder.goal_xz_direction.rows.layer=4""}]"
reach-wall/encoder/block-4/spatial-mean/hand_to_goal_segment_intersects_wall,reach-wall,encoder,4,block_residual_output,mean_of_256_spatial_tokens,,hand_to_goal_segment_intersects_wall,"{""metric"": ""auroc"", ""score"": 0.9846603704193533, ""time_baseline"": 0.9019247457737662, ""delta_vs_time"": 0.08273562464558704}","{""knn_score"": 0.9691341361561971, ""linear_score"": 0.9846603704193533, ""nonlinear_gain"": -0.015526234263156136}",,"{""participation_ratio"": 4.319770280031111, ""top10_variance_fraction"": 0.76495673509313, ""adjacent_timestep_cosine_mean"": 0.9989860851476156}",,,,,,none_validated,"{""linear_score"": ""measured_discovery_only"", ""nonlinear_gain"": ""measured_discovery_only"", ""best_coordinate_frame"": ""pending_measurement"", ""geometry"": ""descriptive_activation_geometry"", ""cross_trajectory_stability"": ""pending_measurement"", ""regime_dependence"": ""pending_measurement"", ""causal_patch_effect"": ""pending_measurement"", ""specificity"": ""pending_measurement"", ""manifold_distance"": ""pending_measurement"", ""recommended_operator"": ""not_yet_justified""}","[{""path"": ""artifacts/geometry_map/reach_wall_v1/discovery-screen/discovery_screen.json"", ""item"": ""rows[94]""}, {""path"": ""artifacts/geometry_map/reach_wall_v1/cached-geometry-v2/nonlinear_screen.json"", ""item"": ""rows[10]""}]"
reach-wall/encoder/block-4/spatial-mean/hand_x,reach-wall,encoder,4,block_residual_output,mean_of_256_spatial_tokens,,hand_x,"{""metric"": ""r2"", ""score"": 0.7839184930260891, ""time_baseline"": 0.058067306134002794, ""delta_vs_time"": 0.7258511868920863}","{""knn_score"": 0.5044065909613182, ""linear_score"": 0.7839184930260891, ""nonlinear_gain"": -0.27951190206477083}",,"{""participation_ratio"": 4.319770280031111, ""top10_variance_fraction"": 0.76495673509313, ""adjacent_timestep_cosine_mean"": 0.9989860851476156}",,,,,,none_validated,"{""linear_score"": ""measured_discovery_only"", ""nonlinear_gain"": ""measured_discovery_only"", ""best_coordinate_frame"": ""pending_measurement"", ""geometry"": ""descriptive_activation_geometry"", ""cross_trajectory_stability"": ""pending_measurement"", ""regime_dependence"": ""pending_measurement"", ""causal_patch_effect"": ""pending_measurement"", ""specificity"": ""pending_measurement"", ""manifold_distance"": ""pending_measurement"", ""recommended_operator"": ""not_yet_justified""}","[{""path"": ""artifacts/geometry_map/reach_wall_v1/discovery-screen/discovery_screen.json"", ""item"": ""rows[86]""}, {""path"": ""artifacts/geometry_map/reach_wall_v1/cached-geometry-v2/nonlinear_screen.json"", ""item"": ""rows[2]""}]"
reach-wall/encoder/block-4/spatial-mean/hand_y,reach-wall,encoder,4,block_residual_output,mean_of_256_spatial_tokens,,hand_y,"{""metric"": ""r2"", ""score"": 0.9905243692829944, ""time_baseline"": 0.9772521653309317, ""delta_vs_time"": 0.013272203952062633}","{""knn_score"": 0.8663134777441324, ""linear_score"": 0.9905243692829944, ""nonlinear_gain"": -0.124210891538862}",,"{""participation_ratio"": 4.319770280031111, ""top10_variance_fraction"": 0.76495673509313, ""adjacent_timestep_cosine_mean"": 0.9989860851476156}",,,,,,none_validated,"{""linear_score"": ""measured_discovery_only"", ""nonlinear_gain"": ""measured_discovery_only"", ""best_coordinate_frame"": ""pending_measurement"", ""geometry"": ""descriptive_activation_geometry"", ""cross_trajectory_stability"": ""pending_measurement"", ""regime_dependence"": ""pending_measurement"", ""causal_patch_effect"": ""pending_measurement"", ""specificity"": ""pending_measurement"", ""manifold_distance"": ""pending_measurement"", ""recommended_operator"": ""not_yet_justified""}","[{""path"": ""artifacts/geometry_map/reach_wall_v1/discovery-screen/discovery_screen.json"", ""item"": ""rows[87]""}, {""path"": ""artifacts/geometry_map/reach_wall_v1/cached-geometry-v2/nonlinear_screen.json"", ""item"": ""rows[3]""}]"
reach-wall/encoder/block-4/spatial-mean/hand_z,reach-wall,encoder,4,block_residual_output,mean_of_256_spatial_tokens,,hand_z,"{""metric"": ""r2"", ""score"": 0.9911423148326575, ""time_baseline"": 0.00804356141242546, ""delta_vs_time"": 0.983098753420232}","{""knn_score"": 0.8264851066208394, ""linear_score"": 0.9911423148326575, ""nonlinear_gain"": -0.16465720821181806}",,"{""participation_ratio"": 4.319770280031111, ""top10_variance_fraction"": 0.76495673509313, ""adjacent_timestep_cosine_mean"": 0.9989860851476156}",,,,,,none_validated,"{""linear_score"": ""measured_discovery_only"", ""nonlinear_gain"": ""measured_discovery_only"", ""best_coordinate_frame"": ""pending_measurement"", ""geometry"": ""descriptive_activation_geometry"", ""cross_trajectory_stability"": ""pending_measurement"", ""regime_dependence"": ""pending_measurement"", ""causal_patch_effect"": ""pending_measurement"", ""specificity"": ""pending_measurement"", ""manifold_distance"": ""pending_measurement"", ""recommended_operator"": ""not_yet_justified""}","[{""path"": ""artifacts/geometry_map/reach_wall_v1/discovery-screen/discovery_screen.json"", ""item"": ""rows[88]""}, {""path"": ""artifacts/geometry_map/reach_wall_v1/cached-geometry-v2/nonlinear_screen.json"", ""item"": ""rows[4]""}]"
reach-wall/encoder/block-4/spatial-mean/height_above_wall_top,reach-wall,encoder,4,block_residual_output,mean_of_256_spatial_tokens,,height_above_wall_top,"{""metric"": ""r2"", ""score"": 0.9911423145026885, ""time_baseline"": 0.008043558955029284, ""delta_vs_time"": 0.9830987555476592}","{""knn_score"": 0.826485105349019, ""linear_score"": 0.9911423145026885, ""nonlinear_gain"": -0.16465720915366955}",,"{""participation_ratio"": 4.319770280031111, ""top10_variance_fraction"": 0.76495673509313, ""adjacent_timestep_cosine_mean"": 0.9989860851476156}",,,,,,none_validated,"{""linear_score"": ""measured_discovery_only"", ""nonlinear_gain"": ""measured_discovery_only"", ""best_coordinate_frame"": ""pending_measurement"", ""geometry"": ""descriptive_activation_geometry"", ""cross_trajectory_stability"": ""pending_measurement"", ""regime_dependence"": ""pending_measurement"", ""causal_patch_effect"": ""pending_measurement"", ""specificity"": ""pending_measurement"", ""manifold_distance"": ""pending_measurement"", ""recommended_operator"": ""not_yet_justified""}","[{""path"": ""artifacts/geometry_map/reach_wall_v1/discovery-screen/discovery_screen.json"", ""item"": ""rows[93]""}, {""path"": ""artifacts/geometry_map/reach_wall_v1/cached-geometry-v2/nonlinear_screen.json"", ""item"": ""rows[9]""}]"
reach-wall/encoder/block-4/spatial-mean/realized_dx,reach-wall,encoder,4,block_residual_output,mean_of_256_spatial_tokens,,realized_dx,"{""metric"": ""r2"", ""score"": -0.03933983862508139, ""time_baseline"": 0.005340828654275098, ""delta_vs_time"": -0.04468066727935649}","{""knn_score"": 0.003605047376885606, ""linear_score"": -0.03933983862508139, ""nonlinear_gain"": 0.042944886001967}",,"{""participation_ratio"": 4.319770280031111, ""top10_variance_fraction"": 0.76495673509313, ""adjacent_timestep_cosine_mean"": 0.9989860851476156}",,,,,,none_validated,"{""linear_score"": ""measured_discovery_only"", ""nonlinear_gain"": ""measured_discovery_only"", ""best_coordinate_frame"": ""pending_measurement"", ""geometry"": ""descriptive_activation_geometry"", ""cross_trajectory_stability"": ""pending_measurement"", ""regime_dependence"": ""pending_measurement"", ""causal_patch_effect"": ""pending_measurement"", ""specificity"": ""pending_measurement"", ""manifold_distance"": ""pending_measurement"", ""recommended_operator"": ""not_yet_justified""}","[{""path"": ""artifacts/geometry_map/reach_wall_v1/discovery-screen/discovery_screen.json"", ""item"": ""rows[100]""}, {""path"": ""artifacts/geometry_map/reach_wall_v1/cached-geometry-v2/nonlinear_screen.json"", ""item"": ""rows[16]""}]"
reach-wall/encoder/block-4/spatial-mean/realized_dy,reach-wall,encoder,4,block_residual_output,mean_of_256_spatial_tokens,,realized_dy,"{""metric"": ""r2"", ""score"": 0.853188054179312, ""time_baseline"": 0.7938417819030151, ""delta_vs_time"": 0.05934627227629685}","{""knn_score"": 0.8039911686469173, ""linear_score"": 0.853188054179312, ""nonlinear_gain"": -0.04919688553239465}",,"{""participation_ratio"": 4.319770280031111, ""top10_variance_fraction"": 0.76495673509313, ""adjacent_timestep_cosine_mean"": 0.9989860851476156}",,,,,,none_validated,"{""linear_score"": ""measured_discovery_only"", ""nonlinear_gain"": ""measured_discovery_only"", ""best_coordinate_frame"": ""pending_measurement"", ""geometry"": ""descriptive_activation_geometry"", ""cross_trajectory_stability"": ""pending_measurement"", ""regime_dependence"": ""pending_measurement"", ""causal_patch_effect"": ""pending_measurement"", ""specificity"": ""pending_measurement"", ""manifold_distance"": ""pending_measurement"", ""recommended_operator"": ""not_yet_justified""}","[{""path"": ""artifacts/geometry_map/reach_wall_v1/discovery-screen/discovery_screen.json"", ""item"": ""rows[101]""}, {""path"": ""artifacts/geometry_map/reach_wall_v1/cached-geometry-v2/nonlinear_screen.json"", ""item"": ""rows[17]""}]"
reach-wall/encoder/block-4/spatial-mean/realized_dz,reach-wall,encoder,4,block_residual_output,mean_of_256_spatial_tokens,,realized_dz,"{""metric"": ""r2"", ""score"": 0.10455075576707162, ""time_baseline"": 0.07117442644816807, ""delta_vs_time"": 0.03337632931890355}","{""knn_score"": 0.13859436248591694, ""linear_score"": 0.10455075576707162, ""nonlinear_gain"": 0.03404360671884532}",,"{""participation_ratio"": 4.319770280031111, ""top10_variance_fraction"": 0.76495673509313, ""adjacent_timestep_cosine_mean"": 0.9989860851476156}",,,,,,none_validated,"{""linear_score"": ""measured_discovery_only"", ""nonlinear_gain"": ""measured_discovery_only"", ""best_coordinate_frame"": ""pending_measurement"", ""geometry"": ""descriptive_activation_geometry"", ""cross_trajectory_stability"": ""pending_measurement"", ""regime_dependence"": ""pending_measurement"", ""causal_patch_effect"": ""pending_measurement"", ""specificity"": ""pending_measurement"", ""manifold_distance"": ""pending_measurement"", ""recommended_operator"": ""not_yet_justified""}","[{""path"": ""artifacts/geometry_map/reach_wall_v1/discovery-screen/discovery_screen.json"", ""item"": ""rows[102]""}, {""path"": ""artifacts/geometry_map/reach_wall_v1/cached-geometry-v2/nonlinear_screen.json"", ""item"": ""rows[18]""}]"
reach-wall/encoder/block-4/spatial-mean/realized_hand_delta_magnitude,reach-wall,encoder,4,block_residual_output,mean_of_256_spatial_tokens,,realized_hand_delta_magnitude,"{""metric"": ""r2"", ""score"": 0.7077047442964883, ""time_baseline"": 0.6130267917023396, ""delta_vs_time"": 0.09467795259414868}","{""knn_score"": 0.6839286730689063, ""linear_score"": 0.7077047442964883, ""nonlinear_gain"": -0.023776071227582074}",,"{""participation_ratio"": 4.319770280031111, ""top10_variance_fraction"": 0.76495673509313, ""adjacent_timestep_cosine_mean"": 0.9989860851476156}",,,,,,none_validated,"{""linear_score"": ""measured_discovery_only"", ""nonlinear_gain"": ""measured_discovery_only"", ""best_coordinate_frame"": ""pending_measurement"", ""geometry"": ""descriptive_activation_geometry"", ""cross_trajectory_stability"": ""pending_measurement"", ""regime_dependence"": ""pending_measurement"", ""causal_patch_effect"": ""pending_measurement"", ""specificity"": ""pending_measurement"", ""manifold_distance"": ""pending_measurement"", ""recommended_operator"": ""not_yet_justified""}","[{""path"": ""artifacts/geometry_map/reach_wall_v1/discovery-screen/discovery_screen.json"", ""item"": ""rows[103]""}, {""path"": ""artifacts/geometry_map/reach_wall_v1/emergence-geometry/emergence_geometry.json"", ""item"": ""curves.encoder.motion_magnitude.rows.layer=4""}, {""path"": ""artifacts/geometry_map/reach_wall_v1/cached-geometry-v2/nonlinear_screen.json"", ""item"": ""rows[19]""}]"
reach-wall/encoder/block-4/spatial-mean/realized_xz_direction,reach-wall,encoder,4,block_residual_output,mean_of_256_spatial_tokens,,realized_xz_direction,"{""metric"": ""r2"", ""score"": 0.001716930900906289, ""time_baseline"": null, ""delta_vs_time"": null}",,,,,,,,,none_validated,"{""linear_score"": ""measured_discovery_only"", ""nonlinear_gain"": ""pending_measurement"", ""best_coordinate_frame"": ""pending_measurement"", ""geometry"": ""pending_measurement"", ""cross_trajectory_stability"": ""pending_measurement"", ""regime_dependence"": ""pending_measurement"", ""causal_patch_effect"": ""pending_measurement"", ""specificity"": ""pending_measurement"", ""manifold_distance"": ""pending_measurement"", ""recommended_operator"": ""not_yet_justified""}","[{""path"": ""artifacts/geometry_map/reach_wall_v1/emergence-geometry/emergence_geometry.json"", ""item"": ""curves.encoder.realized_xz_direction.rows.layer=4""}]"
reach-wall/encoder/block-4/spatial-mean/reward_sum,reach-wall,encoder,4,block_residual_output,mean_of_256_spatial_tokens,,reward_sum,"{""metric"": ""r2"", ""score"": 0.9474731718516739, ""time_baseline"": 0.9142972039613033, ""delta_vs_time"": 0.03317596789037058}","{""knn_score"": 0.8318537961837222, ""linear_score"": 0.9474731718516739, ""nonlinear_gain"": -0.11561937566795166}",,"{""participation_ratio"": 4.319770280031111, ""top10_variance_fraction"": 0.76495673509313, ""adjacent_timestep_cosine_mean"": 0.9989860851476156}",,,,,,none_validated,"{""linear_score"": ""measured_discovery_only"", ""nonlinear_gain"": ""measured_discovery_only"", ""best_coordinate_frame"": ""pending_measurement"", ""geometry"": ""descriptive_activation_geometry"", ""cross_trajectory_stability"": ""pending_measurement"", ""regime_dependence"": ""pending_measurement"", ""causal_patch_effect"": ""pending_measurement"", ""specificity"": ""pending_measurement"", ""manifold_distance"": ""pending_measurement"", ""recommended_operator"": ""not_yet_justified""}","[{""path"": ""artifacts/geometry_map/reach_wall_v1/discovery-screen/discovery_screen.json"", ""item"": ""rows[104]""}, {""path"": ""artifacts/geometry_map/reach_wall_v1/cached-geometry-v2/nonlinear_screen.json"", ""item"": ""rows[20]""}]"
reach-wall/encoder/block-4/spatial-mean/wall_signed_distance,reach-wall,encoder,4,block_residual_output,mean_of_256_spatial_tokens,,wall_signed_distance,"{""metric"": ""r2"", ""score"": 0.9623030341941952, ""time_baseline"": 0.14228076564542247, ""delta_vs_time"": 0.8200222685487727}","{""knn_score"": 0.8431534086868269, ""linear_score"": 0.9623030341941952, ""nonlinear_gain"": -0.1191496255073683}",,"{""participation_ratio"": 4.319770280031111, ""top10_variance_fraction"": 0.76495673509313, ""adjacent_timestep_cosine_mean"": 0.9989860851476156}",,,,,,none_validated,"{""linear_score"": ""measured_discovery_only"", ""nonlinear_gain"": ""measured_discovery_only"", ""best_coordinate_frame"": ""pending_measurement"", ""geometry"": ""descriptive_activation_geometry"", ""cross_trajectory_stability"": ""pending_measurement"", ""regime_dependence"": ""pending_measurement"", ""causal_patch_effect"": ""pending_measurement"", ""specificity"": ""pending_measurement"", ""manifold_distance"": ""pending_measurement"", ""recommended_operator"": ""not_yet_justified""}","[{""path"": ""artifacts/geometry_map/reach_wall_v1/discovery-screen/discovery_screen.json"", ""item"": ""rows[92]""}, {""path"": ""artifacts/geometry_map/reach_wall_v1/emergence-geometry/emergence_geometry.json"", ""item"": ""curves.encoder.wall_signed_distance.rows.layer=4""}, {""path"": ""artifacts/geometry_map/reach_wall_v1/cached-geometry-v2/nonlinear_screen.json"", ""item"": ""rows[8]""}]"
reach-wall/encoder/block-5/spatial-mean/action_chunk_frobenius_magnitude,reach-wall,encoder,5,block_residual_output,mean_of_256_spatial_tokens,,action_chunk_frobenius_magnitude,"{""metric"": ""r2"", ""score"": 0.5109745853952705, ""time_baseline"": 0.4725658231754639, ""delta_vs_time"": 0.0384087622198066}",,,"{""participation_ratio"": 5.010366563529673, ""top10_variance_fraction"": 0.7497155847567596, ""adjacent_timestep_cosine_mean"": 0.9988356027158863}",,,,,,none_validated,"{""linear_score"": ""measured_discovery_only"", ""nonlinear_gain"": ""pending_measurement"", ""best_coordinate_frame"": ""pending_measurement"", ""geometry"": ""descriptive_activation_geometry"", ""cross_trajectory_stability"": ""pending_measurement"", ""regime_dependence"": ""pending_measurement"", ""causal_patch_effect"": ""pending_measurement"", ""specificity"": ""pending_measurement"", ""manifold_distance"": ""pending_measurement"", ""recommended_operator"": ""not_yet_justified""}","[{""path"": ""artifacts/geometry_map/reach_wall_v1/discovery-screen/discovery_screen.json"", ""item"": ""rows[120]""}]"
reach-wall/encoder/block-5/spatial-mean/action_dx,reach-wall,encoder,5,block_residual_output,mean_of_256_spatial_tokens,,action_dx,"{""metric"": ""r2"", ""score"": -0.018730649514115294, ""time_baseline"": 0.0033910809446688894, ""delta_vs_time"": -0.022121730458784183}",,,"{""participation_ratio"": 5.010366563529673, ""top10_variance_fraction"": 0.7497155847567596, ""adjacent_timestep_cosine_mean"": 0.9988356027158863}",,,,,,none_validated,"{""linear_score"": ""measured_discovery_only"", ""nonlinear_gain"": ""pending_measurement"", ""best_coordinate_frame"": ""pending_measurement"", ""geometry"": ""descriptive_activation_geometry"", ""cross_trajectory_stability"": ""pending_measurement"", ""regime_dependence"": ""pending_measurement"", ""causal_patch_effect"": ""pending_measurement"", ""specificity"": ""pending_measurement"", ""manifold_distance"": ""pending_measurement"", ""recommended_operator"": ""not_yet_justified""}","[{""path"": ""artifacts/geometry_map/reach_wall_v1/discovery-screen/discovery_screen.json"", ""item"": ""rows[117]""}]"
reach-wall/encoder/block-5/spatial-mean/action_dy,reach-wall,encoder,5,block_residual_output,mean_of_256_spatial_tokens,,action_dy,"{""metric"": ""r2"", ""score"": 0.6165912578225661, ""time_baseline"": 0.6287213192564175, ""delta_vs_time"": -0.012130061433851425}",,,"{""participation_ratio"": 5.010366563529673, ""top10_variance_fraction"": 0.7497155847567596, ""adjacent_timestep_cosine_mean"": 0.9988356027158863}",,,,,,none_validated,"{""linear_score"": ""measured_discovery_only"", ""nonlinear_gain"": ""pending_measurement"", ""best_coordinate_frame"": ""pending_measurement"", ""geometry"": ""descriptive_activation_geometry"", ""cross_trajectory_stability"": ""pending_measurement"", ""regime_dependence"": ""pending_measurement"", ""causal_patch_effect"": ""pending_measurement"", ""specificity"": ""pending_measurement"", ""manifold_distance"": ""pending_measurement"", ""recommended_operator"": ""not_yet_justified""}","[{""path"": ""artifacts/geometry_map/reach_wall_v1/discovery-screen/discovery_screen.json"", ""item"": ""rows[118]""}]"
reach-wall/encoder/block-5/spatial-mean/action_dz,reach-wall,encoder,5,block_residual_output,mean_of_256_spatial_tokens,,action_dz,"{""metric"": ""r2"", ""score"": 0.050441667411965985, ""time_baseline"": 0.02788791500905774, ""delta_vs_time"": 0.022553752402908245}",,,"{""participation_ratio"": 5.010366563529673, ""top10_variance_fraction"": 0.7497155847567596, ""adjacent_timestep_cosine_mean"": 0.9988356027158863}",,,,,,none_validated,"{""linear_score"": ""measured_discovery_only"", ""nonlinear_gain"": ""pending_measurement"", ""best_coordinate_frame"": ""pending_measurement"", ""geometry"": ""descriptive_activation_geometry"", ""cross_trajectory_stability"": ""pending_measurement"", ""regime_dependence"": ""pending_measurement"", ""causal_patch_effect"": ""pending_measurement"", ""specificity"": ""pending_measurement"", ""manifold_distance"": ""pending_measurement"", ""recommended_operator"": ""not_yet_justified""}","[{""path"": ""artifacts/geometry_map/reach_wall_v1/discovery-screen/discovery_screen.json"", ""item"": ""rows[119]""}]"
reach-wall/encoder/block-5/spatial-mean/cumulative_progress,reach-wall,encoder,5,block_residual_output,mean_of_256_spatial_tokens,,cumulative_progress,"{""metric"": ""r2"", ""score"": 0.9421789689257454, ""time_baseline"": 0.9222151817810877, ""delta_vs_time"": 0.01996378714465763}",,,"{""participation_ratio"": 5.010366563529673, ""top10_variance_fraction"": 0.7497155847567596, ""adjacent_timestep_cosine_mean"": 0.9988356027158863}",,,,,,none_validated,"{""linear_score"": ""measured_discovery_only"", ""nonlinear_gain"": ""pending_measurement"", ""best_coordinate_frame"": ""pending_measurement"", ""geometry"": ""descriptive_activation_geometry"", ""cross_trajectory_stability"": ""pending_measurement"", ""regime_dependence"": ""pending_measurement"", ""causal_patch_effect"": ""pending_measurement"", ""specificity"": ""pending_measurement"", ""manifold_distance"": ""pending_measurement"", ""recommended_operator"": ""not_yet_justified""}","[{""path"": ""artifacts/geometry_map/reach_wall_v1/discovery-screen/discovery_screen.json"", ""item"": ""rows[106]""}, {""path"": ""artifacts/geometry_map/reach_wall_v1/emergence-geometry/emergence_geometry.json"", ""item"": ""curves.encoder.progress.rows.layer=5""}]"
reach-wall/encoder/block-5/spatial-mean/expert_detour_gate,reach-wall,encoder,5,block_residual_output,mean_of_256_spatial_tokens,,expert_detour_gate,"{""metric"": ""auroc"", ""score"": 0.9984108579490873, ""time_baseline"": 0.978149765850144, ""delta_vs_time"": 0.020261092098943334}",,,"{""participation_ratio"": 5.010366563529673, ""top10_variance_fraction"": 0.7497155847567596, ""adjacent_timestep_cosine_mean"": 0.9988356027158863}",,,,,,none_validated,"{""linear_score"": ""measured_discovery_only"", ""nonlinear_gain"": ""pending_measurement"", ""best_coordinate_frame"": ""pending_measurement"", ""geometry"": ""descriptive_activation_geometry"", ""cross_trajectory_stability"": ""pending_measurement"", ""regime_dependence"": ""pending_measurement"", ""causal_patch_effect"": ""pending_measurement"", ""specificity"": ""pending_measurement"", ""manifold_distance"": ""pending_measurement"", ""recommended_operator"": ""not_yet_justified""}","[{""path"": ""artifacts/geometry_map/reach_wall_v1/discovery-screen/discovery_screen.json"", ""item"": ""rows[116]""}]"
reach-wall/encoder/block-5/spatial-mean/goal_distance,reach-wall,encoder,5,block_residual_output,mean_of_256_spatial_tokens,,goal_distance,"{""metric"": ""r2"", ""score"": 0.9262603038410157, ""time_baseline"": 0.908897827090231, ""delta_vs_time"": 0.017362476750784617}",,,"{""participation_ratio"": 5.010366563529673, ""top10_variance_fraction"": 0.7497155847567596, ""adjacent_timestep_cosine_mean"": 0.9988356027158863}",,,,,,none_validated,"{""linear_score"": ""measured_discovery_only"", ""nonlinear_gain"": ""pending_measurement"", ""best_coordinate_frame"": ""pending_measurement"", ""geometry"": ""descriptive_activation_geometry"", ""cross_trajectory_stability"": ""pending_measurement"", ""regime_dependence"": ""pending_measurement"", ""causal_patch_effect"": ""pending_measurement"", ""specificity"": ""pending_measurement"", ""manifold_distance"": ""pending_measurement"", ""recommended_operator"": ""not_yet_justified""}","[{""path"": ""artifacts/geometry_map/reach_wall_v1/discovery-screen/discovery_screen.json"", ""item"": ""rows[105]""}]"
reach-wall/encoder/block-5/spatial-mean/goal_vector_x,reach-wall,encoder,5,block_residual_output,mean_of_256_spatial_tokens,,goal_vector_x,"{""metric"": ""r2"", ""score"": 0.057259248473089386, ""time_baseline"": 0.08054582471970773, ""delta_vs_time"": -0.02328657624661834}",,,"{""participation_ratio"": 5.010366563529673, ""top10_variance_fraction"": 0.7497155847567596, ""adjacent_timestep_cosine_mean"": 0.9988356027158863}",,,,,,none_validated,"{""linear_score"": ""measured_discovery_only"", ""nonlinear_gain"": ""pending_measurement"", ""best_coordinate_frame"": ""pending_measurement"", ""geometry"": ""descriptive_activation_geometry"", ""cross_trajectory_stability"": ""pending_measurement"", ""regime_dependence"": ""pending_measurement"", ""causal_patch_effect"": ""pending_measurement"", ""specificity"": ""pending_measurement"", ""manifold_distance"": ""pending_measurement"", ""recommended_operator"": ""not_yet_justified""}","[{""path"": ""artifacts/geometry_map/reach_wall_v1/discovery-screen/discovery_screen.json"", ""item"": ""rows[110]""}]"
reach-wall/encoder/block-5/spatial-mean/goal_vector_y,reach-wall,encoder,5,block_residual_output,mean_of_256_spatial_tokens,,goal_vector_y,"{""metric"": ""r2"", ""score"": 0.9586406476906594, ""time_baseline"": 0.9568517433439947, ""delta_vs_time"": 0.001788904346664677}",,,"{""participation_ratio"": 5.010366563529673, ""top10_variance_fraction"": 0.7497155847567596, ""adjacent_timestep_cosine_mean"": 0.9988356027158863}",,,,,,none_validated,"{""linear_score"": ""measured_discovery_only"", ""nonlinear_gain"": ""pending_measurement"", ""best_coordinate_frame"": ""pending_measurement"", ""geometry"": ""descriptive_activation_geometry"", ""cross_trajectory_stability"": ""pending_measurement"", ""regime_dependence"": ""pending_measurement"", ""causal_patch_effect"": ""pending_measurement"", ""specificity"": ""pending_measurement"", ""manifold_distance"": ""pending_measurement"", ""recommended_operator"": ""not_yet_justified""}","[{""path"": ""artifacts/geometry_map/reach_wall_v1/discovery-screen/discovery_screen.json"", ""item"": ""rows[111]""}]"
reach-wall/encoder/block-5/spatial-mean/goal_vector_z,reach-wall,encoder,5,block_residual_output,mean_of_256_spatial_tokens,,goal_vector_z,"{""metric"": ""r2"", ""score"": 0.3393629656863608, ""time_baseline"": 0.044334510544640326, ""delta_vs_time"": 0.2950284551417205}",,,"{""participation_ratio"": 5.010366563529673, ""top10_variance_fraction"": 0.7497155847567596, ""adjacent_timestep_cosine_mean"": 0.9988356027158863}",,,,,,none_validated,"{""linear_score"": ""measured_discovery_only"", ""nonlinear_gain"": ""pending_measurement"", ""best_coordinate_frame"": ""pending_measurement"", ""geometry"": ""descriptive_activation_geometry"", ""cross_trajectory_stability"": ""pending_measurement"", ""regime_dependence"": ""pending_measurement"", ""causal_patch_effect"": ""pending_measurement"", ""specificity"": ""pending_measurement"", ""manifold_distance"": ""pending_measurement"", ""recommended_operator"": ""not_yet_justified""}","[{""path"": ""artifacts/geometry_map/reach_wall_v1/discovery-screen/discovery_screen.json"", ""item"": ""rows[112]""}]"
reach-wall/encoder/block-5/spatial-mean/goal_xz_direction,reach-wall,encoder,5,block_residual_output,mean_of_256_spatial_tokens,,goal_xz_direction,"{""metric"": ""r2"", ""score"": 0.2895238503203622, ""time_baseline"": null, ""delta_vs_time"": null}",,,,,,,,,none_validated,"{""linear_score"": ""measured_discovery_only"", ""nonlinear_gain"": ""pending_measurement"", ""best_coordinate_frame"": ""pending_measurement"", ""geometry"": ""pending_measurement"", ""cross_trajectory_stability"": ""pending_measurement"", ""regime_dependence"": ""pending_measurement"", ""causal_patch_effect"": ""pending_measurement"", ""specificity"": ""pending_measurement"", ""manifold_distance"": ""pending_measurement"", ""recommended_operator"": ""not_yet_justified""}","[{""path"": ""artifacts/geometry_map/reach_wall_v1/emergence-geometry/emergence_geometry.json"", ""item"": ""curves.encoder.goal_xz_direction.rows.layer=5""}]"
reach-wall/encoder/block-5/spatial-mean/hand_to_goal_segment_intersects_wall,reach-wall,encoder,5,block_residual_output,mean_of_256_spatial_tokens,,hand_to_goal_segment_intersects_wall,"{""metric"": ""auroc"", ""score"": 0.9875753891975818, ""time_baseline"": 0.9019247457737662, ""delta_vs_time"": 0.08565064342381556}",,,"{""participation_ratio"": 5.010366563529673, ""top10_variance_fraction"": 0.7497155847567596, ""adjacent_timestep_cosine_mean"": 0.9988356027158863}",,,,,,none_validated,"{""linear_score"": ""measured_discovery_only"", ""nonlinear_gain"": ""pending_measurement"", ""best_coordinate_frame"": ""pending_measurement"", ""geometry"": ""descriptive_activation_geometry"", ""cross_trajectory_stability"": ""pending_measurement"", ""regime_dependence"": ""pending_measurement"", ""causal_patch_effect"": ""pending_measurement"", ""specificity"": ""pending_measurement"", ""manifold_distance"": ""pending_measurement"", ""recommended_operator"": ""not_yet_justified""}","[{""path"": ""artifacts/geometry_map/reach_wall_v1/discovery-screen/discovery_screen.json"", ""item"": ""rows[115]""}]"
reach-wall/encoder/block-5/spatial-mean/hand_x,reach-wall,encoder,5,block_residual_output,mean_of_256_spatial_tokens,,hand_x,"{""metric"": ""r2"", ""score"": 0.7951795938095619, ""time_baseline"": 0.058067306134002794, ""delta_vs_time"": 0.7371122876755591}",,,"{""participation_ratio"": 5.010366563529673, ""top10_variance_fraction"": 0.7497155847567596, ""adjacent_timestep_cosine_mean"": 0.9988356027158863}",,,,,,none_validated,"{""linear_score"": ""measured_discovery_only"", ""nonlinear_gain"": ""pending_measurement"", ""best_coordinate_frame"": ""pending_measurement"", ""geometry"": ""descriptive_activation_geometry"", ""cross_trajectory_stability"": ""pending_measurement"", ""regime_dependence"": ""pending_measurement"", ""causal_patch_effect"": ""pending_measurement"", ""specificity"": ""pending_measurement"", ""manifold_distance"": ""pending_measurement"", ""recommended_operator"": ""not_yet_justified""}","[{""path"": ""artifacts/geometry_map/reach_wall_v1/discovery-screen/discovery_screen.json"", ""item"": ""rows[107]""}]"
reach-wall/encoder/block-5/spatial-mean/hand_y,reach-wall,encoder,5,block_residual_output,mean_of_256_spatial_tokens,,hand_y,"{""metric"": ""r2"", ""score"": 0.9893848566667883, ""time_baseline"": 0.9772521653309317, ""delta_vs_time"": 0.012132691335856594}",,,"{""participation_ratio"": 5.010366563529673, ""top10_variance_fraction"": 0.7497155847567596, ""adjacent_timestep_cosine_mean"": 0.9988356027158863}",,,,,,none_validated,"{""linear_score"": ""measured_discovery_only"", ""nonlinear_gain"": ""pending_measurement"", ""best_coordinate_frame"": ""pending_measurement"", ""geometry"": ""descriptive_activation_geometry"", ""cross_trajectory_stability"": ""pending_measurement"", ""regime_dependence"": ""pending_measurement"", ""causal_patch_effect"": ""pending_measurement"", ""specificity"": ""pending_measurement"", ""manifold_distance"": ""pending_measurement"", ""recommended_operator"": ""not_yet_justified""}","[{""path"": ""artifacts/geometry_map/reach_wall_v1/discovery-screen/discovery_screen.json"", ""item"": ""rows[108]""}]"
reach-wall/encoder/block-5/spatial-mean/hand_z,reach-wall,encoder,5,block_residual_output,mean_of_256_spatial_tokens,,hand_z,"{""metric"": ""r2"", ""score"": 0.991095820076667, ""time_baseline"": 0.00804356141242546, ""delta_vs_time"": 0.9830522586642415}",,,"{""participation_ratio"": 5.010366563529673, ""top10_variance_fraction"": 0.7497155847567596, ""adjacent_timestep_cosine_mean"": 0.9988356027158863}",,,,,,none_validated,"{""linear_score"": ""measured_discovery_only"", ""nonlinear_gain"": ""pending_measurement"", ""best_coordinate_frame"": ""pending_measurement"", ""geometry"": ""descriptive_activation_geometry"", ""cross_trajectory_stability"": ""pending_measurement"", ""regime_dependence"": ""pending_measurement"", ""causal_patch_effect"": ""pending_measurement"", ""specificity"": ""pending_measurement"", ""manifold_distance"": ""pending_measurement"", ""recommended_operator"": ""not_yet_justified""}","[{""path"": ""artifacts/geometry_map/reach_wall_v1/discovery-screen/discovery_screen.json"", ""item"": ""rows[109]""}]"
reach-wall/encoder/block-5/spatial-mean/height_above_wall_top,reach-wall,encoder,5,block_residual_output,mean_of_256_spatial_tokens,,height_above_wall_top,"{""metric"": ""r2"", ""score"": 0.9910958199668501, ""time_baseline"": 0.008043558955029284, ""delta_vs_time"": 0.9830522610118209}",,,"{""participation_ratio"": 5.010366563529673, ""top10_variance_fraction"": 0.7497155847567596, ""adjacent_timestep_cosine_mean"": 0.9988356027158863}",,,,,,none_validated,"{""linear_score"": ""measured_discovery_only"", ""nonlinear_gain"": ""pending_measurement"", ""best_coordinate_frame"": ""pending_measurement"", ""geometry"": ""descriptive_activation_geometry"", ""cross_trajectory_stability"": ""pending_measurement"", ""regime_dependence"": ""pending_measurement"", ""causal_patch_effect"": ""pending_measurement"", ""specificity"": ""pending_measurement"", ""manifold_distance"": ""pending_measurement"", ""recommended_operator"": ""not_yet_justified""}","[{""path"": ""artifacts/geometry_map/reach_wall_v1/discovery-screen/discovery_screen.json"", ""item"": ""rows[114]""}]"
reach-wall/encoder/block-5/spatial-mean/realized_dx,reach-wall,encoder,5,block_residual_output,mean_of_256_spatial_tokens,,realized_dx,"{""metric"": ""r2"", ""score"": 0.015166126079220521, ""time_baseline"": 0.005340828654275098, ""delta_vs_time"": 0.009825297424945423}",,,"{""participation_ratio"": 5.010366563529673, ""top10_variance_fraction"": 0.7497155847567596, ""adjacent_timestep_cosine_mean"": 0.9988356027158863}",,,,,,none_validated,"{""linear_score"": ""measured_discovery_only"", ""nonlinear_gain"": ""pending_measurement"", ""best_coordinate_frame"": ""pending_measurement"", ""geometry"": ""descriptive_activation_geometry"", ""cross_trajectory_stability"": ""pending_measurement"", ""regime_dependence"": ""pending_measurement"", ""causal_patch_effect"": ""pending_measurement"", ""specificity"": ""pending_measurement"", ""manifold_distance"": ""pending_measurement"", ""recommended_operator"": ""not_yet_justified""}","[{""path"": ""artifacts/geometry_map/reach_wall_v1/discovery-screen/discovery_screen.json"", ""item"": ""rows[121]""}]"
reach-wall/encoder/block-5/spatial-mean/realized_dy,reach-wall,encoder,5,block_residual_output,mean_of_256_spatial_tokens,,realized_dy,"{""metric"": ""r2"", ""score"": 0.8543191399732873, ""time_baseline"": 0.7938417819030151, ""delta_vs_time"": 0.060477358070272214}",,,"{""participation_ratio"": 5.010366563529673, ""top10_variance_fraction"": 0.7497155847567596, ""adjacent_timestep_cosine_mean"": 0.9988356027158863}",,,,,,none_validated,"{""linear_score"": ""measured_discovery_only"", ""nonlinear_gain"": ""pending_measurement"", ""best_coordinate_frame"": ""pending_measurement"", ""geometry"": ""descriptive_activation_geometry"", ""cross_trajectory_stability"": ""pending_measurement"", ""regime_dependence"": ""pending_measurement"", ""causal_patch_effect"": ""pending_measurement"", ""specificity"": ""pending_measurement"", ""manifold_distance"": ""pending_measurement"", ""recommended_operator"": ""not_yet_justified""}","[{""path"": ""artifacts/geometry_map/reach_wall_v1/discovery-screen/discovery_screen.json"", ""item"": ""rows[122]""}]"
reach-wall/encoder/block-5/spatial-mean/realized_dz,reach-wall,encoder,5,block_residual_output,mean_of_256_spatial_tokens,,realized_dz,"{""metric"": ""r2"", ""score"": 0.14094948889528824, ""time_baseline"": 0.07117442644816807, ""delta_vs_time"": 0.06977506244712017}",,,"{""participation_ratio"": 5.010366563529673, ""top10_variance_fraction"": 0.7497155847567596, ""adjacent_timestep_cosine_mean"": 0.9988356027158863}",,,,,,none_validated,"{""linear_score"": ""measured_discovery_only"", ""nonlinear_gain"": ""pending_measurement"", ""best_coordinate_frame"": ""pending_measurement"", ""geometry"": ""descriptive_activation_geometry"", ""cross_trajectory_stability"": ""pending_measurement"", ""regime_dependence"": ""pending_measurement"", ""causal_patch_effect"": ""pending_measurement"", ""specificity"": ""pending_measurement"", ""manifold_distance"": ""pending_measurement"", ""recommended_operator"": ""not_yet_justified""}","[{""path"": ""artifacts/geometry_map/reach_wall_v1/discovery-screen/discovery_screen.json"", ""item"": ""rows[123]""}]"
reach-wall/encoder/block-5/spatial-mean/realized_hand_delta_magnitude,reach-wall,encoder,5,block_residual_output,mean_of_256_spatial_tokens,,realized_hand_delta_magnitude,"{""metric"": ""r2"", ""score"": 0.7225247190268336, ""time_baseline"": 0.6130267917023396, ""delta_vs_time"": 0.10949792732449393}",,,"{""participation_ratio"": 5.010366563529673, ""top10_variance_fraction"": 0.7497155847567596, ""adjacent_timestep_cosine_mean"": 0.9988356027158863}",,,,,,none_validated,"{""linear_score"": ""measured_discovery_only"", ""nonlinear_gain"": ""pending_measurement"", ""best_coordinate_frame"": ""pending_measurement"", ""geometry"": ""descriptive_activation_geometry"", ""cross_trajectory_stability"": ""pending_measurement"", ""regime_dependence"": ""pending_measurement"", ""causal_patch_effect"": ""pending_measurement"", ""specificity"": ""pending_measurement"", ""manifold_distance"": ""pending_measurement"", ""recommended_operator"": ""not_yet_justified""}","[{""path"": ""artifacts/geometry_map/reach_wall_v1/discovery-screen/discovery_screen.json"", ""item"": ""rows[124]""}, {""path"": ""artifacts/geometry_map/reach_wall_v1/emergence-geometry/emergence_geometry.json"", ""item"": ""curves.encoder.motion_magnitude.rows.layer=5""}]"
reach-wall/encoder/block-5/spatial-mean/realized_xz_direction,reach-wall,encoder,5,block_residual_output,mean_of_256_spatial_tokens,,realized_xz_direction,"{""metric"": ""r2"", ""score"": 0.0350013288578598, ""time_baseline"": null, ""delta_vs_time"": null}",,,,,,,,,none_validated,"{""linear_score"": ""measured_discovery_only"", ""nonlinear_gain"": ""pending_measurement"", ""best_coordinate_frame"": ""pending_measurement"", ""geometry"": ""pending_measurement"", ""cross_trajectory_stability"": ""pending_measurement"", ""regime_dependence"": ""pending_measurement"", ""causal_patch_effect"": ""pending_measurement"", ""specificity"": ""pending_measurement"", ""manifold_distance"": ""pending_measurement"", ""recommended_operator"": ""not_yet_justified""}","[{""path"": ""artifacts/geometry_map/reach_wall_v1/emergence-geometry/emergence_geometry.json"", ""item"": ""curves.encoder.realized_xz_direction.rows.layer=5""}]"
reach-wall/encoder/block-5/spatial-mean/reward_sum,reach-wall,encoder,5,block_residual_output,mean_of_256_spatial_tokens,,reward_sum,"{""metric"": ""r2"", ""score"": 0.9493289344025297, ""time_baseline"": 0.9142972039613033, ""delta_vs_time"": 0.03503173044122643}",,,"{""participation_ratio"": 5.010366563529673, ""top10_variance_fraction"": 0.7497155847567596, ""adjacent_timestep_cosine_mean"": 0.9988356027158863}",,,,,,none_validated,"{""linear_score"": ""measured_discovery_only"", ""nonlinear_gain"": ""pending_measurement"", ""best_coordinate_frame"": ""pending_measurement"", ""geometry"": ""descriptive_activation_geometry"", ""cross_trajectory_stability"": ""pending_measurement"", ""regime_dependence"": ""pending_measurement"", ""causal_patch_effect"": ""pending_measurement"", ""specificity"": ""pending_measurement"", ""manifold_distance"": ""pending_measurement"", ""recommended_operator"": ""not_yet_justified""}","[{""path"": ""artifacts/geometry_map/reach_wall_v1/discovery-screen/discovery_screen.json"", ""item"": ""rows[125]""}]"
reach-wall/encoder/block-5/spatial-mean/wall_signed_distance,reach-wall,encoder,5,block_residual_output,mean_of_256_spatial_tokens,,wall_signed_distance,"{""metric"": ""r2"", ""score"": 0.9648029632312275, ""time_baseline"": 0.14228076564542247, ""delta_vs_time"": 0.822522197585805}",,,"{""participation_ratio"": 5.010366563529673, ""top10_variance_fraction"": 0.7497155847567596, ""adjacent_timestep_cosine_mean"": 0.9988356027158863}",,,,,,none_validated,"{""linear_score"": ""measured_discovery_only"", ""nonlinear_gain"": ""pending_measurement"", ""best_coordinate_frame"": ""pending_measurement"", ""geometry"": ""descriptive_activation_geometry"", ""cross_trajectory_stability"": ""pending_measurement"", ""regime_dependence"": ""pending_measurement"", ""causal_patch_effect"": ""pending_measurement"", ""specificity"": ""pending_measurement"", ""manifold_distance"": ""pending_measurement"", ""recommended_operator"": ""not_yet_justified""}","[{""path"": ""artifacts/geometry_map/reach_wall_v1/discovery-screen/discovery_screen.json"", ""item"": ""rows[113]""}, {""path"": ""artifacts/geometry_map/reach_wall_v1/emergence-geometry/emergence_geometry.json"", ""item"": ""curves.encoder.wall_signed_distance.rows.layer=5""}]"
reach-wall/encoder/block-6/spatial-mean/action_chunk_frobenius_magnitude,reach-wall,encoder,6,block_residual_output,mean_of_256_spatial_tokens,,action_chunk_frobenius_magnitude,"{""metric"": ""r2"", ""score"": 0.49028195968129884, ""time_baseline"": 0.4725658231754639, ""delta_vs_time"": 0.017716136505834923}","{""knn_score"": 0.4953593222883155, ""linear_score"": 0.49028195968129873, ""nonlinear_gain"": 0.005077362607016744}",,"{""participation_ratio"": 4.909048281583971, ""top10_variance_fraction"": 0.7461662470029555, ""adjacent_timestep_cosine_mean"": 0.9987897834014257, ""eigenspectrum_reference"": ""sites.encoder.block6.eigenspectrum"", ""common_metric_subspace_comparisons_reference"": ""sites.encoder.block6.subspace_comparisons""}","{""status"": ""not_run"", ""reason"": ""Focused bootstrap covers progress, clearance and XZ direction""}","{""status"": ""descriptive_physical_regimes"", ""groups"": [{""regime"": ""below_wall_top"", ""seed"": null, ""samples"": 51, ""episodes"": 13, ""global_held_seed_mse"": 0.13954692009562775, ""time_only_mse"": 0.1907482167575833, ""mean_time"": 0.7812177562246135, ""time_quantiles"": [0.5789473652839661, 0.7894737124443054, 0.9473684430122375]}, {""regime"": ""below_wall_top"", ""seed"": 1, ""samples"": 7, ""episodes"": 3, ""global_held_seed_mse"": 0.09329767947416893, ""time_only_mse"": 0.03923424170586417, ""mean_time"": 0.7669173053332737, ""time_quantiles"": [0.5789473772048951, 0.7894737124443054, 0.9473684430122375]}, {""regime"": ""below_wall_top"", ""seed"": 2, ""samples"": 15, ""episodes"": 4, ""global_held_seed_mse"": 0.28856371824786464, ""time_only_mse"": 0.4548780753797883, ""mean_time"": 0.7789473732312521, ""time_quantiles"": [0.6526315689086915, 0.7894737124443054, 0.9263157963752746]}, {""regime"": ""below_wall_top"", ""seed"": 3, ""samples"": 29, ""episodes"": 6, ""global_held_seed_mse"": 0.07363287568413321, ""time_only_mse"": 0.09070166317237499, ""mean_time"": 0.7858439252294344, ""time_quantiles"": [0.5684210538864136, 0.8421052694320679, 0.9473684430122375]}, {""regime"": ""at_or_above_wall_top"", ""seed"": null, ""samples"": 2799, ""episodes"": 150, ""global_held_seed_mse"": 0.1032037083037347, ""time_only_mse"": 0.10594617875800598, ""mean_time"": 0.4680807074028153, ""time_quantiles"": [0.05263157933950424, 0.4736842215061188, 0.8947368264198303]}, {""regime"": ""at_or_above_wall_top"", ""seed"": 1, ""samples"": 943, ""episodes"": 50, ""global_held_seed_mse"": 0.0996226874212618, ""time_only_mse"": 0.10266300474073377, ""mean_time"": 0.4715075087224944, ""time_quantiles"": [0.05263157933950424, 0.4736842215061188, 0.8947368264198303]}, {""regime"": ""at_or_above_wall_top"", ""seed"": 2, ""samples"": 935, ""episodes"": 50, ""global_held_seed_mse"": 0.11387435617559372, ""time_only_mse"": 0.11732723772692054, ""mean_time"": 0.46878694252853087, ""time_quantiles"": [0.05263157933950424, 0.4736842215061188, 0.8947368264198303]}, {""regime"": ""at_or_above_wall_top"", ""seed"": 3, ""samples"": 921, ""episodes"": 50, ""global_held_seed_mse"": 0.09603741832760408, ""time_only_mse"": 0.09775371726218902, ""mean_time"": 0.463855079295322, ""time_quantiles"": [0.05263157933950424, 0.4736842215061188, 0.8421052694320679]}], ""time_confounding"": ""Regimes have different time and trajectory composition; residual differences do not identify causal regimes or HMM states.""}",,,,none_validated,"{""linear_score"": ""measured_discovery_only"", ""nonlinear_gain"": ""measured_discovery_only"", ""best_coordinate_frame"": ""pending_measurement"", ""geometry"": ""descriptive_common_metric_discovery_geometry"", ""cross_trajectory_stability"": ""measured_discovery_only"", ""regime_dependence"": ""measured_discovery_only"", ""causal_patch_effect"": ""pending_measurement"", ""specificity"": ""pending_measurement"", ""manifold_distance"": ""pending_measurement"", ""recommended_operator"": ""not_yet_justified""}","[{""path"": ""artifacts/geometry_map/reach_wall_v1/discovery-screen/discovery_screen.json"", ""item"": ""rows[141]""}, {""path"": ""artifacts/geometry_map/reach_wall_v1/cached-geometry-v2/nonlinear_screen.json"", ""item"": ""rows[36]""}, {""path"": ""artifacts/geometry_map/reach_wall_v1/spatial-screen/spatial_screen.json"", ""item"": ""maps.encoder.block6.action_translation_magnitude""}, {""path"": ""artifacts/geometry_map/reach_wall_v1/cached-geometry-v2/cached_geometry.json"", ""item"": ""rows[7]""}, {""path"": ""artifacts/geometry_map/reach_wall_v1/cached-geometry-v2/cached_geometry.json"", ""item"": ""sites[0]""}]"
reach-wall/encoder/block-6/spatial-mean/action_direction,reach-wall,encoder,6,block_residual_output,mean_of_256_spatial_tokens,,action_direction,"{""metric"": ""r2"", ""score"": 0.15063961848267315, ""time_baseline"": 0.19205233759231133, ""delta_vs_time"": -0.041412719109638174}",,,"{""eigenspectrum_reference"": ""sites.encoder.block6.eigenspectrum"", ""common_metric_subspace_comparisons_reference"": ""sites.encoder.block6.subspace_comparisons""}","{""status"": ""not_run"", ""reason"": ""Focused bootstrap covers progress, clearance and XZ direction""}","{""status"": ""descriptive_physical_regimes"", ""groups"": [{""regime"": ""below_wall_top"", ""seed"": null, ""samples"": 51, ""episodes"": 13, ""global_held_seed_mse"": 0.5263167282141672, ""time_only_mse"": 0.35860109047115224, ""mean_time"": 0.7812177562246135, ""time_quantiles"": [0.5789473652839661, 0.7894737124443054, 0.9473684430122375]}, {""regime"": ""below_wall_top"", ""seed"": 1, ""samples"": 7, ""episodes"": 3, ""global_held_seed_mse"": 0.5032101631534024, ""time_only_mse"": 0.32814295665927457, ""mean_time"": 0.7669173053332737, ""time_quantiles"": [0.5789473772048951, 0.7894737124443054, 0.9473684430122375]}, {""regime"": ""below_wall_top"", ""seed"": 2, ""samples"": 15, ""episodes"": 4, ""global_held_seed_mse"": 0.5578505579131756, ""time_only_mse"": 0.3948960705833212, ""mean_time"": 0.7789473732312521, ""time_quantiles"": [0.6526315689086915, 0.7894737124443054, 0.9263157963752746]}, {""regime"": ""below_wall_top"", ""seed"": 3, ""samples"": 29, ""episodes"": 6, ""global_held_seed_mse"": 0.5155835733845198, ""time_only_mse"": 0.3471797882297939, ""mean_time"": 0.7858439252294344, ""time_quantiles"": [0.5684210538864136, 0.8421052694320679, 0.9473684430122375]}, {""regime"": ""at_or_above_wall_top"", ""seed"": null, ""samples"": 2799, ""episodes"": 150, ""global_held_seed_mse"": 0.2579207723137294, ""time_only_mse"": 0.24793352270318156, ""mean_time"": 0.4680807074028153, ""time_quantiles"": [0.05263157933950424, 0.4736842215061188, 0.8947368264198303]}, {""regime"": ""at_or_above_wall_top"", ""seed"": 1, ""samples"": 943, ""episodes"": 50, ""global_held_seed_mse"": 0.25451217449251234, ""time_only_mse"": 0.24807045763349864, ""mean_time"": 0.4715075087224944, ""time_quantiles"": [0.05263157933950424, 0.4736842215061188, 0.8947368264198303]}, {""regime"": ""at_or_above_wall_top"", ""seed"": 2, ""samples"": 935, ""episodes"": 50, ""global_held_seed_mse"": 0.2574020551464616, ""time_only_mse"": 0.24672252174819034, ""mean_time"": 0.46878694252853087, ""time_quantiles"": [0.05263157933950424, 0.4736842215061188, 0.8947368264198303]}, {""regime"": ""at_or_above_wall_top"", ""seed"": 3, ""samples"": 921, ""episodes"": 50, ""global_held_seed_mse"": 0.261937393700052, ""time_only_mse"": 0.2490227260187383, ""mean_time"": 0.463855079295322, ""time_quantiles"": [0.05263157933950424, 0.4736842215061188, 0.8421052694320679]}], ""time_confounding"": ""Regimes have different time and trajectory composition; residual differences do not identify causal regimes or HMM states.""}",,,,none_validated,"{""linear_score"": ""measured_discovery_only"", ""nonlinear_gain"": ""pending_measurement"", ""best_coordinate_frame"": ""pending_measurement"", ""geometry"": ""descriptive_common_metric_discovery_geometry"", ""cross_trajectory_stability"": ""measured_discovery_only"", ""regime_dependence"": ""measured_discovery_only"", ""causal_patch_effect"": ""pending_measurement"", ""specificity"": ""pending_measurement"", ""manifold_distance"": ""pending_measurement"", ""recommended_operator"": ""not_yet_justified""}","[{""path"": ""artifacts/geometry_map/reach_wall_v1/cached-geometry-v2/cached_geometry.json"", ""item"": ""rows[5]""}, {""path"": ""artifacts/geometry_map/reach_wall_v1/cached-geometry-v2/cached_geometry.json"", ""item"": ""sites[0]""}]"
reach-wall/encoder/block-6/spatial-mean/action_dx,reach-wall,encoder,6,block_residual_output,mean_of_256_spatial_tokens,,action_dx,"{""metric"": ""r2"", ""score"": -0.024289217917287553, ""time_baseline"": 0.0033910809446688894, ""delta_vs_time"": -0.027680298861956443}","{""knn_score"": 0.0018302080752374827, ""linear_score"": -0.024289217917287553, ""nonlinear_gain"": 0.026119425992525036}",,"{""participation_ratio"": 4.909048281583971, ""top10_variance_fraction"": 0.7461662470029555, ""adjacent_timestep_cosine_mean"": 0.9987897834014257, ""eigenspectrum_reference"": ""sites.encoder.block6.eigenspectrum"", ""common_metric_subspace_comparisons_reference"": ""sites.encoder.block6.subspace_comparisons""}",,,,,,none_validated,"{""linear_score"": ""measured_discovery_only"", ""nonlinear_gain"": ""measured_discovery_only"", ""best_coordinate_frame"": ""pending_measurement"", ""geometry"": ""descriptive_common_metric_discovery_geometry"", ""cross_trajectory_stability"": ""pending_measurement"", ""regime_dependence"": ""pending_measurement"", ""causal_patch_effect"": ""pending_measurement"", ""specificity"": ""pending_measurement"", ""manifold_distance"": ""pending_measurement"", ""recommended_operator"": ""not_yet_justified""}","[{""path"": ""artifacts/geometry_map/reach_wall_v1/discovery-screen/discovery_screen.json"", ""item"": ""rows[138]""}, {""path"": ""artifacts/geometry_map/reach_wall_v1/cached-geometry-v2/nonlinear_screen.json"", ""item"": ""rows[33]""}, {""path"": ""artifacts/geometry_map/reach_wall_v1/spatial-screen/spatial_screen.json"", ""item"": ""maps.encoder.block6.action_dx""}, {""path"": ""artifacts/geometry_map/reach_wall_v1/cached-geometry-v2/cached_geometry.json"", ""item"": ""sites[0]""}]"
reach-wall/encoder/block-6/spatial-mean/action_dy,reach-wall,encoder,6,block_residual_output,mean_of_256_spatial_tokens,,action_dy,"{""metric"": ""r2"", ""score"": 0.6141331506263925, ""time_baseline"": 0.6287213192564175, ""delta_vs_time"": -0.014588168630024989}","{""knn_score"": 0.6125422222390411, ""linear_score"": 0.6141331506263925, ""nonlinear_gain"": -0.0015909283873514202}",,"{""participation_ratio"": 4.909048281583971, ""top10_variance_fraction"": 0.7461662470029555, ""adjacent_timestep_cosine_mean"": 0.9987897834014257, ""eigenspectrum_reference"": ""sites.encoder.block6.eigenspectrum"", ""common_metric_subspace_comparisons_reference"": ""sites.encoder.block6.subspace_comparisons""}",,,,,,none_validated,"{""linear_score"": ""measured_discovery_only"", ""nonlinear_gain"": ""measured_discovery_only"", ""best_coordinate_frame"": ""pending_measurement"", ""geometry"": ""descriptive_common_metric_discovery_geometry"", ""cross_trajectory_stability"": ""pending_measurement"", ""regime_dependence"": ""pending_measurement"", ""causal_patch_effect"": ""pending_measurement"", ""specificity"": ""pending_measurement"", ""manifold_distance"": ""pending_measurement"", ""recommended_operator"": ""not_yet_justified""}","[{""path"": ""artifacts/geometry_map/reach_wall_v1/discovery-screen/discovery_screen.json"", ""item"": ""rows[139]""}, {""path"": ""artifacts/geometry_map/reach_wall_v1/cached-geometry-v2/nonlinear_screen.json"", ""item"": ""rows[34]""}, {""path"": ""artifacts/geometry_map/reach_wall_v1/spatial-screen/spatial_screen.json"", ""item"": ""maps.encoder.block6.action_dy""}, {""path"": ""artifacts/geometry_map/reach_wall_v1/cached-geometry-v2/cached_geometry.json"", ""item"": ""sites[0]""}]"
reach-wall/encoder/block-6/spatial-mean/action_dz,reach-wall,encoder,6,block_residual_output,mean_of_256_spatial_tokens,,action_dz,"{""metric"": ""r2"", ""score"": 0.031414274604328996, ""time_baseline"": 0.02788791500905774, ""delta_vs_time"": 0.0035263595952712556}","{""knn_score"": 0.05236870078183442, ""linear_score"": 0.031414274604328996, ""nonlinear_gain"": 0.020954426177505425}",,"{""participation_ratio"": 4.909048281583971, ""top10_variance_fraction"": 0.7461662470029555, ""adjacent_timestep_cosine_mean"": 0.9987897834014257, ""eigenspectrum_reference"": ""sites.encoder.block6.eigenspectrum"", ""common_metric_subspace_comparisons_reference"": ""sites.encoder.block6.subspace_comparisons""}",,,,,,none_validated,"{""linear_score"": ""measured_discovery_only"", ""nonlinear_gain"": ""measured_discovery_only"", ""best_coordinate_frame"": ""pending_measurement"", ""geometry"": ""descriptive_common_metric_discovery_geometry"", ""cross_trajectory_stability"": ""pending_measurement"", ""regime_dependence"": ""pending_measurement"", ""causal_patch_effect"": ""pending_measurement"", ""specificity"": ""pending_measurement"", ""manifold_distance"": ""pending_measurement"", ""recommended_operator"": ""not_yet_justified""}","[{""path"": ""artifacts/geometry_map/reach_wall_v1/discovery-screen/discovery_screen.json"", ""item"": ""rows[140]""}, {""path"": ""artifacts/geometry_map/reach_wall_v1/cached-geometry-v2/nonlinear_screen.json"", ""item"": ""rows[35]""}, {""path"": ""artifacts/geometry_map/reach_wall_v1/spatial-screen/spatial_screen.json"", ""item"": ""maps.encoder.block6.action_dz""}, {""path"": ""artifacts/geometry_map/reach_wall_v1/cached-geometry-v2/cached_geometry.json"", ""item"": ""sites[0]""}]"
reach-wall/encoder/block-6/spatial-mean/action_net_norm,reach-wall,encoder,6,block_residual_output,mean_of_256_spatial_tokens,,action_net_norm,"{""metric"": ""r2"", ""score"": 0.511670882915428, ""time_baseline"": 0.4870869163889663, ""delta_vs_time"": 0.024583966526461665}",,,"{""eigenspectrum_reference"": ""sites.encoder.block6.eigenspectrum"", ""common_metric_subspace_comparisons_reference"": ""sites.encoder.block6.subspace_comparisons""}","{""status"": ""not_run"", ""reason"": ""Focused bootstrap covers progress, clearance and XZ direction""}","{""status"": ""descriptive_physical_regimes"", ""groups"": [{""regime"": ""below_wall_top"", ""seed"": null, ""samples"": 51, ""episodes"": 13, ""global_held_seed_mse"": 3.410047670400587, ""time_only_mse"": 4.296760960113498, ""mean_time"": 0.7812177562246135, ""time_quantiles"": [0.5789473652839661, 0.7894737124443054, 0.9473684430122375]}, {""regime"": ""below_wall_top"", ""seed"": 1, ""samples"": 7, ""episodes"": 3, ""global_held_seed_mse"": 2.0265915440640576, ""time_only_mse"": 1.236715122960698, ""mean_time"": 0.7669173053332737, ""time_quantiles"": [0.5789473772048951, 0.7894737124443054, 0.9473684430122375]}, {""regime"": ""below_wall_top"", ""seed"": 2, ""samples"": 15, ""episodes"": 4, ""global_held_seed_mse"": 6.399402829076746, ""time_only_mse"": 9.72477954738707, ""mean_time"": 0.7789473732312521, ""time_quantiles"": [0.6526315689086915, 0.7894737124443054, 0.9263157963752746]}, {""regime"": ""below_wall_top"", ""seed"": 3, ""samples"": 29, ""episodes"": 6, ""global_held_seed_mse"": 2.197767170545874, ""time_only_mse"": 2.227796892905427, ""mean_time"": 0.7858439252294344, ""time_quantiles"": [0.5684210538864136, 0.8421052694320679, 0.9473684430122375]}, {""regime"": ""at_or_above_wall_top"", ""seed"": null, ""samples"": 2799, ""episodes"": 150, ""global_held_seed_mse"": 1.4539014066379568, ""time_only_mse"": 1.5140665890661464, ""mean_time"": 0.4680807074028153, ""time_quantiles"": [0.05263157933950424, 0.4736842215061188, 0.8947368264198303]}, {""regime"": ""at_or_above_wall_top"", ""seed"": 1, ""samples"": 943, ""episodes"": 50, ""global_held_seed_mse"": 1.4426080147983096, ""time_only_mse"": 1.4242424006778094, ""mean_time"": 0.4715075087224944, ""time_quantiles"": [0.05263157933950424, 0.4736842215061188, 0.8947368264198303]}, {""regime"": ""at_or_above_wall_top"", ""seed"": 2, ""samples"": 935, ""episodes"": 50, ""global_held_seed_mse"": 1.469503484720583, ""time_only_mse"": 1.5713040773971467, ""mean_time"": 0.46878694252853087, ""time_quantiles"": [0.05263157933950424, 0.4736842215061188, 0.8947368264198303]}, {""regime"": ""at_or_above_wall_top"", ""seed"": 3, ""samples"": 921, ""episodes"": 50, ""global_held_seed_mse"": 1.4496253214018353, ""time_only_mse"": 1.5479288670908125, ""mean_time"": 0.463855079295322, ""time_quantiles"": [0.05263157933950424, 0.4736842215061188, 0.8421052694320679]}], ""time_confounding"": ""Regimes have different time and trajectory composition; residual differences do not identify causal regimes or HMM states.""}",,,,none_validated,"{""linear_score"": ""measured_discovery_only"", ""nonlinear_gain"": ""pending_measurement"", ""best_coordinate_frame"": ""pending_measurement"", ""geometry"": ""descriptive_common_metric_discovery_geometry"", ""cross_trajectory_stability"": ""measured_discovery_only"", ""regime_dependence"": ""measured_discovery_only"", ""causal_patch_effect"": ""pending_measurement"", ""specificity"": ""pending_measurement"", ""manifold_distance"": ""pending_measurement"", ""recommended_operator"": ""not_yet_justified""}","[{""path"": ""artifacts/geometry_map/reach_wall_v1/cached-geometry-v2/cached_geometry.json"", ""item"": ""rows[6]""}, {""path"": ""artifacts/geometry_map/reach_wall_v1/cached-geometry-v2/cached_geometry.json"", ""item"": ""sites[0]""}]"
reach-wall/encoder/block-6/spatial-mean/cumulative_progress,reach-wall,encoder,6,block_residual_output,mean_of_256_spatial_tokens,,cumulative_progress,"{""metric"": ""r2"", ""score"": 0.9398747013218143, ""time_baseline"": 0.9222151825002093, ""delta_vs_time"": 0.01765951882160499}","{""knn_score"": 0.8587344902880731, ""linear_score"": 0.9398747013500881, ""nonlinear_gain"": -0.08114021106201497}",,"{""participation_ratio"": 4.909048281583971, ""top10_variance_fraction"": 0.7461662470029555, ""adjacent_timestep_cosine_mean"": 0.9987897834014257, ""eigenspectrum_reference"": ""sites.encoder.block6.eigenspectrum"", ""common_metric_subspace_comparisons_reference"": ""sites.encoder.block6.subspace_comparisons""}","{""status"": ""not_run"", ""reason"": ""Focused bootstrap covers progress, clearance and XZ direction""}","{""status"": ""descriptive_physical_regimes"", ""groups"": [{""regime"": ""below_wall_top"", ""seed"": null, ""samples"": 51, ""episodes"": 13, ""global_held_seed_mse"": 0.001450183035992911, ""time_only_mse"": 0.0010581333179116642, ""mean_time"": 0.7812177562246135, ""time_quantiles"": [0.5789473652839661, 0.7894737124443054, 0.9473684430122375]}, {""regime"": ""below_wall_top"", ""seed"": 1, ""samples"": 7, ""episodes"": 3, ""global_held_seed_mse"": 0.00022390125224228642, ""time_only_mse"": 0.0002068010813422921, ""mean_time"": 0.7669173053332737, ""time_quantiles"": [0.5789473772048951, 0.7894737124443054, 0.9473684430122375]}, {""regime"": ""below_wall_top"", ""seed"": 2, ""samples"": 15, ""episodes"": 4, ""global_held_seed_mse"": 0.002217405410472367, ""time_only_mse"": 0.001185093929917533, ""mean_time"": 0.7789473732312521, ""time_quantiles"": [0.6526315689086915, 0.7894737124443054, 0.9263157963752746]}, {""regime"": ""below_wall_top"", ""seed"": 3, ""samples"": 29, ""episodes"": 6, ""global_held_seed_mse"": 0.00134934292802955, ""time_only_mse"": 0.0011979580239770975, ""mean_time"": 0.7858439252294344, ""time_quantiles"": [0.5684210538864136, 0.8421052694320679, 0.9473684430122375]}, {""regime"": ""at_or_above_wall_top"", ""seed"": null, ""samples"": 2799, ""episodes"": 150, ""global_held_seed_mse"": 0.00031079312681552007, ""time_only_mse"": 0.00041698113286670096, ""mean_time"": 0.4680807074028153, ""time_quantiles"": [0.05263157933950424, 0.4736842215061188, 0.8947368264198303]}, {""regime"": ""at_or_above_wall_top"", ""seed"": 1, ""samples"": 943, ""episodes"": 50, ""global_held_seed_mse"": 0.00027451930629075484, ""time_only_mse"": 0.0003539398806516751, ""mean_time"": 0.4715075087224944, ""time_quantiles"": [0.05263157933950424, 0.4736842215061188, 0.8947368264198303]}, {""regime"": ""at_or_above_wall_top"", ""seed"": 2, ""samples"": 935, ""episodes"": 50, ""global_held_seed_mse"": 0.00039350598472934255, ""time_only_mse"": 0.0005289932176593962, ""mean_time"": 0.46878694252853087, ""time_quantiles"": [0.05263157933950424, 0.4736842215061188, 0.8947368264198303]}, {""regime"": ""at_or_above_wall_top"", ""seed"": 3, ""samples"": 921, ""episodes"": 50, ""global_held_seed_mse"": 0.0002639632577660407, ""time_only_mse"": 0.00036781349069254176, ""mean_time"": 0.463855079295322, ""time_quantiles"": [0.05263157933950424, 0.4736842215061188, 0.8421052694320679]}], ""time_confounding"": ""Regimes have different time and trajectory composition; residual differences do not identify causal regimes or HMM states.""}",,,,none_validated,"{""linear_score"": ""measured_discovery_only"", ""nonlinear_gain"": ""measured_discovery_only"", ""best_coordinate_frame"": ""pending_measurement"", ""geometry"": ""descriptive_common_metric_discovery_geometry"", ""cross_trajectory_stability"": ""measured_discovery_only"", ""regime_dependence"": ""measured_discovery_only"", ""causal_patch_effect"": ""pending_measurement"", ""specificity"": ""pending_measurement"", ""manifold_distance"": ""pending_measurement"", ""recommended_operator"": ""not_yet_justified""}","[{""path"": ""artifacts/geometry_map/reach_wall_v1/discovery-screen/discovery_screen.json"", ""item"": ""rows[127]""}, {""path"": ""artifacts/geometry_map/reach_wall_v1/emergence-geometry/emergence_geometry.json"", ""item"": ""curves.encoder.progress.rows.layer=6""}, {""path"": ""artifacts/geometry_map/reach_wall_v1/cached-geometry-v2/nonlinear_screen.json"", ""item"": ""rows[22]""}, {""path"": ""artifacts/geometry_map/reach_wall_v1/spatial-screen/spatial_screen.json"", ""item"": ""maps.encoder.block6.progress""}, {""path"": ""artifacts/geometry_map/reach_wall_v1/cached-geometry-v2/cached_geometry.json"", ""item"": ""rows[1]""}, {""path"": ""artifacts/geometry_map/reach_wall_v1/cached-geometry-v2/cached_geometry.json"", ""item"": ""sites[0]""}]"
reach-wall/encoder/block-6/spatial-mean/expert_detour_gate,reach-wall,encoder,6,block_residual_output,mean_of_256_spatial_tokens,,expert_detour_gate,"{""metric"": ""auroc"", ""score"": 0.998444004162664, ""time_baseline"": 0.978149765850144, ""delta_vs_time"": 0.020294238312519974}","{""knn_score"": 0.9965102665706052, ""linear_score"": 0.998444004162664, ""nonlinear_gain"": -0.0019337375920588373}",,"{""participation_ratio"": 4.909048281583971, ""top10_variance_fraction"": 0.7461662470029555, ""adjacent_timestep_cosine_mean"": 0.9987897834014257, ""eigenspectrum_reference"": ""sites.encoder.block6.eigenspectrum"", ""common_metric_subspace_comparisons_reference"": ""sites.encoder.block6.subspace_comparisons""}",,,,,,none_validated,"{""linear_score"": ""measured_discovery_only"", ""nonlinear_gain"": ""measured_discovery_only"", ""best_coordinate_frame"": ""pending_measurement"", ""geometry"": ""descriptive_common_metric_discovery_geometry"", ""cross_trajectory_stability"": ""pending_measurement"", ""regime_dependence"": ""pending_measurement"", ""causal_patch_effect"": ""pending_measurement"", ""specificity"": ""pending_measurement"", ""manifold_distance"": ""pending_measurement"", ""recommended_operator"": ""not_yet_justified""}","[{""path"": ""artifacts/geometry_map/reach_wall_v1/discovery-screen/discovery_screen.json"", ""item"": ""rows[137]""}, {""path"": ""artifacts/geometry_map/reach_wall_v1/cached-geometry-v2/nonlinear_screen.json"", ""item"": ""rows[32]""}, {""path"": ""artifacts/geometry_map/reach_wall_v1/spatial-screen/spatial_screen.json"", ""item"": ""maps.encoder.block6.expert_detour_gate""}, {""path"": ""artifacts/geometry_map/reach_wall_v1/cached-geometry-v2/cached_geometry.json"", ""item"": ""sites[0]""}]"
reach-wall/encoder/block-6/spatial-mean/goal_distance,reach-wall,encoder,6,block_residual_output,mean_of_256_spatial_tokens,,goal_distance,"{""metric"": ""r2"", ""score"": 0.9286423393692269, ""time_baseline"": 0.908897827090231, ""delta_vs_time"": 0.019744512278995874}","{""knn_score"": 0.84518176565395, ""linear_score"": 0.9286423393692269, ""nonlinear_gain"": -0.08346057371527693}",,"{""participation_ratio"": 4.909048281583971, ""top10_variance_fraction"": 0.7461662470029555, ""adjacent_timestep_cosine_mean"": 0.9987897834014257, ""eigenspectrum_reference"": ""sites.encoder.block6.eigenspectrum"", ""common_metric_subspace_comparisons_reference"": ""sites.encoder.block6.subspace_comparisons""}",,,,,,none_validated,"{""linear_score"": ""measured_discovery_only"", ""nonlinear_gain"": ""measured_discovery_only"", ""best_coordinate_frame"": ""pending_measurement"", ""geometry"": ""descriptive_common_metric_discovery_geometry"", ""cross_trajectory_stability"": ""pending_measurement"", ""regime_dependence"": ""pending_measurement"", ""causal_patch_effect"": ""pending_measurement"", ""specificity"": ""pending_measurement"", ""manifold_distance"": ""pending_measurement"", ""recommended_operator"": ""not_yet_justified""}","[{""path"": ""artifacts/geometry_map/reach_wall_v1/discovery-screen/discovery_screen.json"", ""item"": ""rows[126]""}, {""path"": ""artifacts/geometry_map/reach_wall_v1/cached-geometry-v2/nonlinear_screen.json"", ""item"": ""rows[21]""}, {""path"": ""artifacts/geometry_map/reach_wall_v1/spatial-screen/spatial_screen.json"", ""item"": ""maps.encoder.block6.goal_distance""}, {""path"": ""artifacts/geometry_map/reach_wall_v1/cached-geometry-v2/cached_geometry.json"", ""item"": ""sites[0]""}]"
reach-wall/encoder/block-6/spatial-mean/goal_vector_x,reach-wall,encoder,6,block_residual_output,mean_of_256_spatial_tokens,,goal_vector_x,"{""metric"": ""r2"", ""score"": 0.02073693244360908, ""time_baseline"": 0.08054582471970773, ""delta_vs_time"": -0.059808892276098646}","{""knn_score"": 0.07721751738946236, ""linear_score"": 0.02073693244360908, ""nonlinear_gain"": 0.056480584945853285}",,"{""participation_ratio"": 4.909048281583971, ""top10_variance_fraction"": 0.7461662470029555, ""adjacent_timestep_cosine_mean"": 0.9987897834014257, ""eigenspectrum_reference"": ""sites.encoder.block6.eigenspectrum"", ""common_metric_subspace_comparisons_reference"": ""sites.encoder.block6.subspace_comparisons""}",,,,,,none_validated,"{""linear_score"": ""measured_discovery_only"", ""nonlinear_gain"": ""measured_discovery_only"", ""best_coordinate_frame"": ""pending_measurement"", ""geometry"": ""descriptive_common_metric_discovery_geometry"", ""cross_trajectory_stability"": ""pending_measurement"", ""regime_dependence"": ""pending_measurement"", ""causal_patch_effect"": ""pending_measurement"", ""specificity"": ""pending_measurement"", ""manifold_distance"": ""pending_measurement"", ""recommended_operator"": ""not_yet_justified""}","[{""path"": ""artifacts/geometry_map/reach_wall_v1/discovery-screen/discovery_screen.json"", ""item"": ""rows[131]""}, {""path"": ""artifacts/geometry_map/reach_wall_v1/cached-geometry-v2/nonlinear_screen.json"", ""item"": ""rows[26]""}, {""path"": ""artifacts/geometry_map/reach_wall_v1/spatial-screen/spatial_screen.json"", ""item"": ""maps.encoder.block6.goal_vector_x""}, {""path"": ""artifacts/geometry_map/reach_wall_v1/cached-geometry-v2/cached_geometry.json"", ""item"": ""sites[0]""}]"
reach-wall/encoder/block-6/spatial-mean/goal_vector_y,reach-wall,encoder,6,block_residual_output,mean_of_256_spatial_tokens,,goal_vector_y,"{""metric"": ""r2"", ""score"": 0.9643352510813248, ""time_baseline"": 0.9568517433439947, ""delta_vs_time"": 0.007483507737330086}","{""knn_score"": 0.8798037928273144, ""linear_score"": 0.9643352510813248, ""nonlinear_gain"": -0.08453145825401043}",,"{""participation_ratio"": 4.909048281583971, ""top10_variance_fraction"": 0.7461662470029555, ""adjacent_timestep_cosine_mean"": 0.9987897834014257, ""eigenspectrum_reference"": ""sites.encoder.block6.eigenspectrum"", ""common_metric_subspace_comparisons_reference"": ""sites.encoder.block6.subspace_comparisons""}",,,,,,none_validated,"{""linear_score"": ""measured_discovery_only"", ""nonlinear_gain"": ""measured_discovery_only"", ""best_coordinate_frame"": ""pending_measurement"", ""geometry"": ""descriptive_common_metric_discovery_geometry"", ""cross_trajectory_stability"": ""pending_measurement"", ""regime_dependence"": ""pending_measurement"", ""causal_patch_effect"": ""pending_measurement"", ""specificity"": ""pending_measurement"", ""manifold_distance"": ""pending_measurement"", ""recommended_operator"": ""not_yet_justified""}","[{""path"": ""artifacts/geometry_map/reach_wall_v1/discovery-screen/discovery_screen.json"", ""item"": ""rows[132]""}, {""path"": ""artifacts/geometry_map/reach_wall_v1/cached-geometry-v2/nonlinear_screen.json"", ""item"": ""rows[27]""}, {""path"": ""artifacts/geometry_map/reach_wall_v1/spatial-screen/spatial_screen.json"", ""item"": ""maps.encoder.block6.goal_vector_y""}, {""path"": ""artifacts/geometry_map/reach_wall_v1/cached-geometry-v2/cached_geometry.json"", ""item"": ""sites[0]""}]"
reach-wall/encoder/block-6/spatial-mean/goal_vector_z,reach-wall,encoder,6,block_residual_output,mean_of_256_spatial_tokens,,goal_vector_z,"{""metric"": ""r2"", ""score"": 0.34385556274452744, ""time_baseline"": 0.044334510544640326, ""delta_vs_time"": 0.2995210521998871}","{""knn_score"": 0.3126418224004752, ""linear_score"": 0.34385556274452744, ""nonlinear_gain"": -0.03121374034405222}",,"{""participation_ratio"": 4.909048281583971, ""top10_variance_fraction"": 0.7461662470029555, ""adjacent_timestep_cosine_mean"": 0.9987897834014257, ""eigenspectrum_reference"": ""sites.encoder.block6.eigenspectrum"", ""common_metric_subspace_comparisons_reference"": ""sites.encoder.block6.subspace_comparisons""}",,,,,,none_validated,"{""linear_score"": ""measured_discovery_only"", ""nonlinear_gain"": ""measured_discovery_only"", ""best_coordinate_frame"": ""pending_measurement"", ""geometry"": ""descriptive_common_metric_discovery_geometry"", ""cross_trajectory_stability"": ""pending_measurement"", ""regime_dependence"": ""pending_measurement"", ""causal_patch_effect"": ""pending_measurement"", ""specificity"": ""pending_measurement"", ""manifold_distance"": ""pending_measurement"", ""recommended_operator"": ""not_yet_justified""}","[{""path"": ""artifacts/geometry_map/reach_wall_v1/discovery-screen/discovery_screen.json"", ""item"": ""rows[133]""}, {""path"": ""artifacts/geometry_map/reach_wall_v1/cached-geometry-v2/nonlinear_screen.json"", ""item"": ""rows[28]""}, {""path"": ""artifacts/geometry_map/reach_wall_v1/spatial-screen/spatial_screen.json"", ""item"": ""maps.encoder.block6.goal_vector_z""}, {""path"": ""artifacts/geometry_map/reach_wall_v1/cached-geometry-v2/cached_geometry.json"", ""item"": ""sites[0]""}]"
reach-wall/encoder/block-6/spatial-mean/goal_xz_direction,reach-wall,encoder,6,block_residual_output,mean_of_256_spatial_tokens,,goal_xz_direction,"{""metric"": ""r2"", ""score"": 0.2552636978567023, ""time_baseline"": null, ""delta_vs_time"": null}",,,"{""eigenspectrum_reference"": ""sites.encoder.block6.eigenspectrum"", ""common_metric_subspace_comparisons_reference"": ""sites.encoder.block6.subspace_comparisons""}",,,,,,none_validated,"{""linear_score"": ""measured_discovery_only"", ""nonlinear_gain"": ""pending_measurement"", ""best_coordinate_frame"": ""pending_measurement"", ""geometry"": ""descriptive_common_metric_discovery_geometry"", ""cross_trajectory_stability"": ""pending_measurement"", ""regime_dependence"": ""pending_measurement"", ""causal_patch_effect"": ""pending_measurement"", ""specificity"": ""pending_measurement"", ""manifold_distance"": ""pending_measurement"", ""recommended_operator"": ""not_yet_justified""}","[{""path"": ""artifacts/geometry_map/reach_wall_v1/emergence-geometry/emergence_geometry.json"", ""item"": ""curves.encoder.goal_xz_direction.rows.layer=6""}, {""path"": ""artifacts/geometry_map/reach_wall_v1/cached-geometry-v2/cached_geometry.json"", ""item"": ""sites[0]""}]"
reach-wall/encoder/block-6/spatial-mean/hand_to_goal_segment_intersects_wall,reach-wall,encoder,6,block_residual_output,mean_of_256_spatial_tokens,,hand_to_goal_segment_intersects_wall,"{""metric"": ""auroc"", ""score"": 0.9869612242716529, ""time_baseline"": 0.9019247457737662, ""delta_vs_time"": 0.08503647849788665}","{""knn_score"": 0.9720092976235984, ""linear_score"": 0.9869612242716529, ""nonlinear_gain"": -0.014951926648054448}",,"{""participation_ratio"": 4.909048281583971, ""top10_variance_fraction"": 0.7461662470029555, ""adjacent_timestep_cosine_mean"": 0.9987897834014257, ""eigenspectrum_reference"": ""sites.encoder.block6.eigenspectrum"", ""common_metric_subspace_comparisons_reference"": ""sites.encoder.block6.subspace_comparisons""}",,,,,,none_validated,"{""linear_score"": ""measured_discovery_only"", ""nonlinear_gain"": ""measured_discovery_only"", ""best_coordinate_frame"": ""pending_measurement"", ""geometry"": ""descriptive_common_metric_discovery_geometry"", ""cross_trajectory_stability"": ""pending_measurement"", ""regime_dependence"": ""pending_measurement"", ""causal_patch_effect"": ""pending_measurement"", ""specificity"": ""pending_measurement"", ""manifold_distance"": ""pending_measurement"", ""recommended_operator"": ""not_yet_justified""}","[{""path"": ""artifacts/geometry_map/reach_wall_v1/discovery-screen/discovery_screen.json"", ""item"": ""rows[136]""}, {""path"": ""artifacts/geometry_map/reach_wall_v1/cached-geometry-v2/nonlinear_screen.json"", ""item"": ""rows[31]""}, {""path"": ""artifacts/geometry_map/reach_wall_v1/spatial-screen/spatial_screen.json"", ""item"": ""maps.encoder.block6.straight_path_intersects_wall""}, {""path"": ""artifacts/geometry_map/reach_wall_v1/cached-geometry-v2/cached_geometry.json"", ""item"": ""sites[0]""}]"
reach-wall/encoder/block-6/spatial-mean/hand_x,reach-wall,encoder,6,block_residual_output,mean_of_256_spatial_tokens,,hand_x,"{""metric"": ""r2"", ""score"": 0.796185825480342, ""time_baseline"": 0.058067306134002794, ""delta_vs_time"": 0.7381185193463392}","{""knn_score"": 0.554501489283157, ""linear_score"": 0.796185825480342, ""nonlinear_gain"": -0.241684336197185}",,"{""participation_ratio"": 4.909048281583971, ""top10_variance_fraction"": 0.7461662470029555, ""adjacent_timestep_cosine_mean"": 0.9987897834014257, ""eigenspectrum_reference"": ""sites.encoder.block6.eigenspectrum"", ""common_metric_subspace_comparisons_reference"": ""sites.encoder.block6.subspace_comparisons""}",,,,,,none_validated,"{""linear_score"": ""measured_discovery_only"", ""nonlinear_gain"": ""measured_discovery_only"", ""best_coordinate_frame"": ""pending_measurement"", ""geometry"": ""descriptive_common_metric_discovery_geometry"", ""cross_trajectory_stability"": ""pending_measurement"", ""regime_dependence"": ""pending_measurement"", ""causal_patch_effect"": ""pending_measurement"", ""specificity"": ""pending_measurement"", ""manifold_distance"": ""pending_measurement"", ""recommended_operator"": ""not_yet_justified""}","[{""path"": ""artifacts/geometry_map/reach_wall_v1/discovery-screen/discovery_screen.json"", ""item"": ""rows[128]""}, {""path"": ""artifacts/geometry_map/reach_wall_v1/cached-geometry-v2/nonlinear_screen.json"", ""item"": ""rows[23]""}, {""path"": ""artifacts/geometry_map/reach_wall_v1/spatial-screen/spatial_screen.json"", ""item"": ""maps.encoder.block6.hand_x""}, {""path"": ""artifacts/geometry_map/reach_wall_v1/cached-geometry-v2/cached_geometry.json"", ""item"": ""sites[0]""}]"
reach-wall/encoder/block-6/spatial-mean/hand_y,reach-wall,encoder,6,block_residual_output,mean_of_256_spatial_tokens,,hand_y,"{""metric"": ""r2"", ""score"": 0.9902428570519457, ""time_baseline"": 0.9772521653309317, ""delta_vs_time"": 0.01299069172101397}","{""knn_score"": 0.9028012283624515, ""linear_score"": 0.9902428570519457, ""nonlinear_gain"": -0.08744162868949423}",,"{""participation_ratio"": 4.909048281583971, ""top10_variance_fraction"": 0.7461662470029555, ""adjacent_timestep_cosine_mean"": 0.9987897834014257, ""eigenspectrum_reference"": ""sites.encoder.block6.eigenspectrum"", ""common_metric_subspace_comparisons_reference"": ""sites.encoder.block6.subspace_comparisons""}",,,,,,none_validated,"{""linear_score"": ""measured_discovery_only"", ""nonlinear_gain"": ""measured_discovery_only"", ""best_coordinate_frame"": ""pending_measurement"", ""geometry"": ""descriptive_common_metric_discovery_geometry"", ""cross_trajectory_stability"": ""pending_measurement"", ""regime_dependence"": ""pending_measurement"", ""causal_patch_effect"": ""pending_measurement"", ""specificity"": ""pending_measurement"", ""manifold_distance"": ""pending_measurement"", ""recommended_operator"": ""not_yet_justified""}","[{""path"": ""artifacts/geometry_map/reach_wall_v1/discovery-screen/discovery_screen.json"", ""item"": ""rows[129]""}, {""path"": ""artifacts/geometry_map/reach_wall_v1/cached-geometry-v2/nonlinear_screen.json"", ""item"": ""rows[24]""}, {""path"": ""artifacts/geometry_map/reach_wall_v1/spatial-screen/spatial_screen.json"", ""item"": ""maps.encoder.block6.hand_y""}, {""path"": ""artifacts/geometry_map/reach_wall_v1/cached-geometry-v2/cached_geometry.json"", ""item"": ""sites[0]""}]"
reach-wall/encoder/block-6/spatial-mean/hand_z,reach-wall,encoder,6,block_residual_output,mean_of_256_spatial_tokens,,hand_z,"{""metric"": ""r2"", ""score"": 0.9904873258043376, ""time_baseline"": 0.00804356141242546, ""delta_vs_time"": 0.9824437643919122}","{""knn_score"": 0.8555001070322059, ""linear_score"": 0.9904873258043376, ""nonlinear_gain"": -0.1349872187721317}",,"{""participation_ratio"": 4.909048281583971, ""top10_variance_fraction"": 0.7461662470029555, ""adjacent_timestep_cosine_mean"": 0.9987897834014257, ""eigenspectrum_reference"": ""sites.encoder.block6.eigenspectrum"", ""common_metric_subspace_comparisons_reference"": ""sites.encoder.block6.subspace_comparisons""}",,,,,,none_validated,"{""linear_score"": ""measured_discovery_only"", ""nonlinear_gain"": ""measured_discovery_only"", ""best_coordinate_frame"": ""pending_measurement"", ""geometry"": ""descriptive_common_metric_discovery_geometry"", ""cross_trajectory_stability"": ""pending_measurement"", ""regime_dependence"": ""pending_measurement"", ""causal_patch_effect"": ""pending_measurement"", ""specificity"": ""pending_measurement"", ""manifold_distance"": ""pending_measurement"", ""recommended_operator"": ""not_yet_justified""}","[{""path"": ""artifacts/geometry_map/reach_wall_v1/discovery-screen/discovery_screen.json"", ""item"": ""rows[130]""}, {""path"": ""artifacts/geometry_map/reach_wall_v1/cached-geometry-v2/nonlinear_screen.json"", ""item"": ""rows[25]""}, {""path"": ""artifacts/geometry_map/reach_wall_v1/spatial-screen/spatial_screen.json"", ""item"": ""maps.encoder.block6.hand_z""}, {""path"": ""artifacts/geometry_map/reach_wall_v1/cached-geometry-v2/cached_geometry.json"", ""item"": ""sites[0]""}]"
reach-wall/encoder/block-6/spatial-mean/height_above_wall_top,reach-wall,encoder,6,block_residual_output,mean_of_256_spatial_tokens,,height_above_wall_top,"{""metric"": ""r2"", ""score"": 0.9904873257055264, ""time_baseline"": 0.008043558955029284, ""delta_vs_time"": 0.9824437667504972}","{""knn_score"": 0.8555001047552941, ""linear_score"": 0.9904873257055264, ""nonlinear_gain"": -0.1349872209502323}",,"{""participation_ratio"": 4.909048281583971, ""top10_variance_fraction"": 0.7461662470029555, ""adjacent_timestep_cosine_mean"": 0.9987897834014257, ""eigenspectrum_reference"": ""sites.encoder.block6.eigenspectrum"", ""common_metric_subspace_comparisons_reference"": ""sites.encoder.block6.subspace_comparisons""}",,,,,,none_validated,"{""linear_score"": ""measured_discovery_only"", ""nonlinear_gain"": ""measured_discovery_only"", ""best_coordinate_frame"": ""pending_measurement"", ""geometry"": ""descriptive_common_metric_discovery_geometry"", ""cross_trajectory_stability"": ""pending_measurement"", ""regime_dependence"": ""pending_measurement"", ""causal_patch_effect"": ""pending_measurement"", ""specificity"": ""pending_measurement"", ""manifold_distance"": ""pending_measurement"", ""recommended_operator"": ""not_yet_justified""}","[{""path"": ""artifacts/geometry_map/reach_wall_v1/discovery-screen/discovery_screen.json"", ""item"": ""rows[135]""}, {""path"": ""artifacts/geometry_map/reach_wall_v1/cached-geometry-v2/nonlinear_screen.json"", ""item"": ""rows[30]""}, {""path"": ""artifacts/geometry_map/reach_wall_v1/spatial-screen/spatial_screen.json"", ""item"": ""maps.encoder.block6.height_above_wall_top""}, {""path"": ""artifacts/geometry_map/reach_wall_v1/cached-geometry-v2/cached_geometry.json"", ""item"": ""sites[0]""}]"
reach-wall/encoder/block-6/spatial-mean/realized_dx,reach-wall,encoder,6,block_residual_output,mean_of_256_spatial_tokens,,realized_dx,"{""metric"": ""r2"", ""score"": -0.032819246958204706, ""time_baseline"": 0.005340828654275098, ""delta_vs_time"": -0.038160075612479805}","{""knn_score"": 0.017979725811608338, ""linear_score"": -0.032819246958204706, ""nonlinear_gain"": 0.050798972769813044}",,"{""participation_ratio"": 4.909048281583971, ""top10_variance_fraction"": 0.7461662470029555, ""adjacent_timestep_cosine_mean"": 0.9987897834014257, ""eigenspectrum_reference"": ""sites.encoder.block6.eigenspectrum"", ""common_metric_subspace_comparisons_reference"": ""sites.encoder.block6.subspace_comparisons""}",,,,,,none_validated,"{""linear_score"": ""measured_discovery_only"", ""nonlinear_gain"": ""measured_discovery_only"", ""best_coordinate_frame"": ""pending_measurement"", ""geometry"": ""descriptive_common_metric_discovery_geometry"", ""cross_trajectory_stability"": ""pending_measurement"", ""regime_dependence"": ""pending_measurement"", ""causal_patch_effect"": ""pending_measurement"", ""specificity"": ""pending_measurement"", ""manifold_distance"": ""pending_measurement"", ""recommended_operator"": ""not_yet_justified""}","[{""path"": ""artifacts/geometry_map/reach_wall_v1/discovery-screen/discovery_screen.json"", ""item"": ""rows[142]""}, {""path"": ""artifacts/geometry_map/reach_wall_v1/cached-geometry-v2/nonlinear_screen.json"", ""item"": ""rows[37]""}, {""path"": ""artifacts/geometry_map/reach_wall_v1/spatial-screen/spatial_screen.json"", ""item"": ""maps.encoder.block6.realized_dx""}, {""path"": ""artifacts/geometry_map/reach_wall_v1/cached-geometry-v2/cached_geometry.json"", ""item"": ""sites[0]""}]"
reach-wall/encoder/block-6/spatial-mean/realized_dy,reach-wall,encoder,6,block_residual_output,mean_of_256_spatial_tokens,,realized_dy,"{""metric"": ""r2"", ""score"": 0.85502883417515, ""time_baseline"": 0.7938417819030151, ""delta_vs_time"": 0.061187052272134834}","{""knn_score"": 0.8226223684323692, ""linear_score"": 0.85502883417515, ""nonlinear_gain"": -0.03240646574278072}",,"{""participation_ratio"": 4.909048281583971, ""top10_variance_fraction"": 0.7461662470029555, ""adjacent_timestep_cosine_mean"": 0.9987897834014257, ""eigenspectrum_reference"": ""sites.encoder.block6.eigenspectrum"", ""common_metric_subspace_comparisons_reference"": ""sites.encoder.block6.subspace_comparisons""}",,,,,,none_validated,"{""linear_score"": ""measured_discovery_only"", ""nonlinear_gain"": ""measured_discovery_only"", ""best_coordinate_frame"": ""pending_measurement"", ""geometry"": ""descriptive_common_metric_discovery_geometry"", ""cross_trajectory_stability"": ""pending_measurement"", ""regime_dependence"": ""pending_measurement"", ""causal_patch_effect"": ""pending_measurement"", ""specificity"": ""pending_measurement"", ""manifold_distance"": ""pending_measurement"", ""recommended_operator"": ""not_yet_justified""}","[{""path"": ""artifacts/geometry_map/reach_wall_v1/discovery-screen/discovery_screen.json"", ""item"": ""rows[143]""}, {""path"": ""artifacts/geometry_map/reach_wall_v1/cached-geometry-v2/nonlinear_screen.json"", ""item"": ""rows[38]""}, {""path"": ""artifacts/geometry_map/reach_wall_v1/spatial-screen/spatial_screen.json"", ""item"": ""maps.encoder.block6.realized_dy""}, {""path"": ""artifacts/geometry_map/reach_wall_v1/cached-geometry-v2/cached_geometry.json"", ""item"": ""sites[0]""}]"
reach-wall/encoder/block-6/spatial-mean/realized_dz,reach-wall,encoder,6,block_residual_output,mean_of_256_spatial_tokens,,realized_dz,"{""metric"": ""r2"", ""score"": 0.11973350538015803, ""time_baseline"": 0.07117442644816807, ""delta_vs_time"": 0.04855907893198996}","{""knn_score"": 0.151216350099051, ""linear_score"": 0.11973350538015803, ""nonlinear_gain"": 0.031482844718892955}",,"{""participation_ratio"": 4.909048281583971, ""top10_variance_fraction"": 0.7461662470029555, ""adjacent_timestep_cosine_mean"": 0.9987897834014257, ""eigenspectrum_reference"": ""sites.encoder.block6.eigenspectrum"", ""common_metric_subspace_comparisons_reference"": ""sites.encoder.block6.subspace_comparisons""}",,,,,,none_validated,"{""linear_score"": ""measured_discovery_only"", ""nonlinear_gain"": ""measured_discovery_only"", ""best_coordinate_frame"": ""pending_measurement"", ""geometry"": ""descriptive_common_metric_discovery_geometry"", ""cross_trajectory_stability"": ""pending_measurement"", ""regime_dependence"": ""pending_measurement"", ""causal_patch_effect"": ""pending_measurement"", ""specificity"": ""pending_measurement"", ""manifold_distance"": ""pending_measurement"", ""recommended_operator"": ""not_yet_justified""}","[{""path"": ""artifacts/geometry_map/reach_wall_v1/discovery-screen/discovery_screen.json"", ""item"": ""rows[144]""}, {""path"": ""artifacts/geometry_map/reach_wall_v1/cached-geometry-v2/nonlinear_screen.json"", ""item"": ""rows[39]""}, {""path"": ""artifacts/geometry_map/reach_wall_v1/spatial-screen/spatial_screen.json"", ""item"": ""maps.encoder.block6.realized_dz""}, {""path"": ""artifacts/geometry_map/reach_wall_v1/cached-geometry-v2/cached_geometry.json"", ""item"": ""sites[0]""}]"
reach-wall/encoder/block-6/spatial-mean/realized_hand_delta_magnitude,reach-wall,encoder,6,block_residual_output,mean_of_256_spatial_tokens,,realized_hand_delta_magnitude,"{""metric"": ""r2"", ""score"": 0.7094543660215362, ""time_baseline"": 0.6130267917023396, ""delta_vs_time"": 0.09642757431919657}","{""knn_score"": 0.7045899513055462, ""linear_score"": 0.7094543660215362, ""nonlinear_gain"": -0.004864414715989973}",,"{""participation_ratio"": 4.909048281583971, ""top10_variance_fraction"": 0.7461662470029555, ""adjacent_timestep_cosine_mean"": 0.9987897834014257, ""eigenspectrum_reference"": ""sites.encoder.block6.eigenspectrum"", ""common_metric_subspace_comparisons_reference"": ""sites.encoder.block6.subspace_comparisons""}",,,,,,none_validated,"{""linear_score"": ""measured_discovery_only"", ""nonlinear_gain"": ""measured_discovery_only"", ""best_coordinate_frame"": ""pending_measurement"", ""geometry"": ""descriptive_common_metric_discovery_geometry"", ""cross_trajectory_stability"": ""pending_measurement"", ""regime_dependence"": ""pending_measurement"", ""causal_patch_effect"": ""pending_measurement"", ""specificity"": ""pending_measurement"", ""manifold_distance"": ""pending_measurement"", ""recommended_operator"": ""not_yet_justified""}","[{""path"": ""artifacts/geometry_map/reach_wall_v1/discovery-screen/discovery_screen.json"", ""item"": ""rows[145]""}, {""path"": ""artifacts/geometry_map/reach_wall_v1/emergence-geometry/emergence_geometry.json"", ""item"": ""curves.encoder.motion_magnitude.rows.layer=6""}, {""path"": ""artifacts/geometry_map/reach_wall_v1/cached-geometry-v2/nonlinear_screen.json"", ""item"": ""rows[40]""}, {""path"": ""artifacts/geometry_map/reach_wall_v1/spatial-screen/spatial_screen.json"", ""item"": ""maps.encoder.block6.realized_hand_delta_magnitude""}, {""path"": ""artifacts/geometry_map/reach_wall_v1/cached-geometry-v2/cached_geometry.json"", ""item"": ""sites[0]""}]"
reach-wall/encoder/block-6/spatial-mean/realized_motion_world,reach-wall,encoder,6,block_residual_output,mean_of_256_spatial_tokens,,realized_motion_world,"{""metric"": ""r2"", ""score"": 0.40453229127482193, ""time_baseline"": 0.37444526958145574, ""delta_vs_time"": 0.03008702169336619}",,"{""status"": ""held_collection_seed_comparison"", ""scores"": {""world"": {""world_mse"": 0.00012074662950309841, ""world_r2"": 0.40453229127482193}, ""goal_aligned"": {""world_mse"": 0.00011524005332199028, ""world_r2"": 0.4316882319000711}, ""wall_constant_rotation"": {""world_mse"": 0.00012074662950309841, ""world_r2"": 0.40453229127482193}}, ""folds"": [{""held_seed"": 1, ""frame"": ""world"", ""train_samples"": 1900, ""test_samples"": 950, ""world_mse"": 9.856919538195181e-05, ""world_r2"": 0.47557757436792913}, {""held_seed"": 1, ""frame"": ""goal_aligned"", ""train_samples"": 1900, ""test_samples"": 950, ""world_mse"": 9.687760574939689e-05, ""world_r2"": 0.4845774199570202}, {""held_seed"": 1, ""frame"": ""wall_constant_rotation"", ""train_samples"": 1900, ""test_samples"": 950, ""world_mse"": 9.856919538195181e-05, ""world_r2"": 0.47557757436792913}, {""held_seed"": 2, ""frame"": ""world"", ""train_samples"": 1900, ""test_samples"": 950, ""world_mse"": 0.00012743241117063099, ""world_r2"": 0.37131012839286004}, {""held_seed"": 2, ""frame"": ""goal_aligned"", ""train_samples"": 1900, ""test_samples"": 950, ""world_mse"": 0.00012069955341637867, ""world_r2"": 0.40452679154931737}, {""held_seed"": 2, ""frame"": ""wall_constant_rotation"", ""train_samples"": 1900, ""test_samples"": 950, ""world_mse"": 0.00012743241117063099, ""world_r2"": 0.37131012839286004}, {""held_seed"": 3, ""frame"": ""world"", ""train_samples"": 1900, ""test_samples"": 950, ""world_mse"": 0.00013623828195671238, ""world_r2"": 0.3735340347511221}, {""held_seed"": 3, ""frame"": ""goal_aligned"", ""train_samples"": 1900, ""test_samples"": 950, ""world_mse"": 0.00012814300080019527, ""world_r2"": 0.4107586536382709}, {""held_seed"": 3, ""frame"": ""wall_constant_rotation"", ""train_samples"": 1900, ""test_samples"": 950, ""world_mse"": 0.00013623828195671238, ""world_r2"": 0.3735340347511221}], ""evaluation_target"": ""Identical realized 3D world displacement and squared Euclidean world loss for every frame"", ""goal_basis_definition"": ""Columns: normalized current goal-minus-hand, normalized cross(world_up,goal_axis), cross(goal_axis,lateral)"", ""goal_frame_availability"": ""Requires current true hand/goal positions and world-up; cached simulator labels supply these. Runtime visual-only availability has not been established."", ""degeneracy"": {""zero_goal_distance_count"": 0, ""goal_parallel_to_up_count"": 0, ""valid_samples"": 2850, ""excluded_samples"": 0}, ""wall_rotation_max_prediction_difference"": 0.0, ""wall_frame_interpretation"": ""A constant orthogonal target rotation is algebraically equivalent under isotropic ridge; it cannot identify a native coordinate frame."", ""camera_frame"": {""status"": ""unavailable"", ""reason"": ""No camera extrinsic calibration in pooled cache""}, ""native_frame"": {""status"": ""not_identified"", ""reason"": ""Decoding compares functional parameterizations; state-dependent goal basis uses extra geometry.""}, ""episode_paired_world_mse_differences"": [{""seed"": 1, ""episode"": 0, ""world_minus_goal_world_mse"": 2.4667117801360988e-05}, {""seed"": 1, ""episode"": 1, ""world_minus_goal_world_mse"": -8.431448611160831e-06}, {""seed"": 1, ""episode"": 2, ""world_minus_goal_world_mse"": -6.457297349503533e-06}, {""seed"": 1, ""episode"": 3, ""world_minus_goal_world_mse"": 4.800623515066886e-06}, {""seed"": 1, ""episode"": 4, ""world_minus_goal_world_mse"": 2.419948244723224e-05}, {""seed"": 1, ""episode"": 5, ""world_minus_goal_world_mse"": -6.368188347940943e-06}, {""seed"": 1, ""episode"": 6, ""world_minus_goal_world_mse"": -4.764957779285871e-06}, {""seed"": 1, ""episode"": 7, ""world_minus_goal_world_mse"": 1.4534879056071399e-05}, {""seed"": 1, ""episode"": 8, ""world_minus_goal_world_mse"": 4.762515413434937e-06}, {""seed"": 1, ""episode"": 9, ""world_minus_goal_world_mse"": 5.0432303196994364e-06}, {""seed"": 1, ""episode"": 10, ""world_minus_goal_world_mse"": 2.7201182931382e-05}, {""seed"": 1, ""episode"": 11, ""world_minus_goal_world_mse"": 1.7263200920801966e-06}, {""seed"": 1, ""episode"": 12, ""world_minus_goal_world_mse"": -8.422867679673386e-06}, {""seed"": 1, ""episode"": 13, ""world_minus_goal_world_mse"": -9.021615298232325e-06}, {""seed"": 1, ""episode"": 14, ""world_minus_goal_world_mse"": 6.177289779089451e-06}, {""seed"": 1, ""episode"": 15, ""world_minus_goal_world_mse"": -8.872257636515685e-06}, {""seed"": 1, ""episode"": 16, ""world_minus_goal_world_mse"": 1.0625559602708687e-05}, {""seed"": 1, ""episode"": 17, ""world_minus_goal_world_mse"": 6.603906444987597e-06}, {""seed"": 1, ""episode"": 18, ""world_minus_goal_world_mse"": 1.673841322509774e-05}, {""seed"": 1, ""episode"": 19, ""world_minus_goal_world_mse"": 4.5594310356391835e-05}, {""seed"": 1, ""episode"": 20, ""world_minus_goal_world_mse"": -4.487351124682867e-05}, {""seed"": 1, ""episode"": 21, ""world_minus_goal_world_mse"": 7.061224626425779e-06}, {""seed"": 1, ""episode"": 22, ""world_minus_goal_world_mse"": -2.335532484377974e-05}, {""seed"": 1, ""episode"": 23, ""world_minus_goal_world_mse"": 7.669389115363903e-06}, {""seed"": 1, ""episode"": 24, ""world_minus_goal_world_mse"": -1.295396332303439e-06}, {""seed"": 1, ""episode"": 25, ""world_minus_goal_world_mse"": 3.2196579629556154e-06}, {""seed"": 1, ""episode"": 26, ""world_minus_goal_world_mse"": 1.1828775803701113e-05}, {""seed"": 1, ""episode"": 27, ""world_minus_goal_world_mse"": -1.221292496988316e-05}, {""seed"": 1, ""episode"": 28, ""world_minus_goal_world_mse"": 3.7038471470688554e-05}, {""seed"": 1, ""episode"": 29, ""world_minus_goal_world_mse"": -7.31168902611524e-06}, {""seed"": 1, ""episode"": 30, ""world_minus_goal_world_mse"": -6.814579522681818e-06}, {""seed"": 1, ""episode"": 31, ""world_minus_goal_world_mse"": 1.4142419100085924e-05}, {""seed"": 1, ""episode"": 32, ""world_minus_goal_world_mse"": -2.744563051304907e-06}, {""seed"": 1, ""episode"": 33, ""world_minus_goal_world_mse"": 6.953794365405937e-06}, {""seed"": 1, ""episode"": 34, ""world_minus_goal_world_mse"": 2.4423874859799662e-06}, {""seed"": 1, ""episode"": 35, ""world_minus_goal_world_mse"": -2.4981181751664022e-05}, {""seed"": 1, ""episode"": 36, ""world_minus_goal_world_mse"": 1.1944676711116508e-05}, {""seed"": 1, ""episode"": 37, ""world_minus_goal_world_mse"": 2.051164308357372e-05}, {""seed"": 1, ""episode"": 38, ""world_minus_goal_world_mse"": -1.7182167392578317e-05}, {""seed"": 1, ""episode"": 39, ""world_minus_goal_world_mse"": 2.1156921759423704e-05}, {""seed"": 1, ""episode"": 40, ""world_minus_goal_world_mse"": 8.560192977418145e-06}, {""seed"": 1, ""episode"": 41, ""world_minus_goal_world_mse"": -9.184415320329782e-06}, {""seed"": 1, ""episode"": 42, ""world_minus_goal_world_mse"": 7.766709478931691e-06}, {""seed"": 1, ""episode"": 43, ""world_minus_goal_world_mse"": -5.1003101771932845e-06}, {""seed"": 1, ""episode"": 44, ""world_minus_goal_world_mse"": -5.241534361061252e-06}, {""seed"": 1, ""episode"": 45, ""world_minus_goal_world_mse"": -2.854131865822474e-05}, {""seed"": 1, ""episode"": 46, ""world_minus_goal_world_mse"": 2.9169608887754593e-06}, {""seed"": 1, ""episode"": 47, ""world_minus_goal_world_mse"": -1.8821577843320663e-05}, {""seed"": 1, ""episode"": 48, ""world_minus_goal_world_mse"": -1.6840590908288048e-05}, {""seed"": 1, ""episode"": 49, ""world_minus_goal_world_mse"": 5.531143921166072e-06}, {""seed"": 2, ""episode"": 0, ""world_minus_goal_world_mse"": 7.29076559864527e-06}, {""seed"": 2, ""episode"": 1, ""world_minus_goal_world_mse"": 2.5664837331690506e-05}, {""seed"": 2, ""episode"": 2, ""world_minus_goal_world_mse"": 1.3091245660308633e-05}, {""seed"": 2, ""episode"": 3, ""world_minus_goal_world_mse"": 1.0606680282222584e-05}, {""seed"": 2, ""episode"": 4, ""world_minus_goal_world_mse"": -8.782086270342909e-07}, {""seed"": 2, ""episode"": 5, ""world_minus_goal_world_mse"": 9.448824475103637e-06}, {""seed"": 2, ""episode"": 6, ""world_minus_goal_world_mse"": 2.5160297710596003e-05}, {""seed"": 2, ""episode"": 7, ""world_minus_goal_world_mse"": 1.3963267359664855e-05}, {""seed"": 2, ""episode"": 8, ""world_minus_goal_world_mse"": 1.4347662378761007e-05}, {""seed"": 2, ""episode"": 9, ""world_minus_goal_world_mse"": 2.9130698447263146e-06}, {""seed"": 2, ""episode"": 10, ""world_minus_goal_world_mse"": -2.8326188388985242e-06}, {""seed"": 2, ""episode"": 11, ""world_minus_goal_world_mse"": 1.8825973025509585e-05}, {""seed"": 2, ""episode"": 12, ""world_minus_goal_world_mse"": 5.829375113672407e-07}, {""seed"": 2, ""episode"": 13, ""world_minus_goal_world_mse"": 7.160259129571405e-06}, {""seed"": 2, ""episode"": 14, ""world_minus_goal_world_mse"": 2.0280930988990075e-05}, {""seed"": 2, ""episode"": 15, ""world_minus_goal_world_mse"": 2.9072798726778506e-05}, {""seed"": 2, ""episode"": 16, ""world_minus_goal_world_mse"": 1.996608704532157e-05}, {""seed"": 2, ""episode"": 17, ""world_minus_goal_world_mse"": -2.6179655087862435e-06}, {""seed"": 2, ""episode"": 18, ""world_minus_goal_world_mse"": 3.980616783025823e-05}, {""seed"": 2, ""episode"": 19, ""world_minus_goal_world_mse"": 2.462873371999858e-05}, {""seed"": 2, ""episode"": 20, ""world_minus_goal_world_mse"": -5.361762328246163e-06}, {""seed"": 2, ""episode"": 21, ""world_minus_goal_world_mse"": 1.448972792530996e-05}, {""seed"": 2, ""episode"": 22, ""world_minus_goal_world_mse"": 8.534696293094019e-05}, {""seed"": 2, ""episode"": 23, ""world_minus_goal_world_mse"": -6.147226472113679e-06}, {""seed"": 2, ""episode"": 24, ""world_minus_goal_world_mse"": 3.590843921405653e-06}, {""seed"": 2, ""episode"": 25, ""world_minus_goal_world_mse"": 3.094240777891177e-05}, {""seed"": 2, ""episode"": 26, ""world_minus_goal_world_mse"": 5.346441763130202e-05}, {""seed"": 2, ""episode"": 27, ""world_minus_goal_world_mse"": 9.607520358060221e-06}, {""seed"": 2, ""episode"": 28, ""world_minus_goal_world_mse"": -1.0261826731629584e-05}, {""seed"": 2, ""episode"": 29, ""world_minus_goal_world_mse"": 5.9292115468309775e-06}, {""seed"": 2, ""episode"": 30, ""world_minus_goal_world_mse"": 3.590843921405653e-06}, {""seed"": 2, ""episode"": 31, ""world_minus_goal_world_mse"": 1.5464377621028214e-05}, {""seed"": 2, ""episode"": 32, ""world_minus_goal_world_mse"": 1.3925518064295135e-05}, {""seed"": 2, ""episode"": 33, ""world_minus_goal_world_mse"": -9.793632945955957e-05}, {""seed"": 2, ""episode"": 34, ""world_minus_goal_world_mse"": -2.4112124464479344e-05}, {""seed"": 2, ""episode"": 35, ""world_minus_goal_world_mse"": 3.236713382984584e-05}, {""seed"": 2, ""episode"": 36, ""world_minus_goal_world_mse"": 1.691548483567794e-05}, {""seed"": 2, ""episode"": 37, ""world_minus_goal_world_mse"": 8.645060319495688e-06}, {""seed"": 2, ""episode"": 38, ""world_minus_goal_world_mse"": -1.1474819117003427e-05}, {""seed"": 2, ""episode"": 39, ""world_minus_goal_world_mse"": -2.600151177808113e-05}, {""seed"": 2, ""episode"": 40, ""world_minus_goal_world_mse"": -4.5569381926902565e-06}, {""seed"": 2, ""episode"": 41, ""world_minus_goal_world_mse"": -1.3733103858064512e-05}, {""seed"": 2, ""episode"": 42, ""world_minus_goal_world_mse"": 1.0629483718025071e-05}, {""seed"": 2, ""episode"": 43, ""world_minus_goal_world_mse"": -6.262089423025445e-05}, {""seed"": 2, ""episode"": 44, ""world_minus_goal_world_mse"": 1.5608701862964252e-05}, {""seed"": 2, ""episode"": 45, ""world_minus_goal_world_mse"": -2.3792772648973995e-05}, {""seed"": 2, ""episode"": 46, ""world_minus_goal_world_mse"": -2.3713850350493904e-06}, {""seed"": 2, ""episode"": 47, ""world_minus_goal_world_mse"": -7.686966307869744e-06}, {""seed"": 2, ""episode"": 48, ""world_minus_goal_world_mse"": 3.1221882262610826e-05}, {""seed"": 2, ""episode"": 49, ""world_minus_goal_world_mse"": 4.4792241637260215e-06}, {""seed"": 3, ""episode"": 0, ""world_minus_goal_world_mse"": 2.342875227254561e-05}, {""seed"": 3, ""episode"": 1, ""world_minus_goal_world_mse"": 1.9572639833814196e-06}, {""seed"": 3, ""episode"": 2, ""world_minus_goal_world_mse"": 1.6066600262775587e-05}, {""seed"": 3, ""episode"": 3, ""world_minus_goal_world_mse"": -5.612510810398617e-05}, {""seed"": 3, ""episode"": 4, ""world_minus_goal_world_mse"": 3.6467900836848606e-05}, {""seed"": 3, ""episode"": 5, ""world_minus_goal_world_mse"": 1.5553842227691843e-05}, {""seed"": 3, ""episode"": 6, ""world_minus_goal_world_mse"": 2.516986699783141e-05}, {""seed"": 3, ""episode"": 7, ""world_minus_goal_world_mse"": 1.0362224000942537e-05}, {""seed"": 3, ""episode"": 8, ""world_minus_goal_world_mse"": 1.4561337792541909e-05}, {""seed"": 3, ""episode"": 9, ""world_minus_goal_world_mse"": 1.861801892838661e-05}, {""seed"": 3, ""episode"": 10, ""world_minus_goal_world_mse"": 2.059266238864439e-05}, {""seed"": 3, ""episode"": 11, ""world_minus_goal_world_mse"": 3.6506914070293225e-06}, {""seed"": 3, ""episode"": 12, ""world_minus_goal_world_mse"": 2.0863436638728097e-05}, {""seed"": 3, ""episode"": 13, ""world_minus_goal_world_mse"": 1.3412284382115217e-05}, {""seed"": 3, ""episode"": 14, ""world_minus_goal_world_mse"": 1.467070591389106e-05}, {""seed"": 3, ""episode"": 15, ""world_minus_goal_world_mse"": 1.4813983602813861e-05}, {""seed"": 3, ""episode"": 16, ""world_minus_goal_world_mse"": 2.644478172682659e-05}, {""seed"": 3, ""episode"": 17, ""world_minus_goal_world_mse"": 3.044927549898377e-05}, {""seed"": 3, ""episode"": 18, ""world_minus_goal_world_mse"": 8.016168232280238e-06}, {""seed"": 3, ""episode"": 19, ""world_minus_goal_world_mse"": 1.573416282615604e-05}, {""seed"": 3, ""episode"": 20, ""world_minus_goal_world_mse"": 2.5010366983386406e-06}, {""seed"": 3, ""episode"": 21, ""world_minus_goal_world_mse"": 2.309525655360937e-05}, {""seed"": 3, ""episode"": 22, ""world_minus_goal_world_mse"": 4.98176806220435e-06}, {""seed"": 3, ""episode"": 23, ""world_minus_goal_world_mse"": 1.3487869764501867e-05}, {""seed"": 3, ""episode"": 24, ""world_minus_goal_world_mse"": 4.0157746516794706e-06}, {""seed"": 3, ""episode"": 25, ""world_minus_goal_world_mse"": 3.683745247800673e-05}, {""seed"": 3, ""episode"": 26, ""world_minus_goal_world_mse"": -1.080564014850679e-05}, {""seed"": 3, ""episode"": 27, ""world_minus_goal_world_mse"": -6.682371561438888e-06}, {""seed"": 3, ""episode"": 28, ""world_minus_goal_world_mse"": -1.0703237675763885e-05}, {""seed"": 3, ""episode"": 29, ""world_minus_goal_world_mse"": -5.79253732101468e-06}, {""seed"": 3, ""episode"": 30, ""world_minus_goal_world_mse"": 2.9246243354947534e-06}, {""seed"": 3, ""episode"": 31, ""world_minus_goal_world_mse"": 2.022454733944402e-05}, {""seed"": 3, ""episode"": 32, ""world_minus_goal_world_mse"": 9.029315823545814e-06}, {""seed"": 3, ""episode"": 33, ""world_minus_goal_world_mse"": -9.46658098483952e-06}, {""seed"": 3, ""episode"": 34, ""world_minus_goal_world_mse"": 2.442164167178604e-06}, {""seed"": 3, ""episode"": 35, ""world_minus_goal_world_mse"": 1.941571918753828e-06}, {""seed"": 3, ""episode"": 36, ""world_minus_goal_world_mse"": 2.789489859477782e-05}, {""seed"": 3, ""episode"": 37, ""world_minus_goal_world_mse"": -8.082870097755467e-06}, {""seed"": 3, ""episode"": 38, ""world_minus_goal_world_mse"": 1.8423470958043478e-05}, {""seed"": 3, ""episode"": 39, ""world_minus_goal_world_mse"": -5.430600632679619e-05}, {""seed"": 3, ""episode"": 40, ""world_minus_goal_world_mse"": -1.9899756189875e-07}, {""seed"": 3, ""episode"": 41, ""world_minus_goal_world_mse"": 2.1842321909124203e-05}, {""seed"": 3, ""episode"": 42, ""world_minus_goal_world_mse"": 1.044830219394454e-05}, {""seed"": 3, ""episode"": 43, ""world_minus_goal_world_mse"": 1.4458920365931582e-05}, {""seed"": 3, ""episode"": 44, ""world_minus_goal_world_mse"": 2.0931982903517068e-05}, {""seed"": 3, ""episode"": 45, ""world_minus_goal_world_mse"": 1.0538168561057913e-05}, {""seed"": 3, ""episode"": 46, ""world_minus_goal_world_mse"": 5.19520001077873e-06}, {""seed"": 3, ""episode"": 47, ""world_minus_goal_world_mse"": -1.5432967226480055e-05}, {""seed"": 3, ""episode"": 48, ""world_minus_goal_world_mse"": 1.6980493853956166e-05}, {""seed"": 3, ""episode"": 49, ""world_minus_goal_world_mse"": -1.6668726229968178e-05}]}","{""eigenspectrum_reference"": ""sites.encoder.block6.eigenspectrum"", ""common_metric_subspace_comparisons_reference"": ""sites.encoder.block6.subspace_comparisons""}","{""status"": ""not_run"", ""reason"": ""Focused bootstrap covers progress, clearance and XZ direction""}","{""status"": ""descriptive_physical_regimes"", ""groups"": [{""regime"": ""below_wall_top"", ""seed"": null, ""samples"": 51, ""episodes"": 13, ""global_held_seed_mse"": 0.00016617830618062025, ""time_only_mse"": 0.00012087677452140273, ""mean_time"": 0.7812177562246135, ""time_quantiles"": [0.5789473652839661, 0.7894737124443054, 0.9473684430122375]}, {""regime"": ""below_wall_top"", ""seed"": 1, ""samples"": 7, ""episodes"": 3, ""global_held_seed_mse"": 0.00013437407841973076, ""time_only_mse"": 0.00010417718192195039, ""mean_time"": 0.7669173053332737, ""time_quantiles"": [0.5789473772048951, 0.7894737124443054, 0.9473684430122375]}, {""regime"": ""below_wall_top"", ""seed"": 2, ""samples"": 15, ""episodes"": 4, ""global_held_seed_mse"": 0.0002685308316456532, ""time_only_mse"": 0.00022913191616378648, ""mean_time"": 0.7789473732312521, ""time_quantiles"": [0.6526315689086915, 0.7894737124443054, 0.9263157963752746]}, {""regime"": ""below_wall_top"", ""seed"": 3, ""samples"": 29, ""episodes"": 6, ""global_held_seed_mse"": 0.00012091422729616271, ""time_only_mse"": 6.891367188555481e-05, ""mean_time"": 0.7858439252294344, ""time_quantiles"": [0.5684210538864136, 0.8421052694320679, 0.9473684430122375]}, {""regime"": ""at_or_above_wall_top"", ""seed"": null, ""samples"": 2799, ""episodes"": 150, ""global_held_seed_mse"": 0.0001199188283203354, ""time_only_mse"": 0.0001269563513478987, ""mean_time"": 0.4680807074028153, ""time_quantiles"": [0.05263157933950424, 0.4736842215061188, 0.8947368264198303]}, {""regime"": ""at_or_above_wall_top"", ""seed"": 1, ""samples"": 943, ""episodes"": 50, ""global_held_seed_mse"": 9.830341152058971e-05, ""time_only_mse"": 0.00010860720181414942, ""mean_time"": 0.4715075087224944, ""time_quantiles"": [0.05263157933950424, 0.4736842215061188, 0.8947368264198303]}, {""regime"": ""at_or_above_wall_top"", ""seed"": 2, ""samples"": 935, ""episodes"": 50, ""global_held_seed_mse"": 0.00012516880014696756, ""time_only_mse"": 0.000127461785090721, ""mean_time"": 0.46878694252853087, ""time_quantiles"": [0.05263157933950424, 0.4736842215061188, 0.8947368264198303]}, {""regime"": ""at_or_above_wall_top"", ""seed"": 3, ""samples"": 921, ""episodes"": 50, ""global_held_seed_mse"": 0.00013672079833581762, ""time_only_mse"": 0.00014523069169620128, ""mean_time"": 0.463855079295322, ""time_quantiles"": [0.05263157933950424, 0.4736842215061188, 0.8421052694320679]}], ""time_confounding"": ""Regimes have different time and trajectory composition; residual differences do not identify causal regimes or HMM states.""}",,,,none_validated,"{""linear_score"": ""measured_discovery_only"", ""nonlinear_gain"": ""pending_measurement"", ""best_coordinate_frame"": ""measured_candidate_frame_comparison_not_unique_native_coordinates"", ""geometry"": ""descriptive_common_metric_discovery_geometry"", ""cross_trajectory_stability"": ""measured_discovery_only"", ""regime_dependence"": ""measured_discovery_only"", ""causal_patch_effect"": ""pending_measurement"", ""specificity"": ""pending_measurement"", ""manifold_distance"": ""pending_measurement"", ""recommended_operator"": ""not_yet_justified""}","[{""path"": ""artifacts/geometry_map/reach_wall_v1/cached-geometry-v2/cached_geometry.json"", ""item"": ""rows[4]""}, {""path"": ""artifacts/geometry_map/reach_wall_v1/cached-geometry-v2/cached_geometry.json"", ""item"": ""sites[0]""}]"
reach-wall/encoder/block-6/spatial-mean/realized_xz_direction,reach-wall,encoder,6,block_residual_output,mean_of_256_spatial_tokens,,realized_xz_direction,"{""metric"": ""r2"", ""score"": -0.03352548979074399, ""time_baseline"": 0.015163054507555174, ""delta_vs_time"": -0.04868854429829916}",,,"{""eigenspectrum_reference"": ""sites.encoder.block6.eigenspectrum"", ""common_metric_subspace_comparisons_reference"": ""sites.encoder.block6.subspace_comparisons""}","{""draws"": [{""draw"": 0, ""status"": ""computed"", ""rank_a"": 2, ""rank_b"": 2, ""principal_angles_deg"": [38.89721108206903, 42.48730703751145], ""projection_overlap_trace"": 1.1495085323007523, ""a_projected_into_b_fraction"": 0.5747542661503762, ""b_projected_into_a_fraction"": 0.5747542661503762, ""random_a_into_b_fraction"": 0.005208333333333333, ""random_b_into_a_fraction"": 0.005208333333333333, ""grassmann_geodesic_rad"": 1.0053708988346703, ""projector_distance_frobenius"": 1.3042173650885405, ""unequal_rank_note"": ""Principal angles cover only min(rank_a,rank_b); projector distance includes rank mismatch.""}, {""draw"": 1, ""status"": ""computed"", ""rank_a"": 2, ""rank_b"": 2, ""principal_angles_deg"": [34.67206081627843, 38.50085467252366], ""projection_overlap_trace"": 1.2888381844679362, ""a_projected_into_b_fraction"": 0.6444190922339681, ""b_projected_into_a_fraction"": 0.6444190922339681, ""random_a_into_b_fraction"": 0.005208333333333333, ""random_b_into_a_fraction"": 0.005208333333333333, ""grassmann_geodesic_rad"": 0.9042873422735053, ""projector_distance_frobenius"": 1.1926121041915212, ""unequal_rank_note"": ""Principal angles cover only min(rank_a,rank_b); projector distance includes rank mismatch.""}, {""draw"": 2, ""status"": ""computed"", ""rank_a"": 2, ""rank_b"": 2, ""principal_angles_deg"": [37.501505077421164, 40.64011260701025], ""projection_overlap_trace"": 1.2051851364914867, ""a_projected_into_b_fraction"": 0.6025925682457434, ""b_projected_into_a_fraction"": 0.6025925682457434, ""random_a_into_b_fraction"": 0.005208333333333333, ""random_b_into_a_fraction"": 0.005208333333333333, ""grassmann_geodesic_rad"": 0.9651499757276837, ""projector_distance_frobenius"": 1.2608051899548267, ""unequal_rank_note"": ""Principal angles cover only min(rank_a,rank_b); projector distance includes rank mismatch.""}, {""draw"": 3, ""status"": ""computed"", ""rank_a"": 2, ""rank_b"": 2, ""principal_angles_deg"": [36.17850994284095, 42.54715767422379], ""projection_overlap_trace"": 1.1943003061759416, ""a_projected_into_b_fraction"": 0.5971501530879708, ""b_projected_into_a_fraction"": 0.5971501530879708, ""random_a_into_b_fraction"": 0.005208333333333333, ""random_b_into_a_fraction"": 0.005208333333333333, ""grassmann_geodesic_rad"": 0.9747543101480217, ""projector_distance_frobenius"": 1.2694090702559664, ""unequal_rank_note"": ""Principal angles cover only min(rank_a,rank_b); projector distance includes rank mismatch.""}, {""draw"": 4, ""status"": ""computed"", ""rank_a"": 2, ""rank_b"": 2, ""principal_angles_deg"": [38.770521420781485, 42.47513105126378], ""projection_overlap_trace"": 1.1518803511107811, ""a_projected_into_b_fraction"": 0.5759401755553906, ""b_projected_into_a_fraction"": 0.5759401755553906, ""random_a_into_b_fraction"": 0.005208333333333333, ""random_b_into_a_fraction"": 0.005208333333333333, ""grassmann_geodesic_rad"": 1.0037221594724357, ""projector_distance_frobenius"": 1.3023975191079096, ""unequal_rank_note"": ""Principal angles cover only min(rank_a,rank_b); projector distance includes rank mismatch.""}, {""draw"": 5, ""status"": ""computed"", ""rank_a"": 2, ""rank_b"": 2, ""principal_angles_deg"": [34.62214712376396, 40.17607961079319], ""projection_overlap_trace"": 1.2609880677354979, ""a_projected_into_b_fraction"": 0.6304940338677489, ""b_projected_into_a_fraction"": 0.6304940338677489, ""random_a_into_b_fraction"": 0.005208333333333333, ""random_b_into_a_fraction"": 0.005208333333333333, ""grassmann_geodesic_rad"": 0.9256516947036384, ""projector_distance_frobenius"": 1.2157400480896416, ""unequal_rank_note"": ""Principal angles cover only min(rank_a,rank_b); projector distance includes rank mismatch.""}, {""draw"": 6, ""status"": ""computed"", ""rank_a"": 2, ""rank_b"": 2, ""principal_angles_deg"": [37.969973806932146, 39.379367336494546], ""projection_overlap_trace"": 1.218939770600644, ""a_projected_into_b_fraction"": 0.609469885300322, ""b_projected_into_a_fraction"": 0.609469885300322, ""random_a_into_b_fraction"": 0.005208333333333333, ""random_b_into_a_fraction"": 0.005208333333333333, ""grassmann_geodesic_rad"": 0.9547530878391701, ""projector_distance_frobenius"": 1.2498481742990675, ""unequal_rank_note"": ""Principal angles cover only min(rank_a,rank_b); projector distance includes rank mismatch.""}, {""draw"": 7, ""status"": ""computed"", ""rank_a"": 2, ""rank_b"": 2, ""principal_angles_deg"": [36.314222155005204, 38.24560845719345], ""projection_overlap_trace"": 1.2660807225815427, ""a_projected_into_b_fraction"": 0.6330403612907713, ""b_projected_into_a_fraction"": 0.6330403612907713, ""random_a_into_b_fraction"": 0.005208333333333333, ""random_b_into_a_fraction"": 0.005208333333333333, ""grassmann_geodesic_rad"": 0.9204770003182188, ""projector_distance_frobenius"": 1.2115438724358745, ""unequal_rank_note"": ""Principal angles cover only min(rank_a,rank_b); projector distance includes rank mismatch.""}, {""draw"": 8, ""status"": ""computed"", ""rank_a"": 2, ""rank_b"": 2, ""principal_angles_deg"": [38.28395557225023, 41.75223747962709], ""projection_overlap_trace"": 1.172709144485005, ""a_projected_into_b_fraction"": 0.5863545722425025, ""b_projected_into_a_fraction"": 0.5863545722425025, ""random_a_into_b_fraction"": 0.005208333333333333, ""random_b_into_a_fraction"": 0.005208333333333333, ""grassmann_geodesic_rad"": 0.988680971744944, ""projector_distance_frobenius"": 1.2863054501283862, ""unequal_rank_note"": ""Principal angles cover only min(rank_a,rank_b); projector distance includes rank mismatch.""}, {""draw"": 9, ""status"": ""computed"", ""rank_a"": 2, ""rank_b"": 2, ""principal_angles_deg"": [36.163904000313046, 40.446264498974145], ""projection_overlap_trace"": 1.2309287388164523, ""a_projected_into_b_fraction"": 0.6154643694082261, ""b_projected_into_a_fraction"": 0.6154643694082261, ""random_a_into_b_fraction"": 0.005208333333333333, ""random_b_into_a_fraction"": 0.005208333333333333, ""grassmann_geodesic_rad"": 0.9469482079155562, ""projector_distance_frobenius"": 1.2402187397258178, ""unequal_rank_note"": ""Principal angles cover only min(rank_a,rank_b); projector distance includes rank mismatch.""}, {""draw"": 10, ""status"": ""computed"", ""rank_a"": 2, ""rank_b"": 2, ""principal_angles_deg"": [37.65208094938921, 40.01772742308125], ""projection_overlap_trace"": 1.2133632121945586, ""a_projected_into_b_fraction"": 0.6066816060972793, ""b_projected_into_a_fraction"": 0.6066816060972793, ""random_a_into_b_fraction"": 0.005208333333333333, ""random_b_into_a_fraction"": 0.005208333333333333, ""grassmann_geodesic_rad"": 0.9589941365163848, ""projector_distance_frobenius"": 1.2543020272689043, ""unequal_rank_note"": ""Principal angles cover only min(rank_a,rank_b); projector distance includes rank mismatch.""}, {""draw"": 11, ""status"": ""computed"", ""rank_a"": 2, ""rank_b"": 2, ""principal_angles_deg"": [39.7992416145299, 40.968206101682036], ""projection_overlap_trace"": 1.1604086068555564, ""a_projected_into_b_fraction"": 0.5802043034277782, ""b_projected_into_a_fraction"": 0.5802043034277782, ""random_a_into_b_fraction"": 0.005208333333333333, ""random_b_into_a_fraction"": 0.005208333333333333, ""grassmann_geodesic_rad"": 0.9968830480249368, ""projector_distance_frobenius"": 1.2958328543021616, ""unequal_rank_note"": ""Principal angles cover only min(rank_a,rank_b); projector distance includes rank mismatch.""}, {""draw"": 12, ""status"": ""computed"", ""rank_a"": 2, ""rank_b"": 2, ""principal_angles_deg"": [37.783845384142296, 38.75383121073775], ""projection_overlap_trace"": 1.2327725407979415, ""a_projected_into_b_fraction"": 0.6163862703989708, ""b_projected_into_a_fraction"": 0.6163862703989708, ""random_a_into_b_fraction"": 0.005208333333333333, ""random_b_into_a_fraction"": 0.005208333333333333, ""grassmann_geodesic_rad"": 0.9446534566767512, ""projector_distance_frobenius"": 1.2387311727748345, ""unequal_rank_note"": ""Principal angles cover only min(rank_a,rank_b); projector distance includes rank mismatch.""}, {""draw"": 13, ""status"": ""computed"", ""rank_a"": 2, ""rank_b"": 2, ""principal_angles_deg"": [40.95121205887584, 41.77752409406956], ""projection_overlap_trace"": 1.126553955290556, ""a_projected_into_b_fraction"": 0.563276977645278, ""b_projected_into_a_fraction"": 0.563276977645278, ""random_a_into_b_fraction"": 0.005208333333333333, ""random_b_into_a_fraction"": 0.005208333333333333, ""grassmann_geodesic_rad"": 1.021034511915341, ""projector_distance_frobenius"": 1.3217004537408952, ""unequal_rank_note"": ""Principal angles cover only min(rank_a,rank_b); projector distance includes rank mismatch.""}, {""draw"": 14, ""status"": ""computed"", ""rank_a"": 2, ""rank_b"": 2, ""principal_angles_deg"": [37.578244164815985, 41.73190475215171], ""projection_overlap_trace"": 1.1850053426135747, ""a_projected_into_b_fraction"": 0.5925026713067874, ""b_projected_into_a_fraction"": 0.5925026713067874, ""random_a_into_b_fraction"": 0.005208333333333333, ""random_b_into_a_fraction"": 0.005208333333333333, ""grassmann_geodesic_rad"": 0.980135062129127, ""projector_distance_frobenius"": 1.2767103488155997, ""unequal_rank_note"": ""Principal angles cover only min(rank_a,rank_b); projector distance includes rank mismatch.""}, {""draw"": 15, ""status"": ""computed"", ""rank_a"": 2, ""rank_b"": 2, ""principal_angles_deg"": [35.230936849322745, 36.32962834770074], ""projection_overlap_trace"": 1.3162438902820441, ""a_projected_into_b_fraction"": 0.6581219451410221, ""b_projected_into_a_fraction"": 0.6581219451410221, ""random_a_into_b_fraction"": 0.005208333333333333, ""random_b_into_a_fraction"": 0.005208333333333333, ""grassmann_geodesic_rad"": 0.883257456801168, ""projector_distance_frobenius"": 1.169406780994497, ""unequal_rank_note"": ""Principal angles cover only min(rank_a,rank_b); projector distance includes rank mismatch.""}, {""draw"": 16, ""status"": ""computed"", ""rank_a"": 2, ""rank_b"": 2, ""principal_angles_deg"": [40.54774170077386, 46.48903056497035], ""projection_overlap_trace"": 1.0514173472785604, ""a_projected_into_b_fraction"": 0.5257086736392802, ""b_projected_into_a_fraction"": 0.5257086736392802, ""random_a_into_b_fraction"": 0.005208333333333333, ""random_b_into_a_fraction"": 0.005208333333333333, ""grassmann_geodesic_rad"": 1.076650217673357, ""projector_distance_frobenius"": 1.3773762396102522, ""unequal_rank_note"": ""Principal angles cover only min(rank_a,rank_b); projector distance includes rank mismatch.""}, {""draw"": 17, ""status"": ""computed"", ""rank_a"": 2, ""rank_b"": 2, ""principal_angles_deg"": [35.752110997522195, 40.01368279548158], ""projection_overlap_trace"": 1.2452062850356025, ""a_projected_into_b_fraction"": 0.6226031425178012, ""b_projected_into_a_fraction"": 0.6226031425178012, ""random_a_into_b_fraction"": 0.005208333333333333, ""random_b_into_a_fraction"": 0.005208333333333333, ""grassmann_geodesic_rad"": 0.9365294711775545, ""projector_distance_frobenius"": 1.2286526888949518, ""unequal_rank_note"": ""Principal angles cover only min(rank_a,rank_b); projector distance includes rank mismatch.""}, {""draw"": 18, ""status"": ""computed"", ""rank_a"": 2, ""rank_b"": 2, ""principal_angles_deg"": [34.58771217122089, 39.34547913979746], ""projection_overlap_trace"": 1.2758043956671812, ""a_projected_into_b_fraction"": 0.6379021978335906, ""b_projected_into_a_fraction"": 0.6379021978335906, ""random_a_into_b_fraction"": 0.005208333333333333, ""random_b_into_a_fraction"": 0.005208333333333333, ""grassmann_geodesic_rad"": 0.9143221025619478, ""projector_distance_frobenius"": 1.2034912582423014, ""unequal_rank_note"": ""Principal angles cover only min(rank_a,rank_b); projector distance includes rank mismatch.""}, {""draw"": 19, ""status"": ""computed"", ""rank_a"": 2, ""rank_b"": 2, ""principal_angles_deg"": [38.97030142598771, 39.54199530094306], ""projection_overlap_trace"": 1.199147706068426, ""a_projected_into_b_fraction"": 0.599573853034213, ""b_projected_into_a_fraction"": 0.599573853034213, ""random_a_into_b_fraction"": 0.005208333333333333, ""random_b_into_a_fraction"": 0.005208333333333333, ""grassmann_geodesic_rad"": 0.9689727526101988, ""projector_distance_frobenius"": 1.2655846822173331, ""unequal_rank_note"": ""Principal angles cover only min(rank_a,rank_b); projector distance includes rank mismatch.""}, {""draw"": 20, ""status"": ""computed"", ""rank_a"": 2, ""rank_b"": 2, ""principal_angles_deg"": [33.82732864268767, 37.101757293321576], ""projection_overlap_trace"": 1.3262047278966536, ""a_projected_into_b_fraction"": 0.6631023639483268, ""b_projected_into_a_fraction"": 0.6631023639483268, ""random_a_into_b_fraction"": 0.005208333333333333, ""random_b_into_a_fraction"": 0.005208333333333333, ""grassmann_geodesic_rad"": 0.8762923546770809, ""projector_distance_frobenius"": 1.1608576761199854, ""unequal_rank_note"": ""Principal angles cover only min(rank_a,rank_b); projector distance includes rank mismatch.""}, {""draw"": 21, ""status"": ""computed"", ""rank_a"": 2, ""rank_b"": 2, ""principal_angles_deg"": [35.80784131407875, 38.15149570842064], ""projection_overlap_trace"": 1.2760883630236868, ""a_projected_into_b_fraction"": 0.6380441815118434, ""b_projected_into_a_fraction"": 0.6380441815118434, ""random_a_into_b_fraction"": 0.005208333333333333, ""random_b_into_a_fraction"": 0.005208333333333333, ""grassmann_geodesic_rad"": 0.9132155952979719, ""projector_distance_frobenius"": 1.2032552821212241, ""unequal_rank_note"": ""Principal angles cover only min(rank_a,rank_b); projector distance includes rank mismatch.""}, {""draw"": 22, ""status"": ""computed"", ""rank_a"": 2, ""rank_b"": 2, ""principal_angles_deg"": [37.35275890262548, 38.04361090682046], ""projection_overlap_trace"": 1.2521123426020406, ""a_projected_into_b_fraction"": 0.6260561713010203, ""b_projected_into_a_fraction"": 0.6260561713010203, ""random_a_into_b_fraction"": 0.005208333333333333, ""random_b_into_a_fraction"": 0.005208333333333333, ""grassmann_geodesic_rad"": 0.9305314082487907, ""projector_distance_frobenius"": 1.2230189347659008, ""unequal_rank_note"": ""Principal angles cover only min(rank_a,rank_b); projector distance includes rank mismatch.""}, {""draw"": 23, ""status"": ""computed"", ""rank_a"": 2, ""rank_b"": 2, ""principal_angles_deg"": [37.434679394417984, 42.63423899649128], ""projection_overlap_trace"": 1.1717538027606988, ""a_projected_into_b_fraction"": 0.5858769013803494, ""b_projected_into_a_fraction"": 0.5858769013803494, ""random_a_into_b_fraction"": 0.005208333333333333, ""random_b_into_a_fraction"": 0.005208333333333333, ""grassmann_geodesic_rad"": 0.990239211548498, ""projector_distance_frobenius"": 1.2870479379100852, ""unequal_rank_note"": ""Principal angles cover only min(rank_a,rank_b); projector distance includes rank mismatch.""}, {""draw"": 24, ""status"": ""computed"", ""rank_a"": 2, ""rank_b"": 2, ""principal_angles_deg"": [35.52695973209802, 40.000653142698255], ""projection_overlap_trace"": 1.2491519671021785, ""a_projected_into_b_fraction"": 0.6245759835510892, ""b_projected_into_a_fraction"": 0.6245759835510892, ""random_a_into_b_fraction"": 0.005208333333333333, ""random_b_into_a_fraction"": 0.005208333333333333, ""grassmann_geodesic_rad"": 0.933745786526875, ""projector_distance_frobenius"": 1.2254370917332489, ""unequal_rank_note"": ""Principal angles cover only min(rank_a,rank_b); projector distance includes rank mismatch.""}, {""draw"": 25, ""status"": ""computed"", ""rank_a"": 2, ""rank_b"": 2, ""principal_angles_deg"": [36.34412730337807, 39.3023392339957], ""projection_overlap_trace"": 1.2475739428836823, ""a_projected_into_b_fraction"": 0.6237869714418411, ""b_projected_into_a_fraction"": 0.6237869714418411, ""random_a_into_b_fraction"": 0.005208333333333333, ""random_b_into_a_fraction"": 0.005208333333333333, ""grassmann_geodesic_rad"": 0.9342924460420816, ""projector_distance_frobenius"": 1.2267241394187347, ""unequal_rank_note"": ""Principal angles cover only min(rank_a,rank_b); projector distance includes rank mismatch.""}, {""draw"": 26, ""status"": ""computed"", ""rank_a"": 2, ""rank_b"": 2, ""principal_angles_deg"": [36.0435483495578, 39.46239924337154], ""projection_overlap_trace"": 1.249834071992983, ""a_projected_into_b_fraction"": 0.6249170359964915, ""b_projected_into_a_fraction"": 0.6249170359964915, ""random_a_into_b_fraction"": 0.005208333333333333, ""random_b_into_a_fraction"": 0.005208333333333333, ""grassmann_geodesic_rad"": 0.9327994329033543, ""projector_distance_frobenius"": 1.224880343549538, ""unequal_rank_note"": ""Principal angles cover only min(rank_a,rank_b); projector distance includes rank mismatch.""}, {""draw"": 27, ""status"": ""computed"", ""rank_a"": 2, ""rank_b"": 2, ""principal_angles_deg"": [39.92851878366155, 42.01547294710222], ""projection_overlap_trace"": 1.140048095812821, ""a_projected_into_b_fraction"": 0.5700240479064105, ""b_projected_into_a_fraction"": 0.5700240479064105, ""random_a_into_b_fraction"": 0.005208333333333333, ""random_b_into_a_fraction"": 0.005208333333333333, ""grassmann_geodesic_rad"": 1.011626707493355, ""projector_distance_frobenius"": 1.3114510316341812, ""unequal_rank_note"": ""Principal angles cover only min(rank_a,rank_b); projector distance includes rank mismatch.""}, {""draw"": 28, ""status"": ""computed"", ""rank_a"": 2, ""rank_b"": 2, ""principal_angles_deg"": [36.59545099854288, 38.46292174862064], ""projection_overlap_trace"": 1.2576978873451679, ""a_projected_into_b_fraction"": 0.6288489436725839, ""b_projected_into_a_fraction"": 0.6288489436725839, ""random_a_into_b_fraction"": 0.005208333333333333, ""random_b_into_a_fraction"": 0.005208333333333333, ""grassmann_geodesic_rad"": 0.9266076744497498, ""projector_distance_frobenius"": 1.2184433615518058, ""unequal_rank_note"": ""Principal angles cover only min(rank_a,rank_b); projector distance includes rank mismatch.""}, {""draw"": 29, ""status"": ""computed"", ""rank_a"": 2, ""rank_b"": 2, ""principal_angles_deg"": [36.60128858920243, 38.913035144912776], ""projection_overlap_trace"": 1.2499343872157644, ""a_projected_into_b_fraction"": 0.6249671936078822, ""b_projected_into_a_fraction"": 0.6249671936078822, ""random_a_into_b_fraction"": 0.005208333333333333, ""random_b_into_a_fraction"": 0.005208333333333333, ""grassmann_geodesic_rad"": 0.9323846549742713, ""projector_distance_frobenius"": 1.224798442833951, ""unequal_rank_note"": ""Principal angles cover only min(rank_a,rank_b); projector distance includes rank mismatch.""}], ""max_angle_deg_quantiles_025_50_975"": [36.88942183327585, 40.00716796908992, 43.694306677823015], ""sampling"": ""30 fixed-seed whole-episode bootstrap draws stratified by collection seed; fixed full-discovery feature metric"", ""interpretation"": ""Discovery resampling reproducibility relative to the full-data fit, not independent confirmation.""}","{""status"": ""descriptive_physical_regimes"", ""groups"": [{""regime"": ""below_wall_top"", ""seed"": null, ""samples"": 51, ""episodes"": 13, ""global_held_seed_mse"": 0.701765587898619, ""time_only_mse"": 0.5053498307583444, ""mean_time"": 0.7812177562246135, ""time_quantiles"": [0.5789473652839661, 0.7894737124443054, 0.9473684430122375]}, {""regime"": ""below_wall_top"", ""seed"": 1, ""samples"": 7, ""episodes"": 3, ""global_held_seed_mse"": 0.6671954813981567, ""time_only_mse"": 0.5153411441302166, ""mean_time"": 0.7669173053332737, ""time_quantiles"": [0.5789473772048951, 0.7894737124443054, 0.9473684430122375]}, {""regime"": ""below_wall_top"", ""seed"": 2, ""samples"": 15, ""episodes"": 4, ""global_held_seed_mse"": 0.5857168948969549, ""time_only_mse"": 0.5044142673837212, ""mean_time"": 0.7789473732312521, ""time_quantiles"": [0.6526315689086915, 0.7894737124443054, 0.9263157963752746]}, {""regime"": ""below_wall_top"", ""seed"": 3, ""samples"": 29, ""episodes"": 6, ""global_held_seed_mse"": 0.7701352823995912, ""time_only_mse"": 0.503422046517525, ""mean_time"": 0.7858439252294344, ""time_quantiles"": [0.5684210538864136, 0.8421052694320679, 0.9473684430122375]}, {""regime"": ""at_or_above_wall_top"", ""seed"": null, ""samples"": 2799, ""episodes"": 150, ""global_held_seed_mse"": 0.5116268114285055, ""time_only_mse"": 0.49050096757134665, ""mean_time"": 0.4680807074028153, ""time_quantiles"": [0.05263157933950424, 0.4736842215061188, 0.8947368264198303]}, {""regime"": ""at_or_above_wall_top"", ""seed"": 1, ""samples"": 943, ""episodes"": 50, ""global_held_seed_mse"": 0.5015421986515826, ""time_only_mse"": 0.48752718802392125, ""mean_time"": 0.4715075087224944, ""time_quantiles"": [0.05263157933950424, 0.4736842215061188, 0.8947368264198303]}, {""regime"": ""at_or_above_wall_top"", ""seed"": 2, ""samples"": 935, ""episodes"": 50, ""global_held_seed_mse"": 0.5157675727497059, ""time_only_mse"": 0.49310440543530126, ""mean_time"": 0.46878694252853087, ""time_quantiles"": [0.05263157933950424, 0.4736842215061188, 0.8947368264198303]}, {""regime"": ""at_or_above_wall_top"", ""seed"": 3, ""samples"": 921, ""episodes"": 50, ""global_held_seed_mse"": 0.5177486116601191, ""time_only_mse"": 0.49090276964564034, ""mean_time"": 0.463855079295322, ""time_quantiles"": [0.05263157933950424, 0.4736842215061188, 0.8421052694320679]}], ""time_confounding"": ""Regimes have different time and trajectory composition; residual differences do not identify causal regimes or HMM states.""}",,,,none_validated,"{""linear_score"": ""measured_discovery_only"", ""nonlinear_gain"": ""pending_measurement"", ""best_coordinate_frame"": ""pending_measurement"", ""geometry"": ""descriptive_common_metric_discovery_geometry"", ""cross_trajectory_stability"": ""measured_discovery_only"", ""regime_dependence"": ""measured_discovery_only"", ""causal_patch_effect"": ""pending_measurement"", ""specificity"": ""pending_measurement"", ""manifold_distance"": ""pending_measurement"", ""recommended_operator"": ""not_yet_justified""}","[{""path"": ""artifacts/geometry_map/reach_wall_v1/emergence-geometry/emergence_geometry.json"", ""item"": ""curves.encoder.realized_xz_direction.rows.layer=6""}, {""path"": ""artifacts/geometry_map/reach_wall_v1/cached-geometry-v2/cached_geometry.json"", ""item"": ""rows[3]""}, {""path"": ""artifacts/geometry_map/reach_wall_v1/cached-geometry-v2/cached_geometry.json"", ""item"": ""sites[0]""}]"
reach-wall/encoder/block-6/spatial-mean/reward_sum,reach-wall,encoder,6,block_residual_output,mean_of_256_spatial_tokens,,reward_sum,"{""metric"": ""r2"", ""score"": 0.9500549001394716, ""time_baseline"": 0.9142972039613033, ""delta_vs_time"": 0.03575769617816826}","{""knn_score"": 0.8746573630049044, ""linear_score"": 0.9500549001394716, ""nonlinear_gain"": -0.0753975371345672}",,"{""participation_ratio"": 4.909048281583971, ""top10_variance_fraction"": 0.7461662470029555, ""adjacent_timestep_cosine_mean"": 0.9987897834014257, ""eigenspectrum_reference"": ""sites.encoder.block6.eigenspectrum"", ""common_metric_subspace_comparisons_reference"": ""sites.encoder.block6.subspace_comparisons""}",,,,,,none_validated,"{""linear_score"": ""measured_discovery_only"", ""nonlinear_gain"": ""measured_discovery_only"", ""best_coordinate_frame"": ""pending_measurement"", ""geometry"": ""descriptive_common_metric_discovery_geometry"", ""cross_trajectory_stability"": ""pending_measurement"", ""regime_dependence"": ""pending_measurement"", ""causal_patch_effect"": ""pending_measurement"", ""specificity"": ""pending_measurement"", ""manifold_distance"": ""pending_measurement"", ""recommended_operator"": ""not_yet_justified""}","[{""path"": ""artifacts/geometry_map/reach_wall_v1/discovery-screen/discovery_screen.json"", ""item"": ""rows[146]""}, {""path"": ""artifacts/geometry_map/reach_wall_v1/cached-geometry-v2/nonlinear_screen.json"", ""item"": ""rows[41]""}, {""path"": ""artifacts/geometry_map/reach_wall_v1/spatial-screen/spatial_screen.json"", ""item"": ""maps.encoder.block6.reward_sum""}, {""path"": ""artifacts/geometry_map/reach_wall_v1/cached-geometry-v2/cached_geometry.json"", ""item"": ""sites[0]""}]"
reach-wall/encoder/block-6/spatial-mean/step_progress,reach-wall,encoder,6,block_residual_output,mean_of_256_spatial_tokens,,step_progress,"{""metric"": ""r2"", ""score"": 0.6905636428702862, ""time_baseline"": 0.6366873628317561, ""delta_vs_time"": 0.05387628003853007}",,,"{""eigenspectrum_reference"": ""sites.encoder.block6.eigenspectrum"", ""common_metric_subspace_comparisons_reference"": ""sites.encoder.block6.subspace_comparisons""}","{""draws"": [{""draw"": 0, ""status"": ""computed"", ""rank_a"": 1, ""rank_b"": 1, ""principal_angles_deg"": [43.74640474909177], ""projection_overlap_trace"": 0.5218723827534277, ""a_projected_into_b_fraction"": 0.5218723827534277, ""b_projected_into_a_fraction"": 0.5218723827534277, ""random_a_into_b_fraction"": 0.0026041666666666665, ""random_b_into_a_fraction"": 0.0026041666666666665, ""grassmann_geodesic_rad"": 0.7635187987817351, ""projector_distance_frobenius"": 0.9778830372253854, ""unequal_rank_note"": ""Principal angles cover only min(rank_a,rank_b); projector distance includes rank mismatch.""}, {""draw"": 1, ""status"": ""computed"", ""rank_a"": 1, ""rank_b"": 1, ""principal_angles_deg"": [39.44264039051049], ""projection_overlap_trace"": 0.5963870265559431, ""a_projected_into_b_fraction"": 0.5963870265559431, ""b_projected_into_a_fraction"": 0.5963870265559431, ""random_a_into_b_fraction"": 0.0026041666666666665, ""random_b_into_a_fraction"": 0.0026041666666666665, ""grassmann_geodesic_rad"": 0.68840394049451, ""projector_distance_frobenius"": 0.8984575376099383, ""unequal_rank_note"": ""Principal angles cover only min(rank_a,rank_b); projector distance includes rank mismatch.""}, {""draw"": 2, ""status"": ""computed"", ""rank_a"": 1, ""rank_b"": 1, ""principal_angles_deg"": [44.53749360110609], ""projection_overlap_trace"": 0.5080719088104707, ""a_projected_into_b_fraction"": 0.5080719088104707, ""b_projected_into_a_fraction"": 0.5080719088104707, ""random_a_into_b_fraction"": 0.0026041666666666665, ""random_b_into_a_fraction"": 0.0026041666666666665, ""grassmann_geodesic_rad"": 0.7773259039252074, ""projector_distance_frobenius"": 0.9918952476844813, ""unequal_rank_note"": ""Principal angles cover only min(rank_a,rank_b); projector distance includes rank mismatch.""}, {""draw"": 3, ""status"": ""computed"", ""rank_a"": 1, ""rank_b"": 1, ""principal_angles_deg"": [36.51958105419534], ""projection_overlap_trace"": 0.6458589973909444, ""a_projected_into_b_fraction"": 0.6458589973909444, ""b_projected_into_a_fraction"": 0.6458589973909444, ""random_a_into_b_fraction"": 0.0026041666666666665, ""random_b_into_a_fraction"": 0.0026041666666666665, ""grassmann_geodesic_rad"": 0.6373869308446505, ""projector_distance_frobenius"": 0.8415949175334361, ""unequal_rank_note"": ""Principal angles cover only min(rank_a,rank_b); projector distance includes rank mismatch.""}, {""draw"": 4, ""status"": ""computed"", ""rank_a"": 1, ""rank_b"": 1, ""principal_angles_deg"": [43.764935093049424], ""projection_overlap_trace"": 0.5215492722796463, ""a_projected_into_b_fraction"": 0.5215492722796463, ""b_projected_into_a_fraction"": 0.5215492722796463, ""random_a_into_b_fraction"": 0.0026041666666666665, ""random_b_into_a_fraction"": 0.0026041666666666665, ""grassmann_geodesic_rad"": 0.7638422142953233, ""projector_distance_frobenius"": 0.9782133997450185, ""unequal_rank_note"": ""Principal angles cover only min(rank_a,rank_b); projector distance includes rank mismatch.""}, {""draw"": 5, ""status"": ""computed"", ""rank_a"": 1, ""rank_b"": 1, ""principal_angles_deg"": [43.36300375330065], ""projection_overlap_trace"": 0.528555428550723, ""a_projected_into_b_fraction"": 0.528555428550723, ""b_projected_into_a_fraction"": 0.528555428550723, ""random_a_into_b_fraction"": 0.0026041666666666665, ""random_b_into_a_fraction"": 0.0026041666666666665, ""grassmann_geodesic_rad"": 0.7568271890497553, ""projector_distance_frobenius"": 0.9710247900535568, ""unequal_rank_note"": ""Principal angles cover only min(rank_a,rank_b); projector distance includes rank mismatch.""}, {""draw"": 6, ""status"": ""computed"", ""rank_a"": 1, ""rank_b"": 1, ""principal_angles_deg"": [38.07059684215017], ""projection_overlap_trace"": 0.6197650344321073, ""a_projected_into_b_fraction"": 0.6197650344321073, ""b_projected_into_a_fraction"": 0.6197650344321073, ""random_a_into_b_fraction"": 0.0026041666666666665, ""random_b_into_a_fraction"": 0.0026041666666666665, ""grassmann_geodesic_rad"": 0.6644572630948763, ""projector_distance_frobenius"": 0.8720492710482507, ""unequal_rank_note"": ""Principal angles cover only min(rank_a,rank_b); projector distance includes rank mismatch.""}, {""draw"": 7, ""status"": ""computed"", ""rank_a"": 1, ""rank_b"": 1, ""principal_angles_deg"": [36.33298953170099], ""projection_overlap_trace"": 0.6489708684834007, ""a_projected_into_b_fraction"": 0.6489708684834007, ""b_projected_into_a_fraction"": 0.6489708684834007, ""random_a_into_b_fraction"": 0.0026041666666666665, ""random_b_into_a_fraction"": 0.0026041666666666665, ""grassmann_geodesic_rad"": 0.6341302944208149, ""projector_distance_frobenius"": 0.837889171091976, ""unequal_rank_note"": ""Principal angles cover only min(rank_a,rank_b); projector distance includes rank mismatch.""}, {""draw"": 8, ""status"": ""computed"", ""rank_a"": 1, ""rank_b"": 1, ""principal_angles_deg"": [41.82328161158333], ""projection_overlap_trace"": 0.5553306393139354, ""a_projected_into_b_fraction"": 0.5553306393139354, ""b_projected_into_a_fraction"": 0.5553306393139354, ""random_a_into_b_fraction"": 0.0026041666666666665, ""random_b_into_a_fraction"": 0.0026041666666666665, ""grassmann_geodesic_rad"": 0.7299539681109294, ""projector_distance_frobenius"": 0.9430475711076982, ""unequal_rank_note"": ""Principal angles cover only min(rank_a,rank_b); projector distance includes rank mismatch.""}, {""draw"": 9, ""status"": ""computed"", ""rank_a"": 1, ""rank_b"": 1, ""principal_angles_deg"": [40.54603878611426], ""projection_overlap_trace"": 0.5774234962252855, ""a_projected_into_b_fraction"": 0.5774234962252855, ""b_projected_into_a_fraction"": 0.5774234962252855, ""random_a_into_b_fraction"": 0.0026041666666666665, ""random_b_into_a_fraction"": 0.0026041666666666665, ""grassmann_geodesic_rad"": 0.7076618754590187, ""projector_distance_frobenius"": 0.919322036910586, ""unequal_rank_note"": ""Principal angles cover only min(rank_a,rank_b); projector distance includes rank mismatch.""}, {""draw"": 10, ""status"": ""computed"", ""rank_a"": 1, ""rank_b"": 1, ""principal_angles_deg"": [42.668521861122485], ""projection_overlap_trace"": 0.540647065337979, ""a_projected_into_b_fraction"": 0.540647065337979, ""b_projected_into_a_fraction"": 0.540647065337979, ""random_a_into_b_fraction"": 0.0026041666666666665, ""random_b_into_a_fraction"": 0.0026041666666666665, ""grassmann_geodesic_rad"": 0.744706193435766, ""projector_distance_frobenius"": 0.9584914550083594, ""unequal_rank_note"": ""Principal angles cover only min(rank_a,rank_b); projector distance includes rank mismatch.""}, {""draw"": 11, ""status"": ""computed"", ""rank_a"": 1, ""rank_b"": 1, ""principal_angles_deg"": [39.22504605951082], ""projection_overlap_trace"": 0.6001107143986707, ""a_projected_into_b_fraction"": 0.6001107143986707, ""b_projected_into_a_fraction"": 0.6001107143986707, ""random_a_into_b_fraction"": 0.0026041666666666665, ""random_b_into_a_fraction"": 0.0026041666666666665, ""grassmann_geodesic_rad"": 0.6846062029848914, ""projector_distance_frobenius"": 0.8943033999726595, ""unequal_rank_note"": ""Principal angles cover only min(rank_a,rank_b); projector distance includes rank mismatch.""}, {""draw"": 12, ""status"": ""computed"", ""rank_a"": 1, ""rank_b"": 1, ""principal_angles_deg"": [38.37367642619857], ""projection_overlap_trace"": 0.6146226811013001, ""a_projected_into_b_fraction"": 0.6146226811013001, ""b_projected_into_a_fraction"": 0.6146226811013001, ""random_a_into_b_fraction"": 0.0026041666666666665, ""random_b_into_a_fraction"": 0.0026041666666666665, ""grassmann_geodesic_rad"": 0.6697469997320958, ""projector_distance_frobenius"": 0.8779263282288553, ""unequal_rank_note"": ""Principal angles cover only min(rank_a,rank_b); projector distance includes rank mismatch.""}, {""draw"": 13, ""status"": ""computed"", ""rank_a"": 1, ""rank_b"": 1, ""principal_angles_deg"": [48.72002873580905], ""projection_overlap_trace"": 0.43525556158304446, ""a_projected_into_b_fraction"": 0.43525556158304446, ""b_projected_into_a_fraction"": 0.43525556158304446, ""random_a_into_b_fraction"": 0.0026041666666666665, ""random_b_into_a_fraction"": 0.0026041666666666665, ""grassmann_geodesic_rad"": 0.8503249131061186, ""projector_distance_frobenius"": 1.0627741419671026, ""unequal_rank_note"": ""Principal angles cover only min(rank_a,rank_b); projector distance includes rank mismatch.""}, {""draw"": 14, ""status"": ""computed"", ""rank_a"": 1, ""rank_b"": 1, ""principal_angles_deg"": [41.10905931702168], ""projection_overlap_trace"": 0.5677011308211907, ""a_projected_into_b_fraction"": 0.5677011308211907, ""b_projected_into_a_fraction"": 0.5677011308211907, ""random_a_into_b_fraction"": 0.0026041666666666665, ""random_b_into_a_fraction"": 0.0026041666666666665, ""grassmann_geodesic_rad"": 0.7174884374796797, ""projector_distance_frobenius"": 0.9298374795401714, ""unequal_rank_note"": ""Principal angles cover only min(rank_a,rank_b); projector distance includes rank mismatch.""}, {""draw"": 15, ""status"": ""computed"", ""rank_a"": 1, ""rank_b"": 1, ""principal_angles_deg"": [38.23925013954715], ""projection_overlap_trace"": 0.6169051101968732, ""a_projected_into_b_fraction"": 0.6169051101968732, ""b_projected_into_a_fraction"": 0.6169051101968732, ""random_a_into_b_fraction"": 0.0026041666666666665, ""random_b_into_a_fraction"": 0.0026041666666666665, ""grassmann_geodesic_rad"": 0.667400818428799, ""projector_distance_frobenius"": 0.875322671708127, ""unequal_rank_note"": ""Principal angles cover only min(rank_a,rank_b); projector distance includes rank mismatch.""}, {""draw"": 16, ""status"": ""computed"", ""rank_a"": 1, ""rank_b"": 1, ""principal_angles_deg"": [50.21629958823586], ""projection_overlap_trace"": 0.4094606341300645, ""a_projected_into_b_fraction"": 0.4094606341300645, ""b_projected_into_a_fraction"": 0.4094606341300645, ""random_a_into_b_fraction"": 0.0026041666666666665, ""random_b_into_a_fraction"": 0.0026041666666666665, ""grassmann_geodesic_rad"": 0.8764397659825885, ""projector_distance_frobenius"": 1.0867744622228988, ""unequal_rank_note"": ""Principal angles cover only min(rank_a,rank_b); projector distance includes rank mismatch.""}, {""draw"": 17, ""status"": ""computed"", ""rank_a"": 1, ""rank_b"": 1, ""principal_angles_deg"": [45.74831618017757], ""projection_overlap_trace"": 0.4869409039979643, ""a_projected_into_b_fraction"": 0.4869409039979643, ""b_projected_into_a_fraction"": 0.4869409039979643, ""random_a_into_b_fraction"": 0.0026041666666666665, ""random_b_into_a_fraction"": 0.0026041666666666665, ""grassmann_geodesic_rad"": 0.798458744587494, ""projector_distance_frobenius"": 1.012974921705405, ""unequal_rank_note"": ""Principal angles cover only min(rank_a,rank_b); projector distance includes rank mismatch.""}, {""draw"": 18, ""status"": ""computed"", ""rank_a"": 1, ""rank_b"": 1, ""principal_angles_deg"": [41.23827586474227], ""projection_overlap_trace"": 0.565465964808052, ""a_projected_into_b_fraction"": 0.565465964808052, ""b_projected_into_a_fraction"": 0.565465964808052, ""random_a_into_b_fraction"": 0.0026041666666666665, ""random_b_into_a_fraction"": 0.0026041666666666665, ""grassmann_geodesic_rad"": 0.7197436916854644, ""projector_distance_frobenius"": 0.9322382047437747, ""unequal_rank_note"": ""Principal angles cover only min(rank_a,rank_b); projector distance includes rank mismatch.""}, {""draw"": 19, ""status"": ""computed"", ""rank_a"": 1, ""rank_b"": 1, ""principal_angles_deg"": [38.70403650241718], ""projection_overlap_trace"": 0.6090028660286788, ""a_projected_into_b_fraction"": 0.6090028660286788, ""b_projected_into_a_fraction"": 0.6090028660286788, ""random_a_into_b_fraction"": 0.0026041666666666665, ""random_b_into_a_fraction"": 0.0026041666666666665, ""grassmann_geodesic_rad"": 0.67551287077925, ""projector_distance_frobenius"": 0.8843043977854246, ""unequal_rank_note"": ""Principal angles cover only min(rank_a,rank_b); projector distance includes rank mismatch.""}, {""draw"": 20, ""status"": ""computed"", ""rank_a"": 1, ""rank_b"": 1, ""principal_angles_deg"": [31.19020618860506], ""projection_overlap_trace"": 0.7317994865688929, ""a_projected_into_b_fraction"": 0.7317994865688929, ""b_projected_into_a_fraction"": 0.7317994865688929, ""random_a_into_b_fraction"": 0.0026041666666666665, ""random_b_into_a_fraction"": 0.0026041666666666665, ""grassmann_geodesic_rad"": 0.5443717923670698, ""projector_distance_frobenius"": 0.7323940379756065, ""unequal_rank_note"": ""Principal angles cover only min(rank_a,rank_b); projector distance includes rank mismatch.""}, {""draw"": 21, ""status"": ""computed"", ""rank_a"": 1, ""rank_b"": 1, ""principal_angles_deg"": [41.45557434386806], ""projection_overlap_trace"": 0.5617041925775524, ""a_projected_into_b_fraction"": 0.5617041925775524, ""b_projected_into_a_fraction"": 0.5617041925775524, ""random_a_into_b_fraction"": 0.0026041666666666665, ""random_b_into_a_fraction"": 0.0026041666666666665, ""grassmann_geodesic_rad"": 0.7235362656057855, ""projector_distance_frobenius"": 0.9362647140872581, ""unequal_rank_note"": ""Principal angles cover only min(rank_a,rank_b); projector distance includes rank mismatch.""}, {""draw"": 22, ""status"": ""computed"", ""rank_a"": 1, ""rank_b"": 1, ""principal_angles_deg"": [37.322517722161514], ""projection_overlap_trace"": 0.6323991201814647, ""a_projected_into_b_fraction"": 0.6323991201814647, ""b_projected_into_a_fraction"": 0.6323991201814647, ""random_a_into_b_fraction"": 0.0026041666666666665, ""random_b_into_a_fraction"": 0.0026041666666666665, ""grassmann_geodesic_rad"": 0.6514008193856526, ""projector_distance_frobenius"": 0.8574390705100103, ""unequal_rank_note"": ""Principal angles cover only min(rank_a,rank_b); projector distance includes rank mismatch.""}, {""draw"": 23, ""status"": ""computed"", ""rank_a"": 1, ""rank_b"": 1, ""principal_angles_deg"": [41.30783566018043], ""projection_overlap_trace"": 0.5642621768481735, ""a_projected_into_b_fraction"": 0.5642621768481735, ""b_projected_into_a_fraction"": 0.5642621768481735, ""random_a_into_b_fraction"": 0.0026041666666666665, ""random_b_into_a_fraction"": 0.0026041666666666665, ""grassmann_geodesic_rad"": 0.720957739142874, ""projector_distance_frobenius"": 0.9335285996174156, ""unequal_rank_note"": ""Principal angles cover only min(rank_a,rank_b); projector distance includes rank mismatch.""}, {""draw"": 24, ""status"": ""computed"", ""rank_a"": 1, ""rank_b"": 1, ""principal_angles_deg"": [36.66274767950819], ""projection_overlap_trace"": 0.6434671407578253, ""a_projected_into_b_fraction"": 0.6434671407578253, ""b_projected_into_a_fraction"": 0.6434671407578253, ""random_a_into_b_fraction"": 0.0026041666666666665, ""random_b_into_a_fraction"": 0.0026041666666666665, ""grassmann_geodesic_rad"": 0.6398856598353287, ""projector_distance_frobenius"": 0.8444321870253108, ""unequal_rank_note"": ""Principal angles cover only min(rank_a,rank_b); projector distance includes rank mismatch.""}, {""draw"": 25, ""status"": ""computed"", ""rank_a"": 1, ""rank_b"": 1, ""principal_angles_deg"": [41.14304206469266], ""projection_overlap_trace"": 0.5671134346221386, ""a_projected_into_b_fraction"": 0.5671134346221386, ""b_projected_into_a_fraction"": 0.5671134346221386, ""random_a_into_b_fraction"": 0.0026041666666666665, ""random_b_into_a_fraction"": 0.0026041666666666665, ""grassmann_geodesic_rad"": 0.7180815483154127, ""projector_distance_frobenius"": 0.9304693067241513, ""unequal_rank_note"": ""Principal angles cover only min(rank_a,rank_b); projector distance includes rank mismatch.""}, {""draw"": 26, ""status"": ""computed"", ""rank_a"": 1, ""rank_b"": 1, ""principal_angles_deg"": [46.056411262129814], ""projection_overlap_trace"": 0.4815663236242471, ""a_projected_into_b_fraction"": 0.4815663236242471, ""b_projected_into_a_fraction"": 0.4815663236242471, ""random_a_into_b_fraction"": 0.0026041666666666665, ""random_b_into_a_fraction"": 0.0026041666666666665, ""grassmann_geodesic_rad"": 0.8038360181767624, ""projector_distance_frobenius"": 1.018266837696046, ""unequal_rank_note"": ""Principal angles cover only min(rank_a,rank_b); projector distance includes rank mismatch.""}, {""draw"": 27, ""status"": ""computed"", ""rank_a"": 1, ""rank_b"": 1, ""principal_angles_deg"": [36.98698930369767], ""projection_overlap_trace"": 0.6380369465019128, ""a_projected_into_b_fraction"": 0.6380369465019128, ""b_projected_into_a_fraction"": 0.6380369465019128, ""random_a_into_b_fraction"": 0.0026041666666666665, ""random_b_into_a_fraction"": 0.0026041666666666665, ""grassmann_geodesic_rad"": 0.6455447437494491, ""projector_distance_frobenius"": 0.8508384729172597, ""unequal_rank_note"": ""Principal angles cover only min(rank_a,rank_b); projector distance includes rank mismatch.""}, {""draw"": 28, ""status"": ""computed"", ""rank_a"": 1, ""rank_b"": 1, ""principal_angles_deg"": [39.88591925972723], ""projection_overlap_trace"": 0.5887842307210109, ""a_projected_into_b_fraction"": 0.5887842307210109, ""b_projected_into_a_fraction"": 0.5887842307210109, ""random_a_into_b_fraction"": 0.0026041666666666665, ""random_b_into_a_fraction"": 0.0026041666666666665, ""grassmann_geodesic_rad"": 0.6961406162668595, ""projector_distance_frobenius"": 0.9068801125606285, ""unequal_rank_note"": ""Principal angles cover only min(rank_a,rank_b); projector distance includes rank mismatch.""}, {""draw"": 29, ""status"": ""computed"", ""rank_a"": 1, ""rank_b"": 1, ""principal_angles_deg"": [36.00843701205765], ""projection_overlap_trace"": 0.6543684439555525, ""a_projected_into_b_fraction"": 0.6543684439555525, ""b_projected_into_a_fraction"": 0.6543684439555525, ""random_a_into_b_fraction"": 0.0026041666666666665, ""random_b_into_a_fraction"": 0.0026041666666666665, ""grassmann_geodesic_rad"": 0.6284657843573951, ""projector_distance_frobenius"": 0.8314223427890876, ""unequal_rank_note"": ""Principal angles cover only min(rank_a,rank_b); projector distance includes rank mismatch.""}], ""max_angle_deg_quantiles_025_50_975"": [34.683423535608185, 40.82754905156797, 49.13150322022642], ""sampling"": ""30 fixed-seed whole-episode bootstrap draws stratified by collection seed; fixed full-discovery feature metric"", ""interpretation"": ""Discovery resampling reproducibility relative to the full-data fit, not independent confirmation.""}","{""status"": ""descriptive_physical_regimes"", ""groups"": [{""regime"": ""below_wall_top"", ""seed"": null, ""samples"": 51, ""episodes"": 13, ""global_held_seed_mse"": 0.0001383055506377209, ""time_only_mse"": 0.00010784835768192058, ""mean_time"": 0.7812177562246135, ""time_quantiles"": [0.5789473652839661, 0.7894737124443054, 0.9473684430122375]}, {""regime"": ""below_wall_top"", ""seed"": 1, ""samples"": 7, ""episodes"": 3, ""global_held_seed_mse"": 0.00014140840214553284, ""time_only_mse"": 0.00016407660721360346, ""mean_time"": 0.7669173053332737, ""time_quantiles"": [0.5789473772048951, 0.7894737124443054, 0.9473684430122375]}, {""regime"": ""below_wall_top"", ""seed"": 2, ""samples"": 15, ""episodes"": 4, ""global_held_seed_mse"": 5.623935036350942e-05, ""time_only_mse"": 0.00011384365602020901, ""mean_time"": 0.7789473732312521, ""time_quantiles"": [0.6526315689086915, 0.7894737124443054, 0.9263157963752746]}, {""regime"": ""below_wall_top"", ""seed"": 3, ""samples"": 29, ""episodes"": 6, ""global_held_seed_mse"": 0.000180004621105255, ""time_only_mse"": 9.11750052061928e-05, ""mean_time"": 0.7858439252294344, ""time_quantiles"": [0.5684210538864136, 0.8421052694320679, 0.9473684430122375]}, {""regime"": ""at_or_above_wall_top"", ""seed"": null, ""samples"": 2799, ""episodes"": 150, ""global_held_seed_mse"": 8.87588629890751e-05, ""time_only_mse"": 0.00010520647963395336, ""mean_time"": 0.4680807074028153, ""time_quantiles"": [0.05263157933950424, 0.4736842215061188, 0.8947368264198303]}, {""regime"": ""at_or_above_wall_top"", ""seed"": 1, ""samples"": 943, ""episodes"": 50, ""global_held_seed_mse"": 8.022968338798981e-05, ""time_only_mse"": 0.00010263286474316225, ""mean_time"": 0.4715075087224944, ""time_quantiles"": [0.05263157933950424, 0.4736842215061188, 0.8947368264198303]}, {""regime"": ""at_or_above_wall_top"", ""seed"": 2, ""samples"": 935, ""episodes"": 50, ""global_held_seed_mse"": 0.00010088841801571627, ""time_only_mse"": 0.00010772574764356009, ""mean_time"": 0.46878694252853087, ""time_quantiles"": [0.05263157933950424, 0.4736842215061188, 0.8947368264198303]}, {""regime"": ""at_or_above_wall_top"", ""seed"": 3, ""samples"": 921, ""episodes"": 50, ""global_held_seed_mse"": 8.517784498029545e-05, ""time_only_mse"": 0.00010528400759598777, ""mean_time"": 0.463855079295322, ""time_quantiles"": [0.05263157933950424, 0.4736842215061188, 0.8421052694320679]}], ""time_confounding"": ""Regimes have different time and trajectory composition; residual differences do not identify causal regimes or HMM states.""}",,,,none_validated,"{""linear_score"": ""measured_discovery_only"", ""nonlinear_gain"": ""pending_measurement"", ""best_coordinate_frame"": ""pending_measurement"", ""geometry"": ""descriptive_common_metric_discovery_geometry"", ""cross_trajectory_stability"": ""measured_discovery_only"", ""regime_dependence"": ""measured_discovery_only"", ""causal_patch_effect"": ""pending_measurement"", ""specificity"": ""pending_measurement"", ""manifold_distance"": ""pending_measurement"", ""recommended_operator"": ""not_yet_justified""}","[{""path"": ""artifacts/geometry_map/reach_wall_v1/cached-geometry-v2/cached_geometry.json"", ""item"": ""rows[0]""}, {""path"": ""artifacts/geometry_map/reach_wall_v1/cached-geometry-v2/cached_geometry.json"", ""item"": ""sites[0]""}]"
reach-wall/encoder/block-6/spatial-mean/wall_signed_distance,reach-wall,encoder,6,block_residual_output,mean_of_256_spatial_tokens,,wall_signed_distance,"{""metric"": ""r2"", ""score"": 0.9659993239722129, ""time_baseline"": 0.14228076564542136, ""delta_vs_time"": 0.8237185583267915}","{""knn_score"": 0.8586084992072052, ""linear_score"": 0.9659993239722127, ""nonlinear_gain"": -0.1073908247650075}",,"{""participation_ratio"": 4.909048281583971, ""top10_variance_fraction"": 0.7461662470029555, ""adjacent_timestep_cosine_mean"": 0.9987897834014257, ""eigenspectrum_reference"": ""sites.encoder.block6.eigenspectrum"", ""common_metric_subspace_comparisons_reference"": ""sites.encoder.block6.subspace_comparisons""}","{""draws"": [{""draw"": 0, ""status"": ""computed"", ""rank_a"": 1, ""rank_b"": 1, ""principal_angles_deg"": [22.320184845314134], ""projection_overlap_trace"": 0.8557655717364752, ""a_projected_into_b_fraction"": 0.8557655717364752, ""b_projected_into_a_fraction"": 0.8557655717364752, ""random_a_into_b_fraction"": 0.0026041666666666665, ""random_b_into_a_fraction"": 0.0026041666666666665, ""grassmann_geodesic_rad"": 0.3895607152044729, ""projector_distance_frobenius"": 0.5370929682345968, ""unequal_rank_note"": ""Principal angles cover only min(rank_a,rank_b); projector distance includes rank mismatch.""}, {""draw"": 1, ""status"": ""computed"", ""rank_a"": 1, ""rank_b"": 1, ""principal_angles_deg"": [19.647375699589073], ""projection_overlap_trace"": 0.8869491137829417, ""a_projected_into_b_fraction"": 0.8869491137829417, ""b_projected_into_a_fraction"": 0.8869491137829417, ""random_a_into_b_fraction"": 0.0026041666666666665, ""random_b_into_a_fraction"": 0.0026041666666666665, ""grassmann_geodesic_rad"": 0.34291139533415366, ""projector_distance_frobenius"": 0.4755016008743993, ""unequal_rank_note"": ""Principal angles cover only min(rank_a,rank_b); projector distance includes rank mismatch.""}, {""draw"": 2, ""status"": ""computed"", ""rank_a"": 1, ""rank_b"": 1, ""principal_angles_deg"": [22.898926754423776], ""projection_overlap_trace"": 0.8485959801148573, ""a_projected_into_b_fraction"": 0.8485959801148573, ""b_projected_into_a_fraction"": 0.8485959801148573, ""random_a_into_b_fraction"": 0.0026041666666666665, ""random_b_into_a_fraction"": 0.0026041666666666665, ""grassmann_geodesic_rad"": 0.3996616670377139, ""projector_distance_frobenius"": 0.5502799648999457, ""unequal_rank_note"": ""Principal angles cover only min(rank_a,rank_b); projector distance includes rank mismatch.""}, {""draw"": 3, ""status"": ""computed"", ""rank_a"": 1, ""rank_b"": 1, ""principal_angles_deg"": [18.507163486643506], ""projection_overlap_trace"": 0.8992424997579014, ""a_projected_into_b_fraction"": 0.8992424997579014, ""b_projected_into_a_fraction"": 0.8992424997579014, ""random_a_into_b_fraction"": 0.0026041666666666665, ""random_b_into_a_fraction"": 0.0026041666666666665, ""grassmann_geodesic_rad"": 0.3230109380468028, ""projector_distance_frobenius"": 0.4489042219496239, ""unequal_rank_note"": ""Principal angles cover only min(rank_a,rank_b); projector distance includes rank mismatch.""}, {""draw"": 4, ""status"": ""computed"", ""rank_a"": 1, ""rank_b"": 1, ""principal_angles_deg"": [19.922395627969465], ""projection_overlap_trace"": 0.8838914399953473, ""a_projected_into_b_fraction"": 0.8838914399953473, ""b_projected_into_a_fraction"": 0.8838914399953473, ""random_a_into_b_fraction"": 0.0026041666666666665, ""random_b_into_a_fraction"": 0.0026041666666666665, ""grassmann_geodesic_rad"": 0.3477113985929905, ""projector_distance_frobenius"": 0.48188911588591155, ""unequal_rank_note"": ""Principal angles cover only min(rank_a,rank_b); projector distance includes rank mismatch.""}, {""draw"": 5, ""status"": ""computed"", ""rank_a"": 1, ""rank_b"": 1, ""principal_angles_deg"": [19.786455793388555], ""projection_overlap_trace"": 0.8854072596197814, ""a_projected_into_b_fraction"": 0.8854072596197814, ""b_projected_into_a_fraction"": 0.8854072596197814, ""random_a_into_b_fraction"": 0.0026041666666666665, ""random_b_into_a_fraction"": 0.0026041666666666665, ""grassmann_geodesic_rad"": 0.3453388008949371, ""projector_distance_frobenius"": 0.47873320415492093, ""unequal_rank_note"": ""Principal angles cover only min(rank_a,rank_b); projector distance includes rank mismatch.""}, {""draw"": 6, ""status"": ""computed"", ""rank_a"": 1, ""rank_b"": 1, ""principal_angles_deg"": [20.703789025302953], ""projection_overlap_trace"": 0.8750117983417651, ""a_projected_into_b_fraction"": 0.8750117983417651, ""b_projected_into_a_fraction"": 0.8750117983417651, ""random_a_into_b_fraction"": 0.0026041666666666665, ""random_b_into_a_fraction"": 0.0026041666666666665, ""grassmann_geodesic_rad"": 0.3613492861298041, ""projector_distance_frobenius"": 0.49997640275964, ""unequal_rank_note"": ""Principal angles cover only min(rank_a,rank_b); projector distance includes rank mismatch.""}, {""draw"": 7, ""status"": ""computed"", ""rank_a"": 1, ""rank_b"": 1, ""principal_angles_deg"": [18.488650536690216], ""projection_overlap_trace"": 0.8994369345154031, ""a_projected_into_b_fraction"": 0.8994369345154031, ""b_projected_into_a_fraction"": 0.8994369345154031, ""random_a_into_b_fraction"": 0.0026041666666666665, ""random_b_into_a_fraction"": 0.0026041666666666665, ""grassmann_geodesic_rad"": 0.32268782611586094, ""projector_distance_frobenius"": 0.44847088084868325, ""unequal_rank_note"": ""Principal angles cover only min(rank_a,rank_b); projector distance includes rank mismatch.""}, {""draw"": 8, ""status"": ""computed"", ""rank_a"": 1, ""rank_b"": 1, ""principal_angles_deg"": [19.957674021103017], ""projection_overlap_trace"": 0.8834966483487399, ""a_projected_into_b_fraction"": 0.8834966483487399, ""b_projected_into_a_fraction"": 0.8834966483487399, ""random_a_into_b_fraction"": 0.0026041666666666665, ""random_b_into_a_fraction"": 0.0026041666666666665, ""grassmann_geodesic_rad"": 0.3483271227079839, ""projector_distance_frobenius"": 0.4827076789346947, ""unequal_rank_note"": ""Principal angles cover only min(rank_a,rank_b); projector distance includes rank mismatch.""}, {""draw"": 9, ""status"": ""computed"", ""rank_a"": 1, ""rank_b"": 1, ""principal_angles_deg"": [19.913656253048792], ""projection_overlap_trace"": 0.8839891501998748, ""a_projected_into_b_fraction"": 0.8839891501998748, ""b_projected_into_a_fraction"": 0.8839891501998748, ""random_a_into_b_fraction"": 0.0026041666666666665, ""random_b_into_a_fraction"": 0.0026041666666666665, ""grassmann_geodesic_rad"": 0.34755886772605854, ""projector_distance_frobenius"": 0.48168630829643727, ""unequal_rank_note"": ""Principal angles cover only min(rank_a,rank_b); projector distance includes rank mismatch.""}, {""draw"": 10, ""status"": ""computed"", ""rank_a"": 1, ""rank_b"": 1, ""principal_angles_deg"": [20.16478883210551], ""projection_overlap_trace"": 0.8811671686681587, ""a_projected_into_b_fraction"": 0.8811671686681587, ""b_projected_into_a_fraction"": 0.8811671686681587, ""random_a_into_b_fraction"": 0.0026041666666666665, ""random_b_into_a_fraction"": 0.0026041666666666665, ""grassmann_geodesic_rad"": 0.3519419580896232, ""projector_distance_frobenius"": 0.4875096539184456, ""unequal_rank_note"": ""Principal angles cover only min(rank_a,rank_b); projector distance includes rank mismatch.""}, {""draw"": 11, ""status"": ""computed"", ""rank_a"": 1, ""rank_b"": 1, ""principal_angles_deg"": [19.853430089749065], ""projection_overlap_trace"": 0.8846615340620589, ""a_projected_into_b_fraction"": 0.8846615340620589, ""b_projected_into_a_fraction"": 0.8846615340620589, ""random_a_into_b_fraction"": 0.0026041666666666665, ""random_b_into_a_fraction"": 0.0026041666666666665, ""grassmann_geodesic_rad"": 0.34650772288063447, ""projector_distance_frobenius"": 0.48028838407344615, ""unequal_rank_note"": ""Principal angles cover only min(rank_a,rank_b); projector distance includes rank mismatch.""}, {""draw"": 12, ""status"": ""computed"", ""rank_a"": 1, ""rank_b"": 1, ""principal_angles_deg"": [21.879431197325044], ""projection_overlap_trace"": 0.8611284957928487, ""a_projected_into_b_fraction"": 0.8611284957928487, ""b_projected_into_a_fraction"": 0.8611284957928487, ""random_a_into_b_fraction"": 0.0026041666666666665, ""random_b_into_a_fraction"": 0.0026041666666666665, ""grassmann_geodesic_rad"": 0.38186811285688715, ""projector_distance_frobenius"": 0.5270132905480683, ""unequal_rank_note"": ""Principal angles cover only min(rank_a,rank_b); projector distance includes rank mismatch.""}, {""draw"": 13, ""status"": ""computed"", ""rank_a"": 1, ""rank_b"": 1, ""principal_angles_deg"": [23.545247837617577], ""projection_overlap_trace"": 0.8404211875491547, ""a_projected_into_b_fraction"": 0.8404211875491547, ""b_projected_into_a_fraction"": 0.8404211875491547, ""random_a_into_b_fraction"": 0.0026041666666666665, ""random_b_into_a_fraction"": 0.0026041666666666665, ""grassmann_geodesic_rad"": 0.41094209796450193, ""projector_distance_frobenius"": 0.5649403728728285, ""unequal_rank_note"": ""Principal angles cover only min(rank_a,rank_b); projector distance includes rank mismatch.""}, {""draw"": 14, ""status"": ""computed"", ""rank_a"": 1, ""rank_b"": 1, ""principal_angles_deg"": [20.53994049267139], ""projection_overlap_trace"": 0.8768970892933368, ""a_projected_into_b_fraction"": 0.8768970892933368, ""b_projected_into_a_fraction"": 0.8768970892933368, ""random_a_into_b_fraction"": 0.0026041666666666665, ""random_b_into_a_fraction"": 0.0026041666666666665, ""grassmann_geodesic_rad"": 0.358489589760822, ""projector_distance_frobenius"": 0.4961913153344448, ""unequal_rank_note"": ""Principal angles cover only min(rank_a,rank_b); projector distance includes rank mismatch.""}, {""draw"": 15, ""status"": ""computed"", ""rank_a"": 1, ""rank_b"": 1, ""principal_angles_deg"": [20.310344847392756], ""projection_overlap_trace"": 0.8795181305614308, ""a_projected_into_b_fraction"": 0.8795181305614308, ""b_projected_into_a_fraction"": 0.8795181305614308, ""random_a_into_b_fraction"": 0.0026041666666666665, ""random_b_into_a_fraction"": 0.0026041666666666665, ""grassmann_geodesic_rad"": 0.3544823898024688, ""projector_distance_frobenius"": 0.490880574964154, ""unequal_rank_note"": ""Principal angles cover only min(rank_a,rank_b); projector distance includes rank mismatch.""}, {""draw"": 16, ""status"": ""computed"", ""rank_a"": 1, ""rank_b"": 1, ""principal_angles_deg"": [23.987147633325417], ""projection_overlap_trace"": 0.8347319688649528, ""a_projected_into_b_fraction"": 0.8347319688649528, ""b_projected_into_a_fraction"": 0.8347319688649528, ""random_a_into_b_fraction"": 0.0026041666666666665, ""random_b_into_a_fraction"": 0.0026041666666666665, ""grassmann_geodesic_rad"": 0.418654704363494, ""projector_distance_frobenius"": 0.57492265764196, ""unequal_rank_note"": ""Principal angles cover only min(rank_a,rank_b); projector distance includes rank mismatch.""}, {""draw"": 17, ""status"": ""computed"", ""rank_a"": 1, ""rank_b"": 1, ""principal_angles_deg"": [22.143550859136113], ""projection_overlap_trace"": 0.8579249705296775, ""a_projected_into_b_fraction"": 0.8579249705296775, ""b_projected_into_a_fraction"": 0.8579249705296775, ""random_a_into_b_fraction"": 0.0026041666666666665, ""random_b_into_a_fraction"": 0.0026041666666666665, ""grassmann_geodesic_rad"": 0.38647787057474425, ""projector_distance_frobenius"": 0.5330572754785783, ""unequal_rank_note"": ""Principal angles cover only min(rank_a,rank_b); projector distance includes rank mismatch.""}, {""draw"": 18, ""status"": ""computed"", ""rank_a"": 1, ""rank_b"": 1, ""principal_angles_deg"": [19.543516676005705], ""projection_overlap_trace"": 0.8880945579378984, ""a_projected_into_b_fraction"": 0.8880945579378984, ""b_projected_into_a_fraction"": 0.8880945579378984, ""random_a_into_b_fraction"": 0.0026041666666666665, ""random_b_into_a_fraction"": 0.0026041666666666665, ""grassmann_geodesic_rad"": 0.3410987134147174, ""projector_distance_frobenius"": 0.47308655035226194, ""unequal_rank_note"": ""Principal angles cover only min(rank_a,rank_b); projector distance includes rank mismatch.""}, {""draw"": 19, ""status"": ""computed"", ""rank_a"": 1, ""rank_b"": 1, ""principal_angles_deg"": [21.687363250913982], ""projection_overlap_trace"": 0.8634388392655383, ""a_projected_into_b_fraction"": 0.8634388392655383, ""b_projected_into_a_fraction"": 0.8634388392655383, ""random_a_into_b_fraction"": 0.0026041666666666665, ""random_b_into_a_fraction"": 0.0026041666666666665, ""grassmann_geodesic_rad"": 0.3785158948044701, ""projector_distance_frobenius"": 0.522611061372531, ""unequal_rank_note"": ""Principal angles cover only min(rank_a,rank_b); projector distance includes rank mismatch.""}, {""draw"": 20, ""status"": ""computed"", ""rank_a"": 1, ""rank_b"": 1, ""principal_angles_deg"": [19.873453217509333], ""projection_overlap_trace"": 0.8844381780576853, ""a_projected_into_b_fraction"": 0.8844381780576853, ""b_projected_into_a_fraction"": 0.8844381780576853, ""random_a_into_b_fraction"": 0.0026041666666666665, ""random_b_into_a_fraction"": 0.0026041666666666665, ""grassmann_geodesic_rad"": 0.3468571923865987, ""projector_distance_frobenius"": 0.48075320475752353, ""unequal_rank_note"": ""Principal angles cover only min(rank_a,rank_b); projector distance includes rank mismatch.""}, {""draw"": 21, ""status"": ""computed"", ""rank_a"": 1, ""rank_b"": 1, ""principal_angles_deg"": [18.102500998386677], ""projection_overlap_trace"": 0.9034543742092822, ""a_projected_into_b_fraction"": 0.9034543742092822, ""b_projected_into_a_fraction"": 0.9034543742092822, ""random_a_into_b_fraction"": 0.0026041666666666665, ""random_b_into_a_fraction"": 0.0026041666666666665, ""grassmann_geodesic_rad"": 0.3159482452674082, ""projector_distance_frobenius"": 0.43942149649446555, ""unequal_rank_note"": ""Principal angles cover only min(rank_a,rank_b); projector distance includes rank mismatch.""}, {""draw"": 22, ""status"": ""computed"", ""rank_a"": 1, ""rank_b"": 1, ""principal_angles_deg"": [19.615743776195107], ""projection_overlap_trace"": 0.8872985163750852, ""a_projected_into_b_fraction"": 0.8872985163750852, ""b_projected_into_a_fraction"": 0.8872985163750852, ""random_a_into_b_fraction"": 0.0026041666666666665, ""random_b_into_a_fraction"": 0.0026041666666666665, ""grassmann_geodesic_rad"": 0.3423593141221903, ""projector_distance_frobenius"": 0.4747662237879077, ""unequal_rank_note"": ""Principal angles cover only min(rank_a,rank_b); projector distance includes rank mismatch.""}, {""draw"": 23, ""status"": ""computed"", ""rank_a"": 1, ""rank_b"": 1, ""principal_angles_deg"": [21.22503126537147], ""projection_overlap_trace"": 0.8689329415308488, ""a_projected_into_b_fraction"": 0.8689329415308488, ""b_projected_into_a_fraction"": 0.8689329415308488, ""random_a_into_b_fraction"": 0.0026041666666666665, ""random_b_into_a_fraction"": 0.0026041666666666665, ""grassmann_geodesic_rad"": 0.37044667941947046, ""projector_distance_frobenius"": 0.5119903484815924, ""unequal_rank_note"": ""Principal angles cover only min(rank_a,rank_b); projector distance includes rank mismatch.""}, {""draw"": 24, ""status"": ""computed"", ""rank_a"": 1, ""rank_b"": 1, ""principal_angles_deg"": [19.03069102664981], ""projection_overlap_trace"": 0.8936753658646814, ""a_projected_into_b_fraction"": 0.8936753658646814, ""b_projected_into_a_fraction"": 0.8936753658646814, ""random_a_into_b_fraction"": 0.0026041666666666665, ""random_b_into_a_fraction"": 0.0026041666666666665, ""grassmann_geodesic_rad"": 0.33214821734477906, ""projector_distance_frobenius"": 0.4611390986141135, ""unequal_rank_note"": ""Principal angles cover only min(rank_a,rank_b); projector distance includes rank mismatch.""}, {""draw"": 25, ""status"": ""computed"", ""rank_a"": 1, ""rank_b"": 1, ""principal_angles_deg"": [18.833892483116554], ""projection_overlap_trace"": 0.8957836220514143, ""a_projected_into_b_fraction"": 0.8957836220514143, ""b_projected_into_a_fraction"": 0.8957836220514143, ""random_a_into_b_fraction"": 0.0026041666666666665, ""random_b_into_a_fraction"": 0.0026041666666666665, ""grassmann_geodesic_rad"": 0.3287134347969944, ""projector_distance_frobenius"": 0.4565443635586486, ""unequal_rank_note"": ""Principal angles cover only min(rank_a,rank_b); projector distance includes rank mismatch.""}, {""draw"": 26, ""status"": ""computed"", ""rank_a"": 1, ""rank_b"": 1, ""principal_angles_deg"": [21.384813648861577], ""projection_overlap_trace"": 0.8670449678568771, ""a_projected_into_b_fraction"": 0.8670449678568771, ""b_projected_into_a_fraction"": 0.8670449678568771, ""random_a_into_b_fraction"": 0.0026041666666666665, ""random_b_into_a_fraction"": 0.0026041666666666665, ""grassmann_geodesic_rad"": 0.37323540809805705, ""projector_distance_frobenius"": 0.515664682023353, ""unequal_rank_note"": ""Principal angles cover only min(rank_a,rank_b); projector distance includes rank mismatch.""}, {""draw"": 27, ""status"": ""computed"", ""rank_a"": 1, ""rank_b"": 1, ""principal_angles_deg"": [22.34577478369223], ""projection_overlap_trace"": 0.8554516041649343, ""a_projected_into_b_fraction"": 0.8554516041649343, ""b_projected_into_a_fraction"": 0.8554516041649343, ""random_a_into_b_fraction"": 0.0026041666666666665, ""random_b_into_a_fraction"": 0.0026041666666666665, ""grassmann_geodesic_rad"": 0.3900073438845531, ""projector_distance_frobenius"": 0.5376772188498704, ""unequal_rank_note"": ""Principal angles cover only min(rank_a,rank_b); projector distance includes rank mismatch.""}, {""draw"": 28, ""status"": ""computed"", ""rank_a"": 1, ""rank_b"": 1, ""principal_angles_deg"": [16.936247337932535], ""projection_overlap_trace"": 0.9151399698534581, ""a_projected_into_b_fraction"": 0.9151399698534581, ""b_projected_into_a_fraction"": 0.9151399698534581, ""random_a_into_b_fraction"": 0.0026041666666666665, ""random_b_into_a_fraction"": 0.0026041666666666665, ""grassmann_geodesic_rad"": 0.29559327897904747, ""projector_distance_frobenius"": 0.4119709459331856, ""unequal_rank_note"": ""Principal angles cover only min(rank_a,rank_b); projector distance includes rank mismatch.""}, {""draw"": 29, ""status"": ""computed"", ""rank_a"": 1, ""rank_b"": 1, ""principal_angles_deg"": [18.490661004329446], ""projection_overlap_trace"": 0.8994158273798329, ""a_projected_into_b_fraction"": 0.8994158273798329, ""b_projected_into_a_fraction"": 0.8994158273798329, ""random_a_into_b_fraction"": 0.0026041666666666665, ""random_b_into_a_fraction"": 0.0026041666666666665, ""grassmann_geodesic_rad"": 0.3227229153956703, ""projector_distance_frobenius"": 0.4485179430528216, ""unequal_rank_note"": ""Principal angles cover only min(rank_a,rank_b); projector distance includes rank mismatch.""}], ""max_angle_deg_quantiles_025_50_975"": [17.781781241761788, 19.94003482453624, 23.666770281437234], ""sampling"": ""30 fixed-seed whole-episode bootstrap draws stratified by collection seed; fixed full-discovery feature metric"", ""interpretation"": ""Discovery resampling reproducibility relative to the full-data fit, not independent confirmation.""}","{""status"": ""descriptive_physical_regimes"", ""groups"": [{""regime"": ""below_wall_top"", ""seed"": null, ""samples"": 51, ""episodes"": 13, ""global_held_seed_mse"": 0.00014577832807774303, ""time_only_mse"": 0.0017422658867868098, ""mean_time"": 0.7812177562246135, ""time_quantiles"": [0.5789473652839661, 0.7894737124443054, 0.9473684430122375]}, {""regime"": ""below_wall_top"", ""seed"": 1, ""samples"": 7, ""episodes"": 3, ""global_held_seed_mse"": 4.7656088138108234e-05, ""time_only_mse"": 0.003479567008091038, ""mean_time"": 0.7669173053332737, ""time_quantiles"": [0.5789473772048951, 0.7894737124443054, 0.9473684430122375]}, {""regime"": ""below_wall_top"", ""seed"": 2, ""samples"": 15, ""episodes"": 4, ""global_held_seed_mse"": 0.00029756217046079275, ""time_only_mse"": 0.0022773860791327027, ""mean_time"": 0.7789473732312521, ""time_quantiles"": [0.6526315689086915, 0.7894737124443054, 0.9263157963752746]}, {""regime"": ""below_wall_top"", ""seed"": 3, ""samples"": 29, ""episodes"": 6, ""global_held_seed_mse"": 9.095412269262917e-05, ""time_only_mse"": 0.001046131033879293, ""mean_time"": 0.7858439252294344, ""time_quantiles"": [0.5684210538864136, 0.8421052694320679, 0.9473684430122375]}, {""regime"": ""at_or_above_wall_top"", ""seed"": null, ""samples"": 2799, ""episodes"": 150, ""global_held_seed_mse"": 6.538895964267636e-05, ""time_only_mse"": 0.0016847980342800635, ""mean_time"": 0.4680807074028153, ""time_quantiles"": [0.05263157933950424, 0.4736842215061188, 0.8947368264198303]}, {""regime"": ""at_or_above_wall_top"", ""seed"": 1, ""samples"": 943, ""episodes"": 50, ""global_held_seed_mse"": 6.541399599422646e-05, ""time_only_mse"": 0.0016850907302014564, ""mean_time"": 0.4715075087224944, ""time_quantiles"": [0.05263157933950424, 0.4736842215061188, 0.8947368264198303]}, {""regime"": ""at_or_above_wall_top"", ""seed"": 2, ""samples"": 935, ""episodes"": 50, ""global_held_seed_mse"": 6.82399527435126e-05, ""time_only_mse"": 0.0015918232354560585, ""mean_time"": 0.46878694252853087, ""time_quantiles"": [0.05263157933950424, 0.4736842215061188, 0.8947368264198303]}, {""regime"": ""at_or_above_wall_top"", ""seed"": 3, ""samples"": 921, ""episodes"": 50, ""global_held_seed_mse"": 6.246899457341077e-05, ""time_only_mse"": 0.0017788864432339946, ""mean_time"": 0.463855079295322, ""time_quantiles"": [0.05263157933950424, 0.4736842215061188, 0.8421052694320679]}], ""time_confounding"": ""Regimes have different time and trajectory composition; residual differences do not identify causal regimes or HMM states.""}",,,,none_validated,"{""linear_score"": ""measured_discovery_only"", ""nonlinear_gain"": ""measured_discovery_only"", ""best_coordinate_frame"": ""pending_measurement"", ""geometry"": ""descriptive_common_metric_discovery_geometry"", ""cross_trajectory_stability"": ""measured_discovery_only"", ""regime_dependence"": ""measured_discovery_only"", ""causal_patch_effect"": ""pending_measurement"", ""specificity"": ""pending_measurement"", ""manifold_distance"": ""pending_measurement"", ""recommended_operator"": ""not_yet_justified""}","[{""path"": ""artifacts/geometry_map/reach_wall_v1/discovery-screen/discovery_screen.json"", ""item"": ""rows[134]""}, {""path"": ""artifacts/geometry_map/reach_wall_v1/emergence-geometry/emergence_geometry.json"", ""item"": ""curves.encoder.wall_signed_distance.rows.layer=6""}, {""path"": ""artifacts/geometry_map/reach_wall_v1/cached-geometry-v2/nonlinear_screen.json"", ""item"": ""rows[29]""}, {""path"": ""artifacts/geometry_map/reach_wall_v1/spatial-screen/spatial_screen.json"", ""item"": ""maps.encoder.block6.wall_signed_distance""}, {""path"": ""artifacts/geometry_map/reach_wall_v1/cached-geometry-v2/cached_geometry.json"", ""item"": ""rows[2]""}, {""path"": ""artifacts/geometry_map/reach_wall_v1/cached-geometry-v2/cached_geometry.json"", ""item"": ""sites[0]""}]"
reach-wall/encoder/block-7/spatial-mean/action_chunk_frobenius_magnitude,reach-wall,encoder,7,block_residual_output,mean_of_256_spatial_tokens,,action_chunk_frobenius_magnitude,"{""metric"": ""r2"", ""score"": 0.4827731298430731, ""time_baseline"": 0.4725658231754639, ""delta_vs_time"": 0.010207306667609162}",,,"{""participation_ratio"": 6.098359312949947, ""top10_variance_fraction"": 0.7219686471610663, ""adjacent_timestep_cosine_mean"": 0.9981499090080679}",,,,,,none_validated,"{""linear_score"": ""measured_discovery_only"", ""nonlinear_gain"": ""pending_measurement"", ""best_coordinate_frame"": ""pending_measurement"", ""geometry"": ""descriptive_activation_geometry"", ""cross_trajectory_stability"": ""pending_measurement"", ""regime_dependence"": ""pending_measurement"", ""causal_patch_effect"": ""pending_measurement"", ""specificity"": ""pending_measurement"", ""manifold_distance"": ""pending_measurement"", ""recommended_operator"": ""not_yet_justified""}","[{""path"": ""artifacts/geometry_map/reach_wall_v1/discovery-screen/discovery_screen.json"", ""item"": ""rows[162]""}]"
reach-wall/encoder/block-7/spatial-mean/action_dx,reach-wall,encoder,7,block_residual_output,mean_of_256_spatial_tokens,,action_dx,"{""metric"": ""r2"", ""score"": -0.007541022284245136, ""time_baseline"": 0.0033910809446688894, ""delta_vs_time"": -0.010932103228914025}",,,"{""participation_ratio"": 6.098359312949947, ""top10_variance_fraction"": 0.7219686471610663, ""adjacent_timestep_cosine_mean"": 0.9981499090080679}",,,,,,none_validated,"{""linear_score"": ""measured_discovery_only"", ""nonlinear_gain"": ""pending_measurement"", ""best_coordinate_frame"": ""pending_measurement"", ""geometry"": ""descriptive_activation_geometry"", ""cross_trajectory_stability"": ""pending_measurement"", ""regime_dependence"": ""pending_measurement"", ""causal_patch_effect"": ""pending_measurement"", ""specificity"": ""pending_measurement"", ""manifold_distance"": ""pending_measurement"", ""recommended_operator"": ""not_yet_justified""}","[{""path"": ""artifacts/geometry_map/reach_wall_v1/discovery-screen/discovery_screen.json"", ""item"": ""rows[159]""}]"
reach-wall/encoder/block-7/spatial-mean/action_dy,reach-wall,encoder,7,block_residual_output,mean_of_256_spatial_tokens,,action_dy,"{""metric"": ""r2"", ""score"": 0.6114428634382028, ""time_baseline"": 0.6287213192564175, ""delta_vs_time"": -0.017278455818214744}",,,"{""participation_ratio"": 6.098359312949947, ""top10_variance_fraction"": 0.7219686471610663, ""adjacent_timestep_cosine_mean"": 0.9981499090080679}",,,,,,none_validated,"{""linear_score"": ""measured_discovery_only"", ""nonlinear_gain"": ""pending_measurement"", ""best_coordinate_frame"": ""pending_measurement"", ""geometry"": ""descriptive_activation_geometry"", ""cross_trajectory_stability"": ""pending_measurement"", ""regime_dependence"": ""pending_measurement"", ""causal_patch_effect"": ""pending_measurement"", ""specificity"": ""pending_measurement"", ""manifold_distance"": ""pending_measurement"", ""recommended_operator"": ""not_yet_justified""}","[{""path"": ""artifacts/geometry_map/reach_wall_v1/discovery-screen/discovery_screen.json"", ""item"": ""rows[160]""}]"
reach-wall/encoder/block-7/spatial-mean/action_dz,reach-wall,encoder,7,block_residual_output,mean_of_256_spatial_tokens,,action_dz,"{""metric"": ""r2"", ""score"": 0.02616450201921461, ""time_baseline"": 0.02788791500905774, ""delta_vs_time"": -0.0017234129898431316}",,,"{""participation_ratio"": 6.098359312949947, ""top10_variance_fraction"": 0.7219686471610663, ""adjacent_timestep_cosine_mean"": 0.9981499090080679}",,,,,,none_validated,"{""linear_score"": ""measured_discovery_only"", ""nonlinear_gain"": ""pending_measurement"", ""best_coordinate_frame"": ""pending_measurement"", ""geometry"": ""descriptive_activation_geometry"", ""cross_trajectory_stability"": ""pending_measurement"", ""regime_dependence"": ""pending_measurement"", ""causal_patch_effect"": ""pending_measurement"", ""specificity"": ""pending_measurement"", ""manifold_distance"": ""pending_measurement"", ""recommended_operator"": ""not_yet_justified""}","[{""path"": ""artifacts/geometry_map/reach_wall_v1/discovery-screen/discovery_screen.json"", ""item"": ""rows[161]""}]"
reach-wall/encoder/block-7/spatial-mean/cumulative_progress,reach-wall,encoder,7,block_residual_output,mean_of_256_spatial_tokens,,cumulative_progress,"{""metric"": ""r2"", ""score"": 0.9426418178146289, ""time_baseline"": 0.9222151817810877, ""delta_vs_time"": 0.020426636033541112}",,,"{""participation_ratio"": 6.098359312949947, ""top10_variance_fraction"": 0.7219686471610663, ""adjacent_timestep_cosine_mean"": 0.9981499090080679}",,,,,,none_validated,"{""linear_score"": ""measured_discovery_only"", ""nonlinear_gain"": ""pending_measurement"", ""best_coordinate_frame"": ""pending_measurement"", ""geometry"": ""descriptive_activation_geometry"", ""cross_trajectory_stability"": ""pending_measurement"", ""regime_dependence"": ""pending_measurement"", ""causal_patch_effect"": ""pending_measurement"", ""specificity"": ""pending_measurement"", ""manifold_distance"": ""pending_measurement"", ""recommended_operator"": ""not_yet_justified""}","[{""path"": ""artifacts/geometry_map/reach_wall_v1/discovery-screen/discovery_screen.json"", ""item"": ""rows[148]""}, {""path"": ""artifacts/geometry_map/reach_wall_v1/emergence-geometry/emergence_geometry.json"", ""item"": ""curves.encoder.progress.rows.layer=7""}]"
reach-wall/encoder/block-7/spatial-mean/expert_detour_gate,reach-wall,encoder,7,block_residual_output,mean_of_256_spatial_tokens,,expert_detour_gate,"{""metric"": ""auroc"", ""score"": 0.9985403158021133, ""time_baseline"": 0.978149765850144, ""delta_vs_time"": 0.020390549951969317}",,,"{""participation_ratio"": 6.098359312949947, ""top10_variance_fraction"": 0.7219686471610663, ""adjacent_timestep_cosine_mean"": 0.9981499090080679}",,,,,,none_validated,"{""linear_score"": ""measured_discovery_only"", ""nonlinear_gain"": ""pending_measurement"", ""best_coordinate_frame"": ""pending_measurement"", ""geometry"": ""descriptive_activation_geometry"", ""cross_trajectory_stability"": ""pending_measurement"", ""regime_dependence"": ""pending_measurement"", ""causal_patch_effect"": ""pending_measurement"", ""specificity"": ""pending_measurement"", ""manifold_distance"": ""pending_measurement"", ""recommended_operator"": ""not_yet_justified""}","[{""path"": ""artifacts/geometry_map/reach_wall_v1/discovery-screen/discovery_screen.json"", ""item"": ""rows[158]""}]"
reach-wall/encoder/block-7/spatial-mean/goal_distance,reach-wall,encoder,7,block_residual_output,mean_of_256_spatial_tokens,,goal_distance,"{""metric"": ""r2"", ""score"": 0.9302764943249732, ""time_baseline"": 0.908897827090231, ""delta_vs_time"": 0.021378667234742132}",,,"{""participation_ratio"": 6.098359312949947, ""top10_variance_fraction"": 0.7219686471610663, ""adjacent_timestep_cosine_mean"": 0.9981499090080679}",,,,,,none_validated,"{""linear_score"": ""measured_discovery_only"", ""nonlinear_gain"": ""pending_measurement"", ""best_coordinate_frame"": ""pending_measurement"", ""geometry"": ""descriptive_activation_geometry"", ""cross_trajectory_stability"": ""pending_measurement"", ""regime_dependence"": ""pending_measurement"", ""causal_patch_effect"": ""pending_measurement"", ""specificity"": ""pending_measurement"", ""manifold_distance"": ""pending_measurement"", ""recommended_operator"": ""not_yet_justified""}","[{""path"": ""artifacts/geometry_map/reach_wall_v1/discovery-screen/discovery_screen.json"", ""item"": ""rows[147]""}]"
reach-wall/encoder/block-7/spatial-mean/goal_vector_x,reach-wall,encoder,7,block_residual_output,mean_of_256_spatial_tokens,,goal_vector_x,"{""metric"": ""r2"", ""score"": 0.025466575184251328, ""time_baseline"": 0.08054582471970773, ""delta_vs_time"": -0.0550792495354564}",,,"{""participation_ratio"": 6.098359312949947, ""top10_variance_fraction"": 0.7219686471610663, ""adjacent_timestep_cosine_mean"": 0.9981499090080679}",,,,,,none_validated,"{""linear_score"": ""measured_discovery_only"", ""nonlinear_gain"": ""pending_measurement"", ""best_coordinate_frame"": ""pending_measurement"", ""geometry"": ""descriptive_activation_geometry"", ""cross_trajectory_stability"": ""pending_measurement"", ""regime_dependence"": ""pending_measurement"", ""causal_patch_effect"": ""pending_measurement"", ""specificity"": ""pending_measurement"", ""manifold_distance"": ""pending_measurement"", ""recommended_operator"": ""not_yet_justified""}","[{""path"": ""artifacts/geometry_map/reach_wall_v1/discovery-screen/discovery_screen.json"", ""item"": ""rows[152]""}]"
reach-wall/encoder/block-7/spatial-mean/goal_vector_y,reach-wall,encoder,7,block_residual_output,mean_of_256_spatial_tokens,,goal_vector_y,"{""metric"": ""r2"", ""score"": 0.9658679671092133, ""time_baseline"": 0.9568517433439947, ""delta_vs_time"": 0.0090162237652186}",,,"{""participation_ratio"": 6.098359312949947, ""top10_variance_fraction"": 0.7219686471610663, ""adjacent_timestep_cosine_mean"": 0.9981499090080679}",,,,,,none_validated,"{""linear_score"": ""measured_discovery_only"", ""nonlinear_gain"": ""pending_measurement"", ""best_coordinate_frame"": ""pending_measurement"", ""geometry"": ""descriptive_activation_geometry"", ""cross_trajectory_stability"": ""pending_measurement"", ""regime_dependence"": ""pending_measurement"", ""causal_patch_effect"": ""pending_measurement"", ""specificity"": ""pending_measurement"", ""manifold_distance"": ""pending_measurement"", ""recommended_operator"": ""not_yet_justified""}","[{""path"": ""artifacts/geometry_map/reach_wall_v1/discovery-screen/discovery_screen.json"", ""item"": ""rows[153]""}]"
reach-wall/encoder/block-7/spatial-mean/goal_vector_z,reach-wall,encoder,7,block_residual_output,mean_of_256_spatial_tokens,,goal_vector_z,"{""metric"": ""r2"", ""score"": 0.4188470574772717, ""time_baseline"": 0.044334510544640326, ""delta_vs_time"": 0.37451254693263136}",,,"{""participation_ratio"": 6.098359312949947, ""top10_variance_fraction"": 0.7219686471610663, ""adjacent_timestep_cosine_mean"": 0.9981499090080679}",,,,,,none_validated,"{""linear_score"": ""measured_discovery_only"", ""nonlinear_gain"": ""pending_measurement"", ""best_coordinate_frame"": ""pending_measurement"", ""geometry"": ""descriptive_activation_geometry"", ""cross_trajectory_stability"": ""pending_measurement"", ""regime_dependence"": ""pending_measurement"", ""causal_patch_effect"": ""pending_measurement"", ""specificity"": ""pending_measurement"", ""manifold_distance"": ""pending_measurement"", ""recommended_operator"": ""not_yet_justified""}","[{""path"": ""artifacts/geometry_map/reach_wall_v1/discovery-screen/discovery_screen.json"", ""item"": ""rows[154]""}]"
reach-wall/encoder/block-7/spatial-mean/goal_xz_direction,reach-wall,encoder,7,block_residual_output,mean_of_256_spatial_tokens,,goal_xz_direction,"{""metric"": ""r2"", ""score"": 0.27787267034495544, ""time_baseline"": null, ""delta_vs_time"": null}",,,,,,,,,none_validated,"{""linear_score"": ""measured_discovery_only"", ""nonlinear_gain"": ""pending_measurement"", ""best_coordinate_frame"": ""pending_measurement"", ""geometry"": ""pending_measurement"", ""cross_trajectory_stability"": ""pending_measurement"", ""regime_dependence"": ""pending_measurement"", ""causal_patch_effect"": ""pending_measurement"", ""specificity"": ""pending_measurement"", ""manifold_distance"": ""pending_measurement"", ""recommended_operator"": ""not_yet_justified""}","[{""path"": ""artifacts/geometry_map/reach_wall_v1/emergence-geometry/emergence_geometry.json"", ""item"": ""curves.encoder.goal_xz_direction.rows.layer=7""}]"
reach-wall/encoder/block-7/spatial-mean/hand_to_goal_segment_intersects_wall,reach-wall,encoder,7,block_residual_output,mean_of_256_spatial_tokens,,hand_to_goal_segment_intersects_wall,"{""metric"": ""auroc"", ""score"": 0.9881080278059093, ""time_baseline"": 0.9019247457737662, ""delta_vs_time"": 0.0861832820321431}",,,"{""participation_ratio"": 6.098359312949947, ""top10_variance_fraction"": 0.7219686471610663, ""adjacent_timestep_cosine_mean"": 0.9981499090080679}",,,,,,none_validated,"{""linear_score"": ""measured_discovery_only"", ""nonlinear_gain"": ""pending_measurement"", ""best_coordinate_frame"": ""pending_measurement"", ""geometry"": ""descriptive_activation_geometry"", ""cross_trajectory_stability"": ""pending_measurement"", ""regime_dependence"": ""pending_measurement"", ""causal_patch_effect"": ""pending_measurement"", ""specificity"": ""pending_measurement"", ""manifold_distance"": ""pending_measurement"", ""recommended_operator"": ""not_yet_justified""}","[{""path"": ""artifacts/geometry_map/reach_wall_v1/discovery-screen/discovery_screen.json"", ""item"": ""rows[157]""}]"
reach-wall/encoder/block-7/spatial-mean/hand_x,reach-wall,encoder,7,block_residual_output,mean_of_256_spatial_tokens,,hand_x,"{""metric"": ""r2"", ""score"": 0.7925174526326937, ""time_baseline"": 0.058067306134002794, ""delta_vs_time"": 0.7344501464986909}",,,"{""participation_ratio"": 6.098359312949947, ""top10_variance_fraction"": 0.7219686471610663, ""adjacent_timestep_cosine_mean"": 0.9981499090080679}",,,,,,none_validated,"{""linear_score"": ""measured_discovery_only"", ""nonlinear_gain"": ""pending_measurement"", ""best_coordinate_frame"": ""pending_measurement"", ""geometry"": ""descriptive_activation_geometry"", ""cross_trajectory_stability"": ""pending_measurement"", ""regime_dependence"": ""pending_measurement"", ""causal_patch_effect"": ""pending_measurement"", ""specificity"": ""pending_measurement"", ""manifold_distance"": ""pending_measurement"", ""recommended_operator"": ""not_yet_justified""}","[{""path"": ""artifacts/geometry_map/reach_wall_v1/discovery-screen/discovery_screen.json"", ""item"": ""rows[149]""}]"
reach-wall/encoder/block-7/spatial-mean/hand_y,reach-wall,encoder,7,block_residual_output,mean_of_256_spatial_tokens,,hand_y,"{""metric"": ""r2"", ""score"": 0.9894325703884421, ""time_baseline"": 0.9772521653309317, ""delta_vs_time"": 0.01218040505751039}",,,"{""participation_ratio"": 6.098359312949947, ""top10_variance_fraction"": 0.7219686471610663, ""adjacent_timestep_cosine_mean"": 0.9981499090080679}",,,,,,none_validated,"{""linear_score"": ""measured_discovery_only"", ""nonlinear_gain"": ""pending_measurement"", ""best_coordinate_frame"": ""pending_measurement"", ""geometry"": ""descriptive_activation_geometry"", ""cross_trajectory_stability"": ""pending_measurement"", ""regime_dependence"": ""pending_measurement"", ""causal_patch_effect"": ""pending_measurement"", ""specificity"": ""pending_measurement"", ""manifold_distance"": ""pending_measurement"", ""recommended_operator"": ""not_yet_justified""}","[{""path"": ""artifacts/geometry_map/reach_wall_v1/discovery-screen/discovery_screen.json"", ""item"": ""rows[150]""}]"
reach-wall/encoder/block-7/spatial-mean/hand_z,reach-wall,encoder,7,block_residual_output,mean_of_256_spatial_tokens,,hand_z,"{""metric"": ""r2"", ""score"": 0.9883415560834266, ""time_baseline"": 0.00804356141242546, ""delta_vs_time"": 0.9802979946710011}",,,"{""participation_ratio"": 6.098359312949947, ""top10_variance_fraction"": 0.7219686471610663, ""adjacent_timestep_cosine_mean"": 0.9981499090080679}",,,,,,none_validated,"{""linear_score"": ""measured_discovery_only"", ""nonlinear_gain"": ""pending_measurement"", ""best_coordinate_frame"": ""pending_measurement"", ""geometry"": ""descriptive_activation_geometry"", ""cross_trajectory_stability"": ""pending_measurement"", ""regime_dependence"": ""pending_measurement"", ""causal_patch_effect"": ""pending_measurement"", ""specificity"": ""pending_measurement"", ""manifold_distance"": ""pending_measurement"", ""recommended_operator"": ""not_yet_justified""}","[{""path"": ""artifacts/geometry_map/reach_wall_v1/discovery-screen/discovery_screen.json"", ""item"": ""rows[151]""}]"
reach-wall/encoder/block-7/spatial-mean/height_above_wall_top,reach-wall,encoder,7,block_residual_output,mean_of_256_spatial_tokens,,height_above_wall_top,"{""metric"": ""r2"", ""score"": 0.9883415553358974, ""time_baseline"": 0.008043558955029284, ""delta_vs_time"": 0.9802979963808681}",,,"{""participation_ratio"": 6.098359312949947, ""top10_variance_fraction"": 0.7219686471610663, ""adjacent_timestep_cosine_mean"": 0.9981499090080679}",,,,,,none_validated,"{""linear_score"": ""measured_discovery_only"", ""nonlinear_gain"": ""pending_measurement"", ""best_coordinate_frame"": ""pending_measurement"", ""geometry"": ""descriptive_activation_geometry"", ""cross_trajectory_stability"": ""pending_measurement"", ""regime_dependence"": ""pending_measurement"", ""causal_patch_effect"": ""pending_measurement"", ""specificity"": ""pending_measurement"", ""manifold_distance"": ""pending_measurement"", ""recommended_operator"": ""not_yet_justified""}","[{""path"": ""artifacts/geometry_map/reach_wall_v1/discovery-screen/discovery_screen.json"", ""item"": ""rows[156]""}]"
reach-wall/encoder/block-7/spatial-mean/realized_dx,reach-wall,encoder,7,block_residual_output,mean_of_256_spatial_tokens,,realized_dx,"{""metric"": ""r2"", ""score"": 0.0154510930217997, ""time_baseline"": 0.005340828654275098, ""delta_vs_time"": 0.010110264367524602}",,,"{""participation_ratio"": 6.098359312949947, ""top10_variance_fraction"": 0.7219686471610663, ""adjacent_timestep_cosine_mean"": 0.9981499090080679}",,,,,,none_validated,"{""linear_score"": ""measured_discovery_only"", ""nonlinear_gain"": ""pending_measurement"", ""best_coordinate_frame"": ""pending_measurement"", ""geometry"": ""descriptive_activation_geometry"", ""cross_trajectory_stability"": ""pending_measurement"", ""regime_dependence"": ""pending_measurement"", ""causal_patch_effect"": ""pending_measurement"", ""specificity"": ""pending_measurement"", ""manifold_distance"": ""pending_measurement"", ""recommended_operator"": ""not_yet_justified""}","[{""path"": ""artifacts/geometry_map/reach_wall_v1/discovery-screen/discovery_screen.json"", ""item"": ""rows[163]""}]"
reach-wall/encoder/block-7/spatial-mean/realized_dy,reach-wall,encoder,7,block_residual_output,mean_of_256_spatial_tokens,,realized_dy,"{""metric"": ""r2"", ""score"": 0.8554922688629026, ""time_baseline"": 0.7938417819030151, ""delta_vs_time"": 0.06165048695988751}",,,"{""participation_ratio"": 6.098359312949947, ""top10_variance_fraction"": 0.7219686471610663, ""adjacent_timestep_cosine_mean"": 0.9981499090080679}",,,,,,none_validated,"{""linear_score"": ""measured_discovery_only"", ""nonlinear_gain"": ""pending_measurement"", ""best_coordinate_frame"": ""pending_measurement"", ""geometry"": ""descriptive_activation_geometry"", ""cross_trajectory_stability"": ""pending_measurement"", ""regime_dependence"": ""pending_measurement"", ""causal_patch_effect"": ""pending_measurement"", ""specificity"": ""pending_measurement"", ""manifold_distance"": ""pending_measurement"", ""recommended_operator"": ""not_yet_justified""}","[{""path"": ""artifacts/geometry_map/reach_wall_v1/discovery-screen/discovery_screen.json"", ""item"": ""rows[164]""}]"
reach-wall/encoder/block-7/spatial-mean/realized_dz,reach-wall,encoder,7,block_residual_output,mean_of_256_spatial_tokens,,realized_dz,"{""metric"": ""r2"", ""score"": 0.1421628284313179, ""time_baseline"": 0.07117442644816807, ""delta_vs_time"": 0.07098840198314982}",,,"{""participation_ratio"": 6.098359312949947, ""top10_variance_fraction"": 0.7219686471610663, ""adjacent_timestep_cosine_mean"": 0.9981499090080679}",,,,,,none_validated,"{""linear_score"": ""measured_discovery_only"", ""nonlinear_gain"": ""pending_measurement"", ""best_coordinate_frame"": ""pending_measurement"", ""geometry"": ""descriptive_activation_geometry"", ""cross_trajectory_stability"": ""pending_measurement"", ""regime_dependence"": ""pending_measurement"", ""causal_patch_effect"": ""pending_measurement"", ""specificity"": ""pending_measurement"", ""manifold_distance"": ""pending_measurement"", ""recommended_operator"": ""not_yet_justified""}","[{""path"": ""artifacts/geometry_map/reach_wall_v1/discovery-screen/discovery_screen.json"", ""item"": ""rows[165]""}]"
reach-wall/encoder/block-7/spatial-mean/realized_hand_delta_magnitude,reach-wall,encoder,7,block_residual_output,mean_of_256_spatial_tokens,,realized_hand_delta_magnitude,"{""metric"": ""r2"", ""score"": 0.7141861432668719, ""time_baseline"": 0.6130267917023396, ""delta_vs_time"": 0.10115935156453226}",,,"{""participation_ratio"": 6.098359312949947, ""top10_variance_fraction"": 0.7219686471610663, ""adjacent_timestep_cosine_mean"": 0.9981499090080679}",,,,,,none_validated,"{""linear_score"": ""measured_discovery_only"", ""nonlinear_gain"": ""pending_measurement"", ""best_coordinate_frame"": ""pending_measurement"", ""geometry"": ""descriptive_activation_geometry"", ""cross_trajectory_stability"": ""pending_measurement"", ""regime_dependence"": ""pending_measurement"", ""causal_patch_effect"": ""pending_measurement"", ""specificity"": ""pending_measurement"", ""manifold_distance"": ""pending_measurement"", ""recommended_operator"": ""not_yet_justified""}","[{""path"": ""artifacts/geometry_map/reach_wall_v1/discovery-screen/discovery_screen.json"", ""item"": ""rows[166]""}, {""path"": ""artifacts/geometry_map/reach_wall_v1/emergence-geometry/emergence_geometry.json"", ""item"": ""curves.encoder.motion_magnitude.rows.layer=7""}]"
reach-wall/encoder/block-7/spatial-mean/realized_xz_direction,reach-wall,encoder,7,block_residual_output,mean_of_256_spatial_tokens,,realized_xz_direction,"{""metric"": ""r2"", ""score"": 0.02704262945489429, ""time_baseline"": null, ""delta_vs_time"": null}",,,,,,,,,none_validated,"{""linear_score"": ""measured_discovery_only"", ""nonlinear_gain"": ""pending_measurement"", ""best_coordinate_frame"": ""pending_measurement"", ""geometry"": ""pending_measurement"", ""cross_trajectory_stability"": ""pending_measurement"", ""regime_dependence"": ""pending_measurement"", ""causal_patch_effect"": ""pending_measurement"", ""specificity"": ""pending_measurement"", ""manifold_distance"": ""pending_measurement"", ""recommended_operator"": ""not_yet_justified""}","[{""path"": ""artifacts/geometry_map/reach_wall_v1/emergence-geometry/emergence_geometry.json"", ""item"": ""curves.encoder.realized_xz_direction.rows.layer=7""}]"
reach-wall/encoder/block-7/spatial-mean/reward_sum,reach-wall,encoder,7,block_residual_output,mean_of_256_spatial_tokens,,reward_sum,"{""metric"": ""r2"", ""score"": 0.9517173328824813, ""time_baseline"": 0.9142972039613033, ""delta_vs_time"": 0.037420128921177964}",,,"{""participation_ratio"": 6.098359312949947, ""top10_variance_fraction"": 0.7219686471610663, ""adjacent_timestep_cosine_mean"": 0.9981499090080679}",,,,,,none_validated,"{""linear_score"": ""measured_discovery_only"", ""nonlinear_gain"": ""pending_measurement"", ""best_coordinate_frame"": ""pending_measurement"", ""geometry"": ""descriptive_activation_geometry"", ""cross_trajectory_stability"": ""pending_measurement"", ""regime_dependence"": ""pending_measurement"", ""causal_patch_effect"": ""pending_measurement"", ""specificity"": ""pending_measurement"", ""manifold_distance"": ""pending_measurement"", ""recommended_operator"": ""not_yet_justified""}","[{""path"": ""artifacts/geometry_map/reach_wall_v1/discovery-screen/discovery_screen.json"", ""item"": ""rows[167]""}]"
reach-wall/encoder/block-7/spatial-mean/wall_signed_distance,reach-wall,encoder,7,block_residual_output,mean_of_256_spatial_tokens,,wall_signed_distance,"{""metric"": ""r2"", ""score"": 0.9614824353053211, ""time_baseline"": 0.14228076564542247, ""delta_vs_time"": 0.8192016696598986}",,,"{""participation_ratio"": 6.098359312949947, ""top10_variance_fraction"": 0.7219686471610663, ""adjacent_timestep_cosine_mean"": 0.9981499090080679}",,,,,,none_validated,"{""linear_score"": ""measured_discovery_only"", ""nonlinear_gain"": ""pending_measurement"", ""best_coordinate_frame"": ""pending_measurement"", ""geometry"": ""descriptive_activation_geometry"", ""cross_trajectory_stability"": ""pending_measurement"", ""regime_dependence"": ""pending_measurement"", ""causal_patch_effect"": ""pending_measurement"", ""specificity"": ""pending_measurement"", ""manifold_distance"": ""pending_measurement"", ""recommended_operator"": ""not_yet_justified""}","[{""path"": ""artifacts/geometry_map/reach_wall_v1/discovery-screen/discovery_screen.json"", ""item"": ""rows[155]""}, {""path"": ""artifacts/geometry_map/reach_wall_v1/emergence-geometry/emergence_geometry.json"", ""item"": ""curves.encoder.wall_signed_distance.rows.layer=7""}]"
reach-wall/encoder/block-8/spatial-mean/action_chunk_frobenius_magnitude,reach-wall,encoder,8,block_residual_output,mean_of_256_spatial_tokens,,action_chunk_frobenius_magnitude,"{""metric"": ""r2"", ""score"": 0.49499079341009744, ""time_baseline"": 0.4725658231754639, ""delta_vs_time"": 0.022424970234633523}","{""knn_score"": 0.48917155949856306, ""linear_score"": 0.49499079341009744, ""nonlinear_gain"": -0.005819233911534383}",,"{""participation_ratio"": 6.38294246358392, ""top10_variance_fraction"": 0.7215729863808529, ""adjacent_timestep_cosine_mean"": 0.9982742650706785}",,,,,,none_validated,"{""linear_score"": ""measured_discovery_only"", ""nonlinear_gain"": ""measured_discovery_only"", ""best_coordinate_frame"": ""pending_measurement"", ""geometry"": ""descriptive_activation_geometry"", ""cross_trajectory_stability"": ""pending_measurement"", ""regime_dependence"": ""pending_measurement"", ""causal_patch_effect"": ""pending_measurement"", ""specificity"": ""pending_measurement"", ""manifold_distance"": ""pending_measurement"", ""recommended_operator"": ""not_yet_justified""}","[{""path"": ""artifacts/geometry_map/reach_wall_v1/discovery-screen/discovery_screen.json"", ""item"": ""rows[183]""}, {""path"": ""artifacts/geometry_map/reach_wall_v1/cached-geometry-v2/nonlinear_screen.json"", ""item"": ""rows[57]""}, {""path"": ""artifacts/geometry_map/reach_wall_v1/spatial-screen/spatial_screen.json"", ""item"": ""maps.encoder.block8.action_translation_magnitude""}]"
reach-wall/encoder/block-8/spatial-mean/action_dx,reach-wall,encoder,8,block_residual_output,mean_of_256_spatial_tokens,,action_dx,"{""metric"": ""r2"", ""score"": -0.023701490480319443, ""time_baseline"": 0.0033910809446688894, ""delta_vs_time"": -0.027092571424988332}","{""knn_score"": 0.007781112571337401, ""linear_score"": -0.023701490480319443, ""nonlinear_gain"": 0.03148260305165684}",,"{""participation_ratio"": 6.38294246358392, ""top10_variance_fraction"": 0.7215729863808529, ""adjacent_timestep_cosine_mean"": 0.9982742650706785}",,,,,,none_validated,"{""linear_score"": ""measured_discovery_only"", ""nonlinear_gain"": ""measured_discovery_only"", ""best_coordinate_frame"": ""pending_measurement"", ""geometry"": ""descriptive_activation_geometry"", ""cross_trajectory_stability"": ""pending_measurement"", ""regime_dependence"": ""pending_measurement"", ""causal_patch_effect"": ""pending_measurement"", ""specificity"": ""pending_measurement"", ""manifold_distance"": ""pending_measurement"", ""recommended_operator"": ""not_yet_justified""}","[{""path"": ""artifacts/geometry_map/reach_wall_v1/discovery-screen/discovery_screen.json"", ""item"": ""rows[180]""}, {""path"": ""artifacts/geometry_map/reach_wall_v1/cached-geometry-v2/nonlinear_screen.json"", ""item"": ""rows[54]""}, {""path"": ""artifacts/geometry_map/reach_wall_v1/spatial-screen/spatial_screen.json"", ""item"": ""maps.encoder.block8.action_dx""}]"
reach-wall/encoder/block-8/spatial-mean/action_dy,reach-wall,encoder,8,block_residual_output,mean_of_256_spatial_tokens,,action_dy,"{""metric"": ""r2"", ""score"": 0.6161658794095116, ""time_baseline"": 0.6287213192564175, ""delta_vs_time"": -0.01255543984690588}","{""knn_score"": 0.6251547243111958, ""linear_score"": 0.6161658794095116, ""nonlinear_gain"": 0.008988844901684168}",,"{""participation_ratio"": 6.38294246358392, ""top10_variance_fraction"": 0.7215729863808529, ""adjacent_timestep_cosine_mean"": 0.9982742650706785}",,,,,,none_validated,"{""linear_score"": ""measured_discovery_only"", ""nonlinear_gain"": ""measured_discovery_only"", ""best_coordinate_frame"": ""pending_measurement"", ""geometry"": ""descriptive_activation_geometry"", ""cross_trajectory_stability"": ""pending_measurement"", ""regime_dependence"": ""pending_measurement"", ""causal_patch_effect"": ""pending_measurement"", ""specificity"": ""pending_measurement"", ""manifold_distance"": ""pending_measurement"", ""recommended_operator"": ""not_yet_justified""}","[{""path"": ""artifacts/geometry_map/reach_wall_v1/discovery-screen/discovery_screen.json"", ""item"": ""rows[181]""}, {""path"": ""artifacts/geometry_map/reach_wall_v1/cached-geometry-v2/nonlinear_screen.json"", ""item"": ""rows[55]""}, {""path"": ""artifacts/geometry_map/reach_wall_v1/spatial-screen/spatial_screen.json"", ""item"": ""maps.encoder.block8.action_dy""}]"
reach-wall/encoder/block-8/spatial-mean/action_dz,reach-wall,encoder,8,block_residual_output,mean_of_256_spatial_tokens,,action_dz,"{""metric"": ""r2"", ""score"": 0.024973809200894204, ""time_baseline"": 0.02788791500905774, ""delta_vs_time"": -0.0029141058081635363}","{""knn_score"": 0.08039498107903953, ""linear_score"": 0.024973809200894204, ""nonlinear_gain"": 0.055421171878145326}",,"{""participation_ratio"": 6.38294246358392, ""top10_variance_fraction"": 0.7215729863808529, ""adjacent_timestep_cosine_mean"": 0.9982742650706785}",,,,,,none_validated,"{""linear_score"": ""measured_discovery_only"", ""nonlinear_gain"": ""measured_discovery_only"", ""best_coordinate_frame"": ""pending_measurement"", ""geometry"": ""descriptive_activation_geometry"", ""cross_trajectory_stability"": ""pending_measurement"", ""regime_dependence"": ""pending_measurement"", ""causal_patch_effect"": ""pending_measurement"", ""specificity"": ""pending_measurement"", ""manifold_distance"": ""pending_measurement"", ""recommended_operator"": ""not_yet_justified""}","[{""path"": ""artifacts/geometry_map/reach_wall_v1/discovery-screen/discovery_screen.json"", ""item"": ""rows[182]""}, {""path"": ""artifacts/geometry_map/reach_wall_v1/cached-geometry-v2/nonlinear_screen.json"", ""item"": ""rows[56]""}, {""path"": ""artifacts/geometry_map/reach_wall_v1/spatial-screen/spatial_screen.json"", ""item"": ""maps.encoder.block8.action_dz""}]"
reach-wall/encoder/block-8/spatial-mean/cumulative_progress,reach-wall,encoder,8,block_residual_output,mean_of_256_spatial_tokens,,cumulative_progress,"{""metric"": ""r2"", ""score"": 0.941886622671271, ""time_baseline"": 0.9222151817810877, ""delta_vs_time"": 0.019671440890183245}","{""knn_score"": 0.8941650851737217, ""linear_score"": 0.941886622671271, ""nonlinear_gain"": -0.04772153749754926}",,"{""participation_ratio"": 6.38294246358392, ""top10_variance_fraction"": 0.7215729863808529, ""adjacent_timestep_cosine_mean"": 0.9982742650706785}",,,,,,none_validated,"{""linear_score"": ""measured_discovery_only"", ""nonlinear_gain"": ""measured_discovery_only"", ""best_coordinate_frame"": ""pending_measurement"", ""geometry"": ""descriptive_activation_geometry"", ""cross_trajectory_stability"": ""pending_measurement"", ""regime_dependence"": ""pending_measurement"", ""causal_patch_effect"": ""pending_measurement"", ""specificity"": ""pending_measurement"", ""manifold_distance"": ""pending_measurement"", ""recommended_operator"": ""not_yet_justified""}","[{""path"": ""artifacts/geometry_map/reach_wall_v1/discovery-screen/discovery_screen.json"", ""item"": ""rows[169]""}, {""path"": ""artifacts/geometry_map/reach_wall_v1/emergence-geometry/emergence_geometry.json"", ""item"": ""curves.encoder.progress.rows.layer=8""}, {""path"": ""artifacts/geometry_map/reach_wall_v1/cached-geometry-v2/nonlinear_screen.json"", ""item"": ""rows[43]""}, {""path"": ""artifacts/geometry_map/reach_wall_v1/spatial-screen/spatial_screen.json"", ""item"": ""maps.encoder.block8.progress""}]"
reach-wall/encoder/block-8/spatial-mean/expert_detour_gate,reach-wall,encoder,8,block_residual_output,mean_of_256_spatial_tokens,,expert_detour_gate,"{""metric"": ""auroc"", ""score"": 0.9985941002241434, ""time_baseline"": 0.978149765850144, ""delta_vs_time"": 0.020444334373999395}","{""knn_score"": 0.9974471161543388, ""linear_score"": 0.9985941002241434, ""nonlinear_gain"": -0.001146984069804624}",,"{""participation_ratio"": 6.38294246358392, ""top10_variance_fraction"": 0.7215729863808529, ""adjacent_timestep_cosine_mean"": 0.9982742650706785}",,,,,,none_validated,"{""linear_score"": ""measured_discovery_only"", ""nonlinear_gain"": ""measured_discovery_only"", ""best_coordinate_frame"": ""pending_measurement"", ""geometry"": ""descriptive_activation_geometry"", ""cross_trajectory_stability"": ""pending_measurement"", ""regime_dependence"": ""pending_measurement"", ""causal_patch_effect"": ""pending_measurement"", ""specificity"": ""pending_measurement"", ""manifold_distance"": ""pending_measurement"", ""recommended_operator"": ""not_yet_justified""}","[{""path"": ""artifacts/geometry_map/reach_wall_v1/discovery-screen/discovery_screen.json"", ""item"": ""rows[179]""}, {""path"": ""artifacts/geometry_map/reach_wall_v1/cached-geometry-v2/nonlinear_screen.json"", ""item"": ""rows[53]""}, {""path"": ""artifacts/geometry_map/reach_wall_v1/spatial-screen/spatial_screen.json"", ""item"": ""maps.encoder.block8.expert_detour_gate""}]"
reach-wall/encoder/block-8/spatial-mean/goal_distance,reach-wall,encoder,8,block_residual_output,mean_of_256_spatial_tokens,,goal_distance,"{""metric"": ""r2"", ""score"": 0.9309787684685733, ""time_baseline"": 0.908897827090231, ""delta_vs_time"": 0.022080941378342267}","{""knn_score"": 0.8812050889494267, ""linear_score"": 0.9309787684685733, ""nonlinear_gain"": -0.049773679519146574}",,"{""participation_ratio"": 6.38294246358392, ""top10_variance_fraction"": 0.7215729863808529, ""adjacent_timestep_cosine_mean"": 0.9982742650706785}",,,,,,none_validated,"{""linear_score"": ""measured_discovery_only"", ""nonlinear_gain"": ""measured_discovery_only"", ""best_coordinate_frame"": ""pending_measurement"", ""geometry"": ""descriptive_activation_geometry"", ""cross_trajectory_stability"": ""pending_measurement"", ""regime_dependence"": ""pending_measurement"", ""causal_patch_effect"": ""pending_measurement"", ""specificity"": ""pending_measurement"", ""manifold_distance"": ""pending_measurement"", ""recommended_operator"": ""not_yet_justified""}","[{""path"": ""artifacts/geometry_map/reach_wall_v1/discovery-screen/discovery_screen.json"", ""item"": ""rows[168]""}, {""path"": ""artifacts/geometry_map/reach_wall_v1/cached-geometry-v2/nonlinear_screen.json"", ""item"": ""rows[42]""}, {""path"": ""artifacts/geometry_map/reach_wall_v1/spatial-screen/spatial_screen.json"", ""item"": ""maps.encoder.block8.goal_distance""}]"
reach-wall/encoder/block-8/spatial-mean/goal_vector_x,reach-wall,encoder,8,block_residual_output,mean_of_256_spatial_tokens,,goal_vector_x,"{""metric"": ""r2"", ""score"": 0.06621677732721154, ""time_baseline"": 0.08054582471970773, ""delta_vs_time"": -0.014329047392496186}","{""knn_score"": 0.11133049624080715, ""linear_score"": 0.06621677732721154, ""nonlinear_gain"": 0.04511371891359561}",,"{""participation_ratio"": 6.38294246358392, ""top10_variance_fraction"": 0.7215729863808529, ""adjacent_timestep_cosine_mean"": 0.9982742650706785}",,,,,,none_validated,"{""linear_score"": ""measured_discovery_only"", ""nonlinear_gain"": ""measured_discovery_only"", ""best_coordinate_frame"": ""pending_measurement"", ""geometry"": ""descriptive_activation_geometry"", ""cross_trajectory_stability"": ""pending_measurement"", ""regime_dependence"": ""pending_measurement"", ""causal_patch_effect"": ""pending_measurement"", ""specificity"": ""pending_measurement"", ""manifold_distance"": ""pending_measurement"", ""recommended_operator"": ""not_yet_justified""}","[{""path"": ""artifacts/geometry_map/reach_wall_v1/discovery-screen/discovery_screen.json"", ""item"": ""rows[173]""}, {""path"": ""artifacts/geometry_map/reach_wall_v1/cached-geometry-v2/nonlinear_screen.json"", ""item"": ""rows[47]""}, {""path"": ""artifacts/geometry_map/reach_wall_v1/spatial-screen/spatial_screen.json"", ""item"": ""maps.encoder.block8.goal_vector_x""}]"
reach-wall/encoder/block-8/spatial-mean/goal_vector_y,reach-wall,encoder,8,block_residual_output,mean_of_256_spatial_tokens,,goal_vector_y,"{""metric"": ""r2"", ""score"": 0.9601213864011354, ""time_baseline"": 0.9568517433439947, ""delta_vs_time"": 0.0032696430571407253}","{""knn_score"": 0.9123757363292013, ""linear_score"": 0.9601213864011354, ""nonlinear_gain"": -0.0477456500719341}",,"{""participation_ratio"": 6.38294246358392, ""top10_variance_fraction"": 0.7215729863808529, ""adjacent_timestep_cosine_mean"": 0.9982742650706785}",,,,,,none_validated,"{""linear_score"": ""measured_discovery_only"", ""nonlinear_gain"": ""measured_discovery_only"", ""best_coordinate_frame"": ""pending_measurement"", ""geometry"": ""descriptive_activation_geometry"", ""cross_trajectory_stability"": ""pending_measurement"", ""regime_dependence"": ""pending_measurement"", ""causal_patch_effect"": ""pending_measurement"", ""specificity"": ""pending_measurement"", ""manifold_distance"": ""pending_measurement"", ""recommended_operator"": ""not_yet_justified""}","[{""path"": ""artifacts/geometry_map/reach_wall_v1/discovery-screen/discovery_screen.json"", ""item"": ""rows[174]""}, {""path"": ""artifacts/geometry_map/reach_wall_v1/cached-geometry-v2/nonlinear_screen.json"", ""item"": ""rows[48]""}, {""path"": ""artifacts/geometry_map/reach_wall_v1/spatial-screen/spatial_screen.json"", ""item"": ""maps.encoder.block8.goal_vector_y""}]"
reach-wall/encoder/block-8/spatial-mean/goal_vector_z,reach-wall,encoder,8,block_residual_output,mean_of_256_spatial_tokens,,goal_vector_z,"{""metric"": ""r2"", ""score"": 0.40051892711441983, ""time_baseline"": 0.044334510544640326, ""delta_vs_time"": 0.3561844165697795}","{""knn_score"": 0.3802787740938687, ""linear_score"": 0.40051892711441983, ""nonlinear_gain"": -0.020240153020551155}",,"{""participation_ratio"": 6.38294246358392, ""top10_variance_fraction"": 0.7215729863808529, ""adjacent_timestep_cosine_mean"": 0.9982742650706785}",,,,,,none_validated,"{""linear_score"": ""measured_discovery_only"", ""nonlinear_gain"": ""measured_discovery_only"", ""best_coordinate_frame"": ""pending_measurement"", ""geometry"": ""descriptive_activation_geometry"", ""cross_trajectory_stability"": ""pending_measurement"", ""regime_dependence"": ""pending_measurement"", ""causal_patch_effect"": ""pending_measurement"", ""specificity"": ""pending_measurement"", ""manifold_distance"": ""pending_measurement"", ""recommended_operator"": ""not_yet_justified""}","[{""path"": ""artifacts/geometry_map/reach_wall_v1/discovery-screen/discovery_screen.json"", ""item"": ""rows[175]""}, {""path"": ""artifacts/geometry_map/reach_wall_v1/cached-geometry-v2/nonlinear_screen.json"", ""item"": ""rows[49]""}, {""path"": ""artifacts/geometry_map/reach_wall_v1/spatial-screen/spatial_screen.json"", ""item"": ""maps.encoder.block8.goal_vector_z""}]"
reach-wall/encoder/block-8/spatial-mean/goal_xz_direction,reach-wall,encoder,8,block_residual_output,mean_of_256_spatial_tokens,,goal_xz_direction,"{""metric"": ""r2"", ""score"": 0.2768542073393839, ""time_baseline"": null, ""delta_vs_time"": null}",,,,,,,,,none_validated,"{""linear_score"": ""measured_discovery_only"", ""nonlinear_gain"": ""pending_measurement"", ""best_coordinate_frame"": ""pending_measurement"", ""geometry"": ""pending_measurement"", ""cross_trajectory_stability"": ""pending_measurement"", ""regime_dependence"": ""pending_measurement"", ""causal_patch_effect"": ""pending_measurement"", ""specificity"": ""pending_measurement"", ""manifold_distance"": ""pending_measurement"", ""recommended_operator"": ""not_yet_justified""}","[{""path"": ""artifacts/geometry_map/reach_wall_v1/emergence-geometry/emergence_geometry.json"", ""item"": ""curves.encoder.goal_xz_direction.rows.layer=8""}]"
reach-wall/encoder/block-8/spatial-mean/hand_to_goal_segment_intersects_wall,reach-wall,encoder,8,block_residual_output,mean_of_256_spatial_tokens,,hand_to_goal_segment_intersects_wall,"{""metric"": ""auroc"", ""score"": 0.9890954020968569, ""time_baseline"": 0.9019247457737662, ""delta_vs_time"": 0.08717065632309062}","{""knn_score"": 0.9784263246667838, ""linear_score"": 0.9890954020968569, ""nonlinear_gain"": -0.01066907743007306}",,"{""participation_ratio"": 6.38294246358392, ""top10_variance_fraction"": 0.7215729863808529, ""adjacent_timestep_cosine_mean"": 0.9982742650706785}",,,,,,none_validated,"{""linear_score"": ""measured_discovery_only"", ""nonlinear_gain"": ""measured_discovery_only"", ""best_coordinate_frame"": ""pending_measurement"", ""geometry"": ""descriptive_activation_geometry"", ""cross_trajectory_stability"": ""pending_measurement"", ""regime_dependence"": ""pending_measurement"", ""causal_patch_effect"": ""pending_measurement"", ""specificity"": ""pending_measurement"", ""manifold_distance"": ""pending_measurement"", ""recommended_operator"": ""not_yet_justified""}","[{""path"": ""artifacts/geometry_map/reach_wall_v1/discovery-screen/discovery_screen.json"", ""item"": ""rows[178]""}, {""path"": ""artifacts/geometry_map/reach_wall_v1/cached-geometry-v2/nonlinear_screen.json"", ""item"": ""rows[52]""}, {""path"": ""artifacts/geometry_map/reach_wall_v1/spatial-screen/spatial_screen.json"", ""item"": ""maps.encoder.block8.straight_path_intersects_wall""}]"
reach-wall/encoder/block-8/spatial-mean/hand_x,reach-wall,encoder,8,block_residual_output,mean_of_256_spatial_tokens,,hand_x,"{""metric"": ""r2"", ""score"": 0.782841080069665, ""time_baseline"": 0.058067306134002794, ""delta_vs_time"": 0.7247737739356622}","{""knn_score"": 0.5434307273689896, ""linear_score"": 0.782841080069665, ""nonlinear_gain"": -0.23941035270067546}",,"{""participation_ratio"": 6.38294246358392, ""top10_variance_fraction"": 0.7215729863808529, ""adjacent_timestep_cosine_mean"": 0.9982742650706785}",,,,,,none_validated,"{""linear_score"": ""measured_discovery_only"", ""nonlinear_gain"": ""measured_discovery_only"", ""best_coordinate_frame"": ""pending_measurement"", ""geometry"": ""descriptive_activation_geometry"", ""cross_trajectory_stability"": ""pending_measurement"", ""regime_dependence"": ""pending_measurement"", ""causal_patch_effect"": ""pending_measurement"", ""specificity"": ""pending_measurement"", ""manifold_distance"": ""pending_measurement"", ""recommended_operator"": ""not_yet_justified""}","[{""path"": ""artifacts/geometry_map/reach_wall_v1/discovery-screen/discovery_screen.json"", ""item"": ""rows[170]""}, {""path"": ""artifacts/geometry_map/reach_wall_v1/cached-geometry-v2/nonlinear_screen.json"", ""item"": ""rows[44]""}, {""path"": ""artifacts/geometry_map/reach_wall_v1/spatial-screen/spatial_screen.json"", ""item"": ""maps.encoder.block8.hand_x""}]"
reach-wall/encoder/block-8/spatial-mean/hand_y,reach-wall,encoder,8,block_residual_output,mean_of_256_spatial_tokens,,hand_y,"{""metric"": ""r2"", ""score"": 0.9895127421458311, ""time_baseline"": 0.9772521653309317, ""delta_vs_time"": 0.012260576814899338}","{""knn_score"": 0.9374094314178553, ""linear_score"": 0.9895127421458311, ""nonlinear_gain"": -0.052103310727975805}",,"{""participation_ratio"": 6.38294246358392, ""top10_variance_fraction"": 0.7215729863808529, ""adjacent_timestep_cosine_mean"": 0.9982742650706785}",,,,,,none_validated,"{""linear_score"": ""measured_discovery_only"", ""nonlinear_gain"": ""measured_discovery_only"", ""best_coordinate_frame"": ""pending_measurement"", ""geometry"": ""descriptive_activation_geometry"", ""cross_trajectory_stability"": ""pending_measurement"", ""regime_dependence"": ""pending_measurement"", ""causal_patch_effect"": ""pending_measurement"", ""specificity"": ""pending_measurement"", ""manifold_distance"": ""pending_measurement"", ""recommended_operator"": ""not_yet_justified""}","[{""path"": ""artifacts/geometry_map/reach_wall_v1/discovery-screen/discovery_screen.json"", ""item"": ""rows[171]""}, {""path"": ""artifacts/geometry_map/reach_wall_v1/cached-geometry-v2/nonlinear_screen.json"", ""item"": ""rows[45]""}, {""path"": ""artifacts/geometry_map/reach_wall_v1/spatial-screen/spatial_screen.json"", ""item"": ""maps.encoder.block8.hand_y""}]"
reach-wall/encoder/block-8/spatial-mean/hand_z,reach-wall,encoder,8,block_residual_output,mean_of_256_spatial_tokens,,hand_z,"{""metric"": ""r2"", ""score"": 0.9881293073639633, ""time_baseline"": 0.00804356141242546, ""delta_vs_time"": 0.9800857459515379}","{""knn_score"": 0.8435002664525983, ""linear_score"": 0.9881293073639633, ""nonlinear_gain"": -0.14462904091136497}",,"{""participation_ratio"": 6.38294246358392, ""top10_variance_fraction"": 0.7215729863808529, ""adjacent_timestep_cosine_mean"": 0.9982742650706785}",,,,,,none_validated,"{""linear_score"": ""measured_discovery_only"", ""nonlinear_gain"": ""measured_discovery_only"", ""best_coordinate_frame"": ""pending_measurement"", ""geometry"": ""descriptive_activation_geometry"", ""cross_trajectory_stability"": ""pending_measurement"", ""regime_dependence"": ""pending_measurement"", ""causal_patch_effect"": ""pending_measurement"", ""specificity"": ""pending_measurement"", ""manifold_distance"": ""pending_measurement"", ""recommended_operator"": ""not_yet_justified""}","[{""path"": ""artifacts/geometry_map/reach_wall_v1/discovery-screen/discovery_screen.json"", ""item"": ""rows[172]""}, {""path"": ""artifacts/geometry_map/reach_wall_v1/cached-geometry-v2/nonlinear_screen.json"", ""item"": ""rows[46]""}, {""path"": ""artifacts/geometry_map/reach_wall_v1/spatial-screen/spatial_screen.json"", ""item"": ""maps.encoder.block8.hand_z""}]"
reach-wall/encoder/block-8/spatial-mean/height_above_wall_top,reach-wall,encoder,8,block_residual_output,mean_of_256_spatial_tokens,,height_above_wall_top,"{""metric"": ""r2"", ""score"": 0.9881293067871991, ""time_baseline"": 0.008043558955029284, ""delta_vs_time"": 0.9800857478321698}","{""knn_score"": 0.8435002635155237, ""linear_score"": 0.9881293067871991, ""nonlinear_gain"": -0.14462904327167547}",,"{""participation_ratio"": 6.38294246358392, ""top10_variance_fraction"": 0.7215729863808529, ""adjacent_timestep_cosine_mean"": 0.9982742650706785}",,,,,,none_validated,"{""linear_score"": ""measured_discovery_only"", ""nonlinear_gain"": ""measured_discovery_only"", ""best_coordinate_frame"": ""pending_measurement"", ""geometry"": ""descriptive_activation_geometry"", ""cross_trajectory_stability"": ""pending_measurement"", ""regime_dependence"": ""pending_measurement"", ""causal_patch_effect"": ""pending_measurement"", ""specificity"": ""pending_measurement"", ""manifold_distance"": ""pending_measurement"", ""recommended_operator"": ""not_yet_justified""}","[{""path"": ""artifacts/geometry_map/reach_wall_v1/discovery-screen/discovery_screen.json"", ""item"": ""rows[177]""}, {""path"": ""artifacts/geometry_map/reach_wall_v1/cached-geometry-v2/nonlinear_screen.json"", ""item"": ""rows[51]""}, {""path"": ""artifacts/geometry_map/reach_wall_v1/spatial-screen/spatial_screen.json"", ""item"": ""maps.encoder.block8.height_above_wall_top""}]"
reach-wall/encoder/block-8/spatial-mean/realized_dx,reach-wall,encoder,8,block_residual_output,mean_of_256_spatial_tokens,,realized_dx,"{""metric"": ""r2"", ""score"": -0.0028004493864526303, ""time_baseline"": 0.005340828654275098, ""delta_vs_time"": -0.008141278040727729}","{""knn_score"": 0.030625407003165184, ""linear_score"": -0.0028004493864526303, ""nonlinear_gain"": 0.033425856389617814}",,"{""participation_ratio"": 6.38294246358392, ""top10_variance_fraction"": 0.7215729863808529, ""adjacent_timestep_cosine_mean"": 0.9982742650706785}",,,,,,none_validated,"{""linear_score"": ""measured_discovery_only"", ""nonlinear_gain"": ""measured_discovery_only"", ""best_coordinate_frame"": ""pending_measurement"", ""geometry"": ""descriptive_activation_geometry"", ""cross_trajectory_stability"": ""pending_measurement"", ""regime_dependence"": ""pending_measurement"", ""causal_patch_effect"": ""pending_measurement"", ""specificity"": ""pending_measurement"", ""manifold_distance"": ""pending_measurement"", ""recommended_operator"": ""not_yet_justified""}","[{""path"": ""artifacts/geometry_map/reach_wall_v1/discovery-screen/discovery_screen.json"", ""item"": ""rows[184]""}, {""path"": ""artifacts/geometry_map/reach_wall_v1/cached-geometry-v2/nonlinear_screen.json"", ""item"": ""rows[58]""}, {""path"": ""artifacts/geometry_map/reach_wall_v1/spatial-screen/spatial_screen.json"", ""item"": ""maps.encoder.block8.realized_dx""}]"
reach-wall/encoder/block-8/spatial-mean/realized_dy,reach-wall,encoder,8,block_residual_output,mean_of_256_spatial_tokens,,realized_dy,"{""metric"": ""r2"", ""score"": 0.8549219971665327, ""time_baseline"": 0.7938417819030151, ""delta_vs_time"": 0.06108021526351759}","{""knn_score"": 0.8267963310592067, ""linear_score"": 0.8549219971665327, ""nonlinear_gain"": -0.02812566610732603}",,"{""participation_ratio"": 6.38294246358392, ""top10_variance_fraction"": 0.7215729863808529, ""adjacent_timestep_cosine_mean"": 0.9982742650706785}",,,,,,none_validated,"{""linear_score"": ""measured_discovery_only"", ""nonlinear_gain"": ""measured_discovery_only"", ""best_coordinate_frame"": ""pending_measurement"", ""geometry"": ""descriptive_activation_geometry"", ""cross_trajectory_stability"": ""pending_measurement"", ""regime_dependence"": ""pending_measurement"", ""causal_patch_effect"": ""pending_measurement"", ""specificity"": ""pending_measurement"", ""manifold_distance"": ""pending_measurement"", ""recommended_operator"": ""not_yet_justified""}","[{""path"": ""artifacts/geometry_map/reach_wall_v1/discovery-screen/discovery_screen.json"", ""item"": ""rows[185]""}, {""path"": ""artifacts/geometry_map/reach_wall_v1/cached-geometry-v2/nonlinear_screen.json"", ""item"": ""rows[59]""}, {""path"": ""artifacts/geometry_map/reach_wall_v1/spatial-screen/spatial_screen.json"", ""item"": ""maps.encoder.block8.realized_dy""}]"
reach-wall/encoder/block-8/spatial-mean/realized_dz,reach-wall,encoder,8,block_residual_output,mean_of_256_spatial_tokens,,realized_dz,"{""metric"": ""r2"", ""score"": 0.11378803959297146, ""time_baseline"": 0.07117442644816807, ""delta_vs_time"": 0.042613613144803386}","{""knn_score"": 0.16879676338159522, ""linear_score"": 0.11378803959297146, ""nonlinear_gain"": 0.05500872378862376}",,"{""participation_ratio"": 6.38294246358392, ""top10_variance_fraction"": 0.7215729863808529, ""adjacent_timestep_cosine_mean"": 0.9982742650706785}",,,,,,none_validated,"{""linear_score"": ""measured_discovery_only"", ""nonlinear_gain"": ""measured_discovery_only"", ""best_coordinate_frame"": ""pending_measurement"", ""geometry"": ""descriptive_activation_geometry"", ""cross_trajectory_stability"": ""pending_measurement"", ""regime_dependence"": ""pending_measurement"", ""causal_patch_effect"": ""pending_measurement"", ""specificity"": ""pending_measurement"", ""manifold_distance"": ""pending_measurement"", ""recommended_operator"": ""not_yet_justified""}","[{""path"": ""artifacts/geometry_map/reach_wall_v1/discovery-screen/discovery_screen.json"", ""item"": ""rows[186]""}, {""path"": ""artifacts/geometry_map/reach_wall_v1/cached-geometry-v2/nonlinear_screen.json"", ""item"": ""rows[60]""}, {""path"": ""artifacts/geometry_map/reach_wall_v1/spatial-screen/spatial_screen.json"", ""item"": ""maps.encoder.block8.realized_dz""}]"
reach-wall/encoder/block-8/spatial-mean/realized_hand_delta_magnitude,reach-wall,encoder,8,block_residual_output,mean_of_256_spatial_tokens,,realized_hand_delta_magnitude,"{""metric"": ""r2"", ""score"": 0.7097630281842967, ""time_baseline"": 0.6130267917023396, ""delta_vs_time"": 0.09673623648195706}","{""knn_score"": 0.7038225549965864, ""linear_score"": 0.7097630281842967, ""nonlinear_gain"": -0.005940473187710293}",,"{""participation_ratio"": 6.38294246358392, ""top10_variance_fraction"": 0.7215729863808529, ""adjacent_timestep_cosine_mean"": 0.9982742650706785}",,,,,,none_validated,"{""linear_score"": ""measured_discovery_only"", ""nonlinear_gain"": ""measured_discovery_only"", ""best_coordinate_frame"": ""pending_measurement"", ""geometry"": ""descriptive_activation_geometry"", ""cross_trajectory_stability"": ""pending_measurement"", ""regime_dependence"": ""pending_measurement"", ""causal_patch_effect"": ""pending_measurement"", ""specificity"": ""pending_measurement"", ""manifold_distance"": ""pending_measurement"", ""recommended_operator"": ""not_yet_justified""}","[{""path"": ""artifacts/geometry_map/reach_wall_v1/discovery-screen/discovery_screen.json"", ""item"": ""rows[187]""}, {""path"": ""artifacts/geometry_map/reach_wall_v1/emergence-geometry/emergence_geometry.json"", ""item"": ""curves.encoder.motion_magnitude.rows.layer=8""}, {""path"": ""artifacts/geometry_map/reach_wall_v1/cached-geometry-v2/nonlinear_screen.json"", ""item"": ""rows[61]""}, {""path"": ""artifacts/geometry_map/reach_wall_v1/spatial-screen/spatial_screen.json"", ""item"": ""maps.encoder.block8.realized_hand_delta_magnitude""}]"
reach-wall/encoder/block-8/spatial-mean/realized_xz_direction,reach-wall,encoder,8,block_residual_output,mean_of_256_spatial_tokens,,realized_xz_direction,"{""metric"": ""r2"", ""score"": 0.009660470616776102, ""time_baseline"": null, ""delta_vs_time"": null}",,,,,,,,,none_validated,"{""linear_score"": ""measured_discovery_only"", ""nonlinear_gain"": ""pending_measurement"", ""best_coordinate_frame"": ""pending_measurement"", ""geometry"": ""pending_measurement"", ""cross_trajectory_stability"": ""pending_measurement"", ""regime_dependence"": ""pending_measurement"", ""causal_patch_effect"": ""pending_measurement"", ""specificity"": ""pending_measurement"", ""manifold_distance"": ""pending_measurement"", ""recommended_operator"": ""not_yet_justified""}","[{""path"": ""artifacts/geometry_map/reach_wall_v1/emergence-geometry/emergence_geometry.json"", ""item"": ""curves.encoder.realized_xz_direction.rows.layer=8""}]"
reach-wall/encoder/block-8/spatial-mean/reward_sum,reach-wall,encoder,8,block_residual_output,mean_of_256_spatial_tokens,,reward_sum,"{""metric"": ""r2"", ""score"": 0.9513555724962945, ""time_baseline"": 0.9142972039613033, ""delta_vs_time"": 0.037058368534991226}","{""knn_score"": 0.9101667098062678, ""linear_score"": 0.9513555724962945, ""nonlinear_gain"": -0.04118886269002675}",,"{""participation_ratio"": 6.38294246358392, ""top10_variance_fraction"": 0.7215729863808529, ""adjacent_timestep_cosine_mean"": 0.9982742650706785}",,,,,,none_validated,"{""linear_score"": ""measured_discovery_only"", ""nonlinear_gain"": ""measured_discovery_only"", ""best_coordinate_frame"": ""pending_measurement"", ""geometry"": ""descriptive_activation_geometry"", ""cross_trajectory_stability"": ""pending_measurement"", ""regime_dependence"": ""pending_measurement"", ""causal_patch_effect"": ""pending_measurement"", ""specificity"": ""pending_measurement"", ""manifold_distance"": ""pending_measurement"", ""recommended_operator"": ""not_yet_justified""}","[{""path"": ""artifacts/geometry_map/reach_wall_v1/discovery-screen/discovery_screen.json"", ""item"": ""rows[188]""}, {""path"": ""artifacts/geometry_map/reach_wall_v1/cached-geometry-v2/nonlinear_screen.json"", ""item"": ""rows[62]""}, {""path"": ""artifacts/geometry_map/reach_wall_v1/spatial-screen/spatial_screen.json"", ""item"": ""maps.encoder.block8.reward_sum""}]"
reach-wall/encoder/block-8/spatial-mean/wall_signed_distance,reach-wall,encoder,8,block_residual_output,mean_of_256_spatial_tokens,,wall_signed_distance,"{""metric"": ""r2"", ""score"": 0.9607325063128239, ""time_baseline"": 0.14228076564542247, ""delta_vs_time"": 0.8184517406674015}","{""knn_score"": 0.8505326540876067, ""linear_score"": 0.9607325063128239, ""nonlinear_gain"": -0.11019985222521722}",,"{""participation_ratio"": 6.38294246358392, ""top10_variance_fraction"": 0.7215729863808529, ""adjacent_timestep_cosine_mean"": 0.9982742650706785}",,,,,,none_validated,"{""linear_score"": ""measured_discovery_only"", ""nonlinear_gain"": ""measured_discovery_only"", ""best_coordinate_frame"": ""pending_measurement"", ""geometry"": ""descriptive_activation_geometry"", ""cross_trajectory_stability"": ""pending_measurement"", ""regime_dependence"": ""pending_measurement"", ""causal_patch_effect"": ""pending_measurement"", ""specificity"": ""pending_measurement"", ""manifold_distance"": ""pending_measurement"", ""recommended_operator"": ""not_yet_justified""}","[{""path"": ""artifacts/geometry_map/reach_wall_v1/discovery-screen/discovery_screen.json"", ""item"": ""rows[176]""}, {""path"": ""artifacts/geometry_map/reach_wall_v1/emergence-geometry/emergence_geometry.json"", ""item"": ""curves.encoder.wall_signed_distance.rows.layer=8""}, {""path"": ""artifacts/geometry_map/reach_wall_v1/cached-geometry-v2/nonlinear_screen.json"", ""item"": ""rows[50]""}, {""path"": ""artifacts/geometry_map/reach_wall_v1/spatial-screen/spatial_screen.json"", ""item"": ""maps.encoder.block8.wall_signed_distance""}]"
reach-wall/encoder/block-9/spatial-mean/action_chunk_frobenius_magnitude,reach-wall,encoder,9,block_residual_output,mean_of_256_spatial_tokens,,action_chunk_frobenius_magnitude,"{""metric"": ""r2"", ""score"": 0.47690553067742936, ""time_baseline"": 0.4725658231754639, ""delta_vs_time"": 0.00433970750196544}",,,"{""participation_ratio"": 6.364390235498244, ""top10_variance_fraction"": 0.7126235401683327, ""adjacent_timestep_cosine_mean"": 0.9976056307161628}",,,,,,none_validated,"{""linear_score"": ""measured_discovery_only"", ""nonlinear_gain"": ""pending_measurement"", ""best_coordinate_frame"": ""pending_measurement"", ""geometry"": ""descriptive_activation_geometry"", ""cross_trajectory_stability"": ""pending_measurement"", ""regime_dependence"": ""pending_measurement"", ""causal_patch_effect"": ""pending_measurement"", ""specificity"": ""pending_measurement"", ""manifold_distance"": ""pending_measurement"", ""recommended_operator"": ""not_yet_justified""}","[{""path"": ""artifacts/geometry_map/reach_wall_v1/discovery-screen/discovery_screen.json"", ""item"": ""rows[204]""}]"
reach-wall/encoder/block-9/spatial-mean/action_dx,reach-wall,encoder,9,block_residual_output,mean_of_256_spatial_tokens,,action_dx,"{""metric"": ""r2"", ""score"": -0.03069175966177773, ""time_baseline"": 0.0033910809446688894, ""delta_vs_time"": -0.03408284060644662}",,,"{""participation_ratio"": 6.364390235498244, ""top10_variance_fraction"": 0.7126235401683327, ""adjacent_timestep_cosine_mean"": 0.9976056307161628}",,,,,,none_validated,"{""linear_score"": ""measured_discovery_only"", ""nonlinear_gain"": ""pending_measurement"", ""best_coordinate_frame"": ""pending_measurement"", ""geometry"": ""descriptive_activation_geometry"", ""cross_trajectory_stability"": ""pending_measurement"", ""regime_dependence"": ""pending_measurement"", ""causal_patch_effect"": ""pending_measurement"", ""specificity"": ""pending_measurement"", ""manifold_distance"": ""pending_measurement"", ""recommended_operator"": ""not_yet_justified""}","[{""path"": ""artifacts/geometry_map/reach_wall_v1/discovery-screen/discovery_screen.json"", ""item"": ""rows[201]""}]"
reach-wall/encoder/block-9/spatial-mean/action_dy,reach-wall,encoder,9,block_residual_output,mean_of_256_spatial_tokens,,action_dy,"{""metric"": ""r2"", ""score"": 0.6193826722660867, ""time_baseline"": 0.6287213192564175, ""delta_vs_time"": -0.009338646990330823}",,,"{""participation_ratio"": 6.364390235498244, ""top10_variance_fraction"": 0.7126235401683327, ""adjacent_timestep_cosine_mean"": 0.9976056307161628}",,,,,,none_validated,"{""linear_score"": ""measured_discovery_only"", ""nonlinear_gain"": ""pending_measurement"", ""best_coordinate_frame"": ""pending_measurement"", ""geometry"": ""descriptive_activation_geometry"", ""cross_trajectory_stability"": ""pending_measurement"", ""regime_dependence"": ""pending_measurement"", ""causal_patch_effect"": ""pending_measurement"", ""specificity"": ""pending_measurement"", ""manifold_distance"": ""pending_measurement"", ""recommended_operator"": ""not_yet_justified""}","[{""path"": ""artifacts/geometry_map/reach_wall_v1/discovery-screen/discovery_screen.json"", ""item"": ""rows[202]""}]"
reach-wall/encoder/block-9/spatial-mean/action_dz,reach-wall,encoder,9,block_residual_output,mean_of_256_spatial_tokens,,action_dz,"{""metric"": ""r2"", ""score"": 0.028427373285969115, ""time_baseline"": 0.02788791500905774, ""delta_vs_time"": 0.0005394582769113754}",,,"{""participation_ratio"": 6.364390235498244, ""top10_variance_fraction"": 0.7126235401683327, ""adjacent_timestep_cosine_mean"": 0.9976056307161628}",,,,,,none_validated,"{""linear_score"": ""measured_discovery_only"", ""nonlinear_gain"": ""pending_measurement"", ""best_coordinate_frame"": ""pending_measurement"", ""geometry"": ""descriptive_activation_geometry"", ""cross_trajectory_stability"": ""pending_measurement"", ""regime_dependence"": ""pending_measurement"", ""causal_patch_effect"": ""pending_measurement"", ""specificity"": ""pending_measurement"", ""manifold_distance"": ""pending_measurement"", ""recommended_operator"": ""not_yet_justified""}","[{""path"": ""artifacts/geometry_map/reach_wall_v1/discovery-screen/discovery_screen.json"", ""item"": ""rows[203]""}]"
reach-wall/encoder/block-9/spatial-mean/cumulative_progress,reach-wall,encoder,9,block_residual_output,mean_of_256_spatial_tokens,,cumulative_progress,"{""metric"": ""r2"", ""score"": 0.9417591396262107, ""time_baseline"": 0.9222151817810877, ""delta_vs_time"": 0.019543957845122972}",,,"{""participation_ratio"": 6.364390235498244, ""top10_variance_fraction"": 0.7126235401683327, ""adjacent_timestep_cosine_mean"": 0.9976056307161628}",,,,,,none_validated,"{""linear_score"": ""measured_discovery_only"", ""nonlinear_gain"": ""pending_measurement"", ""best_coordinate_frame"": ""pending_measurement"", ""geometry"": ""descriptive_activation_geometry"", ""cross_trajectory_stability"": ""pending_measurement"", ""regime_dependence"": ""pending_measurement"", ""causal_patch_effect"": ""pending_measurement"", ""specificity"": ""pending_measurement"", ""manifold_distance"": ""pending_measurement"", ""recommended_operator"": ""not_yet_justified""}","[{""path"": ""artifacts/geometry_map/reach_wall_v1/discovery-screen/discovery_screen.json"", ""item"": ""rows[190]""}, {""path"": ""artifacts/geometry_map/reach_wall_v1/emergence-geometry/emergence_geometry.json"", ""item"": ""curves.encoder.progress.rows.layer=9""}]"
reach-wall/encoder/block-9/spatial-mean/expert_detour_gate,reach-wall,encoder,9,block_residual_output,mean_of_256_spatial_tokens,,expert_detour_gate,"{""metric"": ""auroc"", ""score"": 0.9982588856868396, ""time_baseline"": 0.978149765850144, ""delta_vs_time"": 0.02010911983669561}",,,"{""participation_ratio"": 6.364390235498244, ""top10_variance_fraction"": 0.7126235401683327, ""adjacent_timestep_cosine_mean"": 0.9976056307161628}",,,,,,none_validated,"{""linear_score"": ""measured_discovery_only"", ""nonlinear_gain"": ""pending_measurement"", ""best_coordinate_frame"": ""pending_measurement"", ""geometry"": ""descriptive_activation_geometry"", ""cross_trajectory_stability"": ""pending_measurement"", ""regime_dependence"": ""pending_measurement"", ""causal_patch_effect"": ""pending_measurement"", ""specificity"": ""pending_measurement"", ""manifold_distance"": ""pending_measurement"", ""recommended_operator"": ""not_yet_justified""}","[{""path"": ""artifacts/geometry_map/reach_wall_v1/discovery-screen/discovery_screen.json"", ""item"": ""rows[200]""}]"
reach-wall/encoder/block-9/spatial-mean/goal_distance,reach-wall,encoder,9,block_residual_output,mean_of_256_spatial_tokens,,goal_distance,"{""metric"": ""r2"", ""score"": 0.9264422827032335, ""time_baseline"": 0.908897827090231, ""delta_vs_time"": 0.01754445561300244}",,,"{""participation_ratio"": 6.364390235498244, ""top10_variance_fraction"": 0.7126235401683327, ""adjacent_timestep_cosine_mean"": 0.9976056307161628}",,,,,,none_validated,"{""linear_score"": ""measured_discovery_only"", ""nonlinear_gain"": ""pending_measurement"", ""best_coordinate_frame"": ""pending_measurement"", ""geometry"": ""descriptive_activation_geometry"", ""cross_trajectory_stability"": ""pending_measurement"", ""regime_dependence"": ""pending_measurement"", ""causal_patch_effect"": ""pending_measurement"", ""specificity"": ""pending_measurement"", ""manifold_distance"": ""pending_measurement"", ""recommended_operator"": ""not_yet_justified""}","[{""path"": ""artifacts/geometry_map/reach_wall_v1/discovery-screen/discovery_screen.json"", ""item"": ""rows[189]""}]"
reach-wall/encoder/block-9/spatial-mean/goal_vector_x,reach-wall,encoder,9,block_residual_output,mean_of_256_spatial_tokens,,goal_vector_x,"{""metric"": ""r2"", ""score"": 0.06662438149524275, ""time_baseline"": 0.08054582471970773, ""delta_vs_time"": -0.01392144322446498}",,,"{""participation_ratio"": 6.364390235498244, ""top10_variance_fraction"": 0.7126235401683327, ""adjacent_timestep_cosine_mean"": 0.9976056307161628}",,,,,,none_validated,"{""linear_score"": ""measured_discovery_only"", ""nonlinear_gain"": ""pending_measurement"", ""best_coordinate_frame"": ""pending_measurement"", ""geometry"": ""descriptive_activation_geometry"", ""cross_trajectory_stability"": ""pending_measurement"", ""regime_dependence"": ""pending_measurement"", ""causal_patch_effect"": ""pending_measurement"", ""specificity"": ""pending_measurement"", ""manifold_distance"": ""pending_measurement"", ""recommended_operator"": ""not_yet_justified""}","[{""path"": ""artifacts/geometry_map/reach_wall_v1/discovery-screen/discovery_screen.json"", ""item"": ""rows[194]""}]"
reach-wall/encoder/block-9/spatial-mean/goal_vector_y,reach-wall,encoder,9,block_residual_output,mean_of_256_spatial_tokens,,goal_vector_y,"{""metric"": ""r2"", ""score"": 0.9613276657841289, ""time_baseline"": 0.9568517433439947, ""delta_vs_time"": 0.004475922440134172}",,,"{""participation_ratio"": 6.364390235498244, ""top10_variance_fraction"": 0.7126235401683327, ""adjacent_timestep_cosine_mean"": 0.9976056307161628}",,,,,,none_validated,"{""linear_score"": ""measured_discovery_only"", ""nonlinear_gain"": ""pending_measurement"", ""best_coordinate_frame"": ""pending_measurement"", ""geometry"": ""descriptive_activation_geometry"", ""cross_trajectory_stability"": ""pending_measurement"", ""regime_dependence"": ""pending_measurement"", ""causal_patch_effect"": ""pending_measurement"", ""specificity"": ""pending_measurement"", ""manifold_distance"": ""pending_measurement"", ""recommended_operator"": ""not_yet_justified""}","[{""path"": ""artifacts/geometry_map/reach_wall_v1/discovery-screen/discovery_screen.json"", ""item"": ""rows[195]""}]"
reach-wall/encoder/block-9/spatial-mean/goal_vector_z,reach-wall,encoder,9,block_residual_output,mean_of_256_spatial_tokens,,goal_vector_z,"{""metric"": ""r2"", ""score"": 0.4223879338621451, ""time_baseline"": 0.044334510544640326, ""delta_vs_time"": 0.3780534233175048}",,,"{""participation_ratio"": 6.364390235498244, ""top10_variance_fraction"": 0.7126235401683327, ""adjacent_timestep_cosine_mean"": 0.9976056307161628}",,,,,,none_validated,"{""linear_score"": ""measured_discovery_only"", ""nonlinear_gain"": ""pending_measurement"", ""best_coordinate_frame"": ""pending_measurement"", ""geometry"": ""descriptive_activation_geometry"", ""cross_trajectory_stability"": ""pending_measurement"", ""regime_dependence"": ""pending_measurement"", ""causal_patch_effect"": ""pending_measurement"", ""specificity"": ""pending_measurement"", ""manifold_distance"": ""pending_measurement"", ""recommended_operator"": ""not_yet_justified""}","[{""path"": ""artifacts/geometry_map/reach_wall_v1/discovery-screen/discovery_screen.json"", ""item"": ""rows[196]""}]"
reach-wall/encoder/block-9/spatial-mean/goal_xz_direction,reach-wall,encoder,9,block_residual_output,mean_of_256_spatial_tokens,,goal_xz_direction,"{""metric"": ""r2"", ""score"": 0.3072498738661328, ""time_baseline"": null, ""delta_vs_time"": null}",,,,,,,,,none_validated,"{""linear_score"": ""measured_discovery_only"", ""nonlinear_gain"": ""pending_measurement"", ""best_coordinate_frame"": ""pending_measurement"", ""geometry"": ""pending_measurement"", ""cross_trajectory_stability"": ""pending_measurement"", ""regime_dependence"": ""pending_measurement"", ""causal_patch_effect"": ""pending_measurement"", ""specificity"": ""pending_measurement"", ""manifold_distance"": ""pending_measurement"", ""recommended_operator"": ""not_yet_justified""}","[{""path"": ""artifacts/geometry_map/reach_wall_v1/emergence-geometry/emergence_geometry.json"", ""item"": ""curves.encoder.goal_xz_direction.rows.layer=9""}]"
reach-wall/encoder/block-9/spatial-mean/hand_to_goal_segment_intersects_wall,reach-wall,encoder,9,block_residual_output,mean_of_256_spatial_tokens,,hand_to_goal_segment_intersects_wall,"{""metric"": ""auroc"", ""score"": 0.9889631482927483, ""time_baseline"": 0.9019247457737662, ""delta_vs_time"": 0.0870384025189821}",,,"{""participation_ratio"": 6.364390235498244, ""top10_variance_fraction"": 0.7126235401683327, ""adjacent_timestep_cosine_mean"": 0.9976056307161628}",,,,,,none_validated,"{""linear_score"": ""measured_discovery_only"", ""nonlinear_gain"": ""pending_measurement"", ""best_coordinate_frame"": ""pending_measurement"", ""geometry"": ""descriptive_activation_geometry"", ""cross_trajectory_stability"": ""pending_measurement"", ""regime_dependence"": ""pending_measurement"", ""causal_patch_effect"": ""pending_measurement"", ""specificity"": ""pending_measurement"", ""manifold_distance"": ""pending_measurement"", ""recommended_operator"": ""not_yet_justified""}","[{""path"": ""artifacts/geometry_map/reach_wall_v1/discovery-screen/discovery_screen.json"", ""item"": ""rows[199]""}]"
reach-wall/encoder/block-9/spatial-mean/hand_x,reach-wall,encoder,9,block_residual_output,mean_of_256_spatial_tokens,,hand_x,"{""metric"": ""r2"", ""score"": 0.7778097844192557, ""time_baseline"": 0.058067306134002794, ""delta_vs_time"": 0.719742478285253}",,,"{""participation_ratio"": 6.364390235498244, ""top10_variance_fraction"": 0.7126235401683327, ""adjacent_timestep_cosine_mean"": 0.9976056307161628}",,,,,,none_validated,"{""linear_score"": ""measured_discovery_only"", ""nonlinear_gain"": ""pending_measurement"", ""best_coordinate_frame"": ""pending_measurement"", ""geometry"": ""descriptive_activation_geometry"", ""cross_trajectory_stability"": ""pending_measurement"", ""regime_dependence"": ""pending_measurement"", ""causal_patch_effect"": ""pending_measurement"", ""specificity"": ""pending_measurement"", ""manifold_distance"": ""pending_measurement"", ""recommended_operator"": ""not_yet_justified""}","[{""path"": ""artifacts/geometry_map/reach_wall_v1/discovery-screen/discovery_screen.json"", ""item"": ""rows[191]""}]"
reach-wall/encoder/block-9/spatial-mean/hand_y,reach-wall,encoder,9,block_residual_output,mean_of_256_spatial_tokens,,hand_y,"{""metric"": ""r2"", ""score"": 0.9898334506455787, ""time_baseline"": 0.9772521653309317, ""delta_vs_time"": 0.012581285314646973}",,,"{""participation_ratio"": 6.364390235498244, ""top10_variance_fraction"": 0.7126235401683327, ""adjacent_timestep_cosine_mean"": 0.9976056307161628}",,,,,,none_validated,"{""linear_score"": ""measured_discovery_only"", ""nonlinear_gain"": ""pending_measurement"", ""best_coordinate_frame"": ""pending_measurement"", ""geometry"": ""descriptive_activation_geometry"", ""cross_trajectory_stability"": ""pending_measurement"", ""regime_dependence"": ""pending_measurement"", ""causal_patch_effect"": ""pending_measurement"", ""specificity"": ""pending_measurement"", ""manifold_distance"": ""pending_measurement"", ""recommended_operator"": ""not_yet_justified""}","[{""path"": ""artifacts/geometry_map/reach_wall_v1/discovery-screen/discovery_screen.json"", ""item"": ""rows[192]""}]"
reach-wall/encoder/block-9/spatial-mean/hand_z,reach-wall,encoder,9,block_residual_output,mean_of_256_spatial_tokens,,hand_z,"{""metric"": ""r2"", ""score"": 0.9889346312348358, ""time_baseline"": 0.00804356141242546, ""delta_vs_time"": 0.9808910698224104}",,,"{""participation_ratio"": 6.364390235498244, ""top10_variance_fraction"": 0.7126235401683327, ""adjacent_timestep_cosine_mean"": 0.9976056307161628}",,,,,,none_validated,"{""linear_score"": ""measured_discovery_only"", ""nonlinear_gain"": ""pending_measurement"", ""best_coordinate_frame"": ""pending_measurement"", ""geometry"": ""descriptive_activation_geometry"", ""cross_trajectory_stability"": ""pending_measurement"", ""regime_dependence"": ""pending_measurement"", ""causal_patch_effect"": ""pending_measurement"", ""specificity"": ""pending_measurement"", ""manifold_distance"": ""pending_measurement"", ""recommended_operator"": ""not_yet_justified""}","[{""path"": ""artifacts/geometry_map/reach_wall_v1/discovery-screen/discovery_screen.json"", ""item"": ""rows[193]""}]"
reach-wall/encoder/block-9/spatial-mean/height_above_wall_top,reach-wall,encoder,9,block_residual_output,mean_of_256_spatial_tokens,,height_above_wall_top,"{""metric"": ""r2"", ""score"": 0.9889346309072004, ""time_baseline"": 0.008043558955029284, ""delta_vs_time"": 0.9808910719521711}",,,"{""participation_ratio"": 6.364390235498244, ""top10_variance_fraction"": 0.7126235401683327, ""adjacent_timestep_cosine_mean"": 0.9976056307161628}",,,,,,none_validated,"{""linear_score"": ""measured_discovery_only"", ""nonlinear_gain"": ""pending_measurement"", ""best_coordinate_frame"": ""pending_measurement"", ""geometry"": ""descriptive_activation_geometry"", ""cross_trajectory_stability"": ""pending_measurement"", ""regime_dependence"": ""pending_measurement"", ""causal_patch_effect"": ""pending_measurement"", ""specificity"": ""pending_measurement"", ""manifold_distance"": ""pending_measurement"", ""recommended_operator"": ""not_yet_justified""}","[{""path"": ""artifacts/geometry_map/reach_wall_v1/discovery-screen/discovery_screen.json"", ""item"": ""rows[198]""}]"
reach-wall/encoder/block-9/spatial-mean/realized_dx,reach-wall,encoder,9,block_residual_output,mean_of_256_spatial_tokens,,realized_dx,"{""metric"": ""r2"", ""score"": -0.017144870869974183, ""time_baseline"": 0.005340828654275098, ""delta_vs_time"": -0.02248569952424928}",,,"{""participation_ratio"": 6.364390235498244, ""top10_variance_fraction"": 0.7126235401683327, ""adjacent_timestep_cosine_mean"": 0.9976056307161628}",,,,,,none_validated,"{""linear_score"": ""measured_discovery_only"", ""nonlinear_gain"": ""pending_measurement"", ""best_coordinate_frame"": ""pending_measurement"", ""geometry"": ""descriptive_activation_geometry"", ""cross_trajectory_stability"": ""pending_measurement"", ""regime_dependence"": ""pending_measurement"", ""causal_patch_effect"": ""pending_measurement"", ""specificity"": ""pending_measurement"", ""manifold_distance"": ""pending_measurement"", ""recommended_operator"": ""not_yet_justified""}","[{""path"": ""artifacts/geometry_map/reach_wall_v1/discovery-screen/discovery_screen.json"", ""item"": ""rows[205]""}]"
reach-wall/encoder/block-9/spatial-mean/realized_dy,reach-wall,encoder,9,block_residual_output,mean_of_256_spatial_tokens,,realized_dy,"{""metric"": ""r2"", ""score"": 0.8545420740795798, ""time_baseline"": 0.7938417819030151, ""delta_vs_time"": 0.060700292176564696}",,,"{""participation_ratio"": 6.364390235498244, ""top10_variance_fraction"": 0.7126235401683327, ""adjacent_timestep_cosine_mean"": 0.9976056307161628}",,,,,,none_validated,"{""linear_score"": ""measured_discovery_only"", ""nonlinear_gain"": ""pending_measurement"", ""best_coordinate_frame"": ""pending_measurement"", ""geometry"": ""descriptive_activation_geometry"", ""cross_trajectory_stability"": ""pending_measurement"", ""regime_dependence"": ""pending_measurement"", ""causal_patch_effect"": ""pending_measurement"", ""specificity"": ""pending_measurement"", ""manifold_distance"": ""pending_measurement"", ""recommended_operator"": ""not_yet_justified""}","[{""path"": ""artifacts/geometry_map/reach_wall_v1/discovery-screen/discovery_screen.json"", ""item"": ""rows[206]""}]"
reach-wall/encoder/block-9/spatial-mean/realized_dz,reach-wall,encoder,9,block_residual_output,mean_of_256_spatial_tokens,,realized_dz,"{""metric"": ""r2"", ""score"": 0.12826166750799528, ""time_baseline"": 0.07117442644816807, ""delta_vs_time"": 0.05708724105982721}",,,"{""participation_ratio"": 6.364390235498244, ""top10_variance_fraction"": 0.7126235401683327, ""adjacent_timestep_cosine_mean"": 0.9976056307161628}",,,,,,none_validated,"{""linear_score"": ""measured_discovery_only"", ""nonlinear_gain"": ""pending_measurement"", ""best_coordinate_frame"": ""pending_measurement"", ""geometry"": ""descriptive_activation_geometry"", ""cross_trajectory_stability"": ""pending_measurement"", ""regime_dependence"": ""pending_measurement"", ""causal_patch_effect"": ""pending_measurement"", ""specificity"": ""pending_measurement"", ""manifold_distance"": ""pending_measurement"", ""recommended_operator"": ""not_yet_justified""}","[{""path"": ""artifacts/geometry_map/reach_wall_v1/discovery-screen/discovery_screen.json"", ""item"": ""rows[207]""}]"
reach-wall/encoder/block-9/spatial-mean/realized_hand_delta_magnitude,reach-wall,encoder,9,block_residual_output,mean_of_256_spatial_tokens,,realized_hand_delta_magnitude,"{""metric"": ""r2"", ""score"": 0.708068290456906, ""time_baseline"": 0.6130267917023396, ""delta_vs_time"": 0.09504149875456636}",,,"{""participation_ratio"": 6.364390235498244, ""top10_variance_fraction"": 0.7126235401683327, ""adjacent_timestep_cosine_mean"": 0.9976056307161628}",,,,,,none_validated,"{""linear_score"": ""measured_discovery_only"", ""nonlinear_gain"": ""pending_measurement"", ""best_coordinate_frame"": ""pending_measurement"", ""geometry"": ""descriptive_activation_geometry"", ""cross_trajectory_stability"": ""pending_measurement"", ""regime_dependence"": ""pending_measurement"", ""causal_patch_effect"": ""pending_measurement"", ""specificity"": ""pending_measurement"", ""manifold_distance"": ""pending_measurement"", ""recommended_operator"": ""not_yet_justified""}","[{""path"": ""artifacts/geometry_map/reach_wall_v1/discovery-screen/discovery_screen.json"", ""item"": ""rows[208]""}, {""path"": ""artifacts/geometry_map/reach_wall_v1/emergence-geometry/emergence_geometry.json"", ""item"": ""curves.encoder.motion_magnitude.rows.layer=9""}]"
reach-wall/encoder/block-9/spatial-mean/realized_xz_direction,reach-wall,encoder,9,block_residual_output,mean_of_256_spatial_tokens,,realized_xz_direction,"{""metric"": ""r2"", ""score"": 0.006462202698315056, ""time_baseline"": null, ""delta_vs_time"": null}",,,,,,,,,none_validated,"{""linear_score"": ""measured_discovery_only"", ""nonlinear_gain"": ""pending_measurement"", ""best_coordinate_frame"": ""pending_measurement"", ""geometry"": ""pending_measurement"", ""cross_trajectory_stability"": ""pending_measurement"", ""regime_dependence"": ""pending_measurement"", ""causal_patch_effect"": ""pending_measurement"", ""specificity"": ""pending_measurement"", ""manifold_distance"": ""pending_measurement"", ""recommended_operator"": ""not_yet_justified""}","[{""path"": ""artifacts/geometry_map/reach_wall_v1/emergence-geometry/emergence_geometry.json"", ""item"": ""curves.encoder.realized_xz_direction.rows.layer=9""}]"
reach-wall/encoder/block-9/spatial-mean/reward_sum,reach-wall,encoder,9,block_residual_output,mean_of_256_spatial_tokens,,reward_sum,"{""metric"": ""r2"", ""score"": 0.9490436493939725, ""time_baseline"": 0.9142972039613033, ""delta_vs_time"": 0.03474644543266914}",,,"{""participation_ratio"": 6.364390235498244, ""top10_variance_fraction"": 0.7126235401683327, ""adjacent_timestep_cosine_mean"": 0.9976056307161628}",,,,,,none_validated,"{""linear_score"": ""measured_discovery_only"", ""nonlinear_gain"": ""pending_measurement"", ""best_coordinate_frame"": ""pending_measurement"", ""geometry"": ""descriptive_activation_geometry"", ""cross_trajectory_stability"": ""pending_measurement"", ""regime_dependence"": ""pending_measurement"", ""causal_patch_effect"": ""pending_measurement"", ""specificity"": ""pending_measurement"", ""manifold_distance"": ""pending_measurement"", ""recommended_operator"": ""not_yet_justified""}","[{""path"": ""artifacts/geometry_map/reach_wall_v1/discovery-screen/discovery_screen.json"", ""item"": ""rows[209]""}]"
reach-wall/encoder/block-9/spatial-mean/wall_signed_distance,reach-wall,encoder,9,block_residual_output,mean_of_256_spatial_tokens,,wall_signed_distance,"{""metric"": ""r2"", ""score"": 0.9622541545361372, ""time_baseline"": 0.14228076564542247, ""delta_vs_time"": 0.8199733888907147}",,,"{""participation_ratio"": 6.364390235498244, ""top10_variance_fraction"": 0.7126235401683327, ""adjacent_timestep_cosine_mean"": 0.9976056307161628}",,,,,,none_validated,"{""linear_score"": ""measured_discovery_only"", ""nonlinear_gain"": ""pending_measurement"", ""best_coordinate_frame"": ""pending_measurement"", ""geometry"": ""descriptive_activation_geometry"", ""cross_trajectory_stability"": ""pending_measurement"", ""regime_dependence"": ""pending_measurement"", ""causal_patch_effect"": ""pending_measurement"", ""specificity"": ""pending_measurement"", ""manifold_distance"": ""pending_measurement"", ""recommended_operator"": ""not_yet_justified""}","[{""path"": ""artifacts/geometry_map/reach_wall_v1/discovery-screen/discovery_screen.json"", ""item"": ""rows[197]""}, {""path"": ""artifacts/geometry_map/reach_wall_v1/emergence-geometry/emergence_geometry.json"", ""item"": ""curves.encoder.wall_signed_distance.rows.layer=9""}]"
reach-wall/encoder/block-10/spatial-mean/action_chunk_frobenius_magnitude,reach-wall,encoder,10,block_residual_output,mean_of_256_spatial_tokens,,action_chunk_frobenius_magnitude,"{""metric"": ""r2"", ""score"": 0.48274632377640225, ""time_baseline"": 0.4725658231754639, ""delta_vs_time"": 0.010180500600938336}",,,"{""participation_ratio"": 6.691280162518866, ""top10_variance_fraction"": 0.7265093891672635, ""adjacent_timestep_cosine_mean"": 0.9978706067717454}",,,,,,none_validated,"{""linear_score"": ""measured_discovery_only"", ""nonlinear_gain"": ""pending_measurement"", ""best_coordinate_frame"": ""pending_measurement"", ""geometry"": ""descriptive_activation_geometry"", ""cross_trajectory_stability"": ""pending_measurement"", ""regime_dependence"": ""pending_measurement"", ""causal_patch_effect"": ""pending_measurement"", ""specificity"": ""pending_measurement"", ""manifold_distance"": ""pending_measurement"", ""recommended_operator"": ""not_yet_justified""}","[{""path"": ""artifacts/geometry_map/reach_wall_v1/discovery-screen/discovery_screen.json"", ""item"": ""rows[225]""}]"
reach-wall/encoder/block-10/spatial-mean/action_dx,reach-wall,encoder,10,block_residual_output,mean_of_256_spatial_tokens,,action_dx,"{""metric"": ""r2"", ""score"": -0.020196842252480085, ""time_baseline"": 0.0033910809446688894, ""delta_vs_time"": -0.023587923197148974}",,,"{""participation_ratio"": 6.691280162518866, ""top10_variance_fraction"": 0.7265093891672635, ""adjacent_timestep_cosine_mean"": 0.9978706067717454}",,,,,,none_validated,"{""linear_score"": ""measured_discovery_only"", ""nonlinear_gain"": ""pending_measurement"", ""best_coordinate_frame"": ""pending_measurement"", ""geometry"": ""descriptive_activation_geometry"", ""cross_trajectory_stability"": ""pending_measurement"", ""regime_dependence"": ""pending_measurement"", ""causal_patch_effect"": ""pending_measurement"", ""specificity"": ""pending_measurement"", ""manifold_distance"": ""pending_measurement"", ""recommended_operator"": ""not_yet_justified""}","[{""path"": ""artifacts/geometry_map/reach_wall_v1/discovery-screen/discovery_screen.json"", ""item"": ""rows[222]""}]"
reach-wall/encoder/block-10/spatial-mean/action_dy,reach-wall,encoder,10,block_residual_output,mean_of_256_spatial_tokens,,action_dy,"{""metric"": ""r2"", ""score"": 0.6139718756241888, ""time_baseline"": 0.6287213192564175, ""delta_vs_time"": -0.014749443632228743}",,,"{""participation_ratio"": 6.691280162518866, ""top10_variance_fraction"": 0.7265093891672635, ""adjacent_timestep_cosine_mean"": 0.9978706067717454}",,,,,,none_validated,"{""linear_score"": ""measured_discovery_only"", ""nonlinear_gain"": ""pending_measurement"", ""best_coordinate_frame"": ""pending_measurement"", ""geometry"": ""descriptive_activation_geometry"", ""cross_trajectory_stability"": ""pending_measurement"", ""regime_dependence"": ""pending_measurement"", ""causal_patch_effect"": ""pending_measurement"", ""specificity"": ""pending_measurement"", ""manifold_distance"": ""pending_measurement"", ""recommended_operator"": ""not_yet_justified""}","[{""path"": ""artifacts/geometry_map/reach_wall_v1/discovery-screen/discovery_screen.json"", ""item"": ""rows[223]""}]"
reach-wall/encoder/block-10/spatial-mean/action_dz,reach-wall,encoder,10,block_residual_output,mean_of_256_spatial_tokens,,action_dz,"{""metric"": ""r2"", ""score"": 0.035301439594578876, ""time_baseline"": 0.02788791500905774, ""delta_vs_time"": 0.007413524585521136}",,,"{""participation_ratio"": 6.691280162518866, ""top10_variance_fraction"": 0.7265093891672635, ""adjacent_timestep_cosine_mean"": 0.9978706067717454}",,,,,,none_validated,"{""linear_score"": ""measured_discovery_only"", ""nonlinear_gain"": ""pending_measurement"", ""best_coordinate_frame"": ""pending_measurement"", ""geometry"": ""descriptive_activation_geometry"", ""cross_trajectory_stability"": ""pending_measurement"", ""regime_dependence"": ""pending_measurement"", ""causal_patch_effect"": ""pending_measurement"", ""specificity"": ""pending_measurement"", ""manifold_distance"": ""pending_measurement"", ""recommended_operator"": ""not_yet_justified""}","[{""path"": ""artifacts/geometry_map/reach_wall_v1/discovery-screen/discovery_screen.json"", ""item"": ""rows[224]""}]"
reach-wall/encoder/block-10/spatial-mean/cumulative_progress,reach-wall,encoder,10,block_residual_output,mean_of_256_spatial_tokens,,cumulative_progress,"{""metric"": ""r2"", ""score"": 0.943987432223685, ""time_baseline"": 0.9222151817810877, ""delta_vs_time"": 0.02177225044259723}",,,"{""participation_ratio"": 6.691280162518866, ""top10_variance_fraction"": 0.7265093891672635, ""adjacent_timestep_cosine_mean"": 0.9978706067717454}",,,,,,none_validated,"{""linear_score"": ""measured_discovery_only"", ""nonlinear_gain"": ""pending_measurement"", ""best_coordinate_frame"": ""pending_measurement"", ""geometry"": ""descriptive_activation_geometry"", ""cross_trajectory_stability"": ""pending_measurement"", ""regime_dependence"": ""pending_measurement"", ""causal_patch_effect"": ""pending_measurement"", ""specificity"": ""pending_measurement"", ""manifold_distance"": ""pending_measurement"", ""recommended_operator"": ""not_yet_justified""}","[{""path"": ""artifacts/geometry_map/reach_wall_v1/discovery-screen/discovery_screen.json"", ""item"": ""rows[211]""}, {""path"": ""artifacts/geometry_map/reach_wall_v1/emergence-geometry/emergence_geometry.json"", ""item"": ""curves.encoder.progress.rows.layer=10""}]"
reach-wall/encoder/block-10/spatial-mean/expert_detour_gate,reach-wall,encoder,10,block_residual_output,mean_of_256_spatial_tokens,,expert_detour_gate,"{""metric"": ""auroc"", ""score"": 0.9984846551793147, ""time_baseline"": 0.978149765850144, ""delta_vs_time"": 0.020334889329170713}",,,"{""participation_ratio"": 6.691280162518866, ""top10_variance_fraction"": 0.7265093891672635, ""adjacent_timestep_cosine_mean"": 0.9978706067717454}",,,,,,none_validated,"{""linear_score"": ""measured_discovery_only"", ""nonlinear_gain"": ""pending_measurement"", ""best_coordinate_frame"": ""pending_measurement"", ""geometry"": ""descriptive_activation_geometry"", ""cross_trajectory_stability"": ""pending_measurement"", ""regime_dependence"": ""pending_measurement"", ""causal_patch_effect"": ""pending_measurement"", ""specificity"": ""pending_measurement"", ""manifold_distance"": ""pending_measurement"", ""recommended_operator"": ""not_yet_justified""}","[{""path"": ""artifacts/geometry_map/reach_wall_v1/discovery-screen/discovery_screen.json"", ""item"": ""rows[221]""}]"
reach-wall/encoder/block-10/spatial-mean/goal_distance,reach-wall,encoder,10,block_residual_output,mean_of_256_spatial_tokens,,goal_distance,"{""metric"": ""r2"", ""score"": 0.9293276823225636, ""time_baseline"": 0.908897827090231, ""delta_vs_time"": 0.02042985523233254}",,,"{""participation_ratio"": 6.691280162518866, ""top10_variance_fraction"": 0.7265093891672635, ""adjacent_timestep_cosine_mean"": 0.9978706067717454}",,,,,,none_validated,"{""linear_score"": ""measured_discovery_only"", ""nonlinear_gain"": ""pending_measurement"", ""best_coordinate_frame"": ""pending_measurement"", ""geometry"": ""descriptive_activation_geometry"", ""cross_trajectory_stability"": ""pending_measurement"", ""regime_dependence"": ""pending_measurement"", ""causal_patch_effect"": ""pending_measurement"", ""specificity"": ""pending_measurement"", ""manifold_distance"": ""pending_measurement"", ""recommended_operator"": ""not_yet_justified""}","[{""path"": ""artifacts/geometry_map/reach_wall_v1/discovery-screen/discovery_screen.json"", ""item"": ""rows[210]""}]"
reach-wall/encoder/block-10/spatial-mean/goal_vector_x,reach-wall,encoder,10,block_residual_output,mean_of_256_spatial_tokens,,goal_vector_x,"{""metric"": ""r2"", ""score"": 0.07412843904636324, ""time_baseline"": 0.08054582471970773, ""delta_vs_time"": -0.006417385673344489}",,,"{""participation_ratio"": 6.691280162518866, ""top10_variance_fraction"": 0.7265093891672635, ""adjacent_timestep_cosine_mean"": 0.9978706067717454}",,,,,,none_validated,"{""linear_score"": ""measured_discovery_only"", ""nonlinear_gain"": ""pending_measurement"", ""best_coordinate_frame"": ""pending_measurement"", ""geometry"": ""descriptive_activation_geometry"", ""cross_trajectory_stability"": ""pending_measurement"", ""regime_dependence"": ""pending_measurement"", ""causal_patch_effect"": ""pending_measurement"", ""specificity"": ""pending_measurement"", ""manifold_distance"": ""pending_measurement"", ""recommended_operator"": ""not_yet_justified""}","[{""path"": ""artifacts/geometry_map/reach_wall_v1/discovery-screen/discovery_screen.json"", ""item"": ""rows[215]""}]"
reach-wall/encoder/block-10/spatial-mean/goal_vector_y,reach-wall,encoder,10,block_residual_output,mean_of_256_spatial_tokens,,goal_vector_y,"{""metric"": ""r2"", ""score"": 0.9615092151029965, ""time_baseline"": 0.9568517433439947, ""delta_vs_time"": 0.0046574717590017745}",,,"{""participation_ratio"": 6.691280162518866, ""top10_variance_fraction"": 0.7265093891672635, ""adjacent_timestep_cosine_mean"": 0.9978706067717454}",,,,,,none_validated,"{""linear_score"": ""measured_discovery_only"", ""nonlinear_gain"": ""pending_measurement"", ""best_coordinate_frame"": ""pending_measurement"", ""geometry"": ""descriptive_activation_geometry"", ""cross_trajectory_stability"": ""pending_measurement"", ""regime_dependence"": ""pending_measurement"", ""causal_patch_effect"": ""pending_measurement"", ""specificity"": ""pending_measurement"", ""manifold_distance"": ""pending_measurement"", ""recommended_operator"": ""not_yet_justified""}","[{""path"": ""artifacts/geometry_map/reach_wall_v1/discovery-screen/discovery_screen.json"", ""item"": ""rows[216]""}]"
reach-wall/encoder/block-10/spatial-mean/goal_vector_z,reach-wall,encoder,10,block_residual_output,mean_of_256_spatial_tokens,,goal_vector_z,"{""metric"": ""r2"", ""score"": 0.4802474393542009, ""time_baseline"": 0.044334510544640326, ""delta_vs_time"": 0.43591292880956056}",,,"{""participation_ratio"": 6.691280162518866, ""top10_variance_fraction"": 0.7265093891672635, ""adjacent_timestep_cosine_mean"": 0.9978706067717454}",,,,,,none_validated,"{""linear_score"": ""measured_discovery_only"", ""nonlinear_gain"": ""pending_measurement"", ""best_coordinate_frame"": ""pending_measurement"", ""geometry"": ""descriptive_activation_geometry"", ""cross_trajectory_stability"": ""pending_measurement"", ""regime_dependence"": ""pending_measurement"", ""causal_patch_effect"": ""pending_measurement"", ""specificity"": ""pending_measurement"", ""manifold_distance"": ""pending_measurement"", ""recommended_operator"": ""not_yet_justified""}","[{""path"": ""artifacts/geometry_map/reach_wall_v1/discovery-screen/discovery_screen.json"", ""item"": ""rows[217]""}]"
reach-wall/encoder/block-10/spatial-mean/goal_xz_direction,reach-wall,encoder,10,block_residual_output,mean_of_256_spatial_tokens,,goal_xz_direction,"{""metric"": ""r2"", ""score"": 0.33205284964449616, ""time_baseline"": null, ""delta_vs_time"": null}",,,,,,,,,none_validated,"{""linear_score"": ""measured_discovery_only"", ""nonlinear_gain"": ""pending_measurement"", ""best_coordinate_frame"": ""pending_measurement"", ""geometry"": ""pending_measurement"", ""cross_trajectory_stability"": ""pending_measurement"", ""regime_dependence"": ""pending_measurement"", ""causal_patch_effect"": ""pending_measurement"", ""specificity"": ""pending_measurement"", ""manifold_distance"": ""pending_measurement"", ""recommended_operator"": ""not_yet_justified""}","[{""path"": ""artifacts/geometry_map/reach_wall_v1/emergence-geometry/emergence_geometry.json"", ""item"": ""curves.encoder.goal_xz_direction.rows.layer=10""}]"
reach-wall/encoder/block-10/spatial-mean/hand_to_goal_segment_intersects_wall,reach-wall,encoder,10,block_residual_output,mean_of_256_spatial_tokens,,hand_to_goal_segment_intersects_wall,"{""metric"": ""auroc"", ""score"": 0.988752991562932, ""time_baseline"": 0.9019247457737662, ""delta_vs_time"": 0.0868282457891657}",,,"{""participation_ratio"": 6.691280162518866, ""top10_variance_fraction"": 0.7265093891672635, ""adjacent_timestep_cosine_mean"": 0.9978706067717454}",,,,,,none_validated,"{""linear_score"": ""measured_discovery_only"", ""nonlinear_gain"": ""pending_measurement"", ""best_coordinate_frame"": ""pending_measurement"", ""geometry"": ""descriptive_activation_geometry"", ""cross_trajectory_stability"": ""pending_measurement"", ""regime_dependence"": ""pending_measurement"", ""causal_patch_effect"": ""pending_measurement"", ""specificity"": ""pending_measurement"", ""manifold_distance"": ""pending_measurement"", ""recommended_operator"": ""not_yet_justified""}","[{""path"": ""artifacts/geometry_map/reach_wall_v1/discovery-screen/discovery_screen.json"", ""item"": ""rows[220]""}]"
reach-wall/encoder/block-10/spatial-mean/hand_x,reach-wall,encoder,10,block_residual_output,mean_of_256_spatial_tokens,,hand_x,"{""metric"": ""r2"", ""score"": 0.7605687709960556, ""time_baseline"": 0.058067306134002794, ""delta_vs_time"": 0.7025014648620528}",,,"{""participation_ratio"": 6.691280162518866, ""top10_variance_fraction"": 0.7265093891672635, ""adjacent_timestep_cosine_mean"": 0.9978706067717454}",,,,,,none_validated,"{""linear_score"": ""measured_discovery_only"", ""nonlinear_gain"": ""pending_measurement"", ""best_coordinate_frame"": ""pending_measurement"", ""geometry"": ""descriptive_activation_geometry"", ""cross_trajectory_stability"": ""pending_measurement"", ""regime_dependence"": ""pending_measurement"", ""causal_patch_effect"": ""pending_measurement"", ""specificity"": ""pending_measurement"", ""manifold_distance"": ""pending_measurement"", ""recommended_operator"": ""not_yet_justified""}","[{""path"": ""artifacts/geometry_map/reach_wall_v1/discovery-screen/discovery_screen.json"", ""item"": ""rows[212]""}]"
reach-wall/encoder/block-10/spatial-mean/hand_y,reach-wall,encoder,10,block_residual_output,mean_of_256_spatial_tokens,,hand_y,"{""metric"": ""r2"", ""score"": 0.9875926379924299, ""time_baseline"": 0.9772521653309317, ""delta_vs_time"": 0.010340472661498179}",,,"{""participation_ratio"": 6.691280162518866, ""top10_variance_fraction"": 0.7265093891672635, ""adjacent_timestep_cosine_mean"": 0.9978706067717454}",,,,,,none_validated,"{""linear_score"": ""measured_discovery_only"", ""nonlinear_gain"": ""pending_measurement"", ""best_coordinate_frame"": ""pending_measurement"", ""geometry"": ""descriptive_activation_geometry"", ""cross_trajectory_stability"": ""pending_measurement"", ""regime_dependence"": ""pending_measurement"", ""causal_patch_effect"": ""pending_measurement"", ""specificity"": ""pending_measurement"", ""manifold_distance"": ""pending_measurement"", ""recommended_operator"": ""not_yet_justified""}","[{""path"": ""artifacts/geometry_map/reach_wall_v1/discovery-screen/discovery_screen.json"", ""item"": ""rows[213]""}]"
reach-wall/encoder/block-10/spatial-mean/hand_z,reach-wall,encoder,10,block_residual_output,mean_of_256_spatial_tokens,,hand_z,"{""metric"": ""r2"", ""score"": 0.986543896157162, ""time_baseline"": 0.00804356141242546, ""delta_vs_time"": 0.9785003347447365}",,,"{""participation_ratio"": 6.691280162518866, ""top10_variance_fraction"": 0.7265093891672635, ""adjacent_timestep_cosine_mean"": 0.9978706067717454}",,,,,,none_validated,"{""linear_score"": ""measured_discovery_only"", ""nonlinear_gain"": ""pending_measurement"", ""best_coordinate_frame"": ""pending_measurement"", ""geometry"": ""descriptive_activation_geometry"", ""cross_trajectory_stability"": ""pending_measurement"", ""regime_dependence"": ""pending_measurement"", ""causal_patch_effect"": ""pending_measurement"", ""specificity"": ""pending_measurement"", ""manifold_distance"": ""pending_measurement"", ""recommended_operator"": ""not_yet_justified""}","[{""path"": ""artifacts/geometry_map/reach_wall_v1/discovery-screen/discovery_screen.json"", ""item"": ""rows[214]""}]"
reach-wall/encoder/block-10/spatial-mean/height_above_wall_top,reach-wall,encoder,10,block_residual_output,mean_of_256_spatial_tokens,,height_above_wall_top,"{""metric"": ""r2"", ""score"": 0.9865438958467977, ""time_baseline"": 0.008043558955029284, ""delta_vs_time"": 0.9785003368917684}",,,"{""participation_ratio"": 6.691280162518866, ""top10_variance_fraction"": 0.7265093891672635, ""adjacent_timestep_cosine_mean"": 0.9978706067717454}",,,,,,none_validated,"{""linear_score"": ""measured_discovery_only"", ""nonlinear_gain"": ""pending_measurement"", ""best_coordinate_frame"": ""pending_measurement"", ""geometry"": ""descriptive_activation_geometry"", ""cross_trajectory_stability"": ""pending_measurement"", ""regime_dependence"": ""pending_measurement"", ""causal_patch_effect"": ""pending_measurement"", ""specificity"": ""pending_measurement"", ""manifold_distance"": ""pending_measurement"", ""recommended_operator"": ""not_yet_justified""}","[{""path"": ""artifacts/geometry_map/reach_wall_v1/discovery-screen/discovery_screen.json"", ""item"": ""rows[219]""}]"
reach-wall/encoder/block-10/spatial-mean/realized_dx,reach-wall,encoder,10,block_residual_output,mean_of_256_spatial_tokens,,realized_dx,"{""metric"": ""r2"", ""score"": 0.015826099605540822, ""time_baseline"": 0.005340828654275098, ""delta_vs_time"": 0.010485270951265724}",,,"{""participation_ratio"": 6.691280162518866, ""top10_variance_fraction"": 0.7265093891672635, ""adjacent_timestep_cosine_mean"": 0.9978706067717454}",,,,,,none_validated,"{""linear_score"": ""measured_discovery_only"", ""nonlinear_gain"": ""pending_measurement"", ""best_coordinate_frame"": ""pending_measurement"", ""geometry"": ""descriptive_activation_geometry"", ""cross_trajectory_stability"": ""pending_measurement"", ""regime_dependence"": ""pending_measurement"", ""causal_patch_effect"": ""pending_measurement"", ""specificity"": ""pending_measurement"", ""manifold_distance"": ""pending_measurement"", ""recommended_operator"": ""not_yet_justified""}","[{""path"": ""artifacts/geometry_map/reach_wall_v1/discovery-screen/discovery_screen.json"", ""item"": ""rows[226]""}]"
reach-wall/encoder/block-10/spatial-mean/realized_dy,reach-wall,encoder,10,block_residual_output,mean_of_256_spatial_tokens,,realized_dy,"{""metric"": ""r2"", ""score"": 0.8517659583493943, ""time_baseline"": 0.7938417819030151, ""delta_vs_time"": 0.05792417644637915}",,,"{""participation_ratio"": 6.691280162518866, ""top10_variance_fraction"": 0.7265093891672635, ""adjacent_timestep_cosine_mean"": 0.9978706067717454}",,,,,,none_validated,"{""linear_score"": ""measured_discovery_only"", ""nonlinear_gain"": ""pending_measurement"", ""best_coordinate_frame"": ""pending_measurement"", ""geometry"": ""descriptive_activation_geometry"", ""cross_trajectory_stability"": ""pending_measurement"", ""regime_dependence"": ""pending_measurement"", ""causal_patch_effect"": ""pending_measurement"", ""specificity"": ""pending_measurement"", ""manifold_distance"": ""pending_measurement"", ""recommended_operator"": ""not_yet_justified""}","[{""path"": ""artifacts/geometry_map/reach_wall_v1/discovery-screen/discovery_screen.json"", ""item"": ""rows[227]""}]"
reach-wall/encoder/block-10/spatial-mean/realized_dz,reach-wall,encoder,10,block_residual_output,mean_of_256_spatial_tokens,,realized_dz,"{""metric"": ""r2"", ""score"": 0.11161969933303084, ""time_baseline"": 0.07117442644816807, ""delta_vs_time"": 0.04044527288486277}",,,"{""participation_ratio"": 6.691280162518866, ""top10_variance_fraction"": 0.7265093891672635, ""adjacent_timestep_cosine_mean"": 0.9978706067717454}",,,,,,none_validated,"{""linear_score"": ""measured_discovery_only"", ""nonlinear_gain"": ""pending_measurement"", ""best_coordinate_frame"": ""pending_measurement"", ""geometry"": ""descriptive_activation_geometry"", ""cross_trajectory_stability"": ""pending_measurement"", ""regime_dependence"": ""pending_measurement"", ""causal_patch_effect"": ""pending_measurement"", ""specificity"": ""pending_measurement"", ""manifold_distance"": ""pending_measurement"", ""recommended_operator"": ""not_yet_justified""}","[{""path"": ""artifacts/geometry_map/reach_wall_v1/discovery-screen/discovery_screen.json"", ""item"": ""rows[228]""}]"
reach-wall/encoder/block-10/spatial-mean/realized_hand_delta_magnitude,reach-wall,encoder,10,block_residual_output,mean_of_256_spatial_tokens,,realized_hand_delta_magnitude,"{""metric"": ""r2"", ""score"": 0.7019324680059018, ""time_baseline"": 0.6130267917023396, ""delta_vs_time"": 0.08890567630356216}",,,"{""participation_ratio"": 6.691280162518866, ""top10_variance_fraction"": 0.7265093891672635, ""adjacent_timestep_cosine_mean"": 0.9978706067717454}",,,,,,none_validated,"{""linear_score"": ""measured_discovery_only"", ""nonlinear_gain"": ""pending_measurement"", ""best_coordinate_frame"": ""pending_measurement"", ""geometry"": ""descriptive_activation_geometry"", ""cross_trajectory_stability"": ""pending_measurement"", ""regime_dependence"": ""pending_measurement"", ""causal_patch_effect"": ""pending_measurement"", ""specificity"": ""pending_measurement"", ""manifold_distance"": ""pending_measurement"", ""recommended_operator"": ""not_yet_justified""}","[{""path"": ""artifacts/geometry_map/reach_wall_v1/discovery-screen/discovery_screen.json"", ""item"": ""rows[229]""}, {""path"": ""artifacts/geometry_map/reach_wall_v1/emergence-geometry/emergence_geometry.json"", ""item"": ""curves.encoder.motion_magnitude.rows.layer=10""}]"
reach-wall/encoder/block-10/spatial-mean/realized_xz_direction,reach-wall,encoder,10,block_residual_output,mean_of_256_spatial_tokens,,realized_xz_direction,"{""metric"": ""r2"", ""score"": 0.030193999515957644, ""time_baseline"": null, ""delta_vs_time"": null}",,,,,,,,,none_validated,"{""linear_score"": ""measured_discovery_only"", ""nonlinear_gain"": ""pending_measurement"", ""best_coordinate_frame"": ""pending_measurement"", ""geometry"": ""pending_measurement"", ""cross_trajectory_stability"": ""pending_measurement"", ""regime_dependence"": ""pending_measurement"", ""causal_patch_effect"": ""pending_measurement"", ""specificity"": ""pending_measurement"", ""manifold_distance"": ""pending_measurement"", ""recommended_operator"": ""not_yet_justified""}","[{""path"": ""artifacts/geometry_map/reach_wall_v1/emergence-geometry/emergence_geometry.json"", ""item"": ""curves.encoder.realized_xz_direction.rows.layer=10""}]"
reach-wall/encoder/block-10/spatial-mean/reward_sum,reach-wall,encoder,10,block_residual_output,mean_of_256_spatial_tokens,,reward_sum,"{""metric"": ""r2"", ""score"": 0.9493646494998289, ""time_baseline"": 0.9142972039613033, ""delta_vs_time"": 0.03506744553852559}",,,"{""participation_ratio"": 6.691280162518866, ""top10_variance_fraction"": 0.7265093891672635, ""adjacent_timestep_cosine_mean"": 0.9978706067717454}",,,,,,none_validated,"{""linear_score"": ""measured_discovery_only"", ""nonlinear_gain"": ""pending_measurement"", ""best_coordinate_frame"": ""pending_measurement"", ""geometry"": ""descriptive_activation_geometry"", ""cross_trajectory_stability"": ""pending_measurement"", ""regime_dependence"": ""pending_measurement"", ""causal_patch_effect"": ""pending_measurement"", ""specificity"": ""pending_measurement"", ""manifold_distance"": ""pending_measurement"", ""recommended_operator"": ""not_yet_justified""}","[{""path"": ""artifacts/geometry_map/reach_wall_v1/discovery-screen/discovery_screen.json"", ""item"": ""rows[230]""}]"
reach-wall/encoder/block-10/spatial-mean/wall_signed_distance,reach-wall,encoder,10,block_residual_output,mean_of_256_spatial_tokens,,wall_signed_distance,"{""metric"": ""r2"", ""score"": 0.96094663911619, ""time_baseline"": 0.14228076564542247, ""delta_vs_time"": 0.8186658734707676}",,,"{""participation_ratio"": 6.691280162518866, ""top10_variance_fraction"": 0.7265093891672635, ""adjacent_timestep_cosine_mean"": 0.9978706067717454}",,,,,,none_validated,"{""linear_score"": ""measured_discovery_only"", ""nonlinear_gain"": ""pending_measurement"", ""best_coordinate_frame"": ""pending_measurement"", ""geometry"": ""descriptive_activation_geometry"", ""cross_trajectory_stability"": ""pending_measurement"", ""regime_dependence"": ""pending_measurement"", ""causal_patch_effect"": ""pending_measurement"", ""specificity"": ""pending_measurement"", ""manifold_distance"": ""pending_measurement"", ""recommended_operator"": ""not_yet_justified""}","[{""path"": ""artifacts/geometry_map/reach_wall_v1/discovery-screen/discovery_screen.json"", ""item"": ""rows[218]""}, {""path"": ""artifacts/geometry_map/reach_wall_v1/emergence-geometry/emergence_geometry.json"", ""item"": ""curves.encoder.wall_signed_distance.rows.layer=10""}]"
reach-wall/encoder/block-11/spatial-mean/action_chunk_frobenius_magnitude,reach-wall,encoder,11,block_residual_output,mean_of_256_spatial_tokens,,action_chunk_frobenius_magnitude,"{""metric"": ""r2"", ""score"": 0.47135838813549624, ""time_baseline"": 0.4725658231754639, ""delta_vs_time"": -0.0012074350399676748}","{""knn_score"": 0.49681116730736485, ""linear_score"": 0.47135838813549624, ""nonlinear_gain"": 0.02545277917186861}",,"{""participation_ratio"": 10.070510248731628, ""top10_variance_fraction"": 0.7056837027929377, ""adjacent_timestep_cosine_mean"": 0.995015834924718}",,,,,,none_validated,"{""linear_score"": ""measured_discovery_only"", ""nonlinear_gain"": ""measured_discovery_only"", ""best_coordinate_frame"": ""pending_measurement"", ""geometry"": ""descriptive_activation_geometry"", ""cross_trajectory_stability"": ""pending_measurement"", ""regime_dependence"": ""pending_measurement"", ""causal_patch_effect"": ""pending_measurement"", ""specificity"": ""pending_measurement"", ""manifold_distance"": ""pending_measurement"", ""recommended_operator"": ""not_yet_justified""}","[{""path"": ""artifacts/geometry_map/reach_wall_v1/discovery-screen/discovery_screen.json"", ""item"": ""rows[246]""}, {""path"": ""artifacts/geometry_map/reach_wall_v1/cached-geometry-v2/nonlinear_screen.json"", ""item"": ""rows[78]""}]"
reach-wall/encoder/block-11/spatial-mean/action_dx,reach-wall,encoder,11,block_residual_output,mean_of_256_spatial_tokens,,action_dx,"{""metric"": ""r2"", ""score"": 0.0011424473113295086, ""time_baseline"": 0.0033910809446688894, ""delta_vs_time"": -0.002248633633339381}","{""knn_score"": 0.005053992053885237, ""linear_score"": 0.0011424473113295086, ""nonlinear_gain"": 0.003911544742555728}",,"{""participation_ratio"": 10.070510248731628, ""top10_variance_fraction"": 0.7056837027929377, ""adjacent_timestep_cosine_mean"": 0.995015834924718}",,,,,,none_validated,"{""linear_score"": ""measured_discovery_only"", ""nonlinear_gain"": ""measured_discovery_only"", ""best_coordinate_frame"": ""pending_measurement"", ""geometry"": ""descriptive_activation_geometry"", ""cross_trajectory_stability"": ""pending_measurement"", ""regime_dependence"": ""pending_measurement"", ""causal_patch_effect"": ""pending_measurement"", ""specificity"": ""pending_measurement"", ""manifold_distance"": ""pending_measurement"", ""recommended_operator"": ""not_yet_justified""}","[{""path"": ""artifacts/geometry_map/reach_wall_v1/discovery-screen/discovery_screen.json"", ""item"": ""rows[243]""}, {""path"": ""artifacts/geometry_map/reach_wall_v1/cached-geometry-v2/nonlinear_screen.json"", ""item"": ""rows[75]""}]"
reach-wall/encoder/block-11/spatial-mean/action_dy,reach-wall,encoder,11,block_residual_output,mean_of_256_spatial_tokens,,action_dy,"{""metric"": ""r2"", ""score"": 0.6190053800469443, ""time_baseline"": 0.6287213192564175, ""delta_vs_time"": -0.009715939209473223}","{""knn_score"": 0.6180206835835959, ""linear_score"": 0.6190053800469443, ""nonlinear_gain"": -0.0009846964633484223}",,"{""participation_ratio"": 10.070510248731628, ""top10_variance_fraction"": 0.7056837027929377, ""adjacent_timestep_cosine_mean"": 0.995015834924718}",,,,,,none_validated,"{""linear_score"": ""measured_discovery_only"", ""nonlinear_gain"": ""measured_discovery_only"", ""best_coordinate_frame"": ""pending_measurement"", ""geometry"": ""descriptive_activation_geometry"", ""cross_trajectory_stability"": ""pending_measurement"", ""regime_dependence"": ""pending_measurement"", ""causal_patch_effect"": ""pending_measurement"", ""specificity"": ""pending_measurement"", ""manifold_distance"": ""pending_measurement"", ""recommended_operator"": ""not_yet_justified""}","[{""path"": ""artifacts/geometry_map/reach_wall_v1/discovery-screen/discovery_screen.json"", ""item"": ""rows[244]""}, {""path"": ""artifacts/geometry_map/reach_wall_v1/cached-geometry-v2/nonlinear_screen.json"", ""item"": ""rows[76]""}]"
reach-wall/encoder/block-11/spatial-mean/action_dz,reach-wall,encoder,11,block_residual_output,mean_of_256_spatial_tokens,,action_dz,"{""metric"": ""r2"", ""score"": 0.017453107833425352, ""time_baseline"": 0.02788791500905774, ""delta_vs_time"": -0.010434807175632388}","{""knn_score"": 0.08154341577004443, ""linear_score"": 0.017453107833425352, ""nonlinear_gain"": 0.06409030793661907}",,"{""participation_ratio"": 10.070510248731628, ""top10_variance_fraction"": 0.7056837027929377, ""adjacent_timestep_cosine_mean"": 0.995015834924718}",,,,,,none_validated,"{""linear_score"": ""measured_discovery_only"", ""nonlinear_gain"": ""measured_discovery_only"", ""best_coordinate_frame"": ""pending_measurement"", ""geometry"": ""descriptive_activation_geometry"", ""cross_trajectory_stability"": ""pending_measurement"", ""regime_dependence"": ""pending_measurement"", ""causal_patch_effect"": ""pending_measurement"", ""specificity"": ""pending_measurement"", ""manifold_distance"": ""pending_measurement"", ""recommended_operator"": ""not_yet_justified""}","[{""path"": ""artifacts/geometry_map/reach_wall_v1/discovery-screen/discovery_screen.json"", ""item"": ""rows[245]""}, {""path"": ""artifacts/geometry_map/reach_wall_v1/cached-geometry-v2/nonlinear_screen.json"", ""item"": ""rows[77]""}]"
reach-wall/encoder/block-11/spatial-mean/cumulative_progress,reach-wall,encoder,11,block_residual_output,mean_of_256_spatial_tokens,,cumulative_progress,"{""metric"": ""r2"", ""score"": 0.9416307252315712, ""time_baseline"": 0.9222151817810877, ""delta_vs_time"": 0.019415543450483463}","{""knn_score"": 0.8978534744041219, ""linear_score"": 0.9416307252315712, ""nonlinear_gain"": -0.04377725082744932}",,"{""participation_ratio"": 10.070510248731628, ""top10_variance_fraction"": 0.7056837027929377, ""adjacent_timestep_cosine_mean"": 0.995015834924718}",,,,,,none_validated,"{""linear_score"": ""measured_discovery_only"", ""nonlinear_gain"": ""measured_discovery_only"", ""best_coordinate_frame"": ""pending_measurement"", ""geometry"": ""descriptive_activation_geometry"", ""cross_trajectory_stability"": ""pending_measurement"", ""regime_dependence"": ""pending_measurement"", ""causal_patch_effect"": ""pending_measurement"", ""specificity"": ""pending_measurement"", ""manifold_distance"": ""pending_measurement"", ""recommended_operator"": ""not_yet_justified""}","[{""path"": ""artifacts/geometry_map/reach_wall_v1/discovery-screen/discovery_screen.json"", ""item"": ""rows[232]""}, {""path"": ""artifacts/geometry_map/reach_wall_v1/emergence-geometry/emergence_geometry.json"", ""item"": ""curves.encoder.progress.rows.layer=11""}, {""path"": ""artifacts/geometry_map/reach_wall_v1/cached-geometry-v2/nonlinear_screen.json"", ""item"": ""rows[64]""}]"
reach-wall/encoder/block-11/spatial-mean/expert_detour_gate,reach-wall,encoder,11,block_residual_output,mean_of_256_spatial_tokens,,expert_detour_gate,"{""metric"": ""auroc"", ""score"": 0.9977548130803715, ""time_baseline"": 0.978149765850144, ""delta_vs_time"": 0.01960504723022749}","{""knn_score"": 0.9966906945445084, ""linear_score"": 0.9977548130803715, ""nonlinear_gain"": -0.001064118535863079}",,"{""participation_ratio"": 10.070510248731628, ""top10_variance_fraction"": 0.7056837027929377, ""adjacent_timestep_cosine_mean"": 0.995015834924718}",,,,,,none_validated,"{""linear_score"": ""measured_discovery_only"", ""nonlinear_gain"": ""measured_discovery_only"", ""best_coordinate_frame"": ""pending_measurement"", ""geometry"": ""descriptive_activation_geometry"", ""cross_trajectory_stability"": ""pending_measurement"", ""regime_dependence"": ""pending_measurement"", ""causal_patch_effect"": ""pending_measurement"", ""specificity"": ""pending_measurement"", ""manifold_distance"": ""pending_measurement"", ""recommended_operator"": ""not_yet_justified""}","[{""path"": ""artifacts/geometry_map/reach_wall_v1/discovery-screen/discovery_screen.json"", ""item"": ""rows[242]""}, {""path"": ""artifacts/geometry_map/reach_wall_v1/cached-geometry-v2/nonlinear_screen.json"", ""item"": ""rows[74]""}]"
reach-wall/encoder/block-11/spatial-mean/goal_distance,reach-wall,encoder,11,block_residual_output,mean_of_256_spatial_tokens,,goal_distance,"{""metric"": ""r2"", ""score"": 0.9242090287183546, ""time_baseline"": 0.908897827090231, ""delta_vs_time"": 0.015311201628123605}","{""knn_score"": 0.8849029929609641, ""linear_score"": 0.9242090287183546, ""nonlinear_gain"": -0.039306035757390556}",,"{""participation_ratio"": 10.070510248731628, ""top10_variance_fraction"": 0.7056837027929377, ""adjacent_timestep_cosine_mean"": 0.995015834924718}",,,,,,none_validated,"{""linear_score"": ""measured_discovery_only"", ""nonlinear_gain"": ""measured_discovery_only"", ""best_coordinate_frame"": ""pending_measurement"", ""geometry"": ""descriptive_activation_geometry"", ""cross_trajectory_stability"": ""pending_measurement"", ""regime_dependence"": ""pending_measurement"", ""causal_patch_effect"": ""pending_measurement"", ""specificity"": ""pending_measurement"", ""manifold_distance"": ""pending_measurement"", ""recommended_operator"": ""not_yet_justified""}","[{""path"": ""artifacts/geometry_map/reach_wall_v1/discovery-screen/discovery_screen.json"", ""item"": ""rows[231]""}, {""path"": ""artifacts/geometry_map/reach_wall_v1/cached-geometry-v2/nonlinear_screen.json"", ""item"": ""rows[63]""}]"
reach-wall/encoder/block-11/spatial-mean/goal_vector_x,reach-wall,encoder,11,block_residual_output,mean_of_256_spatial_tokens,,goal_vector_x,"{""metric"": ""r2"", ""score"": 0.05025675533464824, ""time_baseline"": 0.08054582471970773, ""delta_vs_time"": -0.030289069385059486}","{""knn_score"": 0.09507011417085598, ""linear_score"": 0.05025675533464824, ""nonlinear_gain"": 0.04481335883620774}",,"{""participation_ratio"": 10.070510248731628, ""top10_variance_fraction"": 0.7056837027929377, ""adjacent_timestep_cosine_mean"": 0.995015834924718}",,,,,,none_validated,"{""linear_score"": ""measured_discovery_only"", ""nonlinear_gain"": ""measured_discovery_only"", ""best_coordinate_frame"": ""pending_measurement"", ""geometry"": ""descriptive_activation_geometry"", ""cross_trajectory_stability"": ""pending_measurement"", ""regime_dependence"": ""pending_measurement"", ""causal_patch_effect"": ""pending_measurement"", ""specificity"": ""pending_measurement"", ""manifold_distance"": ""pending_measurement"", ""recommended_operator"": ""not_yet_justified""}","[{""path"": ""artifacts/geometry_map/reach_wall_v1/discovery-screen/discovery_screen.json"", ""item"": ""rows[236]""}, {""path"": ""artifacts/geometry_map/reach_wall_v1/cached-geometry-v2/nonlinear_screen.json"", ""item"": ""rows[68]""}]"
reach-wall/encoder/block-11/spatial-mean/goal_vector_y,reach-wall,encoder,11,block_residual_output,mean_of_256_spatial_tokens,,goal_vector_y,"{""metric"": ""r2"", ""score"": 0.9569541578299553, ""time_baseline"": 0.9568517433439947, ""delta_vs_time"": 0.00010241448596060021}","{""knn_score"": 0.9085146652645697, ""linear_score"": 0.9569541578299553, ""nonlinear_gain"": -0.0484394925653856}",,"{""participation_ratio"": 10.070510248731628, ""top10_variance_fraction"": 0.7056837027929377, ""adjacent_timestep_cosine_mean"": 0.995015834924718}",,,,,,none_validated,"{""linear_score"": ""measured_discovery_only"", ""nonlinear_gain"": ""measured_discovery_only"", ""best_coordinate_frame"": ""pending_measurement"", ""geometry"": ""descriptive_activation_geometry"", ""cross_trajectory_stability"": ""pending_measurement"", ""regime_dependence"": ""pending_measurement"", ""causal_patch_effect"": ""pending_measurement"", ""specificity"": ""pending_measurement"", ""manifold_distance"": ""pending_measurement"", ""recommended_operator"": ""not_yet_justified""}","[{""path"": ""artifacts/geometry_map/reach_wall_v1/discovery-screen/discovery_screen.json"", ""item"": ""rows[237]""}, {""path"": ""artifacts/geometry_map/reach_wall_v1/cached-geometry-v2/nonlinear_screen.json"", ""item"": ""rows[69]""}]"
reach-wall/encoder/block-11/spatial-mean/goal_vector_z,reach-wall,encoder,11,block_residual_output,mean_of_256_spatial_tokens,,goal_vector_z,"{""metric"": ""r2"", ""score"": 0.4880412936158053, ""time_baseline"": 0.044334510544640326, ""delta_vs_time"": 0.44370678307116496}","{""knn_score"": 0.4346854529988802, ""linear_score"": 0.4880412936158053, ""nonlinear_gain"": -0.05335584061692511}",,"{""participation_ratio"": 10.070510248731628, ""top10_variance_fraction"": 0.7056837027929377, ""adjacent_timestep_cosine_mean"": 0.995015834924718}",,,,,,none_validated,"{""linear_score"": ""measured_discovery_only"", ""nonlinear_gain"": ""measured_discovery_only"", ""best_coordinate_frame"": ""pending_measurement"", ""geometry"": ""descriptive_activation_geometry"", ""cross_trajectory_stability"": ""pending_measurement"", ""regime_dependence"": ""pending_measurement"", ""causal_patch_effect"": ""pending_measurement"", ""specificity"": ""pending_measurement"", ""manifold_distance"": ""pending_measurement"", ""recommended_operator"": ""not_yet_justified""}","[{""path"": ""artifacts/geometry_map/reach_wall_v1/discovery-screen/discovery_screen.json"", ""item"": ""rows[238]""}, {""path"": ""artifacts/geometry_map/reach_wall_v1/cached-geometry-v2/nonlinear_screen.json"", ""item"": ""rows[70]""}]"
reach-wall/encoder/block-11/spatial-mean/goal_xz_direction,reach-wall,encoder,11,block_residual_output,mean_of_256_spatial_tokens,,goal_xz_direction,"{""metric"": ""r2"", ""score"": 0.34192433882484496, ""time_baseline"": null, ""delta_vs_time"": null}",,,,,,,,,none_validated,"{""linear_score"": ""measured_discovery_only"", ""nonlinear_gain"": ""pending_measurement"", ""best_coordinate_frame"": ""pending_measurement"", ""geometry"": ""pending_measurement"", ""cross_trajectory_stability"": ""pending_measurement"", ""regime_dependence"": ""pending_measurement"", ""causal_patch_effect"": ""pending_measurement"", ""specificity"": ""pending_measurement"", ""manifold_distance"": ""pending_measurement"", ""recommended_operator"": ""not_yet_justified""}","[{""path"": ""artifacts/geometry_map/reach_wall_v1/emergence-geometry/emergence_geometry.json"", ""item"": ""curves.encoder.goal_xz_direction.rows.layer=11""}]"
reach-wall/encoder/block-11/spatial-mean/hand_to_goal_segment_intersects_wall,reach-wall,encoder,11,block_residual_output,mean_of_256_spatial_tokens,,hand_to_goal_segment_intersects_wall,"{""metric"": ""auroc"", ""score"": 0.9887548032588787, ""time_baseline"": 0.9019247457737662, ""delta_vs_time"": 0.08683005748511241}","{""knn_score"": 0.9779407901530703, ""linear_score"": 0.9887548032588787, ""nonlinear_gain"": -0.010814013105808318}",,"{""participation_ratio"": 10.070510248731628, ""top10_variance_fraction"": 0.7056837027929377, ""adjacent_timestep_cosine_mean"": 0.995015834924718}",,,,,,none_validated,"{""linear_score"": ""measured_discovery_only"", ""nonlinear_gain"": ""measured_discovery_only"", ""best_coordinate_frame"": ""pending_measurement"", ""geometry"": ""descriptive_activation_geometry"", ""cross_trajectory_stability"": ""pending_measurement"", ""regime_dependence"": ""pending_measurement"", ""causal_patch_effect"": ""pending_measurement"", ""specificity"": ""pending_measurement"", ""manifold_distance"": ""pending_measurement"", ""recommended_operator"": ""not_yet_justified""}","[{""path"": ""artifacts/geometry_map/reach_wall_v1/discovery-screen/discovery_screen.json"", ""item"": ""rows[241]""}, {""path"": ""artifacts/geometry_map/reach_wall_v1/cached-geometry-v2/nonlinear_screen.json"", ""item"": ""rows[73]""}]"
reach-wall/encoder/block-11/spatial-mean/hand_x,reach-wall,encoder,11,block_residual_output,mean_of_256_spatial_tokens,,hand_x,"{""metric"": ""r2"", ""score"": 0.7583512072616486, ""time_baseline"": 0.058067306134002794, ""delta_vs_time"": 0.7002839011276458}","{""knn_score"": 0.5011655286607084, ""linear_score"": 0.7583512072616486, ""nonlinear_gain"": -0.2571856786009402}",,"{""participation_ratio"": 10.070510248731628, ""top10_variance_fraction"": 0.7056837027929377, ""adjacent_timestep_cosine_mean"": 0.995015834924718}",,,,,,none_validated,"{""linear_score"": ""measured_discovery_only"", ""nonlinear_gain"": ""measured_discovery_only"", ""best_coordinate_frame"": ""pending_measurement"", ""geometry"": ""descriptive_activation_geometry"", ""cross_trajectory_stability"": ""pending_measurement"", ""regime_dependence"": ""pending_measurement"", ""causal_patch_effect"": ""pending_measurement"", ""specificity"": ""pending_measurement"", ""manifold_distance"": ""pending_measurement"", ""recommended_operator"": ""not_yet_justified""}","[{""path"": ""artifacts/geometry_map/reach_wall_v1/discovery-screen/discovery_screen.json"", ""item"": ""rows[233]""}, {""path"": ""artifacts/geometry_map/reach_wall_v1/cached-geometry-v2/nonlinear_screen.json"", ""item"": ""rows[65]""}]"
reach-wall/encoder/block-11/spatial-mean/hand_y,reach-wall,encoder,11,block_residual_output,mean_of_256_spatial_tokens,,hand_y,"{""metric"": ""r2"", ""score"": 0.9857989462389428, ""time_baseline"": 0.9772521653309317, ""delta_vs_time"": 0.008546780908011087}","{""knn_score"": 0.9351025446073442, ""linear_score"": 0.9857989462389428, ""nonlinear_gain"": -0.05069640163159861}",,"{""participation_ratio"": 10.070510248731628, ""top10_variance_fraction"": 0.7056837027929377, ""adjacent_timestep_cosine_mean"": 0.995015834924718}",,,,,,none_validated,"{""linear_score"": ""measured_discovery_only"", ""nonlinear_gain"": ""measured_discovery_only"", ""best_coordinate_frame"": ""pending_measurement"", ""geometry"": ""descriptive_activation_geometry"", ""cross_trajectory_stability"": ""pending_measurement"", ""regime_dependence"": ""pending_measurement"", ""causal_patch_effect"": ""pending_measurement"", ""specificity"": ""pending_measurement"", ""manifold_distance"": ""pending_measurement"", ""recommended_operator"": ""not_yet_justified""}","[{""path"": ""artifacts/geometry_map/reach_wall_v1/discovery-screen/discovery_screen.json"", ""item"": ""rows[234]""}, {""path"": ""artifacts/geometry_map/reach_wall_v1/cached-geometry-v2/nonlinear_screen.json"", ""item"": ""rows[66]""}]"
reach-wall/encoder/block-11/spatial-mean/hand_z,reach-wall,encoder,11,block_residual_output,mean_of_256_spatial_tokens,,hand_z,"{""metric"": ""r2"", ""score"": 0.9821471084046379, ""time_baseline"": 0.00804356141242546, ""delta_vs_time"": 0.9741035469922125}","{""knn_score"": 0.8215524528211925, ""linear_score"": 0.9821471084046379, ""nonlinear_gain"": -0.16059465558344543}",,"{""participation_ratio"": 10.070510248731628, ""top10_variance_fraction"": 0.7056837027929377, ""adjacent_timestep_cosine_mean"": 0.995015834924718}",,,,,,none_validated,"{""linear_score"": ""measured_discovery_only"", ""nonlinear_gain"": ""measured_discovery_only"", ""best_coordinate_frame"": ""pending_measurement"", ""geometry"": ""descriptive_activation_geometry"", ""cross_trajectory_stability"": ""pending_measurement"", ""regime_dependence"": ""pending_measurement"", ""causal_patch_effect"": ""pending_measurement"", ""specificity"": ""pending_measurement"", ""manifold_distance"": ""pending_measurement"", ""recommended_operator"": ""not_yet_justified""}","[{""path"": ""artifacts/geometry_map/reach_wall_v1/discovery-screen/discovery_screen.json"", ""item"": ""rows[235]""}, {""path"": ""artifacts/geometry_map/reach_wall_v1/cached-geometry-v2/nonlinear_screen.json"", ""item"": ""rows[67]""}]"
reach-wall/encoder/block-11/spatial-mean/height_above_wall_top,reach-wall,encoder,11,block_residual_output,mean_of_256_spatial_tokens,,height_above_wall_top,"{""metric"": ""r2"", ""score"": 0.9821471080089399, ""time_baseline"": 0.008043558955029284, ""delta_vs_time"": 0.9741035490539106}","{""knn_score"": 0.8215524485269712, ""linear_score"": 0.9821471080089399, ""nonlinear_gain"": -0.16059465948196872}",,"{""participation_ratio"": 10.070510248731628, ""top10_variance_fraction"": 0.7056837027929377, ""adjacent_timestep_cosine_mean"": 0.995015834924718}",,,,,,none_validated,"{""linear_score"": ""measured_discovery_only"", ""nonlinear_gain"": ""measured_discovery_only"", ""best_coordinate_frame"": ""pending_measurement"", ""geometry"": ""descriptive_activation_geometry"", ""cross_trajectory_stability"": ""pending_measurement"", ""regime_dependence"": ""pending_measurement"", ""causal_patch_effect"": ""pending_measurement"", ""specificity"": ""pending_measurement"", ""manifold_distance"": ""pending_measurement"", ""recommended_operator"": ""not_yet_justified""}","[{""path"": ""artifacts/geometry_map/reach_wall_v1/discovery-screen/discovery_screen.json"", ""item"": ""rows[240]""}, {""path"": ""artifacts/geometry_map/reach_wall_v1/cached-geometry-v2/nonlinear_screen.json"", ""item"": ""rows[72]""}]"
reach-wall/encoder/block-11/spatial-mean/realized_dx,reach-wall,encoder,11,block_residual_output,mean_of_256_spatial_tokens,,realized_dx,"{""metric"": ""r2"", ""score"": 0.026532203295031365, ""time_baseline"": 0.005340828654275098, ""delta_vs_time"": 0.021191374640756266}","{""knn_score"": 0.02211028727265041, ""linear_score"": 0.026532203295031365, ""nonlinear_gain"": -0.004421916022380956}",,"{""participation_ratio"": 10.070510248731628, ""top10_variance_fraction"": 0.7056837027929377, ""adjacent_timestep_cosine_mean"": 0.995015834924718}",,,,,,none_validated,"{""linear_score"": ""measured_discovery_only"", ""nonlinear_gain"": ""measured_discovery_only"", ""best_coordinate_frame"": ""pending_measurement"", ""geometry"": ""descriptive_activation_geometry"", ""cross_trajectory_stability"": ""pending_measurement"", ""regime_dependence"": ""pending_measurement"", ""causal_patch_effect"": ""pending_measurement"", ""specificity"": ""pending_measurement"", ""manifold_distance"": ""pending_measurement"", ""recommended_operator"": ""not_yet_justified""}","[{""path"": ""artifacts/geometry_map/reach_wall_v1/discovery-screen/discovery_screen.json"", ""item"": ""rows[247]""}, {""path"": ""artifacts/geometry_map/reach_wall_v1/cached-geometry-v2/nonlinear_screen.json"", ""item"": ""rows[79]""}]"
reach-wall/encoder/block-11/spatial-mean/realized_dy,reach-wall,encoder,11,block_residual_output,mean_of_256_spatial_tokens,,realized_dy,"{""metric"": ""r2"", ""score"": 0.8526604938106119, ""time_baseline"": 0.7938417819030151, ""delta_vs_time"": 0.0588187119075968}","{""knn_score"": 0.8060700403352818, ""linear_score"": 0.8526604938106119, ""nonlinear_gain"": -0.046590453475330085}",,"{""participation_ratio"": 10.070510248731628, ""top10_variance_fraction"": 0.7056837027929377, ""adjacent_timestep_cosine_mean"": 0.995015834924718}",,,,,,none_validated,"{""linear_score"": ""measured_discovery_only"", ""nonlinear_gain"": ""measured_discovery_only"", ""best_coordinate_frame"": ""pending_measurement"", ""geometry"": ""descriptive_activation_geometry"", ""cross_trajectory_stability"": ""pending_measurement"", ""regime_dependence"": ""pending_measurement"", ""causal_patch_effect"": ""pending_measurement"", ""specificity"": ""pending_measurement"", ""manifold_distance"": ""pending_measurement"", ""recommended_operator"": ""not_yet_justified""}","[{""path"": ""artifacts/geometry_map/reach_wall_v1/discovery-screen/discovery_screen.json"", ""item"": ""rows[248]""}, {""path"": ""artifacts/geometry_map/reach_wall_v1/cached-geometry-v2/nonlinear_screen.json"", ""item"": ""rows[80]""}]"
reach-wall/encoder/block-11/spatial-mean/realized_dz,reach-wall,encoder,11,block_residual_output,mean_of_256_spatial_tokens,,realized_dz,"{""metric"": ""r2"", ""score"": 0.13923741256624522, ""time_baseline"": 0.07117442644816807, ""delta_vs_time"": 0.06806298611807715}","{""knn_score"": 0.17943001232641076, ""linear_score"": 0.13923741256624522, ""nonlinear_gain"": 0.04019259976016554}",,"{""participation_ratio"": 10.070510248731628, ""top10_variance_fraction"": 0.7056837027929377, ""adjacent_timestep_cosine_mean"": 0.995015834924718}",,,,,,none_validated,"{""linear_score"": ""measured_discovery_only"", ""nonlinear_gain"": ""measured_discovery_only"", ""best_coordinate_frame"": ""pending_measurement"", ""geometry"": ""descriptive_activation_geometry"", ""cross_trajectory_stability"": ""pending_measurement"", ""regime_dependence"": ""pending_measurement"", ""causal_patch_effect"": ""pending_measurement"", ""specificity"": ""pending_measurement"", ""manifold_distance"": ""pending_measurement"", ""recommended_operator"": ""not_yet_justified""}","[{""path"": ""artifacts/geometry_map/reach_wall_v1/discovery-screen/discovery_screen.json"", ""item"": ""rows[249]""}, {""path"": ""artifacts/geometry_map/reach_wall_v1/cached-geometry-v2/nonlinear_screen.json"", ""item"": ""rows[81]""}]"
reach-wall/encoder/block-11/spatial-mean/realized_hand_delta_magnitude,reach-wall,encoder,11,block_residual_output,mean_of_256_spatial_tokens,,realized_hand_delta_magnitude,"{""metric"": ""r2"", ""score"": 0.7002074303027865, ""time_baseline"": 0.6130267917023396, ""delta_vs_time"": 0.08718063860044689}","{""knn_score"": 0.6839343820536807, ""linear_score"": 0.7002074303027865, ""nonlinear_gain"": -0.016273048249105804}",,"{""participation_ratio"": 10.070510248731628, ""top10_variance_fraction"": 0.7056837027929377, ""adjacent_timestep_cosine_mean"": 0.995015834924718}",,,,,,none_validated,"{""linear_score"": ""measured_discovery_only"", ""nonlinear_gain"": ""measured_discovery_only"", ""best_coordinate_frame"": ""pending_measurement"", ""geometry"": ""descriptive_activation_geometry"", ""cross_trajectory_stability"": ""pending_measurement"", ""regime_dependence"": ""pending_measurement"", ""causal_patch_effect"": ""pending_measurement"", ""specificity"": ""pending_measurement"", ""manifold_distance"": ""pending_measurement"", ""recommended_operator"": ""not_yet_justified""}","[{""path"": ""artifacts/geometry_map/reach_wall_v1/discovery-screen/discovery_screen.json"", ""item"": ""rows[250]""}, {""path"": ""artifacts/geometry_map/reach_wall_v1/emergence-geometry/emergence_geometry.json"", ""item"": ""curves.encoder.motion_magnitude.rows.layer=11""}, {""path"": ""artifacts/geometry_map/reach_wall_v1/cached-geometry-v2/nonlinear_screen.json"", ""item"": ""rows[82]""}]"
reach-wall/encoder/block-11/spatial-mean/realized_xz_direction,reach-wall,encoder,11,block_residual_output,mean_of_256_spatial_tokens,,realized_xz_direction,"{""metric"": ""r2"", ""score"": 0.04571032744980697, ""time_baseline"": null, ""delta_vs_time"": null}",,,,,,,,,none_validated,"{""linear_score"": ""measured_discovery_only"", ""nonlinear_gain"": ""pending_measurement"", ""best_coordinate_frame"": ""pending_measurement"", ""geometry"": ""pending_measurement"", ""cross_trajectory_stability"": ""pending_measurement"", ""regime_dependence"": ""pending_measurement"", ""causal_patch_effect"": ""pending_measurement"", ""specificity"": ""pending_measurement"", ""manifold_distance"": ""pending_measurement"", ""recommended_operator"": ""not_yet_justified""}","[{""path"": ""artifacts/geometry_map/reach_wall_v1/emergence-geometry/emergence_geometry.json"", ""item"": ""curves.encoder.realized_xz_direction.rows.layer=11""}]"
reach-wall/encoder/block-11/spatial-mean/reward_sum,reach-wall,encoder,11,block_residual_output,mean_of_256_spatial_tokens,,reward_sum,"{""metric"": ""r2"", ""score"": 0.9437082566536734, ""time_baseline"": 0.9142972039613033, ""delta_vs_time"": 0.0294110526923701}","{""knn_score"": 0.9081278675804229, ""linear_score"": 0.9437082566536734, ""nonlinear_gain"": -0.03558038907325056}",,"{""participation_ratio"": 10.070510248731628, ""top10_variance_fraction"": 0.7056837027929377, ""adjacent_timestep_cosine_mean"": 0.995015834924718}",,,,,,none_validated,"{""linear_score"": ""measured_discovery_only"", ""nonlinear_gain"": ""measured_discovery_only"", ""best_coordinate_frame"": ""pending_measurement"", ""geometry"": ""descriptive_activation_geometry"", ""cross_trajectory_stability"": ""pending_measurement"", ""regime_dependence"": ""pending_measurement"", ""causal_patch_effect"": ""pending_measurement"", ""specificity"": ""pending_measurement"", ""manifold_distance"": ""pending_measurement"", ""recommended_operator"": ""not_yet_justified""}","[{""path"": ""artifacts/geometry_map/reach_wall_v1/discovery-screen/discovery_screen.json"", ""item"": ""rows[251]""}, {""path"": ""artifacts/geometry_map/reach_wall_v1/cached-geometry-v2/nonlinear_screen.json"", ""item"": ""rows[83]""}]"
reach-wall/encoder/block-11/spatial-mean/wall_signed_distance,reach-wall,encoder,11,block_residual_output,mean_of_256_spatial_tokens,,wall_signed_distance,"{""metric"": ""r2"", ""score"": 0.9546327898401125, ""time_baseline"": 0.14228076564542247, ""delta_vs_time"": 0.81235202419469}","{""knn_score"": 0.8210517882702995, ""linear_score"": 0.9546327898401125, ""nonlinear_gain"": -0.133581001569813}",,"{""participation_ratio"": 10.070510248731628, ""top10_variance_fraction"": 0.7056837027929377, ""adjacent_timestep_cosine_mean"": 0.995015834924718}",,,,,,none_validated,"{""linear_score"": ""measured_discovery_only"", ""nonlinear_gain"": ""measured_discovery_only"", ""best_coordinate_frame"": ""pending_measurement"", ""geometry"": ""descriptive_activation_geometry"", ""cross_trajectory_stability"": ""pending_measurement"", ""regime_dependence"": ""pending_measurement"", ""causal_patch_effect"": ""pending_measurement"", ""specificity"": ""pending_measurement"", ""manifold_distance"": ""pending_measurement"", ""recommended_operator"": ""not_yet_justified""}","[{""path"": ""artifacts/geometry_map/reach_wall_v1/discovery-screen/discovery_screen.json"", ""item"": ""rows[239]""}, {""path"": ""artifacts/geometry_map/reach_wall_v1/emergence-geometry/emergence_geometry.json"", ""item"": ""curves.encoder.wall_signed_distance.rows.layer=11""}, {""path"": ""artifacts/geometry_map/reach_wall_v1/cached-geometry-v2/nonlinear_screen.json"", ""item"": ""rows[71]""}]"
reach-wall/predictor/block-0/spatial-mean/action_chunk_frobenius_magnitude,reach-wall,predictor,0,block_residual_output,mean_of_256_spatial_tokens,1,action_chunk_frobenius_magnitude,"{""metric"": ""r2"", ""score"": 0.5968304027755724, ""time_baseline"": 0.4725658231754639, ""delta_vs_time"": 0.1242645796001085}",,,"{""participation_ratio"": 5.307008846770098, ""top10_variance_fraction"": 0.7308951569133036, ""adjacent_timestep_cosine_mean"": 0.9979027519506192}",,,,,,none_validated,"{""linear_score"": ""measured_discovery_only"", ""nonlinear_gain"": ""pending_measurement"", ""best_coordinate_frame"": ""pending_measurement"", ""geometry"": ""descriptive_activation_geometry"", ""cross_trajectory_stability"": ""pending_measurement"", ""regime_dependence"": ""pending_measurement"", ""causal_patch_effect"": ""pending_measurement"", ""specificity"": ""pending_measurement"", ""manifold_distance"": ""pending_measurement"", ""recommended_operator"": ""not_yet_justified""}","[{""path"": ""artifacts/geometry_map/reach_wall_v1/discovery-screen/discovery_screen.json"", ""item"": ""rows[267]""}]"
reach-wall/predictor/block-0/spatial-mean/action_dx,reach-wall,predictor,0,block_residual_output,mean_of_256_spatial_tokens,1,action_dx,"{""metric"": ""r2"", ""score"": 0.9716577523100178, ""time_baseline"": 0.0033910809446688894, ""delta_vs_time"": 0.9682666713653489}",,,"{""participation_ratio"": 5.307008846770098, ""top10_variance_fraction"": 0.7308951569133036, ""adjacent_timestep_cosine_mean"": 0.9979027519506192}",,,,,,none_validated,"{""linear_score"": ""measured_discovery_only"", ""nonlinear_gain"": ""pending_measurement"", ""best_coordinate_frame"": ""pending_measurement"", ""geometry"": ""descriptive_activation_geometry"", ""cross_trajectory_stability"": ""pending_measurement"", ""regime_dependence"": ""pending_measurement"", ""causal_patch_effect"": ""pending_measurement"", ""specificity"": ""pending_measurement"", ""manifold_distance"": ""pending_measurement"", ""recommended_operator"": ""not_yet_justified""}","[{""path"": ""artifacts/geometry_map/reach_wall_v1/discovery-screen/discovery_screen.json"", ""item"": ""rows[264]""}]"
reach-wall/predictor/block-0/spatial-mean/action_dy,reach-wall,predictor,0,block_residual_output,mean_of_256_spatial_tokens,1,action_dy,"{""metric"": ""r2"", ""score"": 0.9821084205486225, ""time_baseline"": 0.6287213192564175, ""delta_vs_time"": 0.35338710129220496}",,,"{""participation_ratio"": 5.307008846770098, ""top10_variance_fraction"": 0.7308951569133036, ""adjacent_timestep_cosine_mean"": 0.9979027519506192}",,,,,,none_validated,"{""linear_score"": ""measured_discovery_only"", ""nonlinear_gain"": ""pending_measurement"", ""best_coordinate_frame"": ""pending_measurement"", ""geometry"": ""descriptive_activation_geometry"", ""cross_trajectory_stability"": ""pending_measurement"", ""regime_dependence"": ""pending_measurement"", ""causal_patch_effect"": ""pending_measurement"", ""specificity"": ""pending_measurement"", ""manifold_distance"": ""pending_measurement"", ""recommended_operator"": ""not_yet_justified""}","[{""path"": ""artifacts/geometry_map/reach_wall_v1/discovery-screen/discovery_screen.json"", ""item"": ""rows[265]""}]"
reach-wall/predictor/block-0/spatial-mean/action_dz,reach-wall,predictor,0,block_residual_output,mean_of_256_spatial_tokens,1,action_dz,"{""metric"": ""r2"", ""score"": 0.9635051742336911, ""time_baseline"": 0.02788791500905774, ""delta_vs_time"": 0.9356172592246333}",,,"{""participation_ratio"": 5.307008846770098, ""top10_variance_fraction"": 0.7308951569133036, ""adjacent_timestep_cosine_mean"": 0.9979027519506192}",,,,,,none_validated,"{""linear_score"": ""measured_discovery_only"", ""nonlinear_gain"": ""pending_measurement"", ""best_coordinate_frame"": ""pending_measurement"", ""geometry"": ""descriptive_activation_geometry"", ""cross_trajectory_stability"": ""pending_measurement"", ""regime_dependence"": ""pending_measurement"", ""causal_patch_effect"": ""pending_measurement"", ""specificity"": ""pending_measurement"", ""manifold_distance"": ""pending_measurement"", ""recommended_operator"": ""not_yet_justified""}","[{""path"": ""artifacts/geometry_map/reach_wall_v1/discovery-screen/discovery_screen.json"", ""item"": ""rows[266]""}]"
reach-wall/predictor/block-0/spatial-mean/cumulative_progress,reach-wall,predictor,0,block_residual_output,mean_of_256_spatial_tokens,1,cumulative_progress,"{""metric"": ""r2"", ""score"": 0.9527727835897972, ""time_baseline"": 0.9222151817810877, ""delta_vs_time"": 0.030557601808709478}",,,"{""participation_ratio"": 5.307008846770098, ""top10_variance_fraction"": 0.7308951569133036, ""adjacent_timestep_cosine_mean"": 0.9979027519506192}",,,,,,none_validated,"{""linear_score"": ""measured_discovery_only"", ""nonlinear_gain"": ""pending_measurement"", ""best_coordinate_frame"": ""pending_measurement"", ""geometry"": ""descriptive_activation_geometry"", ""cross_trajectory_stability"": ""pending_measurement"", ""regime_dependence"": ""pending_measurement"", ""causal_patch_effect"": ""pending_measurement"", ""specificity"": ""pending_measurement"", ""manifold_distance"": ""pending_measurement"", ""recommended_operator"": ""not_yet_justified""}","[{""path"": ""artifacts/geometry_map/reach_wall_v1/discovery-screen/discovery_screen.json"", ""item"": ""rows[253]""}, {""path"": ""artifacts/geometry_map/reach_wall_v1/emergence-geometry/emergence_geometry.json"", ""item"": ""curves.predictor.progress.rows.layer=0""}]"
reach-wall/predictor/block-0/spatial-mean/expert_detour_gate,reach-wall,predictor,0,block_residual_output,mean_of_256_spatial_tokens,1,expert_detour_gate,"{""metric"": ""auroc"", ""score"": 0.9978642581252002, ""time_baseline"": 0.978149765850144, ""delta_vs_time"": 0.019714492275056172}",,,"{""participation_ratio"": 5.307008846770098, ""top10_variance_fraction"": 0.7308951569133036, ""adjacent_timestep_cosine_mean"": 0.9979027519506192}",,,,,,none_validated,"{""linear_score"": ""measured_discovery_only"", ""nonlinear_gain"": ""pending_measurement"", ""best_coordinate_frame"": ""pending_measurement"", ""geometry"": ""descriptive_activation_geometry"", ""cross_trajectory_stability"": ""pending_measurement"", ""regime_dependence"": ""pending_measurement"", ""causal_patch_effect"": ""pending_measurement"", ""specificity"": ""pending_measurement"", ""manifold_distance"": ""pending_measurement"", ""recommended_operator"": ""not_yet_justified""}","[{""path"": ""artifacts/geometry_map/reach_wall_v1/discovery-screen/discovery_screen.json"", ""item"": ""rows[263]""}]"
reach-wall/predictor/block-0/spatial-mean/goal_distance,reach-wall,predictor,0,block_residual_output,mean_of_256_spatial_tokens,1,goal_distance,"{""metric"": ""r2"", ""score"": 0.9379798819701892, ""time_baseline"": 0.908897827090231, ""delta_vs_time"": 0.029082054879958186}",,,"{""participation_ratio"": 5.307008846770098, ""top10_variance_fraction"": 0.7308951569133036, ""adjacent_timestep_cosine_mean"": 0.9979027519506192}",,,,,,none_validated,"{""linear_score"": ""measured_discovery_only"", ""nonlinear_gain"": ""pending_measurement"", ""best_coordinate_frame"": ""pending_measurement"", ""geometry"": ""descriptive_activation_geometry"", ""cross_trajectory_stability"": ""pending_measurement"", ""regime_dependence"": ""pending_measurement"", ""causal_patch_effect"": ""pending_measurement"", ""specificity"": ""pending_measurement"", ""manifold_distance"": ""pending_measurement"", ""recommended_operator"": ""not_yet_justified""}","[{""path"": ""artifacts/geometry_map/reach_wall_v1/discovery-screen/discovery_screen.json"", ""item"": ""rows[252]""}]"
reach-wall/predictor/block-0/spatial-mean/goal_vector_x,reach-wall,predictor,0,block_residual_output,mean_of_256_spatial_tokens,1,goal_vector_x,"{""metric"": ""r2"", ""score"": 0.1623087270482816, ""time_baseline"": 0.08054582471970773, ""delta_vs_time"": 0.08176290232857386}",,,"{""participation_ratio"": 5.307008846770098, ""top10_variance_fraction"": 0.7308951569133036, ""adjacent_timestep_cosine_mean"": 0.9979027519506192}",,,,,,none_validated,"{""linear_score"": ""measured_discovery_only"", ""nonlinear_gain"": ""pending_measurement"", ""best_coordinate_frame"": ""pending_measurement"", ""geometry"": ""descriptive_activation_geometry"", ""cross_trajectory_stability"": ""pending_measurement"", ""regime_dependence"": ""pending_measurement"", ""causal_patch_effect"": ""pending_measurement"", ""specificity"": ""pending_measurement"", ""manifold_distance"": ""pending_measurement"", ""recommended_operator"": ""not_yet_justified""}","[{""path"": ""artifacts/geometry_map/reach_wall_v1/discovery-screen/discovery_screen.json"", ""item"": ""rows[257]""}]"
reach-wall/predictor/block-0/spatial-mean/goal_vector_y,reach-wall,predictor,0,block_residual_output,mean_of_256_spatial_tokens,1,goal_vector_y,"{""metric"": ""r2"", ""score"": 0.9721825577766684, ""time_baseline"": 0.9568517433439947, ""delta_vs_time"": 0.0153308144326737}",,,"{""participation_ratio"": 5.307008846770098, ""top10_variance_fraction"": 0.7308951569133036, ""adjacent_timestep_cosine_mean"": 0.9979027519506192}",,,,,,none_validated,"{""linear_score"": ""measured_discovery_only"", ""nonlinear_gain"": ""pending_measurement"", ""best_coordinate_frame"": ""pending_measurement"", ""geometry"": ""descriptive_activation_geometry"", ""cross_trajectory_stability"": ""pending_measurement"", ""regime_dependence"": ""pending_measurement"", ""causal_patch_effect"": ""pending_measurement"", ""specificity"": ""pending_measurement"", ""manifold_distance"": ""pending_measurement"", ""recommended_operator"": ""not_yet_justified""}","[{""path"": ""artifacts/geometry_map/reach_wall_v1/discovery-screen/discovery_screen.json"", ""item"": ""rows[258]""}]"
reach-wall/predictor/block-0/spatial-mean/goal_vector_z,reach-wall,predictor,0,block_residual_output,mean_of_256_spatial_tokens,1,goal_vector_z,"{""metric"": ""r2"", ""score"": 0.5644191805742227, ""time_baseline"": 0.044334510544640326, ""delta_vs_time"": 0.5200846700295824}",,,"{""participation_ratio"": 5.307008846770098, ""top10_variance_fraction"": 0.7308951569133036, ""adjacent_timestep_cosine_mean"": 0.9979027519506192}",,,,,,none_validated,"{""linear_score"": ""measured_discovery_only"", ""nonlinear_gain"": ""pending_measurement"", ""best_coordinate_frame"": ""pending_measurement"", ""geometry"": ""descriptive_activation_geometry"", ""cross_trajectory_stability"": ""pending_measurement"", ""regime_dependence"": ""pending_measurement"", ""causal_patch_effect"": ""pending_measurement"", ""specificity"": ""pending_measurement"", ""manifold_distance"": ""pending_measurement"", ""recommended_operator"": ""not_yet_justified""}","[{""path"": ""artifacts/geometry_map/reach_wall_v1/discovery-screen/discovery_screen.json"", ""item"": ""rows[259]""}]"
reach-wall/predictor/block-0/spatial-mean/goal_xz_direction,reach-wall,predictor,0,block_residual_output,mean_of_256_spatial_tokens,1,goal_xz_direction,"{""metric"": ""r2"", ""score"": 0.37904354982522676, ""time_baseline"": null, ""delta_vs_time"": null}",,,,,,,,,none_validated,"{""linear_score"": ""measured_discovery_only"", ""nonlinear_gain"": ""pending_measurement"", ""best_coordinate_frame"": ""pending_measurement"", ""geometry"": ""pending_measurement"", ""cross_trajectory_stability"": ""pending_measurement"", ""regime_dependence"": ""pending_measurement"", ""causal_patch_effect"": ""pending_measurement"", ""specificity"": ""pending_measurement"", ""manifold_distance"": ""pending_measurement"", ""recommended_operator"": ""not_yet_justified""}","[{""path"": ""artifacts/geometry_map/reach_wall_v1/emergence-geometry/emergence_geometry.json"", ""item"": ""curves.predictor.goal_xz_direction.rows.layer=0""}]"
reach-wall/predictor/block-0/spatial-mean/hand_to_goal_segment_intersects_wall,reach-wall,predictor,0,block_residual_output,mean_of_256_spatial_tokens,1,hand_to_goal_segment_intersects_wall,"{""metric"": ""auroc"", ""score"": 0.98908815531307, ""time_baseline"": 0.9019247457737662, ""delta_vs_time"": 0.0871634095393038}",,,"{""participation_ratio"": 5.307008846770098, ""top10_variance_fraction"": 0.7308951569133036, ""adjacent_timestep_cosine_mean"": 0.9979027519506192}",,,,,,none_validated,"{""linear_score"": ""measured_discovery_only"", ""nonlinear_gain"": ""pending_measurement"", ""best_coordinate_frame"": ""pending_measurement"", ""geometry"": ""descriptive_activation_geometry"", ""cross_trajectory_stability"": ""pending_measurement"", ""regime_dependence"": ""pending_measurement"", ""causal_patch_effect"": ""pending_measurement"", ""specificity"": ""pending_measurement"", ""manifold_distance"": ""pending_measurement"", ""recommended_operator"": ""not_yet_justified""}","[{""path"": ""artifacts/geometry_map/reach_wall_v1/discovery-screen/discovery_screen.json"", ""item"": ""rows[262]""}]"
reach-wall/predictor/block-0/spatial-mean/hand_x,reach-wall,predictor,0,block_residual_output,mean_of_256_spatial_tokens,1,hand_x,"{""metric"": ""r2"", ""score"": 0.9831493526620132, ""time_baseline"": 0.058067306134002794, ""delta_vs_time"": 0.9250820465280104}",,,"{""participation_ratio"": 5.307008846770098, ""top10_variance_fraction"": 0.7308951569133036, ""adjacent_timestep_cosine_mean"": 0.9979027519506192}",,,,,,none_validated,"{""linear_score"": ""measured_discovery_only"", ""nonlinear_gain"": ""pending_measurement"", ""best_coordinate_frame"": ""pending_measurement"", ""geometry"": ""descriptive_activation_geometry"", ""cross_trajectory_stability"": ""pending_measurement"", ""regime_dependence"": ""pending_measurement"", ""causal_patch_effect"": ""pending_measurement"", ""specificity"": ""pending_measurement"", ""manifold_distance"": ""pending_measurement"", ""recommended_operator"": ""not_yet_justified""}","[{""path"": ""artifacts/geometry_map/reach_wall_v1/discovery-screen/discovery_screen.json"", ""item"": ""rows[254]""}]"
reach-wall/predictor/block-0/spatial-mean/hand_y,reach-wall,predictor,0,block_residual_output,mean_of_256_spatial_tokens,1,hand_y,"{""metric"": ""r2"", ""score"": 0.9989646627246421, ""time_baseline"": 0.9772521653309317, ""delta_vs_time"": 0.021712497393710395}",,,"{""participation_ratio"": 5.307008846770098, ""top10_variance_fraction"": 0.7308951569133036, ""adjacent_timestep_cosine_mean"": 0.9979027519506192}",,,,,,none_validated,"{""linear_score"": ""measured_discovery_only"", ""nonlinear_gain"": ""pending_measurement"", ""best_coordinate_frame"": ""pending_measurement"", ""geometry"": ""descriptive_activation_geometry"", ""cross_trajectory_stability"": ""pending_measurement"", ""regime_dependence"": ""pending_measurement"", ""causal_patch_effect"": ""pending_measurement"", ""specificity"": ""pending_measurement"", ""manifold_distance"": ""pending_measurement"", ""recommended_operator"": ""not_yet_justified""}","[{""path"": ""artifacts/geometry_map/reach_wall_v1/discovery-screen/discovery_screen.json"", ""item"": ""rows[255]""}]"
reach-wall/predictor/block-0/spatial-mean/hand_z,reach-wall,predictor,0,block_residual_output,mean_of_256_spatial_tokens,1,hand_z,"{""metric"": ""r2"", ""score"": 0.9944545374995033, ""time_baseline"": 0.00804356141242546, ""delta_vs_time"": 0.9864109760870778}",,,"{""participation_ratio"": 5.307008846770098, ""top10_variance_fraction"": 0.7308951569133036, ""adjacent_timestep_cosine_mean"": 0.9979027519506192}",,,,,,none_validated,"{""linear_score"": ""measured_discovery_only"", ""nonlinear_gain"": ""pending_measurement"", ""best_coordinate_frame"": ""pending_measurement"", ""geometry"": ""descriptive_activation_geometry"", ""cross_trajectory_stability"": ""pending_measurement"", ""regime_dependence"": ""pending_measurement"", ""causal_patch_effect"": ""pending_measurement"", ""specificity"": ""pending_measurement"", ""manifold_distance"": ""pending_measurement"", ""recommended_operator"": ""not_yet_justified""}","[{""path"": ""artifacts/geometry_map/reach_wall_v1/discovery-screen/discovery_screen.json"", ""item"": ""rows[256]""}]"
reach-wall/predictor/block-0/spatial-mean/height_above_wall_top,reach-wall,predictor,0,block_residual_output,mean_of_256_spatial_tokens,1,height_above_wall_top,"{""metric"": ""r2"", ""score"": 0.9944545372149038, ""time_baseline"": 0.008043558955029284, ""delta_vs_time"": 0.9864109782598746}",,,"{""participation_ratio"": 5.307008846770098, ""top10_variance_fraction"": 0.7308951569133036, ""adjacent_timestep_cosine_mean"": 0.9979027519506192}",,,,,,none_validated,"{""linear_score"": ""measured_discovery_only"", ""nonlinear_gain"": ""pending_measurement"", ""best_coordinate_frame"": ""pending_measurement"", ""geometry"": ""descriptive_activation_geometry"", ""cross_trajectory_stability"": ""pending_measurement"", ""regime_dependence"": ""pending_measurement"", ""causal_patch_effect"": ""pending_measurement"", ""specificity"": ""pending_measurement"", ""manifold_distance"": ""pending_measurement"", ""recommended_operator"": ""not_yet_justified""}","[{""path"": ""artifacts/geometry_map/reach_wall_v1/discovery-screen/discovery_screen.json"", ""item"": ""rows[261]""}]"
reach-wall/predictor/block-0/spatial-mean/realized_dx,reach-wall,predictor,0,block_residual_output,mean_of_256_spatial_tokens,1,realized_dx,"{""metric"": ""r2"", ""score"": 0.4321738595329724, ""time_baseline"": 0.005340828654275098, ""delta_vs_time"": 0.4268330308786973}",,,"{""participation_ratio"": 5.307008846770098, ""top10_variance_fraction"": 0.7308951569133036, ""adjacent_timestep_cosine_mean"": 0.9979027519506192}",,,,,,none_validated,"{""linear_score"": ""measured_discovery_only"", ""nonlinear_gain"": ""pending_measurement"", ""best_coordinate_frame"": ""pending_measurement"", ""geometry"": ""descriptive_activation_geometry"", ""cross_trajectory_stability"": ""pending_measurement"", ""regime_dependence"": ""pending_measurement"", ""causal_patch_effect"": ""pending_measurement"", ""specificity"": ""pending_measurement"", ""manifold_distance"": ""pending_measurement"", ""recommended_operator"": ""not_yet_justified""}","[{""path"": ""artifacts/geometry_map/reach_wall_v1/discovery-screen/discovery_screen.json"", ""item"": ""rows[268]""}]"
reach-wall/predictor/block-0/spatial-mean/realized_dy,reach-wall,predictor,0,block_residual_output,mean_of_256_spatial_tokens,1,realized_dy,"{""metric"": ""r2"", ""score"": 0.9125637405319735, ""time_baseline"": 0.7938417819030151, ""delta_vs_time"": 0.1187219586289584}",,,"{""participation_ratio"": 5.307008846770098, ""top10_variance_fraction"": 0.7308951569133036, ""adjacent_timestep_cosine_mean"": 0.9979027519506192}",,,,,,none_validated,"{""linear_score"": ""measured_discovery_only"", ""nonlinear_gain"": ""pending_measurement"", ""best_coordinate_frame"": ""pending_measurement"", ""geometry"": ""descriptive_activation_geometry"", ""cross_trajectory_stability"": ""pending_measurement"", ""regime_dependence"": ""pending_measurement"", ""causal_patch_effect"": ""pending_measurement"", ""specificity"": ""pending_measurement"", ""manifold_distance"": ""pending_measurement"", ""recommended_operator"": ""not_yet_justified""}","[{""path"": ""artifacts/geometry_map/reach_wall_v1/discovery-screen/discovery_screen.json"", ""item"": ""rows[269]""}]"
reach-wall/predictor/block-0/spatial-mean/realized_dz,reach-wall,predictor,0,block_residual_output,mean_of_256_spatial_tokens,1,realized_dz,"{""metric"": ""r2"", ""score"": 0.5427615181354462, ""time_baseline"": 0.07117442644816807, ""delta_vs_time"": 0.4715870916872781}",,,"{""participation_ratio"": 5.307008846770098, ""top10_variance_fraction"": 0.7308951569133036, ""adjacent_timestep_cosine_mean"": 0.9979027519506192}",,,,,,none_validated,"{""linear_score"": ""measured_discovery_only"", ""nonlinear_gain"": ""pending_measurement"", ""best_coordinate_frame"": ""pending_measurement"", ""geometry"": ""descriptive_activation_geometry"", ""cross_trajectory_stability"": ""pending_measurement"", ""regime_dependence"": ""pending_measurement"", ""causal_patch_effect"": ""pending_measurement"", ""specificity"": ""pending_measurement"", ""manifold_distance"": ""pending_measurement"", ""recommended_operator"": ""not_yet_justified""}","[{""path"": ""artifacts/geometry_map/reach_wall_v1/discovery-screen/discovery_screen.json"", ""item"": ""rows[270]""}]"
reach-wall/predictor/block-0/spatial-mean/realized_hand_delta_magnitude,reach-wall,predictor,0,block_residual_output,mean_of_256_spatial_tokens,1,realized_hand_delta_magnitude,"{""metric"": ""r2"", ""score"": 0.7344313065244936, ""time_baseline"": 0.6130267917023396, ""delta_vs_time"": 0.12140451482215397}",,,"{""participation_ratio"": 5.307008846770098, ""top10_variance_fraction"": 0.7308951569133036, ""adjacent_timestep_cosine_mean"": 0.9979027519506192}",,,,,,none_validated,"{""linear_score"": ""measured_discovery_only"", ""nonlinear_gain"": ""pending_measurement"", ""best_coordinate_frame"": ""pending_measurement"", ""geometry"": ""descriptive_activation_geometry"", ""cross_trajectory_stability"": ""pending_measurement"", ""regime_dependence"": ""pending_measurement"", ""causal_patch_effect"": ""pending_measurement"", ""specificity"": ""pending_measurement"", ""manifold_distance"": ""pending_measurement"", ""recommended_operator"": ""not_yet_justified""}","[{""path"": ""artifacts/geometry_map/reach_wall_v1/discovery-screen/discovery_screen.json"", ""item"": ""rows[271]""}, {""path"": ""artifacts/geometry_map/reach_wall_v1/emergence-geometry/emergence_geometry.json"", ""item"": ""curves.predictor.motion_magnitude.rows.layer=0""}]"
reach-wall/predictor/block-0/spatial-mean/realized_xz_direction,reach-wall,predictor,0,block_residual_output,mean_of_256_spatial_tokens,1,realized_xz_direction,"{""metric"": ""r2"", ""score"": 0.524088307503697, ""time_baseline"": null, ""delta_vs_time"": null}",,,,,,,,,none_validated,"{""linear_score"": ""measured_discovery_only"", ""nonlinear_gain"": ""pending_measurement"", ""best_coordinate_frame"": ""pending_measurement"", ""geometry"": ""pending_measurement"", ""cross_trajectory_stability"": ""pending_measurement"", ""regime_dependence"": ""pending_measurement"", ""causal_patch_effect"": ""pending_measurement"", ""specificity"": ""pending_measurement"", ""manifold_distance"": ""pending_measurement"", ""recommended_operator"": ""not_yet_justified""}","[{""path"": ""artifacts/geometry_map/reach_wall_v1/emergence-geometry/emergence_geometry.json"", ""item"": ""curves.predictor.realized_xz_direction.rows.layer=0""}]"
reach-wall/predictor/block-0/spatial-mean/reward_sum,reach-wall,predictor,0,block_residual_output,mean_of_256_spatial_tokens,1,reward_sum,"{""metric"": ""r2"", ""score"": 0.9551693095582322, ""time_baseline"": 0.9142972039613033, ""delta_vs_time"": 0.04087210559692889}",,,"{""participation_ratio"": 5.307008846770098, ""top10_variance_fraction"": 0.7308951569133036, ""adjacent_timestep_cosine_mean"": 0.9979027519506192}",,,,,,none_validated,"{""linear_score"": ""measured_discovery_only"", ""nonlinear_gain"": ""pending_measurement"", ""best_coordinate_frame"": ""pending_measurement"", ""geometry"": ""descriptive_activation_geometry"", ""cross_trajectory_stability"": ""pending_measurement"", ""regime_dependence"": ""pending_measurement"", ""causal_patch_effect"": ""pending_measurement"", ""specificity"": ""pending_measurement"", ""manifold_distance"": ""pending_measurement"", ""recommended_operator"": ""not_yet_justified""}","[{""path"": ""artifacts/geometry_map/reach_wall_v1/discovery-screen/discovery_screen.json"", ""item"": ""rows[272]""}]"
reach-wall/predictor/block-0/spatial-mean/wall_signed_distance,reach-wall,predictor,0,block_residual_output,mean_of_256_spatial_tokens,1,wall_signed_distance,"{""metric"": ""r2"", ""score"": 0.9791327906023682, ""time_baseline"": 0.14228076564542247, ""delta_vs_time"": 0.8368520249569458}",,,"{""participation_ratio"": 5.307008846770098, ""top10_variance_fraction"": 0.7308951569133036, ""adjacent_timestep_cosine_mean"": 0.9979027519506192}",,,,,,none_validated,"{""linear_score"": ""measured_discovery_only"", ""nonlinear_gain"": ""pending_measurement"", ""best_coordinate_frame"": ""pending_measurement"", ""geometry"": ""descriptive_activation_geometry"", ""cross_trajectory_stability"": ""pending_measurement"", ""regime_dependence"": ""pending_measurement"", ""causal_patch_effect"": ""pending_measurement"", ""specificity"": ""pending_measurement"", ""manifold_distance"": ""pending_measurement"", ""recommended_operator"": ""not_yet_justified""}","[{""path"": ""artifacts/geometry_map/reach_wall_v1/discovery-screen/discovery_screen.json"", ""item"": ""rows[260]""}, {""path"": ""artifacts/geometry_map/reach_wall_v1/emergence-geometry/emergence_geometry.json"", ""item"": ""curves.predictor.wall_signed_distance.rows.layer=0""}]"
reach-wall/predictor/block-1/spatial-mean/action_chunk_frobenius_magnitude,reach-wall,predictor,1,block_residual_output,mean_of_256_spatial_tokens,1,action_chunk_frobenius_magnitude,"{""metric"": ""r2"", ""score"": 0.6236488782728847, ""time_baseline"": 0.4725658231754639, ""delta_vs_time"": 0.15108305509742082}",,,"{""participation_ratio"": 4.2305705644841565, ""top10_variance_fraction"": 0.7605587362009764, ""adjacent_timestep_cosine_mean"": 0.9980570473261378}",,,,,,none_validated,"{""linear_score"": ""measured_discovery_only"", ""nonlinear_gain"": ""pending_measurement"", ""best_coordinate_frame"": ""pending_measurement"", ""geometry"": ""descriptive_activation_geometry"", ""cross_trajectory_stability"": ""pending_measurement"", ""regime_dependence"": ""pending_measurement"", ""causal_patch_effect"": ""pending_measurement"", ""specificity"": ""pending_measurement"", ""manifold_distance"": ""pending_measurement"", ""recommended_operator"": ""not_yet_justified""}","[{""path"": ""artifacts/geometry_map/reach_wall_v1/discovery-screen/discovery_screen.json"", ""item"": ""rows[288]""}]"
reach-wall/predictor/block-1/spatial-mean/action_dx,reach-wall,predictor,1,block_residual_output,mean_of_256_spatial_tokens,1,action_dx,"{""metric"": ""r2"", ""score"": 0.9651313222305896, ""time_baseline"": 0.0033910809446688894, ""delta_vs_time"": 0.9617402412859207}",,,"{""participation_ratio"": 4.2305705644841565, ""top10_variance_fraction"": 0.7605587362009764, ""adjacent_timestep_cosine_mean"": 0.9980570473261378}",,,,,,none_validated,"{""linear_score"": ""measured_discovery_only"", ""nonlinear_gain"": ""pending_measurement"", ""best_coordinate_frame"": ""pending_measurement"", ""geometry"": ""descriptive_activation_geometry"", ""cross_trajectory_stability"": ""pending_measurement"", ""regime_dependence"": ""pending_measurement"", ""causal_patch_effect"": ""pending_measurement"", ""specificity"": ""pending_measurement"", ""manifold_distance"": ""pending_measurement"", ""recommended_operator"": ""not_yet_justified""}","[{""path"": ""artifacts/geometry_map/reach_wall_v1/discovery-screen/discovery_screen.json"", ""item"": ""rows[285]""}]"
reach-wall/predictor/block-1/spatial-mean/action_dy,reach-wall,predictor,1,block_residual_output,mean_of_256_spatial_tokens,1,action_dy,"{""metric"": ""r2"", ""score"": 0.984116201541063, ""time_baseline"": 0.6287213192564175, ""delta_vs_time"": 0.35539488228464555}",,,"{""participation_ratio"": 4.2305705644841565, ""top10_variance_fraction"": 0.7605587362009764, ""adjacent_timestep_cosine_mean"": 0.9980570473261378}",,,,,,none_validated,"{""linear_score"": ""measured_discovery_only"", ""nonlinear_gain"": ""pending_measurement"", ""best_coordinate_frame"": ""pending_measurement"", ""geometry"": ""descriptive_activation_geometry"", ""cross_trajectory_stability"": ""pending_measurement"", ""regime_dependence"": ""pending_measurement"", ""causal_patch_effect"": ""pending_measurement"", ""specificity"": ""pending_measurement"", ""manifold_distance"": ""pending_measurement"", ""recommended_operator"": ""not_yet_justified""}","[{""path"": ""artifacts/geometry_map/reach_wall_v1/discovery-screen/discovery_screen.json"", ""item"": ""rows[286]""}]"
reach-wall/predictor/block-1/spatial-mean/action_dz,reach-wall,predictor,1,block_residual_output,mean_of_256_spatial_tokens,1,action_dz,"{""metric"": ""r2"", ""score"": 0.9637761398736209, ""time_baseline"": 0.02788791500905774, ""delta_vs_time"": 0.9358882248645631}",,,"{""participation_ratio"": 4.2305705644841565, ""top10_variance_fraction"": 0.7605587362009764, ""adjacent_timestep_cosine_mean"": 0.9980570473261378}",,,,,,none_validated,"{""linear_score"": ""measured_discovery_only"", ""nonlinear_gain"": ""pending_measurement"", ""best_coordinate_frame"": ""pending_measurement"", ""geometry"": ""descriptive_activation_geometry"", ""cross_trajectory_stability"": ""pending_measurement"", ""regime_dependence"": ""pending_measurement"", ""causal_patch_effect"": ""pending_measurement"", ""specificity"": ""pending_measurement"", ""manifold_distance"": ""pending_measurement"", ""recommended_operator"": ""not_yet_justified""}","[{""path"": ""artifacts/geometry_map/reach_wall_v1/discovery-screen/discovery_screen.json"", ""item"": ""rows[287]""}]"
reach-wall/predictor/block-1/spatial-mean/cumulative_progress,reach-wall,predictor,1,block_residual_output,mean_of_256_spatial_tokens,1,cumulative_progress,"{""metric"": ""r2"", ""score"": 0.9546453024392112, ""time_baseline"": 0.9222151817810877, ""delta_vs_time"": 0.03243012065812345}",,,"{""participation_ratio"": 4.2305705644841565, ""top10_variance_fraction"": 0.7605587362009764, ""adjacent_timestep_cosine_mean"": 0.9980570473261378}",,,,,,none_validated,"{""linear_score"": ""measured_discovery_only"", ""nonlinear_gain"": ""pending_measurement"", ""best_coordinate_frame"": ""pending_measurement"", ""geometry"": ""descriptive_activation_geometry"", ""cross_trajectory_stability"": ""pending_measurement"", ""regime_dependence"": ""pending_measurement"", ""causal_patch_effect"": ""pending_measurement"", ""specificity"": ""pending_measurement"", ""manifold_distance"": ""pending_measurement"", ""recommended_operator"": ""not_yet_justified""}","[{""path"": ""artifacts/geometry_map/reach_wall_v1/discovery-screen/discovery_screen.json"", ""item"": ""rows[274]""}, {""path"": ""artifacts/geometry_map/reach_wall_v1/emergence-geometry/emergence_geometry.json"", ""item"": ""curves.predictor.progress.rows.layer=1""}]"
reach-wall/predictor/block-1/spatial-mean/expert_detour_gate,reach-wall,predictor,1,block_residual_output,mean_of_256_spatial_tokens,1,expert_detour_gate,"{""metric"": ""auroc"", ""score"": 0.9981750820525136, ""time_baseline"": 0.978149765850144, ""delta_vs_time"": 0.02002531620236958}",,,"{""participation_ratio"": 4.2305705644841565, ""top10_variance_fraction"": 0.7605587362009764, ""adjacent_timestep_cosine_mean"": 0.9980570473261378}",,,,,,none_validated,"{""linear_score"": ""measured_discovery_only"", ""nonlinear_gain"": ""pending_measurement"", ""best_coordinate_frame"": ""pending_measurement"", ""geometry"": ""descriptive_activation_geometry"", ""cross_trajectory_stability"": ""pending_measurement"", ""regime_dependence"": ""pending_measurement"", ""causal_patch_effect"": ""pending_measurement"", ""specificity"": ""pending_measurement"", ""manifold_distance"": ""pending_measurement"", ""recommended_operator"": ""not_yet_justified""}","[{""path"": ""artifacts/geometry_map/reach_wall_v1/discovery-screen/discovery_screen.json"", ""item"": ""rows[284]""}]"
reach-wall/predictor/block-1/spatial-mean/goal_distance,reach-wall,predictor,1,block_residual_output,mean_of_256_spatial_tokens,1,goal_distance,"{""metric"": ""r2"", ""score"": 0.9386145742367112, ""time_baseline"": 0.908897827090231, ""delta_vs_time"": 0.029716747146480205}",,,"{""participation_ratio"": 4.2305705644841565, ""top10_variance_fraction"": 0.7605587362009764, ""adjacent_timestep_cosine_mean"": 0.9980570473261378}",,,,,,none_validated,"{""linear_score"": ""measured_discovery_only"", ""nonlinear_gain"": ""pending_measurement"", ""best_coordinate_frame"": ""pending_measurement"", ""geometry"": ""descriptive_activation_geometry"", ""cross_trajectory_stability"": ""pending_measurement"", ""regime_dependence"": ""pending_measurement"", ""causal_patch_effect"": ""pending_measurement"", ""specificity"": ""pending_measurement"", ""manifold_distance"": ""pending_measurement"", ""recommended_operator"": ""not_yet_justified""}","[{""path"": ""artifacts/geometry_map/reach_wall_v1/discovery-screen/discovery_screen.json"", ""item"": ""rows[273]""}]"
reach-wall/predictor/block-1/spatial-mean/goal_vector_x,reach-wall,predictor,1,block_residual_output,mean_of_256_spatial_tokens,1,goal_vector_x,"{""metric"": ""r2"", ""score"": 0.15629288512497108, ""time_baseline"": 0.08054582471970773, ""delta_vs_time"": 0.07574706040526336}",,,"{""participation_ratio"": 4.2305705644841565, ""top10_variance_fraction"": 0.7605587362009764, ""adjacent_timestep_cosine_mean"": 0.9980570473261378}",,,,,,none_validated,"{""linear_score"": ""measured_discovery_only"", ""nonlinear_gain"": ""pending_measurement"", ""best_coordinate_frame"": ""pending_measurement"", ""geometry"": ""descriptive_activation_geometry"", ""cross_trajectory_stability"": ""pending_measurement"", ""regime_dependence"": ""pending_measurement"", ""causal_patch_effect"": ""pending_measurement"", ""specificity"": ""pending_measurement"", ""manifold_distance"": ""pending_measurement"", ""recommended_operator"": ""not_yet_justified""}","[{""path"": ""artifacts/geometry_map/reach_wall_v1/discovery-screen/discovery_screen.json"", ""item"": ""rows[278]""}]"
reach-wall/predictor/block-1/spatial-mean/goal_vector_y,reach-wall,predictor,1,block_residual_output,mean_of_256_spatial_tokens,1,goal_vector_y,"{""metric"": ""r2"", ""score"": 0.9729856280819654, ""time_baseline"": 0.9568517433439947, ""delta_vs_time"": 0.016133884737970727}",,,"{""participation_ratio"": 4.2305705644841565, ""top10_variance_fraction"": 0.7605587362009764, ""adjacent_timestep_cosine_mean"": 0.9980570473261378}",,,,,,none_validated,"{""linear_score"": ""measured_discovery_only"", ""nonlinear_gain"": ""pending_measurement"", ""best_coordinate_frame"": ""pending_measurement"", ""geometry"": ""descriptive_activation_geometry"", ""cross_trajectory_stability"": ""pending_measurement"", ""regime_dependence"": ""pending_measurement"", ""causal_patch_effect"": ""pending_measurement"", ""specificity"": ""pending_measurement"", ""manifold_distance"": ""pending_measurement"", ""recommended_operator"": ""not_yet_justified""}","[{""path"": ""artifacts/geometry_map/reach_wall_v1/discovery-screen/discovery_screen.json"", ""item"": ""rows[279]""}]"
reach-wall/predictor/block-1/spatial-mean/goal_vector_z,reach-wall,predictor,1,block_residual_output,mean_of_256_spatial_tokens,1,goal_vector_z,"{""metric"": ""r2"", ""score"": 0.5795663543386814, ""time_baseline"": 0.044334510544640326, ""delta_vs_time"": 0.5352318437940411}",,,"{""participation_ratio"": 4.2305705644841565, ""top10_variance_fraction"": 0.7605587362009764, ""adjacent_timestep_cosine_mean"": 0.9980570473261378}",,,,,,none_validated,"{""linear_score"": ""measured_discovery_only"", ""nonlinear_gain"": ""pending_measurement"", ""best_coordinate_frame"": ""pending_measurement"", ""geometry"": ""descriptive_activation_geometry"", ""cross_trajectory_stability"": ""pending_measurement"", ""regime_dependence"": ""pending_measurement"", ""causal_patch_effect"": ""pending_measurement"", ""specificity"": ""pending_measurement"", ""manifold_distance"": ""pending_measurement"", ""recommended_operator"": ""not_yet_justified""}","[{""path"": ""artifacts/geometry_map/reach_wall_v1/discovery-screen/discovery_screen.json"", ""item"": ""rows[280]""}]"
reach-wall/predictor/block-1/spatial-mean/goal_xz_direction,reach-wall,predictor,1,block_residual_output,mean_of_256_spatial_tokens,1,goal_xz_direction,"{""metric"": ""r2"", ""score"": 0.38559050161372765, ""time_baseline"": null, ""delta_vs_time"": null}",,,,,,,,,none_validated,"{""linear_score"": ""measured_discovery_only"", ""nonlinear_gain"": ""pending_measurement"", ""best_coordinate_frame"": ""pending_measurement"", ""geometry"": ""pending_measurement"", ""cross_trajectory_stability"": ""pending_measurement"", ""regime_dependence"": ""pending_measurement"", ""causal_patch_effect"": ""pending_measurement"", ""specificity"": ""pending_measurement"", ""manifold_distance"": ""pending_measurement"", ""recommended_operator"": ""not_yet_justified""}","[{""path"": ""artifacts/geometry_map/reach_wall_v1/emergence-geometry/emergence_geometry.json"", ""item"": ""curves.predictor.goal_xz_direction.rows.layer=1""}]"
reach-wall/predictor/block-1/spatial-mean/hand_to_goal_segment_intersects_wall,reach-wall,predictor,1,block_residual_output,mean_of_256_spatial_tokens,1,hand_to_goal_segment_intersects_wall,"{""metric"": ""auroc"", ""score"": 0.9904179401379425, ""time_baseline"": 0.9019247457737662, ""delta_vs_time"": 0.08849319436417624}",,,"{""participation_ratio"": 4.2305705644841565, ""top10_variance_fraction"": 0.7605587362009764, ""adjacent_timestep_cosine_mean"": 0.9980570473261378}",,,,,,none_validated,"{""linear_score"": ""measured_discovery_only"", ""nonlinear_gain"": ""pending_measurement"", ""best_coordinate_frame"": ""pending_measurement"", ""geometry"": ""descriptive_activation_geometry"", ""cross_trajectory_stability"": ""pending_measurement"", ""regime_dependence"": ""pending_measurement"", ""causal_patch_effect"": ""pending_measurement"", ""specificity"": ""pending_measurement"", ""manifold_distance"": ""pending_measurement"", ""recommended_operator"": ""not_yet_justified""}","[{""path"": ""artifacts/geometry_map/reach_wall_v1/discovery-screen/discovery_screen.json"", ""item"": ""rows[283]""}]"
reach-wall/predictor/block-1/spatial-mean/hand_x,reach-wall,predictor,1,block_residual_output,mean_of_256_spatial_tokens,1,hand_x,"{""metric"": ""r2"", ""score"": 0.9851265499497234, ""time_baseline"": 0.058067306134002794, ""delta_vs_time"": 0.9270592438157206}",,,"{""participation_ratio"": 4.2305705644841565, ""top10_variance_fraction"": 0.7605587362009764, ""adjacent_timestep_cosine_mean"": 0.9980570473261378}",,,,,,none_validated,"{""linear_score"": ""measured_discovery_only"", ""nonlinear_gain"": ""pending_measurement"", ""best_coordinate_frame"": ""pending_measurement"", ""geometry"": ""descriptive_activation_geometry"", ""cross_trajectory_stability"": ""pending_measurement"", ""regime_dependence"": ""pending_measurement"", ""causal_patch_effect"": ""pending_measurement"", ""specificity"": ""pending_measurement"", ""manifold_distance"": ""pending_measurement"", ""recommended_operator"": ""not_yet_justified""}","[{""path"": ""artifacts/geometry_map/reach_wall_v1/discovery-screen/discovery_screen.json"", ""item"": ""rows[275]""}]"
reach-wall/predictor/block-1/spatial-mean/hand_y,reach-wall,predictor,1,block_residual_output,mean_of_256_spatial_tokens,1,hand_y,"{""metric"": ""r2"", ""score"": 0.9988849916059881, ""time_baseline"": 0.9772521653309317, ""delta_vs_time"": 0.02163282627505636}",,,"{""participation_ratio"": 4.2305705644841565, ""top10_variance_fraction"": 0.7605587362009764, ""adjacent_timestep_cosine_mean"": 0.9980570473261378}",,,,,,none_validated,"{""linear_score"": ""measured_discovery_only"", ""nonlinear_gain"": ""pending_measurement"", ""best_coordinate_frame"": ""pending_measurement"", ""geometry"": ""descriptive_activation_geometry"", ""cross_trajectory_stability"": ""pending_measurement"", ""regime_dependence"": ""pending_measurement"", ""causal_patch_effect"": ""pending_measurement"", ""specificity"": ""pending_measurement"", ""manifold_distance"": ""pending_measurement"", ""recommended_operator"": ""not_yet_justified""}","[{""path"": ""artifacts/geometry_map/reach_wall_v1/discovery-screen/discovery_screen.json"", ""item"": ""rows[276]""}]"
reach-wall/predictor/block-1/spatial-mean/hand_z,reach-wall,predictor,1,block_residual_output,mean_of_256_spatial_tokens,1,hand_z,"{""metric"": ""r2"", ""score"": 0.9955825598098749, ""time_baseline"": 0.00804356141242546, ""delta_vs_time"": 0.9875389983974494}",,,"{""participation_ratio"": 4.2305705644841565, ""top10_variance_fraction"": 0.7605587362009764, ""adjacent_timestep_cosine_mean"": 0.9980570473261378}",,,,,,none_validated,"{""linear_score"": ""measured_discovery_only"", ""nonlinear_gain"": ""pending_measurement"", ""best_coordinate_frame"": ""pending_measurement"", ""geometry"": ""descriptive_activation_geometry"", ""cross_trajectory_stability"": ""pending_measurement"", ""regime_dependence"": ""pending_measurement"", ""causal_patch_effect"": ""pending_measurement"", ""specificity"": ""pending_measurement"", ""manifold_distance"": ""pending_measurement"", ""recommended_operator"": ""not_yet_justified""}","[{""path"": ""artifacts/geometry_map/reach_wall_v1/discovery-screen/discovery_screen.json"", ""item"": ""rows[277]""}]"
reach-wall/predictor/block-1/spatial-mean/height_above_wall_top,reach-wall,predictor,1,block_residual_output,mean_of_256_spatial_tokens,1,height_above_wall_top,"{""metric"": ""r2"", ""score"": 0.9955825596097215, ""time_baseline"": 0.008043558955029284, ""delta_vs_time"": 0.9875390006546922}",,,"{""participation_ratio"": 4.2305705644841565, ""top10_variance_fraction"": 0.7605587362009764, ""adjacent_timestep_cosine_mean"": 0.9980570473261378}",,,,,,none_validated,"{""linear_score"": ""measured_discovery_only"", ""nonlinear_gain"": ""pending_measurement"", ""best_coordinate_frame"": ""pending_measurement"", ""geometry"": ""descriptive_activation_geometry"", ""cross_trajectory_stability"": ""pending_measurement"", ""regime_dependence"": ""pending_measurement"", ""causal_patch_effect"": ""pending_measurement"", ""specificity"": ""pending_measurement"", ""manifold_distance"": ""pending_measurement"", ""recommended_operator"": ""not_yet_justified""}","[{""path"": ""artifacts/geometry_map/reach_wall_v1/discovery-screen/discovery_screen.json"", ""item"": ""rows[282]""}]"
reach-wall/predictor/block-1/spatial-mean/realized_dx,reach-wall,predictor,1,block_residual_output,mean_of_256_spatial_tokens,1,realized_dx,"{""metric"": ""r2"", ""score"": 0.5162029150827836, ""time_baseline"": 0.005340828654275098, ""delta_vs_time"": 0.5108620864285085}",,,"{""participation_ratio"": 4.2305705644841565, ""top10_variance_fraction"": 0.7605587362009764, ""adjacent_timestep_cosine_mean"": 0.9980570473261378}",,,,,,none_validated,"{""linear_score"": ""measured_discovery_only"", ""nonlinear_gain"": ""pending_measurement"", ""best_coordinate_frame"": ""pending_measurement"", ""geometry"": ""descriptive_activation_geometry"", ""cross_trajectory_stability"": ""pending_measurement"", ""regime_dependence"": ""pending_measurement"", ""causal_patch_effect"": ""pending_measurement"", ""specificity"": ""pending_measurement"", ""manifold_distance"": ""pending_measurement"", ""recommended_operator"": ""not_yet_justified""}","[{""path"": ""artifacts/geometry_map/reach_wall_v1/discovery-screen/discovery_screen.json"", ""item"": ""rows[289]""}]"
reach-wall/predictor/block-1/spatial-mean/realized_dy,reach-wall,predictor,1,block_residual_output,mean_of_256_spatial_tokens,1,realized_dy,"{""metric"": ""r2"", ""score"": 0.9202055546674227, ""time_baseline"": 0.7938417819030151, ""delta_vs_time"": 0.12636377276440758}",,,"{""participation_ratio"": 4.2305705644841565, ""top10_variance_fraction"": 0.7605587362009764, ""adjacent_timestep_cosine_mean"": 0.9980570473261378}",,,,,,none_validated,"{""linear_score"": ""measured_discovery_only"", ""nonlinear_gain"": ""pending_measurement"", ""best_coordinate_frame"": ""pending_measurement"", ""geometry"": ""descriptive_activation_geometry"", ""cross_trajectory_stability"": ""pending_measurement"", ""regime_dependence"": ""pending_measurement"", ""causal_patch_effect"": ""pending_measurement"", ""specificity"": ""pending_measurement"", ""manifold_distance"": ""pending_measurement"", ""recommended_operator"": ""not_yet_justified""}","[{""path"": ""artifacts/geometry_map/reach_wall_v1/discovery-screen/discovery_screen.json"", ""item"": ""rows[290]""}]"
reach-wall/predictor/block-1/spatial-mean/realized_dz,reach-wall,predictor,1,block_residual_output,mean_of_256_spatial_tokens,1,realized_dz,"{""metric"": ""r2"", ""score"": 0.5768399932347958, ""time_baseline"": 0.07117442644816807, ""delta_vs_time"": 0.5056655667866278}",,,"{""participation_ratio"": 4.2305705644841565, ""top10_variance_fraction"": 0.7605587362009764, ""adjacent_timestep_cosine_mean"": 0.9980570473261378}",,,,,,none_validated,"{""linear_score"": ""measured_discovery_only"", ""nonlinear_gain"": ""pending_measurement"", ""best_coordinate_frame"": ""pending_measurement"", ""geometry"": ""descriptive_activation_geometry"", ""cross_trajectory_stability"": ""pending_measurement"", ""regime_dependence"": ""pending_measurement"", ""causal_patch_effect"": ""pending_measurement"", ""specificity"": ""pending_measurement"", ""manifold_distance"": ""pending_measurement"", ""recommended_operator"": ""not_yet_justified""}","[{""path"": ""artifacts/geometry_map/reach_wall_v1/discovery-screen/discovery_screen.json"", ""item"": ""rows[291]""}]"
reach-wall/predictor/block-1/spatial-mean/realized_hand_delta_magnitude,reach-wall,predictor,1,block_residual_output,mean_of_256_spatial_tokens,1,realized_hand_delta_magnitude,"{""metric"": ""r2"", ""score"": 0.7571420135566193, ""time_baseline"": 0.6130267917023396, ""delta_vs_time"": 0.1441152218542796}",,,"{""participation_ratio"": 4.2305705644841565, ""top10_variance_fraction"": 0.7605587362009764, ""adjacent_timestep_cosine_mean"": 0.9980570473261378}",,,,,,none_validated,"{""linear_score"": ""measured_discovery_only"", ""nonlinear_gain"": ""pending_measurement"", ""best_coordinate_frame"": ""pending_measurement"", ""geometry"": ""descriptive_activation_geometry"", ""cross_trajectory_stability"": ""pending_measurement"", ""regime_dependence"": ""pending_measurement"", ""causal_patch_effect"": ""pending_measurement"", ""specificity"": ""pending_measurement"", ""manifold_distance"": ""pending_measurement"", ""recommended_operator"": ""not_yet_justified""}","[{""path"": ""artifacts/geometry_map/reach_wall_v1/discovery-screen/discovery_screen.json"", ""item"": ""rows[292]""}, {""path"": ""artifacts/geometry_map/reach_wall_v1/emergence-geometry/emergence_geometry.json"", ""item"": ""curves.predictor.motion_magnitude.rows.layer=1""}]"
reach-wall/predictor/block-1/spatial-mean/realized_xz_direction,reach-wall,predictor,1,block_residual_output,mean_of_256_spatial_tokens,1,realized_xz_direction,"{""metric"": ""r2"", ""score"": 0.5497957774943346, ""time_baseline"": null, ""delta_vs_time"": null}",,,,,,,,,none_validated,"{""linear_score"": ""measured_discovery_only"", ""nonlinear_gain"": ""pending_measurement"", ""best_coordinate_frame"": ""pending_measurement"", ""geometry"": ""pending_measurement"", ""cross_trajectory_stability"": ""pending_measurement"", ""regime_dependence"": ""pending_measurement"", ""causal_patch_effect"": ""pending_measurement"", ""specificity"": ""pending_measurement"", ""manifold_distance"": ""pending_measurement"", ""recommended_operator"": ""not_yet_justified""}","[{""path"": ""artifacts/geometry_map/reach_wall_v1/emergence-geometry/emergence_geometry.json"", ""item"": ""curves.predictor.realized_xz_direction.rows.layer=1""}]"
reach-wall/predictor/block-1/spatial-mean/reward_sum,reach-wall,predictor,1,block_residual_output,mean_of_256_spatial_tokens,1,reward_sum,"{""metric"": ""r2"", ""score"": 0.9567542989653975, ""time_baseline"": 0.9142972039613033, ""delta_vs_time"": 0.042457095004094225}",,,"{""participation_ratio"": 4.2305705644841565, ""top10_variance_fraction"": 0.7605587362009764, ""adjacent_timestep_cosine_mean"": 0.9980570473261378}",,,,,,none_validated,"{""linear_score"": ""measured_discovery_only"", ""nonlinear_gain"": ""pending_measurement"", ""best_coordinate_frame"": ""pending_measurement"", ""geometry"": ""descriptive_activation_geometry"", ""cross_trajectory_stability"": ""pending_measurement"", ""regime_dependence"": ""pending_measurement"", ""causal_patch_effect"": ""pending_measurement"", ""specificity"": ""pending_measurement"", ""manifold_distance"": ""pending_measurement"", ""recommended_operator"": ""not_yet_justified""}","[{""path"": ""artifacts/geometry_map/reach_wall_v1/discovery-screen/discovery_screen.json"", ""item"": ""rows[293]""}]"
reach-wall/predictor/block-1/spatial-mean/wall_signed_distance,reach-wall,predictor,1,block_residual_output,mean_of_256_spatial_tokens,1,wall_signed_distance,"{""metric"": ""r2"", ""score"": 0.9846009152603288, ""time_baseline"": 0.14228076564542247, ""delta_vs_time"": 0.8423201496149063}",,,"{""participation_ratio"": 4.2305705644841565, ""top10_variance_fraction"": 0.7605587362009764, ""adjacent_timestep_cosine_mean"": 0.9980570473261378}",,,,,,none_validated,"{""linear_score"": ""measured_discovery_only"", ""nonlinear_gain"": ""pending_measurement"", ""best_coordinate_frame"": ""pending_measurement"", ""geometry"": ""descriptive_activation_geometry"", ""cross_trajectory_stability"": ""pending_measurement"", ""regime_dependence"": ""pending_measurement"", ""causal_patch_effect"": ""pending_measurement"", ""specificity"": ""pending_measurement"", ""manifold_distance"": ""pending_measurement"", ""recommended_operator"": ""not_yet_justified""}","[{""path"": ""artifacts/geometry_map/reach_wall_v1/discovery-screen/discovery_screen.json"", ""item"": ""rows[281]""}, {""path"": ""artifacts/geometry_map/reach_wall_v1/emergence-geometry/emergence_geometry.json"", ""item"": ""curves.predictor.wall_signed_distance.rows.layer=1""}]"
reach-wall/predictor/block-2/spatial-mean/action_chunk_frobenius_magnitude,reach-wall,predictor,2,block_residual_output,mean_of_256_spatial_tokens,1,action_chunk_frobenius_magnitude,"{""metric"": ""r2"", ""score"": 0.5939464394590739, ""time_baseline"": 0.4725658231754639, ""delta_vs_time"": 0.12138061628360997}","{""knn_score"": 0.5261622152462558, ""linear_score"": 0.593946439459075, ""nonlinear_gain"": -0.06778422421281916}",,"{""participation_ratio"": 4.913773101272954, ""top10_variance_fraction"": 0.7761574645929293, ""adjacent_timestep_cosine_mean"": 0.9981558836495552, ""eigenspectrum_reference"": ""sites.predictor.block2.eigenspectrum"", ""common_metric_subspace_comparisons_reference"": ""sites.predictor.block2.subspace_comparisons""}","{""status"": ""not_run"", ""reason"": ""Focused bootstrap covers progress, clearance and XZ direction""}","{""status"": ""descriptive_physical_regimes"", ""groups"": [{""regime"": ""below_wall_top"", ""seed"": null, ""samples"": 51, ""episodes"": 13, ""global_held_seed_mse"": 0.13195638286973121, ""time_only_mse"": 0.1907482167575833, ""mean_time"": 0.7812177562246135, ""time_quantiles"": [0.5789473652839661, 0.7894737124443054, 0.9473684430122375]}, {""regime"": ""below_wall_top"", ""seed"": 1, ""samples"": 7, ""episodes"": 3, ""global_held_seed_mse"": 0.06153985938751806, ""time_only_mse"": 0.03923424170586417, ""mean_time"": 0.7669173053332737, ""time_quantiles"": [0.5789473772048951, 0.7894737124443054, 0.9473684430122375]}, {""regime"": ""below_wall_top"", ""seed"": 2, ""samples"": 15, ""episodes"": 4, ""global_held_seed_mse"": 0.2981253751292376, ""time_only_mse"": 0.4548780753797883, ""mean_time"": 0.7789473732312521, ""time_quantiles"": [0.6526315689086915, 0.7894737124443054, 0.9263157963752746]}, {""regime"": ""below_wall_top"", ""seed"": 3, ""samples"": 29, ""episodes"": 6, ""global_held_seed_mse"": 0.0630039959898311, ""time_only_mse"": 0.09070166317237499, ""mean_time"": 0.7858439252294344, ""time_quantiles"": [0.5684210538864136, 0.8421052694320679, 0.9473684430122375]}, {""regime"": ""at_or_above_wall_top"", ""seed"": null, ""samples"": 2799, ""episodes"": 150, ""global_held_seed_mse"": 0.08183572821775158, ""time_only_mse"": 0.10594617875800598, ""mean_time"": 0.4680807074028153, ""time_quantiles"": [0.05263157933950424, 0.4736842215061188, 0.8947368264198303]}, {""regime"": ""at_or_above_wall_top"", ""seed"": 1, ""samples"": 943, ""episodes"": 50, ""global_held_seed_mse"": 0.08187929450032981, ""time_only_mse"": 0.10266300474073377, ""mean_time"": 0.4715075087224944, ""time_quantiles"": [0.05263157933950424, 0.4736842215061188, 0.8947368264198303]}, {""regime"": ""at_or_above_wall_top"", ""seed"": 2, ""samples"": 935, ""episodes"": 50, ""global_held_seed_mse"": 0.08612954809551666, ""time_only_mse"": 0.11732723772692054, ""mean_time"": 0.46878694252853087, ""time_quantiles"": [0.05263157933950424, 0.4736842215061188, 0.8947368264198303]}, {""regime"": ""at_or_above_wall_top"", ""seed"": 3, ""samples"": 921, ""episodes"": 50, ""global_held_seed_mse"": 0.07743203159431877, ""time_only_mse"": 0.09775371726218902, ""mean_time"": 0.463855079295322, ""time_quantiles"": [0.05263157933950424, 0.4736842215061188, 0.8421052694320679]}], ""time_confounding"": ""Regimes have different time and trajectory composition; residual differences do not identify causal regimes or HMM states.""}",,,,none_validated,"{""linear_score"": ""measured_discovery_only"", ""nonlinear_gain"": ""measured_discovery_only"", ""best_coordinate_frame"": ""pending_measurement"", ""geometry"": ""descriptive_common_metric_discovery_geometry"", ""cross_trajectory_stability"": ""measured_discovery_only"", ""regime_dependence"": ""measured_discovery_only"", ""causal_patch_effect"": ""pending_measurement"", ""specificity"": ""pending_measurement"", ""manifold_distance"": ""pending_measurement"", ""recommended_operator"": ""not_yet_justified""}","[{""path"": ""artifacts/geometry_map/reach_wall_v1/discovery-screen/discovery_screen.json"", ""item"": ""rows[309]""}, {""path"": ""artifacts/geometry_map/reach_wall_v1/cached-geometry-v2/nonlinear_screen.json"", ""item"": ""rows[99]""}, {""path"": ""artifacts/geometry_map/reach_wall_v1/spatial-screen/spatial_screen.json"", ""item"": ""maps.predictor.block2.action_translation_magnitude""}, {""path"": ""artifacts/geometry_map/reach_wall_v1/cached-geometry-v2/cached_geometry.json"", ""item"": ""rows[15]""}, {""path"": ""artifacts/geometry_map/reach_wall_v1/cached-geometry-v2/cached_geometry.json"", ""item"": ""sites[1]""}]"
reach-wall/predictor/block-2/spatial-mean/action_direction,reach-wall,predictor,2,block_residual_output,mean_of_256_spatial_tokens,1,action_direction,"{""metric"": ""r2"", ""score"": 0.8345081396144671, ""time_baseline"": 0.19205233759231133, ""delta_vs_time"": 0.6424558020221558}",,,"{""eigenspectrum_reference"": ""sites.predictor.block2.eigenspectrum"", ""common_metric_subspace_comparisons_reference"": ""sites.predictor.block2.subspace_comparisons""}","{""status"": ""not_run"", ""reason"": ""Focused bootstrap covers progress, clearance and XZ direction""}","{""status"": ""descriptive_physical_regimes"", ""groups"": [{""regime"": ""below_wall_top"", ""seed"": null, ""samples"": 51, ""episodes"": 13, ""global_held_seed_mse"": 0.11386522789749388, ""time_only_mse"": 0.35860109047115224, ""mean_time"": 0.7812177562246135, ""time_quantiles"": [0.5789473652839661, 0.7894737124443054, 0.9473684430122375]}, {""regime"": ""below_wall_top"", ""seed"": 1, ""samples"": 7, ""episodes"": 3, ""global_held_seed_mse"": 0.06445226334965438, ""time_only_mse"": 0.32814295665927457, ""mean_time"": 0.7669173053332737, ""time_quantiles"": [0.5789473772048951, 0.7894737124443054, 0.9473684430122375]}, {""regime"": ""below_wall_top"", ""seed"": 2, ""samples"": 15, ""episodes"": 4, ""global_held_seed_mse"": 0.202370100599691, ""time_only_mse"": 0.3948960705833212, ""mean_time"": 0.7789473732312521, ""time_quantiles"": [0.6526315689086915, 0.7894737124443054, 0.9263157963752746]}, {""regime"": ""below_wall_top"", ""seed"": 3, ""samples"": 29, ""episodes"": 6, ""global_held_seed_mse"": 0.08001411276997386, ""time_only_mse"": 0.3471797882297939, ""mean_time"": 0.7858439252294344, ""time_quantiles"": [0.5684210538864136, 0.8421052694320679, 0.9473684430122375]}, {""regime"": ""at_or_above_wall_top"", ""seed"": null, ""samples"": 2799, ""episodes"": 150, ""global_held_seed_mse"": 0.05004784847327516, ""time_only_mse"": 0.24793352270318156, ""mean_time"": 0.4680807074028153, ""time_quantiles"": [0.05263157933950424, 0.4736842215061188, 0.8947368264198303]}, {""regime"": ""at_or_above_wall_top"", ""seed"": 1, ""samples"": 943, ""episodes"": 50, ""global_held_seed_mse"": 0.049512432987342064, ""time_only_mse"": 0.24807045763349864, ""mean_time"": 0.4715075087224944, ""time_quantiles"": [0.05263157933950424, 0.4736842215061188, 0.8947368264198303]}, {""regime"": ""at_or_above_wall_top"", ""seed"": 2, ""samples"": 935, ""episodes"": 50, ""global_held_seed_mse"": 0.05033084681663407, ""time_only_mse"": 0.24672252174819034, ""mean_time"": 0.46878694252853087, ""time_quantiles"": [0.05263157933950424, 0.4736842215061188, 0.8947368264198303]}, {""regime"": ""at_or_above_wall_top"", ""seed"": 3, ""samples"": 921, ""episodes"": 50, ""global_held_seed_mse"": 0.0503087533073624, ""time_only_mse"": 0.2490227260187383, ""mean_time"": 0.463855079295322, ""time_quantiles"": [0.05263157933950424, 0.4736842215061188, 0.8421052694320679]}], ""time_confounding"": ""Regimes have different time and trajectory composition; residual differences do not identify causal regimes or HMM states.""}",,,,none_validated,"{""linear_score"": ""measured_discovery_only"", ""nonlinear_gain"": ""pending_measurement"", ""best_coordinate_frame"": ""pending_measurement"", ""geometry"": ""descriptive_common_metric_discovery_geometry"", ""cross_trajectory_stability"": ""measured_discovery_only"", ""regime_dependence"": ""measured_discovery_only"", ""causal_patch_effect"": ""pending_measurement"", ""specificity"": ""pending_measurement"", ""manifold_distance"": ""pending_measurement"", ""recommended_operator"": ""not_yet_justified""}","[{""path"": ""artifacts/geometry_map/reach_wall_v1/cached-geometry-v2/cached_geometry.json"", ""item"": ""rows[13]""}, {""path"": ""artifacts/geometry_map/reach_wall_v1/cached-geometry-v2/cached_geometry.json"", ""item"": ""sites[1]""}]"
reach-wall/predictor/block-2/spatial-mean/action_dx,reach-wall,predictor,2,block_residual_output,mean_of_256_spatial_tokens,1,action_dx,"{""metric"": ""r2"", ""score"": 0.9468354188126925, ""time_baseline"": 0.0033910809446688894, ""delta_vs_time"": 0.9434443378680236}","{""knn_score"": 0.38869546957093903, ""linear_score"": 0.9468354188126925, ""nonlinear_gain"": -0.5581399492417535}",,"{""participation_ratio"": 4.913773101272954, ""top10_variance_fraction"": 0.7761574645929293, ""adjacent_timestep_cosine_mean"": 0.9981558836495552, ""eigenspectrum_reference"": ""sites.predictor.block2.eigenspectrum"", ""common_metric_subspace_comparisons_reference"": ""sites.predictor.block2.subspace_comparisons""}",,,,,,none_validated,"{""linear_score"": ""measured_discovery_only"", ""nonlinear_gain"": ""measured_discovery_only"", ""best_coordinate_frame"": ""pending_measurement"", ""geometry"": ""descriptive_common_metric_discovery_geometry"", ""cross_trajectory_stability"": ""pending_measurement"", ""regime_dependence"": ""pending_measurement"", ""causal_patch_effect"": ""pending_measurement"", ""specificity"": ""pending_measurement"", ""manifold_distance"": ""pending_measurement"", ""recommended_operator"": ""not_yet_justified""}","[{""path"": ""artifacts/geometry_map/reach_wall_v1/discovery-screen/discovery_screen.json"", ""item"": ""rows[306]""}, {""path"": ""artifacts/geometry_map/reach_wall_v1/cached-geometry-v2/nonlinear_screen.json"", ""item"": ""rows[96]""}, {""path"": ""artifacts/geometry_map/reach_wall_v1/spatial-screen/spatial_screen.json"", ""item"": ""maps.predictor.block2.action_dx""}, {""path"": ""artifacts/geometry_map/reach_wall_v1/cached-geometry-v2/cached_geometry.json"", ""item"": ""sites[1]""}]"
reach-wall/predictor/block-2/spatial-mean/action_dy,reach-wall,predictor,2,block_residual_output,mean_of_256_spatial_tokens,1,action_dy,"{""metric"": ""r2"", ""score"": 0.9761599287527303, ""time_baseline"": 0.6287213192564175, ""delta_vs_time"": 0.3474386094963128}","{""knn_score"": 0.7547462323484941, ""linear_score"": 0.9761599287527303, ""nonlinear_gain"": -0.22141369640423614}",,"{""participation_ratio"": 4.913773101272954, ""top10_variance_fraction"": 0.7761574645929293, ""adjacent_timestep_cosine_mean"": 0.9981558836495552, ""eigenspectrum_reference"": ""sites.predictor.block2.eigenspectrum"", ""common_metric_subspace_comparisons_reference"": ""sites.predictor.block2.subspace_comparisons""}",,,,,,none_validated,"{""linear_score"": ""measured_discovery_only"", ""nonlinear_gain"": ""measured_discovery_only"", ""best_coordinate_frame"": ""pending_measurement"", ""geometry"": ""descriptive_common_metric_discovery_geometry"", ""cross_trajectory_stability"": ""pending_measurement"", ""regime_dependence"": ""pending_measurement"", ""causal_patch_effect"": ""pending_measurement"", ""specificity"": ""pending_measurement"", ""manifold_distance"": ""pending_measurement"", ""recommended_operator"": ""not_yet_justified""}","[{""path"": ""artifacts/geometry_map/reach_wall_v1/discovery-screen/discovery_screen.json"", ""item"": ""rows[307]""}, {""path"": ""artifacts/geometry_map/reach_wall_v1/cached-geometry-v2/nonlinear_screen.json"", ""item"": ""rows[97]""}, {""path"": ""artifacts/geometry_map/reach_wall_v1/spatial-screen/spatial_screen.json"", ""item"": ""maps.predictor.block2.action_dy""}, {""path"": ""artifacts/geometry_map/reach_wall_v1/cached-geometry-v2/cached_geometry.json"", ""item"": ""sites[1]""}]"
reach-wall/predictor/block-2/spatial-mean/action_dz,reach-wall,predictor,2,block_residual_output,mean_of_256_spatial_tokens,1,action_dz,"{""metric"": ""r2"", ""score"": 0.9390297022707278, ""time_baseline"": 0.02788791500905774, ""delta_vs_time"": 0.91114178726167}","{""knn_score"": 0.4274059676342029, ""linear_score"": 0.9390297022707278, ""nonlinear_gain"": -0.5116237346365249}",,"{""participation_ratio"": 4.913773101272954, ""top10_variance_fraction"": 0.7761574645929293, ""adjacent_timestep_cosine_mean"": 0.9981558836495552, ""eigenspectrum_reference"": ""sites.predictor.block2.eigenspectrum"", ""common_metric_subspace_comparisons_reference"": ""sites.predictor.block2.subspace_comparisons""}",,,,,,none_validated,"{""linear_score"": ""measured_discovery_only"", ""nonlinear_gain"": ""measured_discovery_only"", ""best_coordinate_frame"": ""pending_measurement"", ""geometry"": ""descriptive_common_metric_discovery_geometry"", ""cross_trajectory_stability"": ""pending_measurement"", ""regime_dependence"": ""pending_measurement"", ""causal_patch_effect"": ""pending_measurement"", ""specificity"": ""pending_measurement"", ""manifold_distance"": ""pending_measurement"", ""recommended_operator"": ""not_yet_justified""}","[{""path"": ""artifacts/geometry_map/reach_wall_v1/discovery-screen/discovery_screen.json"", ""item"": ""rows[308]""}, {""path"": ""artifacts/geometry_map/reach_wall_v1/cached-geometry-v2/nonlinear_screen.json"", ""item"": ""rows[98]""}, {""path"": ""artifacts/geometry_map/reach_wall_v1/spatial-screen/spatial_screen.json"", ""item"": ""maps.predictor.block2.action_dz""}, {""path"": ""artifacts/geometry_map/reach_wall_v1/cached-geometry-v2/cached_geometry.json"", ""item"": ""sites[1]""}]"
reach-wall/predictor/block-2/spatial-mean/action_net_norm,reach-wall,predictor,2,block_residual_output,mean_of_256_spatial_tokens,1,action_net_norm,"{""metric"": ""r2"", ""score"": 0.7619163791919916, ""time_baseline"": 0.4870869163889663, ""delta_vs_time"": 0.27482946280302534}",,,"{""eigenspectrum_reference"": ""sites.predictor.block2.eigenspectrum"", ""common_metric_subspace_comparisons_reference"": ""sites.predictor.block2.subspace_comparisons""}","{""status"": ""not_run"", ""reason"": ""Focused bootstrap covers progress, clearance and XZ direction""}","{""status"": ""descriptive_physical_regimes"", ""groups"": [{""regime"": ""below_wall_top"", ""seed"": null, ""samples"": 51, ""episodes"": 13, ""global_held_seed_mse"": 2.3164390199423015, ""time_only_mse"": 4.296760960113498, ""mean_time"": 0.7812177562246135, ""time_quantiles"": [0.5789473652839661, 0.7894737124443054, 0.9473684430122375]}, {""regime"": ""below_wall_top"", ""seed"": 1, ""samples"": 7, ""episodes"": 3, ""global_held_seed_mse"": 0.8093441339101961, ""time_only_mse"": 1.236715122960698, ""mean_time"": 0.7669173053332737, ""time_quantiles"": [0.5789473772048951, 0.7894737124443054, 0.9473684430122375]}, {""regime"": ""below_wall_top"", ""seed"": 2, ""samples"": 15, ""episodes"": 4, ""global_held_seed_mse"": 3.541473864895105, ""time_only_mse"": 9.72477954738707, ""mean_time"": 0.7789473732312521, ""time_quantiles"": [0.6526315689086915, 0.7894737124443054, 0.9263157963752746]}, {""regime"": ""below_wall_top"", ""seed"": 3, ""samples"": 29, ""episodes"": 6, ""global_held_seed_mse"": 2.046581831250325, ""time_only_mse"": 2.227796892905427, ""mean_time"": 0.7858439252294344, ""time_quantiles"": [0.5684210538864136, 0.8421052694320679, 0.9473684430122375]}, {""regime"": ""at_or_above_wall_top"", ""seed"": null, ""samples"": 2799, ""episodes"": 150, ""global_held_seed_mse"": 0.696931745398208, ""time_only_mse"": 1.5140665890661464, ""mean_time"": 0.4680807074028153, ""time_quantiles"": [0.05263157933950424, 0.4736842215061188, 0.8947368264198303]}, {""regime"": ""at_or_above_wall_top"", ""seed"": 1, ""samples"": 943, ""episodes"": 50, ""global_held_seed_mse"": 0.6861449291996177, ""time_only_mse"": 1.4242424006778094, ""mean_time"": 0.4715075087224944, ""time_quantiles"": [0.05263157933950424, 0.4736842215061188, 0.8947368264198303]}, {""regime"": ""at_or_above_wall_top"", ""seed"": 2, ""samples"": 935, ""episodes"": 50, ""global_held_seed_mse"": 0.692236110069391, ""time_only_mse"": 1.5713040773971467, ""mean_time"": 0.46878694252853087, ""time_quantiles"": [0.05263157933950424, 0.4736842215061188, 0.8947368264198303]}, {""regime"": ""at_or_above_wall_top"", ""seed"": 3, ""samples"": 921, ""episodes"": 50, ""global_held_seed_mse"": 0.7127432401948578, ""time_only_mse"": 1.5479288670908125, ""mean_time"": 0.463855079295322, ""time_quantiles"": [0.05263157933950424, 0.4736842215061188, 0.8421052694320679]}], ""time_confounding"": ""Regimes have different time and trajectory composition; residual differences do not identify causal regimes or HMM states.""}",,,,none_validated,"{""linear_score"": ""measured_discovery_only"", ""nonlinear_gain"": ""pending_measurement"", ""best_coordinate_frame"": ""pending_measurement"", ""geometry"": ""descriptive_common_metric_discovery_geometry"", ""cross_trajectory_stability"": ""measured_discovery_only"", ""regime_dependence"": ""measured_discovery_only"", ""causal_patch_effect"": ""pending_measurement"", ""specificity"": ""pending_measurement"", ""manifold_distance"": ""pending_measurement"", ""recommended_operator"": ""not_yet_justified""}","[{""path"": ""artifacts/geometry_map/reach_wall_v1/cached-geometry-v2/cached_geometry.json"", ""item"": ""rows[14]""}, {""path"": ""artifacts/geometry_map/reach_wall_v1/cached-geometry-v2/cached_geometry.json"", ""item"": ""sites[1]""}]"
reach-wall/predictor/block-2/spatial-mean/cumulative_progress,reach-wall,predictor,2,block_residual_output,mean_of_256_spatial_tokens,1,cumulative_progress,"{""metric"": ""r2"", ""score"": 0.9569170732258386, ""time_baseline"": 0.9222151825002093, ""delta_vs_time"": 0.03470189072562935}","{""knn_score"": 0.9271391635010754, ""linear_score"": 0.9569170724623078, ""nonlinear_gain"": -0.029777908961232447}",,"{""participation_ratio"": 4.913773101272954, ""top10_variance_fraction"": 0.7761574645929293, ""adjacent_timestep_cosine_mean"": 0.9981558836495552, ""eigenspectrum_reference"": ""sites.predictor.block2.eigenspectrum"", ""common_metric_subspace_comparisons_reference"": ""sites.predictor.block2.subspace_comparisons""}","{""status"": ""not_run"", ""reason"": ""Focused bootstrap covers progress, clearance and XZ direction""}","{""status"": ""descriptive_physical_regimes"", ""groups"": [{""regime"": ""below_wall_top"", ""seed"": null, ""samples"": 51, ""episodes"": 13, ""global_held_seed_mse"": 0.001429366488643108, ""time_only_mse"": 0.0010581333179116642, ""mean_time"": 0.7812177562246135, ""time_quantiles"": [0.5789473652839661, 0.7894737124443054, 0.9473684430122375]}, {""regime"": ""below_wall_top"", ""seed"": 1, ""samples"": 7, ""episodes"": 3, ""global_held_seed_mse"": 0.00015284772293858105, ""time_only_mse"": 0.0002068010813422921, ""mean_time"": 0.7669173053332737, ""time_quantiles"": [0.5789473772048951, 0.7894737124443054, 0.9473684430122375]}, {""regime"": ""below_wall_top"", ""seed"": 2, ""samples"": 15, ""episodes"": 4, ""global_held_seed_mse"": 0.0016950956143471812, ""time_only_mse"": 0.001185093929917533, ""mean_time"": 0.7789473732312521, ""time_quantiles"": [0.6526315689086915, 0.7894737124443054, 0.9263157963752746]}, {""regime"": ""below_wall_top"", ""seed"": 3, ""samples"": 29, ""episodes"": 6, ""global_held_seed_mse"": 0.00160004560844899, ""time_only_mse"": 0.0011979580239770975, ""mean_time"": 0.7858439252294344, ""time_quantiles"": [0.5684210538864136, 0.8421052694320679, 0.9473684430122375]}, {""regime"": ""at_or_above_wall_top"", ""seed"": null, ""samples"": 2799, ""episodes"": 150, ""global_held_seed_mse"": 0.0002155891798357526, ""time_only_mse"": 0.00041698113286670096, ""mean_time"": 0.4680807074028153, ""time_quantiles"": [0.05263157933950424, 0.4736842215061188, 0.8947368264198303]}, {""regime"": ""at_or_above_wall_top"", ""seed"": 1, ""samples"": 943, ""episodes"": 50, ""global_held_seed_mse"": 0.00019161342895747881, ""time_only_mse"": 0.0003539398806516751, ""mean_time"": 0.4715075087224944, ""time_quantiles"": [0.05263157933950424, 0.4736842215061188, 0.8947368264198303]}, {""regime"": ""at_or_above_wall_top"", ""seed"": 2, ""samples"": 935, ""episodes"": 50, ""global_held_seed_mse"": 0.00026204642587181355, ""time_only_mse"": 0.0005289932176593962, ""mean_time"": 0.46878694252853087, ""time_quantiles"": [0.05263157933950424, 0.4736842215061188, 0.8947368264198303]}, {""regime"": ""at_or_above_wall_top"", ""seed"": 3, ""samples"": 921, ""episodes"": 50, ""global_held_seed_mse"": 0.00019297420484606218, ""time_only_mse"": 0.00036781349069254176, ""mean_time"": 0.463855079295322, ""time_quantiles"": [0.05263157933950424, 0.4736842215061188, 0.8421052694320679]}], ""time_confounding"": ""Regimes have different time and trajectory composition; residual differences do not identify causal regimes or HMM states.""}",,,,none_validated,"{""linear_score"": ""measured_discovery_only"", ""nonlinear_gain"": ""measured_discovery_only"", ""best_coordinate_frame"": ""pending_measurement"", ""geometry"": ""descriptive_common_metric_discovery_geometry"", ""cross_trajectory_stability"": ""measured_discovery_only"", ""regime_dependence"": ""measured_discovery_only"", ""causal_patch_effect"": ""pending_measurement"", ""specificity"": ""pending_measurement"", ""manifold_distance"": ""pending_measurement"", ""recommended_operator"": ""not_yet_justified""}","[{""path"": ""artifacts/geometry_map/reach_wall_v1/discovery-screen/discovery_screen.json"", ""item"": ""rows[295]""}, {""path"": ""artifacts/geometry_map/reach_wall_v1/emergence-geometry/emergence_geometry.json"", ""item"": ""curves.predictor.progress.rows.layer=2""}, {""path"": ""artifacts/geometry_map/reach_wall_v1/cached-geometry-v2/nonlinear_screen.json"", ""item"": ""rows[85]""}, {""path"": ""artifacts/geometry_map/reach_wall_v1/spatial-screen/spatial_screen.json"", ""item"": ""maps.predictor.block2.progress""}, {""path"": ""artifacts/geometry_map/reach_wall_v1/cached-geometry-v2/cached_geometry.json"", ""item"": ""rows[9]""}, {""path"": ""artifacts/geometry_map/reach_wall_v1/cached-geometry-v2/cached_geometry.json"", ""item"": ""sites[1]""}]"
reach-wall/predictor/block-2/spatial-mean/expert_detour_gate,reach-wall,predictor,2,block_residual_output,mean_of_256_spatial_tokens,1,expert_detour_gate,"{""metric"": ""auroc"", ""score"": 0.998836130123279, ""time_baseline"": 0.978149765850144, ""delta_vs_time"": 0.02068636427313497}","{""knn_score"": 0.9967870061839578, ""linear_score"": 0.998836130123279, ""nonlinear_gain"": -0.002049123939321218}",,"{""participation_ratio"": 4.913773101272954, ""top10_variance_fraction"": 0.7761574645929293, ""adjacent_timestep_cosine_mean"": 0.9981558836495552, ""eigenspectrum_reference"": ""sites.predictor.block2.eigenspectrum"", ""common_metric_subspace_comparisons_reference"": ""sites.predictor.block2.subspace_comparisons""}",,,,,,none_validated,"{""linear_score"": ""measured_discovery_only"", ""nonlinear_gain"": ""measured_discovery_only"", ""best_coordinate_frame"": ""pending_measurement"", ""geometry"": ""descriptive_common_metric_discovery_geometry"", ""cross_trajectory_stability"": ""pending_measurement"", ""regime_dependence"": ""pending_measurement"", ""causal_patch_effect"": ""pending_measurement"", ""specificity"": ""pending_measurement"", ""manifold_distance"": ""pending_measurement"", ""recommended_operator"": ""not_yet_justified""}","[{""path"": ""artifacts/geometry_map/reach_wall_v1/discovery-screen/discovery_screen.json"", ""item"": ""rows[305]""}, {""path"": ""artifacts/geometry_map/reach_wall_v1/cached-geometry-v2/nonlinear_screen.json"", ""item"": ""rows[95]""}, {""path"": ""artifacts/geometry_map/reach_wall_v1/spatial-screen/spatial_screen.json"", ""item"": ""maps.predictor.block2.expert_detour_gate""}, {""path"": ""artifacts/geometry_map/reach_wall_v1/cached-geometry-v2/cached_geometry.json"", ""item"": ""sites[1]""}]"
reach-wall/predictor/block-2/spatial-mean/goal_distance,reach-wall,predictor,2,block_residual_output,mean_of_256_spatial_tokens,1,goal_distance,"{""metric"": ""r2"", ""score"": 0.9412682202721147, ""time_baseline"": 0.908897827090231, ""delta_vs_time"": 0.03237039318188362}","{""knn_score"": 0.91279237193711, ""linear_score"": 0.9412682202721147, ""nonlinear_gain"": -0.028475848335004605}",,"{""participation_ratio"": 4.913773101272954, ""top10_variance_fraction"": 0.7761574645929293, ""adjacent_timestep_cosine_mean"": 0.9981558836495552, ""eigenspectrum_reference"": ""sites.predictor.block2.eigenspectrum"", ""common_metric_subspace_comparisons_reference"": ""sites.predictor.block2.subspace_comparisons""}",,,,,,none_validated,"{""linear_score"": ""measured_discovery_only"", ""nonlinear_gain"": ""measured_discovery_only"", ""best_coordinate_frame"": ""pending_measurement"", ""geometry"": ""descriptive_common_metric_discovery_geometry"", ""cross_trajectory_stability"": ""pending_measurement"", ""regime_dependence"": ""pending_measurement"", ""causal_patch_effect"": ""pending_measurement"", ""specificity"": ""pending_measurement"", ""manifold_distance"": ""pending_measurement"", ""recommended_operator"": ""not_yet_justified""}","[{""path"": ""artifacts/geometry_map/reach_wall_v1/discovery-screen/discovery_screen.json"", ""item"": ""rows[294]""}, {""path"": ""artifacts/geometry_map/reach_wall_v1/cached-geometry-v2/nonlinear_screen.json"", ""item"": ""rows[84]""}, {""path"": ""artifacts/geometry_map/reach_wall_v1/spatial-screen/spatial_screen.json"", ""item"": ""maps.predictor.block2.goal_distance""}, {""path"": ""artifacts/geometry_map/reach_wall_v1/cached-geometry-v2/cached_geometry.json"", ""item"": ""sites[1]""}]"
reach-wall/predictor/block-2/spatial-mean/goal_vector_x,reach-wall,predictor,2,block_residual_output,mean_of_256_spatial_tokens,1,goal_vector_x,"{""metric"": ""r2"", ""score"": 0.17697151934425415, ""time_baseline"": 0.08054582471970773, ""delta_vs_time"": 0.09642569462454642}","{""knn_score"": 0.14098843660934202, ""linear_score"": 0.17697151934425415, ""nonlinear_gain"": -0.03598308273491213}",,"{""participation_ratio"": 4.913773101272954, ""top10_variance_fraction"": 0.7761574645929293, ""adjacent_timestep_cosine_mean"": 0.9981558836495552, ""eigenspectrum_reference"": ""sites.predictor.block2.eigenspectrum"", ""common_metric_subspace_comparisons_reference"": ""sites.predictor.block2.subspace_comparisons""}",,,,,,none_validated,"{""linear_score"": ""measured_discovery_only"", ""nonlinear_gain"": ""measured_discovery_only"", ""best_coordinate_frame"": ""pending_measurement"", ""geometry"": ""descriptive_common_metric_discovery_geometry"", ""cross_trajectory_stability"": ""pending_measurement"", ""regime_dependence"": ""pending_measurement"", ""causal_patch_effect"": ""pending_measurement"", ""specificity"": ""pending_measurement"", ""manifold_distance"": ""pending_measurement"", ""recommended_operator"": ""not_yet_justified""}","[{""path"": ""artifacts/geometry_map/reach_wall_v1/discovery-screen/discovery_screen.json"", ""item"": ""rows[299]""}, {""path"": ""artifacts/geometry_map/reach_wall_v1/cached-geometry-v2/nonlinear_screen.json"", ""item"": ""rows[89]""}, {""path"": ""artifacts/geometry_map/reach_wall_v1/spatial-screen/spatial_screen.json"", ""item"": ""maps.predictor.block2.goal_vector_x""}, {""path"": ""artifacts/geometry_map/reach_wall_v1/cached-geometry-v2/cached_geometry.json"", ""item"": ""sites[1]""}]"
reach-wall/predictor/block-2/spatial-mean/goal_vector_y,reach-wall,predictor,2,block_residual_output,mean_of_256_spatial_tokens,1,goal_vector_y,"{""metric"": ""r2"", ""score"": 0.9728665459727929, ""time_baseline"": 0.9568517433439947, ""delta_vs_time"": 0.016014802628798175}","{""knn_score"": 0.9411619489509546, ""linear_score"": 0.9728665459727929, ""nonlinear_gain"": -0.031704597021838254}",,"{""participation_ratio"": 4.913773101272954, ""top10_variance_fraction"": 0.7761574645929293, ""adjacent_timestep_cosine_mean"": 0.9981558836495552, ""eigenspectrum_reference"": ""sites.predictor.block2.eigenspectrum"", ""common_metric_subspace_comparisons_reference"": ""sites.predictor.block2.subspace_comparisons""}",,,,,,none_validated,"{""linear_score"": ""measured_discovery_only"", ""nonlinear_gain"": ""measured_discovery_only"", ""best_coordinate_frame"": ""pending_measurement"", ""geometry"": ""descriptive_common_metric_discovery_geometry"", ""cross_trajectory_stability"": ""pending_measurement"", ""regime_dependence"": ""pending_measurement"", ""causal_patch_effect"": ""pending_measurement"", ""specificity"": ""pending_measurement"", ""manifold_distance"": ""pending_measurement"", ""recommended_operator"": ""not_yet_justified""}","[{""path"": ""artifacts/geometry_map/reach_wall_v1/discovery-screen/discovery_screen.json"", ""item"": ""rows[300]""}, {""path"": ""artifacts/geometry_map/reach_wall_v1/cached-geometry-v2/nonlinear_screen.json"", ""item"": ""rows[90]""}, {""path"": ""artifacts/geometry_map/reach_wall_v1/spatial-screen/spatial_screen.json"", ""item"": ""maps.predictor.block2.goal_vector_y""}, {""path"": ""artifacts/geometry_map/reach_wall_v1/cached-geometry-v2/cached_geometry.json"", ""item"": ""sites[1]""}]"
reach-wall/predictor/block-2/spatial-mean/goal_vector_z,reach-wall,predictor,2,block_residual_output,mean_of_256_spatial_tokens,1,goal_vector_z,"{""metric"": ""r2"", ""score"": 0.5915195359130231, ""time_baseline"": 0.044334510544640326, ""delta_vs_time"": 0.5471850253683828}","{""knn_score"": 0.47642434832452296, ""linear_score"": 0.5915195359130231, ""nonlinear_gain"": -0.11509518758850013}",,"{""participation_ratio"": 4.913773101272954, ""top10_variance_fraction"": 0.7761574645929293, ""adjacent_timestep_cosine_mean"": 0.9981558836495552, ""eigenspectrum_reference"": ""sites.predictor.block2.eigenspectrum"", ""common_metric_subspace_comparisons_reference"": ""sites.predictor.block2.subspace_comparisons""}",,,,,,none_validated,"{""linear_score"": ""measured_discovery_only"", ""nonlinear_gain"": ""measured_discovery_only"", ""best_coordinate_frame"": ""pending_measurement"", ""geometry"": ""descriptive_common_metric_discovery_geometry"", ""cross_trajectory_stability"": ""pending_measurement"", ""regime_dependence"": ""pending_measurement"", ""causal_patch_effect"": ""pending_measurement"", ""specificity"": ""pending_measurement"", ""manifold_distance"": ""pending_measurement"", ""recommended_operator"": ""not_yet_justified""}","[{""path"": ""artifacts/geometry_map/reach_wall_v1/discovery-screen/discovery_screen.json"", ""item"": ""rows[301]""}, {""path"": ""artifacts/geometry_map/reach_wall_v1/cached-geometry-v2/nonlinear_screen.json"", ""item"": ""rows[91]""}, {""path"": ""artifacts/geometry_map/reach_wall_v1/spatial-screen/spatial_screen.json"", ""item"": ""maps.predictor.block2.goal_vector_z""}, {""path"": ""artifacts/geometry_map/reach_wall_v1/cached-geometry-v2/cached_geometry.json"", ""item"": ""sites[1]""}]"
reach-wall/predictor/block-2/spatial-mean/goal_xz_direction,reach-wall,predictor,2,block_residual_output,mean_of_256_spatial_tokens,1,goal_xz_direction,"{""metric"": ""r2"", ""score"": 0.38598631909649656, ""time_baseline"": null, ""delta_vs_time"": null}",,,"{""eigenspectrum_reference"": ""sites.predictor.block2.eigenspectrum"", ""common_metric_subspace_comparisons_reference"": ""sites.predictor.block2.subspace_comparisons""}",,,,,,none_validated,"{""linear_score"": ""measured_discovery_only"", ""nonlinear_gain"": ""pending_measurement"", ""best_coordinate_frame"": ""pending_measurement"", ""geometry"": ""descriptive_common_metric_discovery_geometry"", ""cross_trajectory_stability"": ""pending_measurement"", ""regime_dependence"": ""pending_measurement"", ""causal_patch_effect"": ""pending_measurement"", ""specificity"": ""pending_measurement"", ""manifold_distance"": ""pending_measurement"", ""recommended_operator"": ""not_yet_justified""}","[{""path"": ""artifacts/geometry_map/reach_wall_v1/emergence-geometry/emergence_geometry.json"", ""item"": ""curves.predictor.goal_xz_direction.rows.layer=2""}, {""path"": ""artifacts/geometry_map/reach_wall_v1/cached-geometry-v2/cached_geometry.json"", ""item"": ""sites[1]""}]"
reach-wall/predictor/block-2/spatial-mean/hand_to_goal_segment_intersects_wall,reach-wall,predictor,2,block_residual_output,mean_of_256_spatial_tokens,1,hand_to_goal_segment_intersects_wall,"{""metric"": ""auroc"", ""score"": 0.9905809927731449, ""time_baseline"": 0.9019247457737662, ""delta_vs_time"": 0.08865624699937869}","{""knn_score"": 0.9792578931063157, ""linear_score"": 0.9905809927731449, ""nonlinear_gain"": -0.011323099666829206}",,"{""participation_ratio"": 4.913773101272954, ""top10_variance_fraction"": 0.7761574645929293, ""adjacent_timestep_cosine_mean"": 0.9981558836495552, ""eigenspectrum_reference"": ""sites.predictor.block2.eigenspectrum"", ""common_metric_subspace_comparisons_reference"": ""sites.predictor.block2.subspace_comparisons""}",,,,,,none_validated,"{""linear_score"": ""measured_discovery_only"", ""nonlinear_gain"": ""measured_discovery_only"", ""best_coordinate_frame"": ""pending_measurement"", ""geometry"": ""descriptive_common_metric_discovery_geometry"", ""cross_trajectory_stability"": ""pending_measurement"", ""regime_dependence"": ""pending_measurement"", ""causal_patch_effect"": ""pending_measurement"", ""specificity"": ""pending_measurement"", ""manifold_distance"": ""pending_measurement"", ""recommended_operator"": ""not_yet_justified""}","[{""path"": ""artifacts/geometry_map/reach_wall_v1/discovery-screen/discovery_screen.json"", ""item"": ""rows[304]""}, {""path"": ""artifacts/geometry_map/reach_wall_v1/cached-geometry-v2/nonlinear_screen.json"", ""item"": ""rows[94]""}, {""path"": ""artifacts/geometry_map/reach_wall_v1/spatial-screen/spatial_screen.json"", ""item"": ""maps.predictor.block2.straight_path_intersects_wall""}, {""path"": ""artifacts/geometry_map/reach_wall_v1/cached-geometry-v2/cached_geometry.json"", ""item"": ""sites[1]""}]"
reach-wall/predictor/block-2/spatial-mean/hand_x,reach-wall,predictor,2,block_residual_output,mean_of_256_spatial_tokens,1,hand_x,"{""metric"": ""r2"", ""score"": 0.9778387385459948, ""time_baseline"": 0.058067306134002794, ""delta_vs_time"": 0.919771432411992}","{""knn_score"": 0.577038400071189, ""linear_score"": 0.9778387385459948, ""nonlinear_gain"": -0.4008003384748058}",,"{""participation_ratio"": 4.913773101272954, ""top10_variance_fraction"": 0.7761574645929293, ""adjacent_timestep_cosine_mean"": 0.9981558836495552, ""eigenspectrum_reference"": ""sites.predictor.block2.eigenspectrum"", ""common_metric_subspace_comparisons_reference"": ""sites.predictor.block2.subspace_comparisons""}",,,,,,none_validated,"{""linear_score"": ""measured_discovery_only"", ""nonlinear_gain"": ""measured_discovery_only"", ""best_coordinate_frame"": ""pending_measurement"", ""geometry"": ""descriptive_common_metric_discovery_geometry"", ""cross_trajectory_stability"": ""pending_measurement"", ""regime_dependence"": ""pending_measurement"", ""causal_patch_effect"": ""pending_measurement"", ""specificity"": ""pending_measurement"", ""manifold_distance"": ""pending_measurement"", ""recommended_operator"": ""not_yet_justified""}","[{""path"": ""artifacts/geometry_map/reach_wall_v1/discovery-screen/discovery_screen.json"", ""item"": ""rows[296]""}, {""path"": ""artifacts/geometry_map/reach_wall_v1/cached-geometry-v2/nonlinear_screen.json"", ""item"": ""rows[86]""}, {""path"": ""artifacts/geometry_map/reach_wall_v1/spatial-screen/spatial_screen.json"", ""item"": ""maps.predictor.block2.hand_x""}, {""path"": ""artifacts/geometry_map/reach_wall_v1/cached-geometry-v2/cached_geometry.json"", ""item"": ""sites[1]""}]"
reach-wall/predictor/block-2/spatial-mean/hand_y,reach-wall,predictor,2,block_residual_output,mean_of_256_spatial_tokens,1,hand_y,"{""metric"": ""r2"", ""score"": 0.9987670379993001, ""time_baseline"": 0.9772521653309317, ""delta_vs_time"": 0.02151487266836838}","{""knn_score"": 0.9659274554557982, ""linear_score"": 0.9987670379993001, ""nonlinear_gain"": -0.032839582543501944}",,"{""participation_ratio"": 4.913773101272954, ""top10_variance_fraction"": 0.7761574645929293, ""adjacent_timestep_cosine_mean"": 0.9981558836495552, ""eigenspectrum_reference"": ""sites.predictor.block2.eigenspectrum"", ""common_metric_subspace_comparisons_reference"": ""sites.predictor.block2.subspace_comparisons""}",,,,,,none_validated,"{""linear_score"": ""measured_discovery_only"", ""nonlinear_gain"": ""measured_discovery_only"", ""best_coordinate_frame"": ""pending_measurement"", ""geometry"": ""descriptive_common_metric_discovery_geometry"", ""cross_trajectory_stability"": ""pending_measurement"", ""regime_dependence"": ""pending_measurement"", ""causal_patch_effect"": ""pending_measurement"", ""specificity"": ""pending_measurement"", ""manifold_distance"": ""pending_measurement"", ""recommended_operator"": ""not_yet_justified""}","[{""path"": ""artifacts/geometry_map/reach_wall_v1/discovery-screen/discovery_screen.json"", ""item"": ""rows[297]""}, {""path"": ""artifacts/geometry_map/reach_wall_v1/cached-geometry-v2/nonlinear_screen.json"", ""item"": ""rows[87]""}, {""path"": ""artifacts/geometry_map/reach_wall_v1/spatial-screen/spatial_screen.json"", ""item"": ""maps.predictor.block2.hand_y""}, {""path"": ""artifacts/geometry_map/reach_wall_v1/cached-geometry-v2/cached_geometry.json"", ""item"": ""sites[1]""}]"
reach-wall/predictor/block-2/spatial-mean/hand_z,reach-wall,predictor,2,block_residual_output,mean_of_256_spatial_tokens,1,hand_z,"{""metric"": ""r2"", ""score"": 0.9947679026953863, ""time_baseline"": 0.00804356141242546, ""delta_vs_time"": 0.9867243412829608}","{""knn_score"": 0.8386933947775115, ""linear_score"": 0.9947679026953863, ""nonlinear_gain"": -0.1560745079178748}",,"{""participation_ratio"": 4.913773101272954, ""top10_variance_fraction"": 0.7761574645929293, ""adjacent_timestep_cosine_mean"": 0.9981558836495552, ""eigenspectrum_reference"": ""sites.predictor.block2.eigenspectrum"", ""common_metric_subspace_comparisons_reference"": ""sites.predictor.block2.subspace_comparisons""}",,,,,,none_validated,"{""linear_score"": ""measured_discovery_only"", ""nonlinear_gain"": ""measured_discovery_only"", ""best_coordinate_frame"": ""pending_measurement"", ""geometry"": ""descriptive_common_metric_discovery_geometry"", ""cross_trajectory_stability"": ""pending_measurement"", ""regime_dependence"": ""pending_measurement"", ""causal_patch_effect"": ""pending_measurement"", ""specificity"": ""pending_measurement"", ""manifold_distance"": ""pending_measurement"", ""recommended_operator"": ""not_yet_justified""}","[{""path"": ""artifacts/geometry_map/reach_wall_v1/discovery-screen/discovery_screen.json"", ""item"": ""rows[298]""}, {""path"": ""artifacts/geometry_map/reach_wall_v1/cached-geometry-v2/nonlinear_screen.json"", ""item"": ""rows[88]""}, {""path"": ""artifacts/geometry_map/reach_wall_v1/spatial-screen/spatial_screen.json"", ""item"": ""maps.predictor.block2.hand_z""}, {""path"": ""artifacts/geometry_map/reach_wall_v1/cached-geometry-v2/cached_geometry.json"", ""item"": ""sites[1]""}]"
reach-wall/predictor/block-2/spatial-mean/height_above_wall_top,reach-wall,predictor,2,block_residual_output,mean_of_256_spatial_tokens,1,height_above_wall_top,"{""metric"": ""r2"", ""score"": 0.9947679024800316, ""time_baseline"": 0.008043558955029284, ""delta_vs_time"": 0.9867243435250023}","{""knn_score"": 0.8386933908117801, ""linear_score"": 0.9947679024800316, ""nonlinear_gain"": -0.15607451166825148}",,"{""participation_ratio"": 4.913773101272954, ""top10_variance_fraction"": 0.7761574645929293, ""adjacent_timestep_cosine_mean"": 0.9981558836495552, ""eigenspectrum_reference"": ""sites.predictor.block2.eigenspectrum"", ""common_metric_subspace_comparisons_reference"": ""sites.predictor.block2.subspace_comparisons""}",,,,,,none_validated,"{""linear_score"": ""measured_discovery_only"", ""nonlinear_gain"": ""measured_discovery_only"", ""best_coordinate_frame"": ""pending_measurement"", ""geometry"": ""descriptive_common_metric_discovery_geometry"", ""cross_trajectory_stability"": ""pending_measurement"", ""regime_dependence"": ""pending_measurement"", ""causal_patch_effect"": ""pending_measurement"", ""specificity"": ""pending_measurement"", ""manifold_distance"": ""pending_measurement"", ""recommended_operator"": ""not_yet_justified""}","[{""path"": ""artifacts/geometry_map/reach_wall_v1/discovery-screen/discovery_screen.json"", ""item"": ""rows[303]""}, {""path"": ""artifacts/geometry_map/reach_wall_v1/cached-geometry-v2/nonlinear_screen.json"", ""item"": ""rows[93]""}, {""path"": ""artifacts/geometry_map/reach_wall_v1/spatial-screen/spatial_screen.json"", ""item"": ""maps.predictor.block2.height_above_wall_top""}, {""path"": ""artifacts/geometry_map/reach_wall_v1/cached-geometry-v2/cached_geometry.json"", ""item"": ""sites[1]""}]"
reach-wall/predictor/block-2/spatial-mean/realized_dx,reach-wall,predictor,2,block_residual_output,mean_of_256_spatial_tokens,1,realized_dx,"{""metric"": ""r2"", ""score"": 0.6002099218621946, ""time_baseline"": 0.005340828654275098, ""delta_vs_time"": 0.5948690932079195}","{""knn_score"": 0.23835723554718735, ""linear_score"": 0.6002099218621946, ""nonlinear_gain"": -0.3618526863150072}",,"{""participation_ratio"": 4.913773101272954, ""top10_variance_fraction"": 0.7761574645929293, ""adjacent_timestep_cosine_mean"": 0.9981558836495552, ""eigenspectrum_reference"": ""sites.predictor.block2.eigenspectrum"", ""common_metric_subspace_comparisons_reference"": ""sites.predictor.block2.subspace_comparisons""}",,,,,,none_validated,"{""linear_score"": ""measured_discovery_only"", ""nonlinear_gain"": ""measured_discovery_only"", ""best_coordinate_frame"": ""pending_measurement"", ""geometry"": ""descriptive_common_metric_discovery_geometry"", ""cross_trajectory_stability"": ""pending_measurement"", ""regime_dependence"": ""pending_measurement"", ""causal_patch_effect"": ""pending_measurement"", ""specificity"": ""pending_measurement"", ""manifold_distance"": ""pending_measurement"", ""recommended_operator"": ""not_yet_justified""}","[{""path"": ""artifacts/geometry_map/reach_wall_v1/discovery-screen/discovery_screen.json"", ""item"": ""rows[310]""}, {""path"": ""artifacts/geometry_map/reach_wall_v1/cached-geometry-v2/nonlinear_screen.json"", ""item"": ""rows[100]""}, {""path"": ""artifacts/geometry_map/reach_wall_v1/spatial-screen/spatial_screen.json"", ""item"": ""maps.predictor.block2.realized_dx""}, {""path"": ""artifacts/geometry_map/reach_wall_v1/cached-geometry-v2/cached_geometry.json"", ""item"": ""sites[1]""}]"
reach-wall/predictor/block-2/spatial-mean/realized_dy,reach-wall,predictor,2,block_residual_output,mean_of_256_spatial_tokens,1,realized_dy,"{""metric"": ""r2"", ""score"": 0.9299329035808183, ""time_baseline"": 0.7938417819030151, ""delta_vs_time"": 0.13609112167780313}","{""knn_score"": 0.8619531753939179, ""linear_score"": 0.9299329035808183, ""nonlinear_gain"": -0.06797972818690035}",,"{""participation_ratio"": 4.913773101272954, ""top10_variance_fraction"": 0.7761574645929293, ""adjacent_timestep_cosine_mean"": 0.9981558836495552, ""eigenspectrum_reference"": ""sites.predictor.block2.eigenspectrum"", ""common_metric_subspace_comparisons_reference"": ""sites.predictor.block2.subspace_comparisons""}",,,,,,none_validated,"{""linear_score"": ""measured_discovery_only"", ""nonlinear_gain"": ""measured_discovery_only"", ""best_coordinate_frame"": ""pending_measurement"", ""geometry"": ""descriptive_common_metric_discovery_geometry"", ""cross_trajectory_stability"": ""pending_measurement"", ""regime_dependence"": ""pending_measurement"", ""causal_patch_effect"": ""pending_measurement"", ""specificity"": ""pending_measurement"", ""manifold_distance"": ""pending_measurement"", ""recommended_operator"": ""not_yet_justified""}","[{""path"": ""artifacts/geometry_map/reach_wall_v1/discovery-screen/discovery_screen.json"", ""item"": ""rows[311]""}, {""path"": ""artifacts/geometry_map/reach_wall_v1/cached-geometry-v2/nonlinear_screen.json"", ""item"": ""rows[101]""}, {""path"": ""artifacts/geometry_map/reach_wall_v1/spatial-screen/spatial_screen.json"", ""item"": ""maps.predictor.block2.realized_dy""}, {""path"": ""artifacts/geometry_map/reach_wall_v1/cached-geometry-v2/cached_geometry.json"", ""item"": ""sites[1]""}]"
reach-wall/predictor/block-2/spatial-mean/realized_dz,reach-wall,predictor,2,block_residual_output,mean_of_256_spatial_tokens,1,realized_dz,"{""metric"": ""r2"", ""score"": 0.6761116572514421, ""time_baseline"": 0.07117442644816807, ""delta_vs_time"": 0.604937230803274}","{""knn_score"": 0.3779722849737851, ""linear_score"": 0.6761116572514421, ""nonlinear_gain"": -0.29813937227765697}",,"{""participation_ratio"": 4.913773101272954, ""top10_variance_fraction"": 0.7761574645929293, ""adjacent_timestep_cosine_mean"": 0.9981558836495552, ""eigenspectrum_reference"": ""sites.predictor.block2.eigenspectrum"", ""common_metric_subspace_comparisons_reference"": ""sites.predictor.block2.subspace_comparisons""}",,,,,,none_validated,"{""linear_score"": ""measured_discovery_only"", ""nonlinear_gain"": ""measured_discovery_only"", ""best_coordinate_frame"": ""pending_measurement"", ""geometry"": ""descriptive_common_metric_discovery_geometry"", ""cross_trajectory_stability"": ""pending_measurement"", ""regime_dependence"": ""pending_measurement"", ""causal_patch_effect"": ""pending_measurement"", ""specificity"": ""pending_measurement"", ""manifold_distance"": ""pending_measurement"", ""recommended_operator"": ""not_yet_justified""}","[{""path"": ""artifacts/geometry_map/reach_wall_v1/discovery-screen/discovery_screen.json"", ""item"": ""rows[312]""}, {""path"": ""artifacts/geometry_map/reach_wall_v1/cached-geometry-v2/nonlinear_screen.json"", ""item"": ""rows[102]""}, {""path"": ""artifacts/geometry_map/reach_wall_v1/spatial-screen/spatial_screen.json"", ""item"": ""maps.predictor.block2.realized_dz""}, {""path"": ""artifacts/geometry_map/reach_wall_v1/cached-geometry-v2/cached_geometry.json"", ""item"": ""sites[1]""}]"
reach-wall/predictor/block-2/spatial-mean/realized_hand_delta_magnitude,reach-wall,predictor,2,block_residual_output,mean_of_256_spatial_tokens,1,realized_hand_delta_magnitude,"{""metric"": ""r2"", ""score"": 0.7873664200425173, ""time_baseline"": 0.6130267917023396, ""delta_vs_time"": 0.1743396283401777}","{""knn_score"": 0.7342087267677462, ""linear_score"": 0.7873664200425173, ""nonlinear_gain"": -0.053157693274771156}",,"{""participation_ratio"": 4.913773101272954, ""top10_variance_fraction"": 0.7761574645929293, ""adjacent_timestep_cosine_mean"": 0.9981558836495552, ""eigenspectrum_reference"": ""sites.predictor.block2.eigenspectrum"", ""common_metric_subspace_comparisons_reference"": ""sites.predictor.block2.subspace_comparisons""}",,,,,,none_validated,"{""linear_score"": ""measured_discovery_only"", ""nonlinear_gain"": ""measured_discovery_only"", ""best_coordinate_frame"": ""pending_measurement"", ""geometry"": ""descriptive_common_metric_discovery_geometry"", ""cross_trajectory_stability"": ""pending_measurement"", ""regime_dependence"": ""pending_measurement"", ""causal_patch_effect"": ""pending_measurement"", ""specificity"": ""pending_measurement"", ""manifold_distance"": ""pending_measurement"", ""recommended_operator"": ""not_yet_justified""}","[{""path"": ""artifacts/geometry_map/reach_wall_v1/discovery-screen/discovery_screen.json"", ""item"": ""rows[313]""}, {""path"": ""artifacts/geometry_map/reach_wall_v1/emergence-geometry/emergence_geometry.json"", ""item"": ""curves.predictor.motion_magnitude.rows.layer=2""}, {""path"": ""artifacts/geometry_map/reach_wall_v1/cached-geometry-v2/nonlinear_screen.json"", ""item"": ""rows[103]""}, {""path"": ""artifacts/geometry_map/reach_wall_v1/spatial-screen/spatial_screen.json"", ""item"": ""maps.predictor.block2.realized_hand_delta_magnitude""}, {""path"": ""artifacts/geometry_map/reach_wall_v1/cached-geometry-v2/cached_geometry.json"", ""item"": ""sites[1]""}]"
reach-wall/predictor/block-2/spatial-mean/realized_motion_world,reach-wall,predictor,2,block_residual_output,mean_of_256_spatial_tokens,1,realized_motion_world,"{""metric"": ""r2"", ""score"": 0.7679666580578837, ""time_baseline"": 0.37444526958145574, ""delta_vs_time"": 0.3935213884764279}",,"{""status"": ""held_collection_seed_comparison"", ""scores"": {""world"": {""world_mse"": 4.705081998792492e-05, ""world_r2"": 0.7679666580578837}, ""goal_aligned"": {""world_mse"": 6.945210609419513e-05, ""world_r2"": 0.6574936571543215}, ""wall_constant_rotation"": {""world_mse"": 4.705081998792492e-05, ""world_r2"": 0.7679666580578837}}, ""folds"": [{""held_seed"": 1, ""frame"": ""world"", ""train_samples"": 1900, ""test_samples"": 950, ""world_mse"": 4.0763341696011074e-05, ""world_r2"": 0.7831248348304438}, {""held_seed"": 1, ""frame"": ""goal_aligned"", ""train_samples"": 1900, ""test_samples"": 950, ""world_mse"": 6.125055105405255e-05, ""world_r2"": 0.6741257506404615}, {""held_seed"": 1, ""frame"": ""wall_constant_rotation"", ""train_samples"": 1900, ""test_samples"": 950, ""world_mse"": 4.0763341696011074e-05, ""world_r2"": 0.7831248348304438}, {""held_seed"": 2, ""frame"": ""world"", ""train_samples"": 1900, ""test_samples"": 950, ""world_mse"": 5.118282913011482e-05, ""world_r2"": 0.7474886806370178}, {""held_seed"": 2, ""frame"": ""goal_aligned"", ""train_samples"": 1900, ""test_samples"": 950, ""world_mse"": 7.411896881928016e-05, ""world_r2"": 0.6343328627106277}, {""held_seed"": 2, ""frame"": ""wall_constant_rotation"", ""train_samples"": 1900, ""test_samples"": 950, ""world_mse"": 5.118282913011482e-05, ""world_r2"": 0.7474886806370178}, {""held_seed"": 3, ""frame"": ""world"", ""train_samples"": 1900, ""test_samples"": 950, ""world_mse"": 4.920628913764889e-05, ""world_r2"": 0.7737341885247269}, {""held_seed"": 3, ""frame"": ""goal_aligned"", ""train_samples"": 1900, ""test_samples"": 950, ""world_mse"": 7.29867984092527e-05, ""world_r2"": 0.6643840155705591}, {""held_seed"": 3, ""frame"": ""wall_constant_rotation"", ""train_samples"": 1900, ""test_samples"": 950, ""world_mse"": 4.920628913764889e-05, ""world_r2"": 0.7737341885247269}], ""evaluation_target"": ""Identical realized 3D world displacement and squared Euclidean world loss for every frame"", ""goal_basis_definition"": ""Columns: normalized current goal-minus-hand, normalized cross(world_up,goal_axis), cross(goal_axis,lateral)"", ""goal_frame_availability"": ""Requires current true hand/goal positions and world-up; cached simulator labels supply these. Runtime visual-only availability has not been established."", ""degeneracy"": {""zero_goal_distance_count"": 0, ""goal_parallel_to_up_count"": 0, ""valid_samples"": 2850, ""excluded_samples"": 0}, ""wall_rotation_max_prediction_difference"": 0.0, ""wall_frame_interpretation"": ""A constant orthogonal target rotation is algebraically equivalent under isotropic ridge; it cannot identify a native coordinate frame."", ""camera_frame"": {""status"": ""unavailable"", ""reason"": ""No camera extrinsic calibration in pooled cache""}, ""native_frame"": {""status"": ""not_identified"", ""reason"": ""Decoding compares functional parameterizations; state-dependent goal basis uses extra geometry.""}, ""episode_paired_world_mse_differences"": [{""seed"": 1, ""episode"": 0, ""world_minus_goal_world_mse"": -6.21669092145124e-05}, {""seed"": 1, ""episode"": 1, ""world_minus_goal_world_mse"": 8.387670057244622e-07}, {""seed"": 1, ""episode"": 2, ""world_minus_goal_world_mse"": -3.657304063854268e-06}, {""seed"": 1, ""episode"": 3, ""world_minus_goal_world_mse"": -6.777154262414275e-06}, {""seed"": 1, ""episode"": 4, ""world_minus_goal_world_mse"": -1.4201499482842609e-05}, {""seed"": 1, ""episode"": 5, ""world_minus_goal_world_mse"": -1.5154564648830275e-05}, {""seed"": 1, ""episode"": 6, ""world_minus_goal_world_mse"": -1.2046490855612471e-05}, {""seed"": 1, ""episode"": 7, ""world_minus_goal_world_mse"": 1.4028460146638462e-06}, {""seed"": 1, ""episode"": 8, ""world_minus_goal_world_mse"": -7.039234075247132e-06}, {""seed"": 1, ""episode"": 9, ""world_minus_goal_world_mse"": -5.910818844606879e-06}, {""seed"": 1, ""episode"": 10, ""world_minus_goal_world_mse"": -2.459599055193232e-06}, {""seed"": 1, ""episode"": 11, ""world_minus_goal_world_mse"": -4.5444266587963395e-05}, {""seed"": 1, ""episode"": 12, ""world_minus_goal_world_mse"": -1.2545135117733541e-05}, {""seed"": 1, ""episode"": 13, ""world_minus_goal_world_mse"": -1.3628007075528511e-05}, {""seed"": 1, ""episode"": 14, ""world_minus_goal_world_mse"": 1.0242487183439216e-06}, {""seed"": 1, ""episode"": 15, ""world_minus_goal_world_mse"": -1.421587242338282e-05}, {""seed"": 1, ""episode"": 16, ""world_minus_goal_world_mse"": -6.618455442673421e-06}, {""seed"": 1, ""episode"": 17, ""world_minus_goal_world_mse"": -2.0610728255201048e-05}, {""seed"": 1, ""episode"": 18, ""world_minus_goal_world_mse"": -1.1972896430330831e-05}, {""seed"": 1, ""episode"": 19, ""world_minus_goal_world_mse"": 2.3512227979537384e-06}, {""seed"": 1, ""episode"": 20, ""world_minus_goal_world_mse"": -5.211034600560252e-05}, {""seed"": 1, ""episode"": 21, ""world_minus_goal_world_mse"": -9.12634747038787e-06}, {""seed"": 1, ""episode"": 22, ""world_minus_goal_world_mse"": -2.6314954034075734e-05}, {""seed"": 1, ""episode"": 23, ""world_minus_goal_world_mse"": -9.65216895982704e-06}, {""seed"": 1, ""episode"": 24, ""world_minus_goal_world_mse"": -1.3803004165699669e-05}, {""seed"": 1, ""episode"": 25, ""world_minus_goal_world_mse"": -2.0132260474810472e-05}, {""seed"": 1, ""episode"": 26, ""world_minus_goal_world_mse"": -1.1698842484532226e-05}, {""seed"": 1, ""episode"": 27, ""world_minus_goal_world_mse"": -7.192442951916593e-06}, {""seed"": 1, ""episode"": 28, ""world_minus_goal_world_mse"": -2.2341873432496832e-05}, {""seed"": 1, ""episode"": 29, ""world_minus_goal_world_mse"": -7.124794845501694e-05}, {""seed"": 1, ""episode"": 30, ""world_minus_goal_world_mse"": -3.987029210922508e-05}, {""seed"": 1, ""episode"": 31, ""world_minus_goal_world_mse"": -3.867122987571048e-06}, {""seed"": 1, ""episode"": 32, ""world_minus_goal_world_mse"": -2.183705388810047e-05}, {""seed"": 1, ""episode"": 33, ""world_minus_goal_world_mse"": -8.597031668916078e-06}, {""seed"": 1, ""episode"": 34, ""world_minus_goal_world_mse"": -9.360908635057386e-06}, {""seed"": 1, ""episode"": 35, ""world_minus_goal_world_mse"": -9.758404009076482e-05}, {""seed"": 1, ""episode"": 36, ""world_minus_goal_world_mse"": -2.1294480029976106e-06}, {""seed"": 1, ""episode"": 37, ""world_minus_goal_world_mse"": -2.2812591741259818e-05}, {""seed"": 1, ""episode"": 38, ""world_minus_goal_world_mse"": -3.329368566105435e-05}, {""seed"": 1, ""episode"": 39, ""world_minus_goal_world_mse"": -1.8547768900572512e-05}, {""seed"": 1, ""episode"": 40, ""world_minus_goal_world_mse"": 4.283531171518797e-06}, {""seed"": 1, ""episode"": 41, ""world_minus_goal_world_mse"": -1.068757539928962e-05}, {""seed"": 1, ""episode"": 42, ""world_minus_goal_world_mse"": -1.0708692841610186e-05}, {""seed"": 1, ""episode"": 43, ""world_minus_goal_world_mse"": -4.052715199702209e-05}, {""seed"": 1, ""episode"": 44, ""world_minus_goal_world_mse"": -1.0955914741864301e-05}, {""seed"": 1, ""episode"": 45, ""world_minus_goal_world_mse"": -5.827357252157822e-05}, {""seed"": 1, ""episode"": 46, ""world_minus_goal_world_mse"": -6.302647084139181e-05}, {""seed"": 1, ""episode"": 47, ""world_minus_goal_world_mse"": -3.1846361609456185e-06}, {""seed"": 1, ""episode"": 48, ""world_minus_goal_world_mse"": -4.815249636445069e-05}, {""seed"": 1, ""episode"": 49, ""world_minus_goal_world_mse"": -3.277550478631334e-05}, {""seed"": 2, ""episode"": 0, ""world_minus_goal_world_mse"": 9.734448292954508e-07}, {""seed"": 2, ""episode"": 1, ""world_minus_goal_world_mse"": -1.210185039566633e-05}, {""seed"": 2, ""episode"": 2, ""world_minus_goal_world_mse"": -2.476379495217847e-06}, {""seed"": 2, ""episode"": 3, ""world_minus_goal_world_mse"": -5.318397676525999e-07}, {""seed"": 2, ""episode"": 4, ""world_minus_goal_world_mse"": -2.558297999156947e-05}, {""seed"": 2, ""episode"": 5, ""world_minus_goal_world_mse"": -1.0017846221077334e-05}, {""seed"": 2, ""episode"": 6, ""world_minus_goal_world_mse"": -1.217465201642843e-06}, {""seed"": 2, ""episode"": 7, ""world_minus_goal_world_mse"": -2.141680310230101e-05}, {""seed"": 2, ""episode"": 8, ""world_minus_goal_world_mse"": 1.6690853789791956e-06}, {""seed"": 2, ""episode"": 9, ""world_minus_goal_world_mse"": -6.030506942503568e-06}, {""seed"": 2, ""episode"": 10, ""world_minus_goal_world_mse"": -1.0344588706482534e-05}, {""seed"": 2, ""episode"": 11, ""world_minus_goal_world_mse"": -8.2157031990108e-06}, {""seed"": 2, ""episode"": 12, ""world_minus_goal_world_mse"": 7.799701549207876e-06}, {""seed"": 2, ""episode"": 13, ""world_minus_goal_world_mse"": 6.522967752099924e-07}, {""seed"": 2, ""episode"": 14, ""world_minus_goal_world_mse"": -3.6964720555975407e-06}, {""seed"": 2, ""episode"": 15, ""world_minus_goal_world_mse"": -2.195370653427216e-05}, {""seed"": 2, ""episode"": 16, ""world_minus_goal_world_mse"": -2.7678630620185643e-06}, {""seed"": 2, ""episode"": 17, ""world_minus_goal_world_mse"": -1.664933450285934e-05}, {""seed"": 2, ""episode"": 18, ""world_minus_goal_world_mse"": -7.848205357150357e-06}, {""seed"": 2, ""episode"": 19, ""world_minus_goal_world_mse"": 7.132584515708359e-07}, {""seed"": 2, ""episode"": 20, ""world_minus_goal_world_mse"": -3.548358388344339e-05}, {""seed"": 2, ""episode"": 21, ""world_minus_goal_world_mse"": -1.7383954630925874e-06}, {""seed"": 2, ""episode"": 22, ""world_minus_goal_world_mse"": -1.0781273142295586e-05}, {""seed"": 2, ""episode"": 23, ""world_minus_goal_world_mse"": -2.0146451984424985e-05}, {""seed"": 2, ""episode"": 24, ""world_minus_goal_world_mse"": 4.032360020882624e-06}, {""seed"": 2, ""episode"": 25, ""world_minus_goal_world_mse"": -8.512350857327128e-06}, {""seed"": 2, ""episode"": 26, ""world_minus_goal_world_mse"": -5.529974780257629e-06}, {""seed"": 2, ""episode"": 27, ""world_minus_goal_world_mse"": -2.5832332602968116e-05}, {""seed"": 2, ""episode"": 28, ""world_minus_goal_world_mse"": -2.625996260350846e-05}, {""seed"": 2, ""episode"": 29, ""world_minus_goal_world_mse"": -1.9129545440540372e-05}, {""seed"": 2, ""episode"": 30, ""world_minus_goal_world_mse"": 4.032360020882624e-06}, {""seed"": 2, ""episode"": 31, ""world_minus_goal_world_mse"": 3.027431188158954e-06}, {""seed"": 2, ""episode"": 32, ""world_minus_goal_world_mse"": 7.66393563979545e-06}, {""seed"": 2, ""episode"": 33, ""world_minus_goal_world_mse"": -0.00026033399788951317}, {""seed"": 2, ""episode"": 34, ""world_minus_goal_world_mse"": -2.4231873152254403e-05}, {""seed"": 2, ""episode"": 35, ""world_minus_goal_world_mse"": -2.0707051416241406e-05}, {""seed"": 2, ""episode"": 36, ""world_minus_goal_world_mse"": -2.762805189197711e-05}, {""seed"": 2, ""episode"": 37, ""world_minus_goal_world_mse"": -4.030403978213061e-05}, {""seed"": 2, ""episode"": 38, ""world_minus_goal_world_mse"": -1.0704996487915068e-05}, {""seed"": 2, ""episode"": 39, ""world_minus_goal_world_mse"": -0.00010016667408791352}, {""seed"": 2, ""episode"": 40, ""world_minus_goal_world_mse"": -4.825223294956108e-05}, {""seed"": 2, ""episode"": 41, ""world_minus_goal_world_mse"": 1.5660770198638276e-06}, {""seed"": 2, ""episode"": 42, ""world_minus_goal_world_mse"": -5.847166570981488e-06}, {""seed"": 2, ""episode"": 43, ""world_minus_goal_world_mse"": -0.00011529745277502515}, {""seed"": 2, ""episode"": 44, ""world_minus_goal_world_mse"": -8.031181787505711e-06}, {""seed"": 2, ""episode"": 45, ""world_minus_goal_world_mse"": -8.173286193461474e-05}, {""seed"": 2, ""episode"": 46, ""world_minus_goal_world_mse"": -1.4941500458428492e-06}, {""seed"": 2, ""episode"": 47, ""world_minus_goal_world_mse"": -1.8913561698836488e-05}, {""seed"": 2, ""episode"": 48, ""world_minus_goal_world_mse"": -1.5312698476797785e-05}, {""seed"": 2, ""episode"": 49, ""world_minus_goal_world_mse"": -9.571352909212279e-05}, {""seed"": 3, ""episode"": 0, ""world_minus_goal_world_mse"": -2.8974016317105773e-06}, {""seed"": 3, ""episode"": 1, ""world_minus_goal_world_mse"": -1.8382777288852506e-05}, {""seed"": 3, ""episode"": 2, ""world_minus_goal_world_mse"": -6.400748607501609e-06}, {""seed"": 3, ""episode"": 3, ""world_minus_goal_world_mse"": -6.87409938271876e-05}, {""seed"": 3, ""episode"": 4, ""world_minus_goal_world_mse"": -4.960803279730754e-06}, {""seed"": 3, ""episode"": 5, ""world_minus_goal_world_mse"": -6.6776810375454335e-06}, {""seed"": 3, ""episode"": 6, ""world_minus_goal_world_mse"": -1.8147569324889147e-05}, {""seed"": 3, ""episode"": 7, ""world_minus_goal_world_mse"": -1.246707834949071e-05}, {""seed"": 3, ""episode"": 8, ""world_minus_goal_world_mse"": -1.364117303823151e-05}, {""seed"": 3, ""episode"": 9, ""world_minus_goal_world_mse"": -1.2590427322862989e-05}, {""seed"": 3, ""episode"": 10, ""world_minus_goal_world_mse"": -6.220479175165895e-05}, {""seed"": 3, ""episode"": 11, ""world_minus_goal_world_mse"": -4.472975747862137e-05}, {""seed"": 3, ""episode"": 12, ""world_minus_goal_world_mse"": -8.557086915284468e-06}, {""seed"": 3, ""episode"": 13, ""world_minus_goal_world_mse"": -2.360039617925396e-05}, {""seed"": 3, ""episode"": 14, ""world_minus_goal_world_mse"": -1.0674315497751347e-05}, {""seed"": 3, ""episode"": 15, ""world_minus_goal_world_mse"": -1.9685725718514612e-05}, {""seed"": 3, ""episode"": 16, ""world_minus_goal_world_mse"": -5.301648698630664e-06}, {""seed"": 3, ""episode"": 17, ""world_minus_goal_world_mse"": -6.82383700138135e-06}, {""seed"": 3, ""episode"": 18, ""world_minus_goal_world_mse"": -4.2617517491203916e-05}, {""seed"": 3, ""episode"": 19, ""world_minus_goal_world_mse"": -4.095469257985011e-05}, {""seed"": 3, ""episode"": 20, ""world_minus_goal_world_mse"": -7.229327011610578e-06}, {""seed"": 3, ""episode"": 21, ""world_minus_goal_world_mse"": -4.986320047153608e-06}, {""seed"": 3, ""episode"": 22, ""world_minus_goal_world_mse"": -1.9148962317338178e-05}, {""seed"": 3, ""episode"": 23, ""world_minus_goal_world_mse"": -1.8980052145713957e-05}, {""seed"": 3, ""episode"": 24, ""world_minus_goal_world_mse"": -1.1188676111452086e-05}, {""seed"": 3, ""episode"": 25, ""world_minus_goal_world_mse"": -3.7393026973942366e-05}, {""seed"": 3, ""episode"": 26, ""world_minus_goal_world_mse"": -2.748813808051929e-05}, {""seed"": 3, ""episode"": 27, ""world_minus_goal_world_mse"": -4.122462660481926e-05}, {""seed"": 3, ""episode"": 28, ""world_minus_goal_world_mse"": -1.0001679844604413e-06}, {""seed"": 3, ""episode"": 29, ""world_minus_goal_world_mse"": -4.127538013374286e-06}, {""seed"": 3, ""episode"": 30, ""world_minus_goal_world_mse"": -2.0734693107510488e-05}, {""seed"": 3, ""episode"": 31, ""world_minus_goal_world_mse"": -2.9092559611353237e-05}, {""seed"": 3, ""episode"": 32, ""world_minus_goal_world_mse"": -2.3095172749377938e-05}, {""seed"": 3, ""episode"": 33, ""world_minus_goal_world_mse"": -1.8976591173030907e-05}, {""seed"": 3, ""episode"": 34, ""world_minus_goal_world_mse"": -3.3213195541655787e-06}, {""seed"": 3, ""episode"": 35, ""world_minus_goal_world_mse"": -3.924705867125157e-05}, {""seed"": 3, ""episode"": 36, ""world_minus_goal_world_mse"": -1.7996173647900155e-05}, {""seed"": 3, ""episode"": 37, ""world_minus_goal_world_mse"": -4.7888869186308004e-05}, {""seed"": 3, ""episode"": 38, ""world_minus_goal_world_mse"": -3.628839706964529e-06}, {""seed"": 3, ""episode"": 39, ""world_minus_goal_world_mse"": -0.00016540907451785726}, {""seed"": 3, ""episode"": 40, ""world_minus_goal_world_mse"": -7.610525414746026e-06}, {""seed"": 3, ""episode"": 41, ""world_minus_goal_world_mse"": -1.285001435111337e-05}, {""seed"": 3, ""episode"": 42, ""world_minus_goal_world_mse"": -1.3226571738651231e-05}, {""seed"": 3, ""episode"": 43, ""world_minus_goal_world_mse"": -1.205150712653012e-05}, {""seed"": 3, ""episode"": 44, ""world_minus_goal_world_mse"": -1.0461760814419122e-05}, {""seed"": 3, ""episode"": 45, ""world_minus_goal_world_mse"": -4.099841988516534e-05}, {""seed"": 3, ""episode"": 46, ""world_minus_goal_world_mse"": -1.5444238206028463e-05}, {""seed"": 3, ""episode"": 47, ""world_minus_goal_world_mse"": -2.263977208035395e-05}, {""seed"": 3, ""episode"": 48, ""world_minus_goal_world_mse"": -2.7885548493090686e-05}, {""seed"": 3, ""episode"": 49, ""world_minus_goal_world_mse"": -5.3643495233834784e-05}]}","{""eigenspectrum_reference"": ""sites.predictor.block2.eigenspectrum"", ""common_metric_subspace_comparisons_reference"": ""sites.predictor.block2.subspace_comparisons""}","{""status"": ""not_run"", ""reason"": ""Focused bootstrap covers progress, clearance and XZ direction""}","{""status"": ""descriptive_physical_regimes"", ""groups"": [{""regime"": ""below_wall_top"", ""seed"": null, ""samples"": 51, ""episodes"": 13, ""global_held_seed_mse"": 5.441892188984313e-05, ""time_only_mse"": 0.00012087677452140273, ""mean_time"": 0.7812177562246135, ""time_quantiles"": [0.5789473652839661, 0.7894737124443054, 0.9473684430122375]}, {""regime"": ""below_wall_top"", ""seed"": 1, ""samples"": 7, ""episodes"": 3, ""global_held_seed_mse"": 2.7866448409496885e-05, ""time_only_mse"": 0.00010417718192195039, ""mean_time"": 0.7669173053332737, ""time_quantiles"": [0.5789473772048951, 0.7894737124443054, 0.9473684430122375]}, {""regime"": ""below_wall_top"", ""seed"": 2, ""samples"": 15, ""episodes"": 4, ""global_held_seed_mse"": 4.429834974695515e-05, ""time_only_mse"": 0.00022913191616378648, ""mean_time"": 0.7789473732312521, ""time_quantiles"": [0.6526315689086915, 0.7894737124443054, 0.9263157963752746]}, {""regime"": ""below_wall_top"", ""seed"": 3, ""samples"": 29, ""episodes"": 6, ""global_held_seed_mse"": 6.606291832107567e-05, ""time_only_mse"": 6.891367188555481e-05, ""mean_time"": 0.7858439252294344, ""time_quantiles"": [0.5684210538864136, 0.8421052694320679, 0.9473684430122375]}, {""regime"": ""at_or_above_wall_top"", ""seed"": null, ""samples"": 2799, ""episodes"": 150, ""global_held_seed_mse"": 4.691656732733263e-05, ""time_only_mse"": 0.0001269563513478987, ""mean_time"": 0.4680807074028153, ""time_quantiles"": [0.05263157933950424, 0.4736842215061188, 0.8947368264198303]}, {""regime"": ""at_or_above_wall_top"", ""seed"": 1, ""samples"": 943, ""episodes"": 50, ""global_held_seed_mse"": 4.085907685296293e-05, ""time_only_mse"": 0.00010860720181414942, ""mean_time"": 0.4715075087224944, ""time_quantiles"": [0.05263157933950424, 0.4736842215061188, 0.8947368264198303]}, {""regime"": ""at_or_above_wall_top"", ""seed"": 2, ""samples"": 935, ""episodes"": 50, ""global_held_seed_mse"": 5.129327532342754e-05, ""time_only_mse"": 0.000127461785090721, ""mean_time"": 0.46878694252853087, ""time_quantiles"": [0.05263157933950424, 0.4736842215061188, 0.8947368264198303]}, {""regime"": ""at_or_above_wall_top"", ""seed"": 3, ""samples"": 921, ""episodes"": 50, ""global_held_seed_mse"": 4.867551579745412e-05, ""time_only_mse"": 0.00014523069169620128, ""mean_time"": 0.463855079295322, ""time_quantiles"": [0.05263157933950424, 0.4736842215061188, 0.8421052694320679]}], ""time_confounding"": ""Regimes have different time and trajectory composition; residual differences do not identify causal regimes or HMM states.""}",,,,none_validated,"{""linear_score"": ""measured_discovery_only"", ""nonlinear_gain"": ""pending_measurement"", ""best_coordinate_frame"": ""measured_candidate_frame_comparison_not_unique_native_coordinates"", ""geometry"": ""descriptive_common_metric_discovery_geometry"", ""cross_trajectory_stability"": ""measured_discovery_only"", ""regime_dependence"": ""measured_discovery_only"", ""causal_patch_effect"": ""pending_measurement"", ""specificity"": ""pending_measurement"", ""manifold_distance"": ""pending_measurement"", ""recommended_operator"": ""not_yet_justified""}","[{""path"": ""artifacts/geometry_map/reach_wall_v1/cached-geometry-v2/cached_geometry.json"", ""item"": ""rows[12]""}, {""path"": ""artifacts/geometry_map/reach_wall_v1/cached-geometry-v2/cached_geometry.json"", ""item"": ""sites[1]""}]"
reach-wall/predictor/block-2/spatial-mean/realized_xz_direction,reach-wall,predictor,2,block_residual_output,mean_of_256_spatial_tokens,1,realized_xz_direction,"{""metric"": ""r2"", ""score"": 0.4398054939278325, ""time_baseline"": 0.015163054507555174, ""delta_vs_time"": 0.42464243942027735}",,,"{""eigenspectrum_reference"": ""sites.predictor.block2.eigenspectrum"", ""common_metric_subspace_comparisons_reference"": ""sites.predictor.block2.subspace_comparisons""}","{""draws"": [{""draw"": 0, ""status"": ""computed"", ""rank_a"": 2, ""rank_b"": 2, ""principal_angles_deg"": [31.57335213395935, 33.50852189452476], ""projection_overlap_trace"": 1.4210824523767331, ""a_projected_into_b_fraction"": 0.7105412261883666, ""b_projected_into_a_fraction"": 0.7105412261883666, ""random_a_into_b_fraction"": 0.005, ""random_b_into_a_fraction"": 0.005, ""grassmann_geodesic_rad"": 0.8035526211893356, ""projector_distance_frobenius"": 1.0760274602660165, ""unequal_rank_note"": ""Principal angles cover only min(rank_a,rank_b); projector distance includes rank mismatch.""}, {""draw"": 1, ""status"": ""computed"", ""rank_a"": 2, ""rank_b"": 2, ""principal_angles_deg"": [26.440039446453007, 28.23116885256153], ""projection_overlap_trace"": 1.5779851337197255, ""a_projected_into_b_fraction"": 0.7889925668598627, ""b_projected_into_a_fraction"": 0.7889925668598627, ""random_a_into_b_fraction"": 0.005, ""random_b_into_a_fraction"": 0.005, ""grassmann_geodesic_rad"": 0.6750780536981779, ""projector_distance_frobenius"": 0.9187109080448261, ""unequal_rank_note"": ""Principal angles cover only min(rank_a,rank_b); projector distance includes rank mismatch.""}, {""draw"": 2, ""status"": ""computed"", ""rank_a"": 2, ""rank_b"": 2, ""principal_angles_deg"": [30.820903777097175, 32.5301273078524], ""projection_overlap_trace"": 1.4483235692000815, ""a_projected_into_b_fraction"": 0.7241617846000408, ""b_projected_into_a_fraction"": 0.7241617846000408, ""random_a_into_b_fraction"": 0.005, ""random_b_into_a_fraction"": 0.005, ""grassmann_geodesic_rad"": 0.7821212185835095, ""projector_distance_frobenius"": 1.0504060460602067, ""unequal_rank_note"": ""Principal angles cover only min(rank_a,rank_b); projector distance includes rank mismatch.""}, {""draw"": 3, ""status"": ""computed"", ""rank_a"": 2, ""rank_b"": 2, ""principal_angles_deg"": [27.52746551590076, 29.36516339003223], ""projection_overlap_trace"": 1.545928800802072, ""a_projected_into_b_fraction"": 0.772964400401036, ""b_projected_into_a_fraction"": 0.772964400401036, ""random_a_into_b_fraction"": 0.005, ""random_b_into_a_fraction"": 0.005, ""grassmann_geodesic_rad"": 0.7024975559844772, ""projector_distance_frobenius"": 0.9529650562302147, ""unequal_rank_note"": ""Principal angles cover only min(rank_a,rank_b); projector distance includes rank mismatch.""}, {""draw"": 4, ""status"": ""computed"", ""rank_a"": 2, ""rank_b"": 2, ""principal_angles_deg"": [27.79589614871285, 29.49194084448827], ""projection_overlap_trace"": 1.5401821935459328, ""a_projected_into_b_fraction"": 0.7700910967729664, ""b_projected_into_a_fraction"": 0.7700910967729664, ""random_a_into_b_fraction"": 0.005, ""random_b_into_a_fraction"": 0.005, ""grassmann_geodesic_rad"": 0.7073185370022218, ""projector_distance_frobenius"": 0.9589763359479391, ""unequal_rank_note"": ""Principal angles cover only min(rank_a,rank_b); projector distance includes rank mismatch.""}, {""draw"": 5, ""status"": ""computed"", ""rank_a"": 2, ""rank_b"": 2, ""principal_angles_deg"": [28.416174982223907, 29.327045888120917], ""projection_overlap_trace"": 1.5336471338937914, ""a_projected_into_b_fraction"": 0.7668235669468957, ""b_projected_into_a_fraction"": 0.7668235669468957, ""random_a_into_b_fraction"": 0.005, ""random_b_into_a_fraction"": 0.005, ""grassmann_geodesic_rad"": 0.7127174657929918, ""projector_distance_frobenius"": 0.9657669140182932, ""unequal_rank_note"": ""Principal angles cover only min(rank_a,rank_b); projector distance includes rank mismatch.""}, {""draw"": 6, ""status"": ""computed"", ""rank_a"": 2, ""rank_b"": 2, ""principal_angles_deg"": [29.050722897428106, 33.471750781368804], ""projection_overlap_trace"": 1.4600277724801516, ""a_projected_into_b_fraction"": 0.7300138862400758, ""b_projected_into_a_fraction"": 0.7300138862400758, ""random_a_into_b_fraction"": 0.005, ""random_b_into_a_fraction"": 0.005, ""grassmann_geodesic_rad"": 0.7735378401009109, ""projector_distance_frobenius"": 1.0392037601162232, ""unequal_rank_note"": ""Principal angles cover only min(rank_a,rank_b); projector distance includes rank mismatch.""}, {""draw"": 7, ""status"": ""computed"", ""rank_a"": 2, ""rank_b"": 2, ""principal_angles_deg"": [26.280920821089044, 32.000046234971705], ""projection_overlap_trace"": 1.5231372362950522, ""a_projected_into_b_fraction"": 0.7615686181475261, ""b_projected_into_a_fraction"": 0.7615686181475261, ""random_a_into_b_fraction"": 0.005, ""random_b_into_a_fraction"": 0.005, ""grassmann_geodesic_rad"": 0.7227201186428872, ""projector_distance_frobenius"": 0.9765887196818811, ""unequal_rank_note"": ""Principal angles cover only min(rank_a,rank_b); projector distance includes rank mismatch.""}, {""draw"": 8, ""status"": ""computed"", ""rank_a"": 2, ""rank_b"": 2, ""principal_angles_deg"": [31.071535017326276, 32.031520947050524], ""projection_overlap_trace"": 1.4523236459851665, ""a_projected_into_b_fraction"": 0.7261618229925833, ""b_projected_into_a_fraction"": 0.7261618229925833, ""random_a_into_b_fraction"": 0.005, ""random_b_into_a_fraction"": 0.005, ""grassmann_geodesic_rad"": 0.7788664758495448, ""projector_distance_frobenius"": 1.0465909936692877, ""unequal_rank_note"": ""Principal angles cover only min(rank_a,rank_b); projector distance includes rank mismatch.""}, {""draw"": 9, ""status"": ""computed"", ""rank_a"": 2, ""rank_b"": 2, ""principal_angles_deg"": [27.989225226706584, 28.493731611129046], ""projection_overlap_trace"": 1.55216360176392, ""a_projected_into_b_fraction"": 0.77608180088196, ""b_projected_into_a_fraction"": 0.77608180088196, ""random_a_into_b_fraction"": 0.005, ""random_b_into_a_fraction"": 0.005, ""grassmann_geodesic_rad"": 0.6971032650471791, ""projector_distance_frobenius"": 0.9463999136053215, ""unequal_rank_note"": ""Principal angles cover only min(rank_a,rank_b); projector distance includes rank mismatch.""}, {""draw"": 10, ""status"": ""computed"", ""rank_a"": 2, ""rank_b"": 2, ""principal_angles_deg"": [29.796310747741988, 31.05382349822766], ""projection_overlap_trace"": 1.486978345910746, ""a_projected_into_b_fraction"": 0.743489172955373, ""b_projected_into_a_fraction"": 0.743489172955373, ""random_a_into_b_fraction"": 0.005, ""random_b_into_a_fraction"": 0.005, ""grassmann_geodesic_rad"": 0.7511326294664408, ""projector_distance_frobenius"": 1.0129379587015723, ""unequal_rank_note"": ""Principal angles cover only min(rank_a,rank_b); projector distance includes rank mismatch.""}, {""draw"": 11, ""status"": ""computed"", ""rank_a"": 2, ""rank_b"": 2, ""principal_angles_deg"": [29.785859912066577, 31.191751709421155], ""projection_overlap_trace"": 1.4850052975926107, ""a_projected_into_b_fraction"": 0.7425026487963053, ""b_projected_into_a_fraction"": 0.7425026487963053, ""random_a_into_b_fraction"": 0.005, ""random_b_into_a_fraction"": 0.005, ""grassmann_geodesic_rad"": 0.7527455184594298, ""projector_distance_frobenius"": 1.0148839366226952, ""unequal_rank_note"": ""Principal angles cover only min(rank_a,rank_b); projector distance includes rank mismatch.""}, {""draw"": 12, ""status"": ""computed"", ""rank_a"": 2, ""rank_b"": 2, ""principal_angles_deg"": [27.370354805601497, 29.339709703932837], ""projection_overlap_trace"": 1.548551799168461, ""a_projected_into_b_fraction"": 0.7742758995842305, ""b_projected_into_a_fraction"": 0.7742758995842305, ""random_a_into_b_fraction"": 0.005, ""random_b_into_a_fraction"": 0.005, ""grassmann_geodesic_rad"": 0.7003001526937023, ""projector_distance_frobenius"": 0.9502086095500704, ""unequal_rank_note"": ""Principal angles cover only min(rank_a,rank_b); projector distance includes rank mismatch.""}, {""draw"": 13, ""status"": ""computed"", ""rank_a"": 2, ""rank_b"": 2, ""principal_angles_deg"": [31.03046396916041, 34.243184509946545], ""projection_overlap_trace"": 1.417627472454698, ""a_projected_into_b_fraction"": 0.708813736227349, ""b_projected_into_a_fraction"": 0.708813736227349, ""random_a_into_b_fraction"": 0.005, ""random_b_into_a_fraction"": 0.005, ""grassmann_geodesic_rad"": 0.8065395503648416, ""projector_distance_frobenius"": 1.079233549835532, ""unequal_rank_note"": ""Principal angles cover only min(rank_a,rank_b); projector distance includes rank mismatch.""}, {""draw"": 14, ""status"": ""computed"", ""rank_a"": 2, ""rank_b"": 2, ""principal_angles_deg"": [30.62964528838623, 33.84346558774304], ""projection_overlap_trace"": 1.4302568923995034, ""a_projected_into_b_fraction"": 0.7151284461997517, ""b_projected_into_a_fraction"": 0.7151284461997517, ""random_a_into_b_fraction"": 0.005, ""random_b_into_a_fraction"": 0.005, ""grassmann_geodesic_rad"": 0.7966726113453695, ""projector_distance_frobenius"": 1.067467196311434, ""unequal_rank_note"": ""Principal angles cover only min(rank_a,rank_b); projector distance includes rank mismatch.""}, {""draw"": 15, ""status"": ""computed"", ""rank_a"": 2, ""rank_b"": 2, ""principal_angles_deg"": [28.066727876734834, 30.61462813221806], ""projection_overlap_trace"": 1.5192832560734972, ""a_projected_into_b_fraction"": 0.7596416280367486, ""b_projected_into_a_fraction"": 0.7596416280367486, ""random_a_into_b_fraction"": 0.005, ""random_b_into_a_fraction"": 0.005, ""grassmann_geodesic_rad"": 0.7248889808566614, ""projector_distance_frobenius"": 0.9805271479428836, ""unequal_rank_note"": ""Principal angles cover only min(rank_a,rank_b); projector distance includes rank mismatch.""}, {""draw"": 16, ""status"": ""computed"", ""rank_a"": 2, ""rank_b"": 2, ""principal_angles_deg"": [30.014663730438542, 34.13541537180288], ""projection_overlap_trace"": 1.4348881902140862, ""a_projected_into_b_fraction"": 0.7174440951070431, ""b_projected_into_a_fraction"": 0.7174440951070431, ""random_a_into_b_fraction"": 0.005, ""random_b_into_a_fraction"": 0.005, ""grassmann_geodesic_rad"": 0.7933297347461584, ""projector_distance_frobenius"": 1.0631197578691818, ""unequal_rank_note"": ""Principal angles cover only min(rank_a,rank_b); projector distance includes rank mismatch.""}, {""draw"": 17, ""status"": ""computed"", ""rank_a"": 2, ""rank_b"": 2, ""principal_angles_deg"": [30.278298320608233, 31.064751442911408], ""projection_overlap_trace"": 1.4795191330300619, ""a_projected_into_b_fraction"": 0.7397595665150309, ""b_projected_into_a_fraction"": 0.7397595665150309, ""random_a_into_b_fraction"": 0.005, ""random_b_into_a_fraction"": 0.005, ""grassmann_geodesic_rad"": 0.7571177404323122, ""projector_distance_frobenius"": 1.0202753226163397, ""unequal_rank_note"": ""Principal angles cover only min(rank_a,rank_b); projector distance includes rank mismatch.""}, {""draw"": 18, ""status"": ""computed"", ""rank_a"": 2, ""rank_b"": 2, ""principal_angles_deg"": [29.70097138744592, 31.040246220877044], ""projection_overlap_trace"": 1.4886214566905003, ""a_projected_into_b_fraction"": 0.7443107283452501, ""b_projected_into_a_fraction"": 0.7443107283452501, ""random_a_into_b_fraction"": 0.005, ""random_b_into_a_fraction"": 0.005, ""grassmann_geodesic_rad"": 0.7498103039286247, ""projector_distance_frobenius"": 1.0113145339700202, ""unequal_rank_note"": ""Principal angles cover only min(rank_a,rank_b); projector distance includes rank mismatch.""}, {""draw"": 19, ""status"": ""computed"", ""rank_a"": 2, ""rank_b"": 2, ""principal_angles_deg"": [28.577333161958816, 31.317456964963863], ""projection_overlap_trace"": 1.5010159064320536, ""a_projected_into_b_fraction"": 0.7505079532160268, ""b_projected_into_a_fraction"": 0.7505079532160268, ""random_a_into_b_fraction"": 0.005, ""random_b_into_a_fraction"": 0.005, ""grassmann_geodesic_rad"": 0.7399551960354177, ""projector_distance_frobenius"": 0.9989835770100992, ""unequal_rank_note"": ""Principal angles cover only min(rank_a,rank_b); projector distance includes rank mismatch.""}, {""draw"": 20, ""status"": ""computed"", ""rank_a"": 2, ""rank_b"": 2, ""principal_angles_deg"": [27.557441607044197, 29.9719940697341], ""projection_overlap_trace"": 1.5363895952597535, ""a_projected_into_b_fraction"": 0.7681947976298767, ""b_projected_into_a_fraction"": 0.7681947976298767, ""random_a_into_b_fraction"": 0.005, ""random_b_into_a_fraction"": 0.005, ""grassmann_geodesic_rad"": 0.7106154756010782, ""projector_distance_frobenius"": 0.9629230548078559, ""unequal_rank_note"": ""Principal angles cover only min(rank_a,rank_b); projector distance includes rank mismatch.""}, {""draw"": 21, ""status"": ""computed"", ""rank_a"": 2, ""rank_b"": 2, ""principal_angles_deg"": [27.630936304394357, 28.638770484743965], ""projection_overlap_trace"": 1.5551983148131105, ""a_projected_into_b_fraction"": 0.7775991574065553, ""b_projected_into_a_fraction"": 0.7775991574065553, ""random_a_into_b_fraction"": 0.005, ""random_b_into_a_fraction"": 0.005, ""grassmann_geodesic_rad"": 0.6945550457242966, ""projector_distance_frobenius"": 0.9431878764985154, ""unequal_rank_note"": ""Principal angles cover only min(rank_a,rank_b); projector distance includes rank mismatch.""}, {""draw"": 22, ""status"": ""computed"", ""rank_a"": 2, ""rank_b"": 2, ""principal_angles_deg"": [27.317197173805614, 30.099560568133615], ""projection_overlap_trace"": 1.5378895114286883, ""a_projected_into_b_fraction"": 0.7689447557143442, ""b_projected_into_a_fraction"": 0.7689447557143442, ""random_a_into_b_fraction"": 0.005, ""random_b_into_a_fraction"": 0.005, ""grassmann_geodesic_rad"": 0.7094313232857078, ""projector_distance_frobenius"": 0.9613641230785677, ""unequal_rank_note"": ""Principal angles cover only min(rank_a,rank_b); projector distance includes rank mismatch.""}, {""draw"": 23, ""status"": ""computed"", ""rank_a"": 2, ""rank_b"": 2, ""principal_angles_deg"": [29.34656505353931, 30.895743664441667], ""projection_overlap_trace"": 1.4961516291181882, ""a_projected_into_b_fraction"": 0.7480758145590941, ""b_projected_into_a_fraction"": 0.7480758145590941, ""random_a_into_b_fraction"": 0.005, ""random_b_into_a_fraction"": 0.005, ""grassmann_geodesic_rad"": 0.7437166930607559, ""projector_distance_frobenius"": 1.0038409942633462, ""unequal_rank_note"": ""Principal angles cover only min(rank_a,rank_b); projector distance includes rank mismatch.""}, {""draw"": 24, ""status"": ""computed"", ""rank_a"": 2, ""rank_b"": 2, ""principal_angles_deg"": [25.789887211447358, 28.65111169631018], ""projection_overlap_trace"": 1.5808160262256725, ""a_projected_into_b_fraction"": 0.7904080131128363, ""b_projected_into_a_fraction"": 0.7904080131128363, ""random_a_into_b_fraction"": 0.005, ""random_b_into_a_fraction"": 0.005, ""grassmann_geodesic_rad"": 0.6728022381434117, ""projector_distance_frobenius"": 0.9156243484905013, ""unequal_rank_note"": ""Principal angles cover only min(rank_a,rank_b); projector distance includes rank mismatch.""}, {""draw"": 25, ""status"": ""computed"", ""rank_a"": 2, ""rank_b"": 2, ""principal_angles_deg"": [27.92946163942558, 31.590636596721787], ""projection_overlap_trace"": 1.506200880046347, ""a_projected_into_b_fraction"": 0.7531004400231734, ""b_projected_into_a_fraction"": 0.7531004400231734, ""random_a_into_b_fraction"": 0.005, ""random_b_into_a_fraction"": 0.005, ""grassmann_geodesic_rad"": 0.7359462097744214, ""projector_distance_frobenius"": 0.9937797743500851, ""unequal_rank_note"": ""Principal angles cover only min(rank_a,rank_b); projector distance includes rank mismatch.""}, {""draw"": 26, ""status"": ""computed"", ""rank_a"": 2, ""rank_b"": 2, ""principal_angles_deg"": [28.669872859800595, 32.13439738865564], ""projection_overlap_trace"": 1.4869031085782871, ""a_projected_into_b_fraction"": 0.7434515542891436, ""b_projected_into_a_fraction"": 0.7434515542891436, ""random_a_into_b_fraction"": 0.005, ""random_b_into_a_fraction"": 0.005, ""grassmann_geodesic_rad"": 0.7516233838103719, ""projector_distance_frobenius"": 1.0130122323266515, ""unequal_rank_note"": ""Principal angles cover only min(rank_a,rank_b); projector distance includes rank mismatch.""}, {""draw"": 27, ""status"": ""computed"", ""rank_a"": 2, ""rank_b"": 2, ""principal_angles_deg"": [30.516118838895938, 33.427849795545356], ""projection_overlap_trace"": 1.4386828148930233, ""a_projected_into_b_fraction"": 0.7193414074465116, ""b_projected_into_a_fraction"": 0.7193414074465116, ""random_a_into_b_fraction"": 0.005, ""random_b_into_a_fraction"": 0.005, ""grassmann_geodesic_rad"": 0.789972084193072, ""projector_distance_frobenius"": 1.0595444163478722, ""unequal_rank_note"": ""Principal angles cover only min(rank_a,rank_b); projector distance includes rank mismatch.""}, {""draw"": 28, ""status"": ""computed"", ""rank_a"": 2, ""rank_b"": 2, ""principal_angles_deg"": [27.899714374800162, 28.70018877573426], ""projection_overlap_trace"": 1.5504284288123182, ""a_projected_into_b_fraction"": 0.7752142144061591, ""b_projected_into_a_fraction"": 0.7752142144061591, ""random_a_into_b_fraction"": 0.005, ""random_b_into_a_fraction"": 0.005, ""grassmann_geodesic_rad"": 0.6985885871308528, ""projector_distance_frobenius"": 0.9482315868897025, ""unequal_rank_note"": ""Principal angles cover only min(rank_a,rank_b); projector distance includes rank mismatch.""}, {""draw"": 29, ""status"": ""computed"", ""rank_a"": 2, ""rank_b"": 2, ""principal_angles_deg"": [25.85577538356243, 29.220919696669878], ""projection_overlap_trace"": 1.5714923072455007, ""a_projected_into_b_fraction"": 0.7857461536227504, ""b_projected_into_a_fraction"": 0.7857461536227504, ""random_a_into_b_fraction"": 0.005, ""random_b_into_a_fraction"": 0.005, ""grassmann_geodesic_rad"": 0.68098785834165, ""projector_distance_frobenius"": 0.925751254662395, ""unequal_rank_note"": ""Principal angles cover only min(rank_a,rank_b); projector distance includes rank mismatch.""}], ""max_angle_deg_quantiles_025_50_975"": [28.42152685252298, 31.047034859552355, 34.16505188479238], ""sampling"": ""30 fixed-seed whole-episode bootstrap draws stratified by collection seed; fixed full-discovery feature metric"", ""interpretation"": ""Discovery resampling reproducibility relative to the full-data fit, not independent confirmation.""}","{""status"": ""descriptive_physical_regimes"", ""groups"": [{""regime"": ""below_wall_top"", ""seed"": null, ""samples"": 51, ""episodes"": 13, ""global_held_seed_mse"": 0.3031430001116864, ""time_only_mse"": 0.5053498307583444, ""mean_time"": 0.7812177562246135, ""time_quantiles"": [0.5789473652839661, 0.7894737124443054, 0.9473684430122375]}, {""regime"": ""below_wall_top"", ""seed"": 1, ""samples"": 7, ""episodes"": 3, ""global_held_seed_mse"": 0.18090520148064332, ""time_only_mse"": 0.5153411441302166, ""mean_time"": 0.7669173053332737, ""time_quantiles"": [0.5789473772048951, 0.7894737124443054, 0.9473684430122375]}, {""regime"": ""below_wall_top"", ""seed"": 2, ""samples"": 15, ""episodes"": 4, ""global_held_seed_mse"": 0.20209047941513358, ""time_only_mse"": 0.5044142673837212, ""mean_time"": 0.7789473732312521, ""time_quantiles"": [0.6526315689086915, 0.7894737124443054, 0.9263157963752746]}, {""regime"": ""below_wall_top"", ""seed"": 3, ""samples"": 29, ""episodes"": 6, ""global_held_seed_mse"": 0.38491722083118957, ""time_only_mse"": 0.503422046517525, ""mean_time"": 0.7858439252294344, ""time_quantiles"": [0.5684210538864136, 0.8421052694320679, 0.9473684430122375]}, {""regime"": ""at_or_above_wall_top"", ""seed"": null, ""samples"": 2799, ""episodes"": 150, ""global_held_seed_mse"": 0.27872065185320144, ""time_only_mse"": 0.49050096757134665, ""mean_time"": 0.4680807074028153, ""time_quantiles"": [0.05263157933950424, 0.4736842215061188, 0.8947368264198303]}, {""regime"": ""at_or_above_wall_top"", ""seed"": 1, ""samples"": 943, ""episodes"": 50, ""global_held_seed_mse"": 0.2807574834798341, ""time_only_mse"": 0.48752718802392125, ""mean_time"": 0.4715075087224944, ""time_quantiles"": [0.05263157933950424, 0.4736842215061188, 0.8947368264198303]}, {""regime"": ""at_or_above_wall_top"", ""seed"": 2, ""samples"": 935, ""episodes"": 50, ""global_held_seed_mse"": 0.29154212989188044, ""time_only_mse"": 0.49310440543530126, ""mean_time"": 0.46878694252853087, ""time_quantiles"": [0.05263157933950424, 0.4736842215061188, 0.8947368264198303]}, {""regime"": ""at_or_above_wall_top"", ""seed"": 3, ""samples"": 921, ""episodes"": 50, ""global_held_seed_mse"": 0.263618790626188, ""time_only_mse"": 0.49090276964564034, ""mean_time"": 0.463855079295322, ""time_quantiles"": [0.05263157933950424, 0.4736842215061188, 0.8421052694320679]}], ""time_confounding"": ""Regimes have different time and trajectory composition; residual differences do not identify causal regimes or HMM states.""}",,,,none_validated,"{""linear_score"": ""measured_discovery_only"", ""nonlinear_gain"": ""pending_measurement"", ""best_coordinate_frame"": ""pending_measurement"", ""geometry"": ""descriptive_common_metric_discovery_geometry"", ""cross_trajectory_stability"": ""measured_discovery_only"", ""regime_dependence"": ""measured_discovery_only"", ""causal_patch_effect"": ""pending_measurement"", ""specificity"": ""pending_measurement"", ""manifold_distance"": ""pending_measurement"", ""recommended_operator"": ""not_yet_justified""}","[{""path"": ""artifacts/geometry_map/reach_wall_v1/emergence-geometry/emergence_geometry.json"", ""item"": ""curves.predictor.realized_xz_direction.rows.layer=2""}, {""path"": ""artifacts/geometry_map/reach_wall_v1/cached-geometry-v2/cached_geometry.json"", ""item"": ""rows[11]""}, {""path"": ""artifacts/geometry_map/reach_wall_v1/cached-geometry-v2/cached_geometry.json"", ""item"": ""sites[1]""}]"
reach-wall/predictor/block-2/spatial-mean/reward_sum,reach-wall,predictor,2,block_residual_output,mean_of_256_spatial_tokens,1,reward_sum,"{""metric"": ""r2"", ""score"": 0.9607976517410176, ""time_baseline"": 0.9142972039613033, ""delta_vs_time"": 0.04650044777971429}","{""knn_score"": 0.9394750407512548, ""linear_score"": 0.9607976517410176, ""nonlinear_gain"": -0.021322610989762847}",,"{""participation_ratio"": 4.913773101272954, ""top10_variance_fraction"": 0.7761574645929293, ""adjacent_timestep_cosine_mean"": 0.9981558836495552, ""eigenspectrum_reference"": ""sites.predictor.block2.eigenspectrum"", ""common_metric_subspace_comparisons_reference"": ""sites.predictor.block2.subspace_comparisons""}",,,,,,none_validated,"{""linear_score"": ""measured_discovery_only"", ""nonlinear_gain"": ""measured_discovery_only"", ""best_coordinate_frame"": ""pending_measurement"", ""geometry"": ""descriptive_common_metric_discovery_geometry"", ""cross_trajectory_stability"": ""pending_measurement"", ""regime_dependence"": ""pending_measurement"", ""causal_patch_effect"": ""pending_measurement"", ""specificity"": ""pending_measurement"", ""manifold_distance"": ""pending_measurement"", ""recommended_operator"": ""not_yet_justified""}","[{""path"": ""artifacts/geometry_map/reach_wall_v1/discovery-screen/discovery_screen.json"", ""item"": ""rows[314]""}, {""path"": ""artifacts/geometry_map/reach_wall_v1/cached-geometry-v2/nonlinear_screen.json"", ""item"": ""rows[104]""}, {""path"": ""artifacts/geometry_map/reach_wall_v1/spatial-screen/spatial_screen.json"", ""item"": ""maps.predictor.block2.reward_sum""}, {""path"": ""artifacts/geometry_map/reach_wall_v1/cached-geometry-v2/cached_geometry.json"", ""item"": ""sites[1]""}]"
reach-wall/predictor/block-2/spatial-mean/step_progress,reach-wall,predictor,2,block_residual_output,mean_of_256_spatial_tokens,1,step_progress,"{""metric"": ""r2"", ""score"": 0.8095857800571529, ""time_baseline"": 0.6366873628317561, ""delta_vs_time"": 0.17289841722539678}",,,"{""eigenspectrum_reference"": ""sites.predictor.block2.eigenspectrum"", ""common_metric_subspace_comparisons_reference"": ""sites.predictor.block2.subspace_comparisons""}","{""draws"": [{""draw"": 0, ""status"": ""computed"", ""rank_a"": 1, ""rank_b"": 1, ""principal_angles_deg"": [28.645601732711185], ""projection_overlap_trace"": 0.7701847549953902, ""a_projected_into_b_fraction"": 0.7701847549953902, ""b_projected_into_a_fraction"": 0.7701847549953902, ""random_a_into_b_fraction"": 0.0025, ""random_b_into_a_fraction"": 0.0025, ""grassmann_geodesic_rad"": 0.4999600664508028, ""projector_distance_frobenius"": 0.6779605372064215, ""unequal_rank_note"": ""Principal angles cover only min(rank_a,rank_b); projector distance includes rank mismatch.""}, {""draw"": 1, ""status"": ""computed"", ""rank_a"": 1, ""rank_b"": 1, ""principal_angles_deg"": [26.570505771440963], ""projection_overlap_trace"": 0.7999238340577685, ""a_projected_into_b_fraction"": 0.7999238340577685, ""b_projected_into_a_fraction"": 0.7999238340577685, ""random_a_into_b_fraction"": 0.0025, ""random_b_into_a_fraction"": 0.0025, ""grassmann_geodesic_rad"": 0.4637428096318007, ""projector_distance_frobenius"": 0.6325759494989223, ""unequal_rank_note"": ""Principal angles cover only min(rank_a,rank_b); projector distance includes rank mismatch.""}, {""draw"": 2, ""status"": ""computed"", ""rank_a"": 1, ""rank_b"": 1, ""principal_angles_deg"": [33.30522187297475], ""projection_overlap_trace"": 0.6984902988935108, ""a_projected_into_b_fraction"": 0.6984902988935108, ""b_projected_into_a_fraction"": 0.6984902988935108, ""random_a_into_b_fraction"": 0.0025, ""random_b_into_a_fraction"": 0.0025, ""grassmann_geodesic_rad"": 0.581285779790642, ""projector_distance_frobenius"": 0.7765432391135593, ""unequal_rank_note"": ""Principal angles cover only min(rank_a,rank_b); projector distance includes rank mismatch.""}, {""draw"": 3, ""status"": ""computed"", ""rank_a"": 1, ""rank_b"": 1, ""principal_angles_deg"": [26.885004469105112], ""projection_overlap_trace"": 0.795513992117272, ""a_projected_into_b_fraction"": 0.795513992117272, ""b_projected_into_a_fraction"": 0.795513992117272, ""random_a_into_b_fraction"": 0.0025, ""random_b_into_a_fraction"": 0.0025, ""grassmann_geodesic_rad"": 0.4692318473992743, ""projector_distance_frobenius"": 0.6395091991249664, ""unequal_rank_note"": ""Principal angles cover only min(rank_a,rank_b); projector distance includes rank mismatch.""}, {""draw"": 4, ""status"": ""computed"", ""rank_a"": 1, ""rank_b"": 1, ""principal_angles_deg"": [29.56049215424386], ""projection_overlap_trace"": 0.7566134777031471, ""a_projected_into_b_fraction"": 0.7566134777031471, ""b_projected_into_a_fraction"": 0.7566134777031471, ""random_a_into_b_fraction"": 0.0025, ""random_b_into_a_fraction"": 0.0025, ""grassmann_geodesic_rad"": 0.5159279166015068, ""projector_distance_frobenius"": 0.69769122439207, ""unequal_rank_note"": ""Principal angles cover only min(rank_a,rank_b); projector distance includes rank mismatch.""}, {""draw"": 5, ""status"": ""computed"", ""rank_a"": 1, ""rank_b"": 1, ""principal_angles_deg"": [30.392339998992124], ""projection_overlap_trace"": 0.7440465237545264, ""a_projected_into_b_fraction"": 0.7440465237545264, ""b_projected_into_a_fraction"": 0.7440465237545264, ""random_a_into_b_fraction"": 0.0025, ""random_b_into_a_fraction"": 0.0025, ""grassmann_geodesic_rad"": 0.5304464003679826, ""projector_distance_frobenius"": 0.7154767309220805, ""unequal_rank_note"": ""Principal angles cover only min(rank_a,rank_b); projector distance includes rank mismatch.""}, {""draw"": 6, ""status"": ""computed"", ""rank_a"": 1, ""rank_b"": 1, ""principal_angles_deg"": [29.72118128179478], ""projection_overlap_trace"": 0.7542024365487655, ""a_projected_into_b_fraction"": 0.7542024365487655, ""b_projected_into_a_fraction"": 0.7542024365487655, ""random_a_into_b_fraction"": 0.0025, ""random_b_into_a_fraction"": 0.0025, ""grassmann_geodesic_rad"": 0.5187324709494275, ""projector_distance_frobenius"": 0.7011384505947944, ""unequal_rank_note"": ""Principal angles cover only min(rank_a,rank_b); projector distance includes rank mismatch.""}, {""draw"": 7, ""status"": ""computed"", ""rank_a"": 1, ""rank_b"": 1, ""principal_angles_deg"": [27.47768194200987], ""projection_overlap_trace"": 0.7871072101640826, ""a_projected_into_b_fraction"": 0.7871072101640826, ""b_projected_into_a_fraction"": 0.7871072101640826, ""random_a_into_b_fraction"": 0.0025, ""random_b_into_a_fraction"": 0.0025, ""grassmann_geodesic_rad"": 0.4795760207038618, ""projector_distance_frobenius"": 0.6525224744572671, ""unequal_rank_note"": ""Principal angles cover only min(rank_a,rank_b); projector distance includes rank mismatch.""}, {""draw"": 8, ""status"": ""computed"", ""rank_a"": 1, ""rank_b"": 1, ""principal_angles_deg"": [29.73109048862313], ""projection_overlap_trace"": 0.7540534924355166, ""a_projected_into_b_fraction"": 0.7540534924355166, ""b_projected_into_a_fraction"": 0.7540534924355166, ""random_a_into_b_fraction"": 0.0025, ""random_b_into_a_fraction"": 0.0025, ""grassmann_geodesic_rad"": 0.5189054192348433, ""projector_distance_frobenius"": 0.7013508502375733, ""unequal_rank_note"": ""Principal angles cover only min(rank_a,rank_b); projector distance includes rank mismatch.""}, {""draw"": 9, ""status"": ""computed"", ""rank_a"": 1, ""rank_b"": 1, ""principal_angles_deg"": [28.472379725687208], ""projection_overlap_trace"": 0.772723684376615, ""a_projected_into_b_fraction"": 0.772723684376615, ""b_projected_into_a_fraction"": 0.772723684376615, ""random_a_into_b_fraction"": 0.0025, ""random_b_into_a_fraction"": 0.0025, ""grassmann_geodesic_rad"": 0.4969367720913217, ""projector_distance_frobenius"": 0.6742051848263776, ""unequal_rank_note"": ""Principal angles cover only min(rank_a,rank_b); projector distance includes rank mismatch.""}, {""draw"": 10, ""status"": ""computed"", ""rank_a"": 1, ""rank_b"": 1, ""principal_angles_deg"": [31.568294293255576], ""projection_overlap_trace"": 0.7259325614763155, ""a_projected_into_b_fraction"": 0.7259325614763155, ""b_projected_into_a_fraction"": 0.7259325614763155, ""random_a_into_b_fraction"": 0.0025, ""random_b_into_a_fraction"": 0.0025, ""grassmann_geodesic_rad"": 0.5509706746558461, ""projector_distance_frobenius"": 0.7403613152018202, ""unequal_rank_note"": ""Principal angles cover only min(rank_a,rank_b); projector distance includes rank mismatch.""}, {""draw"": 11, ""status"": ""computed"", ""rank_a"": 1, ""rank_b"": 1, ""principal_angles_deg"": [25.116688648474543], ""projection_overlap_trace"": 0.8198310160749966, ""a_projected_into_b_fraction"": 0.8198310160749966, ""b_projected_into_a_fraction"": 0.8198310160749966, ""random_a_into_b_fraction"": 0.0025, ""random_b_into_a_fraction"": 0.0025, ""grassmann_geodesic_rad"": 0.4383689141141654, ""projector_distance_frobenius"": 0.6002815738051658, ""unequal_rank_note"": ""Principal angles cover only min(rank_a,rank_b); projector distance includes rank mismatch.""}, {""draw"": 12, ""status"": ""computed"", ""rank_a"": 1, ""rank_b"": 1, ""principal_angles_deg"": [27.646479219213806], ""projection_overlap_trace"": 0.7846902796732416, ""a_projected_into_b_fraction"": 0.7846902796732416, ""b_projected_into_a_fraction"": 0.7846902796732416, ""random_a_into_b_fraction"": 0.0025, ""random_b_into_a_fraction"": 0.0025, ""grassmann_geodesic_rad"": 0.4825220889594721, ""projector_distance_frobenius"": 0.6562160015219964, ""unequal_rank_note"": ""Principal angles cover only min(rank_a,rank_b); projector distance includes rank mismatch.""}, {""draw"": 13, ""status"": ""computed"", ""rank_a"": 1, ""rank_b"": 1, ""principal_angles_deg"": [35.73299704208524], ""projection_overlap_trace"": 0.6589337224927935, ""a_projected_into_b_fraction"": 0.6589337224927935, ""b_projected_into_a_fraction"": 0.6589337224927935, ""random_a_into_b_fraction"": 0.0025, ""random_b_into_a_fraction"": 0.0025, ""grassmann_geodesic_rad"": 0.6236584499897821, ""projector_distance_frobenius"": 0.8259131643304961, ""unequal_rank_note"": ""Principal angles cover only min(rank_a,rank_b); projector distance includes rank mismatch.""}, {""draw"": 14, ""status"": ""computed"", ""rank_a"": 1, ""rank_b"": 1, ""principal_angles_deg"": [28.384450141328657], ""projection_overlap_trace"": 0.7740086660856287, ""a_projected_into_b_fraction"": 0.7740086660856287, ""b_projected_into_a_fraction"": 0.7740086660856287, ""random_a_into_b_fraction"": 0.0025, ""random_b_into_a_fraction"": 0.0025, ""grassmann_geodesic_rad"": 0.49540211133435486, ""projector_distance_frobenius"": 0.672296562410327, ""unequal_rank_note"": ""Principal angles cover only min(rank_a,rank_b); projector distance includes rank mismatch.""}, {""draw"": 15, ""status"": ""computed"", ""rank_a"": 1, ""rank_b"": 1, ""principal_angles_deg"": [25.79500866002942], ""projection_overlap_trace"": 0.8106421571285017, ""a_projected_into_b_fraction"": 0.8106421571285017, ""b_projected_into_a_fraction"": 0.8106421571285017, ""random_a_into_b_fraction"": 0.0025, ""random_b_into_a_fraction"": 0.0025, ""grassmann_geodesic_rad"": 0.450207831697964, ""projector_distance_frobenius"": 0.6153988021949641, ""unequal_rank_note"": ""Principal angles cover only min(rank_a,rank_b); projector distance includes rank mismatch.""}, {""draw"": 16, ""status"": ""computed"", ""rank_a"": 1, ""rank_b"": 1, ""principal_angles_deg"": [37.91859862130956], ""projection_overlap_trace"": 0.6223389781940805, ""a_projected_into_b_fraction"": 0.6223389781940805, ""b_projected_into_a_fraction"": 0.6223389781940805, ""random_a_into_b_fraction"": 0.0025, ""random_b_into_a_fraction"": 0.0025, ""grassmann_geodesic_rad"": 0.6618043936840343, ""projector_distance_frobenius"": 0.8690926553664109, ""unequal_rank_note"": ""Principal angles cover only min(rank_a,rank_b); projector distance includes rank mismatch.""}, {""draw"": 17, ""status"": ""computed"", ""rank_a"": 1, ""rank_b"": 1, ""principal_angles_deg"": [33.72173232826834], ""projection_overlap_trace"": 0.6917974318099481, ""a_projected_into_b_fraction"": 0.6917974318099481, ""b_projected_into_a_fraction"": 0.6917974318099481, ""random_a_into_b_fraction"": 0.0025, ""random_b_into_a_fraction"": 0.0025, ""grassmann_geodesic_rad"": 0.5885552586044958, ""projector_distance_frobenius"": 0.7851147281640459, ""unequal_rank_note"": ""Principal angles cover only min(rank_a,rank_b); projector distance includes rank mismatch.""}, {""draw"": 18, ""status"": ""computed"", ""rank_a"": 1, ""rank_b"": 1, ""principal_angles_deg"": [32.186011847877744], ""projection_overlap_trace"": 0.7162630214096591, ""a_projected_into_b_fraction"": 0.7162630214096591, ""b_projected_into_a_fraction"": 0.7162630214096591, ""random_a_into_b_fraction"": 0.0025, ""random_b_into_a_fraction"": 0.0025, ""grassmann_geodesic_rad"": 0.5617518798313709, ""projector_distance_frobenius"": 0.7533086732413757, ""unequal_rank_note"": ""Principal angles cover only min(rank_a,rank_b); projector distance includes rank mismatch.""}, {""draw"": 19, ""status"": ""computed"", ""rank_a"": 1, ""rank_b"": 1, ""principal_angles_deg"": [27.878552838264024], ""projection_overlap_trace"": 0.7813512059067814, ""a_projected_into_b_fraction"": 0.7813512059067814, ""b_projected_into_a_fraction"": 0.7813512059067814, ""random_a_into_b_fraction"": 0.0025, ""random_b_into_a_fraction"": 0.0025, ""grassmann_geodesic_rad"": 0.4865725377189174, ""projector_distance_frobenius"": 0.6612848011155535, ""unequal_rank_note"": ""Principal angles cover only min(rank_a,rank_b); projector distance includes rank mismatch.""}, {""draw"": 20, ""status"": ""computed"", ""rank_a"": 1, ""rank_b"": 1, ""principal_angles_deg"": [23.861715069352204], ""projection_overlap_trace"": 0.8363549988175939, ""a_projected_into_b_fraction"": 0.8363549988175939, ""b_projected_into_a_fraction"": 0.8363549988175939, ""random_a_into_b_fraction"": 0.0025, ""random_b_into_a_fraction"": 0.0025, ""grassmann_geodesic_rad"": 0.416465493132943, ""projector_distance_frobenius"": 0.572092651905976, ""unequal_rank_note"": ""Principal angles cover only min(rank_a,rank_b); projector distance includes rank mismatch.""}, {""draw"": 21, ""status"": ""computed"", ""rank_a"": 1, ""rank_b"": 1, ""principal_angles_deg"": [27.35270370070308], ""projection_overlap_trace"": 0.7888902986133234, ""a_projected_into_b_fraction"": 0.7888902986133234, ""b_projected_into_a_fraction"": 0.7888902986133234, ""random_a_into_b_fraction"": 0.0025, ""random_b_into_a_fraction"": 0.0025, ""grassmann_geodesic_rad"": 0.4773947388997064, ""projector_distance_frobenius"": 0.6497841201301808, ""unequal_rank_note"": ""Principal angles cover only min(rank_a,rank_b); projector distance includes rank mismatch.""}, {""draw"": 22, ""status"": ""computed"", ""rank_a"": 1, ""rank_b"": 1, ""principal_angles_deg"": [23.321578880107747], ""projection_overlap_trace"": 0.8432700135945606, ""a_projected_into_b_fraction"": 0.8432700135945606, ""b_projected_into_a_fraction"": 0.8432700135945606, ""random_a_into_b_fraction"": 0.0025, ""random_b_into_a_fraction"": 0.0025, ""grassmann_geodesic_rad"": 0.4070383382214521, ""projector_distance_frobenius"": 0.5598749617645702, ""unequal_rank_note"": ""Principal angles cover only min(rank_a,rank_b); projector distance includes rank mismatch.""}, {""draw"": 23, ""status"": ""computed"", ""rank_a"": 1, ""rank_b"": 1, ""principal_angles_deg"": [30.44473961076579], ""projection_overlap_trace"": 0.7432479081113329, ""a_projected_into_b_fraction"": 0.7432479081113329, ""b_projected_into_a_fraction"": 0.7432479081113329, ""random_a_into_b_fraction"": 0.0025, ""random_b_into_a_fraction"": 0.0025, ""grassmann_geodesic_rad"": 0.5313609461201999, ""projector_distance_frobenius"": 0.7165920623181185, ""unequal_rank_note"": ""Principal angles cover only min(rank_a,rank_b); projector distance includes rank mismatch.""}, {""draw"": 24, ""status"": ""computed"", ""rank_a"": 1, ""rank_b"": 1, ""principal_angles_deg"": [24.745667221198755], ""projection_overlap_trace"": 0.8247815233050244, ""a_projected_into_b_fraction"": 0.8247815233050244, ""b_projected_into_a_fraction"": 0.8247815233050244, ""random_a_into_b_fraction"": 0.0025, ""random_b_into_a_fraction"": 0.0025, ""grassmann_geodesic_rad"": 0.4318933686127542, ""projector_distance_frobenius"": 0.5919771561386057, ""unequal_rank_note"": ""Principal angles cover only min(rank_a,rank_b); projector distance includes rank mismatch.""}, {""draw"": 25, ""status"": ""computed"", ""rank_a"": 1, ""rank_b"": 1, ""principal_angles_deg"": [28.006658758059125], ""projection_overlap_trace"": 0.7795000957148562, ""a_projected_into_b_fraction"": 0.7795000957148562, ""b_projected_into_a_fraction"": 0.7795000957148562, ""random_a_into_b_fraction"": 0.0025, ""random_b_into_a_fraction"": 0.0025, ""grassmann_geodesic_rad"": 0.4888084078106377, ""projector_distance_frobenius"": 0.6640781645034622, ""unequal_rank_note"": ""Principal angles cover only min(rank_a,rank_b); projector distance includes rank mismatch.""}, {""draw"": 26, ""status"": ""computed"", ""rank_a"": 1, ""rank_b"": 1, ""principal_angles_deg"": [35.43092044271964], ""projection_overlap_trace"": 0.6639235822030545, ""a_projected_into_b_fraction"": 0.6639235822030545, ""b_projected_into_a_fraction"": 0.6639235822030545, ""random_a_into_b_fraction"": 0.0025, ""random_b_into_a_fraction"": 0.0025, ""grassmann_geodesic_rad"": 0.6183862187376247, ""projector_distance_frobenius"": 0.8198492761440307, ""unequal_rank_note"": ""Principal angles cover only min(rank_a,rank_b); projector distance includes rank mismatch.""}, {""draw"": 27, ""status"": ""computed"", ""rank_a"": 1, ""rank_b"": 1, ""principal_angles_deg"": [28.822030874590286], ""projection_overlap_trace"": 0.7675886646729202, ""a_projected_into_b_fraction"": 0.7675886646729202, ""b_projected_into_a_fraction"": 0.7675886646729202, ""random_a_into_b_fraction"": 0.0025, ""random_b_into_a_fraction"": 0.0025, ""grassmann_geodesic_rad"": 0.5030393358730614, ""projector_distance_frobenius"": 0.6817790482657556, ""unequal_rank_note"": ""Principal angles cover only min(rank_a,rank_b); projector distance includes rank mismatch.""}, {""draw"": 28, ""status"": ""computed"", ""rank_a"": 1, ""rank_b"": 1, ""principal_angles_deg"": [25.816926905174277], ""projection_overlap_trace"": 0.8103423092030995, ""a_projected_into_b_fraction"": 0.8103423092030995, ""b_projected_into_a_fraction"": 0.8103423092030995, ""random_a_into_b_fraction"": 0.0025, ""random_b_into_a_fraction"": 0.0025, ""grassmann_geodesic_rad"": 0.450590377242001, ""projector_distance_frobenius"": 0.6158858511070059, ""unequal_rank_note"": ""Principal angles cover only min(rank_a,rank_b); projector distance includes rank mismatch.""}, {""draw"": 29, ""status"": ""computed"", ""rank_a"": 1, ""rank_b"": 1, ""principal_angles_deg"": [24.150659411127357], ""projection_overlap_trace"": 0.832606584258404, ""a_projected_into_b_fraction"": 0.832606584258404, ""b_projected_into_a_fraction"": 0.832606584258404, ""random_a_into_b_fraction"": 0.0025, ""random_b_into_a_fraction"": 0.0025, ""grassmann_geodesic_rad"": 0.4215085232519272, ""projector_distance_frobenius"": 0.5786076662844972, ""unequal_rank_note"": ""Principal angles cover only min(rank_a,rank_b); projector distance includes rank mismatch.""}], ""max_angle_deg_quantiles_025_50_975"": [23.713177617309977, 28.42841493350793, 36.334037476371925], ""sampling"": ""30 fixed-seed whole-episode bootstrap draws stratified by collection seed; fixed full-discovery feature metric"", ""interpretation"": ""Discovery resampling reproducibility relative to the full-data fit, not independent confirmation.""}","{""status"": ""descriptive_physical_regimes"", ""groups"": [{""regime"": ""below_wall_top"", ""seed"": null, ""samples"": 51, ""episodes"": 13, ""global_held_seed_mse"": 8.119956334897491e-05, ""time_only_mse"": 0.00010784835768192058, ""mean_time"": 0.7812177562246135, ""time_quantiles"": [0.5789473652839661, 0.7894737124443054, 0.9473684430122375]}, {""regime"": ""below_wall_top"", ""seed"": 1, ""samples"": 7, ""episodes"": 3, ""global_held_seed_mse"": 7.174340677999727e-05, ""time_only_mse"": 0.00016407660721360346, ""mean_time"": 0.7669173053332737, ""time_quantiles"": [0.5789473772048951, 0.7894737124443054, 0.9473684430122375]}, {""regime"": ""below_wall_top"", ""seed"": 2, ""samples"": 15, ""episodes"": 4, ""global_held_seed_mse"": 6.2819372287313e-05, ""time_only_mse"": 0.00011384365602020901, ""mean_time"": 0.7789473732312521, ""time_quantiles"": [0.6526315689086915, 0.7894737124443054, 0.9263157963752746]}, {""regime"": ""below_wall_top"", ""seed"": 3, ""samples"": 29, ""episodes"": 6, ""global_held_seed_mse"": 9.298907927682913e-05, ""time_only_mse"": 9.11750052061928e-05, ""mean_time"": 0.7858439252294344, ""time_quantiles"": [0.5684210538864136, 0.8421052694320679, 0.9473684430122375]}, {""regime"": ""at_or_above_wall_top"", ""seed"": null, ""samples"": 2799, ""episodes"": 150, ""global_held_seed_mse"": 5.4689705002896764e-05, ""time_only_mse"": 0.00010520647963395336, ""mean_time"": 0.4680807074028153, ""time_quantiles"": [0.05263157933950424, 0.4736842215061188, 0.8947368264198303]}, {""regime"": ""at_or_above_wall_top"", ""seed"": 1, ""samples"": 943, ""episodes"": 50, ""global_held_seed_mse"": 4.9272016210772937e-05, ""time_only_mse"": 0.00010263286474316225, ""mean_time"": 0.4715075087224944, ""time_quantiles"": [0.05263157933950424, 0.4736842215061188, 0.8947368264198303]}, {""regime"": ""at_or_above_wall_top"", ""seed"": 2, ""samples"": 935, ""episodes"": 50, ""global_held_seed_mse"": 6.246721747855747e-05, ""time_only_mse"": 0.00010772574764356009, ""mean_time"": 0.46878694252853087, ""time_quantiles"": [0.05263157933950424, 0.4736842215061188, 0.8947368264198303]}, {""regime"": ""at_or_above_wall_top"", ""seed"": 3, ""samples"": 921, ""episodes"": 50, ""global_held_seed_mse"": 5.23410691356112e-05, ""time_only_mse"": 0.00010528400759598777, ""mean_time"": 0.463855079295322, ""time_quantiles"": [0.05263157933950424, 0.4736842215061188, 0.8421052694320679]}], ""time_confounding"": ""Regimes have different time and trajectory composition; residual differences do not identify causal regimes or HMM states.""}",,,,none_validated,"{""linear_score"": ""measured_discovery_only"", ""nonlinear_gain"": ""pending_measurement"", ""best_coordinate_frame"": ""pending_measurement"", ""geometry"": ""descriptive_common_metric_discovery_geometry"", ""cross_trajectory_stability"": ""measured_discovery_only"", ""regime_dependence"": ""measured_discovery_only"", ""causal_patch_effect"": ""pending_measurement"", ""specificity"": ""pending_measurement"", ""manifold_distance"": ""pending_measurement"", ""recommended_operator"": ""not_yet_justified""}","[{""path"": ""artifacts/geometry_map/reach_wall_v1/cached-geometry-v2/cached_geometry.json"", ""item"": ""rows[8]""}, {""path"": ""artifacts/geometry_map/reach_wall_v1/cached-geometry-v2/cached_geometry.json"", ""item"": ""sites[1]""}]"
reach-wall/predictor/block-2/spatial-mean/wall_signed_distance,reach-wall,predictor,2,block_residual_output,mean_of_256_spatial_tokens,1,wall_signed_distance,"{""metric"": ""r2"", ""score"": 0.986208287232929, ""time_baseline"": 0.14228076564542136, ""delta_vs_time"": 0.8439275215875076}","{""knn_score"": 0.8518234181090565, ""linear_score"": 0.986208287232929, ""nonlinear_gain"": -0.13438486912387249}",,"{""participation_ratio"": 4.913773101272954, ""top10_variance_fraction"": 0.7761574645929293, ""adjacent_timestep_cosine_mean"": 0.9981558836495552, ""eigenspectrum_reference"": ""sites.predictor.block2.eigenspectrum"", ""common_metric_subspace_comparisons_reference"": ""sites.predictor.block2.subspace_comparisons""}","{""draws"": [{""draw"": 0, ""status"": ""computed"", ""rank_a"": 1, ""rank_b"": 1, ""principal_angles_deg"": [14.972958880499085], ""projection_overlap_trace"": 0.9332484872404512, ""a_projected_into_b_fraction"": 0.9332484872404512, ""b_projected_into_a_fraction"": 0.9332484872404512, ""random_a_into_b_fraction"": 0.0025, ""random_b_into_a_fraction"": 0.0025, ""grassmann_geodesic_rad"": 0.2613274312304332, ""projector_distance_frobenius"": 0.3653806583812253, ""unequal_rank_note"": ""Principal angles cover only min(rank_a,rank_b); projector distance includes rank mismatch.""}, {""draw"": 1, ""status"": ""computed"", ""rank_a"": 1, ""rank_b"": 1, ""principal_angles_deg"": [15.834253427149575], ""projection_overlap_trace"": 0.92554990557518, ""a_projected_into_b_fraction"": 0.92554990557518, ""b_projected_into_a_fraction"": 0.92554990557518, ""random_a_into_b_fraction"": 0.0025, ""random_b_into_a_fraction"": 0.0025, ""grassmann_geodesic_rad"": 0.27635985689895615, ""projector_distance_frobenius"": 0.38587587233414833, ""unequal_rank_note"": ""Principal angles cover only min(rank_a,rank_b); projector distance includes rank mismatch.""}, {""draw"": 2, ""status"": ""computed"", ""rank_a"": 1, ""rank_b"": 1, ""principal_angles_deg"": [16.77769492319848], ""projection_overlap_trace"": 0.9166759277888631, ""a_projected_into_b_fraction"": 0.9166759277888631, ""b_projected_into_a_fraction"": 0.9166759277888631, ""random_a_into_b_fraction"": 0.0025, ""random_b_into_a_fraction"": 0.0025, ""grassmann_geodesic_rad"": 0.29282601730495067, ""projector_distance_frobenius"": 0.40822560480973485, ""unequal_rank_note"": ""Principal angles cover only min(rank_a,rank_b); projector distance includes rank mismatch.""}, {""draw"": 3, ""status"": ""computed"", ""rank_a"": 1, ""rank_b"": 1, ""principal_angles_deg"": [14.16922879959455], ""projection_overlap_trace"": 0.9400794708141547, ""a_projected_into_b_fraction"": 0.9400794708141547, ""b_projected_into_a_fraction"": 0.9400794708141547, ""random_a_into_b_fraction"": 0.0025, ""random_b_into_a_fraction"": 0.0025, ""grassmann_geodesic_rad"": 0.24729969502132865, ""projector_distance_frobenius"": 0.3461806730187153, ""unequal_rank_note"": ""Principal angles cover only min(rank_a,rank_b); projector distance includes rank mismatch.""}, {""draw"": 4, ""status"": ""computed"", ""rank_a"": 1, ""rank_b"": 1, ""principal_angles_deg"": [17.33921808348418], ""projection_overlap_trace"": 0.9111791183875292, ""a_projected_into_b_fraction"": 0.9111791183875292, ""b_projected_into_a_fraction"": 0.9111791183875292, ""random_a_into_b_fraction"": 0.0025, ""random_b_into_a_fraction"": 0.0025, ""grassmann_geodesic_rad"": 0.30262644527814, ""projector_distance_frobenius"": 0.4214756970751002, ""unequal_rank_note"": ""Principal angles cover only min(rank_a,rank_b); projector distance includes rank mismatch.""}, {""draw"": 5, ""status"": ""computed"", ""rank_a"": 1, ""rank_b"": 1, ""principal_angles_deg"": [14.574840698976956], ""projection_overlap_trace"": 0.9366750956336665, ""a_projected_into_b_fraction"": 0.9366750956336665, ""b_projected_into_a_fraction"": 0.9366750956336665, ""random_a_into_b_fraction"": 0.0025, ""random_b_into_a_fraction"": 0.0025, ""grassmann_geodesic_rad"": 0.2543789581508196, ""projector_distance_frobenius"": 0.3558789242602982, ""unequal_rank_note"": ""Principal angles cover only min(rank_a,rank_b); projector distance includes rank mismatch.""}, {""draw"": 6, ""status"": ""computed"", ""rank_a"": 1, ""rank_b"": 1, ""principal_angles_deg"": [14.62537370679014], ""projection_overlap_trace"": 0.9362448165092914, ""a_projected_into_b_fraction"": 0.9362448165092914, ""b_projected_into_a_fraction"": 0.9362448165092914, ""random_a_into_b_fraction"": 0.0025, ""random_b_into_a_fraction"": 0.0025, ""grassmann_geodesic_rad"": 0.2552609255180957, ""projector_distance_frobenius"": 0.35708593780967807, ""unequal_rank_note"": ""Principal angles cover only min(rank_a,rank_b); projector distance includes rank mismatch.""}, {""draw"": 7, ""status"": ""computed"", ""rank_a"": 1, ""rank_b"": 1, ""principal_angles_deg"": [13.83981887402729], ""projection_overlap_trace"": 0.9427793846403686, ""a_projected_into_b_fraction"": 0.9427793846403686, ""b_projected_into_a_fraction"": 0.9427793846403686, ""random_a_into_b_fraction"": 0.0025, ""random_b_into_a_fraction"": 0.0025, ""grassmann_geodesic_rad"": 0.24155040723143056, ""projector_distance_frobenius"": 0.338291635603458, ""unequal_rank_note"": ""Principal angles cover only min(rank_a,rank_b); projector distance includes rank mismatch.""}, {""draw"": 8, ""status"": ""computed"", ""rank_a"": 1, ""rank_b"": 1, ""principal_angles_deg"": [14.255207957837314], ""projection_overlap_trace"": 0.9393651772421685, ""a_projected_into_b_fraction"": 0.9393651772421685, ""b_projected_into_a_fraction"": 0.9393651772421685, ""random_a_into_b_fraction"": 0.0025, ""random_b_into_a_fraction"": 0.0025, ""grassmann_geodesic_rad"": 0.24880031442075812, ""projector_distance_frobenius"": 0.3482379151035438, ""unequal_rank_note"": ""Principal angles cover only min(rank_a,rank_b); projector distance includes rank mismatch.""}, {""draw"": 9, ""status"": ""computed"", ""rank_a"": 1, ""rank_b"": 1, ""principal_angles_deg"": [16.069725698413546], ""projection_overlap_trace"": 0.9233779112536753, ""a_projected_into_b_fraction"": 0.9233779112536753, ""b_projected_into_a_fraction"": 0.9233779112536753, ""random_a_into_b_fraction"": 0.0025, ""random_b_into_a_fraction"": 0.0025, ""grassmann_geodesic_rad"": 0.2804696233296617, ""projector_distance_frobenius"": 0.3914641458584035, ""unequal_rank_note"": ""Principal angles cover only min(rank_a,rank_b); projector distance includes rank mismatch.""}, {""draw"": 10, ""status"": ""computed"", ""rank_a"": 1, ""rank_b"": 1, ""principal_angles_deg"": [14.96873098368526], ""projection_overlap_trace"": 0.9332853175452437, ""a_projected_into_b_fraction"": 0.9332853175452437, ""b_projected_into_a_fraction"": 0.9332853175452437, ""random_a_into_b_fraction"": 0.0025, ""random_b_into_a_fraction"": 0.0025, ""grassmann_geodesic_rad"": 0.2612536405105974, ""projector_distance_frobenius"": 0.3652798446527164, ""unequal_rank_note"": ""Principal angles cover only min(rank_a,rank_b); projector distance includes rank mismatch.""}, {""draw"": 11, ""status"": ""computed"", ""rank_a"": 1, ""rank_b"": 1, ""principal_angles_deg"": [14.515094946809405], ""projection_overlap_trace"": 0.9371820666123363, ""a_projected_into_b_fraction"": 0.9371820666123363, ""b_projected_into_a_fraction"": 0.9371820666123363, ""random_a_into_b_fraction"": 0.0025, ""random_b_into_a_fraction"": 0.0025, ""grassmann_geodesic_rad"": 0.25333619806141533, ""projector_distance_frobenius"": 0.35445150130212094, ""unequal_rank_note"": ""Principal angles cover only min(rank_a,rank_b); projector distance includes rank mismatch.""}, {""draw"": 12, ""status"": ""computed"", ""rank_a"": 1, ""rank_b"": 1, ""principal_angles_deg"": [15.857584286645237], ""projection_overlap_trace"": 0.9253359827160688, ""a_projected_into_b_fraction"": 0.9253359827160688, ""b_projected_into_a_fraction"": 0.9253359827160688, ""random_a_into_b_fraction"": 0.0025, ""random_b_into_a_fraction"": 0.0025, ""grassmann_geodesic_rad"": 0.27676705721447564, ""projector_distance_frobenius"": 0.38642985724172824, ""unequal_rank_note"": ""Principal angles cover only min(rank_a,rank_b); projector distance includes rank mismatch.""}, {""draw"": 13, ""status"": ""computed"", ""rank_a"": 1, ""rank_b"": 1, ""principal_angles_deg"": [17.64194508468388], ""projection_overlap_trace"": 0.9081500169034414, ""a_projected_into_b_fraction"": 0.9081500169034414, ""b_projected_into_a_fraction"": 0.9081500169034414, ""random_a_into_b_fraction"": 0.0025, ""random_b_into_a_fraction"": 0.0025, ""grassmann_geodesic_rad"": 0.3079100281837635, ""projector_distance_frobenius"": 0.42860234039621986, ""unequal_rank_note"": ""Principal angles cover only min(rank_a,rank_b); projector distance includes rank mismatch.""}, {""draw"": 14, ""status"": ""computed"", ""rank_a"": 1, ""rank_b"": 1, ""principal_angles_deg"": [17.06627336362352], ""projection_overlap_trace"": 0.9138708657166081, ""a_projected_into_b_fraction"": 0.9138708657166081, ""b_projected_into_a_fraction"": 0.9138708657166081, ""random_a_into_b_fraction"": 0.0025, ""random_b_into_a_fraction"": 0.0025, ""grassmann_geodesic_rad"": 0.29786266124063787, ""projector_distance_frobenius"": 0.4150400806750882, ""unequal_rank_note"": ""Principal angles cover only min(rank_a,rank_b); projector distance includes rank mismatch.""}, {""draw"": 15, ""status"": ""computed"", ""rank_a"": 1, ""rank_b"": 1, ""principal_angles_deg"": [13.92308738009608], ""projection_overlap_trace"": 0.9421024131300001, ""a_projected_into_b_fraction"": 0.9421024131300001, ""b_projected_into_a_fraction"": 0.9421024131300001, ""random_a_into_b_fraction"": 0.0025, ""random_b_into_a_fraction"": 0.0025, ""grassmann_geodesic_rad"": 0.2430037168255478, ""projector_distance_frobenius"": 0.3402868991601055, ""unequal_rank_note"": ""Principal angles cover only min(rank_a,rank_b); projector distance includes rank mismatch.""}, {""draw"": 16, ""status"": ""computed"", ""rank_a"": 1, ""rank_b"": 1, ""principal_angles_deg"": [17.699778280431243], ""projection_overlap_trace"": 0.9075661395175618, ""a_projected_into_b_fraction"": 0.9075661395175618, ""b_projected_into_a_fraction"": 0.9075661395175618, ""random_a_into_b_fraction"": 0.0025, ""random_b_into_a_fraction"": 0.0025, ""grassmann_geodesic_rad"": 0.3089194078665054, ""projector_distance_frobenius"": 0.42996246459996523, ""unequal_rank_note"": ""Principal angles cover only min(rank_a,rank_b); projector distance includes rank mismatch.""}, {""draw"": 17, ""status"": ""computed"", ""rank_a"": 1, ""rank_b"": 1, ""principal_angles_deg"": [17.842972795182085], ""projection_overlap_trace"": 0.906113321310965, ""a_projected_into_b_fraction"": 0.906113321310965, ""b_projected_into_a_fraction"": 0.906113321310965, ""random_a_into_b_fraction"": 0.0025, ""random_b_into_a_fraction"": 0.0025, ""grassmann_geodesic_rad"": 0.3114186236197032, ""projector_distance_frobenius"": 0.43332823284211475, ""unequal_rank_note"": ""Principal angles cover only min(rank_a,rank_b); projector distance includes rank mismatch.""}, {""draw"": 18, ""status"": ""computed"", ""rank_a"": 1, ""rank_b"": 1, ""principal_angles_deg"": [14.490473125304023], ""projection_overlap_trace"": 0.9373904412671918, ""a_projected_into_b_fraction"": 0.9373904412671918, ""b_projected_into_a_fraction"": 0.9373904412671918, ""random_a_into_b_fraction"": 0.0025, ""random_b_into_a_fraction"": 0.0025, ""grassmann_geodesic_rad"": 0.25290646620830803, ""projector_distance_frobenius"": 0.35386313380404055, ""unequal_rank_note"": ""Principal angles cover only min(rank_a,rank_b); projector distance includes rank mismatch.""}, {""draw"": 19, ""status"": ""computed"", ""rank_a"": 1, ""rank_b"": 1, ""principal_angles_deg"": [14.645111072409371], ""projection_overlap_trace"": 0.9360763878352095, ""a_projected_into_b_fraction"": 0.9360763878352095, ""b_projected_into_a_fraction"": 0.9360763878352095, ""random_a_into_b_fraction"": 0.0025, ""random_b_into_a_fraction"": 0.0025, ""grassmann_geodesic_rad"": 0.2556054075338212, ""projector_distance_frobenius"": 0.35755730216229814, ""unequal_rank_note"": ""Principal angles cover only min(rank_a,rank_b); projector distance includes rank mismatch.""}, {""draw"": 20, ""status"": ""computed"", ""rank_a"": 1, ""rank_b"": 1, ""principal_angles_deg"": [12.395118161589195], ""projection_overlap_trace"": 0.9539244717357982, ""a_projected_into_b_fraction"": 0.9539244717357982, ""b_projected_into_a_fraction"": 0.9539244717357982, ""random_a_into_b_fraction"": 0.0025, ""random_b_into_a_fraction"": 0.0025, ""grassmann_geodesic_rad"": 0.21633562309347798, ""projector_distance_frobenius"": 0.3035639249456424, ""unequal_rank_note"": ""Principal angles cover only min(rank_a,rank_b); projector distance includes rank mismatch.""}, {""draw"": 21, ""status"": ""computed"", ""rank_a"": 1, ""rank_b"": 1, ""principal_angles_deg"": [13.190830170911708], ""projection_overlap_trace"": 0.9479270182391628, ""a_projected_into_b_fraction"": 0.9479270182391628, ""b_projected_into_a_fraction"": 0.9479270182391628, ""random_a_into_b_fraction"": 0.0025, ""random_b_into_a_fraction"": 0.0025, ""grassmann_geodesic_rad"": 0.23022341755381565, ""projector_distance_frobenius"": 0.32271653741584794, ""unequal_rank_note"": ""Principal angles cover only min(rank_a,rank_b); projector distance includes rank mismatch.""}, {""draw"": 22, ""status"": ""computed"", ""rank_a"": 1, ""rank_b"": 1, ""principal_angles_deg"": [11.882256984662602], ""projection_overlap_trace"": 0.9576047136750964, ""a_projected_into_b_fraction"": 0.9576047136750964, ""b_projected_into_a_fraction"": 0.9576047136750964, ""random_a_into_b_fraction"": 0.0025, ""random_b_into_a_fraction"": 0.0025, ""grassmann_geodesic_rad"": 0.20738450695045577, ""projector_distance_frobenius"": 0.29118820829457925, ""unequal_rank_note"": ""Principal angles cover only min(rank_a,rank_b); projector distance includes rank mismatch.""}, {""draw"": 23, ""status"": ""computed"", ""rank_a"": 1, ""rank_b"": 1, ""principal_angles_deg"": [14.786257674012957], ""projection_overlap_trace"": 0.9348658861096627, ""a_projected_into_b_fraction"": 0.9348658861096627, ""b_projected_into_a_fraction"": 0.9348658861096627, ""random_a_into_b_fraction"": 0.0025, ""random_b_into_a_fraction"": 0.0025, ""grassmann_geodesic_rad"": 0.2580688804598045, ""projector_distance_frobenius"": 0.36092690088253965, ""unequal_rank_note"": ""Principal angles cover only min(rank_a,rank_b); projector distance includes rank mismatch.""}, {""draw"": 24, ""status"": ""computed"", ""rank_a"": 1, ""rank_b"": 1, ""principal_angles_deg"": [13.78435564596439], ""projection_overlap_trace"": 0.9432282244311025, ""a_projected_into_b_fraction"": 0.9432282244311025, ""b_projected_into_a_fraction"": 0.9432282244311025, ""random_a_into_b_fraction"": 0.0025, ""random_b_into_a_fraction"": 0.0025, ""grassmann_geodesic_rad"": 0.2405823912879484, ""projector_distance_frobenius"": 0.33696223992874175, ""unequal_rank_note"": ""Principal angles cover only min(rank_a,rank_b); projector distance includes rank mismatch.""}, {""draw"": 25, ""status"": ""computed"", ""rank_a"": 1, ""rank_b"": 1, ""principal_angles_deg"": [15.103635717921243], ""projection_overlap_trace"": 0.932105478241213, ""a_projected_into_b_fraction"": 0.932105478241213, ""b_projected_into_a_fraction"": 0.932105478241213, ""random_a_into_b_fraction"": 0.0025, ""random_b_into_a_fraction"": 0.0025, ""grassmann_geodesic_rad"": 0.2636081722995432, ""projector_distance_frobenius"": 0.3684956492518927, ""unequal_rank_note"": ""Principal angles cover only min(rank_a,rank_b); projector distance includes rank mismatch.""}, {""draw"": 26, ""status"": ""computed"", ""rank_a"": 1, ""rank_b"": 1, ""principal_angles_deg"": [15.454665132437052], ""projection_overlap_trace"": 0.9289906336581504, ""a_projected_into_b_fraction"": 0.9289906336581504, ""b_projected_into_a_fraction"": 0.9289906336581504, ""random_a_into_b_fraction"": 0.0025, ""random_b_into_a_fraction"": 0.0025, ""grassmann_geodesic_rad"": 0.26973479135419204, ""projector_distance_frobenius"": 0.37685372849913434, ""unequal_rank_note"": ""Principal angles cover only min(rank_a,rank_b); projector distance includes rank mismatch.""}, {""draw"": 27, ""status"": ""computed"", ""rank_a"": 1, ""rank_b"": 1, ""principal_angles_deg"": [14.946660963635289], ""projection_overlap_trace"": 0.9334774219824992, ""a_projected_into_b_fraction"": 0.9334774219824992, ""b_projected_into_a_fraction"": 0.9334774219824992, ""random_a_into_b_fraction"": 0.0025, ""random_b_into_a_fraction"": 0.0025, ""grassmann_geodesic_rad"": 0.26086844599474424, ""projector_distance_frobenius"": 0.36475355520543135, ""unequal_rank_note"": ""Principal angles cover only min(rank_a,rank_b); projector distance includes rank mismatch.""}, {""draw"": 28, ""status"": ""computed"", ""rank_a"": 1, ""rank_b"": 1, ""principal_angles_deg"": [15.178828665807309], ""projection_overlap_trace"": 0.9314437010988055, ""a_projected_into_b_fraction"": 0.9314437010988055, ""b_projected_into_a_fraction"": 0.9314437010988055, ""random_a_into_b_fraction"": 0.0025, ""random_b_into_a_fraction"": 0.0025, ""grassmann_geodesic_rad"": 0.26492053681443556, ""projector_distance_frobenius"": 0.3702871828761955, ""unequal_rank_note"": ""Principal angles cover only min(rank_a,rank_b); projector distance includes rank mismatch.""}, {""draw"": 29, ""status"": ""computed"", ""rank_a"": 1, ""rank_b"": 1, ""principal_angles_deg"": [12.386045568962142], ""projection_overlap_trace"": 0.9539908432921386, ""a_projected_into_b_fraction"": 0.9539908432921386, ""b_projected_into_a_fraction"": 0.9539908432921386, ""random_a_into_b_fraction"": 0.0025, ""random_b_into_a_fraction"": 0.0025, ""grassmann_geodesic_rad"": 0.21617727648044374, ""projector_distance_frobenius"": 0.30334520503169793, ""unequal_rank_note"": ""Principal angles cover only min(rank_a,rank_b); projector distance includes rank mismatch.""}], ""max_angle_deg_quantiles_025_50_975"": [12.247503708279769, 14.866459318824123, 17.739156771987723], ""sampling"": ""30 fixed-seed whole-episode bootstrap draws stratified by collection seed; fixed full-discovery feature metric"", ""interpretation"": ""Discovery resampling reproducibility relative to the full-data fit, not independent confirmation.""}","{""status"": ""descriptive_physical_regimes"", ""groups"": [{""regime"": ""below_wall_top"", ""seed"": null, ""samples"": 51, ""episodes"": 13, ""global_held_seed_mse"": 0.00017374238729697715, ""time_only_mse"": 0.0017422658867868098, ""mean_time"": 0.7812177562246135, ""time_quantiles"": [0.5789473652839661, 0.7894737124443054, 0.9473684430122375]}, {""regime"": ""below_wall_top"", ""seed"": 1, ""samples"": 7, ""episodes"": 3, ""global_held_seed_mse"": 2.9944601392777896e-05, ""time_only_mse"": 0.003479567008091038, ""mean_time"": 0.7669173053332737, ""time_quantiles"": [0.5789473772048951, 0.7894737124443054, 0.9473684430122375]}, {""regime"": ""below_wall_top"", ""seed"": 2, ""samples"": 15, ""episodes"": 4, ""global_held_seed_mse"": 0.00047071787860499225, ""time_only_mse"": 0.0022773860791327027, ""mean_time"": 0.7789473732312521, ""time_quantiles"": [0.6526315689086915, 0.7894737124443054, 0.9263157963752746]}, {""regime"": ""below_wall_top"", ""seed"": 3, ""samples"": 29, ""episodes"": 6, ""global_held_seed_mse"": 5.484418494212088e-05, ""time_only_mse"": 0.001046131033879293, ""mean_time"": 0.7858439252294344, ""time_quantiles"": [0.5684210538864136, 0.8421052694320679, 0.9473684430122375]}, {""regime"": ""at_or_above_wall_top"", ""seed"": null, ""samples"": 2799, ""episodes"": 150, ""global_held_seed_mse"": 2.443546981680184e-05, ""time_only_mse"": 0.0016847980342800635, ""mean_time"": 0.4680807074028153, ""time_quantiles"": [0.05263157933950424, 0.4736842215061188, 0.8947368264198303]}, {""regime"": ""at_or_above_wall_top"", ""seed"": 1, ""samples"": 943, ""episodes"": 50, ""global_held_seed_mse"": 2.0718309069432347e-05, ""time_only_mse"": 0.0016850907302014564, ""mean_time"": 0.4715075087224944, ""time_quantiles"": [0.05263157933950424, 0.4736842215061188, 0.8947368264198303]}, {""regime"": ""at_or_above_wall_top"", ""seed"": 2, ""samples"": 935, ""episodes"": 50, ""global_held_seed_mse"": 2.3488146699957408e-05, ""time_only_mse"": 0.0015918232354560585, ""mean_time"": 0.46878694252853087, ""time_quantiles"": [0.05263157933950424, 0.4736842215061188, 0.8947368264198303]}, {""regime"": ""at_or_above_wall_top"", ""seed"": 3, ""samples"": 921, ""episodes"": 50, ""global_held_seed_mse"": 2.9203145928657407e-05, ""time_only_mse"": 0.0017788864432339946, ""mean_time"": 0.463855079295322, ""time_quantiles"": [0.05263157933950424, 0.4736842215061188, 0.8421052694320679]}], ""time_confounding"": ""Regimes have different time and trajectory composition; residual differences do not identify causal regimes or HMM states.""}",,,,none_validated,"{""linear_score"": ""measured_discovery_only"", ""nonlinear_gain"": ""measured_discovery_only"", ""best_coordinate_frame"": ""pending_measurement"", ""geometry"": ""descriptive_common_metric_discovery_geometry"", ""cross_trajectory_stability"": ""measured_discovery_only"", ""regime_dependence"": ""measured_discovery_only"", ""causal_patch_effect"": ""pending_measurement"", ""specificity"": ""pending_measurement"", ""manifold_distance"": ""pending_measurement"", ""recommended_operator"": ""not_yet_justified""}","[{""path"": ""artifacts/geometry_map/reach_wall_v1/discovery-screen/discovery_screen.json"", ""item"": ""rows[302]""}, {""path"": ""artifacts/geometry_map/reach_wall_v1/emergence-geometry/emergence_geometry.json"", ""item"": ""curves.predictor.wall_signed_distance.rows.layer=2""}, {""path"": ""artifacts/geometry_map/reach_wall_v1/cached-geometry-v2/nonlinear_screen.json"", ""item"": ""rows[92]""}, {""path"": ""artifacts/geometry_map/reach_wall_v1/spatial-screen/spatial_screen.json"", ""item"": ""maps.predictor.block2.wall_signed_distance""}, {""path"": ""artifacts/geometry_map/reach_wall_v1/cached-geometry-v2/cached_geometry.json"", ""item"": ""rows[10]""}, {""path"": ""artifacts/geometry_map/reach_wall_v1/cached-geometry-v2/cached_geometry.json"", ""item"": ""sites[1]""}]"
reach-wall/predictor/block-3/spatial-mean/action_chunk_frobenius_magnitude,reach-wall,predictor,3,block_residual_output,mean_of_256_spatial_tokens,1,action_chunk_frobenius_magnitude,"{""metric"": ""r2"", ""score"": 0.5747911897678286, ""time_baseline"": 0.4725658231754639, ""delta_vs_time"": 0.1022253665923647}","{""knn_score"": 0.5172284075588747, ""linear_score"": 0.5747911897678288, ""nonlinear_gain"": -0.057562782208954166}",,"{""participation_ratio"": 7.616467364439593, ""top10_variance_fraction"": 0.7409904355758659, ""adjacent_timestep_cosine_mean"": 0.9987054486573831, ""eigenspectrum_reference"": ""sites.predictor.block3.eigenspectrum"", ""common_metric_subspace_comparisons_reference"": ""sites.predictor.block3.subspace_comparisons""}","{""status"": ""not_run"", ""reason"": ""Focused bootstrap covers progress, clearance and XZ direction""}","{""status"": ""descriptive_physical_regimes"", ""groups"": [{""regime"": ""below_wall_top"", ""seed"": null, ""samples"": 51, ""episodes"": 13, ""global_held_seed_mse"": 0.13602829947415251, ""time_only_mse"": 0.1907482167575833, ""mean_time"": 0.7812177562246135, ""time_quantiles"": [0.5789473652839661, 0.7894737124443054, 0.9473684430122375]}, {""regime"": ""below_wall_top"", ""seed"": 1, ""samples"": 7, ""episodes"": 3, ""global_held_seed_mse"": 0.07884819655485513, ""time_only_mse"": 0.03923424170586417, ""mean_time"": 0.7669173053332737, ""time_quantiles"": [0.5789473772048951, 0.7894737124443054, 0.9473684430122375]}, {""regime"": ""below_wall_top"", ""seed"": 2, ""samples"": 15, ""episodes"": 4, ""global_held_seed_mse"": 0.2752241495833345, ""time_only_mse"": 0.4548780753797883, ""mean_time"": 0.7789473732312521, ""time_quantiles"": [0.6526315689086915, 0.7894737124443054, 0.9263157963752746]}, {""regime"": ""below_wall_top"", ""seed"": 3, ""samples"": 29, ""episodes"": 6, ""global_held_seed_mse"": 0.07783253977750952, ""time_only_mse"": 0.09070166317237499, ""mean_time"": 0.7858439252294344, ""time_quantiles"": [0.5684210538864136, 0.8421052694320679, 0.9473684430122375]}, {""regime"": ""at_or_above_wall_top"", ""seed"": null, ""samples"": 2799, ""episodes"": 150, ""global_held_seed_mse"": 0.0857354925102116, ""time_only_mse"": 0.10594617875800598, ""mean_time"": 0.4680807074028153, ""time_quantiles"": [0.05263157933950424, 0.4736842215061188, 0.8947368264198303]}, {""regime"": ""at_or_above_wall_top"", ""seed"": 1, ""samples"": 943, ""episodes"": 50, ""global_held_seed_mse"": 0.08615099749385267, ""time_only_mse"": 0.10266300474073377, ""mean_time"": 0.4715075087224944, ""time_quantiles"": [0.05263157933950424, 0.4736842215061188, 0.8947368264198303]}, {""regime"": ""at_or_above_wall_top"", ""seed"": 2, ""samples"": 935, ""episodes"": 50, ""global_held_seed_mse"": 0.09059826364640244, ""time_only_mse"": 0.11732723772692054, ""mean_time"": 0.46878694252853087, ""time_quantiles"": [0.05263157933950424, 0.4736842215061188, 0.8947368264198303]}, {""regime"": ""at_or_above_wall_top"", ""seed"": 3, ""samples"": 921, ""episodes"": 50, ""global_held_seed_mse"": 0.0803733728447263, ""time_only_mse"": 0.09775371726218902, ""mean_time"": 0.463855079295322, ""time_quantiles"": [0.05263157933950424, 0.4736842215061188, 0.8421052694320679]}], ""time_confounding"": ""Regimes have different time and trajectory composition; residual differences do not identify causal regimes or HMM states.""}",,,,none_validated,"{""linear_score"": ""measured_discovery_only"", ""nonlinear_gain"": ""measured_discovery_only"", ""best_coordinate_frame"": ""pending_measurement"", ""geometry"": ""descriptive_common_metric_discovery_geometry"", ""cross_trajectory_stability"": ""measured_discovery_only"", ""regime_dependence"": ""measured_discovery_only"", ""causal_patch_effect"": ""pending_measurement"", ""specificity"": ""pending_measurement"", ""manifold_distance"": ""pending_measurement"", ""recommended_operator"": ""not_yet_justified""}","[{""path"": ""artifacts/geometry_map/reach_wall_v1/discovery-screen/discovery_screen.json"", ""item"": ""rows[330]""}, {""path"": ""artifacts/geometry_map/reach_wall_v1/cached-geometry-v2/nonlinear_screen.json"", ""item"": ""rows[120]""}, {""path"": ""artifacts/geometry_map/reach_wall_v1/spatial-screen/spatial_screen.json"", ""item"": ""maps.predictor.block3.action_translation_magnitude""}, {""path"": ""artifacts/geometry_map/reach_wall_v1/cached-geometry-v2/cached_geometry.json"", ""item"": ""rows[23]""}, {""path"": ""artifacts/geometry_map/reach_wall_v1/cached-geometry-v2/cached_geometry.json"", ""item"": ""sites[2]""}]"
reach-wall/predictor/block-3/spatial-mean/action_direction,reach-wall,predictor,3,block_residual_output,mean_of_256_spatial_tokens,1,action_direction,"{""metric"": ""r2"", ""score"": 0.8188257056186382, ""time_baseline"": 0.19205233759231133, ""delta_vs_time"": 0.6267733680263269}",,,"{""eigenspectrum_reference"": ""sites.predictor.block3.eigenspectrum"", ""common_metric_subspace_comparisons_reference"": ""sites.predictor.block3.subspace_comparisons""}","{""status"": ""not_run"", ""reason"": ""Focused bootstrap covers progress, clearance and XZ direction""}","{""status"": ""descriptive_physical_regimes"", ""groups"": [{""regime"": ""below_wall_top"", ""seed"": null, ""samples"": 51, ""episodes"": 13, ""global_held_seed_mse"": 0.10593244951807955, ""time_only_mse"": 0.35860109047115224, ""mean_time"": 0.7812177562246135, ""time_quantiles"": [0.5789473652839661, 0.7894737124443054, 0.9473684430122375]}, {""regime"": ""below_wall_top"", ""seed"": 1, ""samples"": 7, ""episodes"": 3, ""global_held_seed_mse"": 0.07544060844751803, ""time_only_mse"": 0.32814295665927457, ""mean_time"": 0.7669173053332737, ""time_quantiles"": [0.5789473772048951, 0.7894737124443054, 0.9473684430122375]}, {""regime"": ""below_wall_top"", ""seed"": 2, ""samples"": 15, ""episodes"": 4, ""global_held_seed_mse"": 0.12126539256622774, ""time_only_mse"": 0.3948960705833212, ""mean_time"": 0.7789473732312521, ""time_quantiles"": [0.6526315689086915, 0.7894737124443054, 0.9263157963752746]}, {""regime"": ""below_wall_top"", ""seed"": 3, ""samples"": 29, ""episodes"": 6, ""global_held_seed_mse"": 0.10536171647572466, ""time_only_mse"": 0.3471797882297939, ""mean_time"": 0.7858439252294344, ""time_quantiles"": [0.5684210538864136, 0.8421052694320679, 0.9473684430122375]}, {""regime"": ""at_or_above_wall_top"", ""seed"": null, ""samples"": 2799, ""episodes"": 150, ""global_held_seed_mse"": 0.055131658031809534, ""time_only_mse"": 0.24793352270318156, ""mean_time"": 0.4680807074028153, ""time_quantiles"": [0.05263157933950424, 0.4736842215061188, 0.8947368264198303]}, {""regime"": ""at_or_above_wall_top"", ""seed"": 1, ""samples"": 943, ""episodes"": 50, ""global_held_seed_mse"": 0.05432133554119624, ""time_only_mse"": 0.24807045763349864, ""mean_time"": 0.4715075087224944, ""time_quantiles"": [0.05263157933950424, 0.4736842215061188, 0.8947368264198303]}, {""regime"": ""at_or_above_wall_top"", ""seed"": 2, ""samples"": 935, ""episodes"": 50, ""global_held_seed_mse"": 0.05657644836793108, ""time_only_mse"": 0.24672252174819034, ""mean_time"": 0.46878694252853087, ""time_quantiles"": [0.05263157933950424, 0.4736842215061188, 0.8947368264198303]}, {""regime"": ""at_or_above_wall_top"", ""seed"": 3, ""samples"": 921, ""episodes"": 50, ""global_held_seed_mse"": 0.05449458435577775, ""time_only_mse"": 0.2490227260187383, ""mean_time"": 0.463855079295322, ""time_quantiles"": [0.05263157933950424, 0.4736842215061188, 0.8421052694320679]}], ""time_confounding"": ""Regimes have different time and trajectory composition; residual differences do not identify causal regimes or HMM states.""}",,,,none_validated,"{""linear_score"": ""measured_discovery_only"", ""nonlinear_gain"": ""pending_measurement"", ""best_coordinate_frame"": ""pending_measurement"", ""geometry"": ""descriptive_common_metric_discovery_geometry"", ""cross_trajectory_stability"": ""measured_discovery_only"", ""regime_dependence"": ""measured_discovery_only"", ""causal_patch_effect"": ""pending_measurement"", ""specificity"": ""pending_measurement"", ""manifold_distance"": ""pending_measurement"", ""recommended_operator"": ""not_yet_justified""}","[{""path"": ""artifacts/geometry_map/reach_wall_v1/cached-geometry-v2/cached_geometry.json"", ""item"": ""rows[21]""}, {""path"": ""artifacts/geometry_map/reach_wall_v1/cached-geometry-v2/cached_geometry.json"", ""item"": ""sites[2]""}]"
reach-wall/predictor/block-3/spatial-mean/action_dx,reach-wall,predictor,3,block_residual_output,mean_of_256_spatial_tokens,1,action_dx,"{""metric"": ""r2"", ""score"": 0.9310155904815933, ""time_baseline"": 0.0033910809446688894, ""delta_vs_time"": 0.9276245095369244}","{""knn_score"": 0.3152042494359978, ""linear_score"": 0.9310155904815933, ""nonlinear_gain"": -0.6158113410455955}",,"{""participation_ratio"": 7.616467364439593, ""top10_variance_fraction"": 0.7409904355758659, ""adjacent_timestep_cosine_mean"": 0.9987054486573831, ""eigenspectrum_reference"": ""sites.predictor.block3.eigenspectrum"", ""common_metric_subspace_comparisons_reference"": ""sites.predictor.block3.subspace_comparisons""}",,,,,,none_validated,"{""linear_score"": ""measured_discovery_only"", ""nonlinear_gain"": ""measured_discovery_only"", ""best_coordinate_frame"": ""pending_measurement"", ""geometry"": ""descriptive_common_metric_discovery_geometry"", ""cross_trajectory_stability"": ""pending_measurement"", ""regime_dependence"": ""pending_measurement"", ""causal_patch_effect"": ""pending_measurement"", ""specificity"": ""pending_measurement"", ""manifold_distance"": ""pending_measurement"", ""recommended_operator"": ""not_yet_justified""}","[{""path"": ""artifacts/geometry_map/reach_wall_v1/discovery-screen/discovery_screen.json"", ""item"": ""rows[327]""}, {""path"": ""artifacts/geometry_map/reach_wall_v1/cached-geometry-v2/nonlinear_screen.json"", ""item"": ""rows[117]""}, {""path"": ""artifacts/geometry_map/reach_wall_v1/spatial-screen/spatial_screen.json"", ""item"": ""maps.predictor.block3.action_dx""}, {""path"": ""artifacts/geometry_map/reach_wall_v1/cached-geometry-v2/cached_geometry.json"", ""item"": ""sites[2]""}]"
reach-wall/predictor/block-3/spatial-mean/action_dy,reach-wall,predictor,3,block_residual_output,mean_of_256_spatial_tokens,1,action_dy,"{""metric"": ""r2"", ""score"": 0.9714825979608611, ""time_baseline"": 0.6287213192564175, ""delta_vs_time"": 0.3427612787044436}","{""knn_score"": 0.7531642209421767, ""linear_score"": 0.9714825979608611, ""nonlinear_gain"": -0.2183183770186844}",,"{""participation_ratio"": 7.616467364439593, ""top10_variance_fraction"": 0.7409904355758659, ""adjacent_timestep_cosine_mean"": 0.9987054486573831, ""eigenspectrum_reference"": ""sites.predictor.block3.eigenspectrum"", ""common_metric_subspace_comparisons_reference"": ""sites.predictor.block3.subspace_comparisons""}",,,,,,none_validated,"{""linear_score"": ""measured_discovery_only"", ""nonlinear_gain"": ""measured_discovery_only"", ""best_coordinate_frame"": ""pending_measurement"", ""geometry"": ""descriptive_common_metric_discovery_geometry"", ""cross_trajectory_stability"": ""pending_measurement"", ""regime_dependence"": ""pending_measurement"", ""causal_patch_effect"": ""pending_measurement"", ""specificity"": ""pending_measurement"", ""manifold_distance"": ""pending_measurement"", ""recommended_operator"": ""not_yet_justified""}","[{""path"": ""artifacts/geometry_map/reach_wall_v1/discovery-screen/discovery_screen.json"", ""item"": ""rows[328]""}, {""path"": ""artifacts/geometry_map/reach_wall_v1/cached-geometry-v2/nonlinear_screen.json"", ""item"": ""rows[118]""}, {""path"": ""artifacts/geometry_map/reach_wall_v1/spatial-screen/spatial_screen.json"", ""item"": ""maps.predictor.block3.action_dy""}, {""path"": ""artifacts/geometry_map/reach_wall_v1/cached-geometry-v2/cached_geometry.json"", ""item"": ""sites[2]""}]"
reach-wall/predictor/block-3/spatial-mean/action_dz,reach-wall,predictor,3,block_residual_output,mean_of_256_spatial_tokens,1,action_dz,"{""metric"": ""r2"", ""score"": 0.920958829896043, ""time_baseline"": 0.02788791500905774, ""delta_vs_time"": 0.8930709148869853}","{""knn_score"": 0.3780503946943746, ""linear_score"": 0.920958829896043, ""nonlinear_gain"": -0.5429084352016684}",,"{""participation_ratio"": 7.616467364439593, ""top10_variance_fraction"": 0.7409904355758659, ""adjacent_timestep_cosine_mean"": 0.9987054486573831, ""eigenspectrum_reference"": ""sites.predictor.block3.eigenspectrum"", ""common_metric_subspace_comparisons_reference"": ""sites.predictor.block3.subspace_comparisons""}",,,,,,none_validated,"{""linear_score"": ""measured_discovery_only"", ""nonlinear_gain"": ""measured_discovery_only"", ""best_coordinate_frame"": ""pending_measurement"", ""geometry"": ""descriptive_common_metric_discovery_geometry"", ""cross_trajectory_stability"": ""pending_measurement"", ""regime_dependence"": ""pending_measurement"", ""causal_patch_effect"": ""pending_measurement"", ""specificity"": ""pending_measurement"", ""manifold_distance"": ""pending_measurement"", ""recommended_operator"": ""not_yet_justified""}","[{""path"": ""artifacts/geometry_map/reach_wall_v1/discovery-screen/discovery_screen.json"", ""item"": ""rows[329]""}, {""path"": ""artifacts/geometry_map/reach_wall_v1/cached-geometry-v2/nonlinear_screen.json"", ""item"": ""rows[119]""}, {""path"": ""artifacts/geometry_map/reach_wall_v1/spatial-screen/spatial_screen.json"", ""item"": ""maps.predictor.block3.action_dz""}, {""path"": ""artifacts/geometry_map/reach_wall_v1/cached-geometry-v2/cached_geometry.json"", ""item"": ""sites[2]""}]"
reach-wall/predictor/block-3/spatial-mean/action_net_norm,reach-wall,predictor,3,block_residual_output,mean_of_256_spatial_tokens,1,action_net_norm,"{""metric"": ""r2"", ""score"": 0.7085547505418741, ""time_baseline"": 0.4870869163889663, ""delta_vs_time"": 0.22146783415290783}",,,"{""eigenspectrum_reference"": ""sites.predictor.block3.eigenspectrum"", ""common_metric_subspace_comparisons_reference"": ""sites.predictor.block3.subspace_comparisons""}","{""status"": ""not_run"", ""reason"": ""Focused bootstrap covers progress, clearance and XZ direction""}","{""status"": ""descriptive_physical_regimes"", ""groups"": [{""regime"": ""below_wall_top"", ""seed"": null, ""samples"": 51, ""episodes"": 13, ""global_held_seed_mse"": 2.1084776303239074, ""time_only_mse"": 4.296760960113498, ""mean_time"": 0.7812177562246135, ""time_quantiles"": [0.5789473652839661, 0.7894737124443054, 0.9473684430122375]}, {""regime"": ""below_wall_top"", ""seed"": 1, ""samples"": 7, ""episodes"": 3, ""global_held_seed_mse"": 1.4298979005445063, ""time_only_mse"": 1.236715122960698, ""mean_time"": 0.7669173053332737, ""time_quantiles"": [0.5789473772048951, 0.7894737124443054, 0.9473684430122375]}, {""regime"": ""below_wall_top"", ""seed"": 2, ""samples"": 15, ""episodes"": 4, ""global_held_seed_mse"": 2.788624514099379, ""time_only_mse"": 9.72477954738707, ""mean_time"": 0.7789473732312521, ""time_quantiles"": [0.6526315689086915, 0.7894737124443054, 0.9263157963752746]}, {""regime"": ""below_wall_top"", ""seed"": 3, ""samples"": 29, ""episodes"": 6, ""global_held_seed_mse"": 1.9204726252143804, ""time_only_mse"": 2.227796892905427, ""mean_time"": 0.7858439252294344, ""time_quantiles"": [0.5684210538864136, 0.8421052694320679, 0.9473684430122375]}, {""regime"": ""at_or_above_wall_top"", ""seed"": null, ""samples"": 2799, ""episodes"": 150, ""global_held_seed_mse"": 0.8663840482873322, ""time_only_mse"": 1.5140665890661464, ""mean_time"": 0.4680807074028153, ""time_quantiles"": [0.05263157933950424, 0.4736842215061188, 0.8947368264198303]}, {""regime"": ""at_or_above_wall_top"", ""seed"": 1, ""samples"": 943, ""episodes"": 50, ""global_held_seed_mse"": 0.883982962497542, ""time_only_mse"": 1.4242424006778094, ""mean_time"": 0.4715075087224944, ""time_quantiles"": [0.05263157933950424, 0.4736842215061188, 0.8947368264198303]}, {""regime"": ""at_or_above_wall_top"", ""seed"": 2, ""samples"": 935, ""episodes"": 50, ""global_held_seed_mse"": 0.822208854768229, ""time_only_mse"": 1.5713040773971467, ""mean_time"": 0.46878694252853087, ""time_quantiles"": [0.05263157933950424, 0.4736842215061188, 0.8947368264198303]}, {""regime"": ""at_or_above_wall_top"", ""seed"": 3, ""samples"": 921, ""episodes"": 50, ""global_held_seed_mse"": 0.8932114422505613, ""time_only_mse"": 1.5479288670908125, ""mean_time"": 0.463855079295322, ""time_quantiles"": [0.05263157933950424, 0.4736842215061188, 0.8421052694320679]}], ""time_confounding"": ""Regimes have different time and trajectory composition; residual differences do not identify causal regimes or HMM states.""}",,,,none_validated,"{""linear_score"": ""measured_discovery_only"", ""nonlinear_gain"": ""pending_measurement"", ""best_coordinate_frame"": ""pending_measurement"", ""geometry"": ""descriptive_common_metric_discovery_geometry"", ""cross_trajectory_stability"": ""measured_discovery_only"", ""regime_dependence"": ""measured_discovery_only"", ""causal_patch_effect"": ""pending_measurement"", ""specificity"": ""pending_measurement"", ""manifold_distance"": ""pending_measurement"", ""recommended_operator"": ""not_yet_justified""}","[{""path"": ""artifacts/geometry_map/reach_wall_v1/cached-geometry-v2/cached_geometry.json"", ""item"": ""rows[22]""}, {""path"": ""artifacts/geometry_map/reach_wall_v1/cached-geometry-v2/cached_geometry.json"", ""item"": ""sites[2]""}]"
reach-wall/predictor/block-3/spatial-mean/cumulative_progress,reach-wall,predictor,3,block_residual_output,mean_of_256_spatial_tokens,1,cumulative_progress,"{""metric"": ""r2"", ""score"": 0.9588909894108638, ""time_baseline"": 0.9222151825002093, ""delta_vs_time"": 0.03667580691065453}","{""knn_score"": 0.9379436662399337, ""linear_score"": 0.9588909889236525, ""nonlinear_gain"": -0.020947322683718794}",,"{""participation_ratio"": 7.616467364439593, ""top10_variance_fraction"": 0.7409904355758659, ""adjacent_timestep_cosine_mean"": 0.9987054486573831, ""eigenspectrum_reference"": ""sites.predictor.block3.eigenspectrum"", ""common_metric_subspace_comparisons_reference"": ""sites.predictor.block3.subspace_comparisons""}","{""status"": ""not_run"", ""reason"": ""Focused bootstrap covers progress, clearance and XZ direction""}","{""status"": ""descriptive_physical_regimes"", ""groups"": [{""regime"": ""below_wall_top"", ""seed"": null, ""samples"": 51, ""episodes"": 13, ""global_held_seed_mse"": 0.0012153918727644665, ""time_only_mse"": 0.0010581333179116642, ""mean_time"": 0.7812177562246135, ""time_quantiles"": [0.5789473652839661, 0.7894737124443054, 0.9473684430122375]}, {""regime"": ""below_wall_top"", ""seed"": 1, ""samples"": 7, ""episodes"": 3, ""global_held_seed_mse"": 0.0002728713999121124, ""time_only_mse"": 0.0002068010813422921, ""mean_time"": 0.7669173053332737, ""time_quantiles"": [0.5789473772048951, 0.7894737124443054, 0.9473684430122375]}, {""regime"": ""below_wall_top"", ""seed"": 2, ""samples"": 15, ""episodes"": 4, ""global_held_seed_mse"": 0.0016258643619441124, ""time_only_mse"": 0.001185093929917533, ""mean_time"": 0.7789473732312521, ""time_quantiles"": [0.6526315689086915, 0.7894737124443054, 0.9263157963752746]}, {""regime"": ""below_wall_top"", ""seed"": 3, ""samples"": 29, ""episodes"": 6, ""global_held_seed_mse"": 0.001230583458015218, ""time_only_mse"": 0.0011979580239770975, ""mean_time"": 0.7858439252294344, ""time_quantiles"": [0.5684210538864136, 0.8421052694320679, 0.9473684430122375]}, {""regime"": ""at_or_above_wall_top"", ""seed"": null, ""samples"": 2799, ""episodes"": 150, ""global_held_seed_mse"": 0.00020841713093203775, ""time_only_mse"": 0.00041698113286670096, ""mean_time"": 0.4680807074028153, ""time_quantiles"": [0.05263157933950424, 0.4736842215061188, 0.8947368264198303]}, {""regime"": ""at_or_above_wall_top"", ""seed"": 1, ""samples"": 943, ""episodes"": 50, ""global_held_seed_mse"": 0.00019235478213450408, ""time_only_mse"": 0.0003539398806516751, ""mean_time"": 0.4715075087224944, ""time_quantiles"": [0.05263157933950424, 0.4736842215061188, 0.8947368264198303]}, {""regime"": ""at_or_above_wall_top"", ""seed"": 2, ""samples"": 935, ""episodes"": 50, ""global_held_seed_mse"": 0.0002504651534259546, ""time_only_mse"": 0.0005289932176593962, ""mean_time"": 0.46878694252853087, ""time_quantiles"": [0.05263157933950424, 0.4736842215061188, 0.8947368264198303]}, {""regime"": ""at_or_above_wall_top"", ""seed"": 3, ""samples"": 921, ""episodes"": 50, ""global_held_seed_mse"": 0.00018217597336880426, ""time_only_mse"": 0.00036781349069254176, ""mean_time"": 0.463855079295322, ""time_quantiles"": [0.05263157933950424, 0.4736842215061188, 0.8421052694320679]}], ""time_confounding"": ""Regimes have different time and trajectory composition; residual differences do not identify causal regimes or HMM states.""}",,,,none_validated,"{""linear_score"": ""measured_discovery_only"", ""nonlinear_gain"": ""measured_discovery_only"", ""best_coordinate_frame"": ""pending_measurement"", ""geometry"": ""descriptive_common_metric_discovery_geometry"", ""cross_trajectory_stability"": ""measured_discovery_only"", ""regime_dependence"": ""measured_discovery_only"", ""causal_patch_effect"": ""pending_measurement"", ""specificity"": ""pending_measurement"", ""manifold_distance"": ""pending_measurement"", ""recommended_operator"": ""not_yet_justified""}","[{""path"": ""artifacts/geometry_map/reach_wall_v1/discovery-screen/discovery_screen.json"", ""item"": ""rows[316]""}, {""path"": ""artifacts/geometry_map/reach_wall_v1/emergence-geometry/emergence_geometry.json"", ""item"": ""curves.predictor.progress.rows.layer=3""}, {""path"": ""artifacts/geometry_map/reach_wall_v1/cached-geometry-v2/nonlinear_screen.json"", ""item"": ""rows[106]""}, {""path"": ""artifacts/geometry_map/reach_wall_v1/spatial-screen/spatial_screen.json"", ""item"": ""maps.predictor.block3.progress""}, {""path"": ""artifacts/geometry_map/reach_wall_v1/cached-geometry-v2/cached_geometry.json"", ""item"": ""rows[17]""}, {""path"": ""artifacts/geometry_map/reach_wall_v1/cached-geometry-v2/cached_geometry.json"", ""item"": ""sites[2]""}]"
reach-wall/predictor/block-3/spatial-mean/expert_detour_gate,reach-wall,predictor,3,block_residual_output,mean_of_256_spatial_tokens,1,expert_detour_gate,"{""metric"": ""auroc"", ""score"": 0.9990869156260007, ""time_baseline"": 0.978149765850144, ""delta_vs_time"": 0.0209371497758567}","{""knn_score"": 0.9967895077849824, ""linear_score"": 0.9990869156260007, ""nonlinear_gain"": -0.002297407841018284}",,"{""participation_ratio"": 7.616467364439593, ""top10_variance_fraction"": 0.7409904355758659, ""adjacent_timestep_cosine_mean"": 0.9987054486573831, ""eigenspectrum_reference"": ""sites.predictor.block3.eigenspectrum"", ""common_metric_subspace_comparisons_reference"": ""sites.predictor.block3.subspace_comparisons""}",,,,,,none_validated,"{""linear_score"": ""measured_discovery_only"", ""nonlinear_gain"": ""measured_discovery_only"", ""best_coordinate_frame"": ""pending_measurement"", ""geometry"": ""descriptive_common_metric_discovery_geometry"", ""cross_trajectory_stability"": ""pending_measurement"", ""regime_dependence"": ""pending_measurement"", ""causal_patch_effect"": ""pending_measurement"", ""specificity"": ""pending_measurement"", ""manifold_distance"": ""pending_measurement"", ""recommended_operator"": ""not_yet_justified""}","[{""path"": ""artifacts/geometry_map/reach_wall_v1/discovery-screen/discovery_screen.json"", ""item"": ""rows[326]""}, {""path"": ""artifacts/geometry_map/reach_wall_v1/cached-geometry-v2/nonlinear_screen.json"", ""item"": ""rows[116]""}, {""path"": ""artifacts/geometry_map/reach_wall_v1/spatial-screen/spatial_screen.json"", ""item"": ""maps.predictor.block3.expert_detour_gate""}, {""path"": ""artifacts/geometry_map/reach_wall_v1/cached-geometry-v2/cached_geometry.json"", ""item"": ""sites[2]""}]"
reach-wall/predictor/block-3/spatial-mean/goal_distance,reach-wall,predictor,3,block_residual_output,mean_of_256_spatial_tokens,1,goal_distance,"{""metric"": ""r2"", ""score"": 0.9413514996934743, ""time_baseline"": 0.908897827090231, ""delta_vs_time"": 0.03245367260324328}","{""knn_score"": 0.9210781752995427, ""linear_score"": 0.9413514996934743, ""nonlinear_gain"": -0.02027332439393159}",,"{""participation_ratio"": 7.616467364439593, ""top10_variance_fraction"": 0.7409904355758659, ""adjacent_timestep_cosine_mean"": 0.9987054486573831, ""eigenspectrum_reference"": ""sites.predictor.block3.eigenspectrum"", ""common_metric_subspace_comparisons_reference"": ""sites.predictor.block3.subspace_comparisons""}",,,,,,none_validated,"{""linear_score"": ""measured_discovery_only"", ""nonlinear_gain"": ""measured_discovery_only"", ""best_coordinate_frame"": ""pending_measurement"", ""geometry"": ""descriptive_common_metric_discovery_geometry"", ""cross_trajectory_stability"": ""pending_measurement"", ""regime_dependence"": ""pending_measurement"", ""causal_patch_effect"": ""pending_measurement"", ""specificity"": ""pending_measurement"", ""manifold_distance"": ""pending_measurement"", ""recommended_operator"": ""not_yet_justified""}","[{""path"": ""artifacts/geometry_map/reach_wall_v1/discovery-screen/discovery_screen.json"", ""item"": ""rows[315]""}, {""path"": ""artifacts/geometry_map/reach_wall_v1/cached-geometry-v2/nonlinear_screen.json"", ""item"": ""rows[105]""}, {""path"": ""artifacts/geometry_map/reach_wall_v1/spatial-screen/spatial_screen.json"", ""item"": ""maps.predictor.block3.goal_distance""}, {""path"": ""artifacts/geometry_map/reach_wall_v1/cached-geometry-v2/cached_geometry.json"", ""item"": ""sites[2]""}]"
reach-wall/predictor/block-3/spatial-mean/goal_vector_x,reach-wall,predictor,3,block_residual_output,mean_of_256_spatial_tokens,1,goal_vector_x,"{""metric"": ""r2"", ""score"": 0.23759159367156513, ""time_baseline"": 0.08054582471970773, ""delta_vs_time"": 0.1570457689518574}","{""knn_score"": 0.14008050720189946, ""linear_score"": 0.23759159367156513, ""nonlinear_gain"": -0.09751108646966566}",,"{""participation_ratio"": 7.616467364439593, ""top10_variance_fraction"": 0.7409904355758659, ""adjacent_timestep_cosine_mean"": 0.9987054486573831, ""eigenspectrum_reference"": ""sites.predictor.block3.eigenspectrum"", ""common_metric_subspace_comparisons_reference"": ""sites.predictor.block3.subspace_comparisons""}",,,,,,none_validated,"{""linear_score"": ""measured_discovery_only"", ""nonlinear_gain"": ""measured_discovery_only"", ""best_coordinate_frame"": ""pending_measurement"", ""geometry"": ""descriptive_common_metric_discovery_geometry"", ""cross_trajectory_stability"": ""pending_measurement"", ""regime_dependence"": ""pending_measurement"", ""causal_patch_effect"": ""pending_measurement"", ""specificity"": ""pending_measurement"", ""manifold_distance"": ""pending_measurement"", ""recommended_operator"": ""not_yet_justified""}","[{""path"": ""artifacts/geometry_map/reach_wall_v1/discovery-screen/discovery_screen.json"", ""item"": ""rows[320]""}, {""path"": ""artifacts/geometry_map/reach_wall_v1/cached-geometry-v2/nonlinear_screen.json"", ""item"": ""rows[110]""}, {""path"": ""artifacts/geometry_map/reach_wall_v1/spatial-screen/spatial_screen.json"", ""item"": ""maps.predictor.block3.goal_vector_x""}, {""path"": ""artifacts/geometry_map/reach_wall_v1/cached-geometry-v2/cached_geometry.json"", ""item"": ""sites[2]""}]"
reach-wall/predictor/block-3/spatial-mean/goal_vector_y,reach-wall,predictor,3,block_residual_output,mean_of_256_spatial_tokens,1,goal_vector_y,"{""metric"": ""r2"", ""score"": 0.9723133223938726, ""time_baseline"": 0.9568517433439947, ""delta_vs_time"": 0.015461579049877883}","{""knn_score"": 0.9561452566845737, ""linear_score"": 0.9723133223938726, ""nonlinear_gain"": -0.01616806570929885}",,"{""participation_ratio"": 7.616467364439593, ""top10_variance_fraction"": 0.7409904355758659, ""adjacent_timestep_cosine_mean"": 0.9987054486573831, ""eigenspectrum_reference"": ""sites.predictor.block3.eigenspectrum"", ""common_metric_subspace_comparisons_reference"": ""sites.predictor.block3.subspace_comparisons""}",,,,,,none_validated,"{""linear_score"": ""measured_discovery_only"", ""nonlinear_gain"": ""measured_discovery_only"", ""best_coordinate_frame"": ""pending_measurement"", ""geometry"": ""descriptive_common_metric_discovery_geometry"", ""cross_trajectory_stability"": ""pending_measurement"", ""regime_dependence"": ""pending_measurement"", ""causal_patch_effect"": ""pending_measurement"", ""specificity"": ""pending_measurement"", ""manifold_distance"": ""pending_measurement"", ""recommended_operator"": ""not_yet_justified""}","[{""path"": ""artifacts/geometry_map/reach_wall_v1/discovery-screen/discovery_screen.json"", ""item"": ""rows[321]""}, {""path"": ""artifacts/geometry_map/reach_wall_v1/cached-geometry-v2/nonlinear_screen.json"", ""item"": ""rows[111]""}, {""path"": ""artifacts/geometry_map/reach_wall_v1/spatial-screen/spatial_screen.json"", ""item"": ""maps.predictor.block3.goal_vector_y""}, {""path"": ""artifacts/geometry_map/reach_wall_v1/cached-geometry-v2/cached_geometry.json"", ""item"": ""sites[2]""}]"
reach-wall/predictor/block-3/spatial-mean/goal_vector_z,reach-wall,predictor,3,block_residual_output,mean_of_256_spatial_tokens,1,goal_vector_z,"{""metric"": ""r2"", ""score"": 0.6111562166043405, ""time_baseline"": 0.044334510544640326, ""delta_vs_time"": 0.5668217060597002}","{""knn_score"": 0.4872933633663652, ""linear_score"": 0.6111562166043405, ""nonlinear_gain"": -0.1238628532379753}",,"{""participation_ratio"": 7.616467364439593, ""top10_variance_fraction"": 0.7409904355758659, ""adjacent_timestep_cosine_mean"": 0.9987054486573831, ""eigenspectrum_reference"": ""sites.predictor.block3.eigenspectrum"", ""common_metric_subspace_comparisons_reference"": ""sites.predictor.block3.subspace_comparisons""}",,,,,,none_validated,"{""linear_score"": ""measured_discovery_only"", ""nonlinear_gain"": ""measured_discovery_only"", ""best_coordinate_frame"": ""pending_measurement"", ""geometry"": ""descriptive_common_metric_discovery_geometry"", ""cross_trajectory_stability"": ""pending_measurement"", ""regime_dependence"": ""pending_measurement"", ""causal_patch_effect"": ""pending_measurement"", ""specificity"": ""pending_measurement"", ""manifold_distance"": ""pending_measurement"", ""recommended_operator"": ""not_yet_justified""}","[{""path"": ""artifacts/geometry_map/reach_wall_v1/discovery-screen/discovery_screen.json"", ""item"": ""rows[322]""}, {""path"": ""artifacts/geometry_map/reach_wall_v1/cached-geometry-v2/nonlinear_screen.json"", ""item"": ""rows[112]""}, {""path"": ""artifacts/geometry_map/reach_wall_v1/spatial-screen/spatial_screen.json"", ""item"": ""maps.predictor.block3.goal_vector_z""}, {""path"": ""artifacts/geometry_map/reach_wall_v1/cached-geometry-v2/cached_geometry.json"", ""item"": ""sites[2]""}]"
reach-wall/predictor/block-3/spatial-mean/goal_xz_direction,reach-wall,predictor,3,block_residual_output,mean_of_256_spatial_tokens,1,goal_xz_direction,"{""metric"": ""r2"", ""score"": 0.4094741247580161, ""time_baseline"": null, ""delta_vs_time"": null}",,,"{""eigenspectrum_reference"": ""sites.predictor.block3.eigenspectrum"", ""common_metric_subspace_comparisons_reference"": ""sites.predictor.block3.subspace_comparisons""}",,,,,,none_validated,"{""linear_score"": ""measured_discovery_only"", ""nonlinear_gain"": ""pending_measurement"", ""best_coordinate_frame"": ""pending_measurement"", ""geometry"": ""descriptive_common_metric_discovery_geometry"", ""cross_trajectory_stability"": ""pending_measurement"", ""regime_dependence"": ""pending_measurement"", ""causal_patch_effect"": ""pending_measurement"", ""specificity"": ""pending_measurement"", ""manifold_distance"": ""pending_measurement"", ""recommended_operator"": ""not_yet_justified""}","[{""path"": ""artifacts/geometry_map/reach_wall_v1/emergence-geometry/emergence_geometry.json"", ""item"": ""curves.predictor.goal_xz_direction.rows.layer=3""}, {""path"": ""artifacts/geometry_map/reach_wall_v1/cached-geometry-v2/cached_geometry.json"", ""item"": ""sites[2]""}]"
reach-wall/predictor/block-3/spatial-mean/hand_to_goal_segment_intersects_wall,reach-wall,predictor,3,block_residual_output,mean_of_256_spatial_tokens,1,hand_to_goal_segment_intersects_wall,"{""metric"": ""auroc"", ""score"": 0.9907313635367204, ""time_baseline"": 0.9019247457737662, ""delta_vs_time"": 0.08880661776295418}","{""knn_score"": 0.9797615445794963, ""linear_score"": 0.9907313635367204, ""nonlinear_gain"": -0.010969818957224153}",,"{""participation_ratio"": 7.616467364439593, ""top10_variance_fraction"": 0.7409904355758659, ""adjacent_timestep_cosine_mean"": 0.9987054486573831, ""eigenspectrum_reference"": ""sites.predictor.block3.eigenspectrum"", ""common_metric_subspace_comparisons_reference"": ""sites.predictor.block3.subspace_comparisons""}",,,,,,none_validated,"{""linear_score"": ""measured_discovery_only"", ""nonlinear_gain"": ""measured_discovery_only"", ""best_coordinate_frame"": ""pending_measurement"", ""geometry"": ""descriptive_common_metric_discovery_geometry"", ""cross_trajectory_stability"": ""pending_measurement"", ""regime_dependence"": ""pending_measurement"", ""causal_patch_effect"": ""pending_measurement"", ""specificity"": ""pending_measurement"", ""manifold_distance"": ""pending_measurement"", ""recommended_operator"": ""not_yet_justified""}","[{""path"": ""artifacts/geometry_map/reach_wall_v1/discovery-screen/discovery_screen.json"", ""item"": ""rows[325]""}, {""path"": ""artifacts/geometry_map/reach_wall_v1/cached-geometry-v2/nonlinear_screen.json"", ""item"": ""rows[115]""}, {""path"": ""artifacts/geometry_map/reach_wall_v1/spatial-screen/spatial_screen.json"", ""item"": ""maps.predictor.block3.straight_path_intersects_wall""}, {""path"": ""artifacts/geometry_map/reach_wall_v1/cached-geometry-v2/cached_geometry.json"", ""item"": ""sites[2]""}]"
reach-wall/predictor/block-3/spatial-mean/hand_x,reach-wall,predictor,3,block_residual_output,mean_of_256_spatial_tokens,1,hand_x,"{""metric"": ""r2"", ""score"": 0.9730326692500979, ""time_baseline"": 0.058067306134002794, ""delta_vs_time"": 0.9149653631160951}","{""knn_score"": 0.6074295661669047, ""linear_score"": 0.9730326692500979, ""nonlinear_gain"": -0.3656031030831932}",,"{""participation_ratio"": 7.616467364439593, ""top10_variance_fraction"": 0.7409904355758659, ""adjacent_timestep_cosine_mean"": 0.9987054486573831, ""eigenspectrum_reference"": ""sites.predictor.block3.eigenspectrum"", ""common_metric_subspace_comparisons_reference"": ""sites.predictor.block3.subspace_comparisons""}",,,,,,none_validated,"{""linear_score"": ""measured_discovery_only"", ""nonlinear_gain"": ""measured_discovery_only"", ""best_coordinate_frame"": ""pending_measurement"", ""geometry"": ""descriptive_common_metric_discovery_geometry"", ""cross_trajectory_stability"": ""pending_measurement"", ""regime_dependence"": ""pending_measurement"", ""causal_patch_effect"": ""pending_measurement"", ""specificity"": ""pending_measurement"", ""manifold_distance"": ""pending_measurement"", ""recommended_operator"": ""not_yet_justified""}","[{""path"": ""artifacts/geometry_map/reach_wall_v1/discovery-screen/discovery_screen.json"", ""item"": ""rows[317]""}, {""path"": ""artifacts/geometry_map/reach_wall_v1/cached-geometry-v2/nonlinear_screen.json"", ""item"": ""rows[107]""}, {""path"": ""artifacts/geometry_map/reach_wall_v1/spatial-screen/spatial_screen.json"", ""item"": ""maps.predictor.block3.hand_x""}, {""path"": ""artifacts/geometry_map/reach_wall_v1/cached-geometry-v2/cached_geometry.json"", ""item"": ""sites[2]""}]"
reach-wall/predictor/block-3/spatial-mean/hand_y,reach-wall,predictor,3,block_residual_output,mean_of_256_spatial_tokens,1,hand_y,"{""metric"": ""r2"", ""score"": 0.9983716971331598, ""time_baseline"": 0.9772521653309317, ""delta_vs_time"": 0.02111953180222803}","{""knn_score"": 0.981222821483205, ""linear_score"": 0.9983716971331598, ""nonlinear_gain"": -0.01714887564995471}",,"{""participation_ratio"": 7.616467364439593, ""top10_variance_fraction"": 0.7409904355758659, ""adjacent_timestep_cosine_mean"": 0.9987054486573831, ""eigenspectrum_reference"": ""sites.predictor.block3.eigenspectrum"", ""common_metric_subspace_comparisons_reference"": ""sites.predictor.block3.subspace_comparisons""}",,,,,,none_validated,"{""linear_score"": ""measured_discovery_only"", ""nonlinear_gain"": ""measured_discovery_only"", ""best_coordinate_frame"": ""pending_measurement"", ""geometry"": ""descriptive_common_metric_discovery_geometry"", ""cross_trajectory_stability"": ""pending_measurement"", ""regime_dependence"": ""pending_measurement"", ""causal_patch_effect"": ""pending_measurement"", ""specificity"": ""pending_measurement"", ""manifold_distance"": ""pending_measurement"", ""recommended_operator"": ""not_yet_justified""}","[{""path"": ""artifacts/geometry_map/reach_wall_v1/discovery-screen/discovery_screen.json"", ""item"": ""rows[318]""}, {""path"": ""artifacts/geometry_map/reach_wall_v1/cached-geometry-v2/nonlinear_screen.json"", ""item"": ""rows[108]""}, {""path"": ""artifacts/geometry_map/reach_wall_v1/spatial-screen/spatial_screen.json"", ""item"": ""maps.predictor.block3.hand_y""}, {""path"": ""artifacts/geometry_map/reach_wall_v1/cached-geometry-v2/cached_geometry.json"", ""item"": ""sites[2]""}]"
reach-wall/predictor/block-3/spatial-mean/hand_z,reach-wall,predictor,3,block_residual_output,mean_of_256_spatial_tokens,1,hand_z,"{""metric"": ""r2"", ""score"": 0.9927974175225455, ""time_baseline"": 0.00804356141242546, ""delta_vs_time"": 0.98475385611012}","{""knn_score"": 0.8634487623725877, ""linear_score"": 0.9927974175225455, ""nonlinear_gain"": -0.12934865514995775}",,"{""participation_ratio"": 7.616467364439593, ""top10_variance_fraction"": 0.7409904355758659, ""adjacent_timestep_cosine_mean"": 0.9987054486573831, ""eigenspectrum_reference"": ""sites.predictor.block3.eigenspectrum"", ""common_metric_subspace_comparisons_reference"": ""sites.predictor.block3.subspace_comparisons""}",,,,,,none_validated,"{""linear_score"": ""measured_discovery_only"", ""nonlinear_gain"": ""measured_discovery_only"", ""best_coordinate_frame"": ""pending_measurement"", ""geometry"": ""descriptive_common_metric_discovery_geometry"", ""cross_trajectory_stability"": ""pending_measurement"", ""regime_dependence"": ""pending_measurement"", ""causal_patch_effect"": ""pending_measurement"", ""specificity"": ""pending_measurement"", ""manifold_distance"": ""pending_measurement"", ""recommended_operator"": ""not_yet_justified""}","[{""path"": ""artifacts/geometry_map/reach_wall_v1/discovery-screen/discovery_screen.json"", ""item"": ""rows[319]""}, {""path"": ""artifacts/geometry_map/reach_wall_v1/cached-geometry-v2/nonlinear_screen.json"", ""item"": ""rows[109]""}, {""path"": ""artifacts/geometry_map/reach_wall_v1/spatial-screen/spatial_screen.json"", ""item"": ""maps.predictor.block3.hand_z""}, {""path"": ""artifacts/geometry_map/reach_wall_v1/cached-geometry-v2/cached_geometry.json"", ""item"": ""sites[2]""}]"
reach-wall/predictor/block-3/spatial-mean/height_above_wall_top,reach-wall,predictor,3,block_residual_output,mean_of_256_spatial_tokens,1,height_above_wall_top,"{""metric"": ""r2"", ""score"": 0.9927974171007838, ""time_baseline"": 0.008043558955029284, ""delta_vs_time"": 0.9847538581457546}","{""knn_score"": 0.8634487592336583, ""linear_score"": 0.9927974171007838, ""nonlinear_gain"": -0.12934865786712557}",,"{""participation_ratio"": 7.616467364439593, ""top10_variance_fraction"": 0.7409904355758659, ""adjacent_timestep_cosine_mean"": 0.9987054486573831, ""eigenspectrum_reference"": ""sites.predictor.block3.eigenspectrum"", ""common_metric_subspace_comparisons_reference"": ""sites.predictor.block3.subspace_comparisons""}",,,,,,none_validated,"{""linear_score"": ""measured_discovery_only"", ""nonlinear_gain"": ""measured_discovery_only"", ""best_coordinate_frame"": ""pending_measurement"", ""geometry"": ""descriptive_common_metric_discovery_geometry"", ""cross_trajectory_stability"": ""pending_measurement"", ""regime_dependence"": ""pending_measurement"", ""causal_patch_effect"": ""pending_measurement"", ""specificity"": ""pending_measurement"", ""manifold_distance"": ""pending_measurement"", ""recommended_operator"": ""not_yet_justified""}","[{""path"": ""artifacts/geometry_map/reach_wall_v1/discovery-screen/discovery_screen.json"", ""item"": ""rows[324]""}, {""path"": ""artifacts/geometry_map/reach_wall_v1/cached-geometry-v2/nonlinear_screen.json"", ""item"": ""rows[114]""}, {""path"": ""artifacts/geometry_map/reach_wall_v1/spatial-screen/spatial_screen.json"", ""item"": ""maps.predictor.block3.height_above_wall_top""}, {""path"": ""artifacts/geometry_map/reach_wall_v1/cached-geometry-v2/cached_geometry.json"", ""item"": ""sites[2]""}]"
reach-wall/predictor/block-3/spatial-mean/realized_dx,reach-wall,predictor,3,block_residual_output,mean_of_256_spatial_tokens,1,realized_dx,"{""metric"": ""r2"", ""score"": 0.6485989542563279, ""time_baseline"": 0.005340828654275098, ""delta_vs_time"": 0.6432581256020528}","{""knn_score"": 0.24122144023765302, ""linear_score"": 0.6485989542563279, ""nonlinear_gain"": -0.40737751401867484}",,"{""participation_ratio"": 7.616467364439593, ""top10_variance_fraction"": 0.7409904355758659, ""adjacent_timestep_cosine_mean"": 0.9987054486573831, ""eigenspectrum_reference"": ""sites.predictor.block3.eigenspectrum"", ""common_metric_subspace_comparisons_reference"": ""sites.predictor.block3.subspace_comparisons""}",,,,,,none_validated,"{""linear_score"": ""measured_discovery_only"", ""nonlinear_gain"": ""measured_discovery_only"", ""best_coordinate_frame"": ""pending_measurement"", ""geometry"": ""descriptive_common_metric_discovery_geometry"", ""cross_trajectory_stability"": ""pending_measurement"", ""regime_dependence"": ""pending_measurement"", ""causal_patch_effect"": ""pending_measurement"", ""specificity"": ""pending_measurement"", ""manifold_distance"": ""pending_measurement"", ""recommended_operator"": ""not_yet_justified""}","[{""path"": ""artifacts/geometry_map/reach_wall_v1/discovery-screen/discovery_screen.json"", ""item"": ""rows[331]""}, {""path"": ""artifacts/geometry_map/reach_wall_v1/cached-geometry-v2/nonlinear_screen.json"", ""item"": ""rows[121]""}, {""path"": ""artifacts/geometry_map/reach_wall_v1/spatial-screen/spatial_screen.json"", ""item"": ""maps.predictor.block3.realized_dx""}, {""path"": ""artifacts/geometry_map/reach_wall_v1/cached-geometry-v2/cached_geometry.json"", ""item"": ""sites[2]""}]"
reach-wall/predictor/block-3/spatial-mean/realized_dy,reach-wall,predictor,3,block_residual_output,mean_of_256_spatial_tokens,1,realized_dy,"{""metric"": ""r2"", ""score"": 0.9358741856779134, ""time_baseline"": 0.7938417819030151, ""delta_vs_time"": 0.14203240377489823}","{""knn_score"": 0.8745187763901132, ""linear_score"": 0.9358741856779134, ""nonlinear_gain"": -0.061355409287800144}",,"{""participation_ratio"": 7.616467364439593, ""top10_variance_fraction"": 0.7409904355758659, ""adjacent_timestep_cosine_mean"": 0.9987054486573831, ""eigenspectrum_reference"": ""sites.predictor.block3.eigenspectrum"", ""common_metric_subspace_comparisons_reference"": ""sites.predictor.block3.subspace_comparisons""}",,,,,,none_validated,"{""linear_score"": ""measured_discovery_only"", ""nonlinear_gain"": ""measured_discovery_only"", ""best_coordinate_frame"": ""pending_measurement"", ""geometry"": ""descriptive_common_metric_discovery_geometry"", ""cross_trajectory_stability"": ""pending_measurement"", ""regime_dependence"": ""pending_measurement"", ""causal_patch_effect"": ""pending_measurement"", ""specificity"": ""pending_measurement"", ""manifold_distance"": ""pending_measurement"", ""recommended_operator"": ""not_yet_justified""}","[{""path"": ""artifacts/geometry_map/reach_wall_v1/discovery-screen/discovery_screen.json"", ""item"": ""rows[332]""}, {""path"": ""artifacts/geometry_map/reach_wall_v1/cached-geometry-v2/nonlinear_screen.json"", ""item"": ""rows[122]""}, {""path"": ""artifacts/geometry_map/reach_wall_v1/spatial-screen/spatial_screen.json"", ""item"": ""maps.predictor.block3.realized_dy""}, {""path"": ""artifacts/geometry_map/reach_wall_v1/cached-geometry-v2/cached_geometry.json"", ""item"": ""sites[2]""}]"
reach-wall/predictor/block-3/spatial-mean/realized_dz,reach-wall,predictor,3,block_residual_output,mean_of_256_spatial_tokens,1,realized_dz,"{""metric"": ""r2"", ""score"": 0.7170817065542636, ""time_baseline"": 0.07117442644816807, ""delta_vs_time"": 0.6459072801060955}","{""knn_score"": 0.375917217771748, ""linear_score"": 0.7170817065542636, ""nonlinear_gain"": -0.3411644887825156}",,"{""participation_ratio"": 7.616467364439593, ""top10_variance_fraction"": 0.7409904355758659, ""adjacent_timestep_cosine_mean"": 0.9987054486573831, ""eigenspectrum_reference"": ""sites.predictor.block3.eigenspectrum"", ""common_metric_subspace_comparisons_reference"": ""sites.predictor.block3.subspace_comparisons""}",,,,,,none_validated,"{""linear_score"": ""measured_discovery_only"", ""nonlinear_gain"": ""measured_discovery_only"", ""best_coordinate_frame"": ""pending_measurement"", ""geometry"": ""descriptive_common_metric_discovery_geometry"", ""cross_trajectory_stability"": ""pending_measurement"", ""regime_dependence"": ""pending_measurement"", ""causal_patch_effect"": ""pending_measurement"", ""specificity"": ""pending_measurement"", ""manifold_distance"": ""pending_measurement"", ""recommended_operator"": ""not_yet_justified""}","[{""path"": ""artifacts/geometry_map/reach_wall_v1/discovery-screen/discovery_screen.json"", ""item"": ""rows[333]""}, {""path"": ""artifacts/geometry_map/reach_wall_v1/cached-geometry-v2/nonlinear_screen.json"", ""item"": ""rows[123]""}, {""path"": ""artifacts/geometry_map/reach_wall_v1/spatial-screen/spatial_screen.json"", ""item"": ""maps.predictor.block3.realized_dz""}, {""path"": ""artifacts/geometry_map/reach_wall_v1/cached-geometry-v2/cached_geometry.json"", ""item"": ""sites[2]""}]"
reach-wall/predictor/block-3/spatial-mean/realized_hand_delta_magnitude,reach-wall,predictor,3,block_residual_output,mean_of_256_spatial_tokens,1,realized_hand_delta_magnitude,"{""metric"": ""r2"", ""score"": 0.8120496145964173, ""time_baseline"": 0.6130267917023396, ""delta_vs_time"": 0.1990228228940777}","{""knn_score"": 0.7356391447286498, ""linear_score"": 0.8120496145964173, ""nonlinear_gain"": -0.07641046986776756}",,"{""participation_ratio"": 7.616467364439593, ""top10_variance_fraction"": 0.7409904355758659, ""adjacent_timestep_cosine_mean"": 0.9987054486573831, ""eigenspectrum_reference"": ""sites.predictor.block3.eigenspectrum"", ""common_metric_subspace_comparisons_reference"": ""sites.predictor.block3.subspace_comparisons""}",,,,,,none_validated,"{""linear_score"": ""measured_discovery_only"", ""nonlinear_gain"": ""measured_discovery_only"", ""best_coordinate_frame"": ""pending_measurement"", ""geometry"": ""descriptive_common_metric_discovery_geometry"", ""cross_trajectory_stability"": ""pending_measurement"", ""regime_dependence"": ""pending_measurement"", ""causal_patch_effect"": ""pending_measurement"", ""specificity"": ""pending_measurement"", ""manifold_distance"": ""pending_measurement"", ""recommended_operator"": ""not_yet_justified""}","[{""path"": ""artifacts/geometry_map/reach_wall_v1/discovery-screen/discovery_screen.json"", ""item"": ""rows[334]""}, {""path"": ""artifacts/geometry_map/reach_wall_v1/emergence-geometry/emergence_geometry.json"", ""item"": ""curves.predictor.motion_magnitude.rows.layer=3""}, {""path"": ""artifacts/geometry_map/reach_wall_v1/cached-geometry-v2/nonlinear_screen.json"", ""item"": ""rows[124]""}, {""path"": ""artifacts/geometry_map/reach_wall_v1/spatial-screen/spatial_screen.json"", ""item"": ""maps.predictor.block3.realized_hand_delta_magnitude""}, {""path"": ""artifacts/geometry_map/reach_wall_v1/cached-geometry-v2/cached_geometry.json"", ""item"": ""sites[2]""}]"
reach-wall/predictor/block-3/spatial-mean/realized_motion_world,reach-wall,predictor,3,block_residual_output,mean_of_256_spatial_tokens,1,realized_motion_world,"{""metric"": ""r2"", ""score"": 0.7954112570398755, ""time_baseline"": 0.37444526958145574, ""delta_vs_time"": 0.42096598745841973}",,"{""status"": ""held_collection_seed_comparison"", ""scores"": {""world"": {""world_mse"": 4.1485710786228344e-05, ""world_r2"": 0.7954112570398755}, ""goal_aligned"": {""world_mse"": 6.504467346784075e-05, ""world_r2"": 0.6792291194042925}, ""wall_constant_rotation"": {""world_mse"": 4.1485710786228344e-05, ""world_r2"": 0.7954112570398755}}, ""folds"": [{""held_seed"": 1, ""frame"": ""world"", ""train_samples"": 1900, ""test_samples"": 950, ""world_mse"": 3.537168339370262e-05, ""world_r2"": 0.8118103335211799}, {""held_seed"": 1, ""frame"": ""goal_aligned"", ""train_samples"": 1900, ""test_samples"": 950, ""world_mse"": 5.666839130860492e-05, ""world_r2"": 0.6985044352693641}, {""held_seed"": 1, ""frame"": ""wall_constant_rotation"", ""train_samples"": 1900, ""test_samples"": 950, ""world_mse"": 3.537168339370262e-05, ""world_r2"": 0.8118103335211799}, {""held_seed"": 2, ""frame"": ""world"", ""train_samples"": 1900, ""test_samples"": 950, ""world_mse"": 4.452856091228548e-05, ""world_r2"": 0.780317621038255}, {""held_seed"": 2, ""frame"": ""goal_aligned"", ""train_samples"": 1900, ""test_samples"": 950, ""world_mse"": 6.913343364833923e-05, ""world_r2"": 0.6589290815039366}, {""held_seed"": 2, ""frame"": ""wall_constant_rotation"", ""train_samples"": 1900, ""test_samples"": 950, ""world_mse"": 4.452856091228548e-05, ""world_r2"": 0.780317621038255}, {""held_seed"": 3, ""frame"": ""world"", ""train_samples"": 1900, ""test_samples"": 950, ""world_mse"": 4.4556888052696916e-05, ""world_r2"": 0.7951135798138733}, {""held_seed"": 3, ""frame"": ""goal_aligned"", ""train_samples"": 1900, ""test_samples"": 950, ""world_mse"": 6.933219544657806e-05, ""world_r2"": 0.681189015895951}, {""held_seed"": 3, ""frame"": ""wall_constant_rotation"", ""train_samples"": 1900, ""test_samples"": 950, ""world_mse"": 4.4556888052696916e-05, ""world_r2"": 0.7951135798138733}], ""evaluation_target"": ""Identical realized 3D world displacement and squared Euclidean world loss for every frame"", ""goal_basis_definition"": ""Columns: normalized current goal-minus-hand, normalized cross(world_up,goal_axis), cross(goal_axis,lateral)"", ""goal_frame_availability"": ""Requires current true hand/goal positions and world-up; cached simulator labels supply these. Runtime visual-only availability has not been established."", ""degeneracy"": {""zero_goal_distance_count"": 0, ""goal_parallel_to_up_count"": 0, ""valid_samples"": 2850, ""excluded_samples"": 0}, ""wall_rotation_max_prediction_difference"": 0.0, ""wall_frame_interpretation"": ""A constant orthogonal target rotation is algebraically equivalent under isotropic ridge; it cannot identify a native coordinate frame."", ""camera_frame"": {""status"": ""unavailable"", ""reason"": ""No camera extrinsic calibration in pooled cache""}, ""native_frame"": {""status"": ""not_identified"", ""reason"": ""Decoding compares functional parameterizations; state-dependent goal basis uses extra geometry.""}, ""episode_paired_world_mse_differences"": [{""seed"": 1, ""episode"": 0, ""world_minus_goal_world_mse"": -6.951409211876016e-05}, {""seed"": 1, ""episode"": 1, ""world_minus_goal_world_mse"": -4.859961246183512e-07}, {""seed"": 1, ""episode"": 2, ""world_minus_goal_world_mse"": 4.504263048215138e-07}, {""seed"": 1, ""episode"": 3, ""world_minus_goal_world_mse"": -1.3338996105423634e-05}, {""seed"": 1, ""episode"": 4, ""world_minus_goal_world_mse"": -9.969534495790645e-06}, {""seed"": 1, ""episode"": 5, ""world_minus_goal_world_mse"": -2.0286391055755014e-05}, {""seed"": 1, ""episode"": 6, ""world_minus_goal_world_mse"": -7.605263442392475e-06}, {""seed"": 1, ""episode"": 7, ""world_minus_goal_world_mse"": -1.3410714672021352e-06}, {""seed"": 1, ""episode"": 8, ""world_minus_goal_world_mse"": -1.3657982355828812e-05}, {""seed"": 1, ""episode"": 9, ""world_minus_goal_world_mse"": -1.3260221976192024e-05}, {""seed"": 1, ""episode"": 10, ""world_minus_goal_world_mse"": -3.6918775983894844e-06}, {""seed"": 1, ""episode"": 11, ""world_minus_goal_world_mse"": -2.921915511705466e-05}, {""seed"": 1, ""episode"": 12, ""world_minus_goal_world_mse"": -1.5029855820235234e-05}, {""seed"": 1, ""episode"": 13, ""world_minus_goal_world_mse"": -2.03812223886036e-05}, {""seed"": 1, ""episode"": 14, ""world_minus_goal_world_mse"": -1.4020315931499687e-05}, {""seed"": 1, ""episode"": 15, ""world_minus_goal_world_mse"": -1.0303434691409923e-05}, {""seed"": 1, ""episode"": 16, ""world_minus_goal_world_mse"": -1.2008786148318569e-05}, {""seed"": 1, ""episode"": 17, ""world_minus_goal_world_mse"": -4.155757311943587e-06}, {""seed"": 1, ""episode"": 18, ""world_minus_goal_world_mse"": -1.8339203109046734e-05}, {""seed"": 1, ""episode"": 19, ""world_minus_goal_world_mse"": -1.1173071538347418e-05}, {""seed"": 1, ""episode"": 20, ""world_minus_goal_world_mse"": -3.1205619071731714e-05}, {""seed"": 1, ""episode"": 21, ""world_minus_goal_world_mse"": -9.513743380748841e-06}, {""seed"": 1, ""episode"": 22, ""world_minus_goal_world_mse"": -1.612471659969269e-05}, {""seed"": 1, ""episode"": 23, ""world_minus_goal_world_mse"": -3.961226861389349e-06}, {""seed"": 1, ""episode"": 24, ""world_minus_goal_world_mse"": -9.029150414056484e-06}, {""seed"": 1, ""episode"": 25, ""world_minus_goal_world_mse"": -1.963459300027779e-05}, {""seed"": 1, ""episode"": 26, ""world_minus_goal_world_mse"": -1.4081013569914458e-05}, {""seed"": 1, ""episode"": 27, ""world_minus_goal_world_mse"": -9.380135498388905e-06}, {""seed"": 1, ""episode"": 28, ""world_minus_goal_world_mse"": -2.5388683406758398e-05}, {""seed"": 1, ""episode"": 29, ""world_minus_goal_world_mse"": -6.948360547974436e-05}, {""seed"": 1, ""episode"": 30, ""world_minus_goal_world_mse"": -4.2608805823713695e-05}, {""seed"": 1, ""episode"": 31, ""world_minus_goal_world_mse"": -7.475416084097404e-06}, {""seed"": 1, ""episode"": 32, ""world_minus_goal_world_mse"": -2.6591481070404036e-05}, {""seed"": 1, ""episode"": 33, ""world_minus_goal_world_mse"": -8.254022904848814e-06}, {""seed"": 1, ""episode"": 34, ""world_minus_goal_world_mse"": -1.2124072442319915e-05}, {""seed"": 1, ""episode"": 35, ""world_minus_goal_world_mse"": -9.290906145128421e-05}, {""seed"": 1, ""episode"": 36, ""world_minus_goal_world_mse"": -8.86717381746412e-06}, {""seed"": 1, ""episode"": 37, ""world_minus_goal_world_mse"": -2.4511119067068376e-05}, {""seed"": 1, ""episode"": 38, ""world_minus_goal_world_mse"": -2.9291875424474446e-05}, {""seed"": 1, ""episode"": 39, ""world_minus_goal_world_mse"": -1.1634471423398076e-05}, {""seed"": 1, ""episode"": 40, ""world_minus_goal_world_mse"": -7.504053694744167e-07}, {""seed"": 1, ""episode"": 41, ""world_minus_goal_world_mse"": -1.3778879153382124e-05}, {""seed"": 1, ""episode"": 42, ""world_minus_goal_world_mse"": -6.377620192160874e-06}, {""seed"": 1, ""episode"": 43, ""world_minus_goal_world_mse"": -4.756659146078189e-05}, {""seed"": 1, ""episode"": 44, ""world_minus_goal_world_mse"": -5.358688936602633e-06}, {""seed"": 1, ""episode"": 45, ""world_minus_goal_world_mse"": -7.536511399867895e-05}, {""seed"": 1, ""episode"": 46, ""world_minus_goal_world_mse"": -6.61181954614852e-05}, {""seed"": 1, ""episode"": 47, ""world_minus_goal_world_mse"": -1.387738375655319e-06}, {""seed"": 1, ""episode"": 48, ""world_minus_goal_world_mse"": -5.386708450272896e-05}, {""seed"": 1, ""episode"": 49, ""world_minus_goal_world_mse"": -3.4863289010397626e-05}, {""seed"": 2, ""episode"": 0, ""world_minus_goal_world_mse"": 2.6171793033946772e-06}, {""seed"": 2, ""episode"": 1, ""world_minus_goal_world_mse"": -1.7618227589499184e-05}, {""seed"": 2, ""episode"": 2, ""world_minus_goal_world_mse"": -4.3528103094780276e-07}, {""seed"": 2, ""episode"": 3, ""world_minus_goal_world_mse"": 3.5367000364250327e-06}, {""seed"": 2, ""episode"": 4, ""world_minus_goal_world_mse"": -1.7335805395089602e-05}, {""seed"": 2, ""episode"": 5, ""world_minus_goal_world_mse"": -1.4356542163770732e-05}, {""seed"": 2, ""episode"": 6, ""world_minus_goal_world_mse"": -1.7800168548843992e-05}, {""seed"": 2, ""episode"": 7, ""world_minus_goal_world_mse"": -3.3725357625752525e-05}, {""seed"": 2, ""episode"": 8, ""world_minus_goal_world_mse"": -7.5624856754279946e-06}, {""seed"": 2, ""episode"": 9, ""world_minus_goal_world_mse"": -7.56912226979018e-06}, {""seed"": 2, ""episode"": 10, ""world_minus_goal_world_mse"": -1.1814408389872335e-05}, {""seed"": 2, ""episode"": 11, ""world_minus_goal_world_mse"": -9.781792042989929e-06}, {""seed"": 2, ""episode"": 12, ""world_minus_goal_world_mse"": -5.400461010918619e-06}, {""seed"": 2, ""episode"": 13, ""world_minus_goal_world_mse"": -7.483245735617228e-06}, {""seed"": 2, ""episode"": 14, ""world_minus_goal_world_mse"": -3.3728618745912268e-06}, {""seed"": 2, ""episode"": 15, ""world_minus_goal_world_mse"": -1.634771518633652e-05}, {""seed"": 2, ""episode"": 16, ""world_minus_goal_world_mse"": -4.777514117219169e-06}, {""seed"": 2, ""episode"": 17, ""world_minus_goal_world_mse"": -1.6530981756914513e-05}, {""seed"": 2, ""episode"": 18, ""world_minus_goal_world_mse"": -8.368397275585311e-06}, {""seed"": 2, ""episode"": 19, ""world_minus_goal_world_mse"": -6.026997909924377e-06}, {""seed"": 2, ""episode"": 20, ""world_minus_goal_world_mse"": -3.285086154479225e-05}, {""seed"": 2, ""episode"": 21, ""world_minus_goal_world_mse"": -3.248975340936504e-06}, {""seed"": 2, ""episode"": 22, ""world_minus_goal_world_mse"": -1.3475637625292302e-05}, {""seed"": 2, ""episode"": 23, ""world_minus_goal_world_mse"": -1.35178293153252e-05}, {""seed"": 2, ""episode"": 24, ""world_minus_goal_world_mse"": -1.6509407631902454e-06}, {""seed"": 2, ""episode"": 25, ""world_minus_goal_world_mse"": -1.2057091757603118e-05}, {""seed"": 2, ""episode"": 26, ""world_minus_goal_world_mse"": -1.5974527224158892e-05}, {""seed"": 2, ""episode"": 27, ""world_minus_goal_world_mse"": -1.929658107106447e-05}, {""seed"": 2, ""episode"": 28, ""world_minus_goal_world_mse"": -3.030879301740604e-05}, {""seed"": 2, ""episode"": 29, ""world_minus_goal_world_mse"": -1.788257323381294e-05}, {""seed"": 2, ""episode"": 30, ""world_minus_goal_world_mse"": -1.6509407631902454e-06}, {""seed"": 2, ""episode"": 31, ""world_minus_goal_world_mse"": -1.6037654741955266e-05}, {""seed"": 2, ""episode"": 32, ""world_minus_goal_world_mse"": 5.12596952482187e-06}, {""seed"": 2, ""episode"": 33, ""world_minus_goal_world_mse"": -0.0002602616139533913}, {""seed"": 2, ""episode"": 34, ""world_minus_goal_world_mse"": -1.8399940385685518e-05}, {""seed"": 2, ""episode"": 35, ""world_minus_goal_world_mse"": -1.6292606692362515e-05}, {""seed"": 2, ""episode"": 36, ""world_minus_goal_world_mse"": -3.0503778500619732e-05}, {""seed"": 2, ""episode"": 37, ""world_minus_goal_world_mse"": -4.0370163166969256e-05}, {""seed"": 2, ""episode"": 38, ""world_minus_goal_world_mse"": -2.6046337438607016e-06}, {""seed"": 2, ""episode"": 39, ""world_minus_goal_world_mse"": -8.160876005208656e-05}, {""seed"": 2, ""episode"": 40, ""world_minus_goal_world_mse"": -4.182728838299633e-05}, {""seed"": 2, ""episode"": 41, ""world_minus_goal_world_mse"": -1.0283266636766214e-05}, {""seed"": 2, ""episode"": 42, ""world_minus_goal_world_mse"": -1.3464692623513412e-05}, {""seed"": 2, ""episode"": 43, ""world_minus_goal_world_mse"": -0.00012069746859597009}, {""seed"": 2, ""episode"": 44, ""world_minus_goal_world_mse"": -4.364100994560903e-06}, {""seed"": 2, ""episode"": 45, ""world_minus_goal_world_mse"": -7.892995810513912e-05}, {""seed"": 2, ""episode"": 46, ""world_minus_goal_world_mse"": -4.713531192479986e-06}, {""seed"": 2, ""episode"": 47, ""world_minus_goal_world_mse"": -2.8363981555803406e-05}, {""seed"": 2, ""episode"": 48, ""world_minus_goal_world_mse"": -2.2729986954893915e-05}, {""seed"": 2, ""episode"": 49, ""world_minus_goal_world_mse"": -8.184794213241133e-05}, {""seed"": 3, ""episode"": 0, ""world_minus_goal_world_mse"": -8.340590908440465e-06}, {""seed"": 3, ""episode"": 1, ""world_minus_goal_world_mse"": -2.7050428159018e-05}, {""seed"": 3, ""episode"": 2, ""world_minus_goal_world_mse"": -1.7635049844368433e-05}, {""seed"": 3, ""episode"": 3, ""world_minus_goal_world_mse"": -7.143161536148979e-05}, {""seed"": 3, ""episode"": 4, ""world_minus_goal_world_mse"": -2.8743689372745997e-05}, {""seed"": 3, ""episode"": 5, ""world_minus_goal_world_mse"": -8.24797518919038e-06}, {""seed"": 3, ""episode"": 6, ""world_minus_goal_world_mse"": -2.5741143526238986e-05}, {""seed"": 3, ""episode"": 7, ""world_minus_goal_world_mse"": -1.644999457158549e-06}, {""seed"": 3, ""episode"": 8, ""world_minus_goal_world_mse"": -2.0455827606738023e-05}, {""seed"": 3, ""episode"": 9, ""world_minus_goal_world_mse"": -1.291209797660513e-05}, {""seed"": 3, ""episode"": 10, ""world_minus_goal_world_mse"": -5.467883253625933e-05}, {""seed"": 3, ""episode"": 11, ""world_minus_goal_world_mse"": -2.674614496082699e-05}, {""seed"": 3, ""episode"": 12, ""world_minus_goal_world_mse"": -1.3473201883678845e-05}, {""seed"": 3, ""episode"": 13, ""world_minus_goal_world_mse"": -1.7333035472256698e-05}, {""seed"": 3, ""episode"": 14, ""world_minus_goal_world_mse"": -1.3933581075448216e-05}, {""seed"": 3, ""episode"": 15, ""world_minus_goal_world_mse"": -1.8795683189091293e-05}, {""seed"": 3, ""episode"": 16, ""world_minus_goal_world_mse"": -7.796095877310168e-06}, {""seed"": 3, ""episode"": 17, ""world_minus_goal_world_mse"": -1.2720234836114381e-05}, {""seed"": 3, ""episode"": 18, ""world_minus_goal_world_mse"": -4.2250205300732446e-05}, {""seed"": 3, ""episode"": 19, ""world_minus_goal_world_mse"": -3.991083235405944e-05}, {""seed"": 3, ""episode"": 20, ""world_minus_goal_world_mse"": -1.073241591030896e-05}, {""seed"": 3, ""episode"": 21, ""world_minus_goal_world_mse"": -3.706479567452879e-06}, {""seed"": 3, ""episode"": 22, ""world_minus_goal_world_mse"": -2.2330514375839304e-05}, {""seed"": 3, ""episode"": 23, ""world_minus_goal_world_mse"": -2.5152166126451414e-05}, {""seed"": 3, ""episode"": 24, ""world_minus_goal_world_mse"": -6.085277342175415e-06}, {""seed"": 3, ""episode"": 25, ""world_minus_goal_world_mse"": -3.20931059854295e-05}, {""seed"": 3, ""episode"": 26, ""world_minus_goal_world_mse"": -1.9788210603441364e-05}, {""seed"": 3, ""episode"": 27, ""world_minus_goal_world_mse"": -4.996422732335015e-05}, {""seed"": 3, ""episode"": 28, ""world_minus_goal_world_mse"": -1.8585289250800409e-06}, {""seed"": 3, ""episode"": 29, ""world_minus_goal_world_mse"": -1.0501383179291809e-05}, {""seed"": 3, ""episode"": 30, ""world_minus_goal_world_mse"": -1.5898743132408338e-05}, {""seed"": 3, ""episode"": 31, ""world_minus_goal_world_mse"": -2.9048355225692052e-05}, {""seed"": 3, ""episode"": 32, ""world_minus_goal_world_mse"": -2.0045331501314977e-05}, {""seed"": 3, ""episode"": 33, ""world_minus_goal_world_mse"": -1.2637375864149867e-05}, {""seed"": 3, ""episode"": 34, ""world_minus_goal_world_mse"": -9.262857460571805e-06}, {""seed"": 3, ""episode"": 35, ""world_minus_goal_world_mse"": -3.758990118322416e-05}, {""seed"": 3, ""episode"": 36, ""world_minus_goal_world_mse"": -2.919278409185423e-05}, {""seed"": 3, ""episode"": 37, ""world_minus_goal_world_mse"": -4.588142883643602e-05}, {""seed"": 3, ""episode"": 38, ""world_minus_goal_world_mse"": -1.1731693043500948e-05}, {""seed"": 3, ""episode"": 39, ""world_minus_goal_world_mse"": -0.00013151992873999797}, {""seed"": 3, ""episode"": 40, ""world_minus_goal_world_mse"": -1.1726202832610184e-05}, {""seed"": 3, ""episode"": 41, ""world_minus_goal_world_mse"": -1.6686425350911664e-05}, {""seed"": 3, ""episode"": 42, ""world_minus_goal_world_mse"": -1.3675697672838625e-05}, {""seed"": 3, ""episode"": 43, ""world_minus_goal_world_mse"": -1.6186218981770526e-05}, {""seed"": 3, ""episode"": 44, ""world_minus_goal_world_mse"": -1.1202808071482839e-05}, {""seed"": 3, ""episode"": 45, ""world_minus_goal_world_mse"": -4.1699210090174283e-05}, {""seed"": 3, ""episode"": 46, ""world_minus_goal_world_mse"": -1.0553314120089922e-05}, {""seed"": 3, ""episode"": 47, ""world_minus_goal_world_mse"": -1.4471789638899082e-05}, {""seed"": 3, ""episode"": 48, ""world_minus_goal_world_mse"": -4.571308984498666e-05}, {""seed"": 3, ""episode"": 49, ""world_minus_goal_world_mse"": -6.198863978455128e-05}]}","{""eigenspectrum_reference"": ""sites.predictor.block3.eigenspectrum"", ""common_metric_subspace_comparisons_reference"": ""sites.predictor.block3.subspace_comparisons""}","{""status"": ""not_run"", ""reason"": ""Focused bootstrap covers progress, clearance and XZ direction""}","{""status"": ""descriptive_physical_regimes"", ""groups"": [{""regime"": ""below_wall_top"", ""seed"": null, ""samples"": 51, ""episodes"": 13, ""global_held_seed_mse"": 6.33126312223895e-05, ""time_only_mse"": 0.00012087677452140273, ""mean_time"": 0.7812177562246135, ""time_quantiles"": [0.5789473652839661, 0.7894737124443054, 0.9473684430122375]}, {""regime"": ""below_wall_top"", ""seed"": 1, ""samples"": 7, ""episodes"": 3, ""global_held_seed_mse"": 4.9124355843568234e-05, ""time_only_mse"": 0.00010417718192195039, ""mean_time"": 0.7669173053332737, ""time_quantiles"": [0.5789473772048951, 0.7894737124443054, 0.9473684430122375]}, {""regime"": ""below_wall_top"", ""seed"": 2, ""samples"": 15, ""episodes"": 4, ""global_held_seed_mse"": 7.958578551198057e-05, ""time_only_mse"": 0.00022913191616378648, ""mean_time"": 0.7789473732312521, ""time_quantiles"": [0.6526315689086915, 0.7894737124443054, 0.9263157963752746]}, {""regime"": ""below_wall_top"", ""seed"": 3, ""samples"": 29, ""episodes"": 6, ""global_held_seed_mse"": 5.832023857783373e-05, ""time_only_mse"": 6.891367188555481e-05, ""mean_time"": 0.7858439252294344, ""time_quantiles"": [0.5684210538864136, 0.8421052694320679, 0.9473684430122375]}, {""regime"": ""at_or_above_wall_top"", ""seed"": null, ""samples"": 2799, ""episodes"": 150, ""global_held_seed_mse"": 4.108800698406892e-05, ""time_only_mse"": 0.0001269563513478987, ""mean_time"": 0.4680807074028153, ""time_quantiles"": [0.05263157933950424, 0.4736842215061188, 0.8947368264198303]}, {""regime"": ""at_or_above_wall_top"", ""seed"": 1, ""samples"": 943, ""episodes"": 50, ""global_held_seed_mse"": 3.5269595687287926e-05, ""time_only_mse"": 0.00010860720181414942, ""mean_time"": 0.4715075087224944, ""time_quantiles"": [0.05263157933950424, 0.4736842215061188, 0.8947368264198303]}, {""regime"": ""at_or_above_wall_top"", ""seed"": 2, ""samples"": 935, ""episodes"": 50, ""global_held_seed_mse"": 4.396614554437594e-05, ""time_only_mse"": 0.000127461785090721, ""mean_time"": 0.46878694252853087, ""time_quantiles"": [0.05263157933950424, 0.4736842215061188, 0.8947368264198303]}, {""regime"": ""at_or_above_wall_top"", ""seed"": 3, ""samples"": 921, ""episodes"": 50, ""global_held_seed_mse"": 4.4123514366237656e-05, ""time_only_mse"": 0.00014523069169620128, ""mean_time"": 0.463855079295322, ""time_quantiles"": [0.05263157933950424, 0.4736842215061188, 0.8421052694320679]}], ""time_confounding"": ""Regimes have different time and trajectory composition; residual differences do not identify causal regimes or HMM states.""}",,,,none_validated,"{""linear_score"": ""measured_discovery_only"", ""nonlinear_gain"": ""pending_measurement"", ""best_coordinate_frame"": ""measured_candidate_frame_comparison_not_unique_native_coordinates"", ""geometry"": ""descriptive_common_metric_discovery_geometry"", ""cross_trajectory_stability"": ""measured_discovery_only"", ""regime_dependence"": ""measured_discovery_only"", ""causal_patch_effect"": ""pending_measurement"", ""specificity"": ""pending_measurement"", ""manifold_distance"": ""pending_measurement"", ""recommended_operator"": ""not_yet_justified""}","[{""path"": ""artifacts/geometry_map/reach_wall_v1/cached-geometry-v2/cached_geometry.json"", ""item"": ""rows[20]""}, {""path"": ""artifacts/geometry_map/reach_wall_v1/cached-geometry-v2/cached_geometry.json"", ""item"": ""sites[2]""}]"
reach-wall/predictor/block-3/spatial-mean/realized_xz_direction,reach-wall,predictor,3,block_residual_output,mean_of_256_spatial_tokens,1,realized_xz_direction,"{""metric"": ""r2"", ""score"": 0.45284098863726996, ""time_baseline"": 0.015163054507555174, ""delta_vs_time"": 0.4376779341297148}","{""reference"": ""followups.nonlinear_interfaces.rows.predictor_block3"", ""held_validation_rbf_minus_full_ridge"": -0.08702531964785887, ""held_validation_rbf_minus_same_PCA_ridge"": 0.03245676476401066, ""interpretation"": ""fixed readout comparison; no manifold/causal conclusion""}",,"{""eigenspectrum_reference"": ""sites.predictor.block3.eigenspectrum"", ""common_metric_subspace_comparisons_reference"": ""sites.predictor.block3.subspace_comparisons""}","{""draws"": [{""draw"": 0, ""status"": ""computed"", ""rank_a"": 2, ""rank_b"": 2, ""principal_angles_deg"": [28.75384203915341, 32.728148037371035], ""projection_overlap_trace"": 1.4762868570208203, ""a_projected_into_b_fraction"": 0.7381434285104101, ""b_projected_into_a_fraction"": 0.7381434285104101, ""random_a_into_b_fraction"": 0.005, ""random_b_into_a_fraction"": 0.005, ""grassmann_geodesic_rad"": 0.760353866666298, ""projector_distance_frobenius"": 1.023438462223479, ""unequal_rank_note"": ""Principal angles cover only min(rank_a,rank_b); projector distance includes rank mismatch.""}, {""draw"": 1, ""status"": ""computed"", ""rank_a"": 2, ""rank_b"": 2, ""principal_angles_deg"": [24.83399058946346, 25.529600109445386], ""projection_overlap_trace"": 1.6378664806638894, ""a_projected_into_b_fraction"": 0.8189332403319447, ""b_projected_into_a_fraction"": 0.8189332403319447, ""random_a_into_b_fraction"": 0.005, ""random_b_into_a_fraction"": 0.005, ""grassmann_geodesic_rad"": 0.6216135541558232, ""projector_distance_frobenius"": 0.8510387997454765, ""unequal_rank_note"": ""Principal angles cover only min(rank_a,rank_b); projector distance includes rank mismatch.""}, {""draw"": 2, ""status"": ""computed"", ""rank_a"": 2, ""rank_b"": 2, ""principal_angles_deg"": [27.03979298485542, 30.04542290717925], ""projection_overlap_trace"": 1.5426435844877524, ""a_projected_into_b_fraction"": 0.7713217922438762, ""b_projected_into_a_fraction"": 0.7713217922438762, ""random_a_into_b_fraction"": 0.005, ""random_b_into_a_fraction"": 0.005, ""grassmann_geodesic_rad"": 0.7054839846366388, ""projector_distance_frobenius"": 0.9564062060779903, ""unequal_rank_note"": ""Principal angles cover only min(rank_a,rank_b); projector distance includes rank mismatch.""}, {""draw"": 3, ""status"": ""computed"", ""rank_a"": 2, ""rank_b"": 2, ""principal_angles_deg"": [27.078174990120473, 29.377697593949204], ""projection_overlap_trace"": 1.552134078681683, ""a_projected_into_b_fraction"": 0.7760670393408415, ""b_projected_into_a_fraction"": 0.7760670393408415, ""random_a_into_b_fraction"": 0.005, ""random_b_into_a_fraction"": 0.005, ""grassmann_geodesic_rad"": 0.6973189245440493, ""projector_distance_frobenius"": 0.9464311082359, ""unequal_rank_note"": ""Principal angles cover only min(rank_a,rank_b); projector distance includes rank mismatch.""}, {""draw"": 4, ""status"": ""computed"", ""rank_a"": 2, ""rank_b"": 2, ""principal_angles_deg"": [25.454341225039745, 26.915746035415523], ""projection_overlap_trace"": 1.61036012034186, ""a_projected_into_b_fraction"": 0.80518006017093, ""b_projected_into_a_fraction"": 0.80518006017093, ""random_a_into_b_fraction"": 0.005, ""random_b_into_a_fraction"": 0.005, ""grassmann_geodesic_rad"": 0.6465687280913569, ""projector_distance_frobenius"": 0.8827682364676925, ""unequal_rank_note"": ""Principal angles cover only min(rank_a,rank_b); projector distance includes rank mismatch.""}, {""draw"": 5, ""status"": ""computed"", ""rank_a"": 2, ""rank_b"": 2, ""principal_angles_deg"": [25.197705490442303, 28.0881239683622], ""projection_overlap_trace"": 1.5970628772611468, ""a_projected_into_b_fraction"": 0.7985314386305734, ""b_projected_into_a_fraction"": 0.7985314386305734, ""random_a_into_b_fraction"": 0.005, ""random_b_into_a_fraction"": 0.005, ""grassmann_geodesic_rad"": 0.6585853877793023, ""projector_distance_frobenius"": 0.8977049879986778, ""unequal_rank_note"": ""Principal angles cover only min(rank_a,rank_b); projector distance includes rank mismatch.""}, {""draw"": 6, ""status"": ""computed"", ""rank_a"": 2, ""rank_b"": 2, ""principal_angles_deg"": [26.61546333419621, 29.523146310677294], ""projection_overlap_trace"": 1.556468324939561, ""a_projected_into_b_fraction"": 0.7782341624697805, ""b_projected_into_a_fraction"": 0.7782341624697805, ""random_a_into_b_fraction"": 0.005, ""random_b_into_a_fraction"": 0.005, ""grassmann_geodesic_rad"": 0.6937544492682504, ""projector_distance_frobenius"": 0.9418404058654938, ""unequal_rank_note"": ""Principal angles cover only min(rank_a,rank_b); projector distance includes rank mismatch.""}, {""draw"": 7, ""status"": ""computed"", ""rank_a"": 2, ""rank_b"": 2, ""principal_angles_deg"": [25.206166179642036, 27.895589139004525], ""projection_overlap_trace"": 1.599734422356101, ""a_projected_into_b_fraction"": 0.7998672111780505, ""b_projected_into_a_fraction"": 0.7998672111780505, ""random_a_into_b_fraction"": 0.005, ""random_b_into_a_fraction"": 0.005, ""grassmann_geodesic_rad"": 0.6561868657956748, ""projector_distance_frobenius"": 0.8947240665634283, ""unequal_rank_note"": ""Principal angles cover only min(rank_a,rank_b); projector distance includes rank mismatch.""}, {""draw"": 8, ""status"": ""computed"", ""rank_a"": 2, ""rank_b"": 2, ""principal_angles_deg"": [26.11093092985363, 28.65425688638259], ""projection_overlap_trace"": 1.5763603939796926, ""a_projected_into_b_fraction"": 0.7881801969898463, ""b_projected_into_a_fraction"": 0.7881801969898463, ""random_a_into_b_fraction"": 0.005, ""random_b_into_a_fraction"": 0.005, ""grassmann_geodesic_rad"": 0.6766043317147286, ""projector_distance_frobenius"": 0.920477708606034, ""unequal_rank_note"": ""Principal angles cover only min(rank_a,rank_b); projector distance includes rank mismatch.""}, {""draw"": 9, ""status"": ""computed"", ""rank_a"": 2, ""rank_b"": 2, ""principal_angles_deg"": [26.045091601443804, 28.377179864345738], ""projection_overlap_trace"": 1.5813249913541387, ""a_projected_into_b_fraction"": 0.7906624956770694, ""b_projected_into_a_fraction"": 0.7906624956770694, ""random_a_into_b_fraction"": 0.005, ""random_b_into_a_fraction"": 0.005, ""grassmann_geodesic_rad"": 0.6722602141122784, ""projector_distance_frobenius"": 0.9150683129098737, ""unequal_rank_note"": ""Principal angles cover only min(rank_a,rank_b); projector distance includes rank mismatch.""}, {""draw"": 10, ""status"": ""computed"", ""rank_a"": 2, ""rank_b"": 2, ""principal_angles_deg"": [27.575579321489283, 29.335815316783155], ""projection_overlap_trace"": 1.5456777333312786, ""a_projected_into_b_fraction"": 0.7728388666656393, ""b_projected_into_a_fraction"": 0.7728388666656393, ""random_a_into_b_fraction"": 0.005, ""random_b_into_a_fraction"": 0.005, ""grassmann_geodesic_rad"": 0.702698826103332, ""projector_distance_frobenius"": 0.9532284790843394, ""unequal_rank_note"": ""Principal angles cover only min(rank_a,rank_b); projector distance includes rank mismatch.""}, {""draw"": 11, ""status"": ""computed"", ""rank_a"": 2, ""rank_b"": 2, ""principal_angles_deg"": [26.037189088557497, 27.92273987587325], ""projection_overlap_trace"": 1.5880323466483621, ""a_projected_into_b_fraction"": 0.7940161733241811, ""b_projected_into_a_fraction"": 0.7940161733241811, ""random_a_into_b_fraction"": 0.005, ""random_b_into_a_fraction"": 0.005, ""grassmann_geodesic_rad"": 0.6663443583616213, ""projector_distance_frobenius"": 0.9077088226426334, ""unequal_rank_note"": ""Principal angles cover only min(rank_a,rank_b); projector distance includes rank mismatch.""}, {""draw"": 12, ""status"": ""computed"", ""rank_a"": 2, ""rank_b"": 2, ""principal_angles_deg"": [23.871408032888404, 25.584858102563448], ""projection_overlap_trace"": 1.649737628774897, ""a_projected_into_b_fraction"": 0.8248688143874485, ""b_projected_into_a_fraction"": 0.8248688143874485, ""random_a_into_b_fraction"": 0.005, ""random_b_into_a_fraction"": 0.005, ""grassmann_geodesic_rad"": 0.6107228739514855, ""projector_distance_frobenius"": 0.8369735613806484, ""unequal_rank_note"": ""Principal angles cover only min(rank_a,rank_b); projector distance includes rank mismatch.""}, {""draw"": 13, ""status"": ""computed"", ""rank_a"": 2, ""rank_b"": 2, ""principal_angles_deg"": [29.037602435988383, 31.13151629435043], ""projection_overlap_trace"": 1.4971094454706493, ""a_projected_into_b_fraction"": 0.7485547227353246, ""b_projected_into_a_fraction"": 0.7485547227353246, ""random_a_into_b_fraction"": 0.005, ""random_b_into_a_fraction"": 0.005, ""grassmann_geodesic_rad"": 0.7430171574494654, ""projector_distance_frobenius"": 1.0028863889088842, ""unequal_rank_note"": ""Principal angles cover only min(rank_a,rank_b); projector distance includes rank mismatch.""}, {""draw"": 14, ""status"": ""computed"", ""rank_a"": 2, ""rank_b"": 2, ""principal_angles_deg"": [26.848319055493285, 31.104393338447796], ""projection_overlap_trace"": 1.5291557225595258, ""a_projected_into_b_fraction"": 0.7645778612797629, ""b_projected_into_a_fraction"": 0.7645778612797629, ""random_a_into_b_fraction"": 0.005, ""random_b_into_a_fraction"": 0.005, ""grassmann_geodesic_rad"": 0.7171403752478829, ""projector_distance_frobenius"": 0.9704063864592753, ""unequal_rank_note"": ""Principal angles cover only min(rank_a,rank_b); projector distance includes rank mismatch.""}, {""draw"": 15, ""status"": ""computed"", ""rank_a"": 2, ""rank_b"": 2, ""principal_angles_deg"": [24.851489043264664, 27.80944521276863], ""projection_overlap_trace"": 1.6057225349049415, ""a_projected_into_b_fraction"": 0.8028612674524708, ""b_projected_into_a_fraction"": 0.8028612674524708, ""random_a_into_b_fraction"": 0.005, ""random_b_into_a_fraction"": 0.005, ""grassmann_geodesic_rad"": 0.6509310098029789, ""projector_distance_frobenius"": 0.8880061543650004, ""unequal_rank_note"": ""Principal angles cover only min(rank_a,rank_b); projector distance includes rank mismatch.""}, {""draw"": 16, ""status"": ""computed"", ""rank_a"": 2, ""rank_b"": 2, ""principal_angles_deg"": [28.372973819932863, 31.408859998727397], ""projection_overlap_trace"": 1.5025876047689128, ""a_projected_into_b_fraction"": 0.7512938023844564, ""b_projected_into_a_fraction"": 0.7512938023844564, ""random_a_into_b_fraction"": 0.005, ""random_b_into_a_fraction"": 0.005, ""grassmann_geodesic_rad"": 0.7387387501822045, ""projector_distance_frobenius"": 0.9974090386908344, ""unequal_rank_note"": ""Principal angles cover only min(rank_a,rank_b); projector distance includes rank mismatch.""}, {""draw"": 17, ""status"": ""computed"", ""rank_a"": 2, ""rank_b"": 2, ""principal_angles_deg"": [27.21767487355798, 29.926252983315074], ""projection_overlap_trace"": 1.5419244567087051, ""a_projected_into_b_fraction"": 0.7709622283543526, ""b_projected_into_a_fraction"": 0.7709622283543526, ""random_a_into_b_fraction"": 0.005, ""random_b_into_a_fraction"": 0.005, ""grassmann_geodesic_rad"": 0.7060245021348912, ""projector_distance_frobenius"": 0.9571578169678131, ""unequal_rank_note"": ""Principal angles cover only min(rank_a,rank_b); projector distance includes rank mismatch.""}, {""draw"": 18, ""status"": ""computed"", ""rank_a"": 2, ""rank_b"": 2, ""principal_angles_deg"": [26.149397759860285, 27.94511090451964], ""projection_overlap_trace"": 1.5861619888950382, ""a_projected_into_b_fraction"": 0.7930809944475191, ""b_projected_into_a_fraction"": 0.7930809944475191, ""random_a_into_b_fraction"": 0.005, ""random_b_into_a_fraction"": 0.005, ""grassmann_geodesic_rad"": 0.6679665382018786, ""projector_distance_frobenius"": 0.9097670153450956, ""unequal_rank_note"": ""Principal angles cover only min(rank_a,rank_b); projector distance includes rank mismatch.""}, {""draw"": 19, ""status"": ""computed"", ""rank_a"": 2, ""rank_b"": 2, ""principal_angles_deg"": [28.16850965225853, 29.565705448787398], ""projection_overlap_trace"": 1.5336887711635858, ""a_projected_into_b_fraction"": 0.7668443855817929, ""b_projected_into_a_fraction"": 0.7668443855817929, ""random_a_into_b_fraction"": 0.005, ""random_b_into_a_fraction"": 0.005, ""grassmann_geodesic_rad"": 0.7127262816834306, ""projector_distance_frobenius"": 0.9657237998894034, ""unequal_rank_note"": ""Principal angles cover only min(rank_a,rank_b); projector distance includes rank mismatch.""}, {""draw"": 20, ""status"": ""computed"", ""rank_a"": 2, ""rank_b"": 2, ""principal_angles_deg"": [22.870080392850603, 27.278004211158496], ""projection_overlap_trace"": 1.638910156316538, ""a_projected_into_b_fraction"": 0.819455078158269, ""b_projected_into_a_fraction"": 0.819455078158269, ""random_a_into_b_fraction"": 0.005, ""random_b_into_a_fraction"": 0.005, ""grassmann_geodesic_rad"": 0.6212808534229702, ""projector_distance_frobenius"": 0.8498115599160345, ""unequal_rank_note"": ""Principal angles cover only min(rank_a,rank_b); projector distance includes rank mismatch.""}, {""draw"": 21, ""status"": ""computed"", ""rank_a"": 2, ""rank_b"": 2, ""principal_angles_deg"": [24.15443246507309, 26.760842128860695], ""projection_overlap_trace"": 1.629816670153465, ""a_projected_into_b_fraction"": 0.8149083350767325, ""b_projected_into_a_fraction"": 0.8149083350767325, ""random_a_into_b_fraction"": 0.005, ""random_b_into_a_fraction"": 0.005, ""grassmann_geodesic_rad"": 0.629185574234378, ""projector_distance_frobenius"": 0.8604456169294314, ""unequal_rank_note"": ""Principal angles cover only min(rank_a,rank_b); projector distance includes rank mismatch.""}, {""draw"": 22, ""status"": ""computed"", ""rank_a"": 2, ""rank_b"": 2, ""principal_angles_deg"": [25.823330161931086, 26.909086989933773], ""projection_overlap_trace"": 1.6054295132558294, ""a_projected_into_b_fraction"": 0.8027147566279147, ""b_projected_into_a_fraction"": 0.8027147566279147, ""random_a_into_b_fraction"": 0.005, ""random_b_into_a_fraction"": 0.005, ""grassmann_geodesic_rad"": 0.6509267027097956, ""projector_distance_frobenius"": 0.888336070126808, ""unequal_rank_note"": ""Principal angles cover only min(rank_a,rank_b); projector distance includes rank mismatch.""}, {""draw"": 23, ""status"": ""computed"", ""rank_a"": 2, ""rank_b"": 2, ""principal_angles_deg"": [25.613845246631822, 28.316055452370875], ""projection_overlap_trace"": 1.5881199312071783, ""a_projected_into_b_fraction"": 0.7940599656035892, ""b_projected_into_a_fraction"": 0.7940599656035892, ""random_a_into_b_fraction"": 0.005, ""random_b_into_a_fraction"": 0.005, ""grassmann_geodesic_rad"": 0.6664022871047194, ""projector_distance_frobenius"": 0.9076123278061198, ""unequal_rank_note"": ""Principal angles cover only min(rank_a,rank_b); projector distance includes rank mismatch.""}, {""draw"": 24, ""status"": ""computed"", ""rank_a"": 2, ""rank_b"": 2, ""principal_angles_deg"": [24.43698379879429, 26.167287884042487], ""projection_overlap_trace"": 1.634383508319036, ""a_projected_into_b_fraction"": 0.817191754159518, ""b_projected_into_a_fraction"": 0.817191754159518, ""random_a_into_b_fraction"": 0.005, ""random_b_into_a_fraction"": 0.005, ""grassmann_geodesic_rad"": 0.6248895729891848, ""projector_distance_frobenius"": 0.8551216190472137, ""unequal_rank_note"": ""Principal angles cover only min(rank_a,rank_b); projector distance includes rank mismatch.""}, {""draw"": 25, ""status"": ""computed"", ""rank_a"": 2, ""rank_b"": 2, ""principal_angles_deg"": [25.86765970891487, 27.54132465239354], ""projection_overlap_trace"": 1.5958446787808471, ""a_projected_into_b_fraction"": 0.7979223393904236, ""b_projected_into_a_fraction"": 0.7979223393904236, ""random_a_into_b_fraction"": 0.005, ""random_b_into_a_fraction"": 0.005, ""grassmann_geodesic_rad"": 0.6594620701950458, ""projector_distance_frobenius"": 0.8990609781534875, ""unequal_rank_note"": ""Principal angles cover only min(rank_a,rank_b); projector distance includes rank mismatch.""}, {""draw"": 26, ""status"": ""computed"", ""rank_a"": 2, ""rank_b"": 2, ""principal_angles_deg"": [25.87850989237515, 29.375522658376937], ""projection_overlap_trace"": 1.5688776948992125, ""a_projected_into_b_fraction"": 0.7844388474496062, ""b_projected_into_a_fraction"": 0.7844388474496062, ""random_a_into_b_fraction"": 0.005, ""random_b_into_a_fraction"": 0.005, ""grassmann_geodesic_rad"": 0.6832732434291726, ""projector_distance_frobenius"": 0.928571273625011, ""unequal_rank_note"": ""Principal angles cover only min(rank_a,rank_b); projector distance includes rank mismatch.""}, {""draw"": 27, ""status"": ""computed"", ""rank_a"": 2, ""rank_b"": 2, ""principal_angles_deg"": [28.384420029832327, 30.13891545202485], ""projection_overlap_trace"": 1.5219064684214727, ""a_projected_into_b_fraction"": 0.7609532342107364, ""b_projected_into_a_fraction"": 0.7609532342107364, ""random_a_into_b_fraction"": 0.005, ""random_b_into_a_fraction"": 0.005, ""grassmann_geodesic_rad"": 0.722580965262899, ""projector_distance_frobenius"": 0.9778481800141853, ""unequal_rank_note"": ""Principal angles cover only min(rank_a,rank_b); projector distance includes rank mismatch.""}, {""draw"": 28, ""status"": ""computed"", ""rank_a"": 2, ""rank_b"": 2, ""principal_angles_deg"": [25.039117456419635, 27.01508413231643], ""projection_overlap_trace"": 1.6145501024003428, ""a_projected_into_b_fraction"": 0.8072750512001714, ""b_projected_into_a_fraction"": 0.8072750512001714, ""random_a_into_b_fraction"": 0.005, ""random_b_into_a_fraction"": 0.005, ""grassmann_geodesic_rad"": 0.6428813566922945, ""projector_distance_frobenius"": 0.8780089949421443, ""unequal_rank_note"": ""Principal angles cover only min(rank_a,rank_b); projector distance includes rank mismatch.""}, {""draw"": 29, ""status"": ""computed"", ""rank_a"": 2, ""rank_b"": 2, ""principal_angles_deg"": [24.18399544786115, 25.973429802222896], ""projection_overlap_trace"": 1.6403679738408834, ""a_projected_into_b_fraction"": 0.8201839869204417, ""b_projected_into_a_fraction"": 0.8201839869204417, ""random_a_into_b_fraction"": 0.005, ""random_b_into_a_fraction"": 0.005, ""grassmann_geodesic_rad"": 0.6194037269742573, ""projector_distance_frobenius"": 0.8480943652201878, ""unequal_rank_note"": ""Principal angles cover only min(rank_a,rank_b); projector distance includes rank mismatch.""}], ""max_angle_deg_quantiles_025_50_975"": [25.56966215445598, 28.202089710366536, 31.771664209354395], ""sampling"": ""30 fixed-seed whole-episode bootstrap draws stratified by collection seed; fixed full-discovery feature metric"", ""interpretation"": ""Discovery resampling reproducibility relative to the full-data fit, not independent confirmation.""}","{""status"": ""descriptive_physical_regimes"", ""groups"": [{""regime"": ""below_wall_top"", ""seed"": null, ""samples"": 51, ""episodes"": 13, ""global_held_seed_mse"": 0.35772384765102916, ""time_only_mse"": 0.5053498307583444, ""mean_time"": 0.7812177562246135, ""time_quantiles"": [0.5789473652839661, 0.7894737124443054, 0.9473684430122375]}, {""regime"": ""below_wall_top"", ""seed"": 1, ""samples"": 7, ""episodes"": 3, ""global_held_seed_mse"": 0.2584161188649626, ""time_only_mse"": 0.5153411441302166, ""mean_time"": 0.7669173053332737, ""time_quantiles"": [0.5789473772048951, 0.7894737124443054, 0.9473684430122375]}, {""regime"": ""below_wall_top"", ""seed"": 2, ""samples"": 15, ""episodes"": 4, ""global_held_seed_mse"": 0.2752676662722278, ""time_only_mse"": 0.5044142673837212, ""mean_time"": 0.7789473732312521, ""time_quantiles"": [0.6526315689086915, 0.7894737124443054, 0.9263157963752746]}, {""regime"": ""below_wall_top"", ""seed"": 3, ""samples"": 29, ""episodes"": 6, ""global_held_seed_mse"": 0.42434442772635633, ""time_only_mse"": 0.503422046517525, ""mean_time"": 0.7858439252294344, ""time_quantiles"": [0.5684210538864136, 0.8421052694320679, 0.9473684430122375]}, {""regime"": ""at_or_above_wall_top"", ""seed"": null, ""samples"": 2799, ""episodes"": 150, ""global_held_seed_mse"": 0.271111901406655, ""time_only_mse"": 0.49050096757134665, ""mean_time"": 0.4680807074028153, ""time_quantiles"": [0.05263157933950424, 0.4736842215061188, 0.8947368264198303]}, {""regime"": ""at_or_above_wall_top"", ""seed"": 1, ""samples"": 943, ""episodes"": 50, ""global_held_seed_mse"": 0.2713947811384163, ""time_only_mse"": 0.48752718802392125, ""mean_time"": 0.4715075087224944, ""time_quantiles"": [0.05263157933950424, 0.4736842215061188, 0.8947368264198303]}, {""regime"": ""at_or_above_wall_top"", ""seed"": 2, ""samples"": 935, ""episodes"": 50, ""global_held_seed_mse"": 0.2770526190245757, ""time_only_mse"": 0.49310440543530126, ""mean_time"": 0.46878694252853087, ""time_quantiles"": [0.05263157933950424, 0.4736842215061188, 0.8947368264198303]}, {""regime"": ""at_or_above_wall_top"", ""seed"": 3, ""samples"": 921, ""episodes"": 50, ""global_held_seed_mse"": 0.26479124281837385, ""time_only_mse"": 0.49090276964564034, ""mean_time"": 0.463855079295322, ""time_quantiles"": [0.05263157933950424, 0.4736842215061188, 0.8421052694320679]}], ""time_confounding"": ""Regimes have different time and trajectory composition; residual differences do not identify causal regimes or HMM states.""}","{""reference"": ""followups.replication"", ""independent_starts"": 5, ""held_confirmation"": false, ""effects"": {""endpoint_effect_l2_m"": {""N_episodes"": 5, ""descriptive_bootstrap_ci95"": [-0.00874464810241978, 0.009055403390639403], ""episode_values"": [-0.01659890707180328, 0.015468981006250075, -0.0026999421584746087, 0.006981521398755339, -0.0009080406954443988], ""mean"": 0.0004487224958566249, ""negative_episodes"": 3, ""positive_episodes"": 2}, ""goal_improvement_vs_unsteered_m"": {""N_episodes"": 5, ""descriptive_bootstrap_ci95"": [-0.00763761083358116, 0.005038129327022534], ""episode_values"": [-0.002076146530435488, -0.0023037165534846304, 0.007451215111165893, -0.013750875164189977, 0.005140717855099619], ""mean"": -0.0011077610563689166, ""negative_episodes"": 3, ""positive_episodes"": 2}, ""off_target_xy_effect_l2_m"": {""N_episodes"": 5, ""descriptive_bootstrap_ci95"": [-0.005623853667174504, 0.009022962210710205], ""episode_values"": [-0.008682849408764999, 0.015649002321353547, -0.0058914816919673815, 0.004059285781457769, 0.0010293938655922385], ""mean"": 0.0012326701735342349, ""negative_episodes"": 2, ""positive_episodes"": 3}, ""signed_target_z_effect_m"": {""N_episodes"": 5, ""descriptive_bootstrap_ci95"": [-0.009311620891094208, 0.030957245826721193], ""episode_values"": [0.018663614988327026, -0.006174340844154358, 0.003522820770740509, 0.04939769208431244, -0.018866121768951416], ""mean"": 0.00930873304605484, ""negative_episodes"": 2, ""positive_episodes"": 3}}}","{""reference"": ""followups.specificity.rows"", ""independent_starts"": 1, ""location_and_time_controls"": ""executed"", ""behavioral_specificity"": ""not_established"", ""scope"": ""fixed_candidates_only_not_final_CEM_or_full_episodes""}","{""reference"": ""followups.support.rows"", ""measurement"": ""nearest_reference_and_shrinkage_Mahalanobis"", ""true_manifold_membership"": ""not_established"", ""independent_starts"": 1, ""interpretation"": ""paired edited-state distributional support proxies only""}",none_validated,"{""linear_score"": ""measured_discovery_only"", ""nonlinear_gain"": ""measured_held_validation_readout_gain"", ""best_coordinate_frame"": ""pending_measurement"", ""geometry"": ""descriptive_common_metric_discovery_geometry"", ""cross_trajectory_stability"": ""measured_discovery_only"", ""regime_dependence"": ""measured_discovery_only"", ""causal_patch_effect"": ""measured_five_start_development_not_confirmed_mechanism"", ""specificity"": ""measured_controls_do_not_establish_specificity"", ""manifold_distance"": ""measured_edited_state_support_proxy_not_true_manifold"", ""recommended_operator"": ""not_yet_justified""}","[{""path"": ""artifacts/geometry_map/reach_wall_v1/emergence-geometry/emergence_geometry.json"", ""item"": ""curves.predictor.realized_xz_direction.rows.layer=3""}, {""path"": ""artifacts/geometry_map/reach_wall_v1/cached-geometry-v2/cached_geometry.json"", ""item"": ""rows[19]""}, {""path"": ""artifacts/geometry_map/reach_wall_v1/cached-geometry-v2/cached_geometry.json"", ""item"": ""sites[2]""}, {""path"": ""artifacts/geometry_map/reach_wall_causal_measurements_v1/causal_measurements.json"", ""item"": ""rows_and_timelines""}, {""path"": ""artifacts/geometry_map/reach_wall_support_replication_v1/replication-output-v1/replication_summary.json"", ""item"": ""combined_directions_semantic_minus_sham""}, {""path"": ""artifacts/geometry_map/reach_wall_support_replication_v1/support-output-v1/support_summary.json"", ""item"": ""rows[].distances""}, {""path"": ""artifacts/geometry_map/reach_wall_v1/specificity-controls-v1/specificity_controls.json"", ""item"": ""rows""}, {""path"": ""artifacts/geometry_map/reach_wall_v1/nonlinear-interfaces-v1/nonlinear_interfaces.json"", ""item"": ""rows.predictor_block3.held_validation""}]"
reach-wall/predictor/block-3/spatial-mean/reward_sum,reach-wall,predictor,3,block_residual_output,mean_of_256_spatial_tokens,1,reward_sum,"{""metric"": ""r2"", ""score"": 0.9653954936339, ""time_baseline"": 0.9142972039613033, ""delta_vs_time"": 0.051098289672596664}","{""knn_score"": 0.9509459371125798, ""linear_score"": 0.9653954936339, ""nonlinear_gain"": -0.014449556521320184}",,"{""participation_ratio"": 7.616467364439593, ""top10_variance_fraction"": 0.7409904355758659, ""adjacent_timestep_cosine_mean"": 0.9987054486573831, ""eigenspectrum_reference"": ""sites.predictor.block3.eigenspectrum"", ""common_metric_subspace_comparisons_reference"": ""sites.predictor.block3.subspace_comparisons""}",,,,,,none_validated,"{""linear_score"": ""measured_discovery_only"", ""nonlinear_gain"": ""measured_discovery_only"", ""best_coordinate_frame"": ""pending_measurement"", ""geometry"": ""descriptive_common_metric_discovery_geometry"", ""cross_trajectory_stability"": ""pending_measurement"", ""regime_dependence"": ""pending_measurement"", ""causal_patch_effect"": ""pending_measurement"", ""specificity"": ""pending_measurement"", ""manifold_distance"": ""pending_measurement"", ""recommended_operator"": ""not_yet_justified""}","[{""path"": ""artifacts/geometry_map/reach_wall_v1/discovery-screen/discovery_screen.json"", ""item"": ""rows[335]""}, {""path"": ""artifacts/geometry_map/reach_wall_v1/cached-geometry-v2/nonlinear_screen.json"", ""item"": ""rows[125]""}, {""path"": ""artifacts/geometry_map/reach_wall_v1/spatial-screen/spatial_screen.json"", ""item"": ""maps.predictor.block3.reward_sum""}, {""path"": ""artifacts/geometry_map/reach_wall_v1/cached-geometry-v2/cached_geometry.json"", ""item"": ""sites[2]""}]"
reach-wall/predictor/block-3/spatial-mean/step_progress,reach-wall,predictor,3,block_residual_output,mean_of_256_spatial_tokens,1,step_progress,"{""metric"": ""r2"", ""score"": 0.820422385202727, ""time_baseline"": 0.6366873628317561, ""delta_vs_time"": 0.18373502237097095}","{""reference"": ""followups.nonlinear_interfaces.rows.predictor_block3"", ""held_validation_rbf_minus_full_ridge"": -0.024859332776654197, ""held_validation_rbf_minus_same_PCA_ridge"": 0.03341119602458109, ""interpretation"": ""fixed readout comparison; no manifold/causal conclusion""}",,"{""eigenspectrum_reference"": ""sites.predictor.block3.eigenspectrum"", ""common_metric_subspace_comparisons_reference"": ""sites.predictor.block3.subspace_comparisons""}","{""draws"": [{""draw"": 0, ""status"": ""computed"", ""rank_a"": 1, ""rank_b"": 1, ""principal_angles_deg"": [27.714660474350996], ""projection_overlap_trace"": 0.7837112165357396, ""a_projected_into_b_fraction"": 0.7837112165357396, ""b_projected_into_a_fraction"": 0.7837112165357396, ""random_a_into_b_fraction"": 0.0025, ""random_b_into_a_fraction"": 0.0025, ""grassmann_geodesic_rad"": 0.4837120763497583, ""projector_distance_frobenius"": 0.6577062922981053, ""unequal_rank_note"": ""Principal angles cover only min(rank_a,rank_b); projector distance includes rank mismatch.""}, {""draw"": 1, ""status"": ""computed"", ""rank_a"": 1, ""rank_b"": 1, ""principal_angles_deg"": [24.51257050109618], ""projection_overlap_trace"": 0.8278639021806353, ""a_projected_into_b_fraction"": 0.8278639021806353, ""b_projected_into_a_fraction"": 0.8278639021806353, ""random_a_into_b_fraction"": 0.0025, ""random_b_into_a_fraction"": 0.0025, ""grassmann_geodesic_rad"": 0.42782506337136467, ""projector_distance_frobenius"": 0.5867471309164872, ""unequal_rank_note"": ""Principal angles cover only min(rank_a,rank_b); projector distance includes rank mismatch.""}, {""draw"": 2, ""status"": ""computed"", ""rank_a"": 1, ""rank_b"": 1, ""principal_angles_deg"": [28.94885838019781], ""projection_overlap_trace"": 0.7657161684729827, ""a_projected_into_b_fraction"": 0.7657161684729827, ""b_projected_into_a_fraction"": 0.7657161684729827, ""random_a_into_b_fraction"": 0.0025, ""random_b_into_a_fraction"": 0.0025, ""grassmann_geodesic_rad"": 0.5052528934280042, ""projector_distance_frobenius"": 0.6845200238517749, ""unequal_rank_note"": ""Principal angles cover only min(rank_a,rank_b); projector distance includes rank mismatch.""}, {""draw"": 3, ""status"": ""computed"", ""rank_a"": 1, ""rank_b"": 1, ""principal_angles_deg"": [27.715847081799748], ""projection_overlap_trace"": 0.7836941629518668, ""a_projected_into_b_fraction"": 0.7836941629518668, ""b_projected_into_a_fraction"": 0.7836941629518668, ""random_a_into_b_fraction"": 0.0025, ""random_b_into_a_fraction"": 0.0025, ""grassmann_geodesic_rad"": 0.48373278655666774, ""projector_distance_frobenius"": 0.6577322206614683, ""unequal_rank_note"": ""Principal angles cover only min(rank_a,rank_b); projector distance includes rank mismatch.""}, {""draw"": 4, ""status"": ""computed"", ""rank_a"": 1, ""rank_b"": 1, ""principal_angles_deg"": [28.125868351153372], ""projection_overlap_trace"": 0.7777725149724039, ""a_projected_into_b_fraction"": 0.7777725149724039, ""b_projected_into_a_fraction"": 0.7777725149724039, ""random_a_into_b_fraction"": 0.0025, ""random_b_into_a_fraction"": 0.0025, ""grassmann_geodesic_rad"": 0.490889007710095, ""projector_distance_frobenius"": 0.6666745608279893, ""unequal_rank_note"": ""Principal angles cover only min(rank_a,rank_b); projector distance includes rank mismatch.""}, {""draw"": 5, ""status"": ""computed"", ""rank_a"": 1, ""rank_b"": 1, ""principal_angles_deg"": [25.574624849099163], ""projection_overlap_trace"": 0.8136469358778377, ""a_projected_into_b_fraction"": 0.8136469358778377, ""b_projected_into_a_fraction"": 0.8136469358778377, ""random_a_into_b_fraction"": 0.0025, ""random_b_into_a_fraction"": 0.0025, ""grassmann_geodesic_rad"": 0.44636140857913836, ""projector_distance_frobenius"": 0.6104966242693932, ""unequal_rank_note"": ""Principal angles cover only min(rank_a,rank_b); projector distance includes rank mismatch.""}, {""draw"": 6, ""status"": ""computed"", ""rank_a"": 1, ""rank_b"": 1, ""principal_angles_deg"": [26.873597851210377], ""projection_overlap_trace"": 0.7956745592311264, ""a_projected_into_b_fraction"": 0.7956745592311264, ""b_projected_into_a_fraction"": 0.7956745592311264, ""random_a_into_b_fraction"": 0.0025, ""random_b_into_a_fraction"": 0.0025, ""grassmann_geodesic_rad"": 0.4690327643604943, ""projector_distance_frobenius"": 0.6392580711557322, ""unequal_rank_note"": ""Principal angles cover only min(rank_a,rank_b); projector distance includes rank mismatch.""}, {""draw"": 7, ""status"": ""computed"", ""rank_a"": 1, ""rank_b"": 1, ""principal_angles_deg"": [27.10220857258873], ""projection_overlap_trace"": 0.7924475726581993, ""a_projected_into_b_fraction"": 0.7924475726581993, ""b_projected_into_a_fraction"": 0.7924475726581993, ""random_a_into_b_fraction"": 0.0025, ""random_b_into_a_fraction"": 0.0025, ""grassmann_geodesic_rad"": 0.4730227741539059, ""projector_distance_frobenius"": 0.6442863142141089, ""unequal_rank_note"": ""Principal angles cover only min(rank_a,rank_b); projector distance includes rank mismatch.""}, {""draw"": 8, ""status"": ""computed"", ""rank_a"": 1, ""rank_b"": 1, ""principal_angles_deg"": [27.9871462237789], ""projection_overlap_trace"": 0.7797824104685768, ""a_projected_into_b_fraction"": 0.7797824104685768, ""b_projected_into_a_fraction"": 0.7797824104685768, ""random_a_into_b_fraction"": 0.0025, ""random_b_into_a_fraction"": 0.0025, ""grassmann_geodesic_rad"": 0.4884678498420395, ""projector_distance_frobenius"": 0.6636529055634779, ""unequal_rank_note"": ""Principal angles cover only min(rank_a,rank_b); projector distance includes rank mismatch.""}, {""draw"": 9, ""status"": ""computed"", ""rank_a"": 1, ""rank_b"": 1, ""principal_angles_deg"": [26.253936076935833], ""projection_overlap_trace"": 0.8043262102387814, ""a_projected_into_b_fraction"": 0.8043262102387814, ""b_projected_into_a_fraction"": 0.8043262102387814, ""random_a_into_b_fraction"": 0.0025, ""random_b_into_a_fraction"": 0.0025, ""grassmann_geodesic_rad"": 0.4582176261506536, ""projector_distance_frobenius"": 0.6255777965388776, ""unequal_rank_note"": ""Principal angles cover only min(rank_a,rank_b); projector distance includes rank mismatch.""}, {""draw"": 10, ""status"": ""computed"", ""rank_a"": 1, ""rank_b"": 1, ""principal_angles_deg"": [27.84900230661176], ""projection_overlap_trace"": 0.7817774091760579, ""a_projected_into_b_fraction"": 0.7817774091760579, ""b_projected_into_a_fraction"": 0.7817774091760579, ""random_a_into_b_fraction"": 0.0025, ""random_b_into_a_fraction"": 0.0025, ""grassmann_geodesic_rad"": 0.48605678364587057, ""projector_distance_frobenius"": 0.6606399788446686, ""unequal_rank_note"": ""Principal angles cover only min(rank_a,rank_b); projector distance includes rank mismatch.""}, {""draw"": 11, ""status"": ""computed"", ""rank_a"": 1, ""rank_b"": 1, ""principal_angles_deg"": [25.150882374621247], ""projection_overlap_trace"": 0.8193720595897316, ""a_projected_into_b_fraction"": 0.8193720595897316, ""b_projected_into_a_fraction"": 0.8193720595897316, ""random_a_into_b_fraction"": 0.0025, ""random_b_into_a_fraction"": 0.0025, ""grassmann_geodesic_rad"": 0.4389657072189507, ""projector_distance_frobenius"": 0.6010456561863973, ""unequal_rank_note"": ""Principal angles cover only min(rank_a,rank_b); projector distance includes rank mismatch.""}, {""draw"": 12, ""status"": ""computed"", ""rank_a"": 1, ""rank_b"": 1, ""principal_angles_deg"": [27.78056837601738], ""projection_overlap_trace"": 0.7827632705004828, ""a_projected_into_b_fraction"": 0.7827632705004828, ""b_projected_into_a_fraction"": 0.7827632705004828, ""random_a_into_b_fraction"": 0.0025, ""random_b_into_a_fraction"": 0.0025, ""grassmann_geodesic_rad"": 0.4848623862369174, ""projector_distance_frobenius"": 0.6591460073451363, ""unequal_rank_note"": ""Principal angles cover only min(rank_a,rank_b); projector distance includes rank mismatch.""}, {""draw"": 13, ""status"": ""computed"", ""rank_a"": 1, ""rank_b"": 1, ""principal_angles_deg"": [31.398329689484342], ""projection_overlap_trace"": 0.7285748917787775, ""a_projected_into_b_fraction"": 0.7285748917787775, ""b_projected_into_a_fraction"": 0.7285748917787775, ""random_a_into_b_fraction"": 0.0025, ""random_b_into_a_fraction"": 0.0025, ""grassmann_geodesic_rad"": 0.5480042327081905, ""projector_distance_frobenius"": 0.7367836971882894, ""unequal_rank_note"": ""Principal angles cover only min(rank_a,rank_b); projector distance includes rank mismatch.""}, {""draw"": 14, ""status"": ""computed"", ""rank_a"": 1, ""rank_b"": 1, ""principal_angles_deg"": [27.14041979864246], ""projection_overlap_trace"": 0.7919063746451984, ""a_projected_into_b_fraction"": 0.7919063746451984, ""b_projected_into_a_fraction"": 0.7919063746451984, ""random_a_into_b_fraction"": 0.0025, ""random_b_into_a_fraction"": 0.0025, ""grassmann_geodesic_rad"": 0.47368968585976734, ""projector_distance_frobenius"": 0.6451257634830616, ""unequal_rank_note"": ""Principal angles cover only min(rank_a,rank_b); projector distance includes rank mismatch.""}, {""draw"": 15, ""status"": ""computed"", ""rank_a"": 1, ""rank_b"": 1, ""principal_angles_deg"": [25.71025824465305], ""projection_overlap_trace"": 0.8117998548205451, ""a_projected_into_b_fraction"": 0.8117998548205451, ""b_projected_into_a_fraction"": 0.8117998548205451, ""random_a_into_b_fraction"": 0.0025, ""random_b_into_a_fraction"": 0.0025, ""grassmann_geodesic_rad"": 0.4487286579072135, ""projector_distance_frobenius"": 0.6135147026428216, ""unequal_rank_note"": ""Principal angles cover only min(rank_a,rank_b); projector distance includes rank mismatch.""}, {""draw"": 16, ""status"": ""computed"", ""rank_a"": 1, ""rank_b"": 1, ""principal_angles_deg"": [32.955262607408024], ""projection_overlap_trace"": 0.7040813830855176, ""a_projected_into_b_fraction"": 0.7040813830855176, ""b_projected_into_a_fraction"": 0.7040813830855176, ""random_a_into_b_fraction"": 0.0025, ""random_b_into_a_fraction"": 0.0025, ""grassmann_geodesic_rad"": 0.5751778383586414, ""projector_distance_frobenius"": 0.7693095825667094, ""unequal_rank_note"": ""Principal angles cover only min(rank_a,rank_b); projector distance includes rank mismatch.""}, {""draw"": 17, ""status"": ""computed"", ""rank_a"": 1, ""rank_b"": 1, ""principal_angles_deg"": [29.457233029759443], ""projection_overlap_trace"": 0.7581585608882108, ""a_projected_into_b_fraction"": 0.7581585608882108, ""b_projected_into_a_fraction"": 0.7581585608882108, ""random_a_into_b_fraction"": 0.0025, ""random_b_into_a_fraction"": 0.0025, ""grassmann_geodesic_rad"": 0.5141257048965271, ""projector_distance_frobenius"": 0.6954731326396286, ""unequal_rank_note"": ""Principal angles cover only min(rank_a,rank_b); projector distance includes rank mismatch.""}, {""draw"": 18, ""status"": ""computed"", ""rank_a"": 1, ""rank_b"": 1, ""principal_angles_deg"": [28.209070393147396], ""projection_overlap_trace"": 0.7765639024719808, ""a_projected_into_b_fraction"": 0.7765639024719808, ""b_projected_into_a_fraction"": 0.7765639024719808, ""random_a_into_b_fraction"": 0.0025, ""random_b_into_a_fraction"": 0.0025, ""grassmann_geodesic_rad"": 0.4923411572872733, ""projector_distance_frobenius"": 0.6684849998736234, ""unequal_rank_note"": ""Principal angles cover only min(rank_a,rank_b); projector distance includes rank mismatch.""}, {""draw"": 19, ""status"": ""computed"", ""rank_a"": 1, ""rank_b"": 1, ""principal_angles_deg"": [24.338594213948586], ""projection_overlap_trace"": 0.8301503608612572, ""a_projected_into_b_fraction"": 0.8301503608612572, ""b_projected_into_a_fraction"": 0.8301503608612572, ""random_a_into_b_fraction"": 0.0025, ""random_b_into_a_fraction"": 0.0025, ""grassmann_geodesic_rad"": 0.424788604340244, ""projector_distance_frobenius"": 0.5828372656904204, ""unequal_rank_note"": ""Principal angles cover only min(rank_a,rank_b); projector distance includes rank mismatch.""}, {""draw"": 20, ""status"": ""computed"", ""rank_a"": 1, ""rank_b"": 1, ""principal_angles_deg"": [23.366543999393574], ""projection_overlap_trace"": 0.8426989769049719, ""a_projected_into_b_fraction"": 0.8426989769049719, ""b_projected_into_a_fraction"": 0.8426989769049719, ""random_a_into_b_fraction"": 0.0025, ""random_b_into_a_fraction"": 0.0025, ""grassmann_geodesic_rad"": 0.40782312760154177, ""projector_distance_frobenius"": 0.5608939705417204, ""unequal_rank_note"": ""Principal angles cover only min(rank_a,rank_b); projector distance includes rank mismatch.""}, {""draw"": 21, ""status"": ""computed"", ""rank_a"": 1, ""rank_b"": 1, ""principal_angles_deg"": [25.452275739539132], ""projection_overlap_trace"": 0.815307078818714, ""a_projected_into_b_fraction"": 0.815307078818714, ""b_projected_into_a_fraction"": 0.815307078818714, ""random_a_into_b_fraction"": 0.0025, ""random_b_into_a_fraction"": 0.0025, ""grassmann_geodesic_rad"": 0.4442260137804325, ""projector_distance_frobenius"": 0.6077712088957258, ""unequal_rank_note"": ""Principal angles cover only min(rank_a,rank_b); projector distance includes rank mismatch.""}, {""draw"": 22, ""status"": ""computed"", ""rank_a"": 1, ""rank_b"": 1, ""principal_angles_deg"": [22.723656011158923], ""projection_overlap_trace"": 0.8507824288828097, ""a_projected_into_b_fraction"": 0.8507824288828097, ""b_projected_into_a_fraction"": 0.8507824288828097, ""random_a_into_b_fraction"": 0.0025, ""random_b_into_a_fraction"": 0.0025, ""grassmann_geodesic_rad"": 0.3966026154853245, ""projector_distance_frobenius"": 0.5462921766183189, ""unequal_rank_note"": ""Principal angles cover only min(rank_a,rank_b); projector distance includes rank mismatch.""}, {""draw"": 23, ""status"": ""computed"", ""rank_a"": 1, ""rank_b"": 1, ""principal_angles_deg"": [26.94038545421296], ""projection_overlap_trace"": 0.794733747213492, ""a_projected_into_b_fraction"": 0.794733747213492, ""b_projected_into_a_fraction"": 0.794733747213492, ""random_a_into_b_fraction"": 0.0025, ""random_b_into_a_fraction"": 0.0025, ""grassmann_geodesic_rad"": 0.47019842793240424, ""projector_distance_frobenius"": 0.6407281058085528, ""unequal_rank_note"": ""Principal angles cover only min(rank_a,rank_b); projector distance includes rank mismatch.""}, {""draw"": 24, ""status"": ""computed"", ""rank_a"": 1, ""rank_b"": 1, ""principal_angles_deg"": [24.325241024226457], ""projection_overlap_trace"": 0.8303253511957616, ""a_projected_into_b_fraction"": 0.8303253511957616, ""b_projected_into_a_fraction"": 0.8303253511957616, ""random_a_into_b_fraction"": 0.0025, ""random_b_into_a_fraction"": 0.0025, ""grassmann_geodesic_rad"": 0.4245555472139494, ""projector_distance_frobenius"": 0.5825369495649841, ""unequal_rank_note"": ""Principal angles cover only min(rank_a,rank_b); projector distance includes rank mismatch.""}, {""draw"": 25, ""status"": ""computed"", ""rank_a"": 1, ""rank_b"": 1, ""principal_angles_deg"": [24.229273973365103], ""projection_overlap_trace"": 0.8315808626771607, ""a_projected_into_b_fraction"": 0.8315808626771607, ""b_projected_into_a_fraction"": 0.8315808626771607, ""random_a_into_b_fraction"": 0.0025, ""random_b_into_a_fraction"": 0.0025, ""grassmann_geodesic_rad"": 0.4228806062029899, ""projector_distance_frobenius"": 0.5803776999899967, ""unequal_rank_note"": ""Principal angles cover only min(rank_a,rank_b); projector distance includes rank mismatch.""}, {""draw"": 26, ""status"": ""computed"", ""rank_a"": 1, ""rank_b"": 1, ""principal_angles_deg"": [30.109056625287565], ""projection_overlap_trace"": 0.7483498022096585, ""a_projected_into_b_fraction"": 0.7483498022096585, ""b_projected_into_a_fraction"": 0.7483498022096585, ""random_a_into_b_fraction"": 0.0025, ""random_b_into_a_fraction"": 0.0025, ""grassmann_geodesic_rad"": 0.5255021727806806, ""projector_distance_frobenius"": 0.709436674820722, ""unequal_rank_note"": ""Principal angles cover only min(rank_a,rank_b); projector distance includes rank mismatch.""}, {""draw"": 27, ""status"": ""computed"", ""rank_a"": 1, ""rank_b"": 1, ""principal_angles_deg"": [27.139704252696593], ""projection_overlap_trace"": 0.791916513929396, ""a_projected_into_b_fraction"": 0.791916513929396, ""b_projected_into_a_fraction"": 0.791916513929396, ""random_a_into_b_fraction"": 0.0025, ""random_b_into_a_fraction"": 0.0025, ""grassmann_geodesic_rad"": 0.4736771972270627, ""projector_distance_frobenius"": 0.6451100465356341, ""unequal_rank_note"": ""Principal angles cover only min(rank_a,rank_b); projector distance includes rank mismatch.""}, {""draw"": 28, ""status"": ""computed"", ""rank_a"": 1, ""rank_b"": 1, ""principal_angles_deg"": [24.50615596770182], ""projection_overlap_trace"": 0.8279484194874343, ""a_projected_into_b_fraction"": 0.8279484194874343, ""b_projected_into_a_fraction"": 0.8279484194874343, ""random_a_into_b_fraction"": 0.0025, ""random_b_into_a_fraction"": 0.0025, ""grassmann_geodesic_rad"": 0.4277131086436539, ""projector_distance_frobenius"": 0.5866030693962754, ""unequal_rank_note"": ""Principal angles cover only min(rank_a,rank_b); projector distance includes rank mismatch.""}, {""draw"": 29, ""status"": ""computed"", ""rank_a"": 1, ""rank_b"": 1, ""principal_angles_deg"": [22.84857819014958], ""projection_overlap_trace"": 0.84922540238899, ""a_projected_into_b_fraction"": 0.84922540238899, ""b_projected_into_a_fraction"": 0.84922540238899, ""random_a_into_b_fraction"": 0.0025, ""random_b_into_a_fraction"": 0.0025, ""grassmann_geodesic_rad"": 0.3987829188174772, ""projector_distance_frobenius"": 0.54913495173957, ""unequal_rank_note"": ""Principal angles cover only min(rank_a,rank_b); projector distance includes rank mismatch.""}], ""max_angle_deg_quantiles_025_50_975"": [22.81422459092715, 27.021297013400847, 31.82648624191335], ""sampling"": ""30 fixed-seed whole-episode bootstrap draws stratified by collection seed; fixed full-discovery feature metric"", ""interpretation"": ""Discovery resampling reproducibility relative to the full-data fit, not independent confirmation.""}","{""status"": ""descriptive_physical_regimes"", ""groups"": [{""regime"": ""below_wall_top"", ""seed"": null, ""samples"": 51, ""episodes"": 13, ""global_held_seed_mse"": 8.456098935447298e-05, ""time_only_mse"": 0.00010784835768192058, ""mean_time"": 0.7812177562246135, ""time_quantiles"": [0.5789473652839661, 0.7894737124443054, 0.9473684430122375]}, {""regime"": ""below_wall_top"", ""seed"": 1, ""samples"": 7, ""episodes"": 3, ""global_held_seed_mse"": 9.310402791987191e-05, ""time_only_mse"": 0.00016407660721360346, ""mean_time"": 0.7669173053332737, ""time_quantiles"": [0.5789473772048951, 0.7894737124443054, 0.9473684430122375]}, {""regime"": ""below_wall_top"", ""seed"": 2, ""samples"": 15, ""episodes"": 4, ""global_held_seed_mse"": 0.00010884121031629561, ""time_only_mse"": 0.00011384365602020901, ""mean_time"": 0.7789473732312521, ""time_quantiles"": [0.6526315689086915, 0.7894737124443054, 0.9263157963752746]}, {""regime"": ""below_wall_top"", ""seed"": 3, ""samples"": 29, ""episodes"": 6, ""global_held_seed_mse"": 6.994014161705467e-05, ""time_only_mse"": 9.11750052061928e-05, ""mean_time"": 0.7858439252294344, ""time_quantiles"": [0.5684210538864136, 0.8421052694320679, 0.9473684430122375]}, {""regime"": ""at_or_above_wall_top"", ""seed"": null, ""samples"": 2799, ""episodes"": 150, ""global_held_seed_mse"": 5.1431827629559276e-05, ""time_only_mse"": 0.00010520647963395336, ""mean_time"": 0.4680807074028153, ""time_quantiles"": [0.05263157933950424, 0.4736842215061188, 0.8947368264198303]}, {""regime"": ""at_or_above_wall_top"", ""seed"": 1, ""samples"": 943, ""episodes"": 50, ""global_held_seed_mse"": 4.5318741404988545e-05, ""time_only_mse"": 0.00010263286474316225, ""mean_time"": 0.4715075087224944, ""time_quantiles"": [0.05263157933950424, 0.4736842215061188, 0.8947368264198303]}, {""regime"": ""at_or_above_wall_top"", ""seed"": 2, ""samples"": 935, ""episodes"": 50, ""global_held_seed_mse"": 5.8505753941856113e-05, ""time_only_mse"": 0.00010772574764356009, ""mean_time"": 0.46878694252853087, ""time_quantiles"": [0.05263157933950424, 0.4736842215061188, 0.8947368264198303]}, {""regime"": ""at_or_above_wall_top"", ""seed"": 3, ""samples"": 921, ""episodes"": 50, ""global_held_seed_mse"": 5.0509481492504606e-05, ""time_only_mse"": 0.00010528400759598777, ""mean_time"": 0.463855079295322, ""time_quantiles"": [0.05263157933950424, 0.4736842215061188, 0.8421052694320679]}], ""time_confounding"": ""Regimes have different time and trajectory composition; residual differences do not identify causal regimes or HMM states.""}",,,,none_validated,"{""linear_score"": ""measured_discovery_only"", ""nonlinear_gain"": ""measured_held_validation_readout_gain"", ""best_coordinate_frame"": ""pending_measurement"", ""geometry"": ""descriptive_common_metric_discovery_geometry"", ""cross_trajectory_stability"": ""measured_discovery_only"", ""regime_dependence"": ""measured_discovery_only"", ""causal_patch_effect"": ""pending_measurement"", ""specificity"": ""pending_measurement"", ""manifold_distance"": ""pending_measurement"", ""recommended_operator"": ""not_yet_justified""}","[{""path"": ""artifacts/geometry_map/reach_wall_v1/cached-geometry-v2/cached_geometry.json"", ""item"": ""rows[16]""}, {""path"": ""artifacts/geometry_map/reach_wall_v1/cached-geometry-v2/cached_geometry.json"", ""item"": ""sites[2]""}, {""path"": ""artifacts/geometry_map/reach_wall_v1/nonlinear-interfaces-v1/nonlinear_interfaces.json"", ""item"": ""rows.predictor_block3.held_validation""}]"
reach-wall/predictor/block-3/spatial-mean/wall_signed_distance,reach-wall,predictor,3,block_residual_output,mean_of_256_spatial_tokens,1,wall_signed_distance,"{""metric"": ""r2"", ""score"": 0.9844910709513673, ""time_baseline"": 0.14228076564542136, ""delta_vs_time"": 0.842210305305946}","{""reference"": ""followups.nonlinear_interfaces.rows.predictor_block3"", ""held_validation_rbf_minus_full_ridge"": -0.05900036492077487, ""held_validation_rbf_minus_same_PCA_ridge"": -0.029226550088375824, ""interpretation"": ""fixed readout comparison; no manifold/causal conclusion""}",,"{""participation_ratio"": 7.616467364439593, ""top10_variance_fraction"": 0.7409904355758659, ""adjacent_timestep_cosine_mean"": 0.9987054486573831, ""eigenspectrum_reference"": ""sites.predictor.block3.eigenspectrum"", ""common_metric_subspace_comparisons_reference"": ""sites.predictor.block3.subspace_comparisons""}","{""draws"": [{""draw"": 0, ""status"": ""computed"", ""rank_a"": 1, ""rank_b"": 1, ""principal_angles_deg"": [16.0259088583915], ""projection_overlap_trace"": 0.9237842479214226, ""a_projected_into_b_fraction"": 0.9237842479214226, ""b_projected_into_a_fraction"": 0.9237842479214226, ""random_a_into_b_fraction"": 0.0025, ""random_b_into_a_fraction"": 0.0025, ""grassmann_geodesic_rad"": 0.2797048752034574, ""projector_distance_frobenius"": 0.39042477400538367, ""unequal_rank_note"": ""Principal angles cover only min(rank_a,rank_b); projector distance includes rank mismatch.""}, {""draw"": 1, ""status"": ""computed"", ""rank_a"": 1, ""rank_b"": 1, ""principal_angles_deg"": [16.107718493692655], ""projection_overlap_trace"": 0.923024782278143, ""a_projected_into_b_fraction"": 0.923024782278143, ""b_projected_into_a_fraction"": 0.923024782278143, ""random_a_into_b_fraction"": 0.0025, ""random_b_into_a_fraction"": 0.0025, ""grassmann_geodesic_rad"": 0.2811327226993183, ""projector_distance_frobenius"": 0.39236518123262926, ""unequal_rank_note"": ""Principal angles cover only min(rank_a,rank_b); projector distance includes rank mismatch.""}, {""draw"": 2, ""status"": ""computed"", ""rank_a"": 1, ""rank_b"": 1, ""principal_angles_deg"": [19.25999568236814], ""projection_overlap_trace"": 0.891195452219641, ""a_projected_into_b_fraction"": 0.891195452219641, ""b_projected_into_a_fraction"": 0.891195452219641, ""random_a_into_b_fraction"": 0.0025, ""random_b_into_a_fraction"": 0.0025, ""grassmann_geodesic_rad"": 0.336150338577216, ""projector_distance_frobenius"": 0.4664859007094619, ""unequal_rank_note"": ""Principal angles cover only min(rank_a,rank_b); projector distance includes rank mismatch.""}, {""draw"": 3, ""status"": ""computed"", ""rank_a"": 1, ""rank_b"": 1, ""principal_angles_deg"": [14.38280194984168], ""projection_overlap_trace"": 0.938297865495599, ""a_projected_into_b_fraction"": 0.938297865495599, ""b_projected_into_a_fraction"": 0.938297865495599, ""random_a_into_b_fraction"": 0.0025, ""random_b_into_a_fraction"": 0.0025, ""grassmann_geodesic_rad"": 0.25102724968699763, ""projector_distance_frobenius"": 0.3512894376561897, ""unequal_rank_note"": ""Principal angles cover only min(rank_a,rank_b); projector distance includes rank mismatch.""}, {""draw"": 4, ""status"": ""computed"", ""rank_a"": 1, ""rank_b"": 1, ""principal_angles_deg"": [16.003773901636634], ""projection_overlap_trace"": 0.9239891402020333, ""a_projected_into_b_fraction"": 0.9239891402020333, ""b_projected_into_a_fraction"": 0.9239891402020333, ""random_a_into_b_fraction"": 0.0025, ""random_b_into_a_fraction"": 0.0025, ""grassmann_geodesic_rad"": 0.2793185473282984, ""projector_distance_frobenius"": 0.389899627591427, ""unequal_rank_note"": ""Principal angles cover only min(rank_a,rank_b); projector distance includes rank mismatch.""}, {""draw"": 5, ""status"": ""computed"", ""rank_a"": 1, ""rank_b"": 1, ""principal_angles_deg"": [14.80492838135238], ""projection_overlap_trace"": 0.9347049711781933, ""a_projected_into_b_fraction"": 0.9347049711781933, ""b_projected_into_a_fraction"": 0.9347049711781933, ""random_a_into_b_fraction"": 0.0025, ""random_b_into_a_fraction"": 0.0025, ""grassmann_geodesic_rad"": 0.2583947457765537, ""projector_distance_frobenius"": 0.3613724638701923, ""unequal_rank_note"": ""Principal angles cover only min(rank_a,rank_b); projector distance includes rank mismatch.""}, {""draw"": 6, ""status"": ""computed"", ""rank_a"": 1, ""rank_b"": 1, ""principal_angles_deg"": [14.921958546288295], ""projection_overlap_trace"": 0.9336921345063156, ""a_projected_into_b_fraction"": 0.9336921345063156, ""b_projected_into_a_fraction"": 0.9336921345063156, ""random_a_into_b_fraction"": 0.0025, ""random_b_into_a_fraction"": 0.0025, ""grassmann_geodesic_rad"": 0.2604373074788374, ""projector_distance_frobenius"": 0.36416442850362085, ""unequal_rank_note"": ""Principal angles cover only min(rank_a,rank_b); projector distance includes rank mismatch.""}, {""draw"": 7, ""status"": ""computed"", ""rank_a"": 1, ""rank_b"": 1, ""principal_angles_deg"": [13.64422347441121], ""projection_overlap_trace"": 0.9443548480634639, ""a_projected_into_b_fraction"": 0.9443548480634639, ""b_projected_into_a_fraction"": 0.9443548480634639, ""random_a_into_b_fraction"": 0.0025, ""random_b_into_a_fraction"": 0.0025, ""grassmann_geodesic_rad"": 0.23813662350637588, ""projector_distance_frobenius"": 0.33360201419216906, ""unequal_rank_note"": ""Principal angles cover only min(rank_a,rank_b); projector distance includes rank mismatch.""}, {""draw"": 8, ""status"": ""computed"", ""rank_a"": 1, ""rank_b"": 1, ""principal_angles_deg"": [14.563788426548566], ""projection_overlap_trace"": 0.9367690226353017, ""a_projected_into_b_fraction"": 0.9367690226353017, ""b_projected_into_a_fraction"": 0.9367690226353017, ""random_a_into_b_fraction"": 0.0025, ""random_b_into_a_fraction"": 0.0025, ""grassmann_geodesic_rad"": 0.2541860596071168, ""projector_distance_frobenius"": 0.35561489666406915, ""unequal_rank_note"": ""Principal angles cover only min(rank_a,rank_b); projector distance includes rank mismatch.""}, {""draw"": 9, ""status"": ""computed"", ""rank_a"": 1, ""rank_b"": 1, ""principal_angles_deg"": [16.105429568834808], ""projection_overlap_trace"": 0.9230460780559482, ""a_projected_into_b_fraction"": 0.9230460780559482, ""b_projected_into_a_fraction"": 0.9230460780559482, ""random_a_into_b_fraction"": 0.0025, ""random_b_into_a_fraction"": 0.0025, ""grassmann_geodesic_rad"": 0.2810927734242181, ""projector_distance_frobenius"": 0.39231090207653374, ""unequal_rank_note"": ""Principal angles cover only min(rank_a,rank_b); projector distance includes rank mismatch.""}, {""draw"": 10, ""status"": ""computed"", ""rank_a"": 1, ""rank_b"": 1, ""principal_angles_deg"": [15.715098132888016], ""projection_overlap_trace"": 0.9266380470168796, ""a_projected_into_b_fraction"": 0.9266380470168796, ""b_projected_into_a_fraction"": 0.9266380470168796, ""random_a_into_b_fraction"": 0.0025, ""random_b_into_a_fraction"": 0.0025, ""grassmann_geodesic_rad"": 0.27428020469290926, ""projector_distance_frobenius"": 0.383045566435954, ""unequal_rank_note"": ""Principal angles cover only min(rank_a,rank_b); projector distance includes rank mismatch.""}, {""draw"": 11, ""status"": ""computed"", ""rank_a"": 1, ""rank_b"": 1, ""principal_angles_deg"": [14.525130637436638], ""projection_overlap_trace"": 0.9370970418421481, ""a_projected_into_b_fraction"": 0.9370970418421481, ""b_projected_into_a_fraction"": 0.9370970418421481, ""random_a_into_b_fraction"": 0.0025, ""random_b_into_a_fraction"": 0.0025, ""grassmann_geodesic_rad"": 0.25351135390557206, ""projector_distance_frobenius"": 0.3546912972088598, ""unequal_rank_note"": ""Principal angles cover only min(rank_a,rank_b); projector distance includes rank mismatch.""}, {""draw"": 12, ""status"": ""computed"", ""rank_a"": 1, ""rank_b"": 1, ""principal_angles_deg"": [17.071117035425125], ""projection_overlap_trace"": 0.9138234247330879, ""a_projected_into_b_fraction"": 0.9138234247330879, ""b_projected_into_a_fraction"": 0.9138234247330879, ""random_a_into_b_fraction"": 0.0025, ""random_b_into_a_fraction"": 0.0025, ""grassmann_geodesic_rad"": 0.2979471992614619, ""projector_distance_frobenius"": 0.41515436952274065, ""unequal_rank_note"": ""Principal angles cover only min(rank_a,rank_b); projector distance includes rank mismatch.""}, {""draw"": 13, ""status"": ""computed"", ""rank_a"": 1, ""rank_b"": 1, ""principal_angles_deg"": [18.358998547318844], ""projection_overlap_trace"": 0.9007939427604477, ""a_projected_into_b_fraction"": 0.9007939427604477, ""b_projected_into_a_fraction"": 0.9007939427604477, ""random_a_into_b_fraction"": 0.0025, ""random_b_into_a_fraction"": 0.0025, ""grassmann_geodesic_rad"": 0.3204249720195698, ""projector_distance_frobenius"": 0.4454347477230584, ""unequal_rank_note"": ""Principal angles cover only min(rank_a,rank_b); projector distance includes rank mismatch.""}, {""draw"": 14, ""status"": ""computed"", ""rank_a"": 1, ""rank_b"": 1, ""principal_angles_deg"": [17.353541111078204], ""projection_overlap_trace"": 0.9110368335963784, ""a_projected_into_b_fraction"": 0.9110368335963784, ""b_projected_into_a_fraction"": 0.9110368335963784, ""random_a_into_b_fraction"": 0.0025, ""random_b_into_a_fraction"": 0.0025, ""grassmann_geodesic_rad"": 0.30287642926850966, ""projector_distance_frobenius"": 0.42181314916351664, ""unequal_rank_note"": ""Principal angles cover only min(rank_a,rank_b); projector distance includes rank mismatch.""}, {""draw"": 15, ""status"": ""computed"", ""rank_a"": 1, ""rank_b"": 1, ""principal_angles_deg"": [14.55585585892911], ""projection_overlap_trace"": 0.936836396960564, ""a_projected_into_b_fraction"": 0.936836396960564, ""b_projected_into_a_fraction"": 0.936836396960564, ""random_a_into_b_fraction"": 0.0025, ""random_b_into_a_fraction"": 0.0025, ""grassmann_geodesic_rad"": 0.2540476101840202, ""projector_distance_frobenius"": 0.3554253874990812, ""unequal_rank_note"": ""Principal angles cover only min(rank_a,rank_b); projector distance includes rank mismatch.""}, {""draw"": 16, ""status"": ""computed"", ""rank_a"": 1, ""rank_b"": 1, ""principal_angles_deg"": [18.754572336347927], ""projection_overlap_trace"": 0.8966280845167613, ""a_projected_into_b_fraction"": 0.8966280845167613, ""b_projected_into_a_fraction"": 0.8966280845167613, ""random_a_into_b_fraction"": 0.0025, ""random_b_into_a_fraction"": 0.0025, ""grassmann_geodesic_rad"": 0.3273290370727167, ""projector_distance_frobenius"": 0.45469091806025475, ""unequal_rank_note"": ""Principal angles cover only min(rank_a,rank_b); projector distance includes rank mismatch.""}, {""draw"": 17, ""status"": ""computed"", ""rank_a"": 1, ""rank_b"": 1, ""principal_angles_deg"": [17.698649095773227], ""projection_overlap_trace"": 0.9075775555442621, ""a_projected_into_b_fraction"": 0.9075775555442621, ""b_projected_into_a_fraction"": 0.9075775555442621, ""random_a_into_b_fraction"": 0.0025, ""random_b_into_a_fraction"": 0.0025, ""grassmann_geodesic_rad"": 0.30889969987636, ""projector_distance_frobenius"": 0.42993591256311187, ""unequal_rank_note"": ""Principal angles cover only min(rank_a,rank_b); projector distance includes rank mismatch.""}, {""draw"": 18, ""status"": ""computed"", ""rank_a"": 1, ""rank_b"": 1, ""principal_angles_deg"": [15.704771815611739], ""projection_overlap_trace"": 0.9267320010066525, ""a_projected_into_b_fraction"": 0.9267320010066525, ""b_projected_into_a_fraction"": 0.9267320010066525, ""random_a_into_b_fraction"": 0.0025, ""random_b_into_a_fraction"": 0.0025, ""grassmann_geodesic_rad"": 0.27409997645683265, ""projector_distance_frobenius"": 0.3828002063566514, ""unequal_rank_note"": ""Principal angles cover only min(rank_a,rank_b); projector distance includes rank mismatch.""}, {""draw"": 19, ""status"": ""computed"", ""rank_a"": 1, ""rank_b"": 1, ""principal_angles_deg"": [14.877929965344816], ""projection_overlap_trace"": 0.9340740296818185, ""a_projected_into_b_fraction"": 0.9340740296818185, ""b_projected_into_a_fraction"": 0.9340740296818185, ""random_a_into_b_fraction"": 0.0025, ""random_b_into_a_fraction"": 0.0025, ""grassmann_geodesic_rad"": 0.25966886377639287, ""projector_distance_frobenius"": 0.3631142253291145, ""unequal_rank_note"": ""Principal angles cover only min(rank_a,rank_b); projector distance includes rank mismatch.""}, {""draw"": 20, ""status"": ""computed"", ""rank_a"": 1, ""rank_b"": 1, ""principal_angles_deg"": [13.576832241869246], ""projection_overlap_trace"": 0.9448928704239008, ""a_projected_into_b_fraction"": 0.9448928704239008, ""b_projected_into_a_fraction"": 0.9448928704239008, ""random_a_into_b_fraction"": 0.0025, ""random_b_into_a_fraction"": 0.0025, ""grassmann_geodesic_rad"": 0.23696042461154146, ""projector_distance_frobenius"": 0.3319853297243696, ""unequal_rank_note"": ""Principal angles cover only min(rank_a,rank_b); projector distance includes rank mismatch.""}, {""draw"": 21, ""status"": ""computed"", ""rank_a"": 1, ""rank_b"": 1, ""principal_angles_deg"": [13.773997405578273], ""projection_overlap_trace"": 0.9433118651125005, ""a_projected_into_b_fraction"": 0.9433118651125005, ""b_projected_into_a_fraction"": 0.9433118651125005, ""random_a_into_b_fraction"": 0.0025, ""random_b_into_a_fraction"": 0.0025, ""grassmann_geodesic_rad"": 0.24040160588849763, ""projector_distance_frobenius"": 0.3367139286916995, ""unequal_rank_note"": ""Principal angles cover only min(rank_a,rank_b); projector distance includes rank mismatch.""}, {""draw"": 22, ""status"": ""computed"", ""rank_a"": 1, ""rank_b"": 1, ""principal_angles_deg"": [12.702177766606402], ""projection_overlap_trace"": 0.951651341646366, ""a_projected_into_b_fraction"": 0.951651341646366, ""b_projected_into_a_fraction"": 0.951651341646366, ""random_a_into_b_fraction"": 0.0025, ""random_b_into_a_fraction"": 0.0025, ""grassmann_geodesic_rad"": 0.22169482420090156, ""projector_distance_frobenius"": 0.31096192163554043, ""unequal_rank_note"": ""Principal angles cover only min(rank_a,rank_b); projector distance includes rank mismatch.""}, {""draw"": 23, ""status"": ""computed"", ""rank_a"": 1, ""rank_b"": 1, ""principal_angles_deg"": [15.411061951363033], ""projection_overlap_trace"": 0.9293810576280387, ""a_projected_into_b_fraction"": 0.9293810576280387, ""b_projected_into_a_fraction"": 0.9293810576280387, ""random_a_into_b_fraction"": 0.0025, ""random_b_into_a_fraction"": 0.0025, ""grassmann_geodesic_rad"": 0.26897377228010716, ""projector_distance_frobenius"": 0.37581629121676274, ""unequal_rank_note"": ""Principal angles cover only min(rank_a,rank_b); projector distance includes rank mismatch.""}, {""draw"": 24, ""status"": ""computed"", ""rank_a"": 1, ""rank_b"": 1, ""principal_angles_deg"": [15.073436852775352], ""projection_overlap_trace"": 0.9323704224577609, ""a_projected_into_b_fraction"": 0.9323704224577609, ""b_projected_into_a_fraction"": 0.9323704224577609, ""random_a_into_b_fraction"": 0.0025, ""random_b_into_a_fraction"": 0.0025, ""grassmann_geodesic_rad"": 0.26308110267238166, ""projector_distance_frobenius"": 0.3677759577303527, ""unequal_rank_note"": ""Principal angles cover only min(rank_a,rank_b); projector distance includes rank mismatch.""}, {""draw"": 25, ""status"": ""computed"", ""rank_a"": 1, ""rank_b"": 1, ""principal_angles_deg"": [15.482043360305614], ""projection_overlap_trace"": 0.92874498036124, ""a_projected_into_b_fraction"": 0.92874498036124, ""b_projected_into_a_fraction"": 0.92874498036124, ""random_a_into_b_fraction"": 0.0025, ""random_b_into_a_fraction"": 0.0025, ""grassmann_geodesic_rad"": 0.2702126315738597, ""projector_distance_frobenius"": 0.37750501887725946, ""unequal_rank_note"": ""Principal angles cover only min(rank_a,rank_b); projector distance includes rank mismatch.""}, {""draw"": 26, ""status"": ""computed"", ""rank_a"": 1, ""rank_b"": 1, ""principal_angles_deg"": [16.10778232884657], ""projection_overlap_trace"": 0.9230241883277353, ""a_projected_into_b_fraction"": 0.9230241883277353, ""b_projected_into_a_fraction"": 0.9230241883277353, ""random_a_into_b_fraction"": 0.0025, ""random_b_into_a_fraction"": 0.0025, ""grassmann_geodesic_rad"": 0.28113383683293264, ""projector_distance_frobenius"": 0.39236669499911625, ""unequal_rank_note"": ""Principal angles cover only min(rank_a,rank_b); projector distance includes rank mismatch.""}, {""draw"": 27, ""status"": ""computed"", ""rank_a"": 1, ""rank_b"": 1, ""principal_angles_deg"": [16.356796993121037], ""projection_overlap_trace"": 0.9206912904704635, ""a_projected_into_b_fraction"": 0.9206912904704635, ""b_projected_into_a_fraction"": 0.9206912904704635, ""random_a_into_b_fraction"": 0.0025, ""random_b_into_a_fraction"": 0.0025, ""grassmann_geodesic_rad"": 0.28547996261027037, ""projector_distance_frobenius"": 0.3982680241484031, ""unequal_rank_note"": ""Principal angles cover only min(rank_a,rank_b); projector distance includes rank mismatch.""}, {""draw"": 28, ""status"": ""computed"", ""rank_a"": 1, ""rank_b"": 1, ""principal_angles_deg"": [16.12367252111671], ""projection_overlap_trace"": 0.9228762736472238, ""a_projected_into_b_fraction"": 0.9228762736472238, ""b_projected_into_a_fraction"": 0.9228762736472238, ""random_a_into_b_fraction"": 0.0025, ""random_b_into_a_fraction"": 0.0025, ""grassmann_geodesic_rad"": 0.2814111730068215, ""projector_distance_frobenius"": 0.39274349479724346, ""unequal_rank_note"": ""Principal angles cover only min(rank_a,rank_b); projector distance includes rank mismatch.""}, {""draw"": 29, ""status"": ""computed"", ""rank_a"": 1, ""rank_b"": 1, ""principal_angles_deg"": [12.946191202158548], ""projection_overlap_trace"": 0.9498079223654465, ""a_projected_into_b_fraction"": 0.9498079223654465, ""b_projected_into_a_fraction"": 0.9498079223654465, ""random_a_into_b_fraction"": 0.0025, ""random_b_into_a_fraction"": 0.0025, ""grassmann_geodesic_rad"": 0.2259536620703895, ""projector_distance_frobenius"": 0.3168345866049143, ""unequal_rank_note"": ""Principal angles cover only min(rank_a,rank_b); projector distance includes rank mismatch.""}], ""max_angle_deg_quantiles_025_50_975"": [12.879087507381708, 15.593407587958676, 18.893563756503486], ""sampling"": ""30 fixed-seed whole-episode bootstrap draws stratified by collection seed; fixed full-discovery feature metric"", ""interpretation"": ""Discovery resampling reproducibility relative to the full-data fit, not independent confirmation.""}","{""status"": ""descriptive_physical_regimes"", ""groups"": [{""regime"": ""below_wall_top"", ""seed"": null, ""samples"": 51, ""episodes"": 13, ""global_held_seed_mse"": 0.00015120288527337966, ""time_only_mse"": 0.0017422658867868098, ""mean_time"": 0.7812177562246135, ""time_quantiles"": [0.5789473652839661, 0.7894737124443054, 0.9473684430122375]}, {""regime"": ""below_wall_top"", ""seed"": 1, ""samples"": 7, ""episodes"": 3, ""global_held_seed_mse"": 3.2230521073208766e-05, ""time_only_mse"": 0.003479567008091038, ""mean_time"": 0.7669173053332737, ""time_quantiles"": [0.5789473772048951, 0.7894737124443054, 0.9473684430122375]}, {""regime"": ""below_wall_top"", ""seed"": 2, ""samples"": 15, ""episodes"": 4, ""global_held_seed_mse"": 0.0004214442614940587, ""time_only_mse"": 0.0022773860791327027, ""mean_time"": 0.7789473732312521, ""time_quantiles"": [0.6526315689086915, 0.7894737124443054, 0.9263157963752746]}, {""regime"": ""below_wall_top"", ""seed"": 3, ""samples"": 29, ""episodes"": 6, ""global_held_seed_mse"": 4.014033031100076e-05, ""time_only_mse"": 0.001046131033879293, ""mean_time"": 0.7858439252294344, ""time_quantiles"": [0.5684210538864136, 0.8421052694320679, 0.9473684430122375]}, {""regime"": ""at_or_above_wall_top"", ""seed"": null, ""samples"": 2799, ""episodes"": 150, ""global_held_seed_mse"": 2.8282802337987232e-05, ""time_only_mse"": 0.0016847980342800635, ""mean_time"": 0.4680807074028153, ""time_quantiles"": [0.05263157933950424, 0.4736842215061188, 0.8947368264198303]}, {""regime"": ""at_or_above_wall_top"", ""seed"": 1, ""samples"": 943, ""episodes"": 50, ""global_held_seed_mse"": 2.4340617996222268e-05, ""time_only_mse"": 0.0016850907302014564, ""mean_time"": 0.4715075087224944, ""time_quantiles"": [0.05263157933950424, 0.4736842215061188, 0.8947368264198303]}, {""regime"": ""at_or_above_wall_top"", ""seed"": 2, ""samples"": 935, ""episodes"": 50, ""global_held_seed_mse"": 2.8964828113598463e-05, ""time_only_mse"": 0.0015918232354560585, ""mean_time"": 0.46878694252853087, ""time_quantiles"": [0.05263157933950424, 0.4736842215061188, 0.8947368264198303]}, {""regime"": ""at_or_above_wall_top"", ""seed"": 3, ""samples"": 921, ""episodes"": 50, ""global_held_seed_mse"": 3.162676078976558e-05, ""time_only_mse"": 0.0017788864432339946, ""mean_time"": 0.463855079295322, ""time_quantiles"": [0.05263157933950424, 0.4736842215061188, 0.8421052694320679]}], ""time_confounding"": ""Regimes have different time and trajectory composition; residual differences do not identify causal regimes or HMM states.""}",,,,none_validated,"{""linear_score"": ""measured_discovery_only"", ""nonlinear_gain"": ""measured_held_validation_readout_gain"", ""best_coordinate_frame"": ""pending_measurement"", ""geometry"": ""descriptive_common_metric_discovery_geometry"", ""cross_trajectory_stability"": ""measured_discovery_only"", ""regime_dependence"": ""measured_discovery_only"", ""causal_patch_effect"": ""pending_measurement"", ""specificity"": ""pending_measurement"", ""manifold_distance"": ""pending_measurement"", ""recommended_operator"": ""not_yet_justified""}","[{""path"": ""artifacts/geometry_map/reach_wall_v1/discovery-screen/discovery_screen.json"", ""item"": ""rows[323]""}, {""path"": ""artifacts/geometry_map/reach_wall_v1/emergence-geometry/emergence_geometry.json"", ""item"": ""curves.predictor.wall_signed_distance.rows.layer=3""}, {""path"": ""artifacts/geometry_map/reach_wall_v1/cached-geometry-v2/nonlinear_screen.json"", ""item"": ""rows[113]""}, {""path"": ""artifacts/geometry_map/reach_wall_v1/spatial-screen/spatial_screen.json"", ""item"": ""maps.predictor.block3.wall_signed_distance""}, {""path"": ""artifacts/geometry_map/reach_wall_v1/cached-geometry-v2/cached_geometry.json"", ""item"": ""rows[18]""}, {""path"": ""artifacts/geometry_map/reach_wall_v1/cached-geometry-v2/cached_geometry.json"", ""item"": ""sites[2]""}, {""path"": ""artifacts/geometry_map/reach_wall_v1/nonlinear-interfaces-v1/nonlinear_interfaces.json"", ""item"": ""rows.predictor_block3.held_validation""}]"
reach-wall/predictor/block-4/spatial-mean/action_chunk_frobenius_magnitude,reach-wall,predictor,4,block_residual_output,mean_of_256_spatial_tokens,1,action_chunk_frobenius_magnitude,"{""metric"": ""r2"", ""score"": 0.5694392912380795, ""time_baseline"": 0.4725658231754639, ""delta_vs_time"": 0.09687346806261554}",,,"{""participation_ratio"": 2.8305945270371025, ""top10_variance_fraction"": 0.8886751182083814, ""adjacent_timestep_cosine_mean"": 0.9986096857126096}",,,,,,none_validated,"{""linear_score"": ""measured_discovery_only"", ""nonlinear_gain"": ""pending_measurement"", ""best_coordinate_frame"": ""pending_measurement"", ""geometry"": ""descriptive_activation_geometry"", ""cross_trajectory_stability"": ""pending_measurement"", ""regime_dependence"": ""pending_measurement"", ""causal_patch_effect"": ""pending_measurement"", ""specificity"": ""pending_measurement"", ""manifold_distance"": ""pending_measurement"", ""recommended_operator"": ""not_yet_justified""}","[{""path"": ""artifacts/geometry_map/reach_wall_v1/discovery-screen/discovery_screen.json"", ""item"": ""rows[351]""}]"
reach-wall/predictor/block-4/spatial-mean/action_dx,reach-wall,predictor,4,block_residual_output,mean_of_256_spatial_tokens,1,action_dx,"{""metric"": ""r2"", ""score"": 0.869679454627308, ""time_baseline"": 0.0033910809446688894, ""delta_vs_time"": 0.8662883736826391}",,,"{""participation_ratio"": 2.8305945270371025, ""top10_variance_fraction"": 0.8886751182083814, ""adjacent_timestep_cosine_mean"": 0.9986096857126096}",,,,,,none_validated,"{""linear_score"": ""measured_discovery_only"", ""nonlinear_gain"": ""pending_measurement"", ""best_coordinate_frame"": ""pending_measurement"", ""geometry"": ""descriptive_activation_geometry"", ""cross_trajectory_stability"": ""pending_measurement"", ""regime_dependence"": ""pending_measurement"", ""causal_patch_effect"": ""pending_measurement"", ""specificity"": ""pending_measurement"", ""manifold_distance"": ""pending_measurement"", ""recommended_operator"": ""not_yet_justified""}","[{""path"": ""artifacts/geometry_map/reach_wall_v1/discovery-screen/discovery_screen.json"", ""item"": ""rows[348]""}]"
reach-wall/predictor/block-4/spatial-mean/action_dy,reach-wall,predictor,4,block_residual_output,mean_of_256_spatial_tokens,1,action_dy,"{""metric"": ""r2"", ""score"": 0.9466277712045389, ""time_baseline"": 0.6287213192564175, ""delta_vs_time"": 0.3179064519481214}",,,"{""participation_ratio"": 2.8305945270371025, ""top10_variance_fraction"": 0.8886751182083814, ""adjacent_timestep_cosine_mean"": 0.9986096857126096}",,,,,,none_validated,"{""linear_score"": ""measured_discovery_only"", ""nonlinear_gain"": ""pending_measurement"", ""best_coordinate_frame"": ""pending_measurement"", ""geometry"": ""descriptive_activation_geometry"", ""cross_trajectory_stability"": ""pending_measurement"", ""regime_dependence"": ""pending_measurement"", ""causal_patch_effect"": ""pending_measurement"", ""specificity"": ""pending_measurement"", ""manifold_distance"": ""pending_measurement"", ""recommended_operator"": ""not_yet_justified""}","[{""path"": ""artifacts/geometry_map/reach_wall_v1/discovery-screen/discovery_screen.json"", ""item"": ""rows[349]""}]"
reach-wall/predictor/block-4/spatial-mean/action_dz,reach-wall,predictor,4,block_residual_output,mean_of_256_spatial_tokens,1,action_dz,"{""metric"": ""r2"", ""score"": 0.8709005441989643, ""time_baseline"": 0.02788791500905774, ""delta_vs_time"": 0.8430126291899066}",,,"{""participation_ratio"": 2.8305945270371025, ""top10_variance_fraction"": 0.8886751182083814, ""adjacent_timestep_cosine_mean"": 0.9986096857126096}",,,,,,none_validated,"{""linear_score"": ""measured_discovery_only"", ""nonlinear_gain"": ""pending_measurement"", ""best_coordinate_frame"": ""pending_measurement"", ""geometry"": ""descriptive_activation_geometry"", ""cross_trajectory_stability"": ""pending_measurement"", ""regime_dependence"": ""pending_measurement"", ""causal_patch_effect"": ""pending_measurement"", ""specificity"": ""pending_measurement"", ""manifold_distance"": ""pending_measurement"", ""recommended_operator"": ""not_yet_justified""}","[{""path"": ""artifacts/geometry_map/reach_wall_v1/discovery-screen/discovery_screen.json"", ""item"": ""rows[350]""}]"
reach-wall/predictor/block-4/spatial-mean/cumulative_progress,reach-wall,predictor,4,block_residual_output,mean_of_256_spatial_tokens,1,cumulative_progress,"{""metric"": ""r2"", ""score"": 0.9542373478445489, ""time_baseline"": 0.9222151817810877, ""delta_vs_time"": 0.0320221660634612}",,,"{""participation_ratio"": 2.8305945270371025, ""top10_variance_fraction"": 0.8886751182083814, ""adjacent_timestep_cosine_mean"": 0.9986096857126096}",,,,,,none_validated,"{""linear_score"": ""measured_discovery_only"", ""nonlinear_gain"": ""pending_measurement"", ""best_coordinate_frame"": ""pending_measurement"", ""geometry"": ""descriptive_activation_geometry"", ""cross_trajectory_stability"": ""pending_measurement"", ""regime_dependence"": ""pending_measurement"", ""causal_patch_effect"": ""pending_measurement"", ""specificity"": ""pending_measurement"", ""manifold_distance"": ""pending_measurement"", ""recommended_operator"": ""not_yet_justified""}","[{""path"": ""artifacts/geometry_map/reach_wall_v1/discovery-screen/discovery_screen.json"", ""item"": ""rows[337]""}, {""path"": ""artifacts/geometry_map/reach_wall_v1/emergence-geometry/emergence_geometry.json"", ""item"": ""curves.predictor.progress.rows.layer=4""}]"
reach-wall/predictor/block-4/spatial-mean/expert_detour_gate,reach-wall,predictor,4,block_residual_output,mean_of_256_spatial_tokens,1,expert_detour_gate,"{""metric"": ""auroc"", ""score"": 0.9986097352305476, ""time_baseline"": 0.978149765850144, ""delta_vs_time"": 0.02045996938040362}",,,"{""participation_ratio"": 2.8305945270371025, ""top10_variance_fraction"": 0.8886751182083814, ""adjacent_timestep_cosine_mean"": 0.9986096857126096}",,,,,,none_validated,"{""linear_score"": ""measured_discovery_only"", ""nonlinear_gain"": ""pending_measurement"", ""best_coordinate_frame"": ""pending_measurement"", ""geometry"": ""descriptive_activation_geometry"", ""cross_trajectory_stability"": ""pending_measurement"", ""regime_dependence"": ""pending_measurement"", ""causal_patch_effect"": ""pending_measurement"", ""specificity"": ""pending_measurement"", ""manifold_distance"": ""pending_measurement"", ""recommended_operator"": ""not_yet_justified""}","[{""path"": ""artifacts/geometry_map/reach_wall_v1/discovery-screen/discovery_screen.json"", ""item"": ""rows[347]""}]"
reach-wall/predictor/block-4/spatial-mean/goal_distance,reach-wall,predictor,4,block_residual_output,mean_of_256_spatial_tokens,1,goal_distance,"{""metric"": ""r2"", ""score"": 0.9391149434702095, ""time_baseline"": 0.908897827090231, ""delta_vs_time"": 0.03021711637997848}",,,"{""participation_ratio"": 2.8305945270371025, ""top10_variance_fraction"": 0.8886751182083814, ""adjacent_timestep_cosine_mean"": 0.9986096857126096}",,,,,,none_validated,"{""linear_score"": ""measured_discovery_only"", ""nonlinear_gain"": ""pending_measurement"", ""best_coordinate_frame"": ""pending_measurement"", ""geometry"": ""descriptive_activation_geometry"", ""cross_trajectory_stability"": ""pending_measurement"", ""regime_dependence"": ""pending_measurement"", ""causal_patch_effect"": ""pending_measurement"", ""specificity"": ""pending_measurement"", ""manifold_distance"": ""pending_measurement"", ""recommended_operator"": ""not_yet_justified""}","[{""path"": ""artifacts/geometry_map/reach_wall_v1/discovery-screen/discovery_screen.json"", ""item"": ""rows[336]""}]"
reach-wall/predictor/block-4/spatial-mean/goal_vector_x,reach-wall,predictor,4,block_residual_output,mean_of_256_spatial_tokens,1,goal_vector_x,"{""metric"": ""r2"", ""score"": 0.15113352234156086, ""time_baseline"": 0.08054582471970773, ""delta_vs_time"": 0.07058769762185313}",,,"{""participation_ratio"": 2.8305945270371025, ""top10_variance_fraction"": 0.8886751182083814, ""adjacent_timestep_cosine_mean"": 0.9986096857126096}",,,,,,none_validated,"{""linear_score"": ""measured_discovery_only"", ""nonlinear_gain"": ""pending_measurement"", ""best_coordinate_frame"": ""pending_measurement"", ""geometry"": ""descriptive_activation_geometry"", ""cross_trajectory_stability"": ""pending_measurement"", ""regime_dependence"": ""pending_measurement"", ""causal_patch_effect"": ""pending_measurement"", ""specificity"": ""pending_measurement"", ""manifold_distance"": ""pending_measurement"", ""recommended_operator"": ""not_yet_justified""}","[{""path"": ""artifacts/geometry_map/reach_wall_v1/discovery-screen/discovery_screen.json"", ""item"": ""rows[341]""}]"
reach-wall/predictor/block-4/spatial-mean/goal_vector_y,reach-wall,predictor,4,block_residual_output,mean_of_256_spatial_tokens,1,goal_vector_y,"{""metric"": ""r2"", ""score"": 0.9719972731938927, ""time_baseline"": 0.9568517433439947, ""delta_vs_time"": 0.015145529849898032}",,,"{""participation_ratio"": 2.8305945270371025, ""top10_variance_fraction"": 0.8886751182083814, ""adjacent_timestep_cosine_mean"": 0.9986096857126096}",,,,,,none_validated,"{""linear_score"": ""measured_discovery_only"", ""nonlinear_gain"": ""pending_measurement"", ""best_coordinate_frame"": ""pending_measurement"", ""geometry"": ""descriptive_activation_geometry"", ""cross_trajectory_stability"": ""pending_measurement"", ""regime_dependence"": ""pending_measurement"", ""causal_patch_effect"": ""pending_measurement"", ""specificity"": ""pending_measurement"", ""manifold_distance"": ""pending_measurement"", ""recommended_operator"": ""not_yet_justified""}","[{""path"": ""artifacts/geometry_map/reach_wall_v1/discovery-screen/discovery_screen.json"", ""item"": ""rows[342]""}]"
reach-wall/predictor/block-4/spatial-mean/goal_vector_z,reach-wall,predictor,4,block_residual_output,mean_of_256_spatial_tokens,1,goal_vector_z,"{""metric"": ""r2"", ""score"": 0.5910707210098947, ""time_baseline"": 0.044334510544640326, ""delta_vs_time"": 0.5467362104652543}",,,"{""participation_ratio"": 2.8305945270371025, ""top10_variance_fraction"": 0.8886751182083814, ""adjacent_timestep_cosine_mean"": 0.9986096857126096}",,,,,,none_validated,"{""linear_score"": ""measured_discovery_only"", ""nonlinear_gain"": ""pending_measurement"", ""best_coordinate_frame"": ""pending_measurement"", ""geometry"": ""descriptive_activation_geometry"", ""cross_trajectory_stability"": ""pending_measurement"", ""regime_dependence"": ""pending_measurement"", ""causal_patch_effect"": ""pending_measurement"", ""specificity"": ""pending_measurement"", ""manifold_distance"": ""pending_measurement"", ""recommended_operator"": ""not_yet_justified""}","[{""path"": ""artifacts/geometry_map/reach_wall_v1/discovery-screen/discovery_screen.json"", ""item"": ""rows[343]""}]"
reach-wall/predictor/block-4/spatial-mean/goal_xz_direction,reach-wall,predictor,4,block_residual_output,mean_of_256_spatial_tokens,1,goal_xz_direction,"{""metric"": ""r2"", ""score"": 0.38335222335946834, ""time_baseline"": null, ""delta_vs_time"": null}",,,,,,,,,none_validated,"{""linear_score"": ""measured_discovery_only"", ""nonlinear_gain"": ""pending_measurement"", ""best_coordinate_frame"": ""pending_measurement"", ""geometry"": ""pending_measurement"", ""cross_trajectory_stability"": ""pending_measurement"", ""regime_dependence"": ""pending_measurement"", ""causal_patch_effect"": ""pending_measurement"", ""specificity"": ""pending_measurement"", ""manifold_distance"": ""pending_measurement"", ""recommended_operator"": ""not_yet_justified""}","[{""path"": ""artifacts/geometry_map/reach_wall_v1/emergence-geometry/emergence_geometry.json"", ""item"": ""curves.predictor.goal_xz_direction.rows.layer=4""}]"
reach-wall/predictor/block-4/spatial-mean/hand_to_goal_segment_intersects_wall,reach-wall,predictor,4,block_residual_output,mean_of_256_spatial_tokens,1,hand_to_goal_segment_intersects_wall,"{""metric"": ""auroc"", ""score"": 0.9907277401448269, ""time_baseline"": 0.9019247457737662, ""delta_vs_time"": 0.08880299437106065}",,,"{""participation_ratio"": 2.8305945270371025, ""top10_variance_fraction"": 0.8886751182083814, ""adjacent_timestep_cosine_mean"": 0.9986096857126096}",,,,,,none_validated,"{""linear_score"": ""measured_discovery_only"", ""nonlinear_gain"": ""pending_measurement"", ""best_coordinate_frame"": ""pending_measurement"", ""geometry"": ""descriptive_activation_geometry"", ""cross_trajectory_stability"": ""pending_measurement"", ""regime_dependence"": ""pending_measurement"", ""causal_patch_effect"": ""pending_measurement"", ""specificity"": ""pending_measurement"", ""manifold_distance"": ""pending_measurement"", ""recommended_operator"": ""not_yet_justified""}","[{""path"": ""artifacts/geometry_map/reach_wall_v1/discovery-screen/discovery_screen.json"", ""item"": ""rows[346]""}]"
reach-wall/predictor/block-4/spatial-mean/hand_x,reach-wall,predictor,4,block_residual_output,mean_of_256_spatial_tokens,1,hand_x,"{""metric"": ""r2"", ""score"": 0.9185121721627404, ""time_baseline"": 0.058067306134002794, ""delta_vs_time"": 0.8604448660287376}",,,"{""participation_ratio"": 2.8305945270371025, ""top10_variance_fraction"": 0.8886751182083814, ""adjacent_timestep_cosine_mean"": 0.9986096857126096}",,,,,,none_validated,"{""linear_score"": ""measured_discovery_only"", ""nonlinear_gain"": ""pending_measurement"", ""best_coordinate_frame"": ""pending_measurement"", ""geometry"": ""descriptive_activation_geometry"", ""cross_trajectory_stability"": ""pending_measurement"", ""regime_dependence"": ""pending_measurement"", ""causal_patch_effect"": ""pending_measurement"", ""specificity"": ""pending_measurement"", ""manifold_distance"": ""pending_measurement"", ""recommended_operator"": ""not_yet_justified""}","[{""path"": ""artifacts/geometry_map/reach_wall_v1/discovery-screen/discovery_screen.json"", ""item"": ""rows[338]""}]"
reach-wall/predictor/block-4/spatial-mean/hand_y,reach-wall,predictor,4,block_residual_output,mean_of_256_spatial_tokens,1,hand_y,"{""metric"": ""r2"", ""score"": 0.9976803866724934, ""time_baseline"": 0.9772521653309317, ""delta_vs_time"": 0.020428221341561636}",,,"{""participation_ratio"": 2.8305945270371025, ""top10_variance_fraction"": 0.8886751182083814, ""adjacent_timestep_cosine_mean"": 0.9986096857126096}",,,,,,none_validated,"{""linear_score"": ""measured_discovery_only"", ""nonlinear_gain"": ""pending_measurement"", ""best_coordinate_frame"": ""pending_measurement"", ""geometry"": ""descriptive_activation_geometry"", ""cross_trajectory_stability"": ""pending_measurement"", ""regime_dependence"": ""pending_measurement"", ""causal_patch_effect"": ""pending_measurement"", ""specificity"": ""pending_measurement"", ""manifold_distance"": ""pending_measurement"", ""recommended_operator"": ""not_yet_justified""}","[{""path"": ""artifacts/geometry_map/reach_wall_v1/discovery-screen/discovery_screen.json"", ""item"": ""rows[339]""}]"
reach-wall/predictor/block-4/spatial-mean/hand_z,reach-wall,predictor,4,block_residual_output,mean_of_256_spatial_tokens,1,hand_z,"{""metric"": ""r2"", ""score"": 0.982705149740481, ""time_baseline"": 0.00804356141242546, ""delta_vs_time"": 0.9746615883280555}",,,"{""participation_ratio"": 2.8305945270371025, ""top10_variance_fraction"": 0.8886751182083814, ""adjacent_timestep_cosine_mean"": 0.9986096857126096}",,,,,,none_validated,"{""linear_score"": ""measured_discovery_only"", ""nonlinear_gain"": ""pending_measurement"", ""best_coordinate_frame"": ""pending_measurement"", ""geometry"": ""descriptive_activation_geometry"", ""cross_trajectory_stability"": ""pending_measurement"", ""regime_dependence"": ""pending_measurement"", ""causal_patch_effect"": ""pending_measurement"", ""specificity"": ""pending_measurement"", ""manifold_distance"": ""pending_measurement"", ""recommended_operator"": ""not_yet_justified""}","[{""path"": ""artifacts/geometry_map/reach_wall_v1/discovery-screen/discovery_screen.json"", ""item"": ""rows[340]""}]"
reach-wall/predictor/block-4/spatial-mean/height_above_wall_top,reach-wall,predictor,4,block_residual_output,mean_of_256_spatial_tokens,1,height_above_wall_top,"{""metric"": ""r2"", ""score"": 0.9827051487955835, ""time_baseline"": 0.008043558955029284, ""delta_vs_time"": 0.9746615898405542}",,,"{""participation_ratio"": 2.8305945270371025, ""top10_variance_fraction"": 0.8886751182083814, ""adjacent_timestep_cosine_mean"": 0.9986096857126096}",,,,,,none_validated,"{""linear_score"": ""measured_discovery_only"", ""nonlinear_gain"": ""pending_measurement"", ""best_coordinate_frame"": ""pending_measurement"", ""geometry"": ""descriptive_activation_geometry"", ""cross_trajectory_stability"": ""pending_measurement"", ""regime_dependence"": ""pending_measurement"", ""causal_patch_effect"": ""pending_measurement"", ""specificity"": ""pending_measurement"", ""manifold_distance"": ""pending_measurement"", ""recommended_operator"": ""not_yet_justified""}","[{""path"": ""artifacts/geometry_map/reach_wall_v1/discovery-screen/discovery_screen.json"", ""item"": ""rows[345]""}]"
reach-wall/predictor/block-4/spatial-mean/realized_dx,reach-wall,predictor,4,block_residual_output,mean_of_256_spatial_tokens,1,realized_dx,"{""metric"": ""r2"", ""score"": 0.5255334385692685, ""time_baseline"": 0.005340828654275098, ""delta_vs_time"": 0.5201926099149934}",,,"{""participation_ratio"": 2.8305945270371025, ""top10_variance_fraction"": 0.8886751182083814, ""adjacent_timestep_cosine_mean"": 0.9986096857126096}",,,,,,none_validated,"{""linear_score"": ""measured_discovery_only"", ""nonlinear_gain"": ""pending_measurement"", ""best_coordinate_frame"": ""pending_measurement"", ""geometry"": ""descriptive_activation_geometry"", ""cross_trajectory_stability"": ""pending_measurement"", ""regime_dependence"": ""pending_measurement"", ""causal_patch_effect"": ""pending_measurement"", ""specificity"": ""pending_measurement"", ""manifold_distance"": ""pending_measurement"", ""recommended_operator"": ""not_yet_justified""}","[{""path"": ""artifacts/geometry_map/reach_wall_v1/discovery-screen/discovery_screen.json"", ""item"": ""rows[352]""}]"
reach-wall/predictor/block-4/spatial-mean/realized_dy,reach-wall,predictor,4,block_residual_output,mean_of_256_spatial_tokens,1,realized_dy,"{""metric"": ""r2"", ""score"": 0.9250073854675944, ""time_baseline"": 0.7938417819030151, ""delta_vs_time"": 0.1311656035645793}",,,"{""participation_ratio"": 2.8305945270371025, ""top10_variance_fraction"": 0.8886751182083814, ""adjacent_timestep_cosine_mean"": 0.9986096857126096}",,,,,,none_validated,"{""linear_score"": ""measured_discovery_only"", ""nonlinear_gain"": ""pending_measurement"", ""best_coordinate_frame"": ""pending_measurement"", ""geometry"": ""descriptive_activation_geometry"", ""cross_trajectory_stability"": ""pending_measurement"", ""regime_dependence"": ""pending_measurement"", ""causal_patch_effect"": ""pending_measurement"", ""specificity"": ""pending_measurement"", ""manifold_distance"": ""pending_measurement"", ""recommended_operator"": ""not_yet_justified""}","[{""path"": ""artifacts/geometry_map/reach_wall_v1/discovery-screen/discovery_screen.json"", ""item"": ""rows[353]""}]"
reach-wall/predictor/block-4/spatial-mean/realized_dz,reach-wall,predictor,4,block_residual_output,mean_of_256_spatial_tokens,1,realized_dz,"{""metric"": ""r2"", ""score"": 0.64496479829745, ""time_baseline"": 0.07117442644816807, ""delta_vs_time"": 0.5737903718492819}",,,"{""participation_ratio"": 2.8305945270371025, ""top10_variance_fraction"": 0.8886751182083814, ""adjacent_timestep_cosine_mean"": 0.9986096857126096}",,,,,,none_validated,"{""linear_score"": ""measured_discovery_only"", ""nonlinear_gain"": ""pending_measurement"", ""best_coordinate_frame"": ""pending_measurement"", ""geometry"": ""descriptive_activation_geometry"", ""cross_trajectory_stability"": ""pending_measurement"", ""regime_dependence"": ""pending_measurement"", ""causal_patch_effect"": ""pending_measurement"", ""specificity"": ""pending_measurement"", ""manifold_distance"": ""pending_measurement"", ""recommended_operator"": ""not_yet_justified""}","[{""path"": ""artifacts/geometry_map/reach_wall_v1/discovery-screen/discovery_screen.json"", ""item"": ""rows[354]""}]"
reach-wall/predictor/block-4/spatial-mean/realized_hand_delta_magnitude,reach-wall,predictor,4,block_residual_output,mean_of_256_spatial_tokens,1,realized_hand_delta_magnitude,"{""metric"": ""r2"", ""score"": 0.7940407606304334, ""time_baseline"": 0.6130267917023396, ""delta_vs_time"": 0.18101396892809374}",,,"{""participation_ratio"": 2.8305945270371025, ""top10_variance_fraction"": 0.8886751182083814, ""adjacent_timestep_cosine_mean"": 0.9986096857126096}",,,,,,none_validated,"{""linear_score"": ""measured_discovery_only"", ""nonlinear_gain"": ""pending_measurement"", ""best_coordinate_frame"": ""pending_measurement"", ""geometry"": ""descriptive_activation_geometry"", ""cross_trajectory_stability"": ""pending_measurement"", ""regime_dependence"": ""pending_measurement"", ""causal_patch_effect"": ""pending_measurement"", ""specificity"": ""pending_measurement"", ""manifold_distance"": ""pending_measurement"", ""recommended_operator"": ""not_yet_justified""}","[{""path"": ""artifacts/geometry_map/reach_wall_v1/discovery-screen/discovery_screen.json"", ""item"": ""rows[355]""}, {""path"": ""artifacts/geometry_map/reach_wall_v1/emergence-geometry/emergence_geometry.json"", ""item"": ""curves.predictor.motion_magnitude.rows.layer=4""}]"
reach-wall/predictor/block-4/spatial-mean/realized_xz_direction,reach-wall,predictor,4,block_residual_output,mean_of_256_spatial_tokens,1,realized_xz_direction,"{""metric"": ""r2"", ""score"": 0.5014526559017112, ""time_baseline"": null, ""delta_vs_time"": null}",,,,,,,,,none_validated,"{""linear_score"": ""measured_discovery_only"", ""nonlinear_gain"": ""pending_measurement"", ""best_coordinate_frame"": ""pending_measurement"", ""geometry"": ""pending_measurement"", ""cross_trajectory_stability"": ""pending_measurement"", ""regime_dependence"": ""pending_measurement"", ""causal_patch_effect"": ""pending_measurement"", ""specificity"": ""pending_measurement"", ""manifold_distance"": ""pending_measurement"", ""recommended_operator"": ""not_yet_justified""}","[{""path"": ""artifacts/geometry_map/reach_wall_v1/emergence-geometry/emergence_geometry.json"", ""item"": ""curves.predictor.realized_xz_direction.rows.layer=4""}]"
reach-wall/predictor/block-4/spatial-mean/reward_sum,reach-wall,predictor,4,block_residual_output,mean_of_256_spatial_tokens,1,reward_sum,"{""metric"": ""r2"", ""score"": 0.9640194544300409, ""time_baseline"": 0.9142972039613033, ""delta_vs_time"": 0.04972225046873757}",,,"{""participation_ratio"": 2.8305945270371025, ""top10_variance_fraction"": 0.8886751182083814, ""adjacent_timestep_cosine_mean"": 0.9986096857126096}",,,,,,none_validated,"{""linear_score"": ""measured_discovery_only"", ""nonlinear_gain"": ""pending_measurement"", ""best_coordinate_frame"": ""pending_measurement"", ""geometry"": ""descriptive_activation_geometry"", ""cross_trajectory_stability"": ""pending_measurement"", ""regime_dependence"": ""pending_measurement"", ""causal_patch_effect"": ""pending_measurement"", ""specificity"": ""pending_measurement"", ""manifold_distance"": ""pending_measurement"", ""recommended_operator"": ""not_yet_justified""}","[{""path"": ""artifacts/geometry_map/reach_wall_v1/discovery-screen/discovery_screen.json"", ""item"": ""rows[356]""}]"
reach-wall/predictor/block-4/spatial-mean/wall_signed_distance,reach-wall,predictor,4,block_residual_output,mean_of_256_spatial_tokens,1,wall_signed_distance,"{""metric"": ""r2"", ""score"": 0.9759616937486904, ""time_baseline"": 0.14228076564542247, ""delta_vs_time"": 0.8336809281032679}",,,"{""participation_ratio"": 2.8305945270371025, ""top10_variance_fraction"": 0.8886751182083814, ""adjacent_timestep_cosine_mean"": 0.9986096857126096}",,,,,,none_validated,"{""linear_score"": ""measured_discovery_only"", ""nonlinear_gain"": ""pending_measurement"", ""best_coordinate_frame"": ""pending_measurement"", ""geometry"": ""descriptive_activation_geometry"", ""cross_trajectory_stability"": ""pending_measurement"", ""regime_dependence"": ""pending_measurement"", ""causal_patch_effect"": ""pending_measurement"", ""specificity"": ""pending_measurement"", ""manifold_distance"": ""pending_measurement"", ""recommended_operator"": ""not_yet_justified""}","[{""path"": ""artifacts/geometry_map/reach_wall_v1/discovery-screen/discovery_screen.json"", ""item"": ""rows[344]""}, {""path"": ""artifacts/geometry_map/reach_wall_v1/emergence-geometry/emergence_geometry.json"", ""item"": ""curves.predictor.wall_signed_distance.rows.layer=4""}]"
reach-wall/predictor/block-5/spatial-mean/action_chunk_frobenius_magnitude,reach-wall,predictor,5,block_residual_output,mean_of_256_spatial_tokens,1,action_chunk_frobenius_magnitude,"{""metric"": ""r2"", ""score"": 0.5486166190428022, ""time_baseline"": 0.4725658231754639, ""delta_vs_time"": 0.07605079586733832}","{""knn_score"": 0.5092360569415839, ""linear_score"": 0.5486166190428019, ""nonlinear_gain"": -0.039380562101217986}",,"{""participation_ratio"": 3.369516863492582, ""top10_variance_fraction"": 0.8602852108835968, ""adjacent_timestep_cosine_mean"": 0.9979302805181605, ""eigenspectrum_reference"": ""sites.predictor.block5.eigenspectrum"", ""common_metric_subspace_comparisons_reference"": ""sites.predictor.block5.subspace_comparisons""}","{""status"": ""not_run"", ""reason"": ""Focused bootstrap covers progress, clearance and XZ direction""}","{""status"": ""descriptive_physical_regimes"", ""groups"": [{""regime"": ""below_wall_top"", ""seed"": null, ""samples"": 51, ""episodes"": 13, ""global_held_seed_mse"": 0.16306449727613032, ""time_only_mse"": 0.1907482167575833, ""mean_time"": 0.7812177562246135, ""time_quantiles"": [0.5789473652839661, 0.7894737124443054, 0.9473684430122375]}, {""regime"": ""below_wall_top"", ""seed"": 1, ""samples"": 7, ""episodes"": 3, ""global_held_seed_mse"": 0.09855760427589166, ""time_only_mse"": 0.03923424170586417, ""mean_time"": 0.7669173053332737, ""time_quantiles"": [0.5789473772048951, 0.7894737124443054, 0.9473684430122375]}, {""regime"": ""below_wall_top"", ""seed"": 2, ""samples"": 15, ""episodes"": 4, ""global_held_seed_mse"": 0.3114626247940301, ""time_only_mse"": 0.4548780753797883, ""mean_time"": 0.7789473732312521, ""time_quantiles"": [0.6526315689086915, 0.7894737124443054, 0.9263157963752746]}, {""regime"": ""below_wall_top"", ""seed"": 3, ""samples"": 29, ""episodes"": 6, ""global_held_seed_mse"": 0.10187747445658457, ""time_only_mse"": 0.09070166317237499, ""mean_time"": 0.7858439252294344, ""time_quantiles"": [0.5684210538864136, 0.8421052694320679, 0.9473684430122375]}, {""regime"": ""at_or_above_wall_top"", ""seed"": null, ""samples"": 2799, ""episodes"": 150, ""global_held_seed_mse"": 0.09067306129678696, ""time_only_mse"": 0.10594617875800598, ""mean_time"": 0.4680807074028153, ""time_quantiles"": [0.05263157933950424, 0.4736842215061188, 0.8947368264198303]}, {""regime"": ""at_or_above_wall_top"", ""seed"": 1, ""samples"": 943, ""episodes"": 50, ""global_held_seed_mse"": 0.08985341895985136, ""time_only_mse"": 0.10266300474073377, ""mean_time"": 0.4715075087224944, ""time_quantiles"": [0.05263157933950424, 0.4736842215061188, 0.8947368264198303]}, {""regime"": ""at_or_above_wall_top"", ""seed"": 2, ""samples"": 935, ""episodes"": 50, ""global_held_seed_mse"": 0.09820734414983134, ""time_only_mse"": 0.11732723772692054, ""mean_time"": 0.46878694252853087, ""time_quantiles"": [0.05263157933950424, 0.4736842215061188, 0.8947368264198303]}, {""regime"": ""at_or_above_wall_top"", ""seed"": 3, ""samples"": 921, ""episodes"": 50, ""global_held_seed_mse"": 0.08386347199834372, ""time_only_mse"": 0.09775371726218902, ""mean_time"": 0.463855079295322, ""time_quantiles"": [0.05263157933950424, 0.4736842215061188, 0.8421052694320679]}], ""time_confounding"": ""Regimes have different time and trajectory composition; residual differences do not identify causal regimes or HMM states.""}",,,,none_validated,"{""linear_score"": ""measured_discovery_only"", ""nonlinear_gain"": ""measured_discovery_only"", ""best_coordinate_frame"": ""pending_measurement"", ""geometry"": ""descriptive_common_metric_discovery_geometry"", ""cross_trajectory_stability"": ""measured_discovery_only"", ""regime_dependence"": ""measured_discovery_only"", ""causal_patch_effect"": ""pending_measurement"", ""specificity"": ""pending_measurement"", ""manifold_distance"": ""pending_measurement"", ""recommended_operator"": ""not_yet_justified""}","[{""path"": ""artifacts/geometry_map/reach_wall_v1/discovery-screen/discovery_screen.json"", ""item"": ""rows[372]""}, {""path"": ""artifacts/geometry_map/reach_wall_v1/cached-geometry-v2/nonlinear_screen.json"", ""item"": ""rows[141]""}, {""path"": ""artifacts/geometry_map/reach_wall_v1/spatial-screen/spatial_screen.json"", ""item"": ""maps.predictor.block5.action_translation_magnitude""}, {""path"": ""artifacts/geometry_map/reach_wall_v1/cached-geometry-v2/cached_geometry.json"", ""item"": ""rows[31]""}, {""path"": ""artifacts/geometry_map/reach_wall_v1/cached-geometry-v2/cached_geometry.json"", ""item"": ""sites[3]""}]"
reach-wall/predictor/block-5/spatial-mean/action_direction,reach-wall,predictor,5,block_residual_output,mean_of_256_spatial_tokens,1,action_direction,"{""metric"": ""r2"", ""score"": 0.5531496197710852, ""time_baseline"": 0.19205233759231133, ""delta_vs_time"": 0.3610972821787739}",,,"{""eigenspectrum_reference"": ""sites.predictor.block5.eigenspectrum"", ""common_metric_subspace_comparisons_reference"": ""sites.predictor.block5.subspace_comparisons""}","{""status"": ""not_run"", ""reason"": ""Focused bootstrap covers progress, clearance and XZ direction""}","{""status"": ""descriptive_physical_regimes"", ""groups"": [{""regime"": ""below_wall_top"", ""seed"": null, ""samples"": 51, ""episodes"": 13, ""global_held_seed_mse"": 0.20517209132918637, ""time_only_mse"": 0.35860109047115224, ""mean_time"": 0.7812177562246135, ""time_quantiles"": [0.5789473652839661, 0.7894737124443054, 0.9473684430122375]}, {""regime"": ""below_wall_top"", ""seed"": 1, ""samples"": 7, ""episodes"": 3, ""global_held_seed_mse"": 0.24909617077477564, ""time_only_mse"": 0.32814295665927457, ""mean_time"": 0.7669173053332737, ""time_quantiles"": [0.5789473772048951, 0.7894737124443054, 0.9473684430122375]}, {""regime"": ""below_wall_top"", ""seed"": 2, ""samples"": 15, ""episodes"": 4, ""global_held_seed_mse"": 0.18887383763488963, ""time_only_mse"": 0.3948960705833212, ""mean_time"": 0.7789473732312521, ""time_quantiles"": [0.6526315689086915, 0.7894737124443054, 0.9263157963752746]}, {""regime"": ""below_wall_top"", ""seed"": 3, ""samples"": 29, ""episodes"": 6, ""global_held_seed_mse"": 0.2029998585462666, ""time_only_mse"": 0.3471797882297939, ""mean_time"": 0.7858439252294344, ""time_quantiles"": [0.5684210538864136, 0.8421052694320679, 0.9473684430122375]}, {""regime"": ""at_or_above_wall_top"", ""seed"": null, ""samples"": 2799, ""episodes"": 150, ""global_held_seed_mse"": 0.1369995640229273, ""time_only_mse"": 0.24793352270318156, ""mean_time"": 0.4680807074028153, ""time_quantiles"": [0.05263157933950424, 0.4736842215061188, 0.8947368264198303]}, {""regime"": ""at_or_above_wall_top"", ""seed"": 1, ""samples"": 943, ""episodes"": 50, ""global_held_seed_mse"": 0.13885634040802539, ""time_only_mse"": 0.24807045763349864, ""mean_time"": 0.4715075087224944, ""time_quantiles"": [0.05263157933950424, 0.4736842215061188, 0.8947368264198303]}, {""regime"": ""at_or_above_wall_top"", ""seed"": 2, ""samples"": 935, ""episodes"": 50, ""global_held_seed_mse"": 0.13230360392753565, ""time_only_mse"": 0.24672252174819034, ""mean_time"": 0.46878694252853087, ""time_quantiles"": [0.05263157933950424, 0.4736842215061188, 0.8947368264198303]}, {""regime"": ""at_or_above_wall_top"", ""seed"": 3, ""samples"": 921, ""episodes"": 50, ""global_held_seed_mse"": 0.1398657774409987, ""time_only_mse"": 0.2490227260187383, ""mean_time"": 0.463855079295322, ""time_quantiles"": [0.05263157933950424, 0.4736842215061188, 0.8421052694320679]}], ""time_confounding"": ""Regimes have different time and trajectory composition; residual differences do not identify causal regimes or HMM states.""}",,,,none_validated,"{""linear_score"": ""measured_discovery_only"", ""nonlinear_gain"": ""pending_measurement"", ""best_coordinate_frame"": ""pending_measurement"", ""geometry"": ""descriptive_common_metric_discovery_geometry"", ""cross_trajectory_stability"": ""measured_discovery_only"", ""regime_dependence"": ""measured_discovery_only"", ""causal_patch_effect"": ""pending_measurement"", ""specificity"": ""pending_measurement"", ""manifold_distance"": ""pending_measurement"", ""recommended_operator"": ""not_yet_justified""}","[{""path"": ""artifacts/geometry_map/reach_wall_v1/cached-geometry-v2/cached_geometry.json"", ""item"": ""rows[29]""}, {""path"": ""artifacts/geometry_map/reach_wall_v1/cached-geometry-v2/cached_geometry.json"", ""item"": ""sites[3]""}]"
reach-wall/predictor/block-5/spatial-mean/action_dx,reach-wall,predictor,5,block_residual_output,mean_of_256_spatial_tokens,1,action_dx,"{""metric"": ""r2"", ""score"": 0.6037014057269958, ""time_baseline"": 0.0033910809446688894, ""delta_vs_time"": 0.6003103247823269}","{""knn_score"": 0.056731478972745886, ""linear_score"": 0.6037014057269958, ""nonlinear_gain"": -0.5469699267542499}",,"{""participation_ratio"": 3.369516863492582, ""top10_variance_fraction"": 0.8602852108835968, ""adjacent_timestep_cosine_mean"": 0.9979302805181605, ""eigenspectrum_reference"": ""sites.predictor.block5.eigenspectrum"", ""common_metric_subspace_comparisons_reference"": ""sites.predictor.block5.subspace_comparisons""}",,,,,,none_validated,"{""linear_score"": ""measured_discovery_only"", ""nonlinear_gain"": ""measured_discovery_only"", ""best_coordinate_frame"": ""pending_measurement"", ""geometry"": ""descriptive_common_metric_discovery_geometry"", ""cross_trajectory_stability"": ""pending_measurement"", ""regime_dependence"": ""pending_measurement"", ""causal_patch_effect"": ""pending_measurement"", ""specificity"": ""pending_measurement"", ""manifold_distance"": ""pending_measurement"", ""recommended_operator"": ""not_yet_justified""}","[{""path"": ""artifacts/geometry_map/reach_wall_v1/discovery-screen/discovery_screen.json"", ""item"": ""rows[369]""}, {""path"": ""artifacts/geometry_map/reach_wall_v1/cached-geometry-v2/nonlinear_screen.json"", ""item"": ""rows[138]""}, {""path"": ""artifacts/geometry_map/reach_wall_v1/spatial-screen/spatial_screen.json"", ""item"": ""maps.predictor.block5.action_dx""}, {""path"": ""artifacts/geometry_map/reach_wall_v1/cached-geometry-v2/cached_geometry.json"", ""item"": ""sites[3]""}]"
reach-wall/predictor/block-5/spatial-mean/action_dy,reach-wall,predictor,5,block_residual_output,mean_of_256_spatial_tokens,1,action_dy,"{""metric"": ""r2"", ""score"": 0.7968314959313104, ""time_baseline"": 0.6287213192564175, ""delta_vs_time"": 0.16811017667489292}","{""knn_score"": 0.6261861292985845, ""linear_score"": 0.7968314959313104, ""nonlinear_gain"": -0.1706453666327259}",,"{""participation_ratio"": 3.369516863492582, ""top10_variance_fraction"": 0.8602852108835968, ""adjacent_timestep_cosine_mean"": 0.9979302805181605, ""eigenspectrum_reference"": ""sites.predictor.block5.eigenspectrum"", ""common_metric_subspace_comparisons_reference"": ""sites.predictor.block5.subspace_comparisons""}",,,,,,none_validated,"{""linear_score"": ""measured_discovery_only"", ""nonlinear_gain"": ""measured_discovery_only"", ""best_coordinate_frame"": ""pending_measurement"", ""geometry"": ""descriptive_common_metric_discovery_geometry"", ""cross_trajectory_stability"": ""pending_measurement"", ""regime_dependence"": ""pending_measurement"", ""causal_patch_effect"": ""pending_measurement"", ""specificity"": ""pending_measurement"", ""manifold_distance"": ""pending_measurement"", ""recommended_operator"": ""not_yet_justified""}","[{""path"": ""artifacts/geometry_map/reach_wall_v1/discovery-screen/discovery_screen.json"", ""item"": ""rows[370]""}, {""path"": ""artifacts/geometry_map/reach_wall_v1/cached-geometry-v2/nonlinear_screen.json"", ""item"": ""rows[139]""}, {""path"": ""artifacts/geometry_map/reach_wall_v1/spatial-screen/spatial_screen.json"", ""item"": ""maps.predictor.block5.action_dy""}, {""path"": ""artifacts/geometry_map/reach_wall_v1/cached-geometry-v2/cached_geometry.json"", ""item"": ""sites[3]""}]"
reach-wall/predictor/block-5/spatial-mean/action_dz,reach-wall,predictor,5,block_residual_output,mean_of_256_spatial_tokens,1,action_dz,"{""metric"": ""r2"", ""score"": 0.5925631444459167, ""time_baseline"": 0.02788791500905774, ""delta_vs_time"": 0.564675229436859}","{""knn_score"": 0.1789788950501625, ""linear_score"": 0.5925631444459167, ""nonlinear_gain"": -0.4135842493957542}",,"{""participation_ratio"": 3.369516863492582, ""top10_variance_fraction"": 0.8602852108835968, ""adjacent_timestep_cosine_mean"": 0.9979302805181605, ""eigenspectrum_reference"": ""sites.predictor.block5.eigenspectrum"", ""common_metric_subspace_comparisons_reference"": ""sites.predictor.block5.subspace_comparisons""}",,,,,,none_validated,"{""linear_score"": ""measured_discovery_only"", ""nonlinear_gain"": ""measured_discovery_only"", ""best_coordinate_frame"": ""pending_measurement"", ""geometry"": ""descriptive_common_metric_discovery_geometry"", ""cross_trajectory_stability"": ""pending_measurement"", ""regime_dependence"": ""pending_measurement"", ""causal_patch_effect"": ""pending_measurement"", ""specificity"": ""pending_measurement"", ""manifold_distance"": ""pending_measurement"", ""recommended_operator"": ""not_yet_justified""}","[{""path"": ""artifacts/geometry_map/reach_wall_v1/discovery-screen/discovery_screen.json"", ""item"": ""rows[371]""}, {""path"": ""artifacts/geometry_map/reach_wall_v1/cached-geometry-v2/nonlinear_screen.json"", ""item"": ""rows[140]""}, {""path"": ""artifacts/geometry_map/reach_wall_v1/spatial-screen/spatial_screen.json"", ""item"": ""maps.predictor.block5.action_dz""}, {""path"": ""artifacts/geometry_map/reach_wall_v1/cached-geometry-v2/cached_geometry.json"", ""item"": ""sites[3]""}]"
reach-wall/predictor/block-5/spatial-mean/action_net_norm,reach-wall,predictor,5,block_residual_output,mean_of_256_spatial_tokens,1,action_net_norm,"{""metric"": ""r2"", ""score"": 0.5970002347070686, ""time_baseline"": 0.4870869163889663, ""delta_vs_time"": 0.10991331831810236}",,,"{""eigenspectrum_reference"": ""sites.predictor.block5.eigenspectrum"", ""common_metric_subspace_comparisons_reference"": ""sites.predictor.block5.subspace_comparisons""}","{""status"": ""not_run"", ""reason"": ""Focused bootstrap covers progress, clearance and XZ direction""}","{""status"": ""descriptive_physical_regimes"", ""groups"": [{""regime"": ""below_wall_top"", ""seed"": null, ""samples"": 51, ""episodes"": 13, ""global_held_seed_mse"": 2.7429829134895924, ""time_only_mse"": 4.296760960113498, ""mean_time"": 0.7812177562246135, ""time_quantiles"": [0.5789473652839661, 0.7894737124443054, 0.9473684430122375]}, {""regime"": ""below_wall_top"", ""seed"": 1, ""samples"": 7, ""episodes"": 3, ""global_held_seed_mse"": 2.2167206832002972, ""time_only_mse"": 1.236715122960698, ""mean_time"": 0.7669173053332737, ""time_quantiles"": [0.5789473772048951, 0.7894737124443054, 0.9473684430122375]}, {""regime"": ""below_wall_top"", ""seed"": 2, ""samples"": 15, ""episodes"": 4, ""global_held_seed_mse"": 5.032860769196727, ""time_only_mse"": 9.72477954738707, ""mean_time"": 0.7789473732312521, ""time_quantiles"": [0.6526315689086915, 0.7894737124443054, 0.9263157963752746]}, {""regime"": ""below_wall_top"", ""seed"": 3, ""samples"": 29, ""episodes"": 6, ""global_held_seed_mse"": 1.68559214715918, ""time_only_mse"": 2.227796892905427, ""mean_time"": 0.7858439252294344, ""time_quantiles"": [0.5684210538864136, 0.8421052694320679, 0.9473684430122375]}, {""regime"": ""at_or_above_wall_top"", ""seed"": null, ""samples"": 2799, ""episodes"": 150, ""global_held_seed_mse"": 1.2011478362529115, ""time_only_mse"": 1.5140665890661464, ""mean_time"": 0.4680807074028153, ""time_quantiles"": [0.05263157933950424, 0.4736842215061188, 0.8947368264198303]}, {""regime"": ""at_or_above_wall_top"", ""seed"": 1, ""samples"": 943, ""episodes"": 50, ""global_held_seed_mse"": 1.2006296610679397, ""time_only_mse"": 1.4242424006778094, ""mean_time"": 0.4715075087224944, ""time_quantiles"": [0.05263157933950424, 0.4736842215061188, 0.8947368264198303]}, {""regime"": ""at_or_above_wall_top"", ""seed"": 2, ""samples"": 935, ""episodes"": 50, ""global_held_seed_mse"": 1.1791314377026, ""time_only_mse"": 1.5713040773971467, ""mean_time"": 0.46878694252853087, ""time_quantiles"": [0.05263157933950424, 0.4736842215061188, 0.8947368264198303]}, {""regime"": ""at_or_above_wall_top"", ""seed"": 3, ""samples"": 921, ""episodes"": 50, ""global_held_seed_mse"": 1.2240294560617817, ""time_only_mse"": 1.5479288670908125, ""mean_time"": 0.463855079295322, ""time_quantiles"": [0.05263157933950424, 0.4736842215061188, 0.8421052694320679]}], ""time_confounding"": ""Regimes have different time and trajectory composition; residual differences do not identify causal regimes or HMM states.""}",,,,none_validated,"{""linear_score"": ""measured_discovery_only"", ""nonlinear_gain"": ""pending_measurement"", ""best_coordinate_frame"": ""pending_measurement"", ""geometry"": ""descriptive_common_metric_discovery_geometry"", ""cross_trajectory_stability"": ""measured_discovery_only"", ""regime_dependence"": ""measured_discovery_only"", ""causal_patch_effect"": ""pending_measurement"", ""specificity"": ""pending_measurement"", ""manifold_distance"": ""pending_measurement"", ""recommended_operator"": ""not_yet_justified""}","[{""path"": ""artifacts/geometry_map/reach_wall_v1/cached-geometry-v2/cached_geometry.json"", ""item"": ""rows[30]""}, {""path"": ""artifacts/geometry_map/reach_wall_v1/cached-geometry-v2/cached_geometry.json"", ""item"": ""sites[3]""}]"
reach-wall/predictor/block-5/spatial-mean/cumulative_progress,reach-wall,predictor,5,block_residual_output,mean_of_256_spatial_tokens,1,cumulative_progress,"{""metric"": ""r2"", ""score"": 0.9541271016417788, ""time_baseline"": 0.9222151825002093, ""delta_vs_time"": 0.031911919141569545}","{""knn_score"": 0.9255552143837958, ""linear_score"": 0.9541271010249978, ""nonlinear_gain"": -0.028571886641201916}",,"{""participation_ratio"": 3.369516863492582, ""top10_variance_fraction"": 0.8602852108835968, ""adjacent_timestep_cosine_mean"": 0.9979302805181605, ""eigenspectrum_reference"": ""sites.predictor.block5.eigenspectrum"", ""common_metric_subspace_comparisons_reference"": ""sites.predictor.block5.subspace_comparisons""}","{""status"": ""not_run"", ""reason"": ""Focused bootstrap covers progress, clearance and XZ direction""}","{""status"": ""descriptive_physical_regimes"", ""groups"": [{""regime"": ""below_wall_top"", ""seed"": null, ""samples"": 51, ""episodes"": 13, ""global_held_seed_mse"": 0.0012743243318424676, ""time_only_mse"": 0.0010581333179116642, ""mean_time"": 0.7812177562246135, ""time_quantiles"": [0.5789473652839661, 0.7894737124443054, 0.9473684430122375]}, {""regime"": ""below_wall_top"", ""seed"": 1, ""samples"": 7, ""episodes"": 3, ""global_held_seed_mse"": 0.00017098968139641585, ""time_only_mse"": 0.0002068010813422921, ""mean_time"": 0.7669173053332737, ""time_quantiles"": [0.5789473772048951, 0.7894737124443054, 0.9473684430122375]}, {""regime"": ""below_wall_top"", ""seed"": 2, ""samples"": 15, ""episodes"": 4, ""global_held_seed_mse"": 0.0014359641987720185, ""time_only_mse"": 0.001185093929917533, ""mean_time"": 0.7789473732312521, ""time_quantiles"": [0.6526315689086915, 0.7894737124443054, 0.9263157963752746]}, {""regime"": ""below_wall_top"", ""seed"": 3, ""samples"": 29, ""episodes"": 6, ""global_held_seed_mse"": 0.0014570396611245052, ""time_only_mse"": 0.0011979580239770975, ""mean_time"": 0.7858439252294344, ""time_quantiles"": [0.5684210538864136, 0.8421052694320679, 0.9473684430122375]}, {""regime"": ""at_or_above_wall_top"", ""seed"": null, ""samples"": 2799, ""episodes"": 150, ""global_held_seed_mse"": 0.00023406190630943948, ""time_only_mse"": 0.00041698113286670096, ""mean_time"": 0.4680807074028153, ""time_quantiles"": [0.05263157933950424, 0.4736842215061188, 0.8947368264198303]}, {""regime"": ""at_or_above_wall_top"", ""seed"": 1, ""samples"": 943, ""episodes"": 50, ""global_held_seed_mse"": 0.00020235638727261, ""time_only_mse"": 0.0003539398806516751, ""mean_time"": 0.4715075087224944, ""time_quantiles"": [0.05263157933950424, 0.4736842215061188, 0.8947368264198303]}, {""regime"": ""at_or_above_wall_top"", ""seed"": 2, ""samples"": 935, ""episodes"": 50, ""global_held_seed_mse"": 0.0002931966518793966, ""time_only_mse"": 0.0005289932176593962, ""mean_time"": 0.46878694252853087, ""time_quantiles"": [0.05263157933950424, 0.4736842215061188, 0.8947368264198303]}, {""regime"": ""at_or_above_wall_top"", ""seed"": 3, ""samples"": 921, ""episodes"": 50, ""global_held_seed_mse"": 0.00020649113252422803, ""time_only_mse"": 0.00036781349069254176, ""mean_time"": 0.463855079295322, ""time_quantiles"": [0.05263157933950424, 0.4736842215061188, 0.8421052694320679]}], ""time_confounding"": ""Regimes have different time and trajectory composition; residual differences do not identify causal regimes or HMM states.""}",,,,none_validated,"{""linear_score"": ""measured_discovery_only"", ""nonlinear_gain"": ""measured_discovery_only"", ""best_coordinate_frame"": ""pending_measurement"", ""geometry"": ""descriptive_common_metric_discovery_geometry"", ""cross_trajectory_stability"": ""measured_discovery_only"", ""regime_dependence"": ""measured_discovery_only"", ""causal_patch_effect"": ""pending_measurement"", ""specificity"": ""pending_measurement"", ""manifold_distance"": ""pending_measurement"", ""recommended_operator"": ""not_yet_justified""}","[{""path"": ""artifacts/geometry_map/reach_wall_v1/discovery-screen/discovery_screen.json"", ""item"": ""rows[358]""}, {""path"": ""artifacts/geometry_map/reach_wall_v1/emergence-geometry/emergence_geometry.json"", ""item"": ""curves.predictor.progress.rows.layer=5""}, {""path"": ""artifacts/geometry_map/reach_wall_v1/cached-geometry-v2/nonlinear_screen.json"", ""item"": ""rows[127]""}, {""path"": ""artifacts/geometry_map/reach_wall_v1/spatial-screen/spatial_screen.json"", ""item"": ""maps.predictor.block5.progress""}, {""path"": ""artifacts/geometry_map/reach_wall_v1/cached-geometry-v2/cached_geometry.json"", ""item"": ""rows[25]""}, {""path"": ""artifacts/geometry_map/reach_wall_v1/cached-geometry-v2/cached_geometry.json"", ""item"": ""sites[3]""}]"
reach-wall/predictor/block-5/spatial-mean/expert_detour_gate,reach-wall,predictor,5,block_residual_output,mean_of_256_spatial_tokens,1,expert_detour_gate,"{""metric"": ""auroc"", ""score"": 0.9981594470461094, ""time_baseline"": 0.978149765850144, ""delta_vs_time"": 0.020009681195965356}","{""knn_score"": 0.9969543007524816, ""linear_score"": 0.9981594470461094, ""nonlinear_gain"": -0.001205146293627779}",,"{""participation_ratio"": 3.369516863492582, ""top10_variance_fraction"": 0.8602852108835968, ""adjacent_timestep_cosine_mean"": 0.9979302805181605, ""eigenspectrum_reference"": ""sites.predictor.block5.eigenspectrum"", ""common_metric_subspace_comparisons_reference"": ""sites.predictor.block5.subspace_comparisons""}",,,,,,none_validated,"{""linear_score"": ""measured_discovery_only"", ""nonlinear_gain"": ""measured_discovery_only"", ""best_coordinate_frame"": ""pending_measurement"", ""geometry"": ""descriptive_common_metric_discovery_geometry"", ""cross_trajectory_stability"": ""pending_measurement"", ""regime_dependence"": ""pending_measurement"", ""causal_patch_effect"": ""pending_measurement"", ""specificity"": ""pending_measurement"", ""manifold_distance"": ""pending_measurement"", ""recommended_operator"": ""not_yet_justified""}","[{""path"": ""artifacts/geometry_map/reach_wall_v1/discovery-screen/discovery_screen.json"", ""item"": ""rows[368]""}, {""path"": ""artifacts/geometry_map/reach_wall_v1/cached-geometry-v2/nonlinear_screen.json"", ""item"": ""rows[137]""}, {""path"": ""artifacts/geometry_map/reach_wall_v1/spatial-screen/spatial_screen.json"", ""item"": ""maps.predictor.block5.expert_detour_gate""}, {""path"": ""artifacts/geometry_map/reach_wall_v1/cached-geometry-v2/cached_geometry.json"", ""item"": ""sites[3]""}]"
reach-wall/predictor/block-5/spatial-mean/goal_distance,reach-wall,predictor,5,block_residual_output,mean_of_256_spatial_tokens,1,goal_distance,"{""metric"": ""r2"", ""score"": 0.9423710142716437, ""time_baseline"": 0.908897827090231, ""delta_vs_time"": 0.03347318718141268}","{""knn_score"": 0.9068190093003732, ""linear_score"": 0.9423710142716437, ""nonlinear_gain"": -0.035552004971270534}",,"{""participation_ratio"": 3.369516863492582, ""top10_variance_fraction"": 0.8602852108835968, ""adjacent_timestep_cosine_mean"": 0.9979302805181605, ""eigenspectrum_reference"": ""sites.predictor.block5.eigenspectrum"", ""common_metric_subspace_comparisons_reference"": ""sites.predictor.block5.subspace_comparisons""}",,,,,,none_validated,"{""linear_score"": ""measured_discovery_only"", ""nonlinear_gain"": ""measured_discovery_only"", ""best_coordinate_frame"": ""pending_measurement"", ""geometry"": ""descriptive_common_metric_discovery_geometry"", ""cross_trajectory_stability"": ""pending_measurement"", ""regime_dependence"": ""pending_measurement"", ""causal_patch_effect"": ""pending_measurement"", ""specificity"": ""pending_measurement"", ""manifold_distance"": ""pending_measurement"", ""recommended_operator"": ""not_yet_justified""}","[{""path"": ""artifacts/geometry_map/reach_wall_v1/discovery-screen/discovery_screen.json"", ""item"": ""rows[357]""}, {""path"": ""artifacts/geometry_map/reach_wall_v1/cached-geometry-v2/nonlinear_screen.json"", ""item"": ""rows[126]""}, {""path"": ""artifacts/geometry_map/reach_wall_v1/spatial-screen/spatial_screen.json"", ""item"": ""maps.predictor.block5.goal_distance""}, {""path"": ""artifacts/geometry_map/reach_wall_v1/cached-geometry-v2/cached_geometry.json"", ""item"": ""sites[3]""}]"
reach-wall/predictor/block-5/spatial-mean/goal_vector_x,reach-wall,predictor,5,block_residual_output,mean_of_256_spatial_tokens,1,goal_vector_x,"{""metric"": ""r2"", ""score"": 0.10386431712868771, ""time_baseline"": 0.08054582471970773, ""delta_vs_time"": 0.023318492408979985}","{""knn_score"": 0.10761004440746458, ""linear_score"": 0.10386431712868771, ""nonlinear_gain"": 0.003745727278776867}",,"{""participation_ratio"": 3.369516863492582, ""top10_variance_fraction"": 0.8602852108835968, ""adjacent_timestep_cosine_mean"": 0.9979302805181605, ""eigenspectrum_reference"": ""sites.predictor.block5.eigenspectrum"", ""common_metric_subspace_comparisons_reference"": ""sites.predictor.block5.subspace_comparisons""}",,,,,,none_validated,"{""linear_score"": ""measured_discovery_only"", ""nonlinear_gain"": ""measured_discovery_only"", ""best_coordinate_frame"": ""pending_measurement"", ""geometry"": ""descriptive_common_metric_discovery_geometry"", ""cross_trajectory_stability"": ""pending_measurement"", ""regime_dependence"": ""pending_measurement"", ""causal_patch_effect"": ""pending_measurement"", ""specificity"": ""pending_measurement"", ""manifold_distance"": ""pending_measurement"", ""recommended_operator"": ""not_yet_justified""}","[{""path"": ""artifacts/geometry_map/reach_wall_v1/discovery-screen/discovery_screen.json"", ""item"": ""rows[362]""}, {""path"": ""artifacts/geometry_map/reach_wall_v1/cached-geometry-v2/nonlinear_screen.json"", ""item"": ""rows[131]""}, {""path"": ""artifacts/geometry_map/reach_wall_v1/spatial-screen/spatial_screen.json"", ""item"": ""maps.predictor.block5.goal_vector_x""}, {""path"": ""artifacts/geometry_map/reach_wall_v1/cached-geometry-v2/cached_geometry.json"", ""item"": ""sites[3]""}]"
reach-wall/predictor/block-5/spatial-mean/goal_vector_y,reach-wall,predictor,5,block_residual_output,mean_of_256_spatial_tokens,1,goal_vector_y,"{""metric"": ""r2"", ""score"": 0.9728086875087473, ""time_baseline"": 0.9568517433439947, ""delta_vs_time"": 0.015956944164752573}","{""knn_score"": 0.9450731344342144, ""linear_score"": 0.9728086875087473, ""nonlinear_gain"": -0.027735553074532904}",,"{""participation_ratio"": 3.369516863492582, ""top10_variance_fraction"": 0.8602852108835968, ""adjacent_timestep_cosine_mean"": 0.9979302805181605, ""eigenspectrum_reference"": ""sites.predictor.block5.eigenspectrum"", ""common_metric_subspace_comparisons_reference"": ""sites.predictor.block5.subspace_comparisons""}",,,,,,none_validated,"{""linear_score"": ""measured_discovery_only"", ""nonlinear_gain"": ""measured_discovery_only"", ""best_coordinate_frame"": ""pending_measurement"", ""geometry"": ""descriptive_common_metric_discovery_geometry"", ""cross_trajectory_stability"": ""pending_measurement"", ""regime_dependence"": ""pending_measurement"", ""causal_patch_effect"": ""pending_measurement"", ""specificity"": ""pending_measurement"", ""manifold_distance"": ""pending_measurement"", ""recommended_operator"": ""not_yet_justified""}","[{""path"": ""artifacts/geometry_map/reach_wall_v1/discovery-screen/discovery_screen.json"", ""item"": ""rows[363]""}, {""path"": ""artifacts/geometry_map/reach_wall_v1/cached-geometry-v2/nonlinear_screen.json"", ""item"": ""rows[132]""}, {""path"": ""artifacts/geometry_map/reach_wall_v1/spatial-screen/spatial_screen.json"", ""item"": ""maps.predictor.block5.goal_vector_y""}, {""path"": ""artifacts/geometry_map/reach_wall_v1/cached-geometry-v2/cached_geometry.json"", ""item"": ""sites[3]""}]"
reach-wall/predictor/block-5/spatial-mean/goal_vector_z,reach-wall,predictor,5,block_residual_output,mean_of_256_spatial_tokens,1,goal_vector_z,"{""metric"": ""r2"", ""score"": 0.5958386458636907, ""time_baseline"": 0.044334510544640326, ""delta_vs_time"": 0.5515041353190504}","{""knn_score"": 0.4735557997649634, ""linear_score"": 0.5958386458636907, ""nonlinear_gain"": -0.1222828460987273}",,"{""participation_ratio"": 3.369516863492582, ""top10_variance_fraction"": 0.8602852108835968, ""adjacent_timestep_cosine_mean"": 0.9979302805181605, ""eigenspectrum_reference"": ""sites.predictor.block5.eigenspectrum"", ""common_metric_subspace_comparisons_reference"": ""sites.predictor.block5.subspace_comparisons""}",,,,,,none_validated,"{""linear_score"": ""measured_discovery_only"", ""nonlinear_gain"": ""measured_discovery_only"", ""best_coordinate_frame"": ""pending_measurement"", ""geometry"": ""descriptive_common_metric_discovery_geometry"", ""cross_trajectory_stability"": ""pending_measurement"", ""regime_dependence"": ""pending_measurement"", ""causal_patch_effect"": ""pending_measurement"", ""specificity"": ""pending_measurement"", ""manifold_distance"": ""pending_measurement"", ""recommended_operator"": ""not_yet_justified""}","[{""path"": ""artifacts/geometry_map/reach_wall_v1/discovery-screen/discovery_screen.json"", ""item"": ""rows[364]""}, {""path"": ""artifacts/geometry_map/reach_wall_v1/cached-geometry-v2/nonlinear_screen.json"", ""item"": ""rows[133]""}, {""path"": ""artifacts/geometry_map/reach_wall_v1/spatial-screen/spatial_screen.json"", ""item"": ""maps.predictor.block5.goal_vector_z""}, {""path"": ""artifacts/geometry_map/reach_wall_v1/cached-geometry-v2/cached_geometry.json"", ""item"": ""sites[3]""}]"
reach-wall/predictor/block-5/spatial-mean/goal_xz_direction,reach-wall,predictor,5,block_residual_output,mean_of_256_spatial_tokens,1,goal_xz_direction,"{""metric"": ""r2"", ""score"": 0.38351206501492113, ""time_baseline"": null, ""delta_vs_time"": null}",,,"{""eigenspectrum_reference"": ""sites.predictor.block5.eigenspectrum"", ""common_metric_subspace_comparisons_reference"": ""sites.predictor.block5.subspace_comparisons""}",,,,,,none_validated,"{""linear_score"": ""measured_discovery_only"", ""nonlinear_gain"": ""pending_measurement"", ""best_coordinate_frame"": ""pending_measurement"", ""geometry"": ""descriptive_common_metric_discovery_geometry"", ""cross_trajectory_stability"": ""pending_measurement"", ""regime_dependence"": ""pending_measurement"", ""causal_patch_effect"": ""pending_measurement"", ""specificity"": ""pending_measurement"", ""manifold_distance"": ""pending_measurement"", ""recommended_operator"": ""not_yet_justified""}","[{""path"": ""artifacts/geometry_map/reach_wall_v1/emergence-geometry/emergence_geometry.json"", ""item"": ""curves.predictor.goal_xz_direction.rows.layer=5""}, {""path"": ""artifacts/geometry_map/reach_wall_v1/cached-geometry-v2/cached_geometry.json"", ""item"": ""sites[3]""}]"
reach-wall/predictor/block-5/spatial-mean/hand_to_goal_segment_intersects_wall,reach-wall,predictor,5,block_residual_output,mean_of_256_spatial_tokens,1,hand_to_goal_segment_intersects_wall,"{""metric"": ""auroc"", ""score"": 0.9910864559422721, ""time_baseline"": 0.9019247457737662, ""delta_vs_time"": 0.08916171016850583}","{""knn_score"": 0.9792225650353552, ""linear_score"": 0.9910864559422721, ""nonlinear_gain"": -0.011863890906916863}",,"{""participation_ratio"": 3.369516863492582, ""top10_variance_fraction"": 0.8602852108835968, ""adjacent_timestep_cosine_mean"": 0.9979302805181605, ""eigenspectrum_reference"": ""sites.predictor.block5.eigenspectrum"", ""common_metric_subspace_comparisons_reference"": ""sites.predictor.block5.subspace_comparisons""}",,,,,,none_validated,"{""linear_score"": ""measured_discovery_only"", ""nonlinear_gain"": ""measured_discovery_only"", ""best_coordinate_frame"": ""pending_measurement"", ""geometry"": ""descriptive_common_metric_discovery_geometry"", ""cross_trajectory_stability"": ""pending_measurement"", ""regime_dependence"": ""pending_measurement"", ""causal_patch_effect"": ""pending_measurement"", ""specificity"": ""pending_measurement"", ""manifold_distance"": ""pending_measurement"", ""recommended_operator"": ""not_yet_justified""}","[{""path"": ""artifacts/geometry_map/reach_wall_v1/discovery-screen/discovery_screen.json"", ""item"": ""rows[367]""}, {""path"": ""artifacts/geometry_map/reach_wall_v1/cached-geometry-v2/nonlinear_screen.json"", ""item"": ""rows[136]""}, {""path"": ""artifacts/geometry_map/reach_wall_v1/spatial-screen/spatial_screen.json"", ""item"": ""maps.predictor.block5.straight_path_intersects_wall""}, {""path"": ""artifacts/geometry_map/reach_wall_v1/cached-geometry-v2/cached_geometry.json"", ""item"": ""sites[3]""}]"
reach-wall/predictor/block-5/spatial-mean/hand_x,reach-wall,predictor,5,block_residual_output,mean_of_256_spatial_tokens,1,hand_x,"{""metric"": ""r2"", ""score"": 0.8407212065986166, ""time_baseline"": 0.058067306134002794, ""delta_vs_time"": 0.7826539004646138}","{""knn_score"": 0.584594639923486, ""linear_score"": 0.8407212065986166, ""nonlinear_gain"": -0.25612656667513056}",,"{""participation_ratio"": 3.369516863492582, ""top10_variance_fraction"": 0.8602852108835968, ""adjacent_timestep_cosine_mean"": 0.9979302805181605, ""eigenspectrum_reference"": ""sites.predictor.block5.eigenspectrum"", ""common_metric_subspace_comparisons_reference"": ""sites.predictor.block5.subspace_comparisons""}",,,,,,none_validated,"{""linear_score"": ""measured_discovery_only"", ""nonlinear_gain"": ""measured_discovery_only"", ""best_coordinate_frame"": ""pending_measurement"", ""geometry"": ""descriptive_common_metric_discovery_geometry"", ""cross_trajectory_stability"": ""pending_measurement"", ""regime_dependence"": ""pending_measurement"", ""causal_patch_effect"": ""pending_measurement"", ""specificity"": ""pending_measurement"", ""manifold_distance"": ""pending_measurement"", ""recommended_operator"": ""not_yet_justified""}","[{""path"": ""artifacts/geometry_map/reach_wall_v1/discovery-screen/discovery_screen.json"", ""item"": ""rows[359]""}, {""path"": ""artifacts/geometry_map/reach_wall_v1/cached-geometry-v2/nonlinear_screen.json"", ""item"": ""rows[128]""}, {""path"": ""artifacts/geometry_map/reach_wall_v1/spatial-screen/spatial_screen.json"", ""item"": ""maps.predictor.block5.hand_x""}, {""path"": ""artifacts/geometry_map/reach_wall_v1/cached-geometry-v2/cached_geometry.json"", ""item"": ""sites[3]""}]"
reach-wall/predictor/block-5/spatial-mean/hand_y,reach-wall,predictor,5,block_residual_output,mean_of_256_spatial_tokens,1,hand_y,"{""metric"": ""r2"", ""score"": 0.9969103124601254, ""time_baseline"": 0.9772521653309317, ""delta_vs_time"": 0.01965814712919367}","{""knn_score"": 0.9671283111677778, ""linear_score"": 0.9969103124601254, ""nonlinear_gain"": -0.02978200129234765}",,"{""participation_ratio"": 3.369516863492582, ""top10_variance_fraction"": 0.8602852108835968, ""adjacent_timestep_cosine_mean"": 0.9979302805181605, ""eigenspectrum_reference"": ""sites.predictor.block5.eigenspectrum"", ""common_metric_subspace_comparisons_reference"": ""sites.predictor.block5.subspace_comparisons""}",,,,,,none_validated,"{""linear_score"": ""measured_discovery_only"", ""nonlinear_gain"": ""measured_discovery_only"", ""best_coordinate_frame"": ""pending_measurement"", ""geometry"": ""descriptive_common_metric_discovery_geometry"", ""cross_trajectory_stability"": ""pending_measurement"", ""regime_dependence"": ""pending_measurement"", ""causal_patch_effect"": ""pending_measurement"", ""specificity"": ""pending_measurement"", ""manifold_distance"": ""pending_measurement"", ""recommended_operator"": ""not_yet_justified""}","[{""path"": ""artifacts/geometry_map/reach_wall_v1/discovery-screen/discovery_screen.json"", ""item"": ""rows[360]""}, {""path"": ""artifacts/geometry_map/reach_wall_v1/cached-geometry-v2/nonlinear_screen.json"", ""item"": ""rows[129]""}, {""path"": ""artifacts/geometry_map/reach_wall_v1/spatial-screen/spatial_screen.json"", ""item"": ""maps.predictor.block5.hand_y""}, {""path"": ""artifacts/geometry_map/reach_wall_v1/cached-geometry-v2/cached_geometry.json"", ""item"": ""sites[3]""}]"
reach-wall/predictor/block-5/spatial-mean/hand_z,reach-wall,predictor,5,block_residual_output,mean_of_256_spatial_tokens,1,hand_z,"{""metric"": ""r2"", ""score"": 0.9713883246457653, ""time_baseline"": 0.00804356141242546, ""delta_vs_time"": 0.9633447632333398}","{""knn_score"": 0.8798021558469482, ""linear_score"": 0.9713883246457653, ""nonlinear_gain"": -0.09158616879881709}",,"{""participation_ratio"": 3.369516863492582, ""top10_variance_fraction"": 0.8602852108835968, ""adjacent_timestep_cosine_mean"": 0.9979302805181605, ""eigenspectrum_reference"": ""sites.predictor.block5.eigenspectrum"", ""common_metric_subspace_comparisons_reference"": ""sites.predictor.block5.subspace_comparisons""}",,,,,,none_validated,"{""linear_score"": ""measured_discovery_only"", ""nonlinear_gain"": ""measured_discovery_only"", ""best_coordinate_frame"": ""pending_measurement"", ""geometry"": ""descriptive_common_metric_discovery_geometry"", ""cross_trajectory_stability"": ""pending_measurement"", ""regime_dependence"": ""pending_measurement"", ""causal_patch_effect"": ""pending_measurement"", ""specificity"": ""pending_measurement"", ""manifold_distance"": ""pending_measurement"", ""recommended_operator"": ""not_yet_justified""}","[{""path"": ""artifacts/geometry_map/reach_wall_v1/discovery-screen/discovery_screen.json"", ""item"": ""rows[361]""}, {""path"": ""artifacts/geometry_map/reach_wall_v1/cached-geometry-v2/nonlinear_screen.json"", ""item"": ""rows[130]""}, {""path"": ""artifacts/geometry_map/reach_wall_v1/spatial-screen/spatial_screen.json"", ""item"": ""maps.predictor.block5.hand_z""}, {""path"": ""artifacts/geometry_map/reach_wall_v1/cached-geometry-v2/cached_geometry.json"", ""item"": ""sites[3]""}]"
reach-wall/predictor/block-5/spatial-mean/height_above_wall_top,reach-wall,predictor,5,block_residual_output,mean_of_256_spatial_tokens,1,height_above_wall_top,"{""metric"": ""r2"", ""score"": 0.9713883239627986, ""time_baseline"": 0.008043558955029284, ""delta_vs_time"": 0.9633447650077693}","{""knn_score"": 0.8798021519040351, ""linear_score"": 0.9713883239627986, ""nonlinear_gain"": -0.09158617205876352}",,"{""participation_ratio"": 3.369516863492582, ""top10_variance_fraction"": 0.8602852108835968, ""adjacent_timestep_cosine_mean"": 0.9979302805181605, ""eigenspectrum_reference"": ""sites.predictor.block5.eigenspectrum"", ""common_metric_subspace_comparisons_reference"": ""sites.predictor.block5.subspace_comparisons""}",,,,,,none_validated,"{""linear_score"": ""measured_discovery_only"", ""nonlinear_gain"": ""measured_discovery_only"", ""best_coordinate_frame"": ""pending_measurement"", ""geometry"": ""descriptive_common_metric_discovery_geometry"", ""cross_trajectory_stability"": ""pending_measurement"", ""regime_dependence"": ""pending_measurement"", ""causal_patch_effect"": ""pending_measurement"", ""specificity"": ""pending_measurement"", ""manifold_distance"": ""pending_measurement"", ""recommended_operator"": ""not_yet_justified""}","[{""path"": ""artifacts/geometry_map/reach_wall_v1/discovery-screen/discovery_screen.json"", ""item"": ""rows[366]""}, {""path"": ""artifacts/geometry_map/reach_wall_v1/cached-geometry-v2/nonlinear_screen.json"", ""item"": ""rows[135]""}, {""path"": ""artifacts/geometry_map/reach_wall_v1/spatial-screen/spatial_screen.json"", ""item"": ""maps.predictor.block5.height_above_wall_top""}, {""path"": ""artifacts/geometry_map/reach_wall_v1/cached-geometry-v2/cached_geometry.json"", ""item"": ""sites[3]""}]"
reach-wall/predictor/block-5/spatial-mean/realized_dx,reach-wall,predictor,5,block_residual_output,mean_of_256_spatial_tokens,1,realized_dx,"{""metric"": ""r2"", ""score"": 0.32106288093698876, ""time_baseline"": 0.005340828654275098, ""delta_vs_time"": 0.31572205228271366}","{""knn_score"": 0.10493945012921446, ""linear_score"": 0.32106288093698876, ""nonlinear_gain"": -0.2161234308077743}",,"{""participation_ratio"": 3.369516863492582, ""top10_variance_fraction"": 0.8602852108835968, ""adjacent_timestep_cosine_mean"": 0.9979302805181605, ""eigenspectrum_reference"": ""sites.predictor.block5.eigenspectrum"", ""common_metric_subspace_comparisons_reference"": ""sites.predictor.block5.subspace_comparisons""}",,,,,,none_validated,"{""linear_score"": ""measured_discovery_only"", ""nonlinear_gain"": ""measured_discovery_only"", ""best_coordinate_frame"": ""pending_measurement"", ""geometry"": ""descriptive_common_metric_discovery_geometry"", ""cross_trajectory_stability"": ""pending_measurement"", ""regime_dependence"": ""pending_measurement"", ""causal_patch_effect"": ""pending_measurement"", ""specificity"": ""pending_measurement"", ""manifold_distance"": ""pending_measurement"", ""recommended_operator"": ""not_yet_justified""}","[{""path"": ""artifacts/geometry_map/reach_wall_v1/discovery-screen/discovery_screen.json"", ""item"": ""rows[373]""}, {""path"": ""artifacts/geometry_map/reach_wall_v1/cached-geometry-v2/nonlinear_screen.json"", ""item"": ""rows[142]""}, {""path"": ""artifacts/geometry_map/reach_wall_v1/spatial-screen/spatial_screen.json"", ""item"": ""maps.predictor.block5.realized_dx""}, {""path"": ""artifacts/geometry_map/reach_wall_v1/cached-geometry-v2/cached_geometry.json"", ""item"": ""sites[3]""}]"
reach-wall/predictor/block-5/spatial-mean/realized_dy,reach-wall,predictor,5,block_residual_output,mean_of_256_spatial_tokens,1,realized_dy,"{""metric"": ""r2"", ""score"": 0.9017884858754996, ""time_baseline"": 0.7938417819030151, ""delta_vs_time"": 0.10794670397248451}","{""knn_score"": 0.8229816227719061, ""linear_score"": 0.9017884858754996, ""nonlinear_gain"": -0.07880686310359353}",,"{""participation_ratio"": 3.369516863492582, ""top10_variance_fraction"": 0.8602852108835968, ""adjacent_timestep_cosine_mean"": 0.9979302805181605, ""eigenspectrum_reference"": ""sites.predictor.block5.eigenspectrum"", ""common_metric_subspace_comparisons_reference"": ""sites.predictor.block5.subspace_comparisons""}",,,,,,none_validated,"{""linear_score"": ""measured_discovery_only"", ""nonlinear_gain"": ""measured_discovery_only"", ""best_coordinate_frame"": ""pending_measurement"", ""geometry"": ""descriptive_common_metric_discovery_geometry"", ""cross_trajectory_stability"": ""pending_measurement"", ""regime_dependence"": ""pending_measurement"", ""causal_patch_effect"": ""pending_measurement"", ""specificity"": ""pending_measurement"", ""manifold_distance"": ""pending_measurement"", ""recommended_operator"": ""not_yet_justified""}","[{""path"": ""artifacts/geometry_map/reach_wall_v1/discovery-screen/discovery_screen.json"", ""item"": ""rows[374]""}, {""path"": ""artifacts/geometry_map/reach_wall_v1/cached-geometry-v2/nonlinear_screen.json"", ""item"": ""rows[143]""}, {""path"": ""artifacts/geometry_map/reach_wall_v1/spatial-screen/spatial_screen.json"", ""item"": ""maps.predictor.block5.realized_dy""}, {""path"": ""artifacts/geometry_map/reach_wall_v1/cached-geometry-v2/cached_geometry.json"", ""item"": ""sites[3]""}]"
reach-wall/predictor/block-5/spatial-mean/realized_dz,reach-wall,predictor,5,block_residual_output,mean_of_256_spatial_tokens,1,realized_dz,"{""metric"": ""r2"", ""score"": 0.46462249409688106, ""time_baseline"": 0.07117442644816807, ""delta_vs_time"": 0.393448067648713}","{""knn_score"": 0.2958951606368625, ""linear_score"": 0.46462249409688106, ""nonlinear_gain"": -0.16872733346001856}",,"{""participation_ratio"": 3.369516863492582, ""top10_variance_fraction"": 0.8602852108835968, ""adjacent_timestep_cosine_mean"": 0.9979302805181605, ""eigenspectrum_reference"": ""sites.predictor.block5.eigenspectrum"", ""common_metric_subspace_comparisons_reference"": ""sites.predictor.block5.subspace_comparisons""}",,,,,,none_validated,"{""linear_score"": ""measured_discovery_only"", ""nonlinear_gain"": ""measured_discovery_only"", ""best_coordinate_frame"": ""pending_measurement"", ""geometry"": ""descriptive_common_metric_discovery_geometry"", ""cross_trajectory_stability"": ""pending_measurement"", ""regime_dependence"": ""pending_measurement"", ""causal_patch_effect"": ""pending_measurement"", ""specificity"": ""pending_measurement"", ""manifold_distance"": ""pending_measurement"", ""recommended_operator"": ""not_yet_justified""}","[{""path"": ""artifacts/geometry_map/reach_wall_v1/discovery-screen/discovery_screen.json"", ""item"": ""rows[375]""}, {""path"": ""artifacts/geometry_map/reach_wall_v1/cached-geometry-v2/nonlinear_screen.json"", ""item"": ""rows[144]""}, {""path"": ""artifacts/geometry_map/reach_wall_v1/spatial-screen/spatial_screen.json"", ""item"": ""maps.predictor.block5.realized_dz""}, {""path"": ""artifacts/geometry_map/reach_wall_v1/cached-geometry-v2/cached_geometry.json"", ""item"": ""sites[3]""}]"
reach-wall/predictor/block-5/spatial-mean/realized_hand_delta_magnitude,reach-wall,predictor,5,block_residual_output,mean_of_256_spatial_tokens,1,realized_hand_delta_magnitude,"{""metric"": ""r2"", ""score"": 0.7921533539808747, ""time_baseline"": 0.6130267917023396, ""delta_vs_time"": 0.17912656227853507}","{""knn_score"": 0.6952834916957096, ""linear_score"": 0.7921533539808747, ""nonlinear_gain"": -0.09686986228516514}",,"{""participation_ratio"": 3.369516863492582, ""top10_variance_fraction"": 0.8602852108835968, ""adjacent_timestep_cosine_mean"": 0.9979302805181605, ""eigenspectrum_reference"": ""sites.predictor.block5.eigenspectrum"", ""common_metric_subspace_comparisons_reference"": ""sites.predictor.block5.subspace_comparisons""}",,,,,,none_validated,"{""linear_score"": ""measured_discovery_only"", ""nonlinear_gain"": ""measured_discovery_only"", ""best_coordinate_frame"": ""pending_measurement"", ""geometry"": ""descriptive_common_metric_discovery_geometry"", ""cross_trajectory_stability"": ""pending_measurement"", ""regime_dependence"": ""pending_measurement"", ""causal_patch_effect"": ""pending_measurement"", ""specificity"": ""pending_measurement"", ""manifold_distance"": ""pending_measurement"", ""recommended_operator"": ""not_yet_justified""}","[{""path"": ""artifacts/geometry_map/reach_wall_v1/discovery-screen/discovery_screen.json"", ""item"": ""rows[376]""}, {""path"": ""artifacts/geometry_map/reach_wall_v1/emergence-geometry/emergence_geometry.json"", ""item"": ""curves.predictor.motion_magnitude.rows.layer=5""}, {""path"": ""artifacts/geometry_map/reach_wall_v1/cached-geometry-v2/nonlinear_screen.json"", ""item"": ""rows[145]""}, {""path"": ""artifacts/geometry_map/reach_wall_v1/spatial-screen/spatial_screen.json"", ""item"": ""maps.predictor.block5.realized_hand_delta_magnitude""}, {""path"": ""artifacts/geometry_map/reach_wall_v1/cached-geometry-v2/cached_geometry.json"", ""item"": ""sites[3]""}]"
reach-wall/predictor/block-5/spatial-mean/realized_motion_world,reach-wall,predictor,5,block_residual_output,mean_of_256_spatial_tokens,1,realized_motion_world,"{""metric"": ""r2"", ""score"": 0.6192632932923174, ""time_baseline"": 0.37444526958145574, ""delta_vs_time"": 0.2448180237108617}",,"{""status"": ""held_collection_seed_comparison"", ""scores"": {""world"": {""world_mse"": 7.720431081222547e-05, ""world_r2"": 0.6192632932923174}, ""goal_aligned"": {""world_mse"": 8.269433376584458e-05, ""world_r2"": 0.5921889856905775}, ""wall_constant_rotation"": {""world_mse"": 7.720431081222547e-05, ""world_r2"": 0.6192632932923174}}, ""folds"": [{""held_seed"": 1, ""frame"": ""world"", ""train_samples"": 1900, ""test_samples"": 950, ""world_mse"": 6.538208080522286e-05, ""world_r2"": 0.6521445744191883}, {""held_seed"": 1, ""frame"": ""goal_aligned"", ""train_samples"": 1900, ""test_samples"": 950, ""world_mse"": 7.057032156333139e-05, ""world_r2"": 0.6245413278614037}, {""held_seed"": 1, ""frame"": ""wall_constant_rotation"", ""train_samples"": 1900, ""test_samples"": 950, ""world_mse"": 6.538208080522286e-05, ""world_r2"": 0.6521445744191883}, {""held_seed"": 2, ""frame"": ""world"", ""train_samples"": 1900, ""test_samples"": 950, ""world_mse"": 8.05734118938971e-05, ""world_r2"": 0.6024897629010895}, {""held_seed"": 2, ""frame"": ""goal_aligned"", ""train_samples"": 1900, ""test_samples"": 950, ""world_mse"": 8.849060956316912e-05, ""world_r2"": 0.5634301395253833}, {""held_seed"": 2, ""frame"": ""wall_constant_rotation"", ""train_samples"": 1900, ""test_samples"": 950, ""world_mse"": 8.05734118938971e-05, ""world_r2"": 0.6024897629010895}, {""held_seed"": 3, ""frame"": ""world"", ""train_samples"": 1900, ""test_samples"": 950, ""world_mse"": 8.565743973755648e-05, ""world_r2"": 0.6061204685259756}, {""held_seed"": 3, ""frame"": ""goal_aligned"", ""train_samples"": 1900, ""test_samples"": 950, ""world_mse"": 8.902207017103325e-05, ""world_r2"": 0.5906488520174562}, {""held_seed"": 3, ""frame"": ""wall_constant_rotation"", ""train_samples"": 1900, ""test_samples"": 950, ""world_mse"": 8.565743973755648e-05, ""world_r2"": 0.6061204685259756}], ""evaluation_target"": ""Identical realized 3D world displacement and squared Euclidean world loss for every frame"", ""goal_basis_definition"": ""Columns: normalized current goal-minus-hand, normalized cross(world_up,goal_axis), cross(goal_axis,lateral)"", ""goal_frame_availability"": ""Requires current true hand/goal positions and world-up; cached simulator labels supply these. Runtime visual-only availability has not been established."", ""degeneracy"": {""zero_goal_distance_count"": 0, ""goal_parallel_to_up_count"": 0, ""valid_samples"": 2850, ""excluded_samples"": 0}, ""wall_rotation_max_prediction_difference"": 0.0, ""wall_frame_interpretation"": ""A constant orthogonal target rotation is algebraically equivalent under isotropic ridge; it cannot identify a native coordinate frame."", ""camera_frame"": {""status"": ""unavailable"", ""reason"": ""No camera extrinsic calibration in pooled cache""}, ""native_frame"": {""status"": ""not_identified"", ""reason"": ""Decoding compares functional parameterizations; state-dependent goal basis uses extra geometry.""}, ""episode_paired_world_mse_differences"": [{""seed"": 1, ""episode"": 0, ""world_minus_goal_world_mse"": -1.761022038078718e-05}, {""seed"": 1, ""episode"": 1, ""world_minus_goal_world_mse"": 1.003328094695792e-05}, {""seed"": 1, ""episode"": 2, ""world_minus_goal_world_mse"": 3.8107789240171556e-06}, {""seed"": 1, ""episode"": 3, ""world_minus_goal_world_mse"": -1.922820031841258e-05}, {""seed"": 1, ""episode"": 4, ""world_minus_goal_world_mse"": -1.2715436227883258e-06}, {""seed"": 1, ""episode"": 5, ""world_minus_goal_world_mse"": -1.0758242382939084e-05}, {""seed"": 1, ""episode"": 6, ""world_minus_goal_world_mse"": -7.083318006576958e-06}, {""seed"": 1, ""episode"": 7, ""world_minus_goal_world_mse"": 1.4999498006779798e-05}, {""seed"": 1, ""episode"": 8, ""world_minus_goal_world_mse"": 6.4402774805546664e-06}, {""seed"": 1, ""episode"": 9, ""world_minus_goal_world_mse"": -1.0694573478103084e-05}, {""seed"": 1, ""episode"": 10, ""world_minus_goal_world_mse"": 5.201327812621016e-06}, {""seed"": 1, ""episode"": 11, ""world_minus_goal_world_mse"": -2.197772979607298e-05}, {""seed"": 1, ""episode"": 12, ""world_minus_goal_world_mse"": -1.997865343968325e-05}, {""seed"": 1, ""episode"": 13, ""world_minus_goal_world_mse"": 1.750737034995674e-05}, {""seed"": 1, ""episode"": 14, ""world_minus_goal_world_mse"": 2.38124753626947e-06}, {""seed"": 1, ""episode"": 15, ""world_minus_goal_world_mse"": -2.541366371322938e-06}, {""seed"": 1, ""episode"": 16, ""world_minus_goal_world_mse"": -6.208906360001882e-06}, {""seed"": 1, ""episode"": 17, ""world_minus_goal_world_mse"": -1.3208299624345418e-05}, {""seed"": 1, ""episode"": 18, ""world_minus_goal_world_mse"": -3.2343414961803584e-07}, {""seed"": 1, ""episode"": 19, ""world_minus_goal_world_mse"": -8.097636578091474e-06}, {""seed"": 1, ""episode"": 20, ""world_minus_goal_world_mse"": -2.841620437405301e-05}, {""seed"": 1, ""episode"": 21, ""world_minus_goal_world_mse"": -5.179877909405591e-06}, {""seed"": 1, ""episode"": 22, ""world_minus_goal_world_mse"": -4.964313005990979e-06}, {""seed"": 1, ""episode"": 23, ""world_minus_goal_world_mse"": 2.6765853329273415e-06}, {""seed"": 1, ""episode"": 24, ""world_minus_goal_world_mse"": -1.0006089679214801e-05}, {""seed"": 1, ""episode"": 25, ""world_minus_goal_world_mse"": -6.306108181532214e-06}, {""seed"": 1, ""episode"": 26, ""world_minus_goal_world_mse"": -4.375489703171929e-06}, {""seed"": 1, ""episode"": 27, ""world_minus_goal_world_mse"": -1.5666697117982092e-06}, {""seed"": 1, ""episode"": 28, ""world_minus_goal_world_mse"": -1.801026157199786e-05}, {""seed"": 1, ""episode"": 29, ""world_minus_goal_world_mse"": -2.2391434979620275e-05}, {""seed"": 1, ""episode"": 30, ""world_minus_goal_world_mse"": 1.0901981132799656e-06}, {""seed"": 1, ""episode"": 31, ""world_minus_goal_world_mse"": -2.2768945027032245e-06}, {""seed"": 1, ""episode"": 32, ""world_minus_goal_world_mse"": 1.4289405199508738e-06}, {""seed"": 1, ""episode"": 33, ""world_minus_goal_world_mse"": 1.0281239642440845e-05}, {""seed"": 1, ""episode"": 34, ""world_minus_goal_world_mse"": 7.773606377604348e-07}, {""seed"": 1, ""episode"": 35, ""world_minus_goal_world_mse"": -6.019263698859916e-06}, {""seed"": 1, ""episode"": 36, ""world_minus_goal_world_mse"": -2.038885984579839e-06}, {""seed"": 1, ""episode"": 37, ""world_minus_goal_world_mse"": -1.7737293448745483e-05}, {""seed"": 1, ""episode"": 38, ""world_minus_goal_world_mse"": -2.0637326861777678e-05}, {""seed"": 1, ""episode"": 39, ""world_minus_goal_world_mse"": -7.57764424725739e-06}, {""seed"": 1, ""episode"": 40, ""world_minus_goal_world_mse"": 2.034448731746727e-06}, {""seed"": 1, ""episode"": 41, ""world_minus_goal_world_mse"": -5.466136785508785e-06}, {""seed"": 1, ""episode"": 42, ""world_minus_goal_world_mse"": 4.078774714914337e-05}, {""seed"": 1, ""episode"": 43, ""world_minus_goal_world_mse"": -4.653847604174609e-06}, {""seed"": 1, ""episode"": 44, ""world_minus_goal_world_mse"": 5.611447845565132e-06}, {""seed"": 1, ""episode"": 45, ""world_minus_goal_world_mse"": -1.092475003961568e-05}, {""seed"": 1, ""episode"": 46, ""world_minus_goal_world_mse"": -3.687615587329892e-05}, {""seed"": 1, ""episode"": 47, ""world_minus_goal_world_mse"": -1.97551077102588e-06}, {""seed"": 1, ""episode"": 48, ""world_minus_goal_world_mse"": -1.0910342037186726e-05}, {""seed"": 1, ""episode"": 49, ""world_minus_goal_world_mse"": -1.718116145513613e-05}, {""seed"": 2, ""episode"": 0, ""world_minus_goal_world_mse"": 1.8089589494703773e-06}, {""seed"": 2, ""episode"": 1, ""world_minus_goal_world_mse"": -5.234419837082038e-06}, {""seed"": 2, ""episode"": 2, ""world_minus_goal_world_mse"": 5.459977226206531e-06}, {""seed"": 2, ""episode"": 3, ""world_minus_goal_world_mse"": 1.274605270701626e-05}, {""seed"": 2, ""episode"": 4, ""world_minus_goal_world_mse"": -3.03454396465903e-06}, {""seed"": 2, ""episode"": 5, ""world_minus_goal_world_mse"": -7.247713052188349e-06}, {""seed"": 2, ""episode"": 6, ""world_minus_goal_world_mse"": -1.66762675211445e-06}, {""seed"": 2, ""episode"": 7, ""world_minus_goal_world_mse"": -2.208687085240989e-05}, {""seed"": 2, ""episode"": 8, ""world_minus_goal_world_mse"": 8.1613163172582e-06}, {""seed"": 2, ""episode"": 9, ""world_minus_goal_world_mse"": -6.999551848065137e-06}, {""seed"": 2, ""episode"": 10, ""world_minus_goal_world_mse"": -1.04257032957243e-06}, {""seed"": 2, ""episode"": 11, ""world_minus_goal_world_mse"": 3.0908062066837694e-06}, {""seed"": 2, ""episode"": 12, ""world_minus_goal_world_mse"": 6.861634428259827e-06}, {""seed"": 2, ""episode"": 13, ""world_minus_goal_world_mse"": 7.849200405171006e-06}, {""seed"": 2, ""episode"": 14, ""world_minus_goal_world_mse"": 1.810649908615229e-05}, {""seed"": 2, ""episode"": 15, ""world_minus_goal_world_mse"": -2.1698016748900892e-06}, {""seed"": 2, ""episode"": 16, ""world_minus_goal_world_mse"": -4.980810224759911e-06}, {""seed"": 2, ""episode"": 17, ""world_minus_goal_world_mse"": 6.661244007337022e-06}, {""seed"": 2, ""episode"": 18, ""world_minus_goal_world_mse"": -1.2160645644028665e-06}, {""seed"": 2, ""episode"": 19, ""world_minus_goal_world_mse"": -2.3272509421530375e-06}, {""seed"": 2, ""episode"": 20, ""world_minus_goal_world_mse"": -8.529191688563513e-06}, {""seed"": 2, ""episode"": 21, ""world_minus_goal_world_mse"": 1.4955114441777125e-06}, {""seed"": 2, ""episode"": 22, ""world_minus_goal_world_mse"": -1.048273227663563e-05}, {""seed"": 2, ""episode"": 23, ""world_minus_goal_world_mse"": -8.485154194413601e-06}, {""seed"": 2, ""episode"": 24, ""world_minus_goal_world_mse"": 1.7230372007935882e-06}, {""seed"": 2, ""episode"": 25, ""world_minus_goal_world_mse"": 2.080004622565661e-06}, {""seed"": 2, ""episode"": 26, ""world_minus_goal_world_mse"": 7.736042007688027e-06}, {""seed"": 2, ""episode"": 27, ""world_minus_goal_world_mse"": -1.0232230649390769e-05}, {""seed"": 2, ""episode"": 28, ""world_minus_goal_world_mse"": 3.3818754304819624e-06}, {""seed"": 2, ""episode"": 29, ""world_minus_goal_world_mse"": -4.708325507771108e-06}, {""seed"": 2, ""episode"": 30, ""world_minus_goal_world_mse"": 1.7230372007935882e-06}, {""seed"": 2, ""episode"": 31, ""world_minus_goal_world_mse"": -5.545394107873134e-08}, {""seed"": 2, ""episode"": 32, ""world_minus_goal_world_mse"": 1.7566598002756886e-05}, {""seed"": 2, ""episode"": 33, ""world_minus_goal_world_mse"": -0.0002645147853543099}, {""seed"": 2, ""episode"": 34, ""world_minus_goal_world_mse"": 1.5696447754767335e-05}, {""seed"": 2, ""episode"": 35, ""world_minus_goal_world_mse"": -7.741946384940581e-06}, {""seed"": 2, ""episode"": 36, ""world_minus_goal_world_mse"": -4.787706043770243e-06}, {""seed"": 2, ""episode"": 37, ""world_minus_goal_world_mse"": -1.2461844711355791e-05}, {""seed"": 2, ""episode"": 38, ""world_minus_goal_world_mse"": -8.783352534030817e-06}, {""seed"": 2, ""episode"": 39, ""world_minus_goal_world_mse"": 2.5212541839591168e-05}, {""seed"": 2, ""episode"": 40, ""world_minus_goal_world_mse"": -1.6838599749600976e-05}, {""seed"": 2, ""episode"": 41, ""world_minus_goal_world_mse"": -7.538394973179641e-06}, {""seed"": 2, ""episode"": 42, ""world_minus_goal_world_mse"": 6.476550124117646e-06}, {""seed"": 2, ""episode"": 43, ""world_minus_goal_world_mse"": -6.056842319051892e-05}, {""seed"": 2, ""episode"": 44, ""world_minus_goal_world_mse"": 2.784202920485189e-06}, {""seed"": 2, ""episode"": 45, ""world_minus_goal_world_mse"": -2.4799768733069335e-05}, {""seed"": 2, ""episode"": 46, ""world_minus_goal_world_mse"": -2.6366743494008945e-06}, {""seed"": 2, ""episode"": 47, ""world_minus_goal_world_mse"": -9.289535182185871e-06}, {""seed"": 2, ""episode"": 48, ""world_minus_goal_world_mse"": -1.063468221279998e-05}, {""seed"": 2, ""episode"": 49, ""world_minus_goal_world_mse"": -2.138539562606135e-05}, {""seed"": 3, ""episode"": 0, ""world_minus_goal_world_mse"": -5.784294707645637e-07}, {""seed"": 3, ""episode"": 1, ""world_minus_goal_world_mse"": 4.704742060659905e-06}, {""seed"": 3, ""episode"": 2, ""world_minus_goal_world_mse"": 2.6250276336035635e-06}, {""seed"": 3, ""episode"": 3, ""world_minus_goal_world_mse"": 1.619032610857359e-05}, {""seed"": 3, ""episode"": 4, ""world_minus_goal_world_mse"": 1.624077591849589e-05}, {""seed"": 3, ""episode"": 5, ""world_minus_goal_world_mse"": -5.136591970273891e-06}, {""seed"": 3, ""episode"": 6, ""world_minus_goal_world_mse"": -4.495321840515864e-06}, {""seed"": 3, ""episode"": 7, ""world_minus_goal_world_mse"": 9.897232163401463e-06}, {""seed"": 3, ""episode"": 8, ""world_minus_goal_world_mse"": 7.0425868296673515e-06}, {""seed"": 3, ""episode"": 9, ""world_minus_goal_world_mse"": -1.2544883292898233e-05}, {""seed"": 3, ""episode"": 10, ""world_minus_goal_world_mse"": -3.018388077771093e-05}, {""seed"": 3, ""episode"": 11, ""world_minus_goal_world_mse"": -9.961102690409341e-06}, {""seed"": 3, ""episode"": 12, ""world_minus_goal_world_mse"": -6.233975175995054e-06}, {""seed"": 3, ""episode"": 13, ""world_minus_goal_world_mse"": -9.23034641593879e-06}, {""seed"": 3, ""episode"": 14, ""world_minus_goal_world_mse"": -2.8913186469904062e-06}, {""seed"": 3, ""episode"": 15, ""world_minus_goal_world_mse"": -1.2266730025782107e-05}, {""seed"": 3, ""episode"": 16, ""world_minus_goal_world_mse"": 1.7588888567319352e-06}, {""seed"": 3, ""episode"": 17, ""world_minus_goal_world_mse"": 7.994098005300735e-06}, {""seed"": 3, ""episode"": 18, ""world_minus_goal_world_mse"": -1.4006513506672335e-05}, {""seed"": 3, ""episode"": 19, ""world_minus_goal_world_mse"": -1.5294328757456855e-05}, {""seed"": 3, ""episode"": 20, ""world_minus_goal_world_mse"": -1.9488574150861183e-05}, {""seed"": 3, ""episode"": 21, ""world_minus_goal_world_mse"": 7.699000783447153e-06}, {""seed"": 3, ""episode"": 22, ""world_minus_goal_world_mse"": -6.825580613683015e-06}, {""seed"": 3, ""episode"": 23, ""world_minus_goal_world_mse"": -2.297764967032527e-05}, {""seed"": 3, ""episode"": 24, ""world_minus_goal_world_mse"": -9.860188964342777e-07}, {""seed"": 3, ""episode"": 25, ""world_minus_goal_world_mse"": 2.2005086090486635e-05}, {""seed"": 3, ""episode"": 26, ""world_minus_goal_world_mse"": 1.647845522831869e-06}, {""seed"": 3, ""episode"": 27, ""world_minus_goal_world_mse"": -4.787905861045327e-07}, {""seed"": 3, ""episode"": 28, ""world_minus_goal_world_mse"": -3.003497434573209e-06}, {""seed"": 3, ""episode"": 29, ""world_minus_goal_world_mse"": 7.805851874960906e-07}, {""seed"": 3, ""episode"": 30, ""world_minus_goal_world_mse"": -1.2620551757291287e-05}, {""seed"": 3, ""episode"": 31, ""world_minus_goal_world_mse"": 1.583425957203932e-05}, {""seed"": 3, ""episode"": 32, ""world_minus_goal_world_mse"": -5.681596750325816e-06}, {""seed"": 3, ""episode"": 33, ""world_minus_goal_world_mse"": -1.0178040961701802e-05}, {""seed"": 3, ""episode"": 34, ""world_minus_goal_world_mse"": -1.6008463149723454e-06}, {""seed"": 3, ""episode"": 35, ""world_minus_goal_world_mse"": -2.1533691133084623e-05}, {""seed"": 3, ""episode"": 36, ""world_minus_goal_world_mse"": -8.455134159659101e-06}, {""seed"": 3, ""episode"": 37, ""world_minus_goal_world_mse"": 1.5376860944671596e-05}, {""seed"": 3, ""episode"": 38, ""world_minus_goal_world_mse"": -2.9063379956711545e-06}, {""seed"": 3, ""episode"": 39, ""world_minus_goal_world_mse"": -3.014416487107246e-05}, {""seed"": 3, ""episode"": 40, ""world_minus_goal_world_mse"": 6.174691576268573e-07}, {""seed"": 3, ""episode"": 41, ""world_minus_goal_world_mse"": -5.485762324870346e-07}, {""seed"": 3, ""episode"": 42, ""world_minus_goal_world_mse"": 1.1894990128999736e-06}, {""seed"": 3, ""episode"": 43, ""world_minus_goal_world_mse"": -7.190052716083773e-06}, {""seed"": 3, ""episode"": 44, ""world_minus_goal_world_mse"": -5.431640023215464e-06}, {""seed"": 3, ""episode"": 45, ""world_minus_goal_world_mse"": -2.650890856215976e-05}, {""seed"": 3, ""episode"": 46, ""world_minus_goal_world_mse"": -2.0977386589284007e-06}, {""seed"": 3, ""episode"": 47, ""world_minus_goal_world_mse"": -1.5883549060752373e-05}, {""seed"": 3, ""episode"": 48, ""world_minus_goal_world_mse"": 4.1182888096867625e-05}, {""seed"": 3, ""episode"": 49, ""world_minus_goal_world_mse"": -1.3654330497845239e-05}]}","{""eigenspectrum_reference"": ""sites.predictor.block5.eigenspectrum"", ""common_metric_subspace_comparisons_reference"": ""sites.predictor.block5.subspace_comparisons""}","{""status"": ""not_run"", ""reason"": ""Focused bootstrap covers progress, clearance and XZ direction""}","{""status"": ""descriptive_physical_regimes"", ""groups"": [{""regime"": ""below_wall_top"", ""seed"": null, ""samples"": 51, ""episodes"": 13, ""global_held_seed_mse"": 9.568837863965802e-05, ""time_only_mse"": 0.00012087677452140273, ""mean_time"": 0.7812177562246135, ""time_quantiles"": [0.5789473652839661, 0.7894737124443054, 0.9473684430122375]}, {""regime"": ""below_wall_top"", ""seed"": 1, ""samples"": 7, ""episodes"": 3, ""global_held_seed_mse"": 0.00012940793815349657, ""time_only_mse"": 0.00010417718192195039, ""mean_time"": 0.7669173053332737, ""time_quantiles"": [0.5789473772048951, 0.7894737124443054, 0.9473684430122375]}, {""regime"": ""below_wall_top"", ""seed"": 2, ""samples"": 15, ""episodes"": 4, ""global_held_seed_mse"": 0.00010188754488885362, ""time_only_mse"": 0.00022913191616378648, ""mean_time"": 0.7789473732312521, ""time_quantiles"": [0.6526315689086915, 0.7894737124443054, 0.9263157963752746]}, {""regime"": ""below_wall_top"", ""seed"": 3, ""samples"": 29, ""episodes"": 6, ""global_held_seed_mse"": 8.434270931776823e-05, ""time_only_mse"": 6.891367188555481e-05, ""mean_time"": 0.7858439252294344, ""time_quantiles"": [0.5684210538864136, 0.8421052694320679, 0.9473684430122375]}, {""regime"": ""at_or_above_wall_top"", ""seed"": null, ""samples"": 2799, ""episodes"": 150, ""global_held_seed_mse"": 7.686751643594857e-05, ""time_only_mse"": 0.0001269563513478987, ""mean_time"": 0.4680807074028153, ""time_quantiles"": [0.05263157933950424, 0.4736842215061188, 0.8947368264198303]}, {""regime"": ""at_or_above_wall_top"", ""seed"": 1, ""samples"": 943, ""episodes"": 50, ""global_held_seed_mse"": 6.490680932967894e-05, ""time_only_mse"": 0.00010860720181414942, ""mean_time"": 0.4715075087224944, ""time_quantiles"": [0.05263157933950424, 0.4736842215061188, 0.8947368264198303]}, {""regime"": ""at_or_above_wall_top"", ""seed"": 2, ""samples"": 935, ""episodes"": 50, ""global_held_seed_mse"": 8.023147393141116e-05, ""time_only_mse"": 0.000127461785090721, ""mean_time"": 0.46878694252853087, ""time_quantiles"": [0.05263157933950424, 0.4736842215061188, 0.8947368264198303]}, {""regime"": ""at_or_above_wall_top"", ""seed"": 3, ""samples"": 921, ""episodes"": 50, ""global_held_seed_mse"": 8.569883732949334e-05, ""time_only_mse"": 0.00014523069169620128, ""mean_time"": 0.463855079295322, ""time_quantiles"": [0.05263157933950424, 0.4736842215061188, 0.8421052694320679]}], ""time_confounding"": ""Regimes have different time and trajectory composition; residual differences do not identify causal regimes or HMM states.""}",,,,none_validated,"{""linear_score"": ""measured_discovery_only"", ""nonlinear_gain"": ""pending_measurement"", ""best_coordinate_frame"": ""measured_candidate_frame_comparison_not_unique_native_coordinates"", ""geometry"": ""descriptive_common_metric_discovery_geometry"", ""cross_trajectory_stability"": ""measured_discovery_only"", ""regime_dependence"": ""measured_discovery_only"", ""causal_patch_effect"": ""pending_measurement"", ""specificity"": ""pending_measurement"", ""manifold_distance"": ""pending_measurement"", ""recommended_operator"": ""not_yet_justified""}","[{""path"": ""artifacts/geometry_map/reach_wall_v1/cached-geometry-v2/cached_geometry.json"", ""item"": ""rows[28]""}, {""path"": ""artifacts/geometry_map/reach_wall_v1/cached-geometry-v2/cached_geometry.json"", ""item"": ""sites[3]""}]"
reach-wall/predictor/block-5/spatial-mean/realized_xz_direction,reach-wall,predictor,5,block_residual_output,mean_of_256_spatial_tokens,1,realized_xz_direction,"{""metric"": ""r2"", ""score"": 0.24722529763592915, ""time_baseline"": 0.015163054507555174, ""delta_vs_time"": 0.23206224312837398}","{""reference"": ""followups.nonlinear_interfaces.rows.predictor_block5"", ""held_validation_rbf_minus_full_ridge"": -0.11269720265901101, ""held_validation_rbf_minus_same_PCA_ridge"": 0.04071912114602605, ""interpretation"": ""fixed readout comparison; no manifold/causal conclusion""}",,"{""eigenspectrum_reference"": ""sites.predictor.block5.eigenspectrum"", ""common_metric_subspace_comparisons_reference"": ""sites.predictor.block5.subspace_comparisons""}","{""draws"": [{""draw"": 0, ""status"": ""computed"", ""rank_a"": 2, ""rank_b"": 2, ""principal_angles_deg"": [24.847712476189574, 25.373613755882246], ""projection_overlap_trace"": 1.6397967380940524, ""a_projected_into_b_fraction"": 0.8198983690470262, ""b_projected_into_a_fraction"": 0.8198983690470262, ""random_a_into_b_fraction"": 0.005, ""random_b_into_a_fraction"": 0.005, ""grassmann_geodesic_rad"": 0.619832518715255, ""projector_distance_frobenius"": 0.8487676500738558, ""unequal_rank_note"": ""Principal angles cover only min(rank_a,rank_b); projector distance includes rank mismatch.""}, {""draw"": 1, ""status"": ""computed"", ""rank_a"": 2, ""rank_b"": 2, ""principal_angles_deg"": [19.436835168957877, 22.565311651773612], ""projection_overlap_trace"": 1.7420122591150609, ""a_projected_into_b_fraction"": 0.8710061295575304, ""b_projected_into_a_fraction"": 0.8710061295575304, ""random_a_into_b_fraction"": 0.005, ""random_b_into_a_fraction"": 0.005, ""grassmann_geodesic_rad"": 0.5197987419989396, ""projector_distance_frobenius"": 0.7183143335406014, ""unequal_rank_note"": ""Principal angles cover only min(rank_a,rank_b); projector distance includes rank mismatch.""}, {""draw"": 2, ""status"": ""computed"", ""rank_a"": 2, ""rank_b"": 2, ""principal_angles_deg"": [22.501669374365477, 24.56672090263049], ""projection_overlap_trace"": 1.6806825544327726, ""a_projected_into_b_fraction"": 0.8403412772163863, ""b_projected_into_a_fraction"": 0.8403412772163863, ""random_a_into_b_fraction"": 0.005, ""random_b_into_a_fraction"": 0.005, ""grassmann_geodesic_rad"": 0.5814458774777876, ""projector_distance_frobenius"": 0.7991463515116958, ""unequal_rank_note"": ""Principal angles cover only min(rank_a,rank_b); projector distance includes rank mismatch.""}, {""draw"": 3, ""status"": ""computed"", ""rank_a"": 2, ""rank_b"": 2, ""principal_angles_deg"": [20.152603089268187, 22.205847540955045], ""projection_overlap_trace"": 1.7384697035549868, ""a_projected_into_b_fraction"": 0.8692348517774934, ""b_projected_into_a_fraction"": 0.8692348517774934, ""random_a_into_b_fraction"": 0.005, ""random_b_into_a_fraction"": 0.005, ""grassmann_geodesic_rad"": 0.5233738929107011, ""projector_distance_frobenius"": 0.7232292809960245, ""unequal_rank_note"": ""Principal angles cover only min(rank_a,rank_b); projector distance includes rank mismatch.""}, {""draw"": 4, ""status"": ""computed"", ""rank_a"": 2, ""rank_b"": 2, ""principal_angles_deg"": [20.727047392970672, 22.122522782786568], ""projection_overlap_trace"": 1.7329243245746324, ""a_projected_into_b_fraction"": 0.8664621622873162, ""b_projected_into_a_fraction"": 0.8664621622873162, ""random_a_into_b_fraction"": 0.005, ""random_b_into_a_fraction"": 0.005, ""grassmann_geodesic_rad"": 0.5291015378729521, ""projector_distance_frobenius"": 0.7308565870611929, ""unequal_rank_note"": ""Principal angles cover only min(rank_a,rank_b); projector distance includes rank mismatch.""}, {""draw"": 5, ""status"": ""computed"", ""rank_a"": 2, ""rank_b"": 2, ""principal_angles_deg"": [21.043971947971773, 21.745440537346518], ""projection_overlap_trace"": 1.7338004059686316, ""a_projected_into_b_fraction"": 0.8669002029843158, ""b_projected_into_a_fraction"": 0.8669002029843158, ""random_a_into_b_fraction"": 0.005, ""random_b_into_a_fraction"": 0.005, ""grassmann_geodesic_rad"": 0.5281497069003529, ""projector_distance_frobenius"": 0.729656897495485, ""unequal_rank_note"": ""Principal angles cover only min(rank_a,rank_b); projector distance includes rank mismatch.""}, {""draw"": 6, ""status"": ""computed"", ""rank_a"": 2, ""rank_b"": 2, ""principal_angles_deg"": [20.52215978800971, 24.235218126959108], ""projection_overlap_trace"": 1.7086041438706543, ""a_projected_into_b_fraction"": 0.8543020719353271, ""b_projected_into_a_fraction"": 0.8543020719353271, ""random_a_into_b_fraction"": 0.005, ""random_b_into_a_fraction"": 0.005, ""grassmann_geodesic_rad"": 0.554263603541757, ""projector_distance_frobenius"": 0.7634079592581489, ""unequal_rank_note"": ""Principal angles cover only min(rank_a,rank_b); projector distance includes rank mismatch.""}, {""draw"": 7, ""status"": ""computed"", ""rank_a"": 2, ""rank_b"": 2, ""principal_angles_deg"": [22.4776821705619, 23.876313124701642], ""projection_overlap_trace"": 1.6899951540201956, ""a_projected_into_b_fraction"": 0.8449975770100978, ""b_projected_into_a_fraction"": 0.8449975770100978, ""random_a_into_b_fraction"": 0.005, ""random_b_into_a_fraction"": 0.005, ""grassmann_geodesic_rad"": 0.5723308326414058, ""projector_distance_frobenius"": 0.7874069417776356, ""unequal_rank_note"": ""Principal angles cover only min(rank_a,rank_b); projector distance includes rank mismatch.""}, {""draw"": 8, ""status"": ""computed"", ""rank_a"": 2, ""rank_b"": 2, ""principal_angles_deg"": [21.293853964105963, 22.606810681371623], ""projection_overlap_trace"": 1.7203538917956815, ""a_projected_into_b_fraction"": 0.8601769458978408, ""b_projected_into_a_fraction"": 0.8601769458978408, ""random_a_into_b_fraction"": 0.005, ""random_b_into_a_fraction"": 0.005, ""grassmann_geodesic_rad"": 0.5420353449284177, ""projector_distance_frobenius"": 0.7478584200292439, ""unequal_rank_note"": ""Principal angles cover only min(rank_a,rank_b); projector distance includes rank mismatch.""}, {""draw"": 9, ""status"": ""computed"", ""rank_a"": 2, ""rank_b"": 2, ""principal_angles_deg"": [21.29402162542351, 22.892387041489894], ""projection_overlap_trace"": 1.716796958239196, ""a_projected_into_b_fraction"": 0.858398479119598, ""b_projected_into_a_fraction"": 0.858398479119598, ""random_a_into_b_fraction"": 0.005, ""random_b_into_a_fraction"": 0.005, ""grassmann_geodesic_rad"": 0.5456762183087954, ""projector_distance_frobenius"": 0.7525995505722868, ""unequal_rank_note"": ""Principal angles cover only min(rank_a,rank_b); projector distance includes rank mismatch.""}, {""draw"": 10, ""status"": ""computed"", ""rank_a"": 2, ""rank_b"": 2, ""principal_angles_deg"": [22.367136352153487, 23.997771176005788], ""projection_overlap_trace"": 1.689783508758549, ""a_projected_into_b_fraction"": 0.8448917543792746, ""b_projected_into_a_fraction"": 0.8448917543792746, ""random_a_into_b_fraction"": 0.005, ""random_b_into_a_fraction"": 0.005, ""grassmann_geodesic_rad"": 0.5725589281350629, ""projector_distance_frobenius"": 0.7876756835671023, ""unequal_rank_note"": ""Principal angles cover only min(rank_a,rank_b); projector distance includes rank mismatch.""}, {""draw"": 11, ""status"": ""computed"", ""rank_a"": 2, ""rank_b"": 2, ""principal_angles_deg"": [23.226193209303645, 24.7900242483246], ""projection_overlap_trace"": 1.668671089110853, ""a_projected_into_b_fraction"": 0.8343355445554265, ""b_projected_into_a_fraction"": 0.8343355445554265, ""random_a_into_b_fraction"": 0.005, ""random_b_into_a_fraction"": 0.005, ""grassmann_geodesic_rad"": 0.5928987389519501, ""projector_distance_frobenius"": 0.8140379731795649, ""unequal_rank_note"": ""Principal angles cover only min(rank_a,rank_b); projector distance includes rank mismatch.""}, {""draw"": 12, ""status"": ""computed"", ""rank_a"": 2, ""rank_b"": 2, ""principal_angles_deg"": [20.656059238118978, 21.58447722116154], ""projection_overlap_trace"": 1.7402319809231375, ""a_projected_into_b_fraction"": 0.8701159904615687, ""b_projected_into_a_fraction"": 0.8701159904615687, ""random_a_into_b_fraction"": 0.005, ""random_b_into_a_fraction"": 0.005, ""grassmann_geodesic_rad"": 0.521430788810866, ""projector_distance_frobenius"": 0.7207884836439363, ""unequal_rank_note"": ""Principal angles cover only min(rank_a,rank_b); projector distance includes rank mismatch.""}, {""draw"": 13, ""status"": ""computed"", ""rank_a"": 2, ""rank_b"": 2, ""principal_angles_deg"": [24.07493804849353, 28.247629749626572], ""projection_overlap_trace"": 1.6095951773354118, ""a_projected_into_b_fraction"": 0.8047975886677059, ""b_projected_into_a_fraction"": 0.8047975886677059, ""random_a_into_b_fraction"": 0.005, ""random_b_into_a_fraction"": 0.005, ""grassmann_geodesic_rad"": 0.6477808336965301, ""projector_distance_frobenius"": 0.8836343391523308, ""unequal_rank_note"": ""Principal angles cover only min(rank_a,rank_b); projector distance includes rank mismatch.""}, {""draw"": 14, ""status"": ""computed"", ""rank_a"": 2, ""rank_b"": 2, ""principal_angles_deg"": [22.74249263624368, 23.934662677825774], ""projection_overlap_trace"": 1.685959954595319, ""a_projected_into_b_fraction"": 0.8429799772976595, ""b_projected_into_a_fraction"": 0.8429799772976595, ""random_a_into_b_fraction"": 0.005, ""random_b_into_a_fraction"": 0.005, ""grassmann_geodesic_rad"": 0.5762465734271441, ""projector_distance_frobenius"": 0.7925150413773622, ""unequal_rank_note"": ""Principal angles cover only min(rank_a,rank_b); projector distance includes rank mismatch.""}, {""draw"": 15, ""status"": ""computed"", ""rank_a"": 2, ""rank_b"": 2, ""principal_angles_deg"": [21.29577608754343, 23.474188412489905], ""projection_overlap_trace"": 1.7094269540162341, ""a_projected_into_b_fraction"": 0.8547134770081171, ""b_projected_into_a_fraction"": 0.8547134770081171, ""random_a_into_b_fraction"": 0.005, ""random_b_into_a_fraction"": 0.005, ""grassmann_geodesic_rad"": 0.5531751062795252, ""projector_distance_frobenius"": 0.7623293854807984, ""unequal_rank_note"": ""Principal angles cover only min(rank_a,rank_b); projector distance includes rank mismatch.""}, {""draw"": 16, ""status"": ""computed"", ""rank_a"": 2, ""rank_b"": 2, ""principal_angles_deg"": [23.280240096764143, 26.92238419013837], ""projection_overlap_trace"": 1.6387817335744794, ""a_projected_into_b_fraction"": 0.8193908667872397, ""b_projected_into_a_fraction"": 0.8193908667872397, ""random_a_into_b_fraction"": 0.005, ""random_b_into_a_fraction"": 0.005, ""grassmann_geodesic_rad"": 0.6211960881669624, ""projector_distance_frobenius"": 0.8499626655630477, ""unequal_rank_note"": ""Principal angles cover only min(rank_a,rank_b); projector distance includes rank mismatch.""}, {""draw"": 17, ""status"": ""computed"", ""rank_a"": 2, ""rank_b"": 2, ""principal_angles_deg"": [22.468361396022168, 25.447456936933428], ""projection_overlap_trace"": 1.6693159848733614, ""a_projected_into_b_fraction"": 0.8346579924366807, ""b_projected_into_a_fraction"": 0.8346579924366807, ""random_a_into_b_fraction"": 0.005, ""random_b_into_a_fraction"": 0.005, ""grassmann_geodesic_rad"": 0.5924873117563534, ""projector_distance_frobenius"": 0.813245369032789, ""unequal_rank_note"": ""Principal angles cover only min(rank_a,rank_b); projector distance includes rank mismatch.""}, {""draw"": 18, ""status"": ""computed"", ""rank_a"": 2, ""rank_b"": 2, ""principal_angles_deg"": [22.05600632099979, 22.802903985654684], ""projection_overlap_trace"": 1.7087856444447942, ""a_projected_into_b_fraction"": 0.8543928222223971, ""b_projected_into_a_fraction"": 0.8543928222223971, ""random_a_into_b_fraction"": 0.005, ""random_b_into_a_fraction"": 0.005, ""grassmann_geodesic_rad"": 0.55369586304918, ""projector_distance_frobenius"": 0.763170171790284, ""unequal_rank_note"": ""Principal angles cover only min(rank_a,rank_b); projector distance includes rank mismatch.""}, {""draw"": 19, ""status"": ""computed"", ""rank_a"": 2, ""rank_b"": 2, ""principal_angles_deg"": [22.618137720867864, 26.326040648989892], ""projection_overlap_trace"": 1.6554191475041282, ""a_projected_into_b_fraction"": 0.8277095737520641, ""b_projected_into_a_fraction"": 0.8277095737520641, ""random_a_into_b_fraction"": 0.005, ""random_b_into_a_fraction"": 0.005, ""grassmann_geodesic_rad"": 0.6057676966201606, ""projector_distance_frobenius"": 0.8301576386396403, ""unequal_rank_note"": ""Principal angles cover only min(rank_a,rank_b); projector distance includes rank mismatch.""}, {""draw"": 20, ""status"": ""computed"", ""rank_a"": 2, ""rank_b"": 2, ""principal_angles_deg"": [20.017714215304196, 20.968304702692112], ""projection_overlap_trace"": 1.7547657566143098, ""a_projected_into_b_fraction"": 0.8773828783071549, ""b_projected_into_a_fraction"": 0.8773828783071549, ""random_a_into_b_fraction"": 0.005, ""random_b_into_a_fraction"": 0.005, ""grassmann_geodesic_rad"": 0.505958482999689, ""projector_distance_frobenius"": 0.700334553460973, ""unequal_rank_note"": ""Principal angles cover only min(rank_a,rank_b); projector distance includes rank mismatch.""}, {""draw"": 21, ""status"": ""computed"", ""rank_a"": 2, ""rank_b"": 2, ""principal_angles_deg"": [20.151281206648964, 21.785161485473047], ""projection_overlap_trace"": 1.7435841818764242, ""a_projected_into_b_fraction"": 0.8717920909382121, ""b_projected_into_a_fraction"": 0.8717920909382121, ""random_a_into_b_fraction"": 0.005, ""random_b_into_a_fraction"": 0.005, ""grassmann_geodesic_rad"": 0.5179446202263919, ""projector_distance_frobenius"": 0.7161226405073028, ""unequal_rank_note"": ""Principal angles cover only min(rank_a,rank_b); projector distance includes rank mismatch.""}, {""draw"": 22, ""status"": ""computed"", ""rank_a"": 2, ""rank_b"": 2, ""principal_angles_deg"": [20.868134977090577, 21.295565916963035], ""projection_overlap_trace"": 1.7412093830728619, ""a_projected_into_b_fraction"": 0.8706046915364309, ""b_projected_into_a_fraction"": 0.8706046915364309, ""random_a_into_b_fraction"": 0.005, ""random_b_into_a_fraction"": 0.005, ""grassmann_geodesic_rad"": 0.5203833685280695, ""projector_distance_frobenius"": 0.7194311877130962, ""unequal_rank_note"": ""Principal angles cover only min(rank_a,rank_b); projector distance includes rank mismatch.""}, {""draw"": 23, ""status"": ""computed"", ""rank_a"": 2, ""rank_b"": 2, ""principal_angles_deg"": [22.554321815965853, 24.73956992873407], ""projection_overlap_trace"": 1.6777447775538352, ""a_projected_into_b_fraction"": 0.8388723887769176, ""b_projected_into_a_fraction"": 0.8388723887769176, ""random_a_into_b_fraction"": 0.005, ""random_b_into_a_fraction"": 0.005, ""grassmann_geodesic_rad"": 0.5842927949506497, ""projector_distance_frobenius"": 0.8028140786585207, ""unequal_rank_note"": ""Principal angles cover only min(rank_a,rank_b); projector distance includes rank mismatch.""}, {""draw"": 24, ""status"": ""computed"", ""rank_a"": 2, ""rank_b"": 2, ""principal_angles_deg"": [20.486788910761806, 21.709832574700172], ""projection_overlap_trace"": 1.7406754245582068, ""a_projected_into_b_fraction"": 0.8703377122791034, ""b_projected_into_a_fraction"": 0.8703377122791034, ""random_a_into_b_fraction"": 0.005, ""random_b_into_a_fraction"": 0.005, ""grassmann_geodesic_rad"": 0.5209816150034486, ""projector_distance_frobenius"": 0.720173000662748, ""unequal_rank_note"": ""Principal angles cover only min(rank_a,rank_b); projector distance includes rank mismatch.""}, {""draw"": 25, ""status"": ""computed"", ""rank_a"": 2, ""rank_b"": 2, ""principal_angles_deg"": [21.65375884819305, 22.748325044218674], ""projection_overlap_trace"": 1.714316865432306, ""a_projected_into_b_fraction"": 0.857158432716153, ""b_projected_into_a_fraction"": 0.857158432716153, ""random_a_into_b_fraction"": 0.005, ""random_b_into_a_fraction"": 0.005, ""grassmann_geodesic_rad"": 0.5481477546713516, ""projector_distance_frobenius"": 0.7558877358016785, ""unequal_rank_note"": ""Principal angles cover only min(rank_a,rank_b); projector distance includes rank mismatch.""}, {""draw"": 26, ""status"": ""computed"", ""rank_a"": 2, ""rank_b"": 2, ""principal_angles_deg"": [22.645837041846576, 25.33295916739372], ""projection_overlap_trace"": 1.668669527253724, ""a_projected_into_b_fraction"": 0.834334763626862, ""b_projected_into_a_fraction"": 0.834334763626862, ""random_a_into_b_fraction"": 0.005, ""random_b_into_a_fraction"": 0.005, ""grassmann_geodesic_rad"": 0.5930506437781355, ""projector_distance_frobenius"": 0.8140398918312002, ""unequal_rank_note"": ""Principal angles cover only min(rank_a,rank_b); projector distance includes rank mismatch.""}, {""draw"": 27, ""status"": ""computed"", ""rank_a"": 2, ""rank_b"": 2, ""principal_angles_deg"": [23.78741573887079, 26.061209176731623], ""projection_overlap_trace"": 1.6443015556864888, ""a_projected_into_b_fraction"": 0.8221507778432444, ""b_projected_into_a_fraction"": 0.8221507778432444, ""random_a_into_b_fraction"": 0.005, ""random_b_into_a_fraction"": 0.005, ""grassmann_geodesic_rad"": 0.6158385723972759, ""projector_distance_frobenius"": 0.8434434709137432, ""unequal_rank_note"": ""Principal angles cover only min(rank_a,rank_b); projector distance includes rank mismatch.""}, {""draw"": 28, ""status"": ""computed"", ""rank_a"": 2, ""rank_b"": 2, ""principal_angles_deg"": [19.622873087401167, 22.143750595038586], ""projection_overlap_trace"": 1.7451423443983245, ""a_projected_into_b_fraction"": 0.8725711721991622, ""b_projected_into_a_fraction"": 0.8725711721991622, ""random_a_into_b_fraction"": 0.005, ""random_b_into_a_fraction"": 0.005, ""grassmann_geodesic_rad"": 0.5163941846828255, ""projector_distance_frobenius"": 0.7139434930044191, ""unequal_rank_note"": ""Principal angles cover only min(rank_a,rank_b); projector distance includes rank mismatch.""}, {""draw"": 29, ""status"": ""computed"", ""rank_a"": 2, ""rank_b"": 2, ""principal_angles_deg"": [19.76435841858605, 22.386950605533205], ""projection_overlap_trace"": 1.7405986563200144, ""a_projected_into_b_fraction"": 0.8702993281600072, ""b_projected_into_a_fraction"": 0.8702993281600072, ""random_a_into_b_fraction"": 0.005, ""random_b_into_a_fraction"": 0.005, ""grassmann_geodesic_rad"": 0.5212096184177877, ""projector_distance_frobenius"": 0.7202795897149739, ""unequal_rank_note"": ""Principal angles cover only min(rank_a,rank_b); projector distance includes rank mismatch.""}], ""max_angle_deg_quantiles_025_50_975"": [21.205569083038533, 23.1832877269899, 27.286826718997624], ""sampling"": ""30 fixed-seed whole-episode bootstrap draws stratified by collection seed; fixed full-discovery feature metric"", ""interpretation"": ""Discovery resampling reproducibility relative to the full-data fit, not independent confirmation.""}","{""status"": ""descriptive_physical_regimes"", ""groups"": [{""regime"": ""below_wall_top"", ""seed"": null, ""samples"": 51, ""episodes"": 13, ""global_held_seed_mse"": 0.40208280870606494, ""time_only_mse"": 0.5053498307583444, ""mean_time"": 0.7812177562246135, ""time_quantiles"": [0.5789473652839661, 0.7894737124443054, 0.9473684430122375]}, {""regime"": ""below_wall_top"", ""seed"": 1, ""samples"": 7, ""episodes"": 3, ""global_held_seed_mse"": 0.43820930919759793, ""time_only_mse"": 0.5153411441302166, ""mean_time"": 0.7669173053332737, ""time_quantiles"": [0.5789473772048951, 0.7894737124443054, 0.9473684430122375]}, {""regime"": ""below_wall_top"", ""seed"": 2, ""samples"": 15, ""episodes"": 4, ""global_held_seed_mse"": 0.3562754736536376, ""time_only_mse"": 0.5044142673837212, ""mean_time"": 0.7789473732312521, ""time_quantiles"": [0.6526315689086915, 0.7894737124443054, 0.9263157963752746]}, {""regime"": ""below_wall_top"", ""seed"": 3, ""samples"": 29, ""episodes"": 6, ""global_held_seed_mse"": 0.41705606809729545, ""time_only_mse"": 0.503422046517525, ""mean_time"": 0.7858439252294344, ""time_quantiles"": [0.5684210538864136, 0.8421052694320679, 0.9473684430122375]}, {""regime"": ""at_or_above_wall_top"", ""seed"": null, ""samples"": 2799, ""episodes"": 150, ""global_held_seed_mse"": 0.37463358542150105, ""time_only_mse"": 0.49050096757134665, ""mean_time"": 0.4680807074028153, ""time_quantiles"": [0.05263157933950424, 0.4736842215061188, 0.8947368264198303]}, {""regime"": ""at_or_above_wall_top"", ""seed"": 1, ""samples"": 943, ""episodes"": 50, ""global_held_seed_mse"": 0.372529442806536, ""time_only_mse"": 0.48752718802392125, ""mean_time"": 0.4715075087224944, ""time_quantiles"": [0.05263157933950424, 0.4736842215061188, 0.8947368264198303]}, {""regime"": ""at_or_above_wall_top"", ""seed"": 2, ""samples"": 935, ""episodes"": 50, ""global_held_seed_mse"": 0.3778164675031603, ""time_only_mse"": 0.49310440543530126, ""mean_time"": 0.46878694252853087, ""time_quantiles"": [0.05263157933950424, 0.4736842215061188, 0.8947368264198303]}, {""regime"": ""at_or_above_wall_top"", ""seed"": 3, ""samples"": 921, ""episodes"": 50, ""global_held_seed_mse"": 0.3735567252038689, ""time_only_mse"": 0.49090276964564034, ""mean_time"": 0.463855079295322, ""time_quantiles"": [0.05263157933950424, 0.4736842215061188, 0.8421052694320679]}], ""time_confounding"": ""Regimes have different time and trajectory composition; residual differences do not identify causal regimes or HMM states.""}",,,,none_validated,"{""linear_score"": ""measured_discovery_only"", ""nonlinear_gain"": ""measured_held_validation_readout_gain"", ""best_coordinate_frame"": ""pending_measurement"", ""geometry"": ""descriptive_common_metric_discovery_geometry"", ""cross_trajectory_stability"": ""measured_discovery_only"", ""regime_dependence"": ""measured_discovery_only"", ""causal_patch_effect"": ""pending_measurement"", ""specificity"": ""pending_measurement"", ""manifold_distance"": ""pending_measurement"", ""recommended_operator"": ""not_yet_justified""}","[{""path"": ""artifacts/geometry_map/reach_wall_v1/emergence-geometry/emergence_geometry.json"", ""item"": ""curves.predictor.realized_xz_direction.rows.layer=5""}, {""path"": ""artifacts/geometry_map/reach_wall_v1/cached-geometry-v2/cached_geometry.json"", ""item"": ""rows[27]""}, {""path"": ""artifacts/geometry_map/reach_wall_v1/cached-geometry-v2/cached_geometry.json"", ""item"": ""sites[3]""}, {""path"": ""artifacts/geometry_map/reach_wall_v1/nonlinear-interfaces-v1/nonlinear_interfaces.json"", ""item"": ""rows.predictor_block5.held_validation""}]"
reach-wall/predictor/block-5/spatial-mean/reward_sum,reach-wall,predictor,5,block_residual_output,mean_of_256_spatial_tokens,1,reward_sum,"{""metric"": ""r2"", ""score"": 0.964411364421489, ""time_baseline"": 0.9142972039613033, ""delta_vs_time"": 0.050114160460185686}","{""knn_score"": 0.9389690573990124, ""linear_score"": 0.964411364421489, ""nonlinear_gain"": -0.02544230702247663}",,"{""participation_ratio"": 3.369516863492582, ""top10_variance_fraction"": 0.8602852108835968, ""adjacent_timestep_cosine_mean"": 0.9979302805181605, ""eigenspectrum_reference"": ""sites.predictor.block5.eigenspectrum"", ""common_metric_subspace_comparisons_reference"": ""sites.predictor.block5.subspace_comparisons""}",,,,,,none_validated,"{""linear_score"": ""measured_discovery_only"", ""nonlinear_gain"": ""measured_discovery_only"", ""best_coordinate_frame"": ""pending_measurement"", ""geometry"": ""descriptive_common_metric_discovery_geometry"", ""cross_trajectory_stability"": ""pending_measurement"", ""regime_dependence"": ""pending_measurement"", ""causal_patch_effect"": ""pending_measurement"", ""specificity"": ""pending_measurement"", ""manifold_distance"": ""pending_measurement"", ""recommended_operator"": ""not_yet_justified""}","[{""path"": ""artifacts/geometry_map/reach_wall_v1/discovery-screen/discovery_screen.json"", ""item"": ""rows[377]""}, {""path"": ""artifacts/geometry_map/reach_wall_v1/cached-geometry-v2/nonlinear_screen.json"", ""item"": ""rows[146]""}, {""path"": ""artifacts/geometry_map/reach_wall_v1/spatial-screen/spatial_screen.json"", ""item"": ""maps.predictor.block5.reward_sum""}, {""path"": ""artifacts/geometry_map/reach_wall_v1/cached-geometry-v2/cached_geometry.json"", ""item"": ""sites[3]""}]"
reach-wall/predictor/block-5/spatial-mean/step_progress,reach-wall,predictor,5,block_residual_output,mean_of_256_spatial_tokens,1,step_progress,"{""metric"": ""r2"", ""score"": 0.7580320712349707, ""time_baseline"": 0.6366873628317561, ""delta_vs_time"": 0.12134470840321465}","{""reference"": ""followups.nonlinear_interfaces.rows.predictor_block5"", ""held_validation_rbf_minus_full_ridge"": -0.03162174433433884, ""held_validation_rbf_minus_same_PCA_ridge"": 0.021190031191698044, ""interpretation"": ""fixed readout comparison; no manifold/causal conclusion""}",,"{""eigenspectrum_reference"": ""sites.predictor.block5.eigenspectrum"", ""common_metric_subspace_comparisons_reference"": ""sites.predictor.block5.subspace_comparisons""}","{""draws"": [{""draw"": 0, ""status"": ""computed"", ""rank_a"": 1, ""rank_b"": 1, ""principal_angles_deg"": [29.066676072413745], ""projection_overlap_trace"": 0.7639720273886547, ""a_projected_into_b_fraction"": 0.7639720273886547, ""b_projected_into_a_fraction"": 0.7639720273886547, ""random_a_into_b_fraction"": 0.0025, ""random_b_into_a_fraction"": 0.0025, ""grassmann_geodesic_rad"": 0.5073092000742736, ""projector_distance_frobenius"": 0.6870632759962438, ""unequal_rank_note"": ""Principal angles cover only min(rank_a,rank_b); projector distance includes rank mismatch.""}, {""draw"": 1, ""status"": ""computed"", ""rank_a"": 1, ""rank_b"": 1, ""principal_angles_deg"": [25.672755105359073], ""projection_overlap_trace"": 0.812311280466505, ""a_projected_into_b_fraction"": 0.812311280466505, ""b_projected_into_a_fraction"": 0.812311280466505, ""random_a_into_b_fraction"": 0.0025, ""random_b_into_a_fraction"": 0.0025, ""grassmann_geodesic_rad"": 0.44807410464669956, ""projector_distance_frobenius"": 0.6126805358969631, ""unequal_rank_note"": ""Principal angles cover only min(rank_a,rank_b); projector distance includes rank mismatch.""}, {""draw"": 2, ""status"": ""computed"", ""rank_a"": 1, ""rank_b"": 1, ""principal_angles_deg"": [33.468723880939365], ""projection_overlap_trace"": 0.6958679248560096, ""a_projected_into_b_fraction"": 0.6958679248560096, ""b_projected_into_a_fraction"": 0.6958679248560096, ""random_a_into_b_fraction"": 0.0025, ""random_b_into_a_fraction"": 0.0025, ""grassmann_geodesic_rad"": 0.5841394281632466, ""projector_distance_frobenius"": 0.7799129119895252, ""unequal_rank_note"": ""Principal angles cover only min(rank_a,rank_b); projector distance includes rank mismatch.""}, {""draw"": 3, ""status"": ""computed"", ""rank_a"": 1, ""rank_b"": 1, ""principal_angles_deg"": [22.786701793340374], ""projection_overlap_trace"": 0.849997459876595, ""a_projected_into_b_fraction"": 0.849997459876595, ""b_projected_into_a_fraction"": 0.849997459876595, ""random_a_into_b_fraction"": 0.0025, ""random_b_into_a_fraction"": 0.0025, ""grassmann_geodesic_rad"": 0.397702971963886, ""projector_distance_frobenius"": 0.5477271950951587, ""unequal_rank_note"": ""Principal angles cover only min(rank_a,rank_b); projector distance includes rank mismatch.""}, {""draw"": 4, ""status"": ""computed"", ""rank_a"": 1, ""rank_b"": 1, ""principal_angles_deg"": [29.03148025508614], ""projection_overlap_trace"": 0.7644935256965182, ""a_projected_into_b_fraction"": 0.7644935256965182, ""b_projected_into_a_fraction"": 0.7644935256965182, ""random_a_into_b_fraction"": 0.0025, ""random_b_into_a_fraction"": 0.0025, ""grassmann_geodesic_rad"": 0.5066949171789764, ""projector_distance_frobenius"": 0.6863038311177956, ""unequal_rank_note"": ""Principal angles cover only min(rank_a,rank_b); projector distance includes rank mismatch.""}, {""draw"": 5, ""status"": ""computed"", ""rank_a"": 1, ""rank_b"": 1, ""principal_angles_deg"": [27.941874782765616], ""projection_overlap_trace"": 0.7804369147261825, ""a_projected_into_b_fraction"": 0.7804369147261825, ""b_projected_into_a_fraction"": 0.7804369147261825, ""random_a_into_b_fraction"": 0.0025, ""random_b_into_a_fraction"": 0.0025, ""grassmann_geodesic_rad"": 0.48767771413923533, ""projector_distance_frobenius"": 0.6626659569855955, ""unequal_rank_note"": ""Principal angles cover only min(rank_a,rank_b); projector distance includes rank mismatch.""}, {""draw"": 6, ""status"": ""computed"", ""rank_a"": 1, ""rank_b"": 1, ""principal_angles_deg"": [25.055085646548786], ""projection_overlap_trace"": 0.8206567161727899, ""a_projected_into_b_fraction"": 0.8206567161727899, ""b_projected_into_a_fraction"": 0.8206567161727899, ""random_a_into_b_fraction"": 0.0025, ""random_b_into_a_fraction"": 0.0025, ""grassmann_geodesic_rad"": 0.43729373890144857, ""projector_distance_frobenius"": 0.5989044728956532, ""unequal_rank_note"": ""Principal angles cover only min(rank_a,rank_b); projector distance includes rank mismatch.""}, {""draw"": 7, ""status"": ""computed"", ""rank_a"": 1, ""rank_b"": 1, ""principal_angles_deg"": [23.57651715608286], ""projection_overlap_trace"": 0.8400212593100513, ""a_projected_into_b_fraction"": 0.8400212593100513, ""b_projected_into_a_fraction"": 0.8400212593100513, ""random_a_into_b_fraction"": 0.0025, ""random_b_into_a_fraction"": 0.0025, ""grassmann_geodesic_rad"": 0.41148785052657577, ""projector_distance_frobenius"": 0.5656478421950333, ""unequal_rank_note"": ""Principal angles cover only min(rank_a,rank_b); projector distance includes rank mismatch.""}, {""draw"": 8, ""status"": ""computed"", ""rank_a"": 1, ""rank_b"": 1, ""principal_angles_deg"": [28.216553458499543], ""projection_overlap_trace"": 0.776455087207421, ""a_projected_into_b_fraction"": 0.776455087207421, ""b_projected_into_a_fraction"": 0.776455087207421, ""random_a_into_b_fraction"": 0.0025, ""random_b_into_a_fraction"": 0.0025, ""grassmann_geodesic_rad"": 0.4924717614158102, ""projector_distance_frobenius"": 0.6686477589771449, ""unequal_rank_note"": ""Principal angles cover only min(rank_a,rank_b); projector distance includes rank mismatch.""}, {""draw"": 9, ""status"": ""computed"", ""rank_a"": 1, ""rank_b"": 1, ""principal_angles_deg"": [26.071037036259575], ""projection_overlap_trace"": 0.8068527927732911, ""a_projected_into_b_fraction"": 0.8068527927732911, ""b_projected_into_a_fraction"": 0.8068527927732911, ""random_a_into_b_fraction"": 0.0025, ""random_b_into_a_fraction"": 0.0025, ""grassmann_geodesic_rad"": 0.45502543569211384, ""projector_distance_frobenius"": 0.621525875932304, ""unequal_rank_note"": ""Principal angles cover only min(rank_a,rank_b); projector distance includes rank mismatch.""}, {""draw"": 10, ""status"": ""computed"", ""rank_a"": 1, ""rank_b"": 1, ""principal_angles_deg"": [30.224207243955664], ""projection_overlap_trace"": 0.7466034869404916, ""a_projected_into_b_fraction"": 0.7466034869404916, ""b_projected_into_a_fraction"": 0.7466034869404916, ""random_a_into_b_fraction"": 0.0025, ""random_b_into_a_fraction"": 0.0025, ""grassmann_geodesic_rad"": 0.5275119302121474, ""projector_distance_frobenius"": 0.7118939711214141, ""unequal_rank_note"": ""Principal angles cover only min(rank_a,rank_b); projector distance includes rank mismatch.""}, {""draw"": 11, ""status"": ""computed"", ""rank_a"": 1, ""rank_b"": 1, ""principal_angles_deg"": [22.586340564341818], ""projection_overlap_trace"": 0.8524862280993781, ""a_projected_into_b_fraction"": 0.8524862280993781, ""b_projected_into_a_fraction"": 0.8524862280993781, ""random_a_into_b_fraction"": 0.0025, ""random_b_into_a_fraction"": 0.0025, ""grassmann_geodesic_rad"": 0.39420600882451884, ""projector_distance_frobenius"": 0.543164380092476, ""unequal_rank_note"": ""Principal angles cover only min(rank_a,rank_b); projector distance includes rank mismatch.""}, {""draw"": 12, ""status"": ""computed"", ""rank_a"": 1, ""rank_b"": 1, ""principal_angles_deg"": [25.647610219706422], ""projection_overlap_trace"": 0.8126538784691064, ""a_projected_into_b_fraction"": 0.8126538784691064, ""b_projected_into_a_fraction"": 0.8126538784691064, ""random_a_into_b_fraction"": 0.0025, ""random_b_into_a_fraction"": 0.0025, ""grassmann_geodesic_rad"": 0.44763524360202334, ""projector_distance_frobenius"": 0.6121211016308677, ""unequal_rank_note"": ""Principal angles cover only min(rank_a,rank_b); projector distance includes rank mismatch.""}, {""draw"": 13, ""status"": ""computed"", ""rank_a"": 1, ""rank_b"": 1, ""principal_angles_deg"": [30.280738557277992], ""projection_overlap_trace"": 0.7457447021271086, ""a_projected_into_b_fraction"": 0.7457447021271086, ""b_projected_into_a_fraction"": 0.7457447021271086, ""random_a_into_b_fraction"": 0.0025, ""random_b_into_a_fraction"": 0.0025, ""grassmann_geodesic_rad"": 0.5284985877600985, ""projector_distance_frobenius"": 0.7130992888411702, ""unequal_rank_note"": ""Principal angles cover only min(rank_a,rank_b); projector distance includes rank mismatch.""}, {""draw"": 14, ""status"": ""computed"", ""rank_a"": 1, ""rank_b"": 1, ""principal_angles_deg"": [23.66166899075778], ""projection_overlap_trace"": 0.8389301324057944, ""a_projected_into_b_fraction"": 0.8389301324057944, ""b_projected_into_a_fraction"": 0.8389301324057944, ""random_a_into_b_fraction"": 0.0025, ""random_b_into_a_fraction"": 0.0025, ""grassmann_geodesic_rad"": 0.41297403040576697, ""projector_distance_frobenius"": 0.5675735504658503, ""unequal_rank_note"": ""Principal angles cover only min(rank_a,rank_b); projector distance includes rank mismatch.""}, {""draw"": 15, ""status"": ""computed"", ""rank_a"": 1, ""rank_b"": 1, ""principal_angles_deg"": [22.72011382486259], ""projection_overlap_trace"": 0.8508264814848453, ""a_projected_into_b_fraction"": 0.8508264814848453, ""b_projected_into_a_fraction"": 0.8508264814848453, ""random_a_into_b_fraction"": 0.0025, ""random_b_into_a_fraction"": 0.0025, ""grassmann_geodesic_rad"": 0.3965407926717345, ""projector_distance_frobenius"": 0.5462115313963166, ""unequal_rank_note"": ""Principal angles cover only min(rank_a,rank_b); projector distance includes rank mismatch.""}, {""draw"": 16, ""status"": ""computed"", ""rank_a"": 1, ""rank_b"": 1, ""principal_angles_deg"": [33.13389661352501], ""projection_overlap_trace"": 0.7012312100498582, ""a_projected_into_b_fraction"": 0.7012312100498582, ""b_projected_into_a_fraction"": 0.7012312100498582, ""random_a_into_b_fraction"": 0.0025, ""random_b_into_a_fraction"": 0.0025, ""grassmann_geodesic_rad"": 0.5782955899214105, ""projector_distance_frobenius"": 0.7730055497215292, ""unequal_rank_note"": ""Principal angles cover only min(rank_a,rank_b); projector distance includes rank mismatch.""}, {""draw"": 17, ""status"": ""computed"", ""rank_a"": 1, ""rank_b"": 1, ""principal_angles_deg"": [29.7334909669236], ""projection_overlap_trace"": 0.7540174065564831, ""a_projected_into_b_fraction"": 0.7540174065564831, ""b_projected_into_a_fraction"": 0.7540174065564831, ""random_a_into_b_fraction"": 0.0025, ""random_b_into_a_fraction"": 0.0025, ""grassmann_geodesic_rad"": 0.5189473154848092, ""projector_distance_frobenius"": 0.7014023003149005, ""unequal_rank_note"": ""Principal angles cover only min(rank_a,rank_b); projector distance includes rank mismatch.""}, {""draw"": 18, ""status"": ""computed"", ""rank_a"": 1, ""rank_b"": 1, ""principal_angles_deg"": [28.168106267695908], ""projection_overlap_trace"": 0.7771592491933015, ""a_projected_into_b_fraction"": 0.7771592491933015, ""b_projected_into_a_fraction"": 0.7771592491933015, ""random_a_into_b_fraction"": 0.0025, ""random_b_into_a_fraction"": 0.0025, ""grassmann_geodesic_rad"": 0.49162619842294486, ""projector_distance_frobenius"": 0.6675938148405788, ""unequal_rank_note"": ""Principal angles cover only min(rank_a,rank_b); projector distance includes rank mismatch.""}, {""draw"": 19, ""status"": ""computed"", ""rank_a"": 1, ""rank_b"": 1, ""principal_angles_deg"": [25.305909327678833], ""projection_overlap_trace"": 0.817285552253782, ""a_projected_into_b_fraction"": 0.817285552253782, ""b_projected_into_a_fraction"": 0.817285552253782, ""random_a_into_b_fraction"": 0.0025, ""random_b_into_a_fraction"": 0.0025, ""grassmann_geodesic_rad"": 0.4416714379791402, ""projector_distance_frobenius"": 0.6045071509026474, ""unequal_rank_note"": ""Principal angles cover only min(rank_a,rank_b); projector distance includes rank mismatch.""}, {""draw"": 20, ""status"": ""computed"", ""rank_a"": 1, ""rank_b"": 1, ""principal_angles_deg"": [21.13397399339703], ""projection_overlap_trace"": 0.8700037356431158, ""a_projected_into_b_fraction"": 0.8700037356431158, ""b_projected_into_a_fraction"": 0.8700037356431158, ""random_a_into_b_fraction"": 0.0025, ""random_b_into_a_fraction"": 0.0025, ""grassmann_geodesic_rad"": 0.36885743021563255, ""projector_distance_frobenius"": 0.5098946251077455, ""unequal_rank_note"": ""Principal angles cover only min(rank_a,rank_b); projector distance includes rank mismatch.""}, {""draw"": 21, ""status"": ""computed"", ""rank_a"": 1, ""rank_b"": 1, ""principal_angles_deg"": [25.650459307012802], ""projection_overlap_trace"": 0.8126150718700194, ""a_projected_into_b_fraction"": 0.8126150718700194, ""b_projected_into_a_fraction"": 0.8126150718700194, ""random_a_into_b_fraction"": 0.0025, ""random_b_into_a_fraction"": 0.0025, ""grassmann_geodesic_rad"": 0.4476849695561964, ""projector_distance_frobenius"": 0.6121844952789651, ""unequal_rank_note"": ""Principal angles cover only min(rank_a,rank_b); projector distance includes rank mismatch.""}, {""draw"": 22, ""status"": ""computed"", ""rank_a"": 1, ""rank_b"": 1, ""principal_angles_deg"": [21.10644938367374], ""projection_overlap_trace"": 0.8703266778865569, ""a_projected_into_b_fraction"": 0.8703266778865569, ""b_projected_into_a_fraction"": 0.8703266778865569, ""random_a_into_b_fraction"": 0.0025, ""random_b_into_a_fraction"": 0.0025, ""grassmann_geodesic_rad"": 0.3683770351506347, ""projector_distance_frobenius"": 0.5092608803225378, ""unequal_rank_note"": ""Principal angles cover only min(rank_a,rank_b); projector distance includes rank mismatch.""}, {""draw"": 23, ""status"": ""computed"", ""rank_a"": 1, ""rank_b"": 1, ""principal_angles_deg"": [26.915481798660913], ""projection_overlap_trace"": 0.7950847432758007, ""a_projected_into_b_fraction"": 0.7950847432758007, ""b_projected_into_a_fraction"": 0.7950847432758007, ""random_a_into_b_fraction"": 0.0025, ""random_b_into_a_fraction"": 0.0025, ""grassmann_geodesic_rad"": 0.46976377714723844, ""projector_distance_frobenius"": 0.6401800633012548, ""unequal_rank_note"": ""Principal angles cover only min(rank_a,rank_b); projector distance includes rank mismatch.""}, {""draw"": 24, ""status"": ""computed"", ""rank_a"": 1, ""rank_b"": 1, ""principal_angles_deg"": [23.51685552809461], ""projection_overlap_trace"": 0.840783968124914, ""a_projected_into_b_fraction"": 0.840783968124914, ""b_projected_into_a_fraction"": 0.840783968124914, ""random_a_into_b_fraction"": 0.0025, ""random_b_into_a_fraction"": 0.0025, ""grassmann_geodesic_rad"": 0.41044655868108076, ""projector_distance_frobenius"": 0.5642978502087104, ""unequal_rank_note"": ""Principal angles cover only min(rank_a,rank_b); projector distance includes rank mismatch.""}, {""draw"": 25, ""status"": ""computed"", ""rank_a"": 1, ""rank_b"": 1, ""principal_angles_deg"": [23.479766566843427], ""projection_overlap_trace"": 0.8412573652255607, ""a_projected_into_b_fraction"": 0.8412573652255607, ""b_projected_into_a_fraction"": 0.8412573652255607, ""random_a_into_b_fraction"": 0.0025, ""random_b_into_a_fraction"": 0.0025, ""grassmann_geodesic_rad"": 0.40979923419110303, ""projector_distance_frobenius"": 0.56345831216593, ""unequal_rank_note"": ""Principal angles cover only min(rank_a,rank_b); projector distance includes rank mismatch.""}, {""draw"": 26, ""status"": ""computed"", ""rank_a"": 1, ""rank_b"": 1, ""principal_angles_deg"": [30.663205273207677], ""projection_overlap_trace"": 0.7399095625225522, ""a_projected_into_b_fraction"": 0.7399095625225522, ""b_projected_into_a_fraction"": 0.7399095625225522, ""random_a_into_b_fraction"": 0.0025, ""random_b_into_a_fraction"": 0.0025, ""grassmann_geodesic_rad"": 0.5351738912323614, ""projector_distance_frobenius"": 0.7212356584050011, ""unequal_rank_note"": ""Principal angles cover only min(rank_a,rank_b); projector distance includes rank mismatch.""}, {""draw"": 27, ""status"": ""computed"", ""rank_a"": 1, ""rank_b"": 1, ""principal_angles_deg"": [23.22726475600767], ""projection_overlap_trace"": 0.8444650115109925, ""a_projected_into_b_fraction"": 0.8444650115109925, ""b_projected_into_a_fraction"": 0.8444650115109925, ""random_a_into_b_fraction"": 0.0025, ""random_b_into_a_fraction"": 0.0025, ""grassmann_geodesic_rad"": 0.4053922462247712, ""projector_distance_frobenius"": 0.5577364762842887, ""unequal_rank_note"": ""Principal angles cover only min(rank_a,rank_b); projector distance includes rank mismatch.""}, {""draw"": 28, ""status"": ""computed"", ""rank_a"": 1, ""rank_b"": 1, ""principal_angles_deg"": [23.887411330863774], ""projection_overlap_trace"": 0.8360230271667884, ""a_projected_into_b_fraction"": 0.8360230271667884, ""b_projected_into_a_fraction"": 0.8360230271667884, ""random_a_into_b_fraction"": 0.0025, ""random_b_into_a_fraction"": 0.0025, ""grassmann_geodesic_rad"": 0.4169139775017734, ""projector_distance_frobenius"": 0.57267263394231, ""unequal_rank_note"": ""Principal angles cover only min(rank_a,rank_b); projector distance includes rank mismatch.""}, {""draw"": 29, ""status"": ""computed"", ""rank_a"": 1, ""rank_b"": 1, ""principal_angles_deg"": [22.59952499392579], ""projection_overlap_trace"": 0.8523229875727654, ""a_projected_into_b_fraction"": 0.8523229875727654, ""b_projected_into_a_fraction"": 0.8523229875727654, ""random_a_into_b_fraction"": 0.0025, ""random_b_into_a_fraction"": 0.0025, ""grassmann_geodesic_rad"": 0.39443612053075655, ""projector_distance_frobenius"": 0.5434648331350146, ""unequal_rank_note"": ""Principal angles cover only min(rank_a,rank_b); projector distance includes rank mismatch.""}], ""max_angle_deg_quantiles_025_50_975"": [21.126404725723127, 25.649034763359612, 33.22597411206396], ""sampling"": ""30 fixed-seed whole-episode bootstrap draws stratified by collection seed; fixed full-discovery feature metric"", ""interpretation"": ""Discovery resampling reproducibility relative to the full-data fit, not independent confirmation.""}","{""status"": ""descriptive_physical_regimes"", ""groups"": [{""regime"": ""below_wall_top"", ""seed"": null, ""samples"": 51, ""episodes"": 13, ""global_held_seed_mse"": 0.00010915685392518182, ""time_only_mse"": 0.00010784835768192058, ""mean_time"": 0.7812177562246135, ""time_quantiles"": [0.5789473652839661, 0.7894737124443054, 0.9473684430122375]}, {""regime"": ""below_wall_top"", ""seed"": 1, ""samples"": 7, ""episodes"": 3, ""global_held_seed_mse"": 0.00014555754149644923, ""time_only_mse"": 0.00016407660721360346, ""mean_time"": 0.7669173053332737, ""time_quantiles"": [0.5789473772048951, 0.7894737124443054, 0.9473684430122375]}, {""regime"": ""below_wall_top"", ""seed"": 2, ""samples"": 15, ""episodes"": 4, ""global_held_seed_mse"": 0.00013821533110718634, ""time_only_mse"": 0.00011384365602020901, ""mean_time"": 0.7789473732312521, ""time_quantiles"": [0.6526315689086915, 0.7894737124443054, 0.9263157963752746]}, {""regime"": ""below_wall_top"", ""seed"": 3, ""samples"": 29, ""episodes"": 6, ""global_held_seed_mse"": 8.534023424487357e-05, ""time_only_mse"": 9.11750052061928e-05, ""mean_time"": 0.7858439252294344, ""time_quantiles"": [0.5684210538864136, 0.8421052694320679, 0.9473684430122375]}, {""regime"": ""at_or_above_wall_top"", ""seed"": null, ""samples"": 2799, ""episodes"": 150, ""global_held_seed_mse"": 6.93878411376783e-05, ""time_only_mse"": 0.00010520647963395336, ""mean_time"": 0.4680807074028153, ""time_quantiles"": [0.05263157933950424, 0.4736842215061188, 0.8947368264198303]}, {""regime"": ""at_or_above_wall_top"", ""seed"": 1, ""samples"": 943, ""episodes"": 50, ""global_held_seed_mse"": 5.989664407047966e-05, ""time_only_mse"": 0.00010263286474316225, ""mean_time"": 0.4715075087224944, ""time_quantiles"": [0.05263157933950424, 0.4736842215061188, 0.8947368264198303]}, {""regime"": ""at_or_above_wall_top"", ""seed"": 2, ""samples"": 935, ""episodes"": 50, ""global_held_seed_mse"": 7.91875578615547e-05, ""time_only_mse"": 0.00010772574764356009, ""mean_time"": 0.46878694252853087, ""time_quantiles"": [0.05263157933950424, 0.4736842215061188, 0.8947368264198303]}, {""regime"": ""at_or_above_wall_top"", ""seed"": 3, ""samples"": 921, ""episodes"": 50, ""global_held_seed_mse"": 6.915707425118958e-05, ""time_only_mse"": 0.00010528400759598777, ""mean_time"": 0.463855079295322, ""time_quantiles"": [0.05263157933950424, 0.4736842215061188, 0.8421052694320679]}], ""time_confounding"": ""Regimes have different time and trajectory composition; residual differences do not identify causal regimes or HMM states.""}",,,,none_validated,"{""linear_score"": ""measured_discovery_only"", ""nonlinear_gain"": ""measured_held_validation_readout_gain"", ""best_coordinate_frame"": ""pending_measurement"", ""geometry"": ""descriptive_common_metric_discovery_geometry"", ""cross_trajectory_stability"": ""measured_discovery_only"", ""regime_dependence"": ""measured_discovery_only"", ""causal_patch_effect"": ""pending_measurement"", ""specificity"": ""pending_measurement"", ""manifold_distance"": ""pending_measurement"", ""recommended_operator"": ""not_yet_justified""}","[{""path"": ""artifacts/geometry_map/reach_wall_v1/cached-geometry-v2/cached_geometry.json"", ""item"": ""rows[24]""}, {""path"": ""artifacts/geometry_map/reach_wall_v1/cached-geometry-v2/cached_geometry.json"", ""item"": ""sites[3]""}, {""path"": ""artifacts/geometry_map/reach_wall_v1/nonlinear-interfaces-v1/nonlinear_interfaces.json"", ""item"": ""rows.predictor_block5.held_validation""}]"
reach-wall/predictor/block-5/spatial-mean/wall_signed_distance,reach-wall,predictor,5,block_residual_output,mean_of_256_spatial_tokens,1,wall_signed_distance,"{""metric"": ""r2"", ""score"": 0.9627133452307729, ""time_baseline"": 0.14228076564542136, ""delta_vs_time"": 0.8204325795853515}","{""reference"": ""followups.nonlinear_interfaces.rows.predictor_block5"", ""held_validation_rbf_minus_full_ridge"": -0.058762897854145124, ""held_validation_rbf_minus_same_PCA_ridge"": -0.0245683892468207, ""interpretation"": ""fixed readout comparison; no manifold/causal conclusion""}",,"{""participation_ratio"": 3.369516863492582, ""top10_variance_fraction"": 0.8602852108835968, ""adjacent_timestep_cosine_mean"": 0.9979302805181605, ""eigenspectrum_reference"": ""sites.predictor.block5.eigenspectrum"", ""common_metric_subspace_comparisons_reference"": ""sites.predictor.block5.subspace_comparisons""}","{""draws"": [{""draw"": 0, ""status"": ""computed"", ""rank_a"": 1, ""rank_b"": 1, ""principal_angles_deg"": [17.990541827616486], ""projection_overlap_trace"": 0.9046055045247123, ""a_projected_into_b_fraction"": 0.9046055045247123, ""b_projected_into_a_fraction"": 0.9046055045247123, ""random_a_into_b_fraction"": 0.0025, ""random_b_into_a_fraction"": 0.0025, ""grassmann_geodesic_rad"": 0.3139941891096658, ""projector_distance_frobenius"": 0.4367939914314016, ""unequal_rank_note"": ""Principal angles cover only min(rank_a,rank_b); projector distance includes rank mismatch.""}, {""draw"": 1, ""status"": ""computed"", ""rank_a"": 1, ""rank_b"": 1, ""principal_angles_deg"": [18.034696671967477], ""projection_overlap_trace"": 0.9041522547945149, ""a_projected_into_b_fraction"": 0.9041522547945149, ""b_projected_into_a_fraction"": 0.9041522547945149, ""random_a_into_b_fraction"": 0.0025, ""random_b_into_a_fraction"": 0.0025, ""grassmann_geodesic_rad"": 0.3147648365242962, ""projector_distance_frobenius"": 0.43783043568369046, ""unequal_rank_note"": ""Principal angles cover only min(rank_a,rank_b); projector distance includes rank mismatch.""}, {""draw"": 2, ""status"": ""computed"", ""rank_a"": 1, ""rank_b"": 1, ""principal_angles_deg"": [24.105233061655913], ""projection_overlap_trace"": 0.8331981421437975, ""a_projected_into_b_fraction"": 0.8331981421437975, ""b_projected_into_a_fraction"": 0.8331981421437975, ""random_a_into_b_fraction"": 0.0025, ""random_b_into_a_fraction"": 0.0025, ""grassmann_geodesic_rad"": 0.42071568388648894, ""projector_distance_frobenius"": 0.5775843797337363, ""unequal_rank_note"": ""Principal angles cover only min(rank_a,rank_b); projector distance includes rank mismatch.""}, {""draw"": 3, ""status"": ""computed"", ""rank_a"": 1, ""rank_b"": 1, ""principal_angles_deg"": [14.986437984146855], ""projection_overlap_trace"": 0.9331310042812619, ""a_projected_into_b_fraction"": 0.9331310042812619, ""b_projected_into_a_fraction"": 0.9331310042812619, ""random_a_into_b_fraction"": 0.0025, ""random_b_into_a_fraction"": 0.0025, ""grassmann_geodesic_rad"": 0.2615626859693044, ""projector_distance_frobenius"": 0.3657020528209763, ""unequal_rank_note"": ""Principal angles cover only min(rank_a,rank_b); projector distance includes rank mismatch.""}, {""draw"": 4, ""status"": ""computed"", ""rank_a"": 1, ""rank_b"": 1, ""principal_angles_deg"": [17.065911429008892], ""projection_overlap_trace"": 0.9138744101832492, ""a_projected_into_b_fraction"": 0.9138744101832492, ""b_projected_into_a_fraction"": 0.9138744101832492, ""random_a_into_b_fraction"": 0.0025, ""random_b_into_a_fraction"": 0.0025, ""grassmann_geodesic_rad"": 0.2978563442899357, ""projector_distance_frobenius"": 0.4150315405285501, ""unequal_rank_note"": ""Principal angles cover only min(rank_a,rank_b); projector distance includes rank mismatch.""}, {""draw"": 5, ""status"": ""computed"", ""rank_a"": 1, ""rank_b"": 1, ""principal_angles_deg"": [18.215174388308498], ""projection_overlap_trace"": 0.9022896793678692, ""a_projected_into_b_fraction"": 0.9022896793678692, ""b_projected_into_a_fraction"": 0.9022896793678692, ""random_a_into_b_fraction"": 0.0025, ""random_b_into_a_fraction"": 0.0025, ""grassmann_geodesic_rad"": 0.3179147669009274, ""projector_distance_frobenius"": 0.442064069184843, ""unequal_rank_note"": ""Principal angles cover only min(rank_a,rank_b); projector distance includes rank mismatch.""}, {""draw"": 6, ""status"": ""computed"", ""rank_a"": 1, ""rank_b"": 1, ""principal_angles_deg"": [15.593905408885453], ""projection_overlap_trace"": 0.9277372232876575, ""a_projected_into_b_fraction"": 0.9277372232876575, ""b_projected_into_a_fraction"": 0.9277372232876575, ""random_a_into_b_fraction"": 0.0025, ""random_b_into_a_fraction"": 0.0025, ""grassmann_geodesic_rad"": 0.27216499262960375, ""projector_distance_frobenius"": 0.3801651659801105, ""unequal_rank_note"": ""Principal angles cover only min(rank_a,rank_b); projector distance includes rank mismatch.""}, {""draw"": 7, ""status"": ""computed"", ""rank_a"": 1, ""rank_b"": 1, ""principal_angles_deg"": [14.56084787430635], ""projection_overlap_trace"": 0.9367940017744869, ""a_projected_into_b_fraction"": 0.9367940017744869, ""b_projected_into_a_fraction"": 0.9367940017744869, ""random_a_into_b_fraction"": 0.0025, ""random_b_into_a_fraction"": 0.0025, ""grassmann_geodesic_rad"": 0.25413473728866326, ""projector_distance_frobenius"": 0.35554464761971344, ""unequal_rank_note"": ""Principal angles cover only min(rank_a,rank_b); projector distance includes rank mismatch.""}, {""draw"": 8, ""status"": ""computed"", ""rank_a"": 1, ""rank_b"": 1, ""principal_angles_deg"": [17.994727038537988], ""projection_overlap_trace"": 0.9045625845285941, ""a_projected_into_b_fraction"": 0.9045625845285941, ""b_projected_into_a_fraction"": 0.9045625845285941, ""random_a_into_b_fraction"": 0.0025, ""random_b_into_a_fraction"": 0.0025, ""grassmann_geodesic_rad"": 0.31406723482013643, ""projector_distance_frobenius"": 0.43689224179746183, ""unequal_rank_note"": ""Principal angles cover only min(rank_a,rank_b); projector distance includes rank mismatch.""}, {""draw"": 9, ""status"": ""computed"", ""rank_a"": 1, ""rank_b"": 1, ""principal_angles_deg"": [19.911169496523108], ""projection_overlap_trace"": 0.8840169467435868, ""a_projected_into_b_fraction"": 0.8840169467435868, ""b_projected_into_a_fraction"": 0.8840169467435868, ""random_a_into_b_fraction"": 0.0025, ""random_b_into_a_fraction"": 0.0025, ""grassmann_geodesic_rad"": 0.3475154656369899, ""projector_distance_frobenius"": 0.48162859810524794, ""unequal_rank_note"": ""Principal angles cover only min(rank_a,rank_b); projector distance includes rank mismatch.""}, {""draw"": 10, ""status"": ""computed"", ""rank_a"": 1, ""rank_b"": 1, ""principal_angles_deg"": [20.46440823926274], ""projection_overlap_trace"": 0.8777620383246321, ""a_projected_into_b_fraction"": 0.8777620383246321, ""b_projected_into_a_fraction"": 0.8777620383246321, ""random_a_into_b_fraction"": 0.0025, ""random_b_into_a_fraction"": 0.0025, ""grassmann_geodesic_rad"": 0.3571713032473903, ""projector_distance_frobenius"": 0.49444506605965427, ""unequal_rank_note"": ""Principal angles cover only min(rank_a,rank_b); projector distance includes rank mismatch.""}, {""draw"": 11, ""status"": ""computed"", ""rank_a"": 1, ""rank_b"": 1, ""principal_angles_deg"": [18.62918263624058], ""projection_overlap_trace"": 0.897956810095973, ""a_projected_into_b_fraction"": 0.897956810095973, ""b_projected_into_a_fraction"": 0.897956810095973, ""random_a_into_b_fraction"": 0.0025, ""random_b_into_a_fraction"": 0.0025, ""grassmann_geodesic_rad"": 0.3251405739577552, ""projector_distance_frobenius"": 0.45175920555983595, ""unequal_rank_note"": ""Principal angles cover only min(rank_a,rank_b); projector distance includes rank mismatch.""}, {""draw"": 12, ""status"": ""computed"", ""rank_a"": 1, ""rank_b"": 1, ""principal_angles_deg"": [19.852432001562935], ""projection_overlap_trace"": 0.8846726627208068, ""a_projected_into_b_fraction"": 0.8846726627208068, ""b_projected_into_a_fraction"": 0.8846726627208068, ""random_a_into_b_fraction"": 0.0025, ""random_b_into_a_fraction"": 0.0025, ""grassmann_geodesic_rad"": 0.34649030295556127, ""projector_distance_frobenius"": 0.4802652127297858, ""unequal_rank_note"": ""Principal angles cover only min(rank_a,rank_b); projector distance includes rank mismatch.""}, {""draw"": 13, ""status"": ""computed"", ""rank_a"": 1, ""rank_b"": 1, ""principal_angles_deg"": [19.21212037006559], ""projection_overlap_trace"": 0.8917152957694217, ""a_projected_into_b_fraction"": 0.8917152957694217, ""b_projected_into_a_fraction"": 0.8917152957694217, ""random_a_into_b_fraction"": 0.0025, ""random_b_into_a_fraction"": 0.0025, ""grassmann_geodesic_rad"": 0.33531475674711597, ""projector_distance_frobenius"": 0.4653701843276562, ""unequal_rank_note"": ""Principal angles cover only min(rank_a,rank_b); projector distance includes rank mismatch.""}, {""draw"": 14, ""status"": ""computed"", ""rank_a"": 1, ""rank_b"": 1, ""principal_angles_deg"": [17.93185653112761], ""projection_overlap_trace"": 0.9052064215707163, ""a_projected_into_b_fraction"": 0.9052064215707163, ""b_projected_into_a_fraction"": 0.9052064215707163, ""random_a_into_b_fraction"": 0.0025, ""random_b_into_a_fraction"": 0.0025, ""grassmann_geodesic_rad"": 0.3129699374634259, ""projector_distance_frobenius"": 0.4354160732662121, ""unequal_rank_note"": ""Principal angles cover only min(rank_a,rank_b); projector distance includes rank mismatch.""}, {""draw"": 15, ""status"": ""computed"", ""rank_a"": 1, ""rank_b"": 1, ""principal_angles_deg"": [18.059350022761183], ""projection_overlap_trace"": 0.903898770256327, ""a_projected_into_b_fraction"": 0.903898770256327, ""b_projected_into_a_fraction"": 0.903898770256327, ""random_a_into_b_fraction"": 0.0025, ""random_b_into_a_fraction"": 0.0025, ""grassmann_geodesic_rad"": 0.31519511866729555, ""projector_distance_frobenius"": 0.43840900935923516, ""unequal_rank_note"": ""Principal angles cover only min(rank_a,rank_b); projector distance includes rank mismatch.""}, {""draw"": 16, ""status"": ""computed"", ""rank_a"": 1, ""rank_b"": 1, ""principal_angles_deg"": [22.724799202166736], ""projection_overlap_trace"": 0.8507682103778792, ""a_projected_into_b_fraction"": 0.8507682103778792, ""b_projected_into_a_fraction"": 0.8507682103778792, ""random_a_into_b_fraction"": 0.0025, ""random_b_into_a_fraction"": 0.0025, ""grassmann_geodesic_rad"": 0.39662256793239004, ""projector_distance_frobenius"": 0.5463182032883781, ""unequal_rank_note"": ""Principal angles cover only min(rank_a,rank_b); projector distance includes rank mismatch.""}, {""draw"": 17, ""status"": ""computed"", ""rank_a"": 1, ""rank_b"": 1, ""principal_angles_deg"": [20.427389105940826], ""projection_overlap_trace"": 0.8781850001882593, ""a_projected_into_b_fraction"": 0.8781850001882593, ""b_projected_into_a_fraction"": 0.8781850001882593, ""random_a_into_b_fraction"": 0.0025, ""random_b_into_a_fraction"": 0.0025, ""grassmann_geodesic_rad"": 0.35652519748468814, ""projector_distance_frobenius"": 0.493588897386764, ""unequal_rank_note"": ""Principal angles cover only min(rank_a,rank_b); projector distance includes rank mismatch.""}, {""draw"": 18, ""status"": ""computed"", ""rank_a"": 1, ""rank_b"": 1, ""principal_angles_deg"": [20.904235227435752], ""projection_overlap_trace"": 0.8726887265790896, ""a_projected_into_b_fraction"": 0.8726887265790896, ""b_projected_into_a_fraction"": 0.8726887265790896, ""random_a_into_b_fraction"": 0.0025, ""random_b_into_a_fraction"": 0.0025, ""grassmann_geodesic_rad"": 0.36484773233013956, ""projector_distance_frobenius"": 0.5046013741973171, ""unequal_rank_note"": ""Principal angles cover only min(rank_a,rank_b); projector distance includes rank mismatch.""}, {""draw"": 19, ""status"": ""computed"", ""rank_a"": 1, ""rank_b"": 1, ""principal_angles_deg"": [15.758453897610114], ""projection_overlap_trace"": 0.9262429698157337, ""a_projected_into_b_fraction"": 0.9262429698157337, ""b_projected_into_a_fraction"": 0.9262429698157337, ""random_a_into_b_fraction"": 0.0025, ""random_b_into_a_fraction"": 0.0025, ""grassmann_geodesic_rad"": 0.27503690553702986, ""projector_distance_frobenius"": 0.38407559199789376, ""unequal_rank_note"": ""Principal angles cover only min(rank_a,rank_b); projector distance includes rank mismatch.""}, {""draw"": 20, ""status"": ""computed"", ""rank_a"": 1, ""rank_b"": 1, ""principal_angles_deg"": [15.235782032318154], ""projection_overlap_trace"": 0.9309404729795746, ""a_projected_into_b_fraction"": 0.9309404729795746, ""b_projected_into_a_fraction"": 0.9309404729795746, ""random_a_into_b_fraction"": 0.0025, ""random_b_into_a_fraction"": 0.0025, ""grassmann_geodesic_rad"": 0.2659145605801449, ""projector_distance_frobenius"": 0.37164371922696443, ""unequal_rank_note"": ""Principal angles cover only min(rank_a,rank_b); projector distance includes rank mismatch.""}, {""draw"": 21, ""status"": ""computed"", ""rank_a"": 1, ""rank_b"": 1, ""principal_angles_deg"": [16.364754949106306], ""projection_overlap_trace"": 0.9206162111645885, ""a_projected_into_b_fraction"": 0.9206162111645885, ""b_projected_into_a_fraction"": 0.9206162111645885, ""random_a_into_b_fraction"": 0.0025, ""random_b_into_a_fraction"": 0.0025, ""grassmann_geodesic_rad"": 0.2856188551439421, ""projector_distance_frobenius"": 0.39845649407535455, ""unequal_rank_note"": ""Principal angles cover only min(rank_a,rank_b); projector distance includes rank mismatch.""}, {""draw"": 22, ""status"": ""computed"", ""rank_a"": 1, ""rank_b"": 1, ""principal_angles_deg"": [15.147849647767996], ""projection_overlap_trace"": 0.9317167093755018, ""a_projected_into_b_fraction"": 0.9317167093755018, ""b_projected_into_a_fraction"": 0.9317167093755018, ""random_a_into_b_fraction"": 0.0025, ""random_b_into_a_fraction"": 0.0025, ""grassmann_geodesic_rad"": 0.26437985095061484, ""projector_distance_frobenius"": 0.3695491594483695, ""unequal_rank_note"": ""Principal angles cover only min(rank_a,rank_b); projector distance includes rank mismatch.""}, {""draw"": 23, ""status"": ""computed"", ""rank_a"": 1, ""rank_b"": 1, ""principal_angles_deg"": [19.50698830279297], ""projection_overlap_trace"": 0.8884962116567513, ""a_projected_into_b_fraction"": 0.8884962116567513, ""b_projected_into_a_fraction"": 0.8884962116567513, ""random_a_into_b_fraction"": 0.0025, ""random_b_into_a_fraction"": 0.0025, ""grassmann_geodesic_rad"": 0.3404611730317579, ""projector_distance_frobenius"": 0.4722367803194679, ""unequal_rank_note"": ""Principal angles cover only min(rank_a,rank_b); projector distance includes rank mismatch.""}, {""draw"": 24, ""status"": ""computed"", ""rank_a"": 1, ""rank_b"": 1, ""principal_angles_deg"": [17.84753084530571], ""projection_overlap_trace"": 0.9060669095756821, ""a_projected_into_b_fraction"": 0.9060669095756821, ""b_projected_into_a_fraction"": 0.9060669095756821, ""random_a_into_b_fraction"": 0.0025, ""random_b_into_a_fraction"": 0.0025, ""grassmann_geodesic_rad"": 0.3114981766018314, ""projector_distance_frobenius"": 0.43343532487400666, ""unequal_rank_note"": ""Principal angles cover only min(rank_a,rank_b); projector distance includes rank mismatch.""}, {""draw"": 25, ""status"": ""computed"", ""rank_a"": 1, ""rank_b"": 1, ""principal_angles_deg"": [16.54203633730358], ""projection_overlap_trace"": 0.918935246002765, ""a_projected_into_b_fraction"": 0.918935246002765, ""b_projected_into_a_fraction"": 0.918935246002765, ""random_a_into_b_fraction"": 0.0025, ""random_b_into_a_fraction"": 0.0025, ""grassmann_geodesic_rad"": 0.28871299907049075, ""projector_distance_frobenius"": 0.4026530864087223, ""unequal_rank_note"": ""Principal angles cover only min(rank_a,rank_b); projector distance includes rank mismatch.""}, {""draw"": 26, ""status"": ""computed"", ""rank_a"": 1, ""rank_b"": 1, ""principal_angles_deg"": [21.858126452565052], ""projection_overlap_trace"": 0.8613855682429632, ""a_projected_into_b_fraction"": 0.8613855682429632, ""b_projected_into_a_fraction"": 0.8613855682429632, ""random_a_into_b_fraction"": 0.0025, ""random_b_into_a_fraction"": 0.0025, ""grassmann_geodesic_rad"": 0.3814962749145283, ""projector_distance_frobenius"": 0.5265252733858781, ""unequal_rank_note"": ""Principal angles cover only min(rank_a,rank_b); projector distance includes rank mismatch.""}, {""draw"": 27, ""status"": ""computed"", ""rank_a"": 1, ""rank_b"": 1, ""principal_angles_deg"": [17.231671254625986], ""projection_overlap_trace"": 0.9122442015926918, ""a_projected_into_b_fraction"": 0.9122442015926918, ""b_projected_into_a_fraction"": 0.9122442015926918, ""random_a_into_b_fraction"": 0.0025, ""random_b_into_a_fraction"": 0.0025, ""grassmann_geodesic_rad"": 0.3007493990144856, ""projector_distance_frobenius"": 0.41894104217015593, ""unequal_rank_note"": ""Principal angles cover only min(rank_a,rank_b); projector distance includes rank mismatch.""}, {""draw"": 28, ""status"": ""computed"", ""rank_a"": 1, ""rank_b"": 1, ""principal_angles_deg"": [18.105499457352042], ""projection_overlap_trace"": 0.9034234601573152, ""a_projected_into_b_fraction"": 0.9034234601573152, ""b_projected_into_a_fraction"": 0.9034234601573152, ""random_a_into_b_fraction"": 0.0025, ""random_b_into_a_fraction"": 0.0025, ""grassmann_geodesic_rad"": 0.3160005782488398, ""projector_distance_frobenius"": 0.43949184256976775, ""unequal_rank_note"": ""Principal angles cover only min(rank_a,rank_b); projector distance includes rank mismatch.""}, {""draw"": 29, ""status"": ""computed"", ""rank_a"": 1, ""rank_b"": 1, ""principal_angles_deg"": [14.6712289842814], ""projection_overlap_trace"": 0.9358531926451148, ""a_projected_into_b_fraction"": 0.9358531926451148, ""b_projected_into_a_fraction"": 0.9358531926451148, ""random_a_into_b_fraction"": 0.0025, ""random_b_into_a_fraction"": 0.0025, ""grassmann_geodesic_rad"": 0.2560612510897338, ""projector_distance_frobenius"": 0.35818098038529406, ""unequal_rank_note"": ""Principal angles cover only min(rank_a,rank_b); projector distance includes rank mismatch.""}], ""max_angle_deg_quantiles_025_50_975"": [14.640874179038262, 18.014711855252735, 23.10441851352626], ""sampling"": ""30 fixed-seed whole-episode bootstrap draws stratified by collection seed; fixed full-discovery feature metric"", ""interpretation"": ""Discovery resampling reproducibility relative to the full-data fit, not independent confirmation.""}","{""status"": ""descriptive_physical_regimes"", ""groups"": [{""regime"": ""below_wall_top"", ""seed"": null, ""samples"": 51, ""episodes"": 13, ""global_held_seed_mse"": 0.00022785585465905238, ""time_only_mse"": 0.0017422658867868098, ""mean_time"": 0.7812177562246135, ""time_quantiles"": [0.5789473652839661, 0.7894737124443054, 0.9473684430122375]}, {""regime"": ""below_wall_top"", ""seed"": 1, ""samples"": 7, ""episodes"": 3, ""global_held_seed_mse"": 8.426792758060189e-05, ""time_only_mse"": 0.003479567008091038, ""mean_time"": 0.7669173053332737, ""time_quantiles"": [0.5789473772048951, 0.7894737124443054, 0.9473684430122375]}, {""regime"": ""below_wall_top"", ""seed"": 2, ""samples"": 15, ""episodes"": 4, ""global_held_seed_mse"": 0.0005870005838708133, ""time_only_mse"": 0.0022773860791327027, ""mean_time"": 0.7789473732312521, ""time_quantiles"": [0.6526315689086915, 0.7894737124443054, 0.9263157963752746]}, {""regime"": ""below_wall_top"", ""seed"": 3, ""samples"": 29, ""episodes"": 6, ""global_held_seed_mse"": 7.675049436156069e-05, ""time_only_mse"": 0.001046131033879293, ""mean_time"": 0.7858439252294344, ""time_quantiles"": [0.5684210538864136, 0.8421052694320679, 0.9473684430122375]}, {""regime"": ""at_or_above_wall_top"", ""seed"": null, ""samples"": 2799, ""episodes"": 150, ""global_held_seed_mse"": 7.04696329420148e-05, ""time_only_mse"": 0.0016847980342800635, ""mean_time"": 0.4680807074028153, ""time_quantiles"": [0.05263157933950424, 0.4736842215061188, 0.8947368264198303]}, {""regime"": ""at_or_above_wall_top"", ""seed"": 1, ""samples"": 943, ""episodes"": 50, ""global_held_seed_mse"": 6.040961458807214e-05, ""time_only_mse"": 0.0016850907302014564, ""mean_time"": 0.4715075087224944, ""time_quantiles"": [0.05263157933950424, 0.4736842215061188, 0.8947368264198303]}, {""regime"": ""at_or_above_wall_top"", ""seed"": 2, ""samples"": 935, ""episodes"": 50, ""global_held_seed_mse"": 7.920393139372658e-05, ""time_only_mse"": 0.0015918232354560585, ""mean_time"": 0.46878694252853087, ""time_quantiles"": [0.05263157933950424, 0.4736842215061188, 0.8947368264198303]}, {""regime"": ""at_or_above_wall_top"", ""seed"": 3, ""samples"": 921, ""episodes"": 50, ""global_held_seed_mse"": 7.190288837677858e-05, ""time_only_mse"": 0.0017788864432339946, ""mean_time"": 0.463855079295322, ""time_quantiles"": [0.05263157933950424, 0.4736842215061188, 0.8421052694320679]}], ""time_confounding"": ""Regimes have different time and trajectory composition; residual differences do not identify causal regimes or HMM states.""}",,,,none_validated,"{""linear_score"": ""measured_discovery_only"", ""nonlinear_gain"": ""measured_held_validation_readout_gain"", ""best_coordinate_frame"": ""pending_measurement"", ""geometry"": ""descriptive_common_metric_discovery_geometry"", ""cross_trajectory_stability"": ""measured_discovery_only"", ""regime_dependence"": ""measured_discovery_only"", ""causal_patch_effect"": ""pending_measurement"", ""specificity"": ""pending_measurement"", ""manifold_distance"": ""pending_measurement"", ""recommended_operator"": ""not_yet_justified""}","[{""path"": ""artifacts/geometry_map/reach_wall_v1/discovery-screen/discovery_screen.json"", ""item"": ""rows[365]""}, {""path"": ""artifacts/geometry_map/reach_wall_v1/emergence-geometry/emergence_geometry.json"", ""item"": ""curves.predictor.wall_signed_distance.rows.layer=5""}, {""path"": ""artifacts/geometry_map/reach_wall_v1/cached-geometry-v2/nonlinear_screen.json"", ""item"": ""rows[134]""}, {""path"": ""artifacts/geometry_map/reach_wall_v1/spatial-screen/spatial_screen.json"", ""item"": ""maps.predictor.block5.wall_signed_distance""}, {""path"": ""artifacts/geometry_map/reach_wall_v1/cached-geometry-v2/cached_geometry.json"", ""item"": ""rows[26]""}, {""path"": ""artifacts/geometry_map/reach_wall_v1/cached-geometry-v2/cached_geometry.json"", ""item"": ""sites[3]""}, {""path"": ""artifacts/geometry_map/reach_wall_v1/nonlinear-interfaces-v1/nonlinear_interfaces.json"", ""item"": ""rows.predictor_block5.held_validation""}]"
