task,episode,bank,layer,mode,modality,spearman,top10_overlap_count,centered_cost_change_rms,cost_change_mean,cost_change_rms
reach,0,original,0,permute,visual,0.997943532705919,9,0.006512732870577444,-0.00014501412709554037,0.006514347130799616
reach,0,original,0,permute,proprio,0.9988426538072646,9,0.002992069719540538,5.442890028158824e-05,0.0029925647381096464
reach,0,original,0,permute,official,0.9981089787785459,10,0.006677153415900571,-0.0001395710309346517,0.006678611967478633
reach,0,original,0,random,visual,0.9995235502616696,9,0.0031170179359430693,-0.00027243932088216147,0.0031289014040959367
reach,0,original,0,random,proprio,0.9996426626962521,10,0.0015575669324569624,-0.0002901609738667806,0.001584363638764381
reach,0,original,0,random,official,0.999485772064134,10,0.0032116343655822707,-0.0003014612197875977,0.003225751720952011
reach,0,original,1,permute,visual,0.9906798964432938,9,0.01652591060322473,0.00045148491859436034,0.016532076696455702
reach,0,original,1,permute,proprio,0.9927652529472549,10,0.008630350468566,-6.6424161195755e-05,0.008630606084132676
reach,0,original,1,permute,official,0.9910167890754342,10,0.01713207513864759,0.0004448386033376058,0.017137849338212958
reach,0,original,1,random,visual,0.9992137690418782,10,0.003956028636073499,-1.552542050679525e-05,0.003956059100685361
reach,0,original,1,random,proprio,0.9991862131801464,9,0.0024822462360443273,-0.00018051077922185262,0.002488801020124251
reach,0,original,1,random,official,0.9992528805875621,9,0.004112594302833775,-3.3579270044962566e-05,0.004112731387664112
reach,0,original,2,permute,visual,0.9975755286169846,9,0.00878390819168811,0.00033638914426167805,0.008790347022523206
reach,0,original,2,permute,proprio,0.998476871965244,9,0.004064814180327901,-0.00012130819261074066,0.004066623906656388
reach,0,original,2,permute,official,0.9975106390071001,10,0.009105382701647935,0.000324254035949707,0.009111154417706853
reach,0,original,2,random,visual,0.9992017689085434,10,0.003542009568986634,2.6208162307739257e-05,0.0035421065278396736
reach,0,original,2,random,proprio,0.999187102078912,10,0.0022902343706136135,-2.494990825653076e-05,0.0022903702692494816
reach,0,original,2,random,official,0.9992173246369405,9,0.00369991775007393,2.370754877726237e-05,0.003699993703397502
reach,0,original,3,permute,visual,0.9993244369381882,10,0.0038356034802723496,-0.00047404885292053224,0.0038647867176381974
reach,0,original,3,permute,proprio,0.9992253247258303,10,0.002492837574524975,-6.524990002314249e-05,0.0024936913847580637
reach,0,original,3,permute,official,0.9992964366270737,9,0.004011976132994594,-0.0004805763562520345,0.004040656645386581
reach,0,original,3,random,visual,0.9989333214813498,10,0.0043932946518875846,0.000321199099222819,0.004405020631012482
reach,0,original,3,random,proprio,0.9984017600195557,9,0.0032722128339753498,0.0003164517879486084,0.0032874790592380752
reach,0,original,3,random,official,0.9988875431949243,9,0.004612265669859027,0.0003528396288553874,0.004625742147272256
reach,0,original,4,permute,visual,0.9862900698896654,9,0.019239545435000602,0.0011193243662516277,0.019272078133463894
reach,0,original,4,permute,proprio,0.9836695963288481,9,0.01264770875610124,5.005781849225362e-05,0.01264780781654877
reach,0,original,4,permute,official,0.9866082956477294,10,0.02030539338413934,0.001124329964319865,0.02033649719969782
reach,0,original,4,random,visual,0.9979835331503684,10,0.007051757183091795,-0.00033294081687927244,0.007059612521720365
reach,0,original,4,random,proprio,0.99596439960444,10,0.0061443897658358575,0.00022329082091649373,0.00614844568856341
reach,0,original,4,random,official,0.9976741963799598,9,0.007366701580882755,-0.0003106081485748291,0.007373246883411782
reach,0,original,5,permute,visual,0.9998737763752931,9,0.00190773324114777,0.00023330251375834146,0.0019219459363640113
reach,0,original,5,permute,proprio,0.999670218557984,9,0.0012380272448337304,3.273695707321167e-05,0.0012384599982676108
reach,0,original,5,permute,official,0.9998542206024511,10,0.00199167618486919,0.00023656686147054037,0.002005676420891743
reach,0,original,5,random,visual,0.9993248813875709,9,0.003735136346610317,1.1074542999267577e-06,0.003735136510788393
reach,0,original,5,random,proprio,0.9991933243702708,10,0.002293292625322259,-0.00017168534298737844,0.002299710182252136
reach,0,original,5,random,official,0.9993266591851021,10,0.0038732045241725386,-1.6063451766967773e-05,0.003873237834235498
reach,0,fresh,0,permute,visual,0.9976079734219269,9,0.006786238876630712,0.00018552303314208984,0.006788774328737133
reach,0,fresh,0,permute,proprio,0.9989946554961722,9,0.00305208145073934,0.00016233384609222413,0.0030563955011637884
reach,0,fresh,0,permute,official,0.9980839787108746,9,0.006967137357559546,0.00020176410675048828,0.006970058228872599
reach,0,fresh,0,random,visual,0.9993644373826376,9,0.0031391977966334366,-0.0003696866830190023,0.003160890863346885
reach,0,fresh,0,random,proprio,0.9995884398715541,10,0.001733926016040286,-0.00030200719833374024,0.001760030618184449
reach,0,fresh,0,random,official,0.999384882054245,10,0.0032593745626726413,-0.00039988319079081215,0.003283813195977279
reach,0,fresh,1,permute,visual,0.9896109956777297,8,0.014958323829515565,0.00014374693234761555,0.014959014505281172
reach,0,fresh,1,permute,proprio,0.993789708774542,8,0.008487006342057724,4.392373065153758e-05,0.008487120002936355
reach,0,fresh,1,permute,official,0.9901653340776442,8,0.015546418072109157,0.00014814456303914388,0.015547123903936711
reach,0,fresh,1,random,visual,0.9992919921332459,9,0.003876531399001684,-0.00011107325553894043,0.003878122349222878
reach,0,fresh,1,random,proprio,0.9993844376048623,10,0.0022538532880107837,-8.557364344596863e-05,0.002255477220529979
reach,0,fresh,1,random,official,0.9992271025233613,9,0.004005925348147038,-0.00011963129043579101,0.004007711259631649
reach,0,fresh,2,permute,visual,0.9964226269180768,9,0.009058583632670644,0.00040390451749165853,0.009067583817607569
reach,0,fresh,2,permute,proprio,0.9983124256936188,9,0.004236364260688362,0.0001335413008928299,0.004238468523922502
reach,0,fresh,2,permute,official,0.9968132979255325,9,0.009394312354241544,0.0004172670841217041,0.009403574662251942
reach,0,fresh,2,random,visual,0.9994671051900577,9,0.003042075030154624,0.00010769923528035482,0.003043980882720887
reach,0,fresh,2,random,proprio,0.9995275503061145,10,0.00205098034045407,-8.608579635620117e-05,0.002052786184984538
reach,0,fresh,2,random,official,0.9995031055900621,9,0.003162803847980886,9.90895430246989e-05,0.003164355687709513
reach,0,fresh,3,permute,visual,0.9990217669085212,9,0.004119418941553926,-0.00017284234364827475,0.004123043401638053
reach,0,fresh,3,permute,proprio,0.9992133245924955,10,0.002630335790763021,-5.427313347657522e-05,0.0026308956545606846
reach,0,fresh,3,permute,official,0.9990395448838321,10,0.004312093199978203,-0.0001782687505086263,0.004315776582807103
reach,0,fresh,3,random,visual,0.9990693229924777,10,0.0043302551555652715,-0.00011799852053324382,0.004331862574360785
reach,0,fresh,3,random,proprio,0.9988622095801064,10,0.00317517779164992,2.6363059878349303e-05,0.003175287234174731
reach,0,fresh,3,random,official,0.9991039900443338,10,0.004541468601540295,-0.00011535207430521647,0.004542933321084834
reach,0,fresh,4,permute,visual,0.98776164179602,8,0.017706703328136356,0.0006324847539265951,0.017717995928281074
reach,0,fresh,4,permute,proprio,0.9868540761564017,7,0.012149320500870172,0.00016600437462329864,0.01215045456290662
reach,0,fresh,4,permute,official,0.9883478705318948,8,0.01872226156877542,0.0006490933895111084,0.018733510094959566
reach,0,fresh,4,random,visual,0.997514639051545,9,0.007142056936406017,-0.0007601420084635417,0.007182394667232947
reach,0,fresh,4,random,proprio,0.9954763941821576,10,0.006181691226756369,0.0004983286062876384,0.0062017447402163564
reach,0,fresh,4,random,official,0.9974589714840195,9,0.0074903292578376735,-0.0007103121280670166,0.007523933526427395
reach,0,fresh,5,permute,visual,0.9998235535950399,10,0.0014524263679836695,9.762247403462727e-05,0.001455703438840094
reach,0,fresh,5,permute,proprio,0.9998191091012122,10,0.0010944716049290403,-7.101620237032572e-06,0.0010944946445761807
reach,0,fresh,5,permute,official,0.9998573317481305,10,0.0015219665521360713,9.691238403320313e-05,0.0015250489159367839
reach,0,fresh,5,random,visual,0.9994591051011678,9,0.003204520772043649,-0.00020164807637532552,0.0032108589699899764
reach,0,fresh,5,random,proprio,0.9994146601628907,10,0.00216074613950195,-0.00033831074833869936,0.0021870706531372216
reach,0,fresh,5,random,official,0.9994542161579573,9,0.0033396014380129165,-0.00023546934127807617,0.00334789240798743
reach,1,original,0,permute,visual,0.9978324203602262,10,0.007532436057655648,-0.0003463021914164225,0.0075403924414085225
reach,1,original,0,permute,proprio,0.9991391015455727,10,0.0022670109151863896,-0.0001099893699089686,0.0022696775434116636
reach,1,original,0,permute,official,0.9979924221380237,8,0.007566977579580638,-0.0003572992483774821,0.0075754084010545035
reach,1,original,0,random,visual,0.9996968855209503,10,0.0026138456488896218,-0.00013785243034362794,0.002617478246093146
reach,1,original,0,random,proprio,0.9996035511505683,10,0.0013073499240333225,-0.00018827661871910096,0.0013208375785940646
reach,1,original,0,random,official,0.9996719963555151,9,0.002642252271792531,-0.0001566759745279948,0.0026468933542526957
reach,1,original,1,permute,visual,0.9900483338703764,9,0.016926575124740082,-0.0008758604526519775,0.016949220542136722
reach,1,original,1,permute,proprio,0.9928132534805942,9,0.007418150965425763,-0.0006376113742589951,0.007445502804406941
reach,1,original,1,permute,official,0.9903656707296747,7,0.017256106111546037,-0.0009396223227183024,0.017281669139359395
reach,1,original,1,random,visual,0.9994066600740008,9,0.003780255912930895,-0.00026776591936747234,0.003789727345710203
reach,1,original,1,random,proprio,0.9991897687752086,9,0.0019700476628103794,-5.1386989653110505e-05,0.0019707177414460568
reach,1,original,1,random,official,0.999414215713508,10,0.003827934971205249,-0.000272906223932902,0.0038376508375355676
reach,1,original,2,permute,visual,0.9969781886465405,9,0.009118285574695097,-0.0003289047876993815,0.009124215592644898
reach,1,original,2,permute,proprio,0.9975586395404393,9,0.004151337845561176,-0.00013313534359137217,0.004153472153235375
reach,1,original,2,permute,official,0.9971390793231036,8,0.009342264667482373,-0.00034222682317097984,0.009348530810549175
reach,1,original,2,random,visual,0.9995017722419138,9,0.0031064503794296632,3.1249523162841795e-05,0.0031066075536759713
reach,1,original,2,random,proprio,0.9994146601628907,10,0.0017170084348540476,0.00019022231300671894,0.001727513384528633
reach,1,original,2,random,official,0.9995311059011767,9,0.003139325185205919,5.027413368225098e-05,0.0031397277122364735
reach,1,original,3,permute,visual,0.9993368815209058,10,0.004099477954404079,0.00012249231338500976,0.004101307579965622
reach,1,original,3,permute,proprio,0.9992515472394138,9,0.0019334522500437197,5.096666514873505e-05,0.0019341238854208654
reach,1,original,3,permute,official,0.9992737697085523,9,0.004169925475002017,0.00012759049733479817,0.004171877011859403
reach,1,original,3,random,visual,0.9994959943999377,9,0.0034689617803123716,0.00017940004666646323,0.003473597588957579
reach,1,original,3,random,proprio,0.998963988488761,10,0.002548673422973293,5.432441830635071e-06,0.002548679212532375
reach,1,original,3,random,official,0.9995617729085878,9,0.003457751560196853,0.00017993847529093425,0.0034624303179896336
reach,1,original,4,permute,visual,0.9963461816242403,9,0.009320564662918921,-0.0005801256497701009,0.009338601148200629
reach,1,original,4,permute,proprio,0.9902407804531161,7,0.00800499838469587,-9.668099383513133e-05,0.008005582199537549
reach,1,original,4,permute,official,0.9967941866020733,9,0.009515173885478878,-0.0005897982915242513,0.009533435692109331
reach,1,original,4,random,visual,0.9988586539850443,9,0.0053453215493845145,0.00020412961641947427,0.0053492178275532975
reach,1,original,4,random,proprio,0.9958279536439294,10,0.00554054062016654,0.0006516663357615471,0.005578732775181143
reach,1,original,4,random,official,0.998932877031967,9,0.0053826027953732865,0.00026929775873819987,0.005389335222049352
reach,1,original,5,permute,visual,0.9998791097678863,10,0.001563603886956877,7.084210713704427e-06,0.0015636199350699297
reach,1,original,5,permute,proprio,0.9997066634073712,10,0.0011294786976049746,-2.604288359483083e-05,0.0011297788987803602
reach,1,original,5,permute,official,0.999891554350604,9,0.0016170902818890655,4.48465347290039e-06,0.0016170965004899459
reach,1,original,5,random,visual,0.9996924410271225,9,0.002675184790685315,0.0001967446009318034,0.002682409756601301
reach,1,original,5,random,proprio,0.999346214957944,10,0.0019781150355661172,2.9727133611838023e-05,0.0019783383927947
reach,1,original,5,random,official,0.9996204402271136,9,0.002758220014715725,0.00019971847534179686,0.002765441215967403
reach,1,fresh,0,permute,visual,0.997239080434227,10,0.00860966353900188,-0.00017649571100870768,0.008611472405507832
reach,1,fresh,0,permute,proprio,0.9989577661974022,10,0.002301696366905966,0.00010361014554897944,0.0023040271759874713
reach,1,fresh,0,permute,official,0.9972106356737297,10,0.00867036859769665,-0.0001661348342895508,0.008671960124625148
reach,1,fresh,0,random,visual,0.9995951066122957,10,0.003082287382411422,-0.00011042952537536621,0.003084264934769269
reach,1,fresh,0,random,proprio,0.9995706618962433,10,0.001392067771200516,-0.00018939442932605744,0.0014048924974797592
reach,1,fresh,0,random,official,0.9995631062567362,10,0.0031132625230972212,-0.0001293786366780599,0.0031159496737512226
reach,1,fresh,1,permute,visual,0.9861451793908821,9,0.019580583558260856,-0.0009985597928365072,0.019606029025325475
reach,1,fresh,1,permute,proprio,0.9926710296781075,10,0.006898686016014092,-3.816260645786921e-05,0.0068987915704186945
reach,1,fresh,1,permute,official,0.9863194035489283,9,0.01988543098404402,-0.0010023732980092366,0.019910678482908103
reach,1,fresh,1,random,visual,0.9992884365381838,10,0.004012960543554474,-8.838057518005371e-05,0.004013933662904032
reach,1,fresh,1,random,proprio,0.9993142146023845,10,0.0019502563039148764,9.262550622224808e-05,0.0019524546436121488
reach,1,fresh,1,random,official,0.9993351037233748,10,0.004058510343969924,-7.912516593933105e-05,0.004059281587177194
reach,1,fresh,2,permute,visual,0.9949306103401149,10,0.011669536852593167,-0.0007121046384175618,0.01169124387608461
reach,1,fresh,2,permute,proprio,0.9966011840799609,10,0.004279395542742903,-8.774922539790472e-05,0.004280295099383424
reach,1,fresh,2,permute,official,0.9948452760586228,10,0.011908507775755165,-0.0007208804289499919,0.011930307038717168
reach,1,fresh,2,random,visual,0.9994711052345026,10,0.0032715331646105865,-9.804050127665201e-05,0.0032730018617528364
reach,1,fresh,2,random,proprio,0.9994271047456083,10,0.0016666287158976524,0.00010809704661369324,0.0016701306081086176
reach,1,fresh,2,random,official,0.9994417715752397,10,0.0033157610746630587,-8.723258972167969e-05,0.0033169083540188853
reach,1,fresh,3,permute,visual,0.999338214869054,10,0.004107472080373984,8.550286293029785e-05,0.004108361915730048
reach,1,fresh,3,permute,proprio,0.9992333248147202,10,0.00184861322719739,0.00014841113239526748,0.0018545610607332388
reach,1,fresh,3,permute,official,0.9993768819653551,10,0.004189334568653326,0.00010033686955769856,0.004190535958025702
reach,1,fresh,3,random,visual,0.9992515472394138,10,0.003969243375492089,2.6233593622843424e-05,0.003969330066311215
reach,1,fresh,3,random,proprio,0.9990391004344493,10,0.0022596366715160986,3.6420834561189016e-05,0.002259930168047342
reach,1,fresh,3,random,official,0.9992599917776864,10,0.003944938736683087,2.987106641133626e-05,0.003945051826882798
reach,1,fresh,4,permute,visual,0.996271069678552,10,0.010051562416518028,-0.0012409897645314534,0.01012788045984102
reach,1,fresh,4,permute,proprio,0.9888754319492439,9,0.008038926731629894,0.00011643794675668081,0.008039769946457337
reach,1,fresh,4,permute,official,0.9959412882365359,10,0.010200696393143456,-0.0012293573220570882,0.010274508568801978
reach,1,fresh,4,random,visual,0.9988462094023267,10,0.005051165310372866,-0.0005206215381622314,0.0050779245542556676
reach,1,fresh,4,random,proprio,0.9952475027500306,8,0.0054222720107559306,0.0007679795970519384,0.005476388081583995
reach,1,fresh,4,random,official,0.9989626551406127,9,0.0049923738252422795,-0.00044382373491923016,0.005012063040170374
reach,1,fresh,5,permute,visual,0.9998484427604751,10,0.0014588710851914607,-4.675745964050293e-05,0.0014596201914332863
reach,1,fresh,5,permute,proprio,0.9997986644296047,10,0.0009246834237747343,-2.8976996739705402e-05,0.0009251373414492671
reach,1,fresh,5,permute,official,0.9998488872098579,10,0.0014974796766158483,-4.9660603205362953e-05,0.0014983028924046786
reach,1,fresh,5,random,visual,0.999650662785142,10,0.0029887625598014325,7.961153984069825e-05,0.0029898226763717304
reach,1,fresh,5,random,proprio,0.9993808820098001,10,0.0018062095233376963,5.582605799039205e-05,0.0018070720491852378
reach,1,fresh,5,random,official,0.9996244402715586,10,0.0030548203224188782,8.518656094868978e-05,0.0030560078456099626
reach,2,original,0,permute,visual,0.9982026466960744,10,0.00700537272846897,0.0007967448234558105,0.007050535396583753
reach,2,original,0,permute,proprio,0.9987306525628062,8,0.002364321746453053,-4.687453309694926e-05,0.0023647863629943132
reach,2,original,0,permute,official,0.9984079823109145,10,0.007090127109615678,0.0007920638720194499,0.007134232096579534
reach,2,original,0,random,visual,0.9994986610962344,10,0.003258879057221063,-0.0004714012145996094,0.003292796959230865
reach,2,original,0,random,proprio,0.9995315503505594,9,0.001367217598414821,-0.00013482483724753063,0.00137384922686371
reach,2,original,0,random,official,0.9995217724641385,10,0.0033340866220475072,-0.0004848821957906087,0.0033691607778660367
reach,2,original,1,permute,visual,0.9928483649818332,8,0.015183538920505838,0.0017169809341430664,0.015280310130318898
reach,2,original,1,permute,proprio,0.9944852720585784,8,0.005729251904748366,-0.00019051464895407358,0.0057324186186573
reach,2,original,1,permute,official,0.9931221458016201,8,0.015530821884714711,0.0016979384422302246,0.015623361461872941
reach,2,original,1,random,visual,0.999410215669063,10,0.004347525355419305,-0.00047003587086995443,0.004372860669621001
reach,2,original,1,random,proprio,0.9993062145134946,8,0.001756666486943147,-0.00016613016525904339,0.0017645045701720852
reach,2,original,1,random,official,0.9993817709085656,10,0.00445167082169135,-0.0004866464932759603,0.0044781913664018345
reach,2,original,2,permute,visual,0.9976728630318115,9,0.009453499907392828,0.0006636619567871094,0.009476766731958887
reach,2,original,2,permute,proprio,0.9979844220491338,9,0.0036463206935899864,-4.172024627526601e-05,0.0036465593618439603
reach,2,original,2,permute,official,0.9977470860787342,9,0.009711981425671028,0.000659494400024414,0.009734347234213634
reach,2,original,2,random,visual,0.9994048822764697,10,0.0036039588793871104,-0.00014790852864583333,0.0036069927276277357
reach,2,original,2,random,proprio,0.9995244391604351,9,0.0013906468969770475,5.9196849664052326e-05,0.001391906268066223
reach,2,original,2,random,official,0.9995057722863587,9,0.0036700235338892623,-0.00014198621114095051,0.0036727690947642205
reach,2,original,3,permute,visual,0.9992551028344759,10,0.004746708749521243,-7.549365361531575e-05,0.004747309052981249
reach,2,original,3,permute,proprio,0.9990702118912432,8,0.0020900198314671133,-8.245738844076793e-05,0.0020916457914365643
reach,2,original,3,permute,official,0.9993239924888054,10,0.004901432440198026,-8.373419443766276e-05,0.004902147629472586
reach,2,original,3,random,visual,0.9993555483949822,10,0.004730408174572609,0.0002524479230244954,0.004737139585435787
reach,2,original,3,random,proprio,0.9986119845776065,8,0.0024722061441247514,-6.371058523654938e-05,0.002473026942376357
reach,2,original,3,random,official,0.9993693263258481,10,0.004853171996087006,0.0002460781733194987,0.004859406639805666
reach,2,original,4,permute,visual,0.9892412137912644,9,0.020944455791441816,0.0005633815129597982,0.02095203157521498
reach,2,original,4,permute,proprio,0.9863998488872099,8,0.00917972446883823,-0.00012700068453947702,0.009180602948481153
reach,2,original,4,permute,official,0.9890403226702519,9,0.021650388378281316,0.0005506849288940429,0.02165739067434786
reach,2,original,4,random,visual,0.9979221991355459,9,0.008104365919145826,-9.127219518025716e-05,0.008104879861233318
reach,2,original,4,random,proprio,0.995628840320448,8,0.004898098129185615,0.0004727026571830114,0.004920854914061123
reach,2,original,4,random,official,0.9980662007355637,8,0.00826552730128327,-4.4002532958984376e-05,0.008265644426852991
reach,2,original,5,permute,visual,0.999824331361947,10,0.0022296990053271783,2.0608107248942057e-05,0.0022297942390367303
reach,2,original,5,permute,proprio,0.9997484416493516,9,0.0009058497867429021,-2.434365451335907e-05,0.0009061768313399029
reach,2,original,5,permute,official,0.9997484416493516,10,0.002297710106667614,1.8181800842285157e-05,0.002297782041918765
reach,2,original,5,random,visual,0.9994568828542539,10,0.003834408315326771,-8.859634399414063e-05,0.0038354317150506296
reach,2,original,5,random,proprio,0.9991542128245869,10,0.0019307360196683062,7.209827502568562e-06,0.0019307494812267154
reach,2,original,5,random,official,0.9994342159357327,10,0.003942373460924867,-8.787075678507487e-05,0.003943352606007063
reach,2,fresh,0,permute,visual,0.9983195368837432,9,0.007192710179206155,0.0004644083976745605,0.007207687207550456
reach,2,fresh,0,permute,proprio,0.9992239913776819,10,0.002076328536007915,-0.0001704408476750056,0.0020833123318400788
reach,2,fresh,0,permute,official,0.9984186490961011,9,0.007253385838287728,0.00044736385345458987,0.0072671686740057645
reach,2,fresh,0,random,visual,0.9996226624740275,10,0.003139161201690968,-0.0005848749478658041,0.0031931820735502867
reach,2,fresh,0,random,proprio,0.9996444404937833,10,0.0012141551946510429,-0.00018148874243100485,0.0012276444926473213
reach,2,fresh,0,random,official,0.9995639951555018,10,0.0032022462313674124,-0.000603029727935791,0.0032585312303369304
reach,2,fresh,1,permute,visual,0.9927012522361359,8,0.014749702501546554,0.0016852784156799316,0.014845668971874771
reach,2,fresh,1,permute,proprio,0.9943661596239958,10,0.005559683521891924,-0.0004420645038286845,0.005577230664867815
reach,2,fresh,1,permute,official,0.9932194802164469,8,0.015064190113756237,0.001641065279642741,0.015153313797167932
reach,2,fresh,1,random,visual,0.9993653262814032,10,0.004390336182927967,-0.00036393086115519207,0.004405394133426392
reach,2,fresh,1,random,proprio,0.9993559928443649,10,0.0018268955548947695,4.113617042700449e-05,0.001827358627366743
reach,2,fresh,1,random,official,0.9992368804097823,10,0.00448690421111126,-0.00035982529322306316,0.004501309103064465
reach,2,fresh,2,permute,visual,0.9980990899898887,9,0.008703112844300207,0.0008701316515604655,0.008746502287867454
reach,2,fresh,2,permute,proprio,0.9980822009133434,10,0.0032193651693148504,-0.00020592893163363138,0.0032259446396801987
reach,2,fresh,2,permute,official,0.9981777575306392,9,0.008897833630491247,0.0008495378494262695,0.008938297258063688
reach,2,fresh,2,random,visual,0.9992777697529972,10,0.0038675798897303874,-0.00015453974405924478,0.0038706661876143247
reach,2,fresh,2,random,proprio,0.999377326414738,10,0.001609625041143262,-0.00012042971948782603,0.0016141239389871412
reach,2,fresh,2,random,official,0.9992719919110212,10,0.003972620599261778,-0.00016658703486124675,0.00397611187793589
reach,2,fresh,3,permute,visual,0.9994071045233835,9,0.00441686283018275,-7.506529490152995e-05,0.0044175006575153586
reach,2,fresh,3,permute,proprio,0.9992697696641074,10,0.0019179971626583283,-0.00011215632160504659,0.0019212735766780775
reach,2,fresh,3,permute,official,0.9993244369381882,9,0.0045324984078867125,-8.628527323404949e-05,0.0045333196408231195
reach,2,fresh,3,random,visual,0.9989448771653019,10,0.0057605311945681335,0.0004170544942220052,0.005775608547568242
reach,2,fresh,3,random,proprio,0.9987386526516961,10,0.002621446342476669,5.0855055451393125e-05,0.002621939580377334
reach,2,fresh,3,random,official,0.9988137645973845,10,0.005916271987067016,0.0004221399625142415,0.005931313208127304
reach,2,fresh,4,permute,visual,0.9891812131245903,10,0.01960447975066697,0.001210641860961914,0.019641824762730794
reach,2,fresh,4,permute,proprio,0.9844900498894432,10,0.00877711807498202,8.83524864912033e-05,0.008777562751928649
reach,2,fresh,4,permute,official,0.9890006543406826,9,0.020281390179711048,0.0012194681167602538,0.02031801885296582
reach,2,fresh,4,random,visual,0.9984799831109235,9,0.0074507499617563885,-0.00027887662251790366,0.007455967218490156
reach,2,fresh,4,random,proprio,0.9964390715452394,10,0.004429760757039931,0.00036685581008593244,0.004444925595553292
reach,2,fresh,4,random,official,0.9984946499405549,9,0.0076033981940160445,-0.00024219036102294923,0.007607254450045619
reach,2,fresh,5,permute,visual,0.9998124423604706,10,0.0022348619785983372,0.00010473728179931641,0.002237314899960036
reach,2,fresh,5,permute,proprio,0.9998071089678774,10,0.0008581282178024613,-6.909022728602092e-06,0.0008581560305584835
reach,2,fresh,5,permute,official,0.99977866420738,10,0.002296419708123645,0.00010403951009114583,0.0022987752598979073
reach,2,fresh,5,random,visual,0.9992888809875665,9,0.004132967610561107,-0.0001568301518758138,0.004135942089353353
reach,2,fresh,5,random,proprio,0.999415993511039,10,0.0016939554251304213,1.4566580454508463e-05,0.0016940180540935578
reach,2,fresh,5,random,official,0.999400437782642,9,0.004233660737440282,-0.00015538374582926433,0.0042365112236616735
reach,3,original,0,permute,visual,0.9983343146406483,9,0.006830115480863841,0.0001202543576558431,0.0068311740273887854
reach,3,original,0,permute,proprio,0.9992551028344759,10,0.0026267476264564453,-0.00012533711890379588,0.002629736200927704
reach,3,original,0,permute,official,0.9984319825775841,9,0.007004977270138907,0.00010772625605265299,0.007005805556922477
reach,3,original,0,random,visual,0.9996238846680453,9,0.0027088226908295893,0.00012468020121256512,0.0027116905286052946
reach,3,original,0,random,proprio,0.9997315525728063,10,0.0016086202371150432,-4.48453426361084e-05,0.0016092452181107166
reach,3,original,0,random,official,0.9996648851653908,9,0.0028108346151880844,0.00012020270029703776,0.002813403618945964
reach,3,original,1,permute,visual,0.9921686898930816,8,0.016126700774776202,0.00012041409810384115,0.016127150319699683
reach,3,original,1,permute,proprio,0.9938230424782497,10,0.008028713079355558,-0.00046794429421424864,0.008042338315011542
reach,3,original,1,permute,official,0.9925123612484583,7,0.01674540594460745,7.36220677693685e-05,0.016745567785493486
reach,3,original,1,random,visual,0.9993563261098881,9,0.0038199918519640328,-0.00014124552408854166,0.0038226022611758405
reach,3,original,1,random,proprio,0.9995528839209324,10,0.002088299712630124,-0.00012562401592731477,0.0020920748273302184
reach,3,original,1,random,official,0.9994266602962255,9,0.0039383902414787805,-0.00015381177266438802,0.003941392616269717
reach,3,original,2,permute,visual,0.9978458647147103,9,0.00830827123197305,0.00018773555755615233,0.00831039201864761
reach,3,original,2,permute,proprio,0.9982870920788008,10,0.004029064214575624,0.00011533776919047038,0.004030714731431105
reach,3,original,2,permute,official,0.9979981999799997,8,0.008599421271885298,0.000199276606241862,0.00860172990607986
reach,3,original,2,random,visual,0.9995429948713931,9,0.0031077159911694387,-0.00025124231974283853,0.003117855254016775
reach,3,original,2,random,proprio,0.9994942166024067,10,0.001949504899847051,-0.00011283454795678457,0.001952767520658891
reach,3,original,2,random,official,0.9996213291258792,9,0.003233275523318663,-0.00026252587636311847,0.0032439159122042292
reach,3,original,3,permute,visual,0.9992878808973362,9,0.003930493533054068,8.41371218363444e-05,0.0039313939599906235
reach,3,original,3,permute,proprio,0.9993982155357282,10,0.0022619854679497607,-3.928917149702708e-05,0.0022623266555059683
reach,3,original,3,permute,official,0.9993617706863409,9,0.0040988813455944744,8.020559946695964e-05,0.004099665989254274
reach,3,original,3,random,visual,0.9989618772388508,9,0.0051776194418787485,0.0003163933753967285,0.005187277499123769
reach,3,original,3,random,proprio,0.9989319881332015,10,0.003038122168351558,0.00039347872138023376,0.003063496664598836
reach,3,original,3,random,official,0.9988919876887521,9,0.005413156810136535,0.0003557483355204264,0.005424833963298148
reach,3,original,4,permute,visual,0.9867668514946729,9,0.019798189000558675,0.0008783427874247234,0.019817663175916163
reach,3,original,4,permute,proprio,0.9839891554350604,10,0.012651160075652692,0.0003026045362154643,0.012654778574322302
reach,3,original,4,permute,official,0.9871696352181691,8,0.020891295651711862,0.0009086132049560547,0.02091104521451416
reach,3,original,4,random,visual,0.9981499790330959,9,0.007486418660951184,-3.6478042602539064e-06,0.007486419549658839
reach,3,original,4,random,proprio,0.9980808675651952,10,0.00450596102660299,0.00014027155935764313,0.0045081438401663385
reach,3,original,4,random,official,0.9980742008244536,9,0.007802374745913248,1.0383923848470052e-05,0.007802381655721495
reach,3,original,5,permute,visual,0.9998072200588091,10,0.0018626833806331701,6.577173868815104e-05,0.0018638442258131654
reach,3,original,5,permute,proprio,0.9997817753530595,10,0.001164980757471241,1.988363762696584e-05,0.0011651504299117548
reach,3,original,5,permute,official,0.9998239980444227,9,0.0019498156025035721,6.776730219523112e-05,0.0019509928987603178
reach,3,original,5,random,visual,0.9994747718835574,9,0.003539723806823465,-0.00029218355814615885,0.003551762359765044
reach,3,original,5,random,proprio,0.9995475505283392,10,0.0019405416287220547,-0.00023561107615629833,0.001954792672385175
reach,3,original,5,random,official,0.9994404382270914,9,0.003683832342788388,-0.00031574169794718423,0.0036973387117758575
reach,3,fresh,0,permute,visual,0.9986115401282236,9,0.005933409724911673,-0.00021236578623453777,0.005937208956305937
reach,3,fresh,0,permute,proprio,0.9992608806764519,10,0.002386212937703874,-0.00011595274011294047,0.0023890285100862762
reach,3,fresh,0,permute,official,0.9987897643307148,10,0.006044874220520673,-0.00022396326065063477,0.006049021729506076
reach,3,fresh,0,random,visual,0.9995333281480905,10,0.002863887556944364,0.0001746384302775065,0.002869207298218543
reach,3,fresh,0,random,proprio,0.9997079967555195,10,0.0014039815700339071,-7.033777733643849e-05,0.0014057423846194244
reach,3,fresh,0,random,official,0.9996079956443961,10,0.0029562877943905036,0.00016760746637980143,0.0029610352557929
reach,3,fresh,1,permute,visual,0.9936243736041511,9,0.014175197352653934,-0.0007573723793029785,0.01419541591175187
reach,3,fresh,1,permute,proprio,0.9952746141623796,8,0.007206998348792551,-0.00027618102729320526,0.007212288205509767
reach,3,fresh,1,permute,official,0.9940298218902296,8,0.014654714268107228,-0.0007849899927775065,0.01467572347683842
reach,3,fresh,1,random,visual,0.9994422160246225,10,0.0038216080537635724,-0.0003523445129394531,0.003837816406811188
reach,3,fresh,1,random,proprio,0.999383104256714,10,0.001955029569198803,-0.000211812158425649,0.001966470189679617
reach,3,fresh,1,random,official,0.9993337703752264,10,0.003942953007060607,-0.00037352244059244793,0.003960605689729088
reach,3,fresh,2,permute,visual,0.9976150846120513,10,0.008357182370981918,-0.00036011139551798504,0.008364937381656414
reach,3,fresh,2,permute,proprio,0.9984542050467228,9,0.003712570016607406,-2.9371182123819986e-05,0.00371268619661717
reach,3,fresh,2,permute,official,0.9976576403801927,10,0.00862816491108164,-0.0003630495071411133,0.00863579959687902
reach,3,fresh,2,random,visual,0.9995133279258659,9,0.003677305904086676,-0.00017597357432047527,0.0036815140107148646
reach,3,fresh,2,random,proprio,0.9995715507950088,10,0.0018007337080173933,-8.252459267775218e-05,0.0018026236977213795
reach,3,fresh,2,random,official,0.9994231047011634,10,0.0038089265381736517,-0.0001842228571573893,0.0038133790048069903
reach,3,fresh,3,permute,visual,0.9990697674418605,9,0.004286943514501518,0.00010119040807088216,0.004288137613837992
reach,3,fresh,3,permute,proprio,0.9990946566072957,10,0.002510349918120394,3.380469977855682e-05,0.0025105775170534347
reach,3,fresh,3,permute,official,0.999000877787531,10,0.004481541111543759,0.00010456720987955729,0.004482760872033982
reach,3,fresh,3,random,visual,0.9990799897776642,9,0.004998903454354569,5.1035086313883465e-05,0.004999163962703474
reach,3,fresh,3,random,proprio,0.9989977666418516,10,0.002783889190958266,9.16966050863266e-05,0.0027853989471741075
reach,3,fresh,3,random,official,0.9990835453727264,9,0.005202905015568511,6.020069122314453e-05,0.005203253282731075
reach,3,fresh,4,permute,visual,0.9897149968332981,8,0.018302703477841756,-0.0006007242202758789,0.018312559192713254
reach,3,fresh,4,permute,proprio,0.9853251702796698,8,0.011317424226334083,0.00012291031579176584,0.011318091626442227
reach,3,fresh,4,permute,official,0.989472771919688,8,0.01929192344577288,-0.0005884329477945963,0.01930089540854547
reach,3,fresh,4,random,visual,0.9980724230269226,10,0.0071101477226282695,1.561562220255534e-05,0.0071101648704690905
reach,3,fresh,4,random,proprio,0.9977013077923088,10,0.004436063810186295,-1.0939488808314005e-05,0.004436077298747164
reach,3,fresh,4,random,official,0.9978533094812164,10,0.0073798729913578205,1.4528433481852214e-05,0.0073798872920900396
reach,3,fresh,5,permute,visual,0.9997893309925666,10,0.0016218324829723673,-8.536338806152344e-05,0.0016240774337591345
reach,3,fresh,5,permute,proprio,0.9997995533283703,10,0.0009175148291619743,-3.860662380854289e-05,0.0009183267028318524
reach,3,fresh,5,permute,official,0.9997919976888632,10,0.0016951049162987088,-8.922656377156576e-05,0.001697451636112951
reach,3,fresh,5,random,visual,0.9994724385826509,10,0.003639650513486423,-5.4105122884114584e-05,0.0036400526403672084
reach,3,fresh,5,random,proprio,0.9994773275258614,10,0.0020129725312229047,2.8827811280886333e-05,0.00201317894240954
reach,3,fresh,5,random,official,0.9994293269925222,10,0.0037945517924759496,-5.121787389119466e-05,0.0037948974395085274
reach,4,original,0,permute,visual,0.9981502016689074,9,0.009128511665876521,0.0009152122338612874,0.00917427592058649
reach,4,original,0,permute,proprio,0.9989817664640718,10,0.0026090585028222405,3.9711594581604e-06,0.0026090615250040526
reach,4,original,0,permute,official,0.9982639807108968,9,0.00929921594290498,0.0009156020482381185,0.009344182375334718
reach,4,original,0,random,visual,0.9995062167357415,10,0.0040681887519557714,-0.00028303702672322593,0.004078022766002635
reach,4,original,0,random,proprio,0.9996075511950133,10,0.0014607012866313625,-0.00026754319667816163,0.001485000879075594
reach,4,original,0,random,official,0.9995155501727797,9,0.004179934497334589,-0.0003097983201344808,0.004191399217584256
reach,4,original,1,permute,visual,0.9915705730063668,9,0.021613837517504394,0.0019353878498077392,0.021700315628171492
reach,4,original,1,permute,proprio,0.9933368148534983,10,0.0072947715615068985,-0.0005171701560417811,0.007313081231934326
reach,4,original,1,permute,official,0.9919136879298659,9,0.022171190880922,0.0018836637338002524,0.022251065011372223
reach,4,original,1,random,visual,0.9992777697529972,10,0.005013103350419696,0.00011261542638142903,0.005014368099396798
reach,4,original,1,random,proprio,0.9994106601184458,10,0.0019445824604156163,-1.779387394587199e-05,0.0019446638700058305
reach,4,original,1,random,official,0.9992546583850932,9,0.005148107175727574,0.00011082847913106283,0.005149299995588162
reach,4,original,2,permute,visual,0.997239080434227,9,0.011680512821985496,0.0003773196538289388,0.011686605576716157
reach,4,original,2,permute,proprio,0.9982195357726197,10,0.0034040111534942323,-0.0002468135456244151,0.0034129472394716018
reach,4,original,2,permute,official,0.9973533039255992,9,0.011956732567376676,0.0003526310125986735,0.011961931379121533
reach,4,original,2,random,visual,0.9994266602962255,10,0.004503195363235712,-0.0005059313774108887,0.0045315267888556615
reach,4,original,2,random,proprio,0.9993475483060923,10,0.0017889644570358817,-0.0001431879649559657,0.0017946856610130694
reach,4,original,2,random,official,0.9994035489283214,9,0.004639207514279455,-0.0005202607313791911,0.004668288507489888
reach,4,original,3,permute,visual,0.9993173257480639,10,0.005907437490103101,-0.0005720837910970052,0.005935073509528888
reach,4,original,3,permute,proprio,0.9990982122023578,10,0.0022747709826629074,-0.00013798092802365622,0.0022789518994624346
reach,4,original,3,permute,official,0.9992959921776908,9,0.006079971241007854,-0.0005858898162841797,0.0061081353266204
reach,4,original,3,random,visual,0.9989550995011056,9,0.006875872466349972,-8.509238560994466e-05,0.006876398976760906
reach,4,original,3,random,proprio,0.9987413193479927,10,0.0027756772682680565,1.6324222087860108e-07,0.0027756772730683304
reach,4,original,3,random,official,0.9989088767652974,9,0.007065529921045776,-8.508006731669109e-05,0.007066042151236274
reach,4,original,4,permute,visual,0.9878731985910955,9,0.026261107378194908,0.002674078543980916,0.026396902408965757
reach,4,original,4,permute,proprio,0.9833944821609129,10,0.010255960993711795,0.00014674946665763856,0.010257010837008125
reach,4,original,4,permute,official,0.9876131957021744,10,0.027156364429306665,0.0026887500286102294,0.027289146299099648
reach,4,original,4,random,visual,0.997933754819498,9,0.009441425853685207,-0.00019139568010965983,0.009443365631860288
reach,4,original,4,random,proprio,0.9956239513772375,10,0.00536867466334912,0.00022433375318845112,0.0053733595890938105
reach,4,original,4,random,official,0.9979368659651774,10,0.00980537673413048,-0.00016896605491638185,0.009806832435906169
reach,4,original,5,permute,visual,0.9998359981777575,9,0.002280707435047066,0.00013946851094563803,0.0022849678049863984
reach,4,original,5,permute,proprio,0.9997751086123179,10,0.0008754384968168167,-2.4841725826263426e-05,0.0008757908843159508
reach,4,original,5,permute,official,0.9997857753975045,10,0.0023515484626924666,0.0001369814078013102,0.0023555347754755248
reach,4,original,5,random,visual,0.999468438538206,9,0.004617743587128084,3.0356645584106446e-05,0.004617843367026826
reach,4,original,5,random,proprio,0.999478216424627,10,0.0017080607848622374,-1.6516794761021933e-05,0.0017081406409582848
reach,4,original,5,random,official,0.999501327792531,9,0.004743266130260035,2.8698047002156577e-05,0.004743352944950834
reach,4,fresh,0,permute,visual,0.9985302058911766,10,0.009720493865826466,0.0010191826025644937,0.00977377788641322
reach,4,fresh,0,permute,proprio,0.9988213202368915,10,0.0027325580614726537,6.479519108931224e-05,0.002733326174481832
reach,4,fresh,0,permute,official,0.9985839842664919,10,0.009913026721982276,0.0010256616274515787,0.009965946044644297
reach,4,fresh,0,random,visual,0.9995542172690808,10,0.0037319893109505195,-0.0003561524550120036,0.003748945023371243
reach,4,fresh,0,random,proprio,0.9996666629629218,10,0.0012848660526011179,-0.00031056217849254606,0.0013218659689381575
reach,4,fresh,0,random,official,0.9996537739308214,10,0.0038201094758309583,-0.0003872140248616536,0.003839683725045989
reach,4,fresh,1,permute,visual,0.9932048133868154,9,0.022934278502098105,0.0016370856761932374,0.022992633166364317
reach,4,fresh,1,permute,proprio,0.9922661362904033,9,0.00749291372689992,-0.00016913031538327535,0.007494822291578826
reach,4,fresh,1,permute,official,0.9931892576584185,9,0.02352183211779629,0.001620166301727295,0.02357756401800334
reach,4,fresh,1,random,visual,0.9993728819209102,10,0.005149347876991094,-0.00013277053833007812,0.005151059267191667
reach,4,fresh,1,random,proprio,0.9993257702863365,10,0.0019864108620421934,-0.00016519782443841298,0.0019932682794943576
reach,4,fresh,1,random,official,0.9993697707752308,10,0.0052903250888042385,-0.00014929811159769695,0.005292431338369749
reach,4,fresh,2,permute,visual,0.9975568617429083,10,0.012565139125788393,0.001184611717859904,0.012620856792330278
reach,4,fresh,2,permute,proprio,0.9983253147257192,10,0.003576766235896571,6.485474606355031e-05,0.0035773541681439224
reach,4,fresh,2,permute,official,0.9976786408737874,10,0.012872330105097545,0.001191091537475586,0.012927319187876755
reach,4,fresh,2,random,visual,0.9995546617184635,10,0.00479353070376772,-2.8345982233683268e-05,0.004793614513357603
reach,4,fresh,2,random,proprio,0.999411993466594,10,0.0017589336448091502,8.352537949879964e-05,0.0017609156867556212
reach,4,fresh,2,random,official,0.9995795508838987,10,0.004928804782543278,-1.9998947779337564e-05,0.0049288453558956145
reach,4,fresh,3,permute,visual,0.999375104167824,10,0.005581549803611569,6.430824597676596e-05,0.005581920257464895
reach,4,fresh,3,permute,proprio,0.9991119901332237,10,0.0022089264645303737,-9.555059174696605e-05,0.0022109920943517306
reach,4,fresh,3,permute,official,0.9993902154468383,10,0.005750130474479526,5.475163459777832e-05,0.005750391135829742
reach,4,fresh,3,random,visual,0.9991306570073001,10,0.007069241154373296,0.0004819607734680176,0.007085651465168673
reach,4,fresh,3,random,proprio,0.9987919865776287,10,0.0026129415751539584,8.74922921260198e-05,0.002614405970072268
reach,4,fresh,3,random,official,0.9990968788542095,10,0.0072646032661138815,0.0004907111326853434,0.0072811577396574645
reach,4,fresh,4,permute,visual,0.9886665407393416,10,0.028698952663499117,0.0015519773960113526,0.02874088582176084
reach,4,fresh,4,permute,proprio,0.9829758108423426,8,0.010835351563711978,0.00015593339999516806,0.010836473537755244
reach,4,fresh,4,permute,official,0.9886140957121746,10,0.029669812070531022,0.0015675652027130128,0.029711193327858525
reach,4,fresh,4,random,visual,0.9981008677874199,10,0.009834803103449101,7.745186487833659e-05,0.009835108076426268
reach,4,fresh,4,random,proprio,0.9950692785475395,9,0.005400539897435011,0.00047525813182195027,0.0054214113914782605
reach,4,fresh,4,random,official,0.998152868365204,10,0.010161563807350461,0.000124969482421875,0.010162332231451184
reach,4,fresh,5,permute,visual,0.9998444427160301,10,0.0021653294210733755,0.00010938684145609538,0.002168090630681683
reach,4,fresh,5,permute,proprio,0.9998533317036856,10,0.0007986234612143428,3.5261983672777815e-05,0.000799401551346078
reach,4,fresh,5,permute,official,0.999842664918499,10,0.0022281642262609687,0.00011291543642679851,0.002231023468046133
reach,4,fresh,5,random,visual,0.9993431038122645,10,0.005664270820821767,5.802631378173828e-05,0.005664568031606999
reach,4,fresh,5,random,proprio,0.9990097667751864,10,0.00207024559619767,-1.593579848607381e-06,0.0020702462095298184
reach,4,fresh,5,random,official,0.999437327081412,10,0.005837364474617703,5.785743395487467e-05,0.0058376511965166815
reach,5,original,0,permute,visual,0.9976239735997067,10,0.007277499501538881,-0.000404288371404012,0.007288720606673792
reach,5,original,0,permute,proprio,0.9990951010566784,10,0.00290842792246425,-3.161169588565827e-05,0.002908599711112975
reach,5,original,0,permute,official,0.9980706452293915,10,0.007471221638339703,-0.00040745457013448077,0.007482323970259432
reach,5,original,0,random,visual,0.9993879931999244,10,0.0034148517611251573,-0.00046941002209981283,0.0034469636376537735
reach,5,original,0,random,proprio,0.999611995688841,10,0.0016291061977262572,-0.0003220579276482264,0.0016606349123847704
reach,5,original,0,random,official,0.9994871054122824,10,0.0035283027163820293,-0.0005016171932220459,0.003563781680597841
reach,5,original,1,permute,visual,0.991034567050745,9,0.01614226850613487,0.00024217883745829264,0.01614408508133757
reach,5,original,1,permute,proprio,0.9947554972833031,8,0.007168194095911585,-9.605263670285543e-05,0.0071688376118921315
reach,5,original,1,permute,official,0.99157590639896,9,0.016671649278727982,0.00023256619771321616,0.0166732713259645
reach,5,original,1,random,visual,0.9993137701530017,10,0.0041469672258675995,-0.00016351739565531413,0.004150189768083131
reach,5,original,1,random,proprio,0.9993102145579396,10,0.0022975532332530045,-8.334326247374217e-05,0.0022990643660043756
reach,5,original,1,random,official,0.9993613262369582,10,0.004298024906139692,-0.00017184853553771972,0.004301459056292825
reach,5,original,2,permute,visual,0.996319514661274,9,0.009611962542906959,0.00030829389890034995,0.009616905378256855
reach,5,original,2,permute,proprio,0.9982728696985522,9,0.00392287764012922,-3.5785635312398275e-06,0.003922879272363954
reach,5,original,2,permute,official,0.9967599639996,9,0.00992716467877211,0.0003079338868459066,0.00993193948018858
reach,5,original,2,random,visual,0.9991577684196491,10,0.0037709369930370856,-5.802989006042481e-05,0.0037713834694440714
reach,5,original,2,random,proprio,0.9995426615851287,10,0.0019076573859649552,-0.00014570889373620352,0.001913213993242908
reach,5,original,2,random,official,0.9993537705974511,10,0.003889565335981896,-7.260402043660481e-05,0.003890242903297366
reach,5,original,3,permute,visual,0.9989208768986322,10,0.0049136363409931745,-0.0004884616533915202,0.004937855493872089
reach,5,original,3,permute,proprio,0.9990226558072868,10,0.002589521933067252,-2.7304664254188537e-05,0.002589665883183851
reach,5,original,3,permute,official,0.9990533228146979,10,0.005108967920721161,-0.0004911998907725017,0.0051325267215722135
reach,5,original,3,random,visual,0.9985035389282103,10,0.0058207625205817255,0.00034583648045857746,0.005831027284469255
reach,5,original,3,random,proprio,0.9984982055356171,10,0.003338785563445647,0.0001543711374203364,0.0033423523881753567
reach,5,original,3,random,official,0.9987595417726863,10,0.006055652266495674,0.00036126812299092613,0.006066418962567915
reach,5,original,4,permute,visual,0.9874571939688219,9,0.01925307016807687,0.001242137352625529,0.01929309762841828
reach,5,original,4,permute,proprio,0.9873976377515306,7,0.010861412058323134,8.077919483184815e-07,0.010861412088361947
reach,5,original,4,permute,official,0.9873874154157268,9,0.020163599649391822,0.00124221404393514,0.02020182780225353
reach,5,original,4,random,visual,0.9976319736885966,10,0.00811391347168529,4.747231801350912e-05,0.00811405234435751
reach,5,original,4,random,proprio,0.99712085689841,10,0.0050399318225881765,0.0003781388948361079,0.005054097525782902
reach,5,original,4,random,official,0.9975959732885921,10,0.008399578783386033,8.527914683024089e-05,0.008400011682800976
reach,5,original,5,permute,visual,0.9998008866765187,10,0.0017313839791630182,0.0001591638724009196,0.0017386844514114754
reach,5,original,5,permute,proprio,0.9998235535950399,10,0.0009759377298521797,2.776858707269033e-05,0.0009763327030152374
reach,5,original,5,permute,official,0.9997999977777531,10,0.0018011713031924853,0.00016193588574727377,0.0018084361461043824
reach,5,original,5,random,visual,0.9993875487505417,10,0.0037491315944188056,0.00015619277954101563,0.0037523837619105596
reach,5,original,5,random,proprio,0.9993026589184324,10,0.002067839837826189,-2.223290503025055e-05,0.0020679593557338415
reach,5,original,5,random,official,0.9992426582517584,10,0.0038991313041123396,0.0001539607842763265,0.003902169761786867
reach,5,fresh,0,permute,visual,0.9975159723996934,10,0.00891607748352108,-0.00022952636082967123,0.00891903133991956
reach,5,fresh,0,permute,proprio,0.9986804297825531,10,0.0032173868597870667,-2.4031599362691245e-06,0.00321738775728201
reach,5,fresh,0,permute,official,0.9976808631207014,10,0.009145597166001116,-0.00022976279258728029,0.009148482850376075
reach,5,fresh,0,random,visual,0.9996279958666208,10,0.0029792632429834773,1.3070503870646159e-05,0.0029792919140399555
reach,5,fresh,0,random,proprio,0.9996342181579795,10,0.0015799065002247436,4.701415697733561e-06,0.0015799134953414257
reach,5,fresh,0,random,official,0.9995622173579707,10,0.0030806488244926765,1.3548533121744792e-05,0.003080678617220216
reach,5,fresh,1,permute,visual,0.9902501138901544,9,0.01766661026654727,-9.989182154337566e-05,0.017666892672059925
reach,5,fresh,1,permute,proprio,0.9929745886065401,10,0.008141768176693062,-0.0003196322421232859,0.008148039875529369
reach,5,fresh,1,permute,official,0.9902945588284314,9,0.018211408980201956,-0.0001318502426147461,0.018211886270528322
reach,5,fresh,1,random,visual,0.9991363236409715,10,0.0038740895388098364,-0.00019293626149495443,0.0038788908409125747
reach,5,fresh,1,random,proprio,0.9993644373826376,10,0.0020691242069374874,-0.00012781145672003427,0.002073067956484684
reach,5,fresh,1,random,official,0.9992404360048445,10,0.0039967263869467124,-0.0002057174841562907,0.004002017178299428
reach,5,fresh,2,permute,visual,0.9971835242613807,10,0.009315894786076378,0.0003002119064331055,0.009320730811154736
reach,5,fresh,2,permute,proprio,0.9983457593973266,10,0.0037767331396953204,-9.6635768810908e-05,0.0037779692534861305
reach,5,fresh,2,permute,official,0.9972968588539872,10,0.009606436768787507,0.0002905563513437907,0.009610829848978639
reach,5,fresh,2,random,visual,0.9993644373826376,10,0.0038597023266425984,-0.00018753767013549805,0.0038642557405029676
reach,5,fresh,2,random,proprio,0.9994768830764786,10,0.001975605819661584,-0.00019260088602701824,0.001984971903070447
reach,5,fresh,2,random,official,0.9993799931110345,10,0.004000733419461509,-0.00020679155985514324,0.004006074218336888
reach,5,fresh,3,permute,visual,0.999214213491261,10,0.004280532909041514,-0.0003070302804311117,0.004291529981077729
reach,5,fresh,3,permute,proprio,0.999357770641896,10,0.0023132112334268815,-3.139503300189972e-05,0.002313424271194003
reach,5,fresh,3,permute,official,0.999206546651252,10,0.0044488395876829305,-0.0003101638952891032,0.0044596384740106165
reach,5,fresh,3,random,visual,0.998744874943055,9,0.005242350937687037,0.00032001694043477374,0.0052521094996233085
reach,5,fresh,3,random,proprio,0.9988653207257858,9,0.003122330618203863,0.00026794150471687317,0.0031338061744982347
reach,5,fresh,3,random,official,0.9988537650418338,9,0.00546858232687256,0.00034682035446166994,0.005479569054592872
reach,5,fresh,4,permute,visual,0.9873358592873254,9,0.020635614120443395,0.0008473785718282064,0.020653005122059993
reach,5,fresh,4,permute,proprio,0.9832473694152157,9,0.011961099456903415,0.00010579342643419901,0.011961567308133657
reach,5,fresh,4,permute,official,0.9871309681218681,9,0.02162068370451926,0.0008579675356547038,0.021637700250791488
reach,5,fresh,4,random,visual,0.9981168679651996,9,0.007264355294275811,-0.0005472199122111002,0.007284937026069157
reach,5,fresh,4,random,proprio,0.9963572928588096,10,0.005533724079661115,8.054956793785095e-05,0.005534310293317156
reach,5,fresh,4,random,official,0.998009311214569,9,0.007573737416604148,-0.0005391581853230795,0.007592903924354012
reach,5,fresh,5,permute,visual,0.9998368870765231,10,0.002003736541953693,0.00015922665596008301,0.0020100530484364774
reach,5,fresh,5,permute,proprio,0.999751552795031,10,0.0011518192543972204,1.1734788616498311e-05,0.0011518790301346935
reach,5,fresh,5,permute,official,0.9998444427160301,10,0.002080418234615055,0.0001604020595550537,0.0020865926415159055
reach,5,fresh,5,random,visual,0.999311103456705,9,0.003522490216654801,0.0002532235781351725,0.003531580312969304
reach,5,fresh,5,random,proprio,0.9994675496394404,10,0.002061604234086768,0.00010002960761388142,0.0020640295396151375
reach,5,fresh,5,random,official,0.9994509938389371,9,0.003653959119725957,0.00026323755582173666,0.003663428893731048
reach,6,original,0,permute,visual,0.9987302081134235,10,0.010274400930765664,-9.572585423787435e-05,0.010274846856536984
reach,6,original,0,permute,proprio,0.9993066589628774,10,0.0019797798082795515,-0.00017642863715688388,0.001987625506296509
reach,6,original,0,permute,official,0.9987577639751553,10,0.0104366266205305,-0.00011336048444112141,0.010437242251466554
reach,6,original,0,random,visual,0.9997279969777442,10,0.0041655073160821185,-0.0002272307872772217,0.004171700496322846
reach,6,original,0,random,proprio,0.99971288569873,10,0.0010373157481285767,1.6101573904355368e-05,0.0010374407077022505
reach,6,original,0,random,official,0.999724441382682,10,0.004249242841693929,-0.00022561232248942056,0.004255228037102849
reach,6,original,1,permute,visual,0.9938061534017044,10,0.024293559372586003,-0.0004274888833363851,0.024297320299463836
reach,6,original,1,permute,proprio,0.9949319436882632,9,0.005616485870700295,-0.0006524241467316946,0.005654252453067039
reach,6,original,1,permute,official,0.9938714874609718,10,0.024792871479757617,-0.0004927257696787517,0.024797767135286274
reach,6,original,1,random,visual,0.9994351048344982,10,0.006062751181426068,-0.00010173479715983073,0.006063604691669497
reach,6,original,1,random,proprio,0.9994844387159857,10,0.0015808800255584807,-0.00012302583704392115,0.0015856598032964512
reach,6,original,1,random,official,0.9994395493283259,10,0.006196409943415237,-0.00011403878529866536,0.006197459239995663
reach,6,original,2,permute,visual,0.9978893098812209,10,0.015006337148341969,1.3619263966878256e-05,0.015006343328541406
reach,6,original,2,permute,proprio,0.9982337581528684,10,0.0031321317449359565,-0.0002791363125046094,0.003144545491576522
reach,6,original,2,permute,official,0.9979310881232014,10,0.015288386493211188,-1.4292001724243164e-05,0.015288393173486728
reach,6,original,2,random,visual,0.9995008833431482,10,0.00529059006431354,-0.00017904917399088542,0.005293618973379173
reach,6,original,2,random,proprio,0.999547994977722,10,0.0015568150811298047,-2.116762101650238e-05,0.0015569589798747744
reach,6,original,2,random,official,0.9995724396937744,10,0.005421228724996935,-0.00018115719159444174,0.0054242546784602835
reach,6,original,3,permute,visual,0.9992266580739786,10,0.006949394080527757,-0.0004757058620452881,0.00696565676398561
reach,6,original,3,permute,proprio,0.9992848809431216,10,0.0019167097506190883,-8.378782620032628e-05,0.0019185402440234773
reach,6,original,3,permute,official,0.9992564361826243,10,0.007116954756640384,-0.0004840842882792155,0.007133399092033544
reach,6,original,3,random,visual,0.9993053256147291,10,0.007180394260737692,0.0003815042972564697,0.007190522044223211
reach,6,original,3,random,proprio,0.9992159912887921,10,0.0020112856573587558,0.00027634553611278535,0.0020301814822390888
reach,6,original,3,random,official,0.9993244369381882,10,0.007352266825655305,0.00040914257367451987,0.007363642109800322
reach,6,original,4,permute,visual,0.9909212324581385,10,0.02913289015012621,0.0006994632879892985,0.029141285788217473
reach,6,original,4,permute,proprio,0.9888580984233158,9,0.008648411101501266,-9.745782862106959e-05,0.008648960203916414
reach,6,original,4,permute,official,0.9909167879643107,10,0.029920796925835474,0.0006897171338399251,0.0299287453529512
reach,6,original,4,random,visual,0.9984764275158613,10,0.011711576219786322,-0.0008767950534820557,0.01174435128551914
reach,6,original,4,random,proprio,0.9973630818120202,10,0.003520184842566368,-2.7785561978816986e-05,0.003520294499511153
reach,6,original,4,random,official,0.9985350948343871,10,0.01200698789520622,-0.0008795702457427978,0.012039161188921125
reach,6,original,5,permute,visual,0.9998333314814609,10,0.00291329762833607,0.0001609492301940918,0.0029177401745132552
reach,6,original,5,permute,proprio,0.9998337759308437,10,0.0007076427838346608,-5.180581162373225e-06,0.0007076617468356251
reach,6,original,5,permute,official,0.9998404426715852,10,0.002976670591276994,0.0001604334513346354,0.0029809908925188737
reach,6,original,5,random,visual,0.9996657740641562,10,0.004876614417598147,0.00010449846585591634,0.004877733911079238
reach,6,original,5,random,proprio,0.9995844398271092,10,0.0013447759714092014,-6.811846047639847e-05,0.001346500106920618
reach,6,original,5,random,official,0.9996862187357637,10,0.004992885196659398,9.768883387247722e-05,0.00499384077592427
reach,6,fresh,0,permute,visual,0.9987617640196003,9,0.01106114410299067,0.00028334379196166994,0.011064772594661335
reach,6,fresh,0,permute,proprio,0.9990239891554351,9,0.0023101311856870577,-0.00012507945920030276,0.0023135148510864873
reach,6,fresh,0,permute,official,0.9987782086467627,9,0.011253522851202869,0.00027083476384480795,0.011256781424183912
reach,6,fresh,0,random,visual,0.9998031089234325,10,0.004277556265462008,-0.00035801211992899577,0.004292512117887303
reach,6,fresh,0,random,proprio,0.9998013311259014,9,0.0009754832184157061,-5.6515429168939593e-05,0.0009771189810585063
reach,6,fresh,0,random,official,0.9998048867209636,10,0.004357880288395283,-0.0003636646270751953,0.0043730278490960815
reach,6,fresh,1,permute,visual,0.9932585917621307,9,0.028563452956706883,0.0005009575684865316,0.028567845618727203
reach,6,fresh,1,permute,proprio,0.9938834875943066,8,0.006228261887557048,-0.00041753228132923446,0.006242241532169969
reach,6,fresh,1,permute,official,0.9932897032189246,9,0.02911773966900197,0.00045920570691426597,0.029121360430327318
reach,6,fresh,1,random,visual,0.9994239935999288,9,0.0062935812633385015,0.0003434062004089355,0.006302943196374592
reach,6,fresh,1,random,proprio,0.9995884398715541,10,0.001503952351332753,-2.8534792363643646e-05,0.0015042230251709862
reach,6,fresh,1,random,official,0.9994564384048712,9,0.006418702984807407,0.0003405555089314779,0.00642773101971754
reach,6,fresh,2,permute,visual,0.9972724141379349,9,0.018114500402043807,0.0006256465117136637,0.018125301607787518
reach,6,fresh,2,permute,proprio,0.9978746430515895,8,0.0035881836959478336,-0.00020332416519522667,0.003593939753532075
reach,6,fresh,2,permute,official,0.9972466360737342,9,0.018442067432372134,0.0006053117911020915,0.018451998632793364
reach,6,fresh,2,random,visual,0.9996164401826687,10,0.005288149089325876,-0.0003585394223531087,0.005300289738148226
reach,6,fresh,2,random,proprio,0.9995902176690852,9,0.0014327226135220895,-0.00010836093376080196,0.0014368145946026159
reach,6,fresh,2,random,official,0.9996253291703241,10,0.005409161978776568,-0.0003693799177805583,0.005421759385688524
reach,6,fresh,3,permute,visual,0.9993755486172069,10,0.007578745689218392,-2.4873812993367513e-05,0.0075787865076421814
reach,6,fresh,3,permute,proprio,0.9993591039900444,8,0.001974199135615105,2.8834789991378783e-05,0.001974409702209061
reach,6,fresh,3,permute,official,0.9993728819209102,10,0.007747609268442198,-2.200007438659668e-05,0.007747640504032468
reach,6,fresh,3,random,visual,0.9992604362270692,10,0.008297873740706306,0.00022597114245096842,0.008300950040442592
reach,6,fresh,3,random,proprio,0.9991124345826065,10,0.002214567601154167,2.973020076751709e-05,0.0022147671536573315
reach,6,fresh,3,random,official,0.9992973255258392,10,0.008485899972125163,0.0002289434274037679,0.008488987774161606
reach,6,fresh,4,permute,visual,0.9892567695196613,8,0.034462437631520036,0.0018160549799601238,0.034510254464385604
reach,6,fresh,4,permute,proprio,0.9842598251091679,8,0.009517788771045439,-0.0001185553955535094,0.009518527116736784
reach,6,fresh,4,permute,official,0.9891554350603896,8,0.03534217819949489,0.001804198424021403,0.03538819989541843
reach,6,fresh,4,random,visual,0.9983995377726419,9,0.01119234700474378,-0.0012838288148244222,0.011265737787662667
reach,6,fresh,4,random,proprio,0.9978297536639296,10,0.0034899543061697375,-0.00017030979817112286,0.0034941073948157033
reach,6,fresh,4,random,official,0.9983817597973311,9,0.011475398947633112,-0.0013008578618367514,0.01154889657863649
reach,6,fresh,5,permute,visual,0.999790664340715,10,0.003159429533494117,0.00010274688402811686,0.0031610997926817086
reach,6,fresh,5,permute,proprio,0.999798219980222,10,0.0008017150699049665,-4.2389991382757825e-05,0.0008028349548208247
reach,6,fresh,5,permute,official,0.9998168868542984,10,0.0032309041697993384,9.850184122721354e-05,0.0032324053531622397
reach,6,fresh,5,random,visual,0.999580884232047,9,0.005311975299079413,-2.72826353708903e-05,0.005312045361273056
reach,6,fresh,5,random,proprio,0.9994835498172202,10,0.0014784222348499497,-2.9362949232260385e-05,0.0014787137949198745
reach,6,fresh,5,random,official,0.9995946621629129,9,0.0054413835676436866,-3.021995226542155e-05,0.005441467483660787
reach,7,original,0,permute,visual,0.9987199857776198,9,0.005674693793546335,-0.0004167811075846354,0.005689978571326326
reach,7,original,0,permute,proprio,0.9988573206368959,10,0.002833336793807688,-0.00030252066751321156,0.002849441373570804
reach,7,original,0,permute,official,0.9986750963899599,8,0.005756076965125972,-0.0004470348358154297,0.005773409925935136
reach,7,original,0,random,visual,0.999542217135746,10,0.0031182203482390714,-0.0003202700614929199,0.00313462454728806
reach,7,original,0,random,proprio,0.9996533294814387,10,0.0015329170248601538,-0.00017192731300989786,0.0015425283161306664
reach,7,original,0,random,official,0.9995288836542628,9,0.0031821973726409345,-0.00033746798833211264,0.0032000413687313153
reach,7,original,1,permute,visual,0.9934612606806742,8,0.013217318334120235,0.0006352933247884114,0.013232577283129375
reach,7,original,1,permute,proprio,0.993009700107779,10,0.00739404323072566,-0.0005000605185826619,0.0074109335322943715
reach,7,original,1,permute,official,0.9934261491794353,7,0.013569266773186884,0.0005852826436360677,0.013581883394244527
reach,7,original,1,random,visual,0.9994835498172202,10,0.003430477841771427,4.924535751342774e-05,0.00343083128820427
reach,7,original,1,random,proprio,0.9994146601628907,10,0.0019855454339758726,2.275705337524414e-06,0.0019855467381094862
reach,7,original,1,random,official,0.9993385481326019,9,0.003514006223907851,4.946788152058919e-05,0.0035143543949017505
reach,7,original,2,permute,visual,0.998279091989911,9,0.007372936582070278,-2.6925404866536458e-06,0.007372937073717938
reach,7,original,2,permute,proprio,0.9984617606862298,10,0.003622709487596056,-0.00023961191376050314,0.0036306250013922463
reach,7,original,2,permute,official,0.9980524228046979,9,0.007600215726904369,-2.666155497233073e-05,0.007600262491124767
reach,7,original,2,random,visual,0.9995697729974777,10,0.0030042062783338674,-0.00016406536102294922,0.003008682902113185
reach,7,original,2,random,proprio,0.9994866609628996,10,0.001753966587618718,0.00014313407242298127,0.0017597971909203735
reach,7,original,2,random,official,0.999485772064134,9,0.003077274406178511,-0.00014975865681966146,0.0030809163289861894
reach,7,original,3,permute,visual,0.999468438538206,10,0.003837446677579251,-0.00010092735290527344,0.003838773675775702
reach,7,original,3,permute,proprio,0.9992413249036101,10,0.0022537824600073527,-0.00011149773995081584,0.002256538748404497
reach,7,original,3,permute,official,0.9994448827209191,9,0.003964832035267758,-0.00011207818984985351,0.003966415836561454
reach,7,original,3,random,visual,0.9993359926221402,9,0.004176251266517986,7.154862085978191e-05,0.004176864116324593
reach,7,original,3,random,proprio,0.9987590973233036,10,0.003026713572951247,5.66972295443217e-05,0.0030272445604089047
reach,7,original,3,random,official,0.9992888809875665,9,0.0042718679682685785,7.721503575642904e-05,0.00427256575140348
reach,7,original,4,permute,visual,0.9932319247991644,8,0.013412701724187395,-0.0004996275901794434,0.01342200414509279
reach,7,original,4,permute,proprio,0.9869074100823343,10,0.00987060902054362,-7.47603178024292e-05,0.009870892135037997
reach,7,original,4,permute,official,0.9927719196879965,7,0.014062878743735711,-0.0005071036020914714,0.014072018782828134
reach,7,original,4,random,visual,0.9984315381282014,7,0.00668896941926502,0.0001468372344970703,0.006690580921362311
reach,7,original,4,random,proprio,0.9962657362859587,9,0.005682496762930207,0.0008813630044460296,0.005750440870604481
reach,7,original,4,random,official,0.9985497616640185,8,0.00667029553526619,0.00023497422536214192,0.006674432965756462
reach,7,original,5,permute,visual,0.9998924432493694,10,0.0014093944296274027,-4.765431086222331e-05,0.0014101998410184652
reach,7,original,5,permute,proprio,0.9998066645184946,10,0.0009181658734123024,-4.3231820066769916e-05,0.0009191830945819564
reach,7,original,5,permute,official,0.999856442849365,9,0.0014545436669302792,-5.198160807291667e-05,0.0014554722142950136
reach,7,original,5,random,visual,0.9994653273925266,10,0.0032514894325410123,-0.00014191865921020508,0.0032545851403455246
reach,7,original,5,random,proprio,0.9991608795653285,10,0.0023197887475741035,-0.00011904376248518626,0.0023228412022258554
reach,7,original,5,random,official,0.9994844387159857,10,0.003379861818230966,-0.00015382766723632814,0.0033833605869819585
reach,7,fresh,0,permute,visual,0.9978097534417049,10,0.0067317455912127445,0.000396417776743571,0.006743407577666542
reach,7,fresh,0,permute,proprio,0.9988915432393694,10,0.002649140559488338,-0.00015614330768585206,0.0026537382004375
reach,7,fresh,0,permute,official,0.998028866987411,9,0.0067384333472520035,0.00038080374399820964,0.006749184800166676
reach,7,fresh,0,random,visual,0.9995142168246314,10,0.0030663348260325197,-0.0004561614990234375,0.0031000794471321524
reach,7,fresh,0,random,proprio,0.9995742174913055,10,0.00147782137700259,-0.0003436312327782313,0.0015172469958666976
reach,7,fresh,0,random,official,0.9994657718419093,10,0.003110383614894031,-0.0004905231793721517,0.0031488250540959916
reach,7,fresh,1,permute,visual,0.9919577986375242,10,0.013741791461474286,0.0016112709045410156,0.01383593244051401
reach,7,fresh,1,permute,proprio,0.993684818720208,10,0.00702159761505319,-0.00045614625016848244,0.007036398401829121
reach,7,fresh,1,permute,official,0.9923741374904166,9,0.014012620320360719,0.0015656566619873047,0.014099815921699522
reach,7,fresh,1,random,visual,0.9993177701974466,10,0.0034655631511177768,-0.0003064258893330892,0.0034790838995400713
reach,7,fresh,1,random,proprio,0.9993644373826376,10,0.0020079428830251083,-0.00012221905092398325,0.002011659046135787
reach,7,fresh,1,random,official,0.9993137701530017,9,0.003533123993685236,-0.00031863689422607423,0.0035474631252652013
reach,7,fresh,2,permute,visual,0.9978980875229884,10,0.006979644701989052,0.000271910031636556,0.006984939171625508
reach,7,fresh,2,permute,proprio,0.9986319847998311,10,0.003181378875435571,-0.00025377802550792696,0.0031914847383777973
reach,7,fresh,2,permute,official,0.9978350870565228,9,0.007123466230232929,0.0002465343475341797,0.0071277310778243485
reach,7,fresh,2,random,visual,0.9995488838764875,10,0.002986786553759992,-0.00032126506169637045,0.0030040148397749737
reach,7,fresh,2,random,proprio,0.9994577717530195,10,0.0018320846941591788,-8.833942313989004e-05,0.0018342132319479707
reach,7,fresh,2,random,official,0.9995084389826554,10,0.003050129585993256,-0.0003300976753234863,0.003067939857071087
reach,7,fresh,3,permute,visual,0.9993862154023934,10,0.003526544966695314,0.00025251229604085284,0.0035355737669826486
reach,7,fresh,3,permute,proprio,0.9991293236591517,10,0.0023189509285710935,2.0060688257217407e-06,0.0023189517962719426
reach,7,fresh,3,permute,official,0.9993564372937477,10,0.0036396438149898275,0.0002527133623758952,0.0036484066581888913
reach,7,fresh,3,random,visual,0.9993342148246092,10,0.0037231834946987647,-6.834665934244792e-07,0.0037231835574309106
reach,7,fresh,3,random,proprio,0.9986239847109413,10,0.00292623997355761,5.484777192274729e-05,0.002926753946086232
reach,7,fresh,3,random,official,0.9993395482172024,10,0.0037734227927868702,4.8009554545084636e-06,0.0037734258469322994
reach,7,fresh,4,permute,visual,0.9926679185324281,10,0.012722021676480984,0.001071341037750244,0.012767051623457149
reach,7,fresh,4,permute,proprio,0.9872340803786709,9,0.009750813977511215,9.969634314378102e-05,0.009751323632454434
reach,7,fresh,4,permute,official,0.9923990266558518,9,0.01323537622087983,0.0010813061396280925,0.013279473132463828
reach,7,fresh,4,random,visual,0.9980182002022244,9,0.006478176338341926,-0.0008414340019226074,0.006532593654150295
reach,7,fresh,4,random,proprio,0.9948043867154079,9,0.006165446513668617,0.00014768565694491068,0.00616721507377323
reach,7,fresh,4,random,official,0.9978964210713452,10,0.006526014935374623,-0.0008266671498616537,0.006578164600661269
reach,7,fresh,5,permute,visual,0.9998831098123312,10,0.001224158127639367,0.00012715419133504233,0.0012307442097526154
reach,7,fresh,5,permute,proprio,0.9997475527505861,10,0.001038593479156618,-9.363293647766113e-06,0.0010386356850284812
reach,7,fresh,5,permute,official,0.9998591095456616,10,0.0012643767301062684,0.00012621879577636718,0.001270661127146595
reach,7,fresh,5,random,visual,0.9994506605628951,9,0.0032792220911231234,2.6790301005045572e-06,0.003279223185468197
reach,7,fresh,5,random,proprio,0.9989999888887654,10,0.002335888098756656,6.547711789608002e-05,0.0023368056108459176
reach,7,fresh,5,random,official,0.9994008822320248,10,0.0033983297721887924,9.225209554036459e-06,0.0033983422936832075
reach-wall,0,original,0,permute,visual,0.998523539150435,9,0.005673282806585037,-0.0003157663345336914,0.005682063549584625
reach-wall,0,original,0,permute,proprio,0.9991448793875487,10,0.002919362911466453,5.915289123853048e-05,0.0029199621356085707
reach-wall,0,original,0,permute,official,0.9985493172146357,10,0.005841948890047977,-0.0003098471959431966,0.005850160007962743
reach-wall,0,original,0,random,visual,0.9995302170024112,9,0.002921445121581914,-0.00037076950073242185,0.0029448788805463855
reach-wall,0,original,0,random,proprio,0.9996413293481039,10,0.001823477125619389,-0.0003471925357977549,0.0018562358375408079
reach-wall,0,original,0,random,official,0.9993977710863454,10,0.003041770216936043,-0.00040549278259277344,0.0030686789420488374
reach-wall,0,original,1,permute,visual,0.9884043156035067,9,0.016512249807712348,-0.0012089371681213378,0.016556446562857673
reach-wall,0,original,1,permute,proprio,0.9918496872187469,10,0.01093530124961941,-0.0005243842303752899,0.010947867017871295
reach-wall,0,original,1,permute,official,0.9884140934899277,8,0.017286901176938627,-0.0012613733609517415,0.01733285940221523
reach-wall,0,original,1,random,visual,0.9992128801431127,10,0.004011767732147188,-9.715557098388672e-06,0.004011779496526089
reach-wall,0,original,1,random,proprio,0.9992977699752219,10,0.0027870321316457933,1.1406838893890381e-05,0.0027870554746541455
reach-wall,0,original,1,random,official,0.999272436360404,9,0.0041994330303498344,-8.579889933268229e-06,0.004199441795156168
reach-wall,0,original,2,permute,visual,0.9969706330070334,9,0.008364068573623517,-1.1278788248697916e-05,0.008364076178236356
reach-wall,0,original,2,permute,proprio,0.9980035333725931,10,0.005384029501040925,5.508735775947571e-05,0.005384311310192225
reach-wall,0,original,2,permute,official,0.9971390793231036,9,0.008787008383331638,-5.769729614257812e-06,0.008787010277592733
reach-wall,0,original,2,random,visual,0.9993453260591785,9,0.0031387127652574235,-1.3837814331054687e-05,0.0031387432688729676
reach-wall,0,original,2,random,proprio,0.999485772064134,10,0.002420427225469749,-7.312546173731486e-06,0.0024204382717034384
reach-wall,0,original,2,random,official,0.999310103368944,10,0.0033113224228337743,-1.4559427897135417e-05,0.0033113544305770756
reach-wall,0,original,3,permute,visual,0.9992777697529972,10,0.0035277778058908013,-0.00026607195536295573,0.003537797412680153
reach-wall,0,original,3,permute,proprio,0.9992759919554661,10,0.0027482346831997793,-9.666631619135539e-05,0.002749934226600374
reach-wall,0,original,3,permute,official,0.9992613251258348,9,0.003715382355323842,-0.0002757406234741211,0.0037256004801488898
reach-wall,0,original,3,random,visual,0.9989435438171536,10,0.004485085151456097,0.00011197249094645182,0.004486482659560908
reach-wall,0,original,3,random,proprio,0.9991493238813764,10,0.0033416883787846514,0.0003068668395280838,0.0033557485719443204
reach-wall,0,original,3,random,official,0.9989488772097468,9,0.004700543528933821,0.00014266490936279297,0.004702708022380841
reach-wall,0,original,4,permute,visual,0.9848469427438082,9,0.018229878758270337,0.00014374335606892903,0.018230445460647695
reach-wall,0,original,4,permute,proprio,0.9840882676474183,9,0.015516384555232379,0.00027041698495546977,0.015518740767588274
reach-wall,0,original,4,permute,official,0.9842322692474361,7,0.019572746961327228,0.0001707887649536133,0.019573492085327507
reach-wall,0,original,4,random,visual,0.998263536261514,9,0.007084518829065578,0.0003309996922810872,0.007092247023029788
reach-wall,0,original,4,random,proprio,0.9970413004588939,10,0.006667290437071189,0.0010162930190563203,0.006744302282137385
reach-wall,0,original,4,random,official,0.9981484238713764,9,0.0074955304257434,0.0004326367378234863,0.007508005787834715
reach-wall,0,original,5,permute,visual,0.9998346648296093,9,0.001576371636794503,7.081190745035807e-05,0.001577961299755776
reach-wall,0,original,5,permute,proprio,0.9998088867654085,10,0.0012017940658415683,2.14746097723643e-05,0.001201985913210668
reach-wall,0,original,5,permute,official,0.9998391093234369,9,0.0016680222333698709,7.297197977701823e-05,0.0016696176451058455
reach-wall,0,original,5,random,visual,0.9994177713085701,9,0.0033288500910282387,-0.00011502901713053385,0.0033308369223546096
reach-wall,0,original,5,random,proprio,0.9993395482172024,10,0.00251404877955748,0.00012435108423233031,0.0025171222572899017
reach-wall,0,original,5,random,official,0.9993666596295514,9,0.003514436971121518,-0.00010259071985880534,0.0035159340266545016
reach-wall,0,fresh,0,permute,visual,0.9988577650862788,9,0.004886288298559761,4.2754809061686195e-05,0.004886475346335019
reach-wall,0,fresh,0,permute,proprio,0.9993457705085612,9,0.0030086852594257076,3.782456119855245e-05,0.0030089230112642293
reach-wall,0,fresh,0,permute,official,0.9989688774319715,9,0.005072394178933028,4.6535332997639975e-05,0.00507260763746723
reach-wall,0,fresh,0,random,visual,0.9996697741086013,10,0.002651553749030028,-0.00032795031865437825,0.0026717576041813194
reach-wall,0,fresh,0,random,proprio,0.9996706630073667,10,0.001936288402371171,-0.0004324206461509069,0.0019839859859320254
reach-wall,0,fresh,0,random,official,0.9996422182468694,10,0.002774722974608011,-0.00037119229634602867,0.0027994412490145535
reach-wall,0,fresh,1,permute,visual,0.9913759041767131,8,0.01452149051220646,0.0003443757692972819,0.014525573357584937
reach-wall,0,fresh,1,permute,proprio,0.9936901521128012,9,0.00995878852881873,-0.00041566068927447,0.009967459193311988
reach-wall,0,fresh,1,permute,official,0.9919470216335737,8,0.015295637677057624,0.0003028122584025065,0.015298634815291971
reach-wall,0,fresh,1,random,visual,0.9993795486616518,10,0.0032365195518157864,-0.00030046621958414714,0.003250436702721197
reach-wall,0,fresh,1,random,proprio,0.9994822164690719,10,0.002415037388723618,-0.00023605177799860635,0.002426546111416244
reach-wall,0,fresh,1,random,official,0.99935199279992,9,0.003382486372500057,-0.00032407681147257486,0.00339797584451138
reach-wall,0,fresh,2,permute,visual,0.9980648673874154,8,0.007586676238794382,3.0279159545898436e-06,0.0075866768430296475
reach-wall,0,fresh,2,permute,proprio,0.9985026500294448,9,0.004914393833556388,-7.479526102542877e-05,0.004914962978738387
reach-wall,0,fresh,2,permute,official,0.9981142012689029,8,0.007983227712268826,-4.450480143229167e-06,0.007983228952792878
reach-wall,0,fresh,2,random,visual,0.9995106612295692,10,0.002972654273116683,6.647745768229166e-05,0.0029733974977891493
reach-wall,0,fresh,2,random,proprio,0.9996168846320515,10,0.002350491784782753,-2.114693323771159e-05,0.0023505869103516617
reach-wall,0,fresh,2,random,official,0.9995973288592096,9,0.003137947476741721,6.435950597127279e-05,0.003138607416163831
reach-wall,0,fresh,3,permute,visual,0.9992528805875621,10,0.003871791977339542,-0.00033779303232828775,0.0038864993565521635
reach-wall,0,fresh,3,permute,proprio,0.9994582162024023,10,0.002856593591490454,-0.00016584500670433045,0.0028614037661946787
reach-wall,0,fresh,3,permute,official,0.999309325659174,9,0.004085216618752878,-0.0003543837865193685,0.004100558826584799
reach-wall,0,fresh,3,random,visual,0.9989510994566606,10,0.004267842287982252,-0.00034794092178344724,0.004282001947704029
reach-wall,0,fresh,3,random,proprio,0.9992257691752131,10,0.003428571877073469,-0.0002733147641023,0.0034394485134299347
reach-wall,0,fresh,3,random,official,0.9989213213480149,9,0.004505986225534147,-0.0003752724329630534,0.0045215861446671
reach-wall,0,fresh,4,permute,visual,0.9914083489816553,8,0.015578262416940295,0.0007481884956359864,0.015596218963455744
reach-wall,0,fresh,4,permute,proprio,0.9897838864876276,9,0.013092751777093079,0.00021204104026158652,0.013094468698627265
reach-wall,0,fresh,4,permute,official,0.9911652351692797,9,0.016731316004605642,0.0007693950335184733,0.016748997103217127
reach-wall,0,fresh,4,random,visual,0.9981109788009905,9,0.006179901096944319,0.0002808125813802083,0.00618627782061839
reach-wall,0,fresh,4,random,proprio,0.9974453049478328,9,0.006519870893578881,0.0008374246458212535,0.006573431106078919
reach-wall,0,fresh,4,random,official,0.9981364237380416,9,0.006569406554812595,0.0003645634651184082,0.00657951434397052
reach-wall,0,fresh,5,permute,visual,0.999829331437016,10,0.0015338460762194003,4.0970643361409505e-05,0.0015343931631596572
reach-wall,0,fresh,5,permute,proprio,0.9998644429382548,10,0.0011327714491996084,-7.074077924092611e-07,0.001132771670085179
reach-wall,0,fresh,5,permute,official,0.9998488872098579,10,0.0016173223821753888,4.089673360188802e-05,0.0016178393711072736
reach-wall,0,fresh,5,random,visual,0.999475994177713,10,0.0030412130178947617,-0.00019359350204467774,0.0030473685474924897
reach-wall,0,fresh,5,random,proprio,0.9994884387604307,10,0.0027422513916975986,-0.000279062290986379,0.002756414057705769
reach-wall,0,fresh,5,random,official,0.9995617729085878,10,0.003229424467040675,-0.00022149403889973958,0.003237011275480681
reach-wall,1,original,0,permute,visual,0.9980879787553195,9,0.006414023281720603,-0.0002425996462504069,0.006418609603863968
reach-wall,1,original,0,permute,proprio,0.998985322059134,10,0.0026098594745215527,3.468833863735199e-05,0.002610089990323578
reach-wall,1,original,0,permute,official,0.998283092034356,9,0.006484253908816642,-0.0002391338348388672,0.006488661937947503
reach-wall,1,original,0,random,visual,0.9996337737085967,9,0.0026838439235470006,-0.0001811528205871582,0.00268995065946698
reach-wall,1,original,0,random,proprio,0.9996671074123046,10,0.0012701158232330165,-0.00017421464125315348,0.0012820081691057388
reach-wall,1,original,0,random,official,0.9996342181579795,9,0.0027373279795832495,-0.00019858121871948241,0.002744521628305638
reach-wall,1,original,1,permute,visual,0.9920452449471661,9,0.014024781348234512,4.6878655751546224e-05,0.014024859695346394
reach-wall,1,original,1,permute,proprio,0.9953466149623885,9,0.006258469033220733,-0.00015176129837830862,0.0062603087888272995
reach-wall,1,original,1,permute,official,0.9927110301225569,9,0.014276026284317178,3.169854482014974e-05,0.0142760614760605
reach-wall,1,original,1,random,visual,0.9993928821431349,9,0.0035425980556540223,-0.00045902172724405924,0.003572212469885544
reach-wall,1,original,1,random,proprio,0.9993537705974511,10,0.0018805392531239956,-0.00016035817563533783,0.001887363936031747
reach-wall,1,original,1,random,official,0.9993782153135035,9,0.0036380319071204845,-0.00047506173451741535,0.0036689180706073834
reach-wall,1,original,2,permute,visual,0.9969381882020911,9,0.008143183594228899,-0.00034461259841918947,0.008150472188303445
reach-wall,1,original,2,permute,proprio,0.9977973088589873,10,0.004006286775442419,2.490838368733724e-05,0.004006364206442387
reach-wall,1,original,2,permute,official,0.9969257436193736,9,0.008399995370583158,-0.00034212509791056316,0.008406959724444907
reach-wall,1,original,2,random,visual,0.9995426615851287,10,0.003459010766558426,-6.256421407063803e-05,0.0034595765295841316
reach-wall,1,original,2,random,proprio,0.9995404393382149,10,0.0017166303127254855,-6.674185395240784e-05,0.0017179272701825894
reach-wall,1,original,2,random,official,0.9995319947999423,10,0.003550201105638991,-6.924629211425781e-05,0.00355087636217482
reach-wall,1,original,3,permute,visual,0.9994013266814076,9,0.0034179417601149635,0.00010100046793619792,0.003419433720670881
reach-wall,1,original,3,permute,proprio,0.9991937688196536,10,0.0020887726783719927,-4.0237829089164735e-05,0.0020891602104202343
reach-wall,1,original,3,permute,official,0.9994431049233881,10,0.00354048125553512,9.697357813517253e-05,0.0035418090569159537
reach-wall,1,original,3,random,visual,0.9991599906665629,10,0.004191990768470821,7.936159769694011e-06,0.004191998280722033
reach-wall,1,original,3,random,proprio,0.9990968788542095,10,0.0025016535965059973,0.00038480833172798156,0.0025310764842411747
reach-wall,1,original,3,random,official,0.9991217680196447,9,0.004281918362099252,4.641135533650716e-05,0.004282169879113498
reach-wall,1,original,4,permute,visual,0.9935323725819176,9,0.012546331220000186,0.0003898382186889648,0.012552386263922168
reach-wall,1,original,4,permute,proprio,0.9909812331248125,9,0.008696963414272178,-2.9389684398969015e-05,0.008697013072471367
reach-wall,1,original,4,permute,official,0.9934919276880855,9,0.013075158517087612,0.0003868993123372396,0.013080881519410522
reach-wall,1,original,4,random,visual,0.998211091234347,10,0.006448428784519739,-0.0004977305730183919,0.006467609257858728
reach-wall,1,original,4,random,proprio,0.9961439571550795,9,0.005252009962743577,0.0003661277641852697,0.005264756232577638
reach-wall,1,original,4,random,official,0.9981777575306392,10,0.006555847064779024,-0.000461122989654541,0.006572044213816557
reach-wall,1,original,5,permute,visual,0.9998146646073846,10,0.0015780901415705382,1.136938730875651e-05,0.0015781310965473996
reach-wall,1,original,5,permute,proprio,0.9997706641184902,10,0.0009237907475960069,-2.4700239300727845e-05,0.0009241209050581545
reach-wall,1,original,5,permute,official,0.9998159979555329,10,0.0016276865245572175,8.896986643473308e-06,0.0016277108399824851
reach-wall,1,original,5,random,visual,0.9995102167801865,9,0.003319120945269988,-0.0002115201950073242,0.003325853971873371
reach-wall,1,original,5,random,proprio,0.9993497705530061,10,0.0018804641767454166,-9.497053921222686e-05,0.0018828608348311561
reach-wall,1,original,5,random,official,0.9994999944443828,10,0.0034341026713039582,-0.0002210243542989095,0.003441208061458974
reach-wall,1,fresh,0,permute,visual,0.9980328670318559,9,0.006352809359273235,-0.00038832743962605794,0.006364666916315115
reach-wall,1,fresh,0,permute,proprio,0.9990044333825931,10,0.0025471587486159074,0.00011121821900208791,0.002549585688477356
reach-wall,1,fresh,0,permute,official,0.998145312725697,10,0.006408088305625399,-0.00037719408671061196,0.00641917994075119
reach-wall,1,fresh,0,random,visual,0.9995102167801865,10,0.002927360385137785,-0.0003498991330464681,0.0029481974540014637
reach-wall,1,fresh,0,random,proprio,0.9996648851653908,10,0.0013945801788460062,-0.0003209514170885086,0.0014310358791313658
reach-wall,1,fresh,0,random,official,0.9994906610073445,10,0.002997680857095025,-0.00038199583689371746,0.0030219217958772685
reach-wall,1,fresh,1,permute,visual,0.9902630029222547,9,0.015169132559138957,0.00020846843719482422,0.015170564975835146
reach-wall,1,fresh,1,permute,proprio,0.9947448304981167,9,0.006540321904284122,0.00011680434147516886,0.006541364832039727
reach-wall,1,fresh,1,permute,official,0.9909047878309759,9,0.015506288437219892,0.0002201557159423828,0.015507851225670223
reach-wall,1,fresh,1,random,visual,0.9994328825875843,10,0.0035905569347769706,-0.0005562281608581542,0.003633385317965415
reach-wall,1,fresh,1,random,proprio,0.9994399937777086,10,0.0019144269417156472,-0.00032868353029092155,0.0019424374837433583
reach-wall,1,fresh,1,random,official,0.9994404382270914,10,0.0036626754989619184,-0.0005890782674153646,0.0037097446025079715
reach-wall,1,fresh,2,permute,visual,0.9976457516194625,9,0.007225614376316695,3.075997034708659e-05,0.007225679849744954
reach-wall,1,fresh,2,permute,proprio,0.9982839809331214,9,0.003737935079873873,8.235029876232148e-05,0.0037388420979038335
reach-wall,1,fresh,2,permute,official,0.9976390848787209,8,0.007477281569359002,3.8998126983642576e-05,0.007477383266984786
reach-wall,1,fresh,2,random,visual,0.9995346614962388,10,0.003353053429786656,-0.00011760234832763672,0.0033551151418895046
reach-wall,1,fresh,2,random,proprio,0.9995924399159991,9,0.0017195938973588558,1.9275868932406108e-05,0.001719701930846424
reach-wall,1,fresh,2,random,official,0.9994706607851198,10,0.0034339082068923126,-0.00011565526326497395,0.0034358553102951336
reach-wall,1,fresh,3,permute,visual,0.9992871031900354,10,0.003782802853078878,-0.0001274847984313965,0.003784950435486942
reach-wall,1,fresh,3,permute,proprio,0.999311103456705,9,0.0021407581119586043,-5.6040386358896894e-05,0.0021414914939872683
reach-wall,1,fresh,3,permute,official,0.9992866587406527,9,0.003910830342648644,-0.0001330717404683431,0.0039130936683259435
reach-wall,1,fresh,3,random,visual,0.9991768797431082,10,0.004389913226556501,0.00024130821228027344,0.004396540434251641
reach-wall,1,fresh,3,random,proprio,0.9990537672640807,9,0.0025814556706522758,0.00010505041728417079,0.002583592260732016
reach-wall,1,fresh,3,random,official,0.999091989910999,9,0.004489024349626618,0.00025182485580444336,0.004496082224508534
reach-wall,1,fresh,4,permute,visual,0.9920101334459271,9,0.014042214751620428,0.0005294569333394369,0.014052192703449791
reach-wall,1,fresh,4,permute,proprio,0.9887940977121968,9,0.009438770655900638,0.00013542393843332928,0.00943974211182656
reach-wall,1,fresh,4,permute,official,0.9919919110212335,8,0.014720440289242976,0.0005430102348327637,0.01473045221384262
reach-wall,1,fresh,4,random,visual,0.9980790897676641,9,0.00668752664342621,-0.00047536373138427733,0.006704400292617603
reach-wall,1,fresh,4,random,proprio,0.9966412960144002,10,0.005247874762113606,0.0005145792911450068,0.005273042894354666
reach-wall,1,fresh,4,random,official,0.9979901998911099,9,0.006800110679286524,-0.00042389790217081707,0.006813310111980185
reach-wall,1,fresh,5,permute,visual,0.9998559983999822,10,0.0015584616887164401,6.150404612223307e-06,0.0015584738248279285
reach-wall,1,fresh,5,permute,proprio,0.9998648873876377,10,0.0008049036335876882,-1.864999532699585e-05,0.0008051196691724531
reach-wall,1,fresh,5,permute,official,0.9998235535950399,10,0.0016031763740294647,4.300276438395182e-06,0.001603182141437369
reach-wall,1,fresh,5,random,visual,0.9995097723308036,10,0.0032396267065118636,-0.00015648841857910157,0.0032434040486338258
reach-wall,1,fresh,5,random,proprio,0.9994279936443738,10,0.0021256337951481726,2.308487892150879e-05,0.0021257591450375662
reach-wall,1,fresh,5,random,official,0.9994768830764786,9,0.003360806450393927,-0.00015417178471883138,0.003364340787764048
reach-wall,2,original,0,permute,visual,0.9988013200146668,8,0.006220480061594458,-8.60746701558431e-05,0.0062210755537556875
reach-wall,2,original,0,permute,proprio,0.9991951021678018,10,0.002327571160177461,-0.00016896165907382966,0.002333695684515621
reach-wall,2,original,0,permute,official,0.998878654207269,9,0.006295959105954231,-0.00010297139485677083,0.006296801106276642
reach-wall,2,original,0,random,visual,0.9996822186913188,9,0.0027943281063653393,-0.0005709576606750488,0.002852062800203885
reach-wall,2,original,0,random,proprio,0.999739997111079,10,0.0012916067834503,-0.00033940769731998443,0.0013354571007916666
reach-wall,2,original,0,random,official,0.9996671074123046,9,0.0028577778265963727,-0.0006049060821533203,0.0029210966218891094
reach-wall,2,original,1,permute,visual,0.9921416904632274,8,0.016997401788465653,7.261435190836588e-05,0.016997556895114032
reach-wall,2,original,1,permute,proprio,0.9934728163646263,8,0.007497410360644016,-0.000366048589348793,0.007506340898577447
reach-wall,2,original,1,permute,official,0.9922168024089156,8,0.01744747826407148,3.600597381591797e-05,0.0174475154163966
reach-wall,2,original,1,random,visual,0.9996142179357549,9,0.003490892816183317,-0.00014781554539998373,0.0034940209057105227
reach-wall,2,original,1,random,proprio,0.999522661362904,10,0.0017774172199232212,0.00011517037947972615,0.0017811446291610058
reach-wall,2,original,1,random,official,0.9996311070123002,10,0.0035543433782771307,-0.00013630787531534831,0.0035569560986292016
reach-wall,2,original,2,permute,visual,0.9984493161035123,8,0.0074851128005934756,-0.00021560430526733397,0.00748821733485735
reach-wall,2,original,2,permute,proprio,0.9983702041133791,9,0.0040138179156215086,-0.00019209148983160654,0.004018411800727983
reach-wall,2,original,2,permute,official,0.9984884276491961,9,0.007750638808525528,-0.0002348192532857259,0.007754195124056118
reach-wall,2,original,2,random,visual,0.9997333303703374,10,0.0030098616231520148,0.00017627159754435222,0.003015018850127495
reach-wall,2,original,2,random,proprio,0.9994791053233925,10,0.0018903656470929152,0.00015616685152053833,0.0018968053050386735
reach-wall,2,original,2,random,official,0.9996999966666297,10,0.0031021972229518875,0.00019188721974690756,0.0031081261742716623
reach-wall,2,original,3,permute,visual,0.9996208846764965,9,0.0033527762281634183,0.0002564422289530436,0.0033625691149667277
reach-wall,2,original,3,permute,proprio,0.9992871031900354,10,0.00211103534131086,2.1273518602053324e-05,0.0021111425283142707
reach-wall,2,original,3,permute,official,0.9996471071900799,10,0.003485290960306309,0.00025856574376424154,0.0034948689992389172
reach-wall,2,original,3,random,visual,0.9992679918665763,9,0.004692244180257801,0.00011007865269978841,0.004693535208874373
reach-wall,2,original,3,random,proprio,0.9990662118467983,10,0.0026231709111625367,-0.00021709059675534566,0.0026321386658701863
reach-wall,2,original,3,random,official,0.9993511039011544,10,0.004792705641766907,8.836984634399414e-05,0.004793520272030483
reach-wall,2,original,4,permute,visual,0.9943301592239914,9,0.014197761766248472,-0.0006437023480733235,0.014212346459471852
reach-wall,2,original,4,permute,proprio,0.9893829931443683,9,0.009754088313439739,0.0002255855749050776,0.009756696555596417
reach-wall,2,original,4,permute,official,0.9940674896387738,9,0.014862777884786273,-0.0006211463610331217,0.014875751720646476
reach-wall,2,original,4,random,visual,0.998713763486261,9,0.006207307817721595,-0.0005459252993265788,0.0062312683120206306
reach-wall,2,original,4,random,proprio,0.9972581917576862,9,0.0044602238071843004,0.000626930296421051,0.004504069049952965
reach-wall,2,original,4,random,official,0.9988306536739298,10,0.006320154834612296,-0.0004832355181376139,0.006338601872610624
reach-wall,2,original,5,permute,visual,0.999877776419738,9,0.0016866438419006911,-2.511421839396159e-05,0.0016868308075758704
reach-wall,2,original,5,permute,proprio,0.9997942199357771,10,0.0011761071255455887,-2.938014765580495e-05,0.0011764740387426253
reach-wall,2,original,5,permute,official,0.9998417760197336,10,0.0017689696612335217,-2.8058687845865886e-05,0.0017691921750698177
reach-wall,2,original,5,random,visual,0.9996217735752619,9,0.0033097806001655223,2.9888153076171875e-05,0.003309915546192433
reach-wall,2,original,5,random,proprio,0.9995515505727841,10,0.001862686161850998,6.39008233944575e-05,0.0018637819220020597
reach-wall,2,original,5,random,official,0.9996217735752619,10,0.0034272510128348847,3.627459208170573e-05,0.003427442975602721
reach-wall,2,fresh,0,permute,visual,0.9986510961232903,9,0.006596796085295275,-0.0007987141609191895,0.006644972754031419
reach-wall,2,fresh,0,permute,proprio,0.9991048789430994,10,0.002389570004794936,-0.00038499762614568076,0.002420385915500559
reach-wall,2,fresh,0,permute,official,0.998607095634396,9,0.006657297009685531,-0.0008372044563293457,0.006709732839455356
reach-wall,2,fresh,0,random,visual,0.9996439960444005,9,0.0030624395770810116,9.677410125732423e-06,0.0030624548675105183
reach-wall,2,fresh,0,random,proprio,0.999718663540706,9,0.001411577607913432,-3.5584295789400735e-05,0.0014120260568663153
reach-wall,2,fresh,0,random,official,0.9996324403604484,10,0.0031368699369882995,6.12179438273112e-06,0.0031368759105115146
reach-wall,2,fresh,1,permute,visual,0.9919923554706164,10,0.01700497921638243,-0.0014386900266011556,0.017065730196573484
reach-wall,2,fresh,1,permute,proprio,0.9935990399893332,10,0.007177491262233763,-0.0009201539307832718,0.007236232726756231
reach-wall,2,fresh,1,permute,official,0.9919870220780231,10,0.01745778561883192,-0.0015307005246480306,0.01752476313133083
reach-wall,2,fresh,1,random,visual,0.9993142146023845,10,0.004160052192669475,1.5409787495930989e-06,0.004160052478076402
reach-wall,2,fresh,1,random,proprio,0.9994484383159813,9,0.0018368956673184061,-7.407995561758678e-05,0.0018383888414689195
reach-wall,2,fresh,1,random,official,0.9993191035455949,9,0.004253154130175806,-5.857944488525391e-06,0.004253158164299225
reach-wall,2,fresh,2,permute,visual,0.9971421904687829,9,0.009597023414460155,-0.0007963164647420247,0.009630004066962572
reach-wall,2,fresh,2,permute,proprio,0.9974821942466028,10,0.00430956743476518,-0.0005197039246559143,0.004340790670383829
reach-wall,2,fresh,2,permute,official,0.996961744019378,10,0.009896872784896527,-0.0008482813835144043,0.009933160233583403
reach-wall,2,fresh,2,random,visual,0.9995599951110568,10,0.0034481029073587977,-0.00013037443161010743,0.0034505667870878623
reach-wall,2,fresh,2,random,proprio,0.9993284369826332,9,0.0019907262977432155,-7.415709396203359e-05,0.0019921070420816506
reach-wall,2,fresh,2,random,official,0.999512883476483,10,0.0035494011040510063,-0.00013779163360595704,0.0035520747080727767
reach-wall,2,fresh,3,permute,visual,0.9994395493283259,10,0.004290373591034188,-0.00013239383697509765,0.00429241583245526
reach-wall,2,fresh,3,permute,proprio,0.999313325703619,9,0.0021341659808692794,-8.165391782919566e-05,0.0021357274629962954
reach-wall,2,fresh,3,permute,official,0.9993915487949866,10,0.004411845091592318,-0.00014054616292317708,0.004414083181830589
reach-wall,2,fresh,3,random,visual,0.999282214246825,9,0.004641430277206834,-0.00034938494364420575,0.004654561725556722
reach-wall,2,fresh,3,random,proprio,0.9989879887554306,9,0.0026088635261761477,-0.00017161513368288677,0.0026145019893511726
reach-wall,2,fresh,3,random,official,0.9993373259702886,9,0.004744810537821086,-0.0003665359814961751,0.004758946907200099
reach-wall,2,fresh,4,permute,visual,0.9929701441127123,10,0.01579094145421941,-0.00027913570404052734,0.01579340839565213
reach-wall,2,fresh,4,permute,proprio,0.986802964477383,10,0.009669267309151075,-5.025381843249003e-05,0.009669397899667006
reach-wall,2,fresh,4,permute,official,0.9924292492138802,9,0.01650773142628902,-0.0002841536204020182,0.016510176865269423
reach-wall,2,fresh,4,random,visual,0.9983648707207858,9,0.006839133058257143,0.0005579916636149089,0.006861858034469194
reach-wall,2,fresh,4,random,proprio,0.9974159712885698,10,0.004584152700114633,0.00022117550174395243,0.004589485219557851
reach-wall,2,fresh,4,random,official,0.998449760552895,9,0.006912991038152292,0.0005801121393839518,0.006937288749060006
reach-wall,2,fresh,5,permute,visual,0.9997928865876288,10,0.0018757301630101862,-0.00010136047999064127,0.0018784668193316998
reach-wall,2,fresh,5,permute,proprio,0.9997888865431838,10,0.0011701534213072057,-2.8690968950589497e-05,0.0011705051051132936
reach-wall,2,fresh,5,permute,official,0.9997719974666385,10,0.0019501668351662202,-0.00010422388712565104,0.0019529498978800791
reach-wall,2,fresh,5,random,visual,0.9995088834320381,10,0.003752213763387714,-0.00017942031224568684,0.0037565010015441942
reach-wall,2,fresh,5,random,proprio,0.999202657807309,10,0.002092808484104844,-0.00021960273385047914,0.0021042986270621905
reach-wall,2,fresh,5,random,official,0.9994626606962299,10,0.0038971258463636922,-0.00020137627919514974,0.0039023252386517467
reach-wall,3,original,0,permute,visual,0.9983114254948923,8,0.005774341274977755,-0.00032367785771687823,0.005783405961497767
reach-wall,3,original,0,permute,proprio,0.9992168801875576,10,0.0027602919022823155,5.5812150239944455e-05,0.002760856095836893
reach-wall,3,original,0,permute,official,0.9985204280047556,10,0.005881046109821485,-0.00031808694203694664,0.005889641979657238
reach-wall,3,original,0,random,visual,0.9995981066009803,9,0.0027472614299199937,-8.619467417399088e-05,0.0027486132660274358
reach-wall,3,original,0,random,proprio,0.9997115523505816,10,0.001578128302569189,-0.00042440146207809446,0.0016341987456805656
reach-wall,3,original,0,random,official,0.9996635518172424,10,0.00283560760870453,-0.00012862602869669596,0.0028385234129387244
reach-wall,3,original,1,permute,visual,0.9912837910736615,7,0.01593279133460333,-0.000749210516611735,0.015950396738332644
reach-wall,3,original,1,permute,proprio,0.9934350381670908,10,0.009171506161598373,-0.00040060746173063916,0.009180251173613452
reach-wall,3,original,1,permute,official,0.9914541272680808,9,0.016513349376940673,-0.0007892696062723795,0.016532200523714086
reach-wall,3,original,1,random,visual,0.9993676595704081,10,0.003852223297735889,-8.357604344685873e-05,0.003853129804542977
reach-wall,3,original,1,random,proprio,0.9994693274369715,10,0.002019843880405275,-0.00012572931746641794,0.0020237532365585515
reach-wall,3,original,1,random,official,0.9994777719752441,9,0.003955347439821196,-9.614308675130208e-05,0.003956515747830426
reach-wall,3,original,2,permute,visual,0.9971247455110391,9,0.008453687141128818,-0.0010919682184855144,0.008523920510555524
reach-wall,3,original,2,permute,proprio,0.9974666385182057,10,0.005016691718089179,-4.669584333896637e-05,0.005016909038056171
reach-wall,3,original,2,permute,official,0.9973088589873221,9,0.008785866995261026,-0.001096633275349935,0.008854042206756287
reach-wall,3,original,2,random,visual,0.9993376592337376,9,0.00357267038840787,-0.00023012876510620118,0.0035800744339658285
reach-wall,3,original,2,random,proprio,0.9994502161135124,9,0.002058276381087643,6.678501764933268e-06,0.002058287215946567
reach-wall,3,original,2,random,official,0.9993515483505372,10,0.0037077283300180146,-0.00022944927215576172,0.003714821171700057
reach-wall,3,original,3,permute,visual,0.9993041033016099,10,0.0037131641195087503,1.2408097585042318e-05,0.0037131848512150416
reach-wall,3,original,3,permute,proprio,0.9992804364492939,9,0.002776684321927373,-1.928997536500295e-05,0.002776751326061961
reach-wall,3,original,3,permute,official,0.9990799897776642,9,0.0038924445009736438,1.0480086008707682e-05,0.0038924586093319873
reach-wall,3,original,3,random,visual,0.9985823174237907,9,0.0053827671111884925,0.00020803292592366535,0.005386785634454082
reach-wall,3,original,3,random,proprio,0.9989017655751731,9,0.0029695319384725224,0.00030978056291739147,0.002985646317092799
reach-wall,3,original,3,random,official,0.9985844287158746,9,0.005565015634479037,0.00023902018864949544,0.005570146287358902
reach-wall,3,original,4,permute,visual,0.988206200980706,7,0.018911510198707217,-0.0006890074412027995,0.018924057420380017
reach-wall,3,original,4,permute,proprio,0.9836358181757575,8,0.013689487468248933,0.00014199999471505484,0.013690223925920411
reach-wall,3,original,4,permute,official,0.9882265358503983,9,0.019949148949502362,-0.0006748080253601074,0.019960558851908974
reach-wall,3,original,4,random,visual,0.9981076454302493,9,0.006289388049526209,-0.00017194430033365884,0.006291737985639605
reach-wall,3,original,4,random,proprio,0.9980999788886543,9,0.004323692195884226,0.00025527335703372955,0.004331221385655718
reach-wall,3,original,4,random,official,0.9982573139701553,9,0.006470085876857632,-0.00014641761779785156,0.006471742375335578
reach-wall,3,original,5,permute,visual,0.9998023311150553,9,0.0018937617022781069,-5.2773157755533854e-05,0.0018944968701992528
reach-wall,3,original,5,permute,proprio,0.9997773308592318,10,0.0012436095903022395,-2.2263117134571076e-05,0.0012438088516634105
reach-wall,3,original,5,permute,official,0.9998337759308437,10,0.0019795365219868306,-5.4997603098551435e-05,0.0019803003757577543
reach-wall,3,original,5,random,visual,0.999462327299457,10,0.003463020594829768,0.00012379010518391928,0.0034652324063988217
reach-wall,3,original,5,random,proprio,0.9993422149134991,9,0.002262987706543184,-0.0002482923368612925,0.0022765681286773787
reach-wall,3,original,5,random,official,0.9993835487060967,9,0.003619567144260387,9.897311528523763e-05,0.00362092004735793
reach-wall,3,fresh,0,permute,visual,0.9984648718319092,8,0.0064102283158508485,-0.0006980307896931967,0.006448121745492691
reach-wall,3,fresh,0,permute,proprio,0.999338214869054,9,0.0028278280929222377,1.753258208433787e-05,0.0028278824435529074
reach-wall,3,fresh,0,permute,official,0.9985262058467317,9,0.0064794503166672205,-0.0006962839762369792,0.006516754390164119
reach-wall,3,fresh,0,random,visual,0.9996031067011856,10,0.0027701619914207707,-5.277395248413086e-05,0.002770664640257476
reach-wall,3,fresh,0,random,proprio,0.9997577750863899,10,0.0015937755589074364,-0.00012974617381890616,0.0015990480298575642
reach-wall,3,fresh,0,random,official,0.9996537739308214,9,0.0028618401903092883,-6.575663884480794e-05,0.00286259553734398
reach-wall,3,fresh,1,permute,visual,0.9891736574850831,6,0.018278983497463406,-0.0022928881645202636,0.018422230425101535
reach-wall,3,fresh,1,permute,proprio,0.9930728119201324,8,0.009572493613418427,-0.0002251827468474706,0.009575141839597696
reach-wall,3,fresh,1,permute,official,0.9900692229913666,8,0.01889181936806217,-0.0023154147466023763,0.019033181144629308
reach-wall,3,fresh,1,random,visual,0.9993075478616429,9,0.0038325035935471126,-0.00024318297704060873,0.00384021116019339
reach-wall,3,fresh,1,random,proprio,0.9995368837431527,9,0.0022157524887487057,-0.0001317888249953588,0.0022196683053532437
reach-wall,3,fresh,1,random,official,0.9993657707307859,10,0.003938107458165251,-0.0002563651402791341,0.0039464431374602515
reach-wall,3,fresh,2,permute,visual,0.9969848553872821,8,0.008822476774314306,-0.0012933961550394694,0.008916780251143697
reach-wall,3,fresh,2,permute,proprio,0.9980333114812386,8,0.0050286011735895825,3.194523354371389e-05,0.005028702641931882
reach-wall,3,fresh,2,permute,official,0.9973693041033789,9,0.009166479879039308,-0.0012902037302652996,0.009256834180129996
reach-wall,3,fresh,2,random,visual,0.9994155490616562,9,0.0034225918839651966,-0.00022158066431681315,0.0034297570169012723
reach-wall,3,fresh,2,random,proprio,0.999569328548095,9,0.002162529104346333,-8.208451171716054e-05,0.0021640864109847367
reach-wall,3,fresh,2,random,official,0.9994817720196891,9,0.003568951790414752,-0.00022979338963826499,0.003576341969698383
reach-wall,3,fresh,3,permute,visual,0.9991719907998978,8,0.004007837574032391,-1.4144579569498698e-05,0.004007862533690127
reach-wall,3,fresh,3,permute,proprio,0.9994457716196846,9,0.0025818899727097166,-5.9261421362559e-06,0.0025818967737575413
reach-wall,3,fresh,3,permute,official,0.9993391037678196,10,0.004188492614719068,-1.4742215474446615e-05,0.004188518558687936
reach-wall,3,fresh,3,random,visual,0.9989106545628285,10,0.004719393164825706,1.8352667490641278e-05,0.004719428849406209
reach-wall,3,fresh,3,random,proprio,0.9992697696641074,9,0.003180328729087072,-4.260214666525523e-05,0.0031806140551719066
reach-wall,3,fresh,3,random,official,0.998959988444316,9,0.004910058560376751,1.409292221069336e-05,0.004910078785191278
reach-wall,3,fresh,4,permute,visual,0.988219424660274,6,0.018696167990960067,-0.0024049774805704753,0.018850215230289836
reach-wall,3,fresh,4,permute,proprio,0.9847953866154069,7,0.013438355775660363,7.469654083251953e-05,0.013438563372862316
reach-wall,3,fresh,4,permute,official,0.9884972055245058,8,0.019684809629190794,-0.002397511005401611,0.019830274560845206
reach-wall,3,fresh,4,random,visual,0.9981662018466871,8,0.007330224355258893,-0.000584268569946289,0.007353472571530932
reach-wall,3,fresh,4,random,proprio,0.9981493127701418,9,0.004943282716966108,-0.00026371434330940246,0.004950312038116683
reach-wall,3,fresh,4,random,official,0.9980870898565539,9,0.007558015430483634,-0.0006106416384379069,0.007582643368774694
reach-wall,3,fresh,5,permute,visual,0.9997835531505905,9,0.0015069704512439405,-9.327491124471029e-05,0.0015098543472766087
reach-wall,3,fresh,5,permute,proprio,0.9998382204246714,9,0.0010612221435673855,-4.7635287046432495e-05,0.0010622907128322982
reach-wall,3,fresh,5,permute,official,0.9998711096789964,10,0.0015757248070290956,-9.804169336954752e-05,0.001578771940821615
reach-wall,3,fresh,5,random,visual,0.9991493238813764,9,0.003939019471795707,-0.00024268150329589844,0.003946488149130526
reach-wall,3,fresh,5,random,proprio,0.9994977721974688,10,0.0023070947774403356,-0.00014494227866331737,0.002311643263186729
reach-wall,3,fresh,5,random,official,0.9992279914221269,9,0.00409875009722787,-0.00025717417399088543,0.004106810309144236
reach-wall,4,original,0,permute,visual,0.9988582095356615,10,0.0053905035172228085,-0.000242694616317749,0.0053959641257129475
reach-wall,4,original,0,permute,proprio,0.9993324370270781,9,0.0026511790098754525,-0.00010812051594257355,0.0026533827821051134
reach-wall,4,original,0,permute,official,0.9990515450171669,10,0.005520699691561275,-0.0002535108725229899,0.005526517243879017
reach-wall,4,original,0,random,visual,0.9997142190468783,10,0.002549604753533769,-0.00046246687571207683,0.0025912082143997772
reach-wall,4,original,0,random,proprio,0.9997164412937921,10,0.0017580638809991812,-0.0003947226454814275,0.001801830895653019
reach-wall,4,original,0,random,official,0.9997097745530505,10,0.0026638015167428524,-0.0005019505818684896,0.002710681262568441
reach-wall,4,original,1,permute,visual,0.9927274747497195,10,0.015078681556282598,-0.00016066710154215495,0.015079537505948083
reach-wall,4,original,1,permute,proprio,0.9941274903054479,8,0.00880486388454782,-0.0003119288384914398,0.008810387484424118
reach-wall,4,original,1,permute,official,0.9930657007300081,10,0.015749800433499814,-0.00019187211990356445,0.015750969132261903
reach-wall,4,original,1,random,visual,0.999287992088801,10,0.003894764447578654,-0.00022152344385782877,0.003901059181594313
reach-wall,4,original,1,random,proprio,0.9995044389382104,10,0.002281809795748716,-0.0001933271437883377,0.002289985006173655
reach-wall,4,original,1,random,official,0.9994195491061012,10,0.004051635200802105,-0.00024086356163024902,0.004058788372864483
reach-wall,4,original,2,permute,visual,0.9975248613873487,10,0.008448645438283858,-0.000458144744237264,0.00846105822864415
reach-wall,4,original,2,permute,proprio,0.9983110923454706,10,0.004635224143823498,-0.00021581890682379403,0.004640245754701672
reach-wall,4,original,2,permute,official,0.9976675296392182,10,0.008827907220333806,-0.0004797391096750895,0.008840932954398738
reach-wall,4,original,2,random,visual,0.999511105678952,10,0.0032546469239071465,-0.00019218603769938152,0.003260316253430768
reach-wall,4,original,2,random,proprio,0.9995702174468605,10,0.0022508301215272202,-8.032617469628652e-05,0.002252262979830637
reach-wall,4,original,2,random,official,0.9995337725974733,10,0.003413546999377512,-0.00020022511482238768,0.0034194141623331994
reach-wall,4,original,3,permute,visual,0.9994453271703019,10,0.0034088330204301172,-1.631895701090495e-05,0.0034088720817203803
reach-wall,4,original,3,permute,proprio,0.9994555495061056,10,0.0025434837447789135,-7.573279241720835e-05,0.0025446109753362836
reach-wall,4,original,3,permute,official,0.9995413282369804,10,0.003593486035929111,-2.390146255493164e-05,0.0035935655233110446
reach-wall,4,original,3,random,visual,0.9989937665974067,10,0.004257979430703515,-0.0002023466428120931,0.0042627846528005085
reach-wall,4,original,3,random,proprio,0.9989897665529617,9,0.003435113644077758,-0.0001957682768503825,0.003440687571685366
reach-wall,4,original,3,random,official,0.9991302125579173,10,0.004512547777597417,-0.0002219414710998535,0.004518002375131442
reach-wall,4,original,4,permute,visual,0.9913359037322637,8,0.016659371479614066,2.1363099416097007e-05,0.016659385177064466
reach-wall,4,original,4,permute,proprio,0.988034978166424,8,0.012711387332270882,-4.224322736263275e-05,0.012711457524661546
reach-wall,4,original,4,permute,official,0.9907581195346615,8,0.017772240282307603,1.7122824986775715e-05,0.017772248530875674
reach-wall,4,original,4,random,visual,0.9985608728985877,10,0.0062384708322287576,2.4621089299519856e-05,0.0062385194175066305
reach-wall,4,original,4,random,proprio,0.9977675307503416,9,0.005729402551588426,0.00034347946445147196,0.005739689167598523
reach-wall,4,original,4,random,official,0.9987617640196003,10,0.006576935063454025,5.8958133061726886e-05,0.006577199319645492
reach-wall,4,original,5,permute,visual,0.9998484427604751,10,0.0013911486903191409,3.327687581380208e-05,0.0013915466320036092
reach-wall,4,original,5,permute,proprio,0.9998924432493694,10,0.0010603771467845252,-5.1353896657625835e-05,0.0010616199490047335
reach-wall,4,original,5,permute,official,0.9998728874765275,10,0.0014710520050247194,2.8125842412312826e-05,0.0014713208570868047
reach-wall,4,original,5,random,visual,0.9995435504838943,10,0.003068843522821038,-0.00021168231964111328,0.0030761355581328466
reach-wall,4,original,5,random,proprio,0.999576884187602,9,0.002194399558029842,4.2677422364552815e-05,0.0021948145212434805
reach-wall,4,original,5,random,official,0.9996048844987167,10,0.0032249047124782155,-0.0002074305216471354,0.003231568941841564
reach-wall,4,fresh,0,permute,visual,0.9987422082467583,9,0.005301003843141587,-6.676514943440756e-05,0.005301424273738225
reach-wall,4,fresh,0,permute,proprio,0.9991422126912521,10,0.002765801812373846,4.7039985656738284e-05,0.0027662018049269357
reach-wall,4,fresh,0,permute,official,0.9988270980788675,9,0.0054599577137247,-6.205797195434571e-05,0.005460310378315956
reach-wall,4,fresh,0,random,visual,0.9995546617184635,9,0.002662161137755183,-0.000325927734375,0.002682038555168212
reach-wall,4,fresh,0,random,proprio,0.9996271069678552,10,0.001586008654551962,-0.0004798634598652522,0.0016570130936198347
reach-wall,4,fresh,0,random,official,0.9996164401826687,9,0.002783837742833388,-0.00037390867869059244,0.0028088361074337957
reach-wall,4,fresh,1,permute,visual,0.991814575717508,7,0.014697003385205113,0.00030946850776672366,0.01470026119706823
reach-wall,4,fresh,1,permute,proprio,0.9924034711496794,9,0.00886655548062285,-0.00020634211599826813,0.008868956148262193
reach-wall,4,fresh,1,permute,official,0.991963910710119,7,0.01540021016751436,0.00028883775075276693,0.015402918569215138
reach-wall,4,fresh,1,random,visual,0.9994408826764741,9,0.003452786817141683,-0.0001613163948059082,0.0034565531652009304
reach-wall,4,fresh,1,random,proprio,0.9993684374270825,10,0.0021806284330114613,-0.0002451920012633006,0.0021943699506558876
reach-wall,4,fresh,1,random,official,0.9993715485727619,9,0.0035930256769666088,-0.00018583218256632486,0.0035978281108772726
reach-wall,4,fresh,2,permute,visual,0.9969324103601152,8,0.008406049988557991,0.0002923468748728434,0.008411132094158535
reach-wall,4,fresh,2,permute,proprio,0.9973155257280636,10,0.0047538909334093144,0.00024676683048407234,0.004760291259511169
reach-wall,4,fresh,2,permute,official,0.9971839687107634,8,0.00880618048895871,0.00031702438990275066,0.00881188511431636
reach-wall,4,fresh,2,random,visual,0.9994031044789387,9,0.003554449869914831,-2.254207928975423e-05,0.0035545213493628457
reach-wall,4,fresh,2,random,proprio,0.9994457716196846,10,0.002244004386020909,6.566586593786875e-05,0.002244964964187737
reach-wall,4,fresh,2,random,official,0.9994755497283303,9,0.0037210942221890067,-1.597126324971517e-05,0.0037211284970635186
reach-wall,4,fresh,3,permute,visual,0.9993373259702886,10,0.0035570159512728944,-0.00022436380386352538,0.0035640849588770922
reach-wall,4,fresh,3,permute,proprio,0.9992284358715097,9,0.00246120923571036,-0.00011691781381766001,0.0024639847152800837
reach-wall,4,fresh,3,permute,official,0.9994053267258525,10,0.0037376115201747206,-0.0002360506852467855,0.00374505805051781
reach-wall,4,fresh,3,random,visual,0.9991448793875487,9,0.004256569614470646,1.6637245814005534e-05,0.004256602128550784
reach-wall,4,fresh,3,random,proprio,0.9988373204146713,10,0.0031430402035725028,7.428700725237528e-05,0.0031439179825052043
reach-wall,4,fresh,3,random,official,0.9991728796986633,9,0.004479992091668921,2.4066766103108723e-05,0.0044800567352040015
reach-wall,4,fresh,4,permute,visual,0.9879398659985111,7,0.01754812405571065,0.0004650235176086426,0.01755428451252115
reach-wall,4,fresh,4,permute,proprio,0.9833615929065879,8,0.012682266529354377,0.0002168869972229004,0.012684120950666887
reach-wall,4,fresh,4,permute,official,0.9881576461960688,7,0.01864570488655359,0.0004867227872212728,0.018652056449304694
reach-wall,4,fresh,4,random,visual,0.9979146434960389,10,0.0063736479954094654,-0.0002502230803171794,0.006378557858898084
reach-wall,4,fresh,4,random,proprio,0.996154623940266,9,0.005655715965181311,0.0003709068646033605,0.005667865116692233
reach-wall,4,fresh,4,random,official,0.9980328670318559,10,0.00671336555043397,-0.00021313071250915526,0.006716747852522698
reach-wall,4,fresh,5,permute,visual,0.9998319981333126,9,0.001627830595350525,-9.919802347819011e-06,0.0016278608201065175
reach-wall,4,fresh,5,permute,proprio,0.9997088856542851,10,0.0012188911847655953,-6.9304058949152625e-06,0.001218910887155064
reach-wall,4,fresh,5,permute,official,0.9998377759752887,9,0.0017272829797042842,-1.0607242584228516e-05,0.0017273155489288432
reach-wall,4,fresh,5,random,visual,0.9995088834320381,9,0.0030865663535031597,-1.584490140279134e-05,0.003086607023169334
reach-wall,4,fresh,5,random,proprio,0.9994093267702975,10,0.0021714204424286942,1.238308846950531e-05,0.002171455751029081
reach-wall,4,fresh,5,random,official,0.999522661362904,9,0.003251972792006229,-1.4599959055582682e-05,0.0032520055656091998
reach-wall,5,original,0,permute,visual,0.9984262047356082,8,0.005548038751302692,-2.644220987955729e-05,0.005548101763343896
reach-wall,5,original,0,permute,proprio,0.999097767752975,9,0.002945497076321304,9.212960799535115e-05,0.002946937544517482
reach-wall,5,original,0,permute,official,0.9984959832887033,9,0.005724323022666005,-1.7217000325520835e-05,0.005724348914324167
reach-wall,5,original,0,random,visual,0.9995582173135257,9,0.0029112709007628242,-0.0005703934033711751,0.0029666221350616493
reach-wall,5,original,0,random,proprio,0.99963910710119,10,0.0015104253681778028,-0.0003805220623811086,0.0015576205676588327
reach-wall,5,original,0,random,official,0.9995448838320425,9,0.003012106143461156,-0.0006084386507670084,0.003072943379111241
reach-wall,5,original,1,permute,visual,0.9902736697074412,6,0.015763479792433362,-0.00013839324315388998,0.015764087282688004
reach-wall,5,original,1,permute,proprio,0.9924910276780853,9,0.009131764868883277,-0.0001678923269112905,0.00913330813309211
reach-wall,5,original,1,permute,official,0.9904430049222769,7,0.01641151491463394,-0.00015517791112263998,0.016412248535083565
reach-wall,5,original,1,random,visual,0.9993044367159635,10,0.003740493916942514,-0.00038096110026041664,0.0037598438933811574
reach-wall,5,original,1,random,proprio,0.999551995022167,10,0.002049756189959388,-0.0003423922260602315,0.0020781561237653216
reach-wall,5,original,1,random,official,0.999330659229547,10,0.003853280155895629,-0.000415192445119222,0.0038755841787146256
reach-wall,5,original,2,permute,visual,0.9980342003800042,8,0.0072297793669310354,-9.22695795694987e-05,0.007230368135151602
reach-wall,5,original,2,permute,proprio,0.9984648718319092,9,0.004108990735058415,2.0638257265090942e-05,0.004109042564693001
reach-wall,5,original,2,permute,official,0.9980110890121001,9,0.007526718810903032,-9.019613265991211e-05,0.007527259222369611
reach-wall,5,original,2,random,visual,0.9994648829431438,10,0.0032709195015330392,-0.0004408725102742513,0.0033004973800663234
reach-wall,5,original,2,random,proprio,0.9994697718863543,10,0.0021473177950807262,-0.0002152967949708303,0.002158083970329946
reach-wall,5,original,2,random,official,0.9995084389826554,9,0.0034116639153393413,-0.00046239296595255536,0.0034428560710826938
reach-wall,5,original,3,permute,visual,0.9993968821875798,10,0.0036320199856276765,-7.64783223470052e-05,0.003632825086594162
reach-wall,5,original,3,permute,proprio,0.9993355481727575,10,0.0025107706573896165,-4.420742392539978e-05,0.002511159809796821
reach-wall,5,original,3,permute,official,0.9993524372493028,9,0.00379475096623397,-8.08882713317871e-05,0.003795612968701194
reach-wall,5,original,3,random,visual,0.999161768464094,9,0.004172426710555285,-0.00017338832219441732,0.004176027797468378
reach-wall,5,original,3,random,proprio,0.9991399904443383,10,0.0028518315315744897,0.00013779923319816588,0.002855158789481331
reach-wall,5,original,3,random,official,0.9992382137579306,10,0.004322011732243234,-0.00015959739685058593,0.004324957426695625
reach-wall,5,original,4,permute,visual,0.991550572784142,7,0.01565479449336904,-0.00019121408462524414,0.01565596223346801
reach-wall,5,original,4,permute,proprio,0.9882927588084313,9,0.011310194489864703,-0.00020364801088968912,0.011312027754160844
reach-wall,5,original,4,permute,official,0.9911190124334714,9,0.0165366212744345,-0.00021157503128051757,0.016537974699700718
reach-wall,5,original,4,random,visual,0.9980950899454438,8,0.006916186405604888,-0.000539705753326416,0.0069372124587075675
reach-wall,5,original,4,random,proprio,0.9966981855353948,9,0.005457888286815545,0.00039786184827486675,0.00547237047372261
reach-wall,5,original,4,random,official,0.9981328681429794,9,0.007201188386978259,-0.0004999168713887532,0.007218520005032172
reach-wall,5,original,5,permute,visual,0.9998617762419583,10,0.001415469859372361,-2.239545186360677e-06,0.0014154716310665688
reach-wall,5,original,5,permute,proprio,0.999829331437016,10,0.0010720630596419063,-1.848513881365458e-05,0.001072222413590448
reach-wall,5,original,5,permute,official,0.999879554217269,10,0.0014739342513046187,-4.08172607421875e-06,0.0014739399030003401
reach-wall,5,original,5,random,visual,0.9994906610073445,9,0.003234632322202311,-0.0001858202616373698,0.003239965343868804
reach-wall,5,original,5,random,proprio,0.9994657718419093,10,0.0021535769263539843,-6.753181417783102e-05,0.0021546354967024984
reach-wall,5,original,5,random,official,0.9995257725085834,10,0.0033619459565694372,-0.00019257386525472006,0.0033674568012778917
reach-wall,5,fresh,0,permute,visual,0.9984742052689475,9,0.006310703102549147,-0.000269927183787028,0.006316473251195689
reach-wall,5,fresh,0,permute,proprio,0.9988955432838142,10,0.003213017780057327,-3.6185383796691896e-05,0.0032132215356188913
reach-wall,5,fresh,0,permute,official,0.9987164301825576,9,0.006479675289811669,-0.0002735455830891927,0.006485446711478211
reach-wall,5,fresh,0,random,visual,0.9996346626073623,9,0.0029772618784722252,-0.0003498069445292155,0.002997741348322905
reach-wall,5,fresh,0,random,proprio,0.9997182190913232,9,0.00152948479175435,-0.0003691426912943522,0.0015734007927873577
reach-wall,5,fresh,0,random,official,0.999640884898721,10,0.0030678707533582216,-0.00038672526677449543,0.0030921493158113417
reach-wall,5,fresh,1,permute,visual,0.9905438949321659,6,0.01711561733748703,-0.00035494168599446615,0.017119297311623025
reach-wall,5,fresh,1,permute,proprio,0.9931825909176769,9,0.009487845542081942,-0.0003502529859542847,0.00949430830469361
reach-wall,5,fresh,1,permute,official,0.9909590106556739,7,0.017762739629722805,-0.0003899693489074707,0.017767019875218587
reach-wall,5,fresh,1,random,visual,0.9992902143357149,9,0.003942744278906223,1.179377237955729e-06,0.003942744455297404
reach-wall,5,fresh,1,random,proprio,0.9994617717974644,9,0.002254489804588836,-7.654825846354167e-05,0.0022557889783552027
reach-wall,5,fresh,1,random,official,0.9994035489283214,9,0.004079685574703134,-6.482601165771485e-06,0.004079690725111245
reach-wall,5,fresh,2,permute,visual,0.9967959643996045,9,0.009691765148223166,-0.0006447847684224446,0.009713189954175859
reach-wall,5,fresh,2,permute,proprio,0.9979466438515984,10,0.004798861033070704,-0.00023456407090028126,0.004804590254962616
reach-wall,5,fresh,2,permute,official,0.9967937421526906,9,0.01006038390551791,-0.0006682427724202474,0.01008255288750303
reach-wall,5,fresh,2,random,visual,0.999458660651785,9,0.0038332311515634244,-4.331588745117188e-05,0.0038334758806365197
reach-wall,5,fresh,2,random,proprio,0.9996164401826687,9,0.0021052475713312976,-6.935598949591319e-05,0.0021063897051294385
reach-wall,5,fresh,2,random,official,0.9994991055456172,9,0.003974676005211705,-5.02467155456543e-05,0.003974993594816073
reach-wall,5,fresh,3,permute,visual,0.9995262169579662,10,0.003547401994066031,-0.0001029348373413086,0.003548895108092395
reach-wall,5,fresh,3,permute,proprio,0.9994235491505461,9,0.0025571039458415004,-1.4215310414632162e-05,0.0025571434580188017
reach-wall,5,fresh,3,permute,official,0.9994719941332681,10,0.003719652398138026,-0.00010435819625854492,0.003721116041740744
reach-wall,5,fresh,3,random,visual,0.9992377693085479,10,0.004425236160551885,0.00025002082188924156,0.004432293479456675
reach-wall,5,fresh,3,random,proprio,0.9990764341826021,10,0.003029968164503543,0.000206643541653951,0.0030370065247233595
reach-wall,5,fresh,3,random,official,0.9991608795653285,10,0.004586097969961394,0.0002706726392110189,0.004594078609220948
reach-wall,5,fresh,4,permute,visual,0.9883265369615218,7,0.019631186766452514,8.039236068725586e-05,0.01963135137454875
reach-wall,5,fresh,4,permute,proprio,0.986287290557378,8,0.013475313771848088,4.108687241872152e-05,0.013475376409616316
reach-wall,5,fresh,4,permute,official,0.9882300914454605,8,0.020749084842277426,8.449792861938477e-05,0.02074925689493404
reach-wall,5,fresh,4,random,visual,0.9979141990466561,10,0.008052277352435083,-0.0011281951268513996,0.00813092828678191
reach-wall,5,fresh,4,random,proprio,0.9977573084145379,8,0.0051656564354830145,0.0002892954150835673,0.005173750887570396
reach-wall,5,fresh,4,random,official,0.9980217557972867,9,0.008285800600460984,-0.0010992701848347981,0.008358402151719332
reach-wall,5,fresh,5,permute,visual,0.9998733319259103,9,0.0015846311270026016,-3.569285074869792e-05,0.0015850330558887734
reach-wall,5,fresh,5,permute,proprio,0.9998182202024467,10,0.0011705884205932874,-1.8988375862439475e-05,0.0011707424178037543
reach-wall,5,fresh,5,permute,official,0.9998582206468961,10,0.0016564784850703947,-3.7595431009928386e-05,0.001656905063041915
reach-wall,5,fresh,5,random,visual,0.9995159946221625,10,0.0034383332919654154,-0.00023844480514526368,0.0034465913235744226
reach-wall,5,fresh,5,random,proprio,0.9995431060345115,10,0.00215178769511595,-0.0001687594254811605,0.002158395243819154
reach-wall,5,fresh,5,random,official,0.9995831064789609,9,0.0035773370099638877,-0.0002553240458170573,0.00358643701342011
reach-wall,6,original,0,permute,visual,0.9987022078023089,9,0.006738086132588073,0.0003906444708506266,0.006749400553588582
reach-wall,6,original,0,permute,proprio,0.9986213180146446,9,0.003082437902223978,-0.00014636481801668803,0.0030859108997215094
reach-wall,6,original,0,permute,official,0.9987688752097246,9,0.006975029857767192,0.0003760103384653727,0.006985157499396607
reach-wall,6,original,0,random,visual,0.9996168846320515,10,0.0030905492893596436,-0.0005382299423217773,0.003137066524760529
reach-wall,6,original,0,random,proprio,0.9995591062122913,10,0.001587893790919216,-0.00033185166617234545,0.0016221998087723843
reach-wall,6,original,0,random,official,0.9995555506172291,10,0.0032147135662032437,-0.0005714118480682373,0.0032651025730968905
reach-wall,6,original,1,permute,visual,0.9897363304036711,9,0.019405767139171765,0.0013054295380910237,0.019449625820017188
reach-wall,6,original,1,permute,proprio,0.99071456349515,8,0.009296632189347297,-0.0005387281626462936,0.009312228417368024
reach-wall,6,original,1,permute,official,0.9900287780975344,9,0.020192743574371962,0.0012515616416931153,0.020231492767546783
reach-wall,6,original,1,random,visual,0.9993142146023845,10,0.003872325354738228,-0.0005413989226023356,0.003909989315374598
reach-wall,6,original,1,random,proprio,0.9993684374270825,9,0.0021708225979931526,-0.0002649293839931488,0.0021869289724315987
reach-wall,6,original,1,random,official,0.9993373259702886,10,0.004039859803121211,-0.0005678860346476237,0.004079578627410233
reach-wall,6,original,2,permute,visual,0.9970340778268796,9,0.011357037651553372,0.00025277495384216307,0.01135985032454613
reach-wall,6,original,2,permute,proprio,0.9972377470860787,9,0.004904020659806612,-0.0002501247078180313,0.004910395198074299
reach-wall,6,original,2,permute,official,0.9969670774119712,9,0.011783638354401662,0.0002277652422587077,0.011785839379225692
reach-wall,6,original,2,random,visual,0.9994084378715319,10,0.0035608469327822593,-0.00028064926465352376,0.0035718895403491118
reach-wall,6,original,2,random,proprio,0.9993995488838765,10,0.00197926160496617,-0.00011252860228220622,0.0019824578651827245
reach-wall,6,original,2,random,official,0.9994671051900577,10,0.0037217006758888775,-0.00029189427693684895,0.0037331298115415453
reach-wall,6,original,3,permute,visual,0.9993266591851021,9,0.004247673603670298,-5.067348480224609e-05,0.004247975852730265
reach-wall,6,original,3,permute,proprio,0.9990542117134635,9,0.0023650033231962233,-0.0001695727308591207,0.0023710747836751585
reach-wall,6,original,3,permute,official,0.9992675474171935,9,0.004441019753886385,-6.762981414794922e-05,0.004441534672404435
reach-wall,6,original,3,random,visual,0.9990284336492627,10,0.005062248530042503,3.066857655843099e-06,0.00506224945903828
reach-wall,6,original,3,random,proprio,0.9986275403060034,9,0.003066556568929848,0.00010935025910536449,0.003068505608535401
reach-wall,6,original,3,random,official,0.9990177668640763,10,0.005296183172566171,1.4007886250813801e-05,0.005296201697277993
reach-wall,6,original,4,permute,visual,0.9865522950255002,7,0.022397383986515095,0.0009748216470082601,0.022418587972548108
reach-wall,6,original,4,permute,proprio,0.9833447038300426,8,0.012397944069352795,4.0882155299186704e-05,0.012398011473515505
reach-wall,6,original,4,permute,official,0.9865891843242702,7,0.023529192785039944,0.000978912909825643,0.023549547418169187
reach-wall,6,original,4,random,visual,0.9973528594762164,9,0.008908390477444472,0.0006643561522165934,0.008933128790945051
reach-wall,6,original,4,random,proprio,0.9964857387304303,10,0.005314202016720884,0.0007449587186177572,0.005366163114084859
reach-wall,6,original,4,random,official,0.9971804131157013,9,0.009285416832138703,0.0007388563950856526,0.009314766476896975
reach-wall,6,original,5,permute,visual,0.9998551095012167,10,0.0018846029952423872,0.0001358922322591146,0.001889496003823491
reach-wall,6,original,5,permute,proprio,0.9998311092345471,10,0.0010395004513338959,1.3486767808596294e-05,0.0010395879381895966
reach-wall,6,original,5,permute,official,0.9998462205135613,10,0.0019679976613839224,0.00013724486033121744,0.001972777470192703
reach-wall,6,original,5,random,visual,0.9994654384454821,10,0.0037814769923095216,-0.0002203806241353353,0.00378789332780908
reach-wall,6,original,5,random,proprio,0.9993115479060879,10,0.0021635051421881766,-0.00013415840764840445,0.0021676607157526838
reach-wall,6,original,5,random,official,0.9993884376493072,10,0.003956011039790432,-0.00023378531138102215,0.003962912933532769
reach-wall,6,fresh,0,permute,visual,0.998858987195307,10,0.0060400674534766,8.003632227579752e-05,0.006040597706802757
reach-wall,6,fresh,0,permute,proprio,0.999187102078912,10,0.0025932127383184018,-5.318442980448405e-05,0.0025937580630718917
reach-wall,6,fresh,0,permute,official,0.9988799875554173,10,0.006221572613695606,7.471521695454915e-05,0.006222021227152133
reach-wall,6,fresh,0,random,visual,0.9997289969587498,9,0.0028104737776746907,-0.00028806885083516436,0.002825198491755675
reach-wall,6,fresh,0,random,proprio,0.9997431082567584,10,0.00140829897173579,-0.0002485690762599309,0.001430067333891939
reach-wall,6,fresh,0,random,official,0.9997057745086056,9,0.0029142704387190824,-0.0003129283587137858,0.0029310230889024423
reach-wall,6,fresh,1,permute,visual,0.9894802152779776,9,0.019221791821706774,0.000778429905573527,0.019237547503643093
reach-wall,6,fresh,1,permute,proprio,0.9928950321670241,10,0.00856902492619263,-0.00015143930912017822,0.008570363005734202
reach-wall,6,fresh,1,permute,official,0.9894074378604206,9,0.019953042029916816,0.0007632851600646972,0.019967636076491428
reach-wall,6,fresh,1,random,visual,0.9993814375028048,10,0.0044336240103043665,-0.00019327561060587564,0.004437834756545409
reach-wall,6,fresh,1,random,proprio,0.9993497705530061,10,0.0023181885081214253,-0.00019466092189153036,0.002326347100863906
reach-wall,6,fresh,1,random,official,0.9993004366715186,10,0.004616408252796212,-0.00021273215611775716,0.00462130718809424
reach-wall,6,fresh,2,permute,visual,0.9969516324572149,9,0.010642491241252753,0.00030147234598795574,0.010646760323945355
reach-wall,6,fresh,2,permute,proprio,0.9981817575750842,10,0.004346268350759126,-0.0002470797797044118,0.00435328576989258
reach-wall,6,fresh,2,permute,official,0.9969399659996222,9,0.01103138317614486,0.0002767638365427653,0.011034854462119097
reach-wall,6,fresh,2,random,visual,0.9993855485917731,9,0.003787945616789259,-0.0003142297267913818,0.00380095676336266
reach-wall,6,fresh,2,random,proprio,0.9995213280147557,10,0.0019024356913257545,-0.00012030680974324545,0.0019062358951873453
reach-wall,6,fresh,2,random,official,0.9993959932888143,9,0.003943069204173409,-0.00032625595728556317,0.003956543655586911
reach-wall,6,fresh,3,permute,visual,0.9992981032342758,10,0.004589025224219933,-0.00011225700378417968,0.004590398037580772
reach-wall,6,fresh,3,permute,proprio,0.999262658473983,10,0.002410832428479872,1.280464231967926e-05,0.0024108664328566795
reach-wall,6,fresh,3,permute,official,0.9993119923554706,10,0.0047761669894825776,-0.00011097351710001627,0.004777456041966332
reach-wall,6,fresh,3,random,visual,0.9990189889908827,9,0.005381866960676215,0.0006228951613108317,0.0054177938650711585
reach-wall,6,fresh,3,random,proprio,0.9990422115801286,10,0.0029888235170511595,0.0003255333751440048,0.0030064992922684535
reach-wall,6,fresh,3,random,official,0.998959988444316,9,0.005612951482161955,0.0006554436683654785,0.005651091110883321
reach-wall,6,fresh,4,permute,visual,0.9878993086478032,9,0.02155145586951303,0.0014721226692199706,0.021601675750941154
reach-wall,6,fresh,4,permute,proprio,0.985978510872343,9,0.011561008603160706,0.00012978332738081613,0.011561737050911593
reach-wall,6,fresh,4,permute,official,0.9878029755886176,9,0.022604395711420526,0.0014850970109303793,0.022653128230122235
reach-wall,6,fresh,4,random,visual,0.9978951986016794,9,0.007551330132264452,7.738749186197916e-05,0.007551726662846171
reach-wall,6,fresh,4,random,proprio,0.9981088678763097,9,0.004282253944239502,0.00043995750447114307,0.00430479516919159
reach-wall,6,fresh,4,random,official,0.9980448671651907,9,0.007798780137341794,0.000121382474899292,0.00779972469615496
reach-wall,6,fresh,5,permute,visual,0.9998427760133815,9,0.001858985110305404,0.00015432238578796386,0.0018653795965144695
reach-wall,6,fresh,5,permute,proprio,0.9998555539505994,10,0.0010217906586865008,-1.8625954786936443e-06,0.0010217923563233923
reach-wall,6,fresh,5,permute,official,0.99985244280492,9,0.001943083518208238,0.00015413284301757813,0.0019491871362260693
reach-wall,6,fresh,5,random,visual,0.9995705507361867,10,0.0037698443531820917,-0.00019737561543782553,0.003775007759036843
reach-wall,6,fresh,5,random,proprio,0.9995719952443916,10,0.0020396278114707947,-0.00014860495924949645,0.00204503424011401
reach-wall,6,fresh,5,random,official,0.999515105723397,10,0.003932962773648097,-0.00021224220593770346,0.003938685432080484
reach-wall,7,original,0,permute,visual,0.9985319836887077,9,0.0074287007643563064,-7.592360178629557e-05,0.00742908873548137
reach-wall,7,original,0,permute,proprio,0.9992031022566917,10,0.00221001952221593,3.0354385574658713e-05,0.002210227969531456
reach-wall,7,original,0,permute,official,0.9985377615306836,9,0.007566830896787992,-7.289528846740723e-05,0.007567182008096945
reach-wall,7,original,0,random,visual,0.9995879954221714,9,0.00383710717362775,-0.0007381761074066163,0.003907466625251139
reach-wall,7,original,0,random,proprio,0.9996791075456394,9,0.0013082548330142964,-0.00025361222525437674,0.0013326101713943734
reach-wall,7,original,0,random,official,0.999596439960444,9,0.003921807301511187,-0.0007635398705800375,0.003995443109863015
reach-wall,7,original,1,permute,visual,0.990786119845776,9,0.023344657781729394,0.0006726415952046712,0.02335434635483636
reach-wall,7,original,1,permute,proprio,0.992623473594151,8,0.0070342597110928,1.7816275358200075e-05,0.0070342822734640814
reach-wall,7,original,1,permute,official,0.9913070145223836,9,0.023932142931809418,0.0006744253635406494,0.02394164394688766
reach-wall,7,original,1,random,visual,0.999272436360404,9,0.005007233968654372,-0.00048752625783284503,0.005030911832751862
reach-wall,7,original,1,random,proprio,0.9994191046567185,10,0.0019570558154857315,-0.0001423148065805435,0.001962223475830054
reach-wall,7,original,1,random,official,0.9992444360492895,10,0.00513598801362437,-0.0005017578601837158,0.005160439305558136
reach-wall,7,original,2,permute,visual,0.9967919643551595,9,0.012361270234785652,-0.0003283870220184326,0.012365631397289339
reach-wall,7,original,2,permute,proprio,0.9975635284836498,9,0.004086139703084391,-0.00013424100975195568,0.0040883442029532955
reach-wall,7,original,2,permute,official,0.9970444116045734,9,0.012712399377378962,-0.0003418179353078206,0.012716994040687568
reach-wall,7,original,2,random,visual,0.9994226602517806,9,0.004638336394832313,-3.682096799214681e-05,0.004638482542309488
reach-wall,7,original,2,random,proprio,0.9995222169135213,10,0.0017629471355648323,0.00017305063704649607,0.0017714200873249816
reach-wall,7,original,2,random,official,0.9994555495061056,9,0.004765693839115887,-1.952052116394043e-05,0.004765733817465431
reach-wall,7,original,3,permute,visual,0.9992159912887921,10,0.005452285486264857,-0.00019034266471862793,0.005455606964742474
reach-wall,7,original,3,permute,proprio,0.9991542128245869,9,0.002035540880295752,-3.4178793430328366e-05,0.0020358278083559907
reach-wall,7,original,3,permute,official,0.9991995466616296,10,0.0056088461631606055,-0.00019376158714294435,0.005612191981271987
reach-wall,7,original,3,random,visual,0.9992653251702797,10,0.005767914691902897,5.521575609842936e-05,0.005768178973713524
reach-wall,7,original,3,random,proprio,0.9991591017677974,10,0.0025442065074807907,0.0002050157884756724,0.002552453373958456
reach-wall,7,original,3,random,official,0.99927821420238,10,0.00593859321647532,7.571578025817871e-05,0.005939075876779719
reach-wall,7,original,4,permute,visual,0.9897563306258959,8,0.023927345039637914,-0.00041029850641886395,0.023930862615255944
reach-wall,7,original,4,permute,proprio,0.9871318570206336,7,0.009379095874944923,-7.536371548970541e-05,0.009379398654552501
reach-wall,7,original,4,permute,official,0.9900030000333337,8,0.024745762197809978,-0.00041783531506856285,0.024749289547400747
reach-wall,7,original,4,random,visual,0.9982590917676863,9,0.008581401170390293,-0.0004753442605336507,0.008594556312759733
reach-wall,7,original,4,random,proprio,0.9974181935354838,9,0.004116091681592565,-0.00017227003971735636,0.004119695097681348
reach-wall,7,original,4,random,official,0.9982657585084279,9,0.008833122502923601,-0.0004925719896952311,0.00884684578348055
reach-wall,7,original,5,permute,visual,0.9998519983555373,10,0.001921179751520313,0.00011204322179158529,0.00192444415902387
reach-wall,7,original,5,permute,proprio,0.9998186646518294,10,0.0009419399643348556,2.1393845478693645e-05,0.0009421828872546535
reach-wall,7,original,5,permute,official,0.9998786653185036,10,0.0019903725439439565,0.00011417865753173828,0.0019936448102713003
reach-wall,7,original,5,random,visual,0.9994888832098134,9,0.0041143495271732285,4.11828358968099e-06,0.004114351588283419
reach-wall,7,original,5,random,proprio,0.9995364392937699,9,0.001660893863384018,-7.390881578127543e-05,0.0016625374998708693
reach-wall,7,original,5,random,official,0.9995542172690808,9,0.004236277774372577,-3.2794475555419924e-06,0.004236279043738661
reach-wall,7,fresh,0,permute,visual,0.999045322725808,9,0.0072494725998433745,-0.0001479184627532959,0.007250981509251224
reach-wall,7,fresh,0,permute,proprio,0.9993324370270781,9,0.0021072263749126042,-5.625225603580475e-05,0.002107977066155235
reach-wall,7,fresh,0,permute,official,0.9991239902665585,9,0.0073874484066433635,-0.00015354315439860026,0.007389043880034834
reach-wall,7,fresh,0,random,visual,0.9997217746863855,9,0.0038595007236448082,-0.000751353104909261,0.003931955915835221
reach-wall,7,fresh,0,random,proprio,0.9996693296592184,10,0.0014454038786023515,-0.0002880162000656128,0.0014738201056366943
reach-wall,7,fresh,0,random,official,0.9996968855209503,9,0.003957601890545866,-0.0007801576455434163,0.0040337648265549725
reach-wall,7,fresh,1,permute,visual,0.9936341514905721,9,0.01999493676335784,0.0003816401958465576,0.01999857858473358
reach-wall,7,fresh,1,permute,proprio,0.9941061567350749,9,0.0068990946030704214,-0.0003214552253484726,0.006906579457591091
reach-wall,7,fresh,1,permute,official,0.9938154868387427,8,0.020552320105262985,0.00034949501355489095,0.020555291495712166
reach-wall,7,fresh,1,random,visual,0.9994386604295603,9,0.0055936799863579465,-0.0006386788686116537,0.0056300236666458605
reach-wall,7,fresh,1,random,proprio,0.9993244369381882,10,0.0020209848533595536,-0.00014638125896453857,0.0020262791640059817
reach-wall,7,fresh,1,random,official,0.999475994177713,9,0.00574647833650378,-0.0006533122062683106,0.005783496356942435
reach-wall,7,fresh,2,permute,visual,0.9980310892343248,9,0.011090737601644585,-0.0005828650792439778,0.01110604305093111
reach-wall,7,fresh,2,permute,proprio,0.9978746430515895,9,0.004076831066690073,-0.0003403358161449432,0.0040910121014341135
reach-wall,7,fresh,2,permute,official,0.9980124223602485,8,0.01143063098249249,-0.0006168957551320394,0.01144726539530805
reach-wall,7,fresh,2,random,visual,0.9996293292147691,9,0.004493926179327417,8.696317672729493e-06,0.004493934593558898
reach-wall,7,fresh,2,random,proprio,0.9995039944888277,9,0.0018016051400362573,2.922862768173218e-06,0.0018016075110111592
reach-wall,7,fresh,2,random,official,0.9996453293925488,9,0.0046253047693507274,8.996327718098959e-06,0.004625313518378078
reach-wall,7,fresh,3,permute,visual,0.9995786619851331,10,0.004829618816521892,-9.9945863087972e-05,0.004830652863583836
reach-wall,7,fresh,3,permute,proprio,0.9993284369826332,10,0.0021025881922829433,-2.4442424376805623e-05,0.0021027302581256286
reach-wall,7,fresh,3,permute,official,0.9996164401826687,9,0.004984240347254003,-0.00010238409042358399,0.004985291801004889
reach-wall,7,fresh,3,random,visual,0.9994155490616562,10,0.005928983844612643,-0.0001926398277282715,0.005932112569136302
reach-wall,7,fresh,3,random,proprio,0.9992293247702753,9,0.0024892434973662475,-1.2601117293039957e-05,0.0024892753920241896
reach-wall,7,fresh,3,random,official,0.999411993466594,9,0.00610797597170258,-0.00019389947255452473,0.0061110528942525935
reach-wall,7,fresh,4,permute,visual,0.9945892732141468,8,0.01978171828667322,5.1647424697875977e-05,0.01978178570882264
reach-wall,7,fresh,4,permute,proprio,0.9912763475149724,8,0.008305232888568341,-8.58049343029658e-05,0.008305676120588133
reach-wall,7,fresh,4,permute,official,0.994614162379582,8,0.020487967563830076,4.3073495229085285e-05,0.020488012842209576
reach-wall,7,fresh,4,random,visual,0.9986653185035389,9,0.008863554124772837,-0.000811915397644043,0.008900662803168598
reach-wall,7,fresh,4,random,proprio,0.9977333081478683,9,0.004216078526067022,2.4354408184687298e-05,0.004216148867765642
reach-wall,7,fresh,4,random,official,0.9986790964344048,8,0.009095380796249906,-0.0008094791571299235,0.009131331137058787
reach-wall,7,fresh,5,permute,visual,0.9998759986222069,10,0.0019704072995793383,2.4120012919108074e-07,0.001970407314342149
reach-wall,7,fresh,5,permute,proprio,0.9998066645184946,10,0.0009692749143670196,-3.040023148059845e-05,0.0009697515319375717
reach-wall,7,fresh,5,permute,official,0.9999031100345559,9,0.00204565043205978,-2.801815668741862e-06,0.002045652350805827
reach-wall,7,fresh,5,random,visual,0.9996497738863765,9,0.004339796692676903,-0.0005459761619567871,0.0043740056359353775
reach-wall,7,fresh,5,random,proprio,0.9994346603851154,9,0.00200271354302579,-0.00018063753843307494,0.0020108434687240257
reach-wall,7,fresh,5,random,official,0.9996599962221803,9,0.004493787144335105,-0.0005640379587809244,0.0045290464468293115
