task,episode,arm,iteration,proposal_mean_delta_l2,proposal_mean_delta_rms,proposal_std_delta_l2,proposal_std_delta_rms,native_proposal_entropy_nats,arm_proposal_entropy_nats,proposal_entropy_delta_nats,native_best_runnerup_margin,arm_best_runnerup_margin,best_runnerup_margin_delta,native_elite_boundary_margin,arm_elite_boundary_margin,elite_boundary_margin_delta,same_candidate_actions_verified,shared_population_elite_overlap_count,shared_population_cost_delta_mean,shared_population_cost_delta_rms,cohort,native_comparator
reach,4,fixed_rank4,0,0.0,0.0,0.0,0.0,170.27262398456074,170.27262398456074,0.0,0.07408356666564941,0.07414484024047852,6.127357482910156e-05,0.0011756420135498047,0.0009639263153076172,-0.0002117156982421875,True,10.0,0.0007902014255523681,0.0008670799355786224,extension56,same_receiving_gpu
reach,4,fixed_rank4,1,0.0,0.0,0.0,0.0,166.22942115853658,166.22942115853658,0.0,0.1731811761856079,0.1751936674118042,0.002012491226196289,0.007417201995849609,0.006994128227233887,-0.00042307376861572266,,,,,extension56,same_receiving_gpu
reach,4,fixed_rank4,2,0.0,0.0,0.0,0.0,159.08938928906565,159.08938928906565,0.0,0.013236165046691895,0.013305306434631348,6.914138793945312e-05,0.0015006065368652344,0.0014252662658691406,-7.534027099609375e-05,,,,,extension56,same_receiving_gpu
reach,4,fixed_rank4,3,5.79765320591796e-07,5.2925090691223514e-08,5.407705101854817e-07,4.936536781036093e-08,147.89598973740175,147.89598997709524,2.3969349172148213e-07,0.007713019847869873,0.008228480815887451,0.0005154609680175781,0.002034425735473633,0.002967357635498047,0.0009329319000244141,,,,,extension56,same_receiving_gpu
reach,4,fixed_rank4,4,8.774981704793052e-07,8.010425702350488e-08,6.659001997561553e-07,6.07880934089404e-08,138.92987606184852,138.92987615111542,8.92669049790129e-08,0.039703965187072754,0.03900176286697388,-0.000702202320098877,0.0114554762840271,0.010920703411102295,-0.0005347728729248047,,,,,extension56,same_receiving_gpu
reach,4,fixed_rank4,5,9.89764134202499e-07,9.035269048537987e-08,6.524684044400283e-07,5.956194386186789e-08,123.85737185325468,123.85737327678186,1.4235271805773664e-06,0.017230838537216187,0.017091214656829834,-0.00013962388038635254,0.0023466944694519043,0.0011711716651916504,-0.001175522804260254,,,,,extension56,same_receiving_gpu
reach,4,fixed_rank4,6,1.0742829110582343e-06,9.806816392148517e-08,7.93408126352676e-07,7.242792135187827e-08,114.66174464333946,114.66174558034005,9.37000592671211e-07,0.001679837703704834,0.0023585855960845947,0.0006787478923797607,0.0022056400775909424,0.00196915864944458,-0.0002364814281463623,,,,,extension56,same_receiving_gpu
reach,4,fixed_rank4,7,1.798546238714334e-06,1.6418405760998536e-07,9.011815258388856e-07,8.226624168481373e-08,106.26001648380603,106.26001734547279,8.616667628302821e-07,0.002416253089904785,0.0019195079803466797,-0.0004967451095581055,0.0004519820213317871,0.0007025599479675293,0.0002505779266357422,,,,,extension56,same_receiving_gpu
reach,4,fixed_rank4,8,2.609205905645903e-06,2.3818682194965954e-07,1.0555924112388447e-06,9.636196252779753e-08,101.95689199163098,101.95689162087004,-3.707609437242354e-07,0.0035101473331451416,0.0035815834999084473,7.143616676330566e-05,0.0012150704860687256,0.0018037259578704834,0.0005886554718017578,,,,,extension56,same_receiving_gpu
reach,4,fixed_rank4,9,3.1233689247715093e-06,2.851232692513353e-07,1.1613827760980023e-06,1.0601925739447458e-07,86.11687624249606,86.11687645281029,2.1031422647865838e-07,0.00225067138671875,0.001599341630935669,-0.0006513297557830811,0.00027629733085632324,0.0001093447208404541,-0.00016695261001586914,,,,,extension56,same_receiving_gpu
reach,4,fixed_rank4,10,3.4120985035278274e-06,3.1148055313530195e-07,1.0957230747855282e-06,1.0002537413982565e-07,70.9543867125073,70.9543890622345,2.3497271968153655e-06,0.0009967684745788574,0.0008373856544494629,-0.00015938282012939453,0.0004042685031890869,0.0004388093948364258,3.454089164733887e-05,,,,,extension56,same_receiving_gpu
reach,4,fixed_rank4,11,3.3360865113303107e-06,3.0454163934072087e-07,1.0606288133467995e-06,9.682172103499641e-08,54.64438687114487,54.64438781094917,9.398043019359648e-07,0.0010018646717071533,0.001029878854751587,2.8014183044433594e-05,0.0006999075412750244,0.0006918907165527344,-8.016824722290039e-06,,,,,extension56,same_receiving_gpu
reach,4,fixed_rank4,12,3.569065789420326e-06,3.2580964034758256e-07,1.045793560414862e-06,9.546745392214361e-08,46.301122519444505,46.301122241878836,-2.77565668227453e-07,0.0010460913181304932,0.0007834136486053467,-0.0002626776695251465,0.00011345744132995605,0.00018224120140075684,6.878376007080078e-05,,,,,extension56,same_receiving_gpu
reach,4,fixed_rank4,13,0.781166355815222,0.07131040570735066,0.5047641559092272,0.046078452401923056,31.663955017964167,33.603896336193,1.9399413182288363,0.0005132555961608887,0.000634610652923584,0.00012135505676269531,4.2825937271118164e-05,0.000317990779876709,0.0002751648426055908,,,,,extension56,same_receiving_gpu
reach,4,fixed_rank4,14,1.705153345533955,0.15565849189239134,1.3511342798147932,0.12334112054550987,12.707103375402115,15.738518919722543,3.031415544320428,0.00047132372856140137,0.0010975301265716553,0.0006262063980102539,0.00011816620826721191,0.00013932585716247559,2.1159648895263672e-05,,,,,extension56,same_receiving_gpu
reach,4,matched_random_fixed_rank4,0,0.0,0.0,0.0,0.0,170.27262398456074,170.27262398456074,0.0,0.07408356666564941,0.07396936416625977,-0.00011420249938964844,0.0011756420135498047,0.00045478343963623047,-0.0007208585739135742,True,9.0,0.0005514693260192872,0.0006526428225343306,extension56,same_receiving_gpu
reach,4,matched_random_fixed_rank4,1,1.48708542658331,0.1357517055128119,1.1548793991497979,0.10542558301872614,166.22942115853658,165.35859819378305,-0.870822964753529,0.1731811761856079,0.15838420391082764,-0.014796972274780273,0.007417201995849609,0.001613616943359375,-0.005803585052490234,,,,,extension56,same_receiving_gpu
reach,4,matched_random_fixed_rank4,2,2.7506174877446874,0.25109587418432583,1.8813681858042413,0.17174463238959228,159.08938928906565,155.08010593461736,-4.009283354448286,0.013236165046691895,0.01637446880340576,0.003138303756713867,0.0015006065368652344,0.002467513084411621,0.0009669065475463867,,,,,extension56,same_receiving_gpu
reach,4,matched_random_fixed_rank4,3,3.8810254218731424,0.35428752830182064,2.361082665062078,0.21553637263148584,147.89598973740175,141.6098798602028,-6.286109877198953,0.007713019847869873,0.006254255771636963,-0.0014587640762329102,0.002034425735473633,0.001906752586364746,-0.00012767314910888672,,,,,extension56,same_receiving_gpu
reach,4,matched_random_fixed_rank4,4,5.711050488332818,0.5213451965851297,3.3564427815920608,0.30639990407555956,138.92987606184852,128.86323801268372,-10.066638049164794,0.039703965187072754,0.05176013708114624,0.012056171894073486,0.0114554762840271,0.013525784015655518,0.002070307731628418,,,,,extension56,same_receiving_gpu
reach,4,matched_random_fixed_rank4,5,5.832308290970009,0.5324144688814464,3.7335583908252805,0.3408256917362825,123.85737185325468,116.10534022131982,-7.752031631934855,0.017230838537216187,0.0060572028160095215,-0.011173635721206665,0.0023466944694519043,0.01607614755630493,0.013729453086853027,,,,,extension56,same_receiving_gpu
reach,4,matched_random_fixed_rank4,6,6.278047109103246,0.5731046697893243,3.5576263693947183,0.32476536894878233,114.66174464333946,109.15292331235537,-5.508821330984091,0.001679837703704834,0.00278627872467041,0.0011064410209655762,0.0022056400775909424,0.00022834539413452148,-0.001977294683456421,,,,,extension56,same_receiving_gpu
reach,4,matched_random_fixed_rank4,7,7.201706612908324,0.6574228607373357,4.158425829638988,0.37961060510090144,106.26001648380603,97.23934185982604,-9.020674623979986,0.002416253089904785,0.01582157611846924,0.013405323028564453,0.0004519820213317871,0.001038670539855957,0.0005866885185241699,,,,,extension56,same_receiving_gpu
reach,4,matched_random_fixed_rank4,8,8.768355389024956,0.8004376731318258,4.295231326236033,0.39209918118038445,101.95689199163098,90.59527596721057,-11.361616024420414,0.0035101473331451416,0.007232844829559326,0.0037226974964141846,0.0012150704860687256,0.0008343160152435303,-0.0003807544708251953,,,,,extension56,same_receiving_gpu
reach,4,matched_random_fixed_rank4,9,9.870270468028693,0.9010282973360648,4.228708620651054,0.3860265167745231,86.11687624249606,79.91630085655808,-6.200575385937981,0.00225067138671875,0.0016280412673950195,-0.0006226301193237305,0.00027629733085632324,0.0007990896701812744,0.0005227923393249512,,,,,extension56,same_receiving_gpu
reach,4,matched_random_fixed_rank4,10,10.513427412855108,0.9597402251189869,4.554701521202578,0.41578546097762437,70.9543867125073,72.00962642980511,1.055239717297809,0.0009967684745788574,0.0011552870273590088,0.00015851855278015137,0.0004042685031890869,0.0005061328411102295,0.00010186433792114258,,,,,extension56,same_receiving_gpu
reach,4,matched_random_fixed_rank4,11,12.473327007119623,1.1386537614896366,4.3320126104453704,0.3954568376896282,54.64438687114487,63.567993193460154,8.923606322315287,0.0010018646717071533,0.005452960729598999,0.004451096057891846,0.0006999075412750244,0.0017569661140441895,0.001057058572769165,,,,,extension56,same_receiving_gpu
reach,4,matched_random_fixed_rank4,12,14.320654768479875,1.307290942490058,4.193367154633737,0.3828002970823587,46.301122519444505,53.77582855114011,7.474706031695604,0.0010460913181304932,0.005469650030136108,0.004423558712005615,0.00011345744132995605,2.300739288330078e-05,-9.045004844665527e-05,,,,,extension56,same_receiving_gpu
reach,4,matched_random_fixed_rank4,13,15.208498108213949,1.388339579940571,4.2197764436182785,0.38521112429977633,31.663955017964167,36.62791851638466,4.963963498420494,0.0005132555961608887,0.001909404993057251,0.0013961493968963623,4.2825937271118164e-05,2.5331974029541016e-06,-4.029273986816406e-05,,,,,extension56,same_receiving_gpu
reach,4,matched_random_fixed_rank4,14,15.820123895752609,1.4441731200383685,4.033997088075405,0.3682518670081756,12.707103375402115,22.581423148350336,9.87431977294822,0.00047132372856140137,0.0018092691898345947,0.0013379454612731934,0.00011816620826721191,4.073977470397949e-05,-7.742643356323242e-05,,,,,extension56,same_receiving_gpu
reach,5,fixed_rank4,0,0.0,0.0,0.0,0.0,170.27262398456074,170.27262398456074,0.0,0.045953989028930664,0.045648932456970215,-0.0003050565719604492,0.017545700073242188,0.017241477966308594,-0.00030422210693359375,True,10.0,0.0005422373612721761,0.0006382953299314761,extension56,same_receiving_gpu
reach,5,fixed_rank4,1,0.0,0.0,0.0,0.0,167.51646107673335,167.51646107673335,0.0,0.03142118453979492,0.03168344497680664,0.00026226043701171875,0.026633858680725098,0.025147438049316406,-0.0014864206314086914,,,,,extension56,same_receiving_gpu
reach,5,fixed_rank4,2,0.0,0.0,0.0,0.0,163.3146868476236,163.3146868476236,0.0,0.011502981185913086,0.013608336448669434,0.0021053552627563477,0.013704299926757812,0.015439748764038086,0.0017354488372802734,,,,,extension56,same_receiving_gpu
reach,5,fixed_rank4,3,0.0,0.0,0.0,0.0,156.43001746898847,156.43001746898847,0.0,0.08197164535522461,0.0821276307106018,0.00015598535537719727,0.0033074617385864258,0.004179477691650391,0.0008720159530639648,,,,,extension56,same_receiving_gpu
reach,5,fixed_rank4,4,0.0,0.0,0.0,0.0,142.2855947646787,142.2855947646787,0.0,0.0043621063232421875,0.003688037395477295,-0.0006740689277648926,0.004284322261810303,0.0036681294441223145,-0.0006161928176879883,,,,,extension56,same_receiving_gpu
reach,5,fixed_rank4,5,0.0,0.0,0.0,0.0,132.70679980932346,132.70679980932346,0.0,0.001394033432006836,0.001433730125427246,3.9696693420410156e-05,0.004228413105010986,0.003517746925354004,-0.0007106661796569824,,,,,extension56,same_receiving_gpu
reach,5,fixed_rank4,6,0.0,0.0,0.0,0.0,127.04484011354847,127.04484011354847,0.0,0.0006911754608154297,0.00025200843811035156,-0.0004391670227050781,0.004041731357574463,0.005027592182159424,0.000985860824584961,,,,,extension56,same_receiving_gpu
reach,5,fixed_rank4,7,9.784473373268896e-07,8.931961299746734e-08,6.539555864778665e-07,5.969770438674132e-08,119.7531894305059,119.7531892497756,-1.807302965062263e-07,0.006767451763153076,0.0061948299407958984,-0.0005726218223571777,0.0010835528373718262,0.0010352730751037598,-4.8279762268066406e-05,,,,,extension56,same_receiving_gpu
reach,5,fixed_rank4,8,1.2474049873138957e-06,1.1387197498271104e-07,1.0689441224611375e-06,9.758080143075494e-08,108.02310410988598,108.02310406092118,-4.896479310900759e-08,0.004255890846252441,0.004168093204498291,-8.779764175415039e-05,0.004058837890625,0.004183351993560791,0.00012451410293579102,,,,,extension56,same_receiving_gpu
reach,5,fixed_rank4,9,1.7798663590992525e-06,1.6247882570387518e-07,1.0965523456818082e-06,1.0010107586918816e-07,102.44665929974988,102.44665831352992,-9.862199590315868e-07,0.0015519261360168457,0.0011100172996520996,-0.0004419088363647461,0.00044268369674682617,0.0005043745040893555,6.16908073425293e-05,,,,,extension56,same_receiving_gpu
reach,5,fixed_rank4,10,2.1511672619627037e-06,1.9637380572393292e-07,1.2736843256357073e-06,1.1627093938190541e-07,84.26870160189839,84.2687014770471,-1.2485128308981075e-07,0.008591055870056152,0.008896291255950928,0.0003052353858947754,0.0017426609992980957,0.0020797252655029297,0.000337064266204834,,,,,extension56,same_receiving_gpu
reach,5,fixed_rank4,11,1.915194169410611e-06,1.748325080980937e-07,1.4991458723341474e-06,1.3685266854469542e-07,68.72505287097246,68.72505285684102,-1.4131444459053455e-08,0.0003394484519958496,8.636713027954102e-05,-0.0002530813217163086,0.0020061731338500977,0.001965761184692383,-4.0411949157714844e-05,,,,,extension56,same_receiving_gpu
reach,5,fixed_rank4,12,2.2791227402914744e-06,2.0805448936343814e-07,1.2875338391696198e-06,1.1753522121073823e-07,52.19273872230673,52.19273892274192,2.0043518844659047e-07,0.002222597599029541,0.002111375331878662,-0.0001112222671508789,4.935264587402344e-05,4.410743713378906e-05,-5.245208740234375e-06,,,,,extension56,same_receiving_gpu
reach,5,fixed_rank4,13,2.5886988406897926e-06,2.363147916055453e-07,1.2104442173787386e-06,1.1049793374333699e-07,34.734581838327074,34.734578127578615,-3.7107484587295403e-06,0.0031346678733825684,0.0029352307319641113,-0.00019943714141845703,1.0728836059570312e-05,1.3113021850585938e-05,2.384185791015625e-06,,,,,extension56,same_receiving_gpu
reach,5,fixed_rank4,14,0.7948270830690617,0.07255745378549294,0.6811404893099338,0.0621793351375262,27.560851408513912,28.047167898575594,0.4863164900616823,0.0004668235778808594,0.00041669607162475586,-5.0127506256103516e-05,0.00035381317138671875,0.0020213723182678223,0.0016675591468811035,,,,,extension56,same_receiving_gpu
reach,5,matched_random_fixed_rank4,0,0.0,0.0,0.0,0.0,170.27262398456074,170.27262398456074,0.0,0.045953989028930664,0.046187520027160645,0.00023353099822998047,0.017545700073242188,0.017418861389160156,-0.00012683868408203125,True,10.0,0.0004269476731618245,0.0005118285837198606,extension56,same_receiving_gpu
reach,5,matched_random_fixed_rank4,1,0.0,0.0,0.0,0.0,167.51646107673335,167.51646107673335,0.0,0.03142118453979492,0.031362175941467285,-5.900859832763672e-05,0.026633858680725098,0.026350975036621094,-0.0002828836441040039,,,,,extension56,same_receiving_gpu
reach,5,matched_random_fixed_rank4,2,0.0,0.0,0.0,0.0,163.3146868476236,163.3146868476236,0.0,0.011502981185913086,0.011689305305480957,0.0001863241195678711,0.013704299926757812,0.014653801918029785,0.0009495019912719727,,,,,extension56,same_receiving_gpu
reach,5,matched_random_fixed_rank4,3,0.0,0.0,0.0,0.0,156.43001746898847,156.43001746898847,0.0,0.08197164535522461,0.08221405744552612,0.00024241209030151367,0.0033074617385864258,0.003596186637878418,0.0002887248992919922,,,,,extension56,same_receiving_gpu
reach,5,matched_random_fixed_rank4,4,0.0,0.0,0.0,0.0,142.2855947646787,142.2855947646787,0.0,0.0043621063232421875,0.004403650760650635,4.1544437408447266e-05,0.004284322261810303,0.004232823848724365,-5.14984130859375e-05,,,,,extension56,same_receiving_gpu
reach,5,matched_random_fixed_rank4,5,0.0,0.0,0.0,0.0,132.70679980932346,132.70679980932346,0.0,0.001394033432006836,0.0011979937553405762,-0.00019603967666625977,0.004228413105010986,0.003998994827270508,-0.00022941827774047852,,,,,extension56,same_receiving_gpu
reach,5,matched_random_fixed_rank4,6,0.0,0.0,0.0,0.0,127.04484011354847,127.04484011354847,0.0,0.0006911754608154297,0.0006420016288757324,-4.9173831939697266e-05,0.004041731357574463,0.004239320755004883,0.00019758939743041992,,,,,extension56,same_receiving_gpu
reach,5,matched_random_fixed_rank4,7,0.0,0.0,0.0,0.0,119.7531894305059,119.7531894305059,0.0,0.006767451763153076,0.006845414638519287,7.796287536621094e-05,0.0010835528373718262,0.0010175704956054688,-6.598234176635742e-05,,,,,extension56,same_receiving_gpu
reach,5,matched_random_fixed_rank4,8,0.0,0.0,0.0,0.0,108.02310410988598,108.02310410988598,0.0,0.004255890846252441,0.0043441057205200195,8.821487426757812e-05,0.004058837890625,0.004193723201751709,0.00013488531112670898,,,,,extension56,same_receiving_gpu
reach,5,matched_random_fixed_rank4,9,0.0,0.0,0.0,0.0,102.44665929974988,102.44665929974988,0.0,0.0015519261360168457,0.0014022588729858398,-0.00014966726303100586,0.00044268369674682617,0.000402987003326416,-3.9696693420410156e-05,,,,,extension56,same_receiving_gpu
reach,5,matched_random_fixed_rank4,10,0.0,0.0,0.0,0.0,84.26870160189839,84.26870160189839,0.0,0.008591055870056152,0.008664250373840332,7.319450378417969e-05,0.0017426609992980957,0.00193101167678833,0.00018835067749023438,,,,,extension56,same_receiving_gpu
reach,5,matched_random_fixed_rank4,11,0.0,0.0,0.0,0.0,68.72505287097246,68.72505287097246,0.0,0.0003394484519958496,0.00037235021591186523,3.2901763916015625e-05,0.0020061731338500977,0.0019406676292419434,-6.55055046081543e-05,,,,,extension56,same_receiving_gpu
reach,5,matched_random_fixed_rank4,12,5.983238373075083e-07,5.4619243731062234e-08,4.3604996359920256e-07,3.980573354376497e-08,52.19273872230673,52.19273850536187,-2.1694485496936977e-07,0.002222597599029541,0.002142190933227539,-8.040666580200195e-05,4.935264587402344e-05,0.00010192394256591797,5.257129669189453e-05,,,,,extension56,same_receiving_gpu
reach,5,matched_random_fixed_rank4,13,9.530920620529284e-07,8.700500362758373e-08,4.2968603537369415e-07,3.9224789036522503e-08,34.734581838327074,34.73458266103995,8.227128773796721e-07,0.0031346678733825684,0.0030504465103149414,-8.422136306762695e-05,1.0728836059570312e-05,3.4570693969726562e-06,-7.271766662597656e-06,,,,,extension56,same_receiving_gpu
reach,5,matched_random_fixed_rank4,14,0.7948269422793977,0.07255744093321378,0.6811404593003582,0.06217933239803928,27.560851408513912,28.047176354224984,0.4863249457110719,0.0004668235778808594,0.00023543834686279297,-0.0002313852310180664,0.00035381317138671875,0.001674652099609375,0.0013208389282226562,,,,,extension56,same_receiving_gpu
reach,6,fixed_rank4,0,0.0,0.0,0.0,0.0,170.27262398456074,170.27262398456074,0.0,0.06014358997344971,0.05972743034362793,-0.00041615962982177734,0.037203192710876465,0.03693056106567383,-0.0002726316452026367,True,10.0,0.0008173819382985433,0.0009102577662763474,extension56,same_receiving_gpu
reach,6,fixed_rank4,1,0.0,0.0,0.0,0.0,164.86298892905006,164.86298892905006,0.0,0.07534337043762207,0.07668381929397583,0.0013404488563537598,0.02913224697113037,0.026850640773773193,-0.0022816061973571777,,,,,extension56,same_receiving_gpu
reach,6,fixed_rank4,2,0.0,0.0,0.0,0.0,157.98209789615316,157.98209789615316,0.0,0.09497925639152527,0.09746655821800232,0.0024873018264770508,0.0066759586334228516,0.00897449254989624,0.0022985339164733887,,,,,extension56,same_receiving_gpu
reach,6,fixed_rank4,3,6.732579783254231e-07,6.145976362485974e-08,5.372690074837192e-07,4.9045725807874154e-08,150.27539709156272,150.2753966017538,-4.898089116522897e-07,1.2516975402832031e-06,6.267428398132324e-05,6.142258644104004e-05,0.0003445744514465332,0.0008518099784851074,0.0005072355270385742,,,,,extension56,same_receiving_gpu
reach,6,fixed_rank4,4,1.5372886628750406,0.1403346130089357,1.1899287390194337,0.1086251353641036,148.82430544011274,149.24462399073332,0.42031855062057843,0.00010728836059570312,0.0007742047309875488,0.0006669163703918457,0.0023037195205688477,0.000167161226272583,-0.0021365582942962646,,,,,extension56,same_receiving_gpu
reach,6,fixed_rank4,5,3.56629902349882,0.32555707032982506,2.508024119809732,0.22895023086447164,130.88186682468768,130.49805090027553,-0.38381592441214707,0.0005777478218078613,0.005849957466125488,0.005272209644317627,0.0008661448955535889,1.1116266250610352e-05,-0.0008550286293029785,,,,,extension56,same_receiving_gpu
reach,6,fixed_rank4,6,4.861271874801734,0.44377137733238986,2.9673335952308397,0.2708792576251391,112.96936540072565,111.77762672499091,-1.1917386757347401,0.0061300694942474365,0.000958174467086792,-0.0051718950271606445,0.002393394708633423,0.0012077093124389648,-0.001185685396194458,,,,,extension56,same_receiving_gpu
reach,6,fixed_rank4,7,5.948236331487874,0.5429972026879476,3.791039020512684,0.34607293131951455,99.63212936810912,91.15205610023129,-8.480073267877827,0.0017198622226715088,0.005778312683105469,0.00405845046043396,0.0020406246185302734,0.002034097909927368,-6.5267086029052734e-06,,,,,extension56,same_receiving_gpu
reach,6,fixed_rank4,8,6.323683902654709,0.5772707200027146,4.9709492272879325,0.45378350399974593,85.6545050596758,81.0991582405701,-4.555346819105694,0.0008895397186279297,0.001907050609588623,0.0010175108909606934,0.0005244910717010498,0.00023499131202697754,-0.00028949975967407227,,,,,extension56,same_receiving_gpu
reach,6,fixed_rank4,9,7.411677471056048,0.67659048997504,4.829846456163718,0.4409026422212092,63.69276840226598,64.83882360864713,1.146055206381149,0.011261135339736938,0.00249326229095459,-0.008767873048782349,1.0013580322265625e-05,0.00019302964210510254,0.00018301606178283691,,,,,extension56,same_receiving_gpu
reach,6,fixed_rank4,10,8.155779271919124,0.7445173802105275,4.181373026001891,0.38170538794747855,38.96883201966432,51.148348043970174,12.179516024305855,0.009964287281036377,0.0027054250240325928,-0.007258862257003784,0.00010722875595092773,0.0009192526340484619,0.0008120238780975342,,,,,extension56,same_receiving_gpu
reach,6,fixed_rank4,11,9.109763216831688,0.8316038012315902,4.272173673654344,0.3899943151066997,24.109044349002467,39.28031485386203,15.171270504859564,0.001017153263092041,0.0043166279792785645,0.0032994747161865234,0.0014355182647705078,4.330277442932129e-05,-0.0013922154903411865,,,,,extension56,same_receiving_gpu
reach,6,fixed_rank4,12,9.983284737713497,0.9113450414737879,3.691789437974278,0.33701272545630523,9.920839689171896,25.945917035784532,16.025077346612637,0.004786282777786255,0.0008738934993743896,-0.003912389278411865,0.0009183585643768311,0.0008712410926818848,-4.711747169494629e-05,,,,,extension56,same_receiving_gpu
reach,6,fixed_rank4,13,10.418070467824569,0.9510353668176523,3.682466298226969,0.33616164313190955,-4.74844484315663,13.709251401152734,18.457696244309364,0.00010663270950317383,0.004372209310531616,0.004265576601028442,0.0004989802837371826,1.3619661331176758e-05,-0.00048536062240600586,,,,,extension56,same_receiving_gpu
reach,6,fixed_rank4,14,10.511027269490247,0.9595211230086236,3.607064683781826,0.3292784489479242,-20.86125015048404,0.8766632065363884,21.737913357020428,0.00010800361633300781,0.0009942948818206787,0.0008862912654876709,0.0008646845817565918,6.633996963500977e-05,-0.000798344612121582,,,,,extension56,same_receiving_gpu
reach,6,matched_random_fixed_rank4,0,0.0,0.0,0.0,0.0,170.27262398456074,170.27262398456074,0.0,0.06014358997344971,0.059313297271728516,-0.0008302927017211914,0.037203192710876465,0.037363648414611816,0.00016045570373535156,True,10.0,0.0005567975838979086,0.0006593259001747897,extension56,same_receiving_gpu
reach,6,matched_random_fixed_rank4,1,0.0,0.0,0.0,0.0,164.86298892905006,164.86298892905006,0.0,0.07534337043762207,0.07597130537033081,0.0006279349327087402,0.02913224697113037,0.028737127780914307,-0.00039511919021606445,,,,,extension56,same_receiving_gpu
reach,6,matched_random_fixed_rank4,2,0.0,0.0,0.0,0.0,157.98209789615316,157.98209789615316,0.0,0.09497925639152527,0.09568414092063904,0.0007048845291137695,0.0066759586334228516,0.007134437561035156,0.0004584789276123047,,,,,extension56,same_receiving_gpu
reach,6,matched_random_fixed_rank4,3,0.0,0.0,0.0,0.0,150.27539709156272,150.27539709156272,0.0,1.2516975402832031e-06,0.0001302659511566162,0.000129014253616333,0.0003445744514465332,0.00014507770538330078,-0.00019949674606323242,,,,,extension56,same_receiving_gpu
reach,6,matched_random_fixed_rank4,4,5.5382301074839e-07,5.0556892642053203e-08,5.446573162823041e-07,4.972018303967396e-08,148.82430544011274,148.8243056741807,2.3406795435221284e-07,0.00010728836059570312,0.00012254714965820312,1.52587890625e-05,0.0023037195205688477,0.002507418394088745,0.00020369887351989746,,,,,extension56,same_receiving_gpu
reach,6,matched_random_fixed_rank4,5,9.510560386328081e-07,8.681914096844895e-08,6.712142008277898e-07,6.127319311853054e-08,130.88186682468768,130.88186717252964,3.478419614566519e-07,0.0005777478218078613,0.00033539533615112305,-0.00024235248565673828,0.0008661448955535889,0.0006678104400634766,-0.0001983344554901123,,,,,extension56,same_receiving_gpu
reach,6,matched_random_fixed_rank4,6,1.1206634231875468e-06,1.0230210604179624e-07,7.8539156634238e-07,7.169611289333945e-08,112.96936540072565,112.96936625583501,8.551093628739181e-07,0.0061300694942474365,0.006016790866851807,-0.00011327862739562988,0.002393394708633423,0.002003580331802368,-0.0003898143768310547,,,,,extension56,same_receiving_gpu
reach,6,matched_random_fixed_rank4,7,1.407141192356322e-06,1.2845382877471225e-07,8.73753319240327e-07,7.976240044048997e-08,99.63212936810912,99.63213102867724,1.660568116790273e-06,0.0017198622226715088,0.002004295587539673,0.00028443336486816406,0.0020406246185302734,0.0017551779747009277,-0.0002854466438293457,,,,,extension56,same_receiving_gpu
reach,6,matched_random_fixed_rank4,8,1.5200901348664781e-06,1.3876460938457336e-07,1.1248402864469514e-06,1.026833997462613e-07,85.6545050596758,85.65450673882377,1.6791479708899715e-06,0.0008895397186279297,0.0010120272636413574,0.00012248754501342773,0.0005244910717010498,0.00025579333305358887,-0.00026869773864746094,,,,,extension56,same_receiving_gpu
reach,6,matched_random_fixed_rank4,9,1.7372718661360611e-06,1.5859049826696933e-07,1.020974239547972e-06,9.320177027201787e-08,63.69276840226598,63.69276973711919,1.3348532093004906e-06,0.011261135339736938,0.010895073413848877,-0.0003660619258880615,1.0013580322265625e-05,1.3530254364013672e-05,3.516674041748047e-06,,,,,extension56,same_receiving_gpu
reach,6,matched_random_fixed_rank4,10,1.0509962649418023,0.09594239369371685,0.9265791377260889,0.08458471584104416,38.96883201966432,42.13574683915114,3.16691481948682,0.009964287281036377,0.010370433330535889,0.0004061460494995117,0.00010722875595092773,8.225440979003906e-06,-9.900331497192383e-05,,,,,extension56,same_receiving_gpu
reach,6,matched_random_fixed_rank4,11,1.6263313536053956,0.1484630613912643,1.2092087773652604,0.11038515401603258,24.109044349002467,25.605584089864394,1.4965397408619268,0.001017153263092041,0.002456068992614746,0.001438915729522705,0.0014355182647705078,0.001389145851135254,-4.6372413635253906e-05,,,,,extension56,same_receiving_gpu
reach,6,matched_random_fixed_rank4,12,1.7892182613125869,0.16333253367017944,1.4137696193813751,0.12905891860844534,9.920839689171896,10.424199929789411,0.5033602406175159,0.004786282777786255,0.0011637508869171143,-0.0036225318908691406,0.0009183585643768311,0.0003307163715362549,-0.0005876421928405762,,,,,extension56,same_receiving_gpu
reach,6,matched_random_fixed_rank4,13,2.0707711950678465,0.18903468249509833,1.4793636447999938,0.13504680650166945,-4.74844484315663,-3.465578227634923,1.2828666155217068,0.00010663270950317383,0.004019677639007568,0.0039130449295043945,0.0004989802837371826,0.0004985630512237549,-4.172325134277344e-07,,,,,extension56,same_receiving_gpu
reach,6,matched_random_fixed_rank4,14,2.266490240076412,0.20690130514252508,1.3003271678785449,0.11870308699731436,-20.86125015048404,-17.169381272392556,3.6918688780914835,0.00010800361633300781,0.0013580918312072754,0.0012500882148742676,0.0008646845817565918,4.813075065612793e-05,-0.0008165538311004639,,,,,extension56,same_receiving_gpu
reach,7,fixed_rank4,0,0.0,0.0,0.0,0.0,170.27262398456074,170.27262398456074,0.0,0.0055882930755615234,0.003838062286376953,-0.0017502307891845703,0.0006873607635498047,0.0007674694061279297,8.0108642578125e-05,True,10.0,-8.244593938191732e-05,0.0003422981917026014,extension56,same_receiving_gpu
reach,7,fixed_rank4,1,0.0,0.0,0.0,0.0,166.33087144206064,166.33087144206064,0.0,0.013833045959472656,0.01462411880493164,0.0007910728454589844,0.003343343734741211,0.0030303001403808594,-0.00031304359436035156,,,,,extension56,same_receiving_gpu
reach,7,fixed_rank4,2,0.0,0.0,0.0,0.0,161.49763142380857,161.49763142380857,0.0,0.046669721603393555,0.04665422439575195,-1.5497207641601562e-05,0.012172579765319824,0.011862397193908691,-0.0003101825714111328,,,,,extension56,same_receiving_gpu
reach,7,fixed_rank4,3,5.511380685633415e-07,5.03117920753285e-08,5.623090941939713e-07,5.133156253005589e-08,152.50237924899488,152.50237879283225,-4.561626383292605e-07,0.04254639148712158,0.04224097728729248,-0.00030541419982910156,0.016172170639038086,0.014928102493286133,-0.0012440681457519531,,,,,extension56,same_receiving_gpu
reach,7,fixed_rank4,4,7.356086596262223e-07,6.715157606223695e-08,5.358205615390897e-07,4.891350138834075e-08,145.14663743243568,145.14663657522118,-8.572145020480093e-07,0.028927087783813477,0.02904069423675537,0.00011360645294189453,0.008120894432067871,0.007697701454162598,-0.00042319297790527344,,,,,extension56,same_receiving_gpu
reach,7,fixed_rank4,5,7.474221965279831e-07,6.822999950307265e-08,6.447228089804631e-07,5.885487096944898e-08,142.46437520247179,142.46437430400033,-8.984714554571838e-07,0.01245129108428955,0.011684179306030273,-0.0007671117782592773,0.000820159912109375,0.0008759498596191406,5.5789947509765625e-05,,,,,extension56,same_receiving_gpu
reach,7,fixed_rank4,6,9.49204132528128e-07,8.665008584379648e-08,7.617102813203369e-07,6.953431722712575e-08,137.13483054052827,137.1348297885179,-7.520103793012822e-07,0.012410998344421387,0.012209653854370117,-0.00020134449005126953,2.4557113647460938e-05,1.4781951904296875e-05,-9.775161743164062e-06,,,,,extension56,same_receiving_gpu
reach,7,fixed_rank4,7,1.7495936327099062,0.15971531651710402,1.4561514560390127,0.1329278332694266,124.75841330868303,123.56677815522491,-1.1916351534581224,0.016488254070281982,0.0038534998893737793,-0.012634754180908203,0.0003845095634460449,0.001212000846862793,0.000827491283416748,,,,,extension56,same_receiving_gpu
reach,7,fixed_rank4,8,2.066770579090769,0.18866947789267158,1.7096008513533418,0.15606449176937695,116.55856627200582,115.8215573021125,-0.7370089698933242,0.0014795660972595215,0.0013148784637451172,-0.0001646876335144043,0.00016301870346069336,0.0003781914710998535,0.00021517276763916016,,,,,extension56,same_receiving_gpu
reach,7,fixed_rank4,9,2.8131901426448254,0.25680794994629114,2.181945767080739,0.19918348598050567,108.30121863874291,108.01857149512256,-0.2826471436203519,0.007443904876708984,0.014684855937957764,0.007240951061248779,0.003575921058654785,0.0011036396026611328,-0.0024722814559936523,,,,,extension56,same_receiving_gpu
reach,7,fixed_rank4,10,3.6898236442941537,0.336833273865971,3.1112339371449704,0.2840155015083184,99.15560684490654,98.10502696675279,-1.050579878153755,0.025473833084106445,0.004319608211517334,-0.02115422487258911,0.00027865171432495117,0.0010419487953186035,0.0007632970809936523,,,,,extension56,same_receiving_gpu
reach,7,fixed_rank4,11,4.570502934334181,0.41722792604639736,4.150362851908216,0.3788745593036005,87.94292290273512,88.27206247053226,0.32913956779714226,0.008970797061920166,0.021676599979400635,0.012705802917480469,0.0007824897766113281,0.00015801191329956055,-0.0006244778633117676,,,,,extension56,same_receiving_gpu
reach,7,fixed_rank4,12,5.8763662471985345,0.5364363916254361,4.559365524570568,0.4162112242864458,81.93778600317623,80.16445862868946,-1.7733273744867688,0.013446509838104248,0.0012674927711486816,-0.012179017066955566,0.0014542341232299805,0.00044232606887817383,-0.0010119080543518066,,,,,extension56,same_receiving_gpu
reach,7,fixed_rank4,13,7.362125610697811,0.6720670446942814,3.8986901211213474,0.3559000873434517,69.02269364211978,69.44974820275905,0.42705456063927727,0.0008469820022583008,0.005759716033935547,0.004912734031677246,0.0002351999282836914,0.00046759843826293945,0.00023239850997924805,,,,,extension56,same_receiving_gpu
reach,7,fixed_rank4,14,8.41878364778634,0.7685262851080342,3.2635638220377765,0.29792125386464424,49.65275206287479,57.19578406138244,7.543031998507651,0.007799863815307617,2.8192996978759766e-05,-0.007771670818328857,0.0031663179397583008,0.00040656328201293945,-0.0027597546577453613,,,,,extension56,same_receiving_gpu
reach,7,matched_random_fixed_rank4,0,0.0,0.0,0.0,0.0,170.27262398456074,170.27262398456074,0.0,0.0055882930755615234,0.003346681594848633,-0.0022416114807128906,0.0006873607635498047,0.0007936954498291016,0.00010633468627929688,True,10.0,0.00020272334416707356,0.00036466423871842773,extension56,same_receiving_gpu
reach,7,matched_random_fixed_rank4,1,0.0,0.0,0.0,0.0,166.33087144206064,166.33087144206064,0.0,0.013833045959472656,0.014101147651672363,0.00026810169219970703,0.003343343734741211,0.0034873485565185547,0.00014400482177734375,,,,,extension56,same_receiving_gpu
reach,7,matched_random_fixed_rank4,2,0.0,0.0,0.0,0.0,161.49763142380857,161.49763142380857,0.0,0.046669721603393555,0.046517252922058105,-0.00015246868133544922,0.012172579765319824,0.012354612350463867,0.00018203258514404297,,,,,extension56,same_receiving_gpu
reach,7,matched_random_fixed_rank4,3,0.0,0.0,0.0,0.0,152.50237924899488,152.50237924899488,0.0,0.04254639148712158,0.042513251304626465,-3.314018249511719e-05,0.016172170639038086,0.015881896018981934,-0.00029027462005615234,,,,,extension56,same_receiving_gpu
reach,7,matched_random_fixed_rank4,4,0.0,0.0,0.0,0.0,145.14663743243568,145.14663743243568,0.0,0.028927087783813477,0.029070734977722168,0.0001436471939086914,0.008120894432067871,0.008100032806396484,-2.086162567138672e-05,,,,,extension56,same_receiving_gpu
reach,7,matched_random_fixed_rank4,5,0.0,0.0,0.0,0.0,142.46437520247179,142.46437520247179,0.0,0.01245129108428955,0.01249849796295166,4.7206878662109375e-05,0.000820159912109375,0.0006923675537109375,-0.0001277923583984375,,,,,extension56,same_receiving_gpu
reach,7,matched_random_fixed_rank4,6,0.0,0.0,0.0,0.0,137.13483054052827,137.13483054052827,0.0,0.012410998344421387,0.012367606163024902,-4.3392181396484375e-05,2.4557113647460938e-05,7.975101470947266e-05,5.519390106201172e-05,,,,,extension56,same_receiving_gpu
reach,7,matched_random_fixed_rank4,7,0.0,0.0,0.0,0.0,124.75841330868305,124.75841330868305,0.0,0.016488254070281982,0.016371726989746094,-0.00011652708053588867,0.0003845095634460449,0.00020301342010498047,-0.00018149614334106445,,,,,extension56,same_receiving_gpu
reach,7,matched_random_fixed_rank4,8,0.0,0.0,0.0,0.0,116.55856627200582,116.55856627200582,0.0,0.0014795660972595215,0.0014179348945617676,-6.16312026977539e-05,0.00016301870346069336,0.0004203319549560547,0.00025731325149536133,,,,,extension56,same_receiving_gpu
reach,7,matched_random_fixed_rank4,9,0.0,0.0,0.0,0.0,108.30121863874291,108.30121863874291,0.0,0.007443904876708984,0.007652938365936279,0.00020903348922729492,0.003575921058654785,0.00374525785446167,0.00016933679580688477,,,,,extension56,same_receiving_gpu
reach,7,matched_random_fixed_rank4,10,0.0,0.0,0.0,0.0,99.15560684490654,99.15560684490654,0.0,0.025473833084106445,0.02561718225479126,0.00014334917068481445,0.00027865171432495117,0.00022214651107788086,-5.650520324707031e-05,,,,,extension56,same_receiving_gpu
reach,7,matched_random_fixed_rank4,11,0.0,0.0,0.0,0.0,87.94292290273512,87.94292290273512,0.0,0.008970797061920166,0.009003877639770508,3.30805778503418e-05,0.0007824897766113281,0.0007942914962768555,1.1801719665527344e-05,,,,,extension56,same_receiving_gpu
reach,7,matched_random_fixed_rank4,12,0.0,0.0,0.0,0.0,81.93778600317623,81.93778600317623,0.0,0.013446509838104248,0.013235032558441162,-0.00021147727966308594,0.0014542341232299805,0.0016984939575195312,0.0002442598342895508,,,,,extension56,same_receiving_gpu
reach,7,matched_random_fixed_rank4,13,0.0,0.0,0.0,0.0,69.02269364211979,69.02269364211979,0.0,0.0008469820022583008,0.0006792545318603516,-0.00016772747039794922,0.0002351999282836914,0.0005187392234802246,0.0002835392951965332,,,,,extension56,same_receiving_gpu
reach,7,matched_random_fixed_rank4,14,9.334379996404554e-07,8.521084140592942e-08,3.1987642849546757e-07,2.920058925019265e-08,49.65275206287478,49.65275251095609,4.4808130894580245e-07,0.007799863815307617,0.007968485355377197,0.00016862154006958008,0.0031663179397583008,0.0035637617111206055,0.0003974437713623047,,,,,extension56,same_receiving_gpu
reach,8,fixed_rank4,0,0.0,0.0,0.0,0.0,170.27262398456074,170.27262398456074,0.0,0.01541447639465332,0.015754222869873047,0.00033974647521972656,0.011309385299682617,0.011299967765808105,-9.417533874511719e-06,True,10.0,0.0006426580746968588,0.0007128957903238007,extension56,same_receiving_gpu
reach,8,fixed_rank4,1,0.0,0.0,0.0,0.0,162.20123351527357,162.20123351527357,0.0,0.018291711807250977,0.01679539680480957,-0.0014963150024414062,0.008862614631652832,0.008909821510314941,4.7206878662109375e-05,,,,,extension56,same_receiving_gpu
reach,8,fixed_rank4,2,0.0,0.0,0.0,0.0,152.47382440005208,152.47382440005208,0.0,0.0009191036224365234,0.0012794733047485352,0.0003603696823120117,0.004530668258666992,0.004922151565551758,0.0003914833068847656,,,,,extension56,same_receiving_gpu
reach,8,fixed_rank4,3,0.0,0.0,0.0,0.0,148.40645447807054,148.40645447807054,0.0,0.10904401540756226,0.10917389392852783,0.00012987852096557617,0.005182504653930664,0.004925727844238281,-0.0002567768096923828,,,,,extension56,same_receiving_gpu
reach,8,fixed_rank4,4,0.0,0.0,0.0,0.0,142.35272447114212,142.35272447114212,0.0,0.0006126761436462402,0.0013361573219299316,0.0007234811782836914,0.009072542190551758,0.00832509994506836,-0.0007474422454833984,,,,,extension56,same_receiving_gpu
reach,8,fixed_rank4,5,8.039687639483267e-07,7.339197125734077e-08,5.904320703792259e-07,5.389882727019664e-08,137.49806985147245,137.49806980993714,-4.1535315631335834e-08,0.012355804443359375,0.013467848300933838,0.0011120438575744629,0.0009943246841430664,0.0020206570625305176,0.0010263323783874512,,,,,extension56,same_receiving_gpu
reach,8,fixed_rank4,6,1.2633911643520116e-06,1.1533130661138558e-07,8.463544738985853e-07,7.726123949994541e-08,125.98827236376965,125.98827277560699,4.118373340133985e-07,0.02146005630493164,0.02085942029953003,-0.0006006360054016113,0.0006264448165893555,0.00034481287002563477,-0.0002816319465637207,,,,,extension56,same_receiving_gpu
reach,8,fixed_rank4,7,1.427303281845669,0.13029436731133778,1.3278074202088348,0.12121167934518663,117.87212249675919,116.30647796960744,-1.565644527151747,0.0014354884624481201,0.003147989511489868,0.001712501049041748,0.0020322203636169434,0.0023115873336791992,0.00027936697006225586,,,,,extension56,same_receiving_gpu
reach,8,fixed_rank4,8,2.911830504321394,0.2658125418080786,2.2352684916977656,0.2040511624972359,114.8166824254407,112.37272358398155,-2.4439588414591498,0.00176200270652771,0.0022707581520080566,0.0005087554454803467,0.0016906261444091797,0.00034949183464050293,-0.0013411343097686768,,,,,extension56,same_receiving_gpu
reach,8,fixed_rank4,9,3.2328001903220898,0.2951129313577338,3.3503301235735585,0.30584189729505146,106.37699762788478,103.30850183185622,-3.0684957960285573,0.006898850202560425,0.003914773464202881,-0.002984076738357544,0.0018974542617797852,0.000966876745223999,-0.0009305775165557861,,,,,extension56,same_receiving_gpu
reach,8,fixed_rank4,10,4.156034006914684,0.37939226255762565,4.109831953441236,0.3751746114092145,86.24815080319166,97.46453287208251,11.216382068890852,0.003167957067489624,0.0032547414302825928,8.678436279296875e-05,6.589293479919434e-05,0.0002015531063079834,0.00013566017150878906,,,,,extension56,same_receiving_gpu
reach,8,fixed_rank4,11,5.073971121980552,0.4631880732730908,4.387201231442297,0.4004948464625648,74.47269954267165,80.65259693986246,6.179897397190814,0.003940969705581665,0.0040544867515563965,0.00011351704597473145,0.0010738074779510498,0.00014165043830871582,-0.000932157039642334,,,,,extension56,same_receiving_gpu
reach,8,fixed_rank4,12,5.408731052470495,0.4937473341527914,3.8039897434024037,0.3472551651632976,59.29383980334254,67.87565819916324,8.581818395820697,0.006972759962081909,0.0023509562015533447,-0.0046218037605285645,0.0007499754428863525,5.1409006118774414e-05,-0.0006985664367675781,,,,,extension56,same_receiving_gpu
reach,8,fixed_rank4,13,5.557760564560675,0.5073518050704214,4.205198102665037,0.3838803099345943,47.757295659776176,56.212989422096264,8.455693762320088,0.0005522966384887695,0.001735091209411621,0.0011827945709228516,0.00040981173515319824,3.8951635360717773e-05,-0.00037086009979248047,,,,,extension56,same_receiving_gpu
reach,8,fixed_rank4,14,6.780890274427554,0.619007760545228,3.86953414862479,0.3532385233730576,30.087830610017534,42.00693380002161,11.91910319000408,0.0006104707717895508,0.0005465447902679443,-6.392598152160645e-05,0.0005454719066619873,0.0005756914615631104,3.0219554901123047e-05,,,,,extension56,same_receiving_gpu
reach,8,matched_random_fixed_rank4,0,0.0,0.0,0.0,0.0,170.27262398456074,170.27262398456074,0.0,0.01541447639465332,0.015770912170410156,0.00035643577575683594,0.011309385299682617,0.011469721794128418,0.00016033649444580078,True,10.0,0.0005100953578948974,0.0006075672585708959,extension56,same_receiving_gpu
reach,8,matched_random_fixed_rank4,1,0.0,0.0,0.0,0.0,162.20123351527357,162.20123351527357,0.0,0.018291711807250977,0.017364144325256348,-0.0009275674819946289,0.008862614631652832,0.00879967212677002,-6.29425048828125e-05,,,,,extension56,same_receiving_gpu
reach,8,matched_random_fixed_rank4,2,0.0,0.0,0.0,0.0,152.47382440005208,152.47382440005208,0.0,0.0009191036224365234,0.0011118650436401367,0.00019276142120361328,0.004530668258666992,0.004887700080871582,0.00035703182220458984,,,,,extension56,same_receiving_gpu
reach,8,matched_random_fixed_rank4,3,0.0,0.0,0.0,0.0,148.40645447807054,148.40645447807054,0.0,0.10904401540756226,0.10903286933898926,-1.1146068572998047e-05,0.005182504653930664,0.0054207444190979,0.00023823976516723633,,,,,extension56,same_receiving_gpu
reach,8,matched_random_fixed_rank4,4,0.0,0.0,0.0,0.0,142.35272447114212,142.35272447114212,0.0,0.0006126761436462402,0.0005025863647460938,-0.00011008977890014648,0.009072542190551758,0.009051501750946045,-2.104043960571289e-05,,,,,extension56,same_receiving_gpu
reach,8,matched_random_fixed_rank4,5,0.0,0.0,0.0,0.0,137.49806985147245,137.49806985147245,0.0,0.012355804443359375,0.01256418228149414,0.00020837783813476562,0.0009943246841430664,0.001318216323852539,0.00032389163970947266,,,,,extension56,same_receiving_gpu
reach,8,matched_random_fixed_rank4,6,5.735737422267947e-07,5.235987950171148e-08,5.939940043686256e-07,5.4223985869253065e-08,125.98827236376965,125.98827239896146,3.519180324929039e-08,0.02146005630493164,0.021442830562591553,-1.722574234008789e-05,0.0006264448165893555,0.0006374716758728027,1.1026859283447266e-05,,,,,extension56,same_receiving_gpu
reach,8,matched_random_fixed_rank4,7,9.081326377320296e-07,8.29007884820833e-08,8.195638656616211e-07,7.481560275650058e-08,117.87212249675919,117.87212272338675,2.266275629381198e-07,0.0014354884624481201,0.0012954771518707275,-0.00014001131057739258,0.0020322203636169434,0.0020102858543395996,-2.193450927734375e-05,,,,,extension56,same_receiving_gpu
reach,8,matched_random_fixed_rank4,8,9.59312235674107e-07,8.757282519490343e-08,1.0008212691668858e-06,9.13620641922755e-08,114.8166824254407,114.8166826644559,2.390151934150708e-07,0.00176200270652771,0.0016049444675445557,-0.0001570582389831543,0.0016906261444091797,0.001677781343460083,-1.284480094909668e-05,,,,,extension56,same_receiving_gpu
reach,8,matched_random_fixed_rank4,9,1.2739675844918868e-06,1.1629679725942918e-07,1.0021515594339594e-06,9.148350252349312e-08,106.37699762788478,106.37699691413066,-7.137541189194962e-07,0.006898850202560425,0.007073074579238892,0.0001742243766784668,0.0018974542617797852,0.0019080936908721924,1.0639429092407227e-05,,,,,extension56,same_receiving_gpu
reach,8,matched_random_fixed_rank4,10,1.6665709761340985e-06,1.5213641955200827e-07,9.426088725486901e-07,8.604802373323829e-08,86.24815080319166,86.2481494082287,-1.3949629646958783e-06,0.003167957067489624,0.0031279921531677246,-3.9964914321899414e-05,6.589293479919434e-05,8.982419967651367e-05,2.3931264877319336e-05,,,,,extension56,same_receiving_gpu
reach,8,matched_random_fixed_rank4,11,1.1861785680363315,0.10828279315711253,0.8983983848684601,0.08201217683644392,74.47269954267165,73.69338609778055,-0.7793134448911019,0.003940969705581665,0.006119906902313232,0.0021789371967315674,0.0010738074779510498,0.00025138258934020996,-0.0008224248886108398,,,,,extension56,same_receiving_gpu
reach,8,matched_random_fixed_rank4,12,2.0071285829681322,0.18322493345083754,1.5395521399855499,0.14054123925423948,59.29383980334254,56.17413983494817,-3.1196999683943716,0.006972759962081909,0.0008602738380432129,-0.006112486124038696,0.0007499754428863525,0.0008714497089385986,0.0001214742660522461,,,,,extension56,same_receiving_gpu
reach,8,matched_random_fixed_rank4,13,2.6316455346150276,0.24023527044439885,2.226223846525153,0.20322550313295754,47.757295659776176,42.88118408288133,-4.876111576894843,0.0005522966384887695,0.0003114640712738037,-0.00024083256721496582,0.00040981173515319824,0.0002180933952331543,-0.00019171833992004395,,,,,extension56,same_receiving_gpu
reach,8,matched_random_fixed_rank4,14,3.7225791768787713,0.3398234312125861,2.382564087554497,0.2174973492425519,30.087830610017534,25.133101023785734,-4.9547295862317995,0.0006104707717895508,0.0011450648307800293,0.0005345940589904785,0.0005454719066619873,0.0005921423435211182,4.667043685913086e-05,,,,,extension56,same_receiving_gpu
reach,9,fixed_rank4,0,0.0,0.0,0.0,0.0,170.27262398456074,170.27262398456074,0.0,0.04161715507507324,0.042130231857299805,0.0005130767822265625,0.0008411407470703125,0.0007531642913818359,-8.797645568847656e-05,True,10.0,-0.00026636123657226564,0.00039179549332360496,extension56,same_receiving_gpu
reach,9,fixed_rank4,1,2.7035370080669704e-07,2.467980340613843e-08,5.057621821307283e-07,4.6169559314339364e-08,165.62198496246165,165.621984717545,-2.449166629503452e-07,0.05719411373138428,0.057965993881225586,0.0007718801498413086,0.00523686408996582,0.005103588104248047,-0.00013327598571777344,,,,,extension56,same_receiving_gpu
reach,9,fixed_rank4,2,5.090529878169127e-07,4.64699673987876e-08,6.828569911354541e-07,6.233602959916559e-08,158.74330014431595,158.74329962760507,-5.167108838577406e-07,0.018572688102722168,0.017095208168029785,-0.0014774799346923828,0.00011682510375976562,0.00028192996978759766,0.00016510486602783203,,,,,extension56,same_receiving_gpu
reach,9,fixed_rank4,3,6.845507600050045e-07,6.249064883534104e-08,8.940696716308594e-07,8.161702118890973e-08,149.39730394432263,149.39730311858,-8.257426316049532e-07,0.03391921520233154,0.032906174659729004,-0.001013040542602539,0.00635528564453125,0.005588650703430176,-0.0007666349411010742,,,,,extension56,same_receiving_gpu
reach,9,fixed_rank4,4,1.039885360409306e-06,9.492811151926109e-08,1.2901342405029155e-06,1.1777260428887366e-07,148.24367532107917,148.2436743678848,-9.531943589990988e-07,0.001150965690612793,0.0011289119720458984,-2.205371856689453e-05,0.004824042320251465,0.004679560661315918,-0.00014448165893554688,,,,,extension56,same_receiving_gpu
reach,9,fixed_rank4,5,1.5332749098297045e-06,1.3996820916173813e-07,1.281239932335375e-06,1.1696066875274627e-07,141.06087734206332,141.0608754457191,-1.8963442300901079e-06,0.010059952735900879,0.009354233741760254,-0.000705718994140625,0.0012695789337158203,0.002054452896118164,0.0007848739624023438,,,,,extension56,same_receiving_gpu
reach,9,fixed_rank4,6,1.9783918328485174e-06,1.8060163907252053e-07,1.517871806412559e-06,1.3856210462887887e-07,134.95570859552004,134.9557077733569,-8.221631446758693e-07,0.020813345909118652,0.02186638116836548,0.0010530352592468262,0.0005218982696533203,0.0007297992706298828,0.0002079010009765625,,,,,extension56,same_receiving_gpu
reach,9,fixed_rank4,7,2.5659436130275794e-06,2.3423753302358535e-07,1.4660804124175124e-06,1.3383421883292477e-07,130.84678010787815,130.84677927089538,-8.369827639853611e-07,0.012329816818237305,0.0117872953414917,-0.0005425214767456055,0.0010989904403686523,0.00014382600784301758,-0.0009551644325256348,,,,,extension56,same_receiving_gpu
reach,9,fixed_rank4,8,1.7209551515919637,0.15710099283027354,1.0577492091891931,0.0965588503426953,123.24188290418294,123.12009535087897,-0.1217875533039745,0.0023952722549438477,0.0030937790870666504,0.0006985068321228027,0.0007717013359069824,0.003755807876586914,0.0029841065406799316,,,,,extension56,same_receiving_gpu
reach,9,fixed_rank4,9,1.994428567348577,0.18206558594492117,1.392991906927936,0.12716218164109458,111.32885480471231,112.51555465787398,1.1866998531616701,0.0024256110191345215,0.001628279685974121,-0.0007973313331604004,0.0003281235694885254,0.0008109211921691895,0.00048279762268066406,,,,,extension56,same_receiving_gpu
reach,9,fixed_rank4,10,2.485445283428694,0.22688907452978618,2.041321571986737,0.18634631201650692,91.62170713103333,94.30907807494191,2.687370943908576,0.0051746368408203125,0.0032570958137512207,-0.0019175410270690918,0.0003535747528076172,0.0002276897430419922,-0.000125885009765625,,,,,extension56,same_receiving_gpu
reach,9,fixed_rank4,11,3.423000479239307,0.31247576280506045,2.468224488096593,0.2253170381861909,83.21797552116152,83.65326968930454,0.4352941681430167,0.0031341910362243652,0.001364588737487793,-0.0017696022987365723,4.351139068603516e-06,8.463859558105469e-06,4.112720489501953e-06,,,,,extension56,same_receiving_gpu
reach,9,fixed_rank4,12,5.227713508055457,0.4772227687560731,3.071302353188863,0.28037026329337317,74.4099782901094,64.61338648861575,-9.796591801493648,0.0007398128509521484,0.0016626715660095215,0.000922858715057373,0.00040990114212036133,7.474422454833984e-05,-0.0003351569175720215,,,,,extension56,same_receiving_gpu
reach,9,fixed_rank4,13,6.238211513687014,0.5694681940891375,3.726930428933616,0.3402206443632243,64.29501240683376,50.298201891064124,-13.996810515769639,0.0002512931823730469,0.0023435354232788086,0.0020922422409057617,0.00014859437942504883,0.0001220703125,-2.6524066925048828e-05,,,,,extension56,same_receiving_gpu
reach,9,fixed_rank4,14,6.325989395066847,0.5774811817027619,3.411098116978731,0.31138923075544117,48.51186812946669,30.291575674019494,-18.220292455447197,3.2961368560791016e-05,0.0017113089561462402,0.0016783475875854492,0.00014770030975341797,0.0002759099006652832,0.00012820959091186523,,,,,extension56,same_receiving_gpu
reach,9,matched_random_fixed_rank4,0,0.0,0.0,0.0,0.0,170.27262398456074,170.27262398456074,0.0,0.04161715507507324,0.041852712631225586,0.00023555755615234375,0.0008411407470703125,0.0009243488311767578,8.320808410644531e-05,True,10.0,3.303368886311849e-05,0.00019302430693866885,extension56,same_receiving_gpu
reach,9,matched_random_fixed_rank4,1,0.0,0.0,0.0,0.0,165.62198496246165,165.62198496246165,0.0,0.05719411373138428,0.05670607089996338,-0.00048804283142089844,0.00523686408996582,0.004879951477050781,-0.00035691261291503906,,,,,extension56,same_receiving_gpu
reach,9,matched_random_fixed_rank4,2,0.0,0.0,0.0,0.0,158.74330014431595,158.74330014431595,0.0,0.018572688102722168,0.01774775981903076,-0.0008249282836914062,0.00011682510375976562,0.00047707557678222656,0.00036025047302246094,,,,,extension56,same_receiving_gpu
reach,9,matched_random_fixed_rank4,3,0.0,0.0,0.0,0.0,149.39730394432263,149.39730394432263,0.0,0.03391921520233154,0.033556342124938965,-0.0003628730773925781,0.00635528564453125,0.005872011184692383,-0.0004832744598388672,,,,,extension56,same_receiving_gpu
reach,9,matched_random_fixed_rank4,4,5.078475612121356e-07,4.635992750831205e-08,5.685920723777685e-07,5.1905117343318985e-08,148.24367532107917,148.24367533698268,1.5903509620329714e-08,0.001150965690612793,0.001084446907043457,-6.651878356933594e-05,0.004824042320251465,0.004902482032775879,7.843971252441406e-05,,,,,extension56,same_receiving_gpu
reach,9,matched_random_fixed_rank4,5,6.657595105590923e-07,6.07752503011356e-08,6.835070217358896e-07,6.239536900298677e-08,141.06087734206332,141.0608775729999,2.3093659251571808e-07,0.010059952735900879,0.009849309921264648,-0.00021064281463623047,0.0012695789337158203,0.001294255256652832,2.467632293701172e-05,,,,,extension56,same_receiving_gpu
reach,9,matched_random_fixed_rank4,6,9.364985684775267e-07,8.549023183773964e-08,7.574716226541301e-07,6.914738239961805e-08,134.95570859552004,134.95570999125636,1.3957363194094796e-06,0.020813345909118652,0.020773768424987793,-3.9577484130859375e-05,0.0005218982696533203,0.0006662607192993164,0.0001443624496459961,,,,,extension56,same_receiving_gpu
reach,9,matched_random_fixed_rank4,7,1.1151754664777508e-06,1.0180112642770172e-07,7.731391055031327e-07,7.057762136223872e-08,130.84678010787815,130.84678098419857,8.763204277784098e-07,0.012329816818237305,0.012441515922546387,0.00011169910430908203,0.0010989904403686523,0.0014664530754089355,0.0003674626350402832,,,,,extension56,same_receiving_gpu
reach,9,matched_random_fixed_rank4,8,1.5105259768856007e-06,1.378915252062951e-07,8.2378627313286e-07,7.520105405966322e-08,123.24188290418294,123.24188314070878,2.3652583536204475e-07,0.0023952722549438477,0.0020692944526672363,-0.00032597780227661133,0.0007717013359069824,0.0003979206085205078,-0.0003737807273864746,,,,,extension56,same_receiving_gpu
reach,9,matched_random_fixed_rank4,9,1.828961044896431e-06,1.6696053684799903e-07,8.898688511875741e-07,8.123354050277369e-08,111.32885480471231,111.32885562483396,8.201216559200475e-07,0.0024256110191345215,0.0026200413703918457,0.00019443035125732422,0.0003281235694885254,0.0005191564559936523,0.00019103288650512695,,,,,extension56,same_receiving_gpu
reach,9,matched_random_fixed_rank4,10,1.8220411606340068e-06,1.6632884073035658e-07,7.529511189478612e-07,6.873471875774985e-08,91.62170713103333,91.6217097741079,2.643074566321957e-06,0.0051746368408203125,0.005063533782958984,-0.00011110305786132812,0.0003535747528076172,0.0006783008575439453,0.0003247261047363281,,,,,extension56,same_receiving_gpu
reach,9,matched_random_fixed_rank4,11,2.501191227704076e-06,2.2832647600792713e-07,9.613558949989393e-07,8.775938491358116e-08,83.21797552116152,83.2179795084256,3.98726407979666e-06,0.0031341910362243652,0.003126382827758789,-7.808208465576172e-06,4.351139068603516e-06,6.109476089477539e-05,5.6743621826171875e-05,,,,,extension56,same_receiving_gpu
reach,9,matched_random_fixed_rank4,12,0.7893032751910883,0.0720532014224778,0.6595322908412492,0.060206785516135015,74.4099782901094,66.72677108033344,-7.683207209775958,0.0007398128509521484,0.0008457303047180176,0.00010591745376586914,0.00040990114212036133,0.00017845630645751953,-0.0002314448356628418,,,,,extension56,same_receiving_gpu
reach,9,matched_random_fixed_rank4,13,1.6542923223394852,0.15101553694215725,1.2524604438225735,0.11433347291075922,64.29501240683376,59.84211984695895,-4.452892559874812,0.0002512931823730469,0.0007608532905578613,0.0005095601081848145,0.00014859437942504883,0.0011071562767028809,0.000958561897277832,,,,,extension56,same_receiving_gpu
reach,9,matched_random_fixed_rank4,14,1.9486846074959947,0.17788975283144284,1.3454502768194732,0.12282224443593259,48.51186812946669,46.945079544788214,-1.566788584678477,3.2961368560791016e-05,0.0002472996711730957,0.0002143383026123047,0.00014770030975341797,0.00017279386520385742,2.5093555450439453e-05,,,,,extension56,same_receiving_gpu
reach,10,fixed_rank4,0,0.0,0.0,0.0,0.0,170.27262398456074,170.27262398456074,0.0,0.10264825820922852,0.10379624366760254,0.0011479854583740234,0.0006788969039916992,0.00037086009979248047,-0.00030803680419921875,True,10.0,0.0003540623188018799,0.0005229556569542692,extension56,same_receiving_gpu
reach,10,fixed_rank4,1,0.0,0.0,0.0,0.0,168.66750101775023,168.66750101775023,0.0,0.030035734176635742,0.026230812072753906,-0.003804922103881836,0.006952404975891113,0.009906649589538574,0.002954244613647461,,,,,extension56,same_receiving_gpu
reach,10,fixed_rank4,2,0.0,0.0,0.0,0.0,162.09192342365938,162.09192342365938,0.0,0.001638174057006836,0.003197789192199707,0.001559615135192871,0.016502678394317627,0.018114089965820312,0.0016114115715026855,,,,,extension56,same_receiving_gpu
reach,10,fixed_rank4,3,0.0,0.0,0.0,0.0,162.3853889740359,162.3853889740359,0.0,0.03248649835586548,0.03195470571517944,-0.0005317926406860352,0.0029056668281555176,0.001882016658782959,-0.0010236501693725586,,,,,extension56,same_receiving_gpu
reach,10,fixed_rank4,4,0.0,0.0,0.0,0.0,149.92062176912125,149.92062176912125,0.0,0.05514761805534363,0.05446121096611023,-0.0006864070892333984,0.0019288063049316406,0.003090381622314453,0.0011615753173828125,,,,,extension56,same_receiving_gpu
reach,10,fixed_rank4,5,0.0,0.0,0.0,0.0,142.11006808920652,142.11006808920652,0.0,0.033685654401779175,0.033935546875,0.0002498924732208252,3.5315752029418945e-05,0.0013093352317810059,0.001274019479751587,,,,,extension56,same_receiving_gpu
reach,10,fixed_rank4,6,0.0,0.0,0.0,0.0,131.96128101010288,131.96128101010288,0.0,0.0018947124481201172,0.0016761720180511475,-0.00021854043006896973,0.008525997400283813,0.007182031869888306,-0.0013439655303955078,,,,,extension56,same_receiving_gpu
reach,10,fixed_rank4,7,0.0,0.0,0.0,0.0,122.96826448040377,122.96826448040377,0.0,0.0021284818649291992,0.002582758665084839,0.00045427680015563965,0.0006051361560821533,0.0006011128425598145,-4.023313522338867e-06,,,,,extension56,same_receiving_gpu
reach,10,fixed_rank4,8,1.2533479461574226,0.11441449041886512,0.8440863496488357,0.07705418903081002,106.24291550180969,106.50022075362654,0.25730525181684527,0.0036088228225708008,0.003737032413482666,0.00012820959091186523,4.965066909790039e-05,0.002893596887588501,0.0028439462184906006,,,,,extension56,same_receiving_gpu
reach,10,fixed_rank4,9,2.0703024307722955,0.18899189036529396,1.486185480196548,0.1356695520233828,87.17827739020873,87.77443063783923,0.5961532476304967,0.0016287565231323242,0.004693269729614258,0.0030645132064819336,0.00038319826126098633,0.00046253204345703125,7.933378219604492e-05,,,,,extension56,same_receiving_gpu
reach,10,fixed_rank4,10,2.548849729525257,0.2326770820919874,1.7771035198898222,0.1622266141442477,77.16265937852233,73.11179942928369,-4.050859949238642,0.003921091556549072,0.0038018524646759033,-0.00011923909187316895,0.0029259920120239258,0.0005761981010437012,-0.0023497939109802246,,,,,extension56,same_receiving_gpu
reach,10,fixed_rank4,11,3.4153039156230816,0.3117731658870804,2.0557218738991287,0.1876608737152239,57.29235665826977,53.76682797819781,-3.5255286800719574,0.0027289092540740967,0.003173261880874634,0.0004443526268005371,0.00017547607421875,8.273124694824219e-05,-9.274482727050781e-05,,,,,extension56,same_receiving_gpu
reach,10,fixed_rank4,12,3.6746341831841915,0.33544667211825874,2.0845328218204426,0.19029094139515895,43.203884977461115,42.65528888179922,-0.5485960956618925,0.00010895729064941406,0.0022064149379730225,0.0020974576473236084,2.3126602172851562e-05,6.937980651855469e-05,4.6253204345703125e-05,,,,,extension56,same_receiving_gpu
reach,10,fixed_rank4,13,4.275060810486228,0.3902578734349376,2.344096347574143,0.21398574108863808,31.966357631258386,27.52365896349376,-4.442698667764628,0.0032957792282104492,0.0004436969757080078,-0.0028520822525024414,0.00020781159400939941,6.0230493545532227e-05,-0.0001475811004638672,,,,,extension56,same_receiving_gpu
reach,10,fixed_rank4,14,5.182706316236766,0.4731141930545633,2.348766120139564,0.21441203105072135,13.829588922947108,9.845409670723862,-3.984179252223246,0.0006913840770721436,0.00044736266136169434,-0.00024402141571044922,0.00027066469192504883,1.4215707778930664e-05,-0.00025644898414611816,,,,,extension56,same_receiving_gpu
reach,10,matched_random_fixed_rank4,0,0.0,0.0,0.0,0.0,170.27262398456074,170.27262398456074,0.0,0.10264825820922852,0.10339975357055664,0.000751495361328125,0.0006788969039916992,0.0003496408462524414,-0.0003292560577392578,True,10.0,0.0005990723768870036,0.0007026764880452245,extension56,same_receiving_gpu
reach,10,matched_random_fixed_rank4,1,0.0,0.0,0.0,0.0,168.66750101775023,168.66750101775023,0.0,0.030035734176635742,0.028258919715881348,-0.0017768144607543945,0.006952404975891113,0.007695674896240234,0.0007432699203491211,,,,,extension56,same_receiving_gpu
reach,10,matched_random_fixed_rank4,2,0.0,0.0,0.0,0.0,162.09192342365938,162.09192342365938,0.0,0.001638174057006836,0.0018782615661621094,0.00024008750915527344,0.016502678394317627,0.01730245351791382,0.0007997751235961914,,,,,extension56,same_receiving_gpu
reach,10,matched_random_fixed_rank4,3,0.0,0.0,0.0,0.0,162.3853889740359,162.3853889740359,0.0,0.03248649835586548,0.032453298568725586,-3.319978713989258e-05,0.0029056668281555176,0.0028480887413024902,-5.7578086853027344e-05,,,,,extension56,same_receiving_gpu
reach,10,matched_random_fixed_rank4,4,0.0,0.0,0.0,0.0,149.92062176912125,149.92062176912125,0.0,0.05514761805534363,0.05555233359336853,0.00040471553802490234,0.0019288063049316406,0.0017844438552856445,-0.0001443624496459961,,,,,extension56,same_receiving_gpu
reach,10,matched_random_fixed_rank4,5,0.0,0.0,0.0,0.0,142.11006808920652,142.11006808920652,0.0,0.033685654401779175,0.033873289823532104,0.0001876354217529297,3.5315752029418945e-05,0.0003100931644439697,0.0002747774124145508,,,,,extension56,same_receiving_gpu
reach,10,matched_random_fixed_rank4,6,0.0,0.0,0.0,0.0,131.96128101010288,131.96128101010288,0.0,0.0018947124481201172,0.001736283302307129,-0.00015842914581298828,0.008525997400283813,0.008476167917251587,-4.982948303222656e-05,,,,,extension56,same_receiving_gpu
reach,10,matched_random_fixed_rank4,7,0.0,0.0,0.0,0.0,122.96826448040377,122.96826448040377,0.0,0.0021284818649291992,0.002091735601425171,-3.674626350402832e-05,0.0006051361560821533,0.00041541457176208496,-0.00018972158432006836,,,,,extension56,same_receiving_gpu
reach,10,matched_random_fixed_rank4,8,5.376627743583138e-07,4.9081671641143114e-08,3.69085850611354e-07,3.3692774339303416e-08,106.24291550180969,106.24291567572736,1.7391766959917732e-07,0.0036088228225708008,0.0034703612327575684,-0.00013846158981323242,4.965066909790039e-05,0.0001093447208404541,5.969405174255371e-05,,,,,extension56,same_receiving_gpu
reach,10,matched_random_fixed_rank4,9,1.1280096100843773,0.10297271808763672,0.8837956091313215,0.08067913189087393,87.17827739020873,86.30584053774092,-0.8724368524678141,0.0016287565231323242,0.001190274953842163,-0.00043848156929016113,0.00038319826126098633,0.001823723316192627,0.0014405250549316406,,,,,extension56,same_receiving_gpu
reach,10,matched_random_fixed_rank4,10,2.006230365084629,0.18314293775144602,1.5770853866416696,0.1439675402292332,77.16265937852233,73.173371279393,-3.9892880991293396,0.003921091556549072,0.00027740001678466797,-0.0036436915397644043,0.0029259920120239258,0.00026166439056396484,-0.002664327621459961,,,,,extension56,same_receiving_gpu
reach,10,matched_random_fixed_rank4,11,2.8732987784124333,0.2622950925647546,1.8476705744684903,0.16866847541248683,57.29235665826977,55.85317859491377,-1.439178063355996,0.0027289092540740967,0.0023483335971832275,-0.00038057565689086914,0.00017547607421875,0.0012112259864807129,0.0010357499122619629,,,,,extension56,same_receiving_gpu
reach,10,matched_random_fixed_rank4,12,3.448337326259801,0.3147886899132575,2.267634239471166,0.20700573752157156,43.203884977461115,43.596097543141866,0.3922125656807509,0.00010895729064941406,0.002798736095428467,0.0026897788047790527,2.3126602172851562e-05,0.00013723969459533691,0.00011411309242248535,,,,,extension56,same_receiving_gpu
reach,10,matched_random_fixed_rank4,13,4.104757746898131,0.3747114018450313,2.406561453834224,0.21968799904790534,31.966357631258386,30.549319401853676,-1.4170382294047101,0.0032957792282104492,0.0007341206073760986,-0.0025616586208343506,0.00020781159400939941,0.00011670589447021484,-9.110569953918457e-05,,,,,extension56,same_receiving_gpu
reach,10,matched_random_fixed_rank4,14,4.701237459167956,0.429162300762427,2.594425035168399,0.23683751925297766,13.829588922947108,14.846327186233216,1.0167382632861077,0.0006913840770721436,0.0017001330852508545,0.001008749008178711,0.00027066469192504883,0.00026407837867736816,-6.586313247680664e-06,,,,,extension56,same_receiving_gpu
reach,11,fixed_rank4,0,0.0,0.0,0.0,0.0,170.27262398456074,170.27262398456074,0.0,0.04577493667602539,0.04582691192626953,5.1975250244140625e-05,0.002926349639892578,0.0032079219818115234,0.0002815723419189453,True,10.0,-0.0002522389094034831,0.00047483394413615676,extension56,same_receiving_gpu
reach,11,fixed_rank4,1,2.0599920638459422e-07,1.8805068694167413e-08,4.842304232499576e-07,4.420398764071264e-08,165.7788302151087,165.77883058659603,3.7148731735214824e-07,0.02152109146118164,0.021541357040405273,2.0265579223632812e-05,0.004522085189819336,0.0043201446533203125,-0.00020194053649902344,,,,,extension56,same_receiving_gpu
reach,11,fixed_rank4,2,4.155160142726387e-07,3.793124900362713e-08,6.093099206763766e-07,5.562213134435582e-08,158.79593644852918,158.79593714286682,6.943376433810045e-07,0.012495756149291992,0.01258230209350586,8.654594421386719e-05,0.0008072853088378906,0.0010548830032348633,0.00024759769439697266,,,,,extension56,same_receiving_gpu
reach,11,fixed_rank4,3,6.07773434371353e-07,5.5481869976262615e-08,7.918673906079783e-07,7.22872720647907e-08,151.6950073561993,151.69500802106617,6.648668602338148e-07,0.019863128662109375,0.018241286277770996,-0.001621842384338379,0.0026464462280273438,0.0035467147827148438,0.0009002685546875,,,,,extension56,same_receiving_gpu
reach,11,fixed_rank4,4,8.86804088941428e-07,8.095376726683962e-08,1.0316296774548874e-06,9.417447422230343e-08,147.32256383120125,147.32256512940518,1.2982039265807543e-06,0.0099107027053833,0.009320497512817383,-0.000590205192565918,0.008753180503845215,0.008381366729736328,-0.0003718137741088867,,,,,extension56,same_receiving_gpu
reach,11,fixed_rank4,5,1.1522929456332265e-06,1.0518947319623203e-07,1.322850532529723e-06,1.207591794790418e-07,137.50702147407196,137.507024092545,2.618473047277803e-06,0.046321868896484375,0.04577195644378662,-0.0005499124526977539,0.004460453987121582,0.0028939247131347656,-0.0015665292739868164,,,,,extension56,same_receiving_gpu
reach,11,fixed_rank4,6,1.544953836989776e-06,1.410343444705766e-07,1.386688962475281e-06,1.2658680416519104e-07,130.74000384811083,130.74000644966313,2.6015522962552495e-06,0.03549158573150635,0.03649008274078369,0.0009984970092773438,0.00025093555450439453,0.00021207332611083984,-3.886222839355469e-05,,,,,extension56,same_receiving_gpu
reach,11,fixed_rank4,7,1.5262662037683716,0.1393284047602856,1.1246155551260264,0.10266288467728656,121.78874772512992,121.94999162879007,0.16124390366015007,0.00503164529800415,0.011846542358398438,0.006814897060394287,0.0018923282623291016,0.0003973245620727539,-0.0014950037002563477,,,,,extension56,same_receiving_gpu
reach,11,fixed_rank4,8,1.9190740916564049,0.17518669492065828,1.686285945550355,0.1539361417969763,115.74090816607466,116.41869662973735,0.6777884636626936,0.0046120285987854,0.0019373297691345215,-0.002674698829650879,0.00027114152908325195,0.0012794733047485352,0.0010083317756652832,,,,,extension56,same_receiving_gpu
reach,11,fixed_rank4,9,3.2223828380985773,0.2941619615573514,2.2071723810325263,0.20148635023231704,102.63211570993361,104.06292665832805,1.4308109483944378,0.001049816608428955,0.017808198928833008,0.016758382320404053,0.0008865594863891602,0.0012146234512329102,0.00032806396484375,,,,,extension56,same_receiving_gpu
reach,11,fixed_rank4,10,3.7426981448600602,0.3416600333120988,3.6277391353128547,0.33116575952585614,95.26531722633192,97.2919225143505,2.0266052880185867,0.0088728666305542,0.0068340301513671875,-0.0020388364791870117,0.00022834539413452148,0.0015708208084106445,0.001342475414276123,,,,,extension56,same_receiving_gpu
reach,11,fixed_rank4,11,4.429219223588926,0.40433054681586217,3.493578382643309,0.3189186144310258,76.15967219795586,85.9202438769629,9.760571679007043,0.0027568936347961426,0.0001385211944580078,-0.0026183724403381348,7.426738739013672e-05,4.583597183227539e-05,-2.8431415557861328e-05,,,,,extension56,same_receiving_gpu
reach,11,fixed_rank4,12,5.113034444091784,0.4667540503883261,4.232672059975554,0.38638832762841174,65.43739818573393,78.45907587255472,13.021677686820794,0.0013295412063598633,0.002811908721923828,0.0014823675155639648,1.150369644165039e-05,0.00029456615447998047,0.0002830624580383301,,,,,extension56,same_receiving_gpu
reach,11,fixed_rank4,13,6.365790280373031,0.5811144888179074,4.864809315693093,0.4440943000277297,46.6602469331754,55.972892941337,9.3126460081616,0.00044143199920654297,8.171796798706055e-05,-0.0003597140312194824,0.0008377432823181152,0.0016120076179504395,0.0007742643356323242,,,,,extension56,same_receiving_gpu
reach,11,fixed_rank4,14,6.589568850020583,0.6015425838982751,4.137944430870181,0.3777409177484124,30.102074990286198,40.171378384513886,10.069303394227688,0.0008224844932556152,0.0006784796714782715,-0.00014400482177734375,9.733438491821289e-05,0.0002620816230773926,0.0001647472381591797,,,,,extension56,same_receiving_gpu
reach,11,matched_random_fixed_rank4,0,0.0,0.0,0.0,0.0,170.27262398456074,170.27262398456074,0.0,0.04577493667602539,0.046218156814575195,0.0004432201385498047,0.002926349639892578,0.002949237823486328,2.288818359375e-05,True,10.0,7.001558939615886e-05,0.00032785791930832806,extension56,same_receiving_gpu
reach,11,matched_random_fixed_rank4,1,2.0599920638459422e-07,1.8805068694167413e-08,4.842304232499576e-07,4.420398764071264e-08,165.7788302151087,165.77883058659603,3.7148731735214824e-07,0.02152109146118164,0.021738529205322266,0.000217437744140625,0.004522085189819336,0.0041179656982421875,-0.00040411949157714844,,,,,extension56,same_receiving_gpu
reach,11,matched_random_fixed_rank4,2,4.155160142726387e-07,3.793124900362713e-08,6.093099206763766e-07,5.562213134435582e-08,158.79593644852918,158.79593714286682,6.943376433810045e-07,0.012495756149291992,0.012175440788269043,-0.0003203153610229492,0.0008072853088378906,0.000408172607421875,-0.0003991127014160156,,,,,extension56,same_receiving_gpu
reach,11,matched_random_fixed_rank4,3,5.286763153853056e-07,4.826132392587457e-08,7.312204925051509e-07,6.675099304251806e-08,151.6950073561993,151.69500809768812,7.414888045786938e-07,0.019863128662109375,0.019581317901611328,-0.0002818107604980469,0.0026464462280273438,0.002293825149536133,-0.00035262107849121094,,,,,extension56,same_receiving_gpu
reach,11,matched_random_fixed_rank4,4,9.184532348290838e-07,8.384292578824645e-08,1.0362469345756596e-06,9.459597020211146e-08,147.32256383120125,147.3225649801978,1.1489965459077212e-06,0.0099107027053833,0.00971519947052002,-0.00019550323486328125,0.008753180503845215,0.008219599723815918,-0.0005335807800292969,,,,,extension56,same_receiving_gpu
reach,11,matched_random_fixed_rank4,5,1.2209610537536663e-06,1.1145798516269345e-07,1.226248777594625e-06,1.1194068610028527e-07,137.50702147407196,137.50702310517102,1.631099053156504e-06,0.046321868896484375,0.04603385925292969,-0.0002880096435546875,0.004460453987121582,0.0037592649459838867,-0.0007011890411376953,,,,,extension56,same_receiving_gpu
reach,11,matched_random_fixed_rank4,6,1.6668374236596267e-06,1.5216074277202881e-07,1.2327502894369623e-06,1.1253419021594112e-07,130.74000384811083,130.74000621199872,2.363887887213423e-06,0.03549158573150635,0.03610086441040039,0.000609278678894043,0.00025093555450439453,0.00016105175018310547,-8.988380432128906e-05,,,,,extension56,same_receiving_gpu
reach,11,matched_random_fixed_rank4,7,1.400730784346402,0.12786864126307146,1.1249869141363764,0.10269678496177014,121.78874772512992,120.1865390821184,-1.6022086430115223,0.00503164529800415,0.012111842632293701,0.007080197334289551,0.0018923282623291016,0.0018559694290161133,-3.635883331298828e-05,,,,,extension56,same_receiving_gpu
reach,11,matched_random_fixed_rank4,8,2.108084202868082,0.1924408785051909,1.721578867419221,0.1571579300349505,115.74090816607466,114.65524463465839,-1.085663531416273,0.0046120285987854,0.0054291486740112305,0.0008171200752258301,0.00027114152908325195,0.0006629824638366699,0.00039184093475341797,,,,,extension56,same_receiving_gpu
reach,11,matched_random_fixed_rank4,9,3.290751424630401,0.3004031310687221,2.375408289008885,0.21684411719581956,102.6321157099336,103.82525477304507,1.1931390631114738,0.001049816608428955,0.0012395977973937988,0.00018978118896484375,0.0008865594863891602,0.0003218650817871094,-0.0005646944046020508,,,,,extension56,same_receiving_gpu
reach,11,matched_random_fixed_rank4,10,3.7757195920374085,0.34467446522884865,2.9341663148442563,0.2678515130186675,95.26531722633192,94.52213383621938,-0.7431833901125344,0.0088728666305542,0.010494410991668701,0.001621544361114502,0.00022834539413452148,0.002381443977355957,0.0021530985832214355,,,,,extension56,same_receiving_gpu
reach,11,matched_random_fixed_rank4,11,3.713930352186375,0.33903390514926396,3.4180572095089574,0.31202450608186966,76.15967219795586,83.86618711125058,7.7065149132947255,0.0027568936347961426,0.0003820061683654785,-0.002374887466430664,7.426738739013672e-05,0.00040352344512939453,0.0003292560577392578,,,,,extension56,same_receiving_gpu
reach,11,matched_random_fixed_rank4,12,4.313237959900009,0.39374295442079965,3.5672022747476695,0.3256395255105066,65.43739818573393,76.45123734819488,11.013839162460954,0.0013295412063598633,0.0012373924255371094,-9.21487808227539e-05,1.150369644165039e-05,0.00030928850173950195,0.00029778480529785156,,,,,extension56,same_receiving_gpu
reach,11,matched_random_fixed_rank4,13,5.118886343131487,0.4672882532397075,3.797277462840055,0.3466424205839139,46.6602469331754,54.078525039592066,7.418278106416665,0.00044143199920654297,0.0027840733528137207,0.0023426413536071777,0.0008377432823181152,0.000402987003326416,-0.0004347562789916992,,,,,extension56,same_receiving_gpu
reach,11,matched_random_fixed_rank4,14,5.774082992678393,0.5270992506661488,3.970423417005736,0.3624484113901304,30.102074990286198,48.43270448501906,18.33062949473286,0.0008224844932556152,0.003615260124206543,0.0027927756309509277,9.733438491821289e-05,0.00046432018280029297,0.0003669857978820801,,,,,extension56,same_receiving_gpu
reach,12,fixed_rank4,0,0.0,0.0,0.0,0.0,170.27262398456074,170.27262398456074,0.0,0.009073257446289062,0.008658885955810547,-0.0004143714904785156,0.002481222152709961,0.0028188228607177734,0.0003376007080078125,True,10.0,-0.0003929901123046875,0.0005564552497890048,extension56,same_receiving_gpu
reach,12,fixed_rank4,1,0.0,0.0,0.0,0.0,163.09115868658301,163.09115868658301,0.0,0.02818918228149414,0.02779841423034668,-0.00039076805114746094,0.0007016658782958984,0.0011525154113769531,0.0004508495330810547,,,,,extension56,same_receiving_gpu
reach,12,fixed_rank4,2,0.0,0.0,0.0,0.0,154.54886279783778,154.54886279783778,0.0,0.08788132667541504,0.08706140518188477,-0.0008199214935302734,0.003481626510620117,0.0026769638061523438,-0.0008046627044677734,,,,,extension56,same_receiving_gpu
reach,12,fixed_rank4,3,0.0,0.0,0.0,0.0,146.8285410834961,146.8285410834961,0.0,0.19470727443695068,0.1947314739227295,2.4199485778808594e-05,0.0013203620910644531,0.0015749931335449219,0.00025463104248046875,,,,,extension56,same_receiving_gpu
reach,12,fixed_rank4,4,0.0,0.0,0.0,0.0,136.92827456905917,136.92827456905917,0.0,0.06364405155181885,0.06421792507171631,0.0005738735198974609,0.00040602684020996094,0.0006035566329956055,0.00019752979278564453,,,,,extension56,same_receiving_gpu
reach,12,fixed_rank4,5,1.460115679504962,0.13328971570530854,0.9146793258062796,0.08349841660461943,127.18509073260223,126.22567483428551,-0.9594158983167205,0.0437469482421875,0.04895985126495361,0.005212903022766113,0.001873612403869629,0.0007184743881225586,-0.0011551380157470703,,,,,extension56,same_receiving_gpu
reach,12,fixed_rank4,6,2.328569031830068,0.21256829757354886,1.673275321017427,0.15274843970632382,119.85869222270182,120.97221825789055,1.1135260351887268,0.005392551422119141,0.0417780876159668,0.036385536193847656,0.0003610849380493164,0.0030001401901245117,0.0026390552520751953,,,,,extension56,same_receiving_gpu
reach,12,fixed_rank4,7,3.0126090839815527,0.275012325373612,2.5314724090165828,0.23109075702005447,107.14585855929298,111.84021456053065,4.694356001237679,0.08701252937316895,0.010440468788146973,-0.07657206058502197,0.0036962032318115234,0.0022088289260864258,-0.0014873743057250977,,,,,extension56,same_receiving_gpu
reach,12,fixed_rank4,8,4.009325727606153,0.36599969023261714,3.9781395244676587,0.3631527924089686,103.97467175172449,109.34520044630425,5.370528694579761,0.030905723571777344,0.016150593757629395,-0.01475512981414795,0.0006093978881835938,0.0002334117889404297,-0.00037598609924316406,,,,,extension56,same_receiving_gpu
reach,12,fixed_rank4,9,6.257052101720616,0.5711880965995818,4.153410132295476,0.3791527366714581,96.08690375759235,107.10636587625828,11.019462118665928,0.01003885269165039,0.0029098987579345703,-0.00712895393371582,0.0020432472229003906,0.0024869441986083984,0.0004436969757080078,,,,,extension56,same_receiving_gpu
reach,12,fixed_rank4,10,6.432922606453547,0.5872428037065893,4.406537476389924,0.40225999605177504,86.96044047404436,100.58733361263151,13.62689313858715,0.021155953407287598,0.011417269706726074,-0.009738683700561523,0.00022614002227783203,0.0035316944122314453,0.0033055543899536133,,,,,extension56,same_receiving_gpu
reach,12,fixed_rank4,11,7.148550182766035,0.6525703647597726,4.392610388819471,0.4009886327146605,77.21098973437884,92.25681573552436,15.045826001145514,0.0073500871658325195,0.002633213996887207,-0.0047168731689453125,7.331371307373047e-05,0.0014960765838623047,0.0014227628707885742,,,,,extension56,same_receiving_gpu
reach,12,fixed_rank4,12,8.311878244172005,0.7587672015949067,5.010026007688312,0.45735070968307323,68.04490712285472,80.1344676585406,12.089560535685877,0.005766868591308594,0.012036621570587158,0.0062697529792785645,0.0035980939865112305,0.0010894536972045898,-0.0025086402893066406,,,,,extension56,same_receiving_gpu
reach,12,fixed_rank4,13,8.865811139292429,0.8093341252618399,4.735667424067542,0.4323053121673627,58.64822647478604,70.77517353939916,12.12694706461312,0.010977506637573242,0.002086818218231201,-0.008890688419342041,0.00044357776641845703,0.0022302865982055664,0.0017867088317871094,,,,,extension56,same_receiving_gpu
reach,12,fixed_rank4,14,9.725196754346845,0.887784939755299,4.914259077359426,0.4486084250157138,52.52395221620286,62.38278304901381,9.858830832810952,0.007510960102081299,0.00043451786041259766,-0.007076442241668701,0.0002605915069580078,0.0007255673408508301,0.00046497583389282227,,,,,extension56,same_receiving_gpu
reach,12,matched_random_fixed_rank4,0,0.0,0.0,0.0,0.0,170.27262398456074,170.27262398456074,0.0,0.009073257446289062,0.008743762969970703,-0.0003294944763183594,0.002481222152709961,0.002754688262939453,0.0002734661102294922,True,10.0,0.00011270761489868164,0.0002442655761264807,extension56,same_receiving_gpu
reach,12,matched_random_fixed_rank4,1,0.0,0.0,0.0,0.0,163.09115868658301,163.09115868658301,0.0,0.02818918228149414,0.02785634994506836,-0.00033283233642578125,0.0007016658782958984,0.0012853145599365234,0.000583648681640625,,,,,extension56,same_receiving_gpu
reach,12,matched_random_fixed_rank4,2,0.0,0.0,0.0,0.0,154.54886279783778,154.54886279783778,0.0,0.08788132667541504,0.08797240257263184,9.107589721679688e-05,0.003481626510620117,0.002885103225708008,-0.0005965232849121094,,,,,extension56,same_receiving_gpu
reach,12,matched_random_fixed_rank4,3,0.0,0.0,0.0,0.0,146.8285410834961,146.8285410834961,0.0,0.19470727443695068,0.19525527954101562,0.0005480051040649414,0.0013203620910644531,0.001590728759765625,0.0002703666687011719,,,,,extension56,same_receiving_gpu
reach,12,matched_random_fixed_rank4,4,0.0,0.0,0.0,0.0,136.92827456905917,136.92827456905917,0.0,0.06364405155181885,0.0642850399017334,0.0006409883499145508,0.00040602684020996094,0.0003731250762939453,-3.2901763916015625e-05,,,,,extension56,same_receiving_gpu
reach,12,matched_random_fixed_rank4,5,1.460115679504962,0.13328971570530854,0.9146793258062796,0.08349841660461943,127.18509073260223,126.22567483428551,-0.9594158983167205,0.0437469482421875,0.048978447914123535,0.005231499671936035,0.001873612403869629,0.000942230224609375,-0.0009313821792602539,,,,,extension56,same_receiving_gpu
reach,12,matched_random_fixed_rank4,6,2.328569031830068,0.21256829757354886,1.673275321017427,0.15274843970632382,119.85869222270182,120.97221825789055,1.1135260351887268,0.005392551422119141,0.04230523109436035,0.03691267967224121,0.0003610849380493164,0.0020145177841186523,0.001653432846069336,,,,,extension56,same_receiving_gpu
reach,12,matched_random_fixed_rank4,7,3.012609214728972,0.2750123373091638,2.531472325068376,0.23109074935666674,107.14585855929298,111.84021419118666,4.694355631893686,0.08701252937316895,0.011201620101928711,-0.07581090927124023,0.0036962032318115234,0.001984119415283203,-0.0017120838165283203,,,,,extension56,same_receiving_gpu
reach,12,matched_random_fixed_rank4,8,4.0093256192492,0.3659996803410259,3.9781395616687107,0.3631527958049445,103.97467175172449,109.34520124952996,5.370529497805478,0.030905723571777344,0.017693281173706055,-0.013212442398071289,0.0006093978881835938,0.0008184909820556641,0.0002090930938720703,,,,,extension56,same_receiving_gpu
reach,12,matched_random_fixed_rank4,9,6.257051955795511,0.5711880832785032,4.153410164287296,0.3791527395918983,96.08690375759235,107.10636671370936,11.01946295611701,0.01003885269165039,0.00318300724029541,-0.0068558454513549805,0.0020432472229003906,0.003038763999938965,0.0009955167770385742,,,,,extension56,same_receiving_gpu
reach,12,matched_random_fixed_rank4,10,6.432922514497997,0.5872427953122344,4.406537604443192,0.40226000774138554,86.96044047404436,100.58733262209327,13.62689214804891,0.021155953407287598,0.011548399925231934,-0.009607553482055664,0.00022614002227783203,0.0032112598419189453,0.0029851198196411133,,,,,extension56,same_receiving_gpu
reach,12,matched_random_fixed_rank4,11,7.1485501014071975,0.6525703573327609,4.392610363051537,0.4009886303623807,77.21098973437884,92.25681524588958,15.045825511510742,0.0073500871658325195,0.003107786178588867,-0.004242300987243652,7.331371307373047e-05,0.001911759376525879,0.0018384456634521484,,,,,extension56,same_receiving_gpu
reach,12,matched_random_fixed_rank4,12,8.311877900401065,0.7587671702130568,5.010025945347601,0.4573507039921709,68.04490712285472,80.13447067084182,12.089563547987098,0.005766868591308594,0.010597288608551025,0.004830420017242432,0.0035980939865112305,0.0014684200286865234,-0.002129673957824707,,,,,extension56,same_receiving_gpu
reach,12,matched_random_fixed_rank4,13,8.86581029096507,0.8093340478205014,4.735667358364579,0.4323053061695302,58.64822647478604,70.77517694675737,12.126950471971327,0.010977506637573242,0.0016161799430847168,-0.009361326694488525,0.00044357776641845703,0.0024063587188720703,0.0019627809524536133,,,,,extension56,same_receiving_gpu
reach,12,matched_random_fixed_rank4,14,9.725195814331801,0.8877848539440586,4.914258997392413,0.4486084177157577,52.52395221620286,62.382784248340215,9.858832032137357,0.007510960102081299,0.000718235969543457,-0.006792724132537842,0.0002605915069580078,0.00011616945266723633,-0.00014442205429077148,,,,,extension56,same_receiving_gpu
reach,13,fixed_rank4,0,0.0,0.0,0.0,0.0,170.27262398456074,170.27262398456074,0.0,0.0074160099029541016,0.007454872131347656,3.886222839355469e-05,0.016209721565246582,0.016672968864440918,0.00046324729919433594,True,10.0,0.0003186357021331787,0.0004446342613214412,extension56,same_receiving_gpu
reach,13,fixed_rank4,1,0.0,0.0,0.0,0.0,166.57613154720133,166.57613154720133,0.0,0.022492527961730957,0.024456143379211426,0.0019636154174804688,0.006571650505065918,0.004419565200805664,-0.002152085304260254,,,,,extension56,same_receiving_gpu
reach,13,fixed_rank4,2,3.758887598167481e-07,3.4313792144045733e-08,5.900558791525164e-07,5.3864485866729253e-08,158.5650078970796,158.5650073129038,-5.841758081714943e-07,0.059983134269714355,0.060062527656555176,7.939338684082031e-05,0.02701091766357422,0.02688777446746826,-0.00012314319610595703,,,,,extension56,same_receiving_gpu
reach,13,fixed_rank4,3,6.29988782587192e-07,5.750984453303714e-08,6.536159574824962e-07,5.966670064308345e-08,147.71300168828884,147.71300114061384,-5.476750004618225e-07,0.010054945945739746,0.01142275333404541,0.001367807388305664,0.0014095306396484375,0.0010898709297180176,-0.0003196597099304199,,,,,extension56,same_receiving_gpu
reach,13,fixed_rank4,4,8.103965557242755e-07,7.397874568244635e-08,8.714313219316867e-07,7.955043205642187e-08,142.77739116477787,142.77739062987172,-5.349061495962815e-07,0.0038059353828430176,0.004269242286682129,0.00046330690383911133,0.005325019359588623,0.005996763706207275,0.0006717443466186523,,,,,extension56,same_receiving_gpu
reach,13,fixed_rank4,5,9.264071208765947e-07,8.456901292292101e-08,8.547085761845104e-07,7.802386121156319e-08,133.82271517215935,133.82271569679995,5.246405976322421e-07,0.017657935619354248,0.01732635498046875,-0.00033158063888549805,0.00029605627059936523,0.001250147819519043,0.0009540915489196777,,,,,extension56,same_receiving_gpu
reach,13,fixed_rank4,6,1.1652002990104765e-06,1.0636774796330041e-07,8.84707427549207e-07,8.076236914351136e-08,125.44367556989931,125.4436767163528,1.1464534850347263e-06,0.03466463088989258,0.03491806983947754,0.00025343894958496094,0.0048416852951049805,0.005082309246063232,0.00024062395095825195,,,,,extension56,same_receiving_gpu
reach,13,fixed_rank4,7,1.6204359788864296e-06,1.4792488977151042e-07,1.1795471565224707e-06,1.0767743087807237e-07,117.32777406672787,117.32777565544816,1.5887202948761114e-06,0.0030582547187805176,0.0031588375568389893,0.00010058283805847168,0.0011783838272094727,0.0015391707420349121,0.00036078691482543945,,,,,extension56,same_receiving_gpu
reach,13,fixed_rank4,8,1.5680056923712155e-06,1.4313868133470348e-07,1.0918596447540743e-06,9.967269284356394e-08,104.87149205828396,104.87149330044124,1.2421572819221183e-06,0.001790463924407959,0.002180427312850952,0.00038996338844299316,0.000443190336227417,0.0007002353668212891,0.00025704503059387207,,,,,extension56,same_receiving_gpu
reach,13,fixed_rank4,9,1.989861511422899e-06,1.8164867268627424e-07,1.4433372729222521e-06,1.3175806374458465e-07,93.78212259953352,93.78212330290083,7.033673057321721e-07,0.007712334394454956,0.008137375116348267,0.00042504072189331055,0.0004846155643463135,0.0006462037563323975,0.00016158819198608398,,,,,extension56,same_receiving_gpu
reach,13,fixed_rank4,10,2.7316611941956046e-06,2.493654092537388e-07,1.655974296546941e-06,1.5116907947791816e-07,91.30767451958987,91.30767433128428,-1.8830559156413074e-07,0.0027309954166412354,0.002940833568572998,0.0002098381519317627,0.000919342041015625,0.0011958181858062744,0.0002764761447906494,,,,,extension56,same_receiving_gpu
reach,13,fixed_rank4,11,3.4290136186210786e-06,3.1302468481853027e-07,1.8041946671714025e-06,1.6469968622338375e-07,79.21386317981951,79.21386274180455,-4.380149647431608e-07,0.0033091306686401367,0.0028378665447235107,-0.000471264123916626,0.0008687078952789307,0.00036773085594177246,-0.0005009770393371582,,,,,extension56,same_receiving_gpu
reach,13,fixed_rank4,12,3.6068419577114166e-06,3.2925811693243956e-07,2.407736708308022e-06,2.1979528461225666e-07,69.84181488783324,69.84181400336072,-8.844725130074949e-07,0.0016238391399383545,0.0015297532081604004,-9.40859317779541e-05,0.0006666779518127441,0.00016731023788452148,-0.0004993677139282227,,,,,extension56,same_receiving_gpu
reach,13,fixed_rank4,13,3.875388562202021e-06,3.537729557692599e-07,2.165557103187975e-06,1.9768741249693274e-07,54.573637442639466,54.57363477811718,-2.6645222845900207e-06,0.0011909306049346924,0.0010473430156707764,-0.00014358758926391602,0.00014889240264892578,0.00013938546180725098,-9.506940841674805e-06,,,,,extension56,same_receiving_gpu
reach,13,fixed_rank4,14,0.8878390215515103,0.08104824325617958,0.6362810347855318,0.058084245944127505,33.26634813524424,36.75300503428993,3.486656899045684,0.0009373128414154053,0.0038765668869018555,0.00293925404548645,1.481175422668457e-05,0.0002573728561401367,0.00024256110191345215,,,,,extension56,same_receiving_gpu
reach,13,matched_random_fixed_rank4,0,0.0,0.0,0.0,0.0,170.27262398456074,170.27262398456074,0.0,0.0074160099029541016,0.0067174434661865234,-0.0006985664367675781,0.016209721565246582,0.016347408294677734,0.00013768672943115234,True,10.0,0.00039817571640014647,0.0004882616249897514,extension56,same_receiving_gpu
reach,13,matched_random_fixed_rank4,1,0.0,0.0,0.0,0.0,166.57613154720133,166.57613154720133,0.0,0.022492527961730957,0.023315906524658203,0.0008233785629272461,0.006571650505065918,0.0057790279388427734,-0.0007926225662231445,,,,,extension56,same_receiving_gpu
reach,13,matched_random_fixed_rank4,2,3.758887598167481e-07,3.4313792144045733e-08,5.900558791525164e-07,5.3864485866729253e-08,158.5650078970796,158.5650073129038,-5.841758081714943e-07,0.059983134269714355,0.06027805805206299,0.0002949237823486328,0.02701091766357422,0.027086973190307617,7.605552673339844e-05,,,,,extension56,same_receiving_gpu
reach,13,matched_random_fixed_rank4,3,6.29988782587192e-07,5.750984453303714e-08,6.536159574824962e-07,5.966670064308345e-08,147.71300168828884,147.71300114061384,-5.476750004618225e-07,0.010054945945739746,0.010576605796813965,0.0005216598510742188,0.0014095306396484375,0.001153111457824707,-0.00025641918182373047,,,,,extension56,same_receiving_gpu
reach,13,matched_random_fixed_rank4,4,1.0255940699995522e-06,9.362350116371452e-08,7.599592208862305e-07,6.937446801057327e-08,142.77739116477787,142.77739071256474,-4.5221312916510215e-07,0.0038059353828430176,0.0038806796073913574,7.474422454833984e-05,0.005325019359588623,0.005304992198944092,-2.002716064453125e-05,,,,,extension56,same_receiving_gpu
reach,13,matched_random_fixed_rank4,5,1.1010233969304232e-06,1.0050922513995951e-07,8.13035539728626e-07,7.421965086045936e-08,133.82271517215935,133.8227154158646,2.437052444292931e-07,0.017657935619354248,0.017613470554351807,-4.4465065002441406e-05,0.00029605627059936523,0.00045233964920043945,0.00015628337860107422,,,,,extension56,same_receiving_gpu
reach,13,matched_random_fixed_rank4,6,1.2634831566382325e-06,1.1533970431976552e-07,8.619519987094147e-07,7.868509219663504e-08,125.44367556989931,125.44367647293986,9.030405436760702e-07,0.03466463088989258,0.034718096256256104,5.346536636352539e-05,0.0048416852951049805,0.005255699157714844,0.0004140138626098633,,,,,extension56,same_receiving_gpu
reach,13,matched_random_fixed_rank4,7,1.6464107917590018e-06,1.5029605492772432e-07,1.1419579522577479e-06,1.0424602169566268e-07,117.32777406672787,117.32777525686184,1.190133971817886e-06,0.0030582547187805176,0.0029967427253723145,-6.151199340820312e-05,0.0011783838272094727,0.001073002815246582,-0.00010538101196289062,,,,,extension56,same_receiving_gpu
reach,13,matched_random_fixed_rank4,8,1.6124281234354466e-06,1.471938759268864e-07,1.0480718775752596e-06,9.567543487246043e-08,104.87149205828396,104.87149344949728,1.3912133169924346e-06,0.001790463924407959,0.0017988979816436768,8.434057235717773e-06,0.000443190336227417,0.000456005334854126,1.2814998626708984e-05,,,,,extension56,same_receiving_gpu
reach,13,matched_random_fixed_rank4,9,1.6193158185350621e-06,1.478226335894326e-07,1.206257972439449e-06,1.1011578361258852e-07,93.78212259953352,93.7821249972726,2.397739081061445e-06,0.007712334394454956,0.007706314325332642,-6.020069122314453e-06,0.0004846155643463135,0.00044092535972595215,-4.369020462036133e-05,,,,,extension56,same_receiving_gpu
reach,13,matched_random_fixed_rank4,10,2.1308953578724217e-06,1.9452324253162814e-07,1.3186685756167664e-06,1.2037742078975164e-07,91.30767451958987,91.30767672325871,2.203668842071238e-06,0.0027309954166412354,0.00265541672706604,-7.557868957519531e-05,0.000919342041015625,0.0011315345764160156,0.00021219253540039062,,,,,extension56,same_receiving_gpu
reach,13,matched_random_fixed_rank4,11,2.3503484396636946e-06,2.1455647640014592e-07,1.564444520520353e-06,1.4281359230905853e-07,79.21386317981951,79.21386550900988,2.3291903659128366e-06,0.0033091306686401367,0.003243863582611084,-6.526708602905273e-05,0.0008687078952789307,0.0008346140384674072,-3.409385681152344e-05,,,,,extension56,same_receiving_gpu
reach,13,matched_random_fixed_rank4,12,3.0626440911939325e-06,2.7957987572613767e-07,2.10610399797467e-06,1.9226011135709023e-07,69.84181488783324,69.84181751550747,2.627674234645383e-06,0.0016238391399383545,0.0016717612743377686,4.792213439941406e-05,0.0006666779518127441,0.0007291734218597412,6.249547004699707e-05,,,,,extension56,same_receiving_gpu
reach,13,matched_random_fixed_rank4,13,3.157412778823389e-06,2.8823103371944e-07,1.8046753504510734e-06,1.6474356640259897e-07,54.573637442639466,54.57363852442852,1.0817890512271333e-06,0.0011909306049346924,0.0012105107307434082,1.958012580871582e-05,0.00014889240264892578,0.00013324618339538574,-1.564621925354004e-05,,,,,extension56,same_receiving_gpu
reach,13,matched_random_fixed_rank4,14,2.968372696054225e-06,2.709741141185542e-07,1.5707522100612474e-06,1.4338940295027307e-07,33.26634813524424,33.266349963659565,1.8284153213699028e-06,0.0009373128414154053,0.0009922385215759277,5.492568016052246e-05,1.481175422668457e-05,6.693601608276367e-05,5.21242618560791e-05,,,,,extension56,same_receiving_gpu
reach,14,fixed_rank4,0,0.0,0.0,0.0,0.0,170.27262398456074,170.27262398456074,0.0,0.0715872049331665,0.06959366798400879,-0.001993536949157715,0.0016930103302001953,0.002214670181274414,0.0005216598510742188,True,10.0,-9.653687477111816e-05,0.00032753654666557654,extension56,same_receiving_gpu
reach,14,fixed_rank4,1,0.0,0.0,0.0,0.0,163.68915488973647,163.68915488973647,0.0,0.005352497100830078,0.005459189414978027,0.00010669231414794922,0.0008993148803710938,0.00028824806213378906,-0.0006110668182373047,,,,,extension56,same_receiving_gpu
reach,14,fixed_rank4,2,3.510727887036421e-07,3.2048414283204946e-08,5.092623081992585e-07,4.648907564798033e-08,156.3300805746417,156.33007948741482,-1.0872268774164695e-06,0.01736629009246826,0.016991734504699707,-0.0003745555877685547,0.00033223628997802734,0.0005698204040527344,0.00023758411407470703,,,,,extension56,same_receiving_gpu
reach,14,fixed_rank4,3,6.459861766996851e-07,5.8970200135822615e-08,7.609811624767604e-07,6.946775808750427e-08,146.21782310831702,146.21782107787152,-2.0304455006225908e-06,0.02940499782562256,0.029541373252868652,0.00013637542724609375,0.0037137269973754883,0.0032771825790405273,-0.00043654441833496094,,,,,extension56,same_receiving_gpu
reach,14,fixed_rank4,4,7.589884732032669e-07,6.92858512766391e-08,9.644401744177584e-07,8.80409398154705e-08,140.58803963435247,140.5880370373067,-2.597045778429674e-06,0.008536279201507568,0.007492184638977051,-0.0010440945625305176,0.00012087821960449219,0.0002098679542541504,8.89897346496582e-05,,,,,extension56,same_receiving_gpu
reach,14,fixed_rank4,5,1.465658538350448,0.13379570717576517,0.9371852324361404,0.08555291539433273,131.14619489414108,129.74765468250814,-1.398540211632934,0.003674447536468506,0.01098555326461792,0.007311105728149414,0.0008265972137451172,0.0011916160583496094,0.0003650188446044922,,,,,extension56,same_receiving_gpu
reach,14,fixed_rank4,6,2.8801408880182247,0.2629196888600904,2.0255686074570973,0.1849082696797632,124.26007444426637,121.94242571055226,-2.3176487337141083,0.002626776695251465,0.008867025375366211,0.006240248680114746,0.002809584140777588,0.0012466907501220703,-0.0015628933906555176,,,,,extension56,same_receiving_gpu
reach,14,fixed_rank4,7,3.5981017990035493,0.32846025325236056,3.275550603433624,0.29901549229170904,116.1288378218243,113.25848231207702,-2.8703555097472844,0.004050612449645996,0.018718063831329346,0.01466745138168335,0.00022035837173461914,0.0007780790328979492,0.0005577206611633301,,,,,extension56,same_receiving_gpu
reach,14,fixed_rank4,8,6.288387106487233,0.5740485780912832,4.084359878937966,0.3728493397772323,104.56967369400782,108.05629956432992,3.4866258703221007,0.004867434501647949,0.011193633079528809,0.006326198577880859,0.00024127960205078125,0.0007097721099853516,0.0004684925079345703,,,,,extension56,same_receiving_gpu
reach,14,fixed_rank4,9,7.317663556034509,0.6680082329789282,4.085198906402801,0.372925932155375,97.6591083850108,96.78414950084684,-0.8749588841639593,0.00409466028213501,0.013840079307556152,0.009745419025421143,0.0004565715789794922,0.00017029047012329102,-0.00028628110885620117,,,,,extension56,same_receiving_gpu
reach,14,fixed_rank4,10,7.832841930672484,0.715037369133606,4.175545439501637,0.38117340451714493,84.70045912230783,85.65164482092405,0.9511856986162144,0.0015811920166015625,0.005198538303375244,0.0036173462867736816,0.0001285076141357422,0.0008746981620788574,0.0007461905479431152,,,,,extension56,same_receiving_gpu
reach,14,fixed_rank4,11,8.388520920310613,0.7657636886930197,4.402092255186383,0.4018542047307283,65.90539685254309,77.07749912633201,11.172102273788923,0.000962376594543457,0.0003527402877807617,-0.0006096363067626953,0.0005263090133666992,0.0007280707359313965,0.00020176172256469727,,,,,extension56,same_receiving_gpu
reach,14,fixed_rank4,12,9.317838190159485,0.8505983606555769,4.403455637461916,0.4019786639351971,52.695778648349375,60.384333456955964,7.68855480860659,0.0018243789672851562,0.0035562515258789062,0.00173187255859375,0.000552833080291748,0.00032150745391845703,-0.00023132562637329102,,,,,extension56,same_receiving_gpu
reach,14,fixed_rank4,13,10.686615597661211,0.9755500710375996,4.0615309551707295,0.3707653536920854,44.98258465897678,44.752796674238695,-0.22978798473808837,0.0009739398956298828,0.003033280372619629,0.002059340476989746,0.000551760196685791,0.00041931867599487305,-0.00013244152069091797,,,,,extension56,same_receiving_gpu
reach,14,fixed_rank4,14,11.196556086530826,1.0221010558274497,3.89898789814612,0.3559272705423808,32.91362033383331,37.447024540452034,4.533404206618727,0.0027947425842285156,0.0022681355476379395,-0.0005266070365905762,0.00011968612670898438,0.0002733469009399414,0.00015366077423095703,,,,,extension56,same_receiving_gpu
reach,14,matched_random_fixed_rank4,0,0.0,0.0,0.0,0.0,170.27262398456074,170.27262398456074,0.0,0.0715872049331665,0.07064247131347656,-0.0009447336196899414,0.0016930103302001953,0.0011074542999267578,-0.0005855560302734375,True,10.0,0.00012048681577046713,0.0003202330758579589,extension56,same_receiving_gpu
reach,14,matched_random_fixed_rank4,1,2.017834534008912e-07,1.8420224859826772e-08,4.702727150338739e-07,4.2929829033875266e-08,163.68915488973647,163.68915518457715,2.948406745417742e-07,0.005352497100830078,0.005180001258850098,-0.00017249584197998047,0.0008993148803710938,0.0005114078521728516,-0.0003879070281982422,,,,,extension56,same_receiving_gpu
reach,14,matched_random_fixed_rank4,2,5.307198708804883e-07,4.8447874166245434e-08,7.312204925051509e-07,6.675099304251806e-08,156.3300805746417,156.33008018788485,-3.8675685232192336e-07,0.01736629009246826,0.016958117485046387,-0.000408172607421875,0.00033223628997802734,0.0005750656127929688,0.0002428293228149414,,,,,extension56,same_receiving_gpu
reach,14,matched_random_fixed_rank4,3,8.670147996077885e-07,7.914726057266784e-08,9.391278777473408e-07,8.573025383736209e-08,146.21782310831702,146.2178223015292,-8.067878241035942e-07,0.02940499782562256,0.029344677925109863,-6.031990051269531e-05,0.0037137269973754883,0.0031784772872924805,-0.0005352497100830078,,,,,extension56,same_receiving_gpu
reach,14,matched_random_fixed_rank4,4,1.0365448716649458e-06,9.462316801286472e-08,1.083182206474915e-06,9.888055472908822e-08,140.58803963435247,140.58803828247062,-1.3518818491320417e-06,0.008536279201507568,0.008677363395690918,0.0001410841941833496,0.00012087821960449219,0.0005237460136413574,0.00040286779403686523,,,,,extension56,same_receiving_gpu
reach,14,matched_random_fixed_rank4,5,1.1673659458696524e-06,1.0656544356936056e-07,1.1294451094649552e-06,1.031037606529746e-07,131.14619489414108,131.14619353660783,-1.3575332502568926e-06,0.003674447536468506,0.0036770105361938477,2.562999725341797e-06,0.0008265972137451172,0.0009492039680480957,0.00012260675430297852,,,,,extension56,same_receiving_gpu
reach,14,matched_random_fixed_rank4,6,1.4435734988469195e-06,1.3177962812251927e-07,1.2330204418101468e-06,1.125588516407339e-07,124.26007444426637,124.26007232589363,-2.118372734116747e-06,0.002626776695251465,0.002637624740600586,1.0848045349121094e-05,0.002809584140777588,0.002889871597290039,8.028745651245117e-05,,,,,extension56,same_receiving_gpu
reach,14,matched_random_fixed_rank4,7,1.724130394686205e-06,1.5739085154165327e-07,1.2607122122250479e-06,1.1508675285964982e-07,116.1288378218243,116.12883459238695,-3.229437353979847e-06,0.004050612449645996,0.0038144588470458984,-0.00023615360260009766,0.00022035837173461914,0.0004330277442932129,0.00021266937255859375,,,,,extension56,same_receiving_gpu
reach,14,matched_random_fixed_rank4,8,1.9056203214299829e-06,1.7395853934790782e-07,1.185649355324066e-06,1.0823448286707481e-07,104.56967369400782,104.56967095933095,-2.7346768689540113e-06,0.004867434501647949,0.004828274250030518,-3.916025161743164e-05,0.00024127960205078125,0.00017374753952026367,-6.753206253051758e-05,,,,,extension56,same_receiving_gpu
reach,14,matched_random_fixed_rank4,9,2.1957513282874824e-06,2.0044375552916425e-07,1.2897254152123392e-06,1.1773528381658579e-07,97.6591083850108,97.65910513933795,-3.2456728433771787e-06,0.00409466028213501,0.004159450531005859,6.479024887084961e-05,0.0004565715789794922,0.00047904253005981445,2.2470951080322266e-05,,,,,extension56,same_receiving_gpu
reach,14,matched_random_fixed_rank4,10,1.7957908618847274e-06,1.6393252726931825e-07,1.5291851574013972e-06,1.3959486755180554e-07,84.70045912230783,84.70045418256865,-4.939739184806058e-06,0.0015811920166015625,0.0015890002250671387,7.808208465576172e-06,0.0001285076141357422,0.00011008977890014648,-1.8417835235595703e-05,,,,,extension56,same_receiving_gpu
reach,14,matched_random_fixed_rank4,11,2.0133333055110983e-06,1.8379134453414478e-07,1.3633951775365423e-06,1.244603822550875e-07,65.90539685254309,65.90539263042038,-4.222122711894372e-06,0.000962376594543457,0.0007874965667724609,-0.0001748800277709961,0.0005263090133666992,0.0004336237907409668,-9.268522262573242e-05,,,,,extension56,same_receiving_gpu
reach,14,matched_random_fixed_rank4,12,2.2139635619675557e-06,2.021062973973528e-07,1.227679577441805e-06,1.1207129965888119e-07,52.695778648349375,52.695775279154034,-3.3691953404968444e-06,0.0018243789672851562,0.0016489624977111816,-0.0001754164695739746,0.000552833080291748,0.00046312808990478516,-8.970499038696289e-05,,,,,extension56,same_receiving_gpu
reach,14,matched_random_fixed_rank4,13,2.677652659042284e-06,2.4443512708685803e-07,1.1441736569570902e-06,1.0444828693642935e-07,44.98258465897678,44.98257975714509,-4.90183169432612e-06,0.0009739398956298828,0.0009110569953918457,-6.288290023803711e-05,0.000551760196685791,0.0006539821624755859,0.00010222196578979492,,,,,extension56,same_receiving_gpu
reach,14,matched_random_fixed_rank4,14,2.887161605664215e-06,2.6356058976418765e-07,1.2948371714766611e-06,1.1820192118565868e-07,32.91362033383331,32.91361339542446,-6.938408844803234e-06,0.0027947425842285156,0.0028585195541381836,6.377696990966797e-05,0.00011968612670898438,9.489059448242188e-05,-2.47955322265625e-05,,,,,extension56,same_receiving_gpu
reach,15,fixed_rank4,0,0.0,0.0,0.0,0.0,170.27262398456074,170.27262398456074,0.0,0.0175020694732666,0.017567157745361328,6.508827209472656e-05,0.025425434112548828,0.025496721267700195,7.128715515136719e-05,True,10.0,0.0007454546292622884,0.0008032995082727831,extension56,same_receiving_gpu
reach,15,fixed_rank4,1,0.0,0.0,0.0,0.0,165.08538379909987,165.08538379909987,0.0,0.002856612205505371,0.0026547908782958984,-0.00020182132720947266,0.011728286743164062,0.011647939682006836,-8.034706115722656e-05,,,,,extension56,same_receiving_gpu
reach,15,fixed_rank4,2,0.0,0.0,0.0,0.0,158.90117740017712,158.90117740017712,0.0,0.04254412651062012,0.042675137519836426,0.0001310110092163086,0.01804673671722412,0.01741039752960205,-0.0006363391876220703,,,,,extension56,same_receiving_gpu
reach,15,fixed_rank4,3,4.000594199085065e-07,3.652026143772006e-08,6.152934677023464e-07,5.616835195769192e-08,151.8008896114549,151.80089005818144,4.467265455332381e-07,0.045166194438934326,0.043621063232421875,-0.0015451312065124512,0.007392942905426025,0.008413851261138916,0.0010209083557128906,,,,,extension56,same_receiving_gpu
reach,15,fixed_rank4,4,5.407255980892147e-07,4.936126791565587e-08,7.263456348749364e-07,6.630598146106896e-08,147.6630310820761,147.66303091076378,-1.7131230833911104e-07,0.006436437368392944,0.006601452827453613,0.00016501545906066895,0.007665157318115234,0.008625268936157227,0.0009601116180419922,,,,,extension56,same_receiving_gpu
reach,15,fixed_rank4,5,6.665251257857849e-07,6.084514108947378e-08,7.800014214695931e-07,7.120406223749841e-08,134.906551678124,134.90655111737524,-5.607487594261329e-07,0.014316797256469727,0.013896793127059937,-0.00042000412940979004,0.0002872347831726074,0.0013833045959472656,0.0010960698127746582,,,,,extension56,same_receiving_gpu
reach,15,fixed_rank4,6,1.0081062480819641e-06,9.202708873939848e-08,9.177228266097797e-07,8.377624894526311e-08,122.6730578840428,122.67305663656471,-1.2474780959337295e-06,0.008536934852600098,0.00901290774345398,0.00047597289085388184,7.781386375427246e-05,0.00014090538024902344,6.309151649475098e-05,,,,,extension56,same_receiving_gpu
reach,15,fixed_rank4,7,1.1659259423484087,0.10643398983411523,0.8504254823410765,0.07763287002590316,111.31802956695233,110.94157661612729,-0.3764529508250405,0.0010169744491577148,0.002717435359954834,0.0017004609107971191,5.066394805908203e-05,0.0005920231342315674,0.0005413591861724854,,,,,extension56,same_receiving_gpu
reach,15,fixed_rank4,8,2.2042489703444668,0.20121948056920008,1.4936343785427786,0.13634954029884835,93.88965233976671,94.6297393584261,0.7400870186593806,0.0025067925453186035,0.013669818639755249,0.011163026094436646,7.981061935424805e-05,0.0005911886692047119,0.0005113780498504639,,,,,extension56,same_receiving_gpu
reach,15,fixed_rank4,9,3.096418952199334,0.2826630846010143,2.190434611184176,0.19995840788093847,75.27617402637995,78.11499990902725,2.838825882647299,0.0013113617897033691,0.004141628742218018,0.0028302669525146484,0.001343369483947754,0.0003751218318939209,-0.000968247652053833,,,,,extension56,same_receiving_gpu
reach,15,fixed_rank4,10,4.000216879147609,0.3651681699370104,2.462678079828674,0.22481072269927882,58.290355430161746,60.174884595175385,1.8845291650136389,0.002909839153289795,0.00165596604347229,-0.0012538731098175049,0.00011783838272094727,0.0005432665348052979,0.0004254281520843506,,,,,extension56,same_receiving_gpu
reach,15,fixed_rank4,11,4.733330351122142,0.4320919675722409,2.93445286801435,0.2678776716245316,46.48385886703575,46.21581205020709,-0.26804681682865805,0.0019690096378326416,0.005982309579849243,0.0040132999420166016,0.00046575069427490234,0.0003350973129272461,-0.00013065338134765625,,,,,extension56,same_receiving_gpu
reach,15,fixed_rank4,12,5.155438554980218,0.47062499839908384,2.69455669876322,0.24597824773154472,33.40511798341777,37.81734680132863,4.412228817910865,0.0030546486377716064,0.0013850033283233643,-0.0016696453094482422,0.0017271339893341064,0.0005350112915039062,-0.0011921226978302002,,,,,extension56,same_receiving_gpu
reach,15,fixed_rank4,13,5.349382796090832,0.4883296043581678,2.7867516314182255,0.2543944551153474,17.32914100878461,19.889755572677082,2.5606145638924716,0.0040718019008636475,7.62939453125e-05,-0.0039955079555511475,0.00038740038871765137,0.000803142786026001,0.0004157423973083496,,,,,extension56,same_receiving_gpu
reach,15,fixed_rank4,14,5.654005079106155,0.516137687012537,2.829525823284591,0.2582991867427245,9.586094590058384,4.223724650101131,-5.362369939957253,0.014289170503616333,0.010635435581207275,-0.0036537349224090576,9.760260581970215e-05,0.00038623809814453125,0.0002886354923248291,,,,,extension56,same_receiving_gpu
reach,15,matched_random_fixed_rank4,0,0.0,0.0,0.0,0.0,170.27262398456074,170.27262398456074,0.0,0.0175020694732666,0.0172804594039917,-0.00022161006927490234,0.025425434112548828,0.02570509910583496,0.0002796649932861328,True,10.0,0.0006321156024932861,0.0007083323578580605,extension56,same_receiving_gpu
reach,15,matched_random_fixed_rank4,1,0.0,0.0,0.0,0.0,165.08538379909987,165.08538379909987,0.0,0.002856612205505371,0.0034148693084716797,0.0005582571029663086,0.011728286743164062,0.011556863784790039,-0.00017142295837402344,,,,,extension56,same_receiving_gpu
reach,15,matched_random_fixed_rank4,2,0.0,0.0,0.0,0.0,158.90117740017712,158.90117740017712,0.0,0.04254412651062012,0.04254496097564697,8.344650268554688e-07,0.01804673671722412,0.01816403865814209,0.00011730194091796875,,,,,extension56,same_receiving_gpu
reach,15,matched_random_fixed_rank4,3,0.0,0.0,0.0,0.0,151.8008896114549,151.8008896114549,0.0,0.045166194438934326,0.04516881704330444,2.6226043701171875e-06,0.007392942905426025,0.007693111896514893,0.0003001689910888672,,,,,extension56,same_receiving_gpu
reach,15,matched_random_fixed_rank4,4,0.0,0.0,0.0,0.0,147.6630310820761,147.6630310820761,0.0,0.006436437368392944,0.006534367799758911,9.79304313659668e-05,0.007665157318115234,0.007948219776153564,0.0002830624580383301,,,,,extension56,same_receiving_gpu
reach,15,matched_random_fixed_rank4,5,0.0,0.0,0.0,0.0,134.906551678124,134.906551678124,0.0,0.014316797256469727,0.014269888401031494,-4.690885543823242e-05,0.0002872347831726074,0.000501483678817749,0.0002142488956451416,,,,,extension56,same_receiving_gpu
reach,15,matched_random_fixed_rank4,6,0.0,0.0,0.0,0.0,122.6730578840428,122.6730578840428,0.0,0.008536934852600098,0.008541971445083618,5.036592483520508e-06,7.781386375427246e-05,0.00013136863708496094,5.3554773330688477e-05,,,,,extension56,same_receiving_gpu
reach,15,matched_random_fixed_rank4,7,1.1659258203048997,0.10643397869311806,0.8504252838463604,0.07763285190589755,111.31802956695233,110.941578414763,-0.37645115218933256,0.0010169744491577148,0.0023277103900909424,0.0013107359409332275,5.066394805908203e-05,0.0008545517921447754,0.0008038878440856934,,,,,extension56,same_receiving_gpu
reach,15,matched_random_fixed_rank4,8,2.2042489173197004,0.2012194757287233,1.4936341874468644,0.13634952285425786,93.8896523397667,94.62974104221182,0.7400887024451208,0.0025067925453186035,0.013609647750854492,0.011102855205535889,7.981061935424805e-05,0.000148773193359375,6.896257400512695e-05,,,,,extension56,same_receiving_gpu
reach,15,matched_random_fixed_rank4,9,3.0964190486095045,0.2826630934020185,2.1904346547726936,0.19995841186000757,75.27617402637995,78.11500322414228,2.8388291977623368,0.0013113617897033691,0.004388779401779175,0.0030774176120758057,0.001343369483947754,0.0002714097499847412,-0.0010719597339630127,,,,,extension56,same_receiving_gpu
reach,15,matched_random_fixed_rank4,10,4.148063562918456,0.3786646638959481,2.539183858398532,0.2317947128163132,58.290355430161746,62.35873515655081,4.068379726389061,0.002909839153289795,0.0019634366035461426,-0.0009464025497436523,0.00011783838272094727,0.00011366605758666992,-4.172325134277344e-06,,,,,extension56,same_receiving_gpu
reach,15,matched_random_fixed_rank4,11,4.881472762924432,0.4456154576834632,3.048510775205953,0.2782896863963102,46.48385886703575,45.82112764737635,-0.6627312196593991,0.0019690096378326416,0.001492232084274292,-0.0004767775535583496,0.00046575069427490234,6.99162483215332e-05,-0.00039583444595336914,,,,,extension56,same_receiving_gpu
reach,15,matched_random_fixed_rank4,12,5.552097861005795,0.5068348733248428,2.7149346636303084,0.24783849290383672,33.40511798341777,31.456531886341175,-1.9485860970765927,0.0030546486377716064,0.005660533905029297,0.0026058852672576904,0.0017271339893341064,1.8328428268432617e-05,-0.0017088055610656738,,,,,extension56,same_receiving_gpu
reach,15,matched_random_fixed_rank4,13,6.055417087810682,0.5527814223493587,3.141447061455374,0.2867735697945711,17.32914100878461,18.44123183459641,1.1120908258118014,0.0040718019008636475,0.001819908618927002,-0.0022518932819366455,0.00038740038871765137,0.0003528594970703125,-3.454089164733887e-05,,,,,extension56,same_receiving_gpu
reach,15,matched_random_fixed_rank4,14,7.709723460575983,0.7037982419140427,3.5058460811167453,0.32003849696145464,9.586094590058382,9.855475817080695,0.26938122702231304,0.014289170503616333,0.003130108118057251,-0.011159062385559082,9.760260581970215e-05,0.00011798739433288574,2.0384788513183594e-05,,,,,extension56,same_receiving_gpu
reach,16,fixed_rank4,0,0.0,0.0,0.0,0.0,170.27262398456074,170.27262398456074,0.0,0.10586845874786377,0.10588836669921875,1.990795135498047e-05,0.0017192363739013672,0.001439809799194336,-0.00027942657470703125,True,10.0,0.0006794186433156332,0.0007462375641902112,extension56,same_receiving_gpu
reach,16,fixed_rank4,1,0.0,0.0,0.0,0.0,166.85650047150972,166.85650047150972,0.0,0.08402490615844727,0.08497810363769531,0.0009531974792480469,0.028296470642089844,0.028045058250427246,-0.00025141239166259766,,,,,extension56,same_receiving_gpu
reach,16,fixed_rank4,2,0.0,0.0,0.0,0.0,160.07986804995267,160.07986804995267,0.0,0.05122971534729004,0.04952365159988403,-0.0017060637474060059,0.00027358531951904297,0.0007766485214233398,0.0005030632019042969,,,,,extension56,same_receiving_gpu
reach,16,fixed_rank4,3,0.0,0.0,0.0,0.0,151.47327451510017,151.47327451510017,0.0,0.014913856983184814,0.01429736614227295,-0.0006164908409118652,0.0007559061050415039,0.0015064477920532227,0.0007505416870117188,,,,,extension56,same_receiving_gpu
reach,16,fixed_rank4,4,3.8484053009260136e-07,3.513097322899391e-08,6.313240577076334e-07,5.763173791702734e-08,142.97339273757242,142.9733932140212,4.7644877554375853e-07,0.0011188983917236328,0.0017409920692443848,0.000622093677520752,0.002146422863006592,0.001802682876586914,-0.00034373998641967773,,,,,extension56,same_receiving_gpu
reach,16,fixed_rank4,5,6.878383109016322e-07,6.27907597995126e-08,8.097516399141267e-07,7.39198731929613e-08,140.2779935193183,140.27799440597119,8.866528844464483e-07,0.011193722486495972,0.01074981689453125,-0.0004439055919647217,0.00022685527801513672,0.00043511390686035156,0.00020825862884521484,,,,,extension56,same_receiving_gpu
reach,16,fixed_rank4,6,1.51819291768063e-06,1.385914179430441e-07,1.0805397002641994e-06,9.863932801909548e-08,132.30160420656622,132.30160399986954,-2.0669668288064713e-07,0.002948582172393799,0.0025027096271514893,-0.00044587254524230957,0.002138584852218628,0.0023254454135894775,0.0001868605613708496,,,,,extension56,same_receiving_gpu
reach,16,fixed_rank4,7,1.669309399816899e-06,1.5238640228918764e-07,1.2671245156703825e-06,1.1567211340007947e-07,125.77276224763679,125.77276176123499,-4.864018023909011e-07,0.004203110933303833,0.0046491920948028564,0.00044608116149902344,0.0019008517265319824,0.001665562391281128,-0.0002352893352508545,,,,,extension56,same_receiving_gpu
reach,16,fixed_rank4,8,2.105943081210116e-06,1.9224542173345245e-07,1.367947699294714e-06,1.2487596873183477e-07,110.81367871354766,110.81367899196341,2.78415754451089e-07,0.00019851326942443848,2.4378299713134766e-05,-0.0001741349697113037,0.002027183771133423,0.002086818218231201,5.963444709777832e-05,,,,,extension56,same_receiving_gpu
reach,16,fixed_rank4,9,2.120430893780571e-06,1.935679720257433e-07,1.488513382621878e-06,1.358820594683868e-07,97.22162126904647,97.2216216186657,3.4961922779075394e-07,0.009330451488494873,0.009836286306381226,0.0005058348178863525,0.0010907948017120361,0.0003345012664794922,-0.0007562935352325439,,,,,extension56,same_receiving_gpu
reach,16,fixed_rank4,10,2.4129135476554793e-06,2.2026786322678712e-07,1.4273356317848923e-06,1.3029732044324555e-07,77.57322047282926,77.57322147922088,1.0063916136004991e-06,0.002607017755508423,0.002495378255844116,-0.00011163949966430664,0.00044664740562438965,0.0002199113368988037,-0.00022673606872558594,,,,,extension56,same_receiving_gpu
reach,16,fixed_rank4,11,3.1259803024537095e-06,2.853616543284531e-07,1.3255753396447277e-06,1.210079191993316e-07,65.75092845713822,65.75093150182286,3.0446846466247734e-06,0.0022478997707366943,0.002468705177307129,0.00022080540657043457,0.0006019473075866699,0.0014545917510986328,0.0008526444435119629,,,,,extension56,same_receiving_gpu
reach,16,fixed_rank4,12,3.203303998657966e-06,2.924203097685777e-07,1.2763989091976582e-06,1.1651874582375762e-07,45.92432605001876,45.92432828688155,2.2368627838886823e-06,0.0011886358261108398,0.001452326774597168,0.0002636909484863281,0.0011223554611206055,0.0006736814975738525,-0.00044867396354675293,,,,,extension56,same_receiving_gpu
reach,16,fixed_rank4,13,3.4071741425364973e-06,3.1103102253592696e-07,1.2619733614099449e-06,1.152018795024744e-07,28.484514957279146,28.48451682435923,1.8670800834286183e-06,0.0004940032958984375,0.0007571876049041748,0.0002631843090057373,0.00043016672134399414,0.001249760389328003,0.0008195936679840088,,,,,extension56,same_receiving_gpu
reach,16,fixed_rank4,14,3.4491571471870656e-06,3.1486352898242035e-07,9.671864527693164e-07,8.829163958252659e-08,14.28784543318733,14.287845372324613,-6.086271753247274e-08,0.0021161139011383057,0.002141028642654419,2.491474151611328e-05,0.0008775293827056885,0.0007058382034301758,-0.0001716911792755127,,,,,extension56,same_receiving_gpu
reach,16,matched_random_fixed_rank4,0,0.0,0.0,0.0,0.0,170.27262398456074,170.27262398456074,0.0,0.10586845874786377,0.10542154312133789,-0.0004469156265258789,0.0017192363739013672,0.001394510269165039,-0.0003247261047363281,True,10.0,0.0005656015872955322,0.0006448419364678653,extension56,same_receiving_gpu
reach,16,matched_random_fixed_rank4,1,0.0,0.0,0.0,0.0,166.85650047150972,166.85650047150972,0.0,0.08402490615844727,0.08418905735015869,0.00016415119171142578,0.028296470642089844,0.028253555297851562,-4.291534423828125e-05,,,,,extension56,same_receiving_gpu
reach,16,matched_random_fixed_rank4,2,0.0,0.0,0.0,0.0,160.07986804995267,160.07986804995267,0.0,0.05122971534729004,0.05099630355834961,-0.0002334117889404297,0.00027358531951904297,0.0011175870895385742,0.0008440017700195312,,,,,extension56,same_receiving_gpu
reach,16,matched_random_fixed_rank4,3,0.0,0.0,0.0,0.0,151.47327451510017,151.47327451510017,0.0,0.014913856983184814,0.014597713947296143,-0.0003161430358886719,0.0007559061050415039,0.0008404850959777832,8.45789909362793e-05,,,,,extension56,same_receiving_gpu
reach,16,matched_random_fixed_rank4,4,0.0,0.0,0.0,0.0,142.97339273757242,142.97339273757242,0.0,0.0011188983917236328,0.0011613965034484863,4.2498111724853516e-05,0.002146422863006592,0.0019423365592956543,-0.0002040863037109375,,,,,extension56,same_receiving_gpu
reach,16,matched_random_fixed_rank4,5,0.0,0.0,0.0,0.0,140.2779935193183,140.2779935193183,0.0,0.011193722486495972,0.010869920253753662,-0.00032380223274230957,0.00022685527801513672,8.13603401184082e-05,-0.00014549493789672852,,,,,extension56,same_receiving_gpu
reach,16,matched_random_fixed_rank4,6,1.5034173709079992,0.13724260123190374,1.2526526485657956,0.11435101872301294,132.30160420656622,131.33872082591364,-0.9628833806525847,0.002948582172393799,0.0027583539485931396,-0.00019022822380065918,0.002138584852218628,0.002656310796737671,0.000517725944519043,,,,,extension56,same_receiving_gpu
reach,16,matched_random_fixed_rank4,7,2.6402420366627606,0.24102002012559592,2.282874460190032,0.2083969729664183,125.77276224763679,126.8845377140702,1.1117754664334143,0.004203110933303833,0.012271255254745483,0.00806814432144165,0.0019008517265319824,0.002070516347885132,0.00016966462135314941,,,,,extension56,same_receiving_gpu
reach,16,matched_random_fixed_rank4,8,4.8607028505442775,0.4437194327621272,4.182194844183893,0.3817804093402203,110.81367871354766,114.54427053451542,3.73059182096776,0.00019851326942443848,0.0011772513389587402,0.0009787380695343018,0.002027183771133423,0.0017780661582946777,-0.0002491176128387451,,,,,extension56,same_receiving_gpu
reach,16,matched_random_fixed_rank4,9,6.040750856479003,0.5514425847270338,4.83163889222098,0.4410662684981171,97.22162126904647,101.477025512753,4.255404243706536,0.009330451488494873,0.0016067922115325928,-0.00772365927696228,0.0010907948017120361,0.00012058019638061523,-0.0009702146053314209,,,,,extension56,same_receiving_gpu
reach,16,matched_random_fixed_rank4,10,7.873539239529179,0.7187525081487004,4.865912269365115,0.4441949854620712,77.57322047282926,86.2671882423754,8.693967769546134,0.002607017755508423,0.0035339295864105225,0.0009269118309020996,0.00044664740562438965,0.0007928907871246338,0.00034624338150024414,,,,,extension56,same_receiving_gpu
reach,16,matched_random_fixed_rank4,11,8.275629475873094,0.7554581569150581,5.105649213731277,0.4660798741781893,65.75092845713822,70.97742370012195,5.226495242983731,0.0022478997707366943,0.0015617311000823975,-0.0006861686706542969,0.0006019473075866699,0.0007451474666595459,0.00014320015907287598,,,,,extension56,same_receiving_gpu
reach,16,matched_random_fixed_rank4,12,8.649944109571202,0.7896282516618475,4.565852617080556,0.4168034121031697,45.92432605001876,50.70767573012931,4.783349680110547,0.0011886358261108398,0.00046190619468688965,-0.0007267296314239502,0.0011223554611206055,0.000402987003326416,-0.0007193684577941895,,,,,extension56,same_receiving_gpu
reach,16,matched_random_fixed_rank4,13,8.6808394526396,0.7924485977152512,4.875857985676522,0.44510290099112193,28.484514957279146,37.3237701276726,8.839255170393457,0.0004940032958984375,0.0017909705638885498,0.0012969672679901123,0.00043016672134399414,0.0013090074062347412,0.0008788406848907471,,,,,extension56,same_receiving_gpu
reach,16,matched_random_fixed_rank4,14,8.829747910635747,0.8060420179565513,4.458643308386209,0.407016585978765,14.28784543318733,27.083556862205093,12.795711429017762,0.0021161139011383057,0.002803981304168701,0.0006878674030303955,0.0008775293827056885,0.00044205784797668457,-0.0004354715347290039,,,,,extension56,same_receiving_gpu
reach,17,fixed_rank4,0,0.0,0.0,0.0,0.0,170.27262398456074,170.27262398456074,0.0,0.02071690559387207,0.020261049270629883,-0.0004558563232421875,0.0031321048736572266,0.0030791759490966797,-5.2928924560546875e-05,True,10.0,-4.8243204752604166e-05,0.00037638850993374417,extension56,same_receiving_gpu
reach,17,fixed_rank4,1,0.0,0.0,0.0,0.0,164.76616576215298,164.76616576215298,0.0,0.006264686584472656,0.006423473358154297,0.00015878677368164062,0.011355400085449219,0.011234760284423828,-0.00012063980102539062,,,,,extension56,same_receiving_gpu
reach,17,fixed_rank4,2,0.0,0.0,0.0,0.0,152.78960642470872,152.78960642470872,0.0,0.0457381010055542,0.046447157859802246,0.0007090568542480469,0.008272886276245117,0.0073163509368896484,-0.0009565353393554688,,,,,extension56,same_receiving_gpu
reach,17,fixed_rank4,3,0.0,0.0,0.0,0.0,144.37010697160594,144.37010697160594,0.0,0.04623675346374512,0.04626154899597168,2.47955322265625e-05,0.00028252601623535156,0.0006998777389526367,0.00041735172271728516,,,,,extension56,same_receiving_gpu
reach,17,fixed_rank4,4,1.3098005787050016,0.119567887131675,1.146530997486657,0.10466348170039017,136.75743734087774,137.13024196637755,0.3728046254998105,0.02891361713409424,0.024113059043884277,-0.004800558090209961,0.00946033000946045,0.016652584075927734,0.007192254066467285,,,,,extension56,same_receiving_gpu
reach,17,fixed_rank4,5,1.7666459574712916,0.16127197367205648,1.5280350304681778,0.1394898758075858,127.72044353066768,127.89431914160208,0.1738756109344024,0.004487514495849609,0.008421540260314941,0.003934025764465332,9.1552734375e-05,0.0011943578720092773,0.0011028051376342773,,,,,extension56,same_receiving_gpu
reach,17,fixed_rank4,6,2.906116463377671,0.26529092362151435,2.3490480598042134,0.21443776850308535,121.47393091188559,119.6954373934525,-1.7784935184330948,0.006808817386627197,0.011033058166503906,0.004224240779876709,0.0017147064208984375,0.00019299983978271484,-0.0015217065811157227,,,,,extension56,same_receiving_gpu
reach,17,fixed_rank4,7,4.146226631463629,0.37849697576354824,2.8141586296063092,0.25689636030553353,108.49094294345282,103.99885587665355,-4.492087066799272,0.006171107292175293,0.016911208629608154,0.010740101337432861,0.0016234517097473145,0.0014929771423339844,-0.00013047456741333008,,,,,extension56,same_receiving_gpu
reach,17,fixed_rank4,8,4.954532369584721,0.45228485678517916,2.9266824763840664,0.2671683351617723,99.86858339136965,95.08293337236809,-4.785650019001565,0.0054312944412231445,0.006181836128234863,0.0007505416870117188,0.001503288745880127,0.004370629787445068,0.0028673410415649414,,,,,extension56,same_receiving_gpu
reach,17,fixed_rank4,9,5.649779922341331,0.5157519847343555,3.3109999092383973,0.30225155636457135,97.441268781227,92.17770297375316,-5.263565807473839,0.0015611648559570312,0.014772772789001465,0.013211607933044434,0.0011348724365234375,0.00093841552734375,-0.0001964569091796875,,,,,extension56,same_receiving_gpu
reach,17,fixed_rank4,10,6.049956625921865,0.5522829526575416,3.971301153951029,0.36252853744421254,90.70628309106812,88.4083833673459,-2.2978997237222103,0.006439387798309326,0.00825875997543335,0.0018193721771240234,0.0023572444915771484,0.0010592937469482422,-0.0012979507446289062,,,,,extension56,same_receiving_gpu
reach,17,fixed_rank4,11,6.615862864460632,0.6039428880376385,3.945930864641342,0.3602125574866546,73.44830889424207,78.10927924226392,4.6609703480218485,0.0006703734397888184,0.0112532377243042,0.01058286428451538,0.002320230007171631,0.0007774233818054199,-0.001542806625366211,,,,,extension56,same_receiving_gpu
reach,17,fixed_rank4,12,6.912129971924133,0.6309882510050664,3.8519736422842263,0.35163547579906773,59.295625874941194,60.49380761281165,1.1981817378704562,0.008030235767364502,0.0013178586959838867,-0.006712377071380615,0.00010412931442260742,0.00042825937271118164,0.0003241300582885742,,,,,extension56,same_receiving_gpu
reach,17,fixed_rank4,13,7.4852698695098265,0.683308526090714,3.922046091316675,0.35803218596485153,45.54103021240647,47.340606731278285,1.7995765188718167,0.0021649599075317383,0.00045812129974365234,-0.001706838607788086,4.494190216064453e-05,0.0010241270065307617,0.0009791851043701172,,,,,extension56,same_receiving_gpu
reach,17,fixed_rank4,14,8.059627779487203,0.7357399899867355,3.6851018766573205,0.33640223742497244,26.298208813923363,30.288571932537117,3.990363118613754,0.00012856721878051758,0.0037233829498291016,0.003594815731048584,0.0003377199172973633,0.000437319278717041,9.959936141967773e-05,,,,,extension56,same_receiving_gpu
reach,17,matched_random_fixed_rank4,0,0.0,0.0,0.0,0.0,170.27262398456074,170.27262398456074,0.0,0.02071690559387207,0.02057790756225586,-0.00013899803161621094,0.0031321048736572266,0.003147125244140625,1.5020370483398438e-05,True,10.0,0.00013218959172566733,0.0003129093632801222,extension56,same_receiving_gpu
reach,17,matched_random_fixed_rank4,1,0.0,0.0,0.0,0.0,164.76616576215298,164.76616576215298,0.0,0.006264686584472656,0.0064275264739990234,0.0001628398895263672,0.011355400085449219,0.011134862899780273,-0.0002205371856689453,,,,,extension56,same_receiving_gpu
reach,17,matched_random_fixed_rank4,2,0.0,0.0,0.0,0.0,152.78960642470872,152.78960642470872,0.0,0.0457381010055542,0.04586589336395264,0.0001277923583984375,0.008272886276245117,0.008014678955078125,-0.0002582073211669922,,,,,extension56,same_receiving_gpu
reach,17,matched_random_fixed_rank4,3,0.0,0.0,0.0,0.0,144.37010697160594,144.37010697160594,0.0,0.04623675346374512,0.046016693115234375,-0.0002200603485107422,0.00028252601623535156,8.094310760498047e-05,-0.0002015829086303711,,,,,extension56,same_receiving_gpu
reach,17,matched_random_fixed_rank4,4,0.0,0.0,0.0,0.0,136.75743734087774,136.75743734087774,0.0,0.02891361713409424,0.028756260871887207,-0.00015735626220703125,0.00946033000946045,0.009683847427368164,0.00022351741790771484,,,,,extension56,same_receiving_gpu
reach,17,matched_random_fixed_rank4,5,0.0,0.0,0.0,0.0,127.72044353066768,127.72044353066768,0.0,0.004487514495849609,0.004486203193664551,-1.3113021850585938e-06,9.1552734375e-05,0.0001595020294189453,6.794929504394531e-05,,,,,extension56,same_receiving_gpu
reach,17,matched_random_fixed_rank4,6,1.3367440171799574,0.12202747530325599,0.7715132513234721,0.0704292018606697,121.47393091188559,121.7086308059796,0.23469989409400682,0.006808817386627197,0.012239634990692139,0.005430817604064941,0.0017147064208984375,0.0030902624130249023,0.0013755559921264648,,,,,extension56,same_receiving_gpu
reach,17,matched_random_fixed_rank4,7,1.802669925146888,0.16456049695651664,1.1728062625182154,0.1070620742607587,108.49094294345282,108.80128435436059,0.31034141090776757,0.006171107292175293,0.004925966262817383,-0.0012451410293579102,0.0016234517097473145,0.0002199411392211914,-0.001403510570526123,,,,,extension56,same_receiving_gpu
reach,17,matched_random_fixed_rank4,8,2.3297436873969923,0.21267552846543283,1.7268406694053504,0.15763826464177194,99.86858339136965,100.60951484619896,0.7409314548293082,0.0054312944412231445,0.01442629098892212,0.008994996547698975,0.001503288745880127,0.0011584758758544922,-0.00034481287002563477,,,,,extension56,same_receiving_gpu
reach,17,matched_random_fixed_rank4,9,3.4226276478814297,0.31244172811425136,2.340113968533383,0.2136222012831114,97.441268781227,95.7170931430766,-1.724175638150399,0.0015611648559570312,0.0031676888465881348,0.0016065239906311035,0.0011348724365234375,0.0013724565505981445,0.00023758411407470703,,,,,extension56,same_receiving_gpu
reach,17,matched_random_fixed_rank4,10,4.430924497207319,0.4044862162871141,3.5654494712545546,0.32547951717516443,90.70628309106812,89.19045124788737,-1.5158318431807487,0.006439387798309326,0.0017184019088745117,-0.0047209858894348145,0.0023572444915771484,0.0011692047119140625,-0.001188039779663086,,,,,extension56,same_receiving_gpu
reach,17,matched_random_fixed_rank4,11,5.438357135531218,0.4964518131499381,4.053529606479293,0.37003493383062463,73.44830889424207,71.78321035695771,-1.665098537284365,0.0006703734397888184,0.0054888129234313965,0.004818439483642578,0.002320230007171631,0.0007545351982116699,-0.001565694808959961,,,,,extension56,same_receiving_gpu
reach,17,matched_random_fixed_rank4,12,6.901604866216586,0.6300274447023748,3.8531239777860713,0.351740486582911,59.295625874941194,55.95671237040874,-3.3389135045324565,0.008030235767364502,0.009128749370574951,0.0010985136032104492,0.00010412931442260742,0.00021880865097045898,0.00011467933654785156,,,,,extension56,same_receiving_gpu
reach,17,matched_random_fixed_rank4,13,7.514376332005205,0.6859655704370301,3.899030388334071,0.35593114934811637,45.54103021240647,40.595901262993834,-4.945128949412634,0.0021649599075317383,0.00015211105346679688,-0.0020128488540649414,4.494190216064453e-05,0.00010269880294799805,5.7756900787353516e-05,,,,,extension56,same_receiving_gpu
reach,17,matched_random_fixed_rank4,14,8.271988462413638,0.755125779381071,3.7784694736997766,0.34492549393167343,26.298208813923363,23.31383445985435,-2.984374354069015,0.00012856721878051758,0.00040531158447265625,0.00027674436569213867,0.0003377199172973633,0.0012375712394714355,0.0008998513221740723,,,,,extension56,same_receiving_gpu
reach,18,fixed_rank4,0,0.0,0.0,0.0,0.0,170.27262398456074,170.27262398456074,0.0,0.2538630962371826,0.2539856433868408,0.00012254714965820312,0.0006566047668457031,0.00011444091796875,-0.0005421638488769531,True,9.0,-0.00035596688588460286,0.000596743475256755,extension56,same_receiving_gpu
reach,18,fixed_rank4,1,1.6007888592788353,0.14613136133833018,0.974407529138186,0.08895083065197615,163.6217516511859,165.05064241245955,1.4288907612736637,0.012612223625183105,0.01629030704498291,0.0036780834197998047,0.00167083740234375,0.0013043880462646484,-0.00036644935607910156,,,,,extension56,same_receiving_gpu
reach,18,fixed_rank4,2,2.3831759550902776,0.21755320485114396,1.3944941485510425,0.12729931691172766,153.2455001152811,155.9543973445219,2.7088972292408187,0.01795172691345215,0.007579326629638672,-0.010372400283813477,0.0018093585968017578,0.006484866142272949,0.004675507545471191,,,,,extension56,same_receiving_gpu
reach,18,fixed_rank4,3,3.196745566148744,0.291821609530715,1.9537061278483179,0.17834815282643263,143.33028494841372,147.64466008232145,4.314375133907731,0.09669530391693115,0.08134567737579346,-0.015349626541137695,0.010519742965698242,0.0008782148361206055,-0.009641528129577637,,,,,extension56,same_receiving_gpu
reach,18,fixed_rank4,4,4.13188766979314,0.3771880136371933,2.617400359596658,0.2389348698288705,138.53099832115004,138.53419384682485,0.003195525674811961,0.0059882402420043945,0.04268848896026611,0.03670024871826172,0.0015032291412353516,0.004308938980102539,0.0028057098388671875,,,,,extension56,same_receiving_gpu
reach,18,fixed_rank4,5,4.726304065597251,0.43145055839266516,3.3854538639067666,0.30904824144246007,130.56230814845304,130.84802873017247,0.28572058171943127,0.06751596927642822,0.00526738166809082,-0.0622485876083374,0.004495024681091309,0.0016937851905822754,-0.002801239490509033,,,,,extension56,same_receiving_gpu
reach,18,fixed_rank4,6,5.597614650874683,0.5109899687509114,3.4641722009251743,0.3162342095881728,123.10187115611652,118.40223974274485,-4.699631413371662,0.006123840808868408,0.013767004013061523,0.007643163204193115,0.0018796324729919434,0.002437889575958252,0.0005582571029663086,,,,,extension56,same_receiving_gpu
reach,18,fixed_rank4,7,6.416772011315985,0.5857684628275934,3.9486602776617272,0.3604617176666568,115.16438362143828,109.03148417801378,-6.132899443424492,0.0040201544761657715,0.003229498863220215,-0.0007906556129455566,0.0012170076370239258,0.0020591020584106445,0.0008420944213867188,,,,,extension56,same_receiving_gpu
reach,18,fixed_rank4,8,6.504704330113155,0.5937955485840842,4.052609813657222,0.36995096861781135,105.0844381827925,97.12419587822762,-7.960242304564872,0.011270225048065186,0.003126680850982666,-0.00814354419708252,0.0006978511810302734,0.001070857048034668,0.00037300586700439453,,,,,extension56,same_receiving_gpu
reach,18,fixed_rank4,9,7.965819863016418,0.7271765379994674,4.5176749082075185,0.41240540911672313,99.3185634100889,88.80333923954976,-10.515224170539142,0.01577746868133545,0.0008349418640136719,-0.014942526817321777,0.00044798851013183594,0.0016918182373046875,0.0012438297271728516,,,,,extension56,same_receiving_gpu
reach,18,fixed_rank4,10,8.552910885624748,0.7807703707313604,4.705780755610614,0.42957704508693983,88.66461413349444,80.96198127032358,-7.702632863170862,0.030947446823120117,0.0002484917640686035,-0.030698955059051514,0.002364814281463623,0.00022029876708984375,-0.0021445155143737793,,,,,extension56,same_receiving_gpu
reach,18,fixed_rank4,11,9.176599694292127,0.8377051089598017,4.385612641505652,0.4003498287054104,79.03876590818118,74.32337747351579,-4.715388434665385,0.0065901875495910645,0.0007734894752502441,-0.00581669807434082,0.000399172306060791,0.0009167790412902832,0.0005176067352294922,,,,,extension56,same_receiving_gpu
reach,18,fixed_rank4,12,10.184171162452007,0.9296833791947623,4.399650682876439,0.4016313206924056,65.12958292901817,61.47513048767348,-3.654452441344688,0.0039885640144348145,0.001788794994354248,-0.0021997690200805664,0.0008234381675720215,0.0008813142776489258,5.78761100769043e-05,,,,,extension56,same_receiving_gpu
reach,18,fixed_rank4,13,10.285865713801828,0.9389667791530397,4.395690617914085,0.4012698178742279,51.226504816791596,49.84334281670762,-1.3831620000839777,0.00447392463684082,0.004390418529510498,-8.350610733032227e-05,0.0009214878082275391,1.531839370727539e-05,-0.0009061694145202637,,,,,extension56,same_receiving_gpu
reach,18,fixed_rank4,14,10.727204670726609,0.9792553295219568,4.319960688578212,0.3943566527783062,34.80129939351835,43.476205761119,8.674906367600649,0.0030373334884643555,0.01081860065460205,0.007781267166137695,0.0003871321678161621,0.0003883838653564453,1.2516975402832031e-06,,,,,extension56,same_receiving_gpu
reach,18,matched_random_fixed_rank4,0,0.0,0.0,0.0,0.0,170.27262398456074,170.27262398456074,0.0,0.2538630962371826,0.2542130947113037,0.00034999847412109375,0.0006566047668457031,9.226799011230469e-05,-0.0005643367767333984,True,9.0,2.010981241861979e-05,0.0003325388827531031,extension56,same_receiving_gpu
reach,18,matched_random_fixed_rank4,1,1.6007888592788353,0.14613136133833018,0.974407529138186,0.08895083065197615,163.6217516511859,165.05064241245955,1.4288907612736637,0.012612223625183105,0.015781760215759277,0.003169536590576172,0.00167083740234375,0.001363992691040039,-0.00030684471130371094,,,,,extension56,same_receiving_gpu
reach,18,matched_random_fixed_rank4,2,2.3831759550902776,0.21755320485114396,1.3944941485510425,0.12729931691172766,153.2455001152811,155.9543973445219,2.7088972292408187,0.01795172691345215,0.008717536926269531,-0.009234189987182617,0.0018093585968017578,0.006659984588623047,0.004850625991821289,,,,,extension56,same_receiving_gpu
reach,18,matched_random_fixed_rank4,3,3.1967455453968916,0.29182160763633874,1.9537061904096515,0.1783481585374749,143.33028494841372,147.6446608398578,4.314375891444087,0.09669530391693115,0.08122408390045166,-0.015471220016479492,0.010519742965698242,0.0011260509490966797,-0.009393692016601562,,,,,extension56,same_receiving_gpu
reach,18,matched_random_fixed_rank4,4,4.131887812298359,0.37718802664608053,2.6174004073467843,0.2389348741878407,138.53099832115004,138.53419400629275,0.0031956851427139554,0.0059882402420043945,0.04282951354980469,0.03684127330780029,0.0015032291412353516,0.003795623779296875,0.0022923946380615234,,,,,extension56,same_receiving_gpu
reach,18,matched_random_fixed_rank4,5,4.726304038792364,0.43145055594572485,3.3854539408122006,0.30904824846293366,130.56230814845304,130.84803012294276,0.2857219744897179,0.06751596927642822,0.005489468574523926,-0.0620265007019043,0.004495024681091309,0.001662909984588623,-0.0028321146965026855,,,,,extension56,same_receiving_gpu
reach,18,matched_random_fixed_rank4,6,5.597614711735268,0.5109899743066973,3.4641721740719706,0.3162342071368219,123.10187115611652,118.40224064500352,-4.699630511113,0.006123840808868408,0.013582468032836914,0.007458627223968506,0.0018796324729919434,0.002651035785675049,0.0007714033126831055,,,,,extension56,same_receiving_gpu
reach,18,matched_random_fixed_rank4,7,6.4167719602186715,0.5857684581630681,3.9486601871295672,0.3604617094022391,115.16438362143828,109.0314842473689,-6.132899374069382,0.0040201544761657715,0.003708779811859131,-0.0003113746643066406,0.0012170076370239258,0.0016800761222839355,0.00046306848526000977,,,,,extension56,same_receiving_gpu
reach,18,matched_random_fixed_rank4,8,6.504704316020456,0.5937955472976029,4.052609594426651,0.3699509486048899,105.0844381827925,97.12419537772789,-7.96024280506461,0.011270225048065186,0.0023269057273864746,-0.008943319320678711,0.0006978511810302734,0.0011287331581115723,0.00043088197708129883,,,,,extension56,same_receiving_gpu
reach,18,matched_random_fixed_rank4,9,7.9658199758804304,0.7271765483024949,4.517674699052805,0.4124053900235974,99.3185634100889,88.80333784266475,-10.515225567424153,0.01577746868133545,0.0008489489555358887,-0.01492851972579956,0.00044798851013183594,0.0010652542114257812,0.0006172657012939453,,,,,extension56,same_receiving_gpu
reach,18,matched_random_fixed_rank4,10,8.552911226770703,0.7807704018735828,4.705780532393947,0.4295770247101391,88.66461413349444,80.96198034984694,-7.702633783647499,0.030947446823120117,0.00040918588638305664,-0.03053826093673706,0.002364814281463623,0.00017756223678588867,-0.0021872520446777344,,,,,extension56,same_receiving_gpu
reach,18,matched_random_fixed_rank4,11,9.270108916209335,0.8462412939896036,4.39372820974916,0.4010906753377341,79.03876590818118,73.92336194088372,-5.115403967297453,0.0065901875495910645,0.0025812387466430664,-0.004008948802947998,0.000399172306060791,0.0013767480850219727,0.0009775757789611816,,,,,extension56,same_receiving_gpu
reach,18,matched_random_fixed_rank4,12,10.26472274573024,0.9370366990621362,4.447395148811183,0.4059897741904883,65.12958292901817,59.55814116422606,-5.571441764792112,0.0039885640144348145,0.0005345344543457031,-0.0034540295600891113,0.0008234381675720215,0.00015801191329956055,-0.0006654262542724609,,,,,extension56,same_receiving_gpu
reach,18,matched_random_fixed_rank4,13,10.406957052469043,0.9500208554374616,4.405849524995265,0.402197194968888,51.226504816791596,46.38964580665131,-4.836859010140287,0.00447392463684082,0.004830777645111084,0.00035685300827026367,0.0009214878082275391,0.0004608631134033203,-0.00046062469482421875,,,,,extension56,same_receiving_gpu
reach,18,matched_random_fixed_rank4,14,10.786994188159357,0.9847133407553342,4.434992734419279,0.4048575938354929,34.80129939351835,39.70537097136226,4.904071577843908,0.0030373334884643555,0.005940616130828857,0.002903282642364502,0.0003871321678161621,0.0009300112724304199,0.0005428791046142578,,,,,extension56,same_receiving_gpu
reach,19,fixed_rank4,0,0.0,0.0,0.0,0.0,170.27262398456074,170.27262398456074,0.0,0.003436565399169922,0.003871917724609375,0.0004353523254394531,0.0013561248779296875,0.0009889602661132812,-0.00036716461181640625,True,10.0,-0.00022568146387736004,0.0004317942691747859,extension56,same_receiving_gpu
reach,19,fixed_rank4,1,0.0,0.0,0.0,0.0,161.76257821300518,161.76257821300518,0.0,0.028070688247680664,0.028859615325927734,0.0007889270782470703,0.03999662399291992,0.0400087833404541,1.2159347534179688e-05,,,,,extension56,same_receiving_gpu
reach,19,fixed_rank4,2,2.6483776979899674e-07,2.4176270099711823e-08,6.165552397244335e-07,5.628353545751291e-08,156.161505605338,156.16150522357935,-3.8175863892320194e-07,0.07556724548339844,0.0763477087020874,0.0007804632186889648,0.004643440246582031,0.0045430660247802734,-0.00010037422180175781,,,,,extension56,same_receiving_gpu
reach,19,fixed_rank4,3,5.406814843633444e-07,4.935724090186342e-08,7.673736327638467e-07,7.005130811657404e-08,148.71217444815593,148.71217304534161,-1.4028143198174803e-06,0.015836238861083984,0.015559673309326172,-0.0002765655517578125,0.006338953971862793,0.0062558650970458984,-8.308887481689453e-05,,,,,extension56,same_receiving_gpu
reach,19,fixed_rank4,4,8.172675645201856e-07,7.460598010083573e-08,9.749733092162365e-07,8.900247907053203e-08,139.11408334704396,139.1140815240765,-1.822967448106283e-06,0.02358400821685791,0.02283167839050293,-0.0007523298263549805,1.7642974853515625e-05,0.0004564523696899414,0.0004388093948364258,,,,,extension56,same_receiving_gpu
reach,19,fixed_rank4,5,1.5119823614037495,0.13802447431512702,1.3070614151835755,0.1193178368567783,131.5814340016397,131.51197441997155,-0.06945958166815558,0.00017249584197998047,0.01778113842010498,0.017608642578125,0.00013113021850585938,0.0016673803329467773,0.001536250114440918,,,,,extension56,same_receiving_gpu
reach,19,fixed_rank4,6,2.147015696534601,0.19599482138494453,1.5674796447796973,0.1430906599793375,123.75022985743749,123.46668025908194,-0.28354959835554894,0.005380511283874512,0.010849714279174805,0.005469202995300293,0.0030105113983154297,0.0003908872604370117,-0.002619624137878418,,,,,extension56,same_receiving_gpu
reach,19,fixed_rank4,7,3.072770699776815,0.28050430438478274,2.3357291027682017,0.21322191963457438,114.3018757800024,116.76784747924764,2.4659716992452303,0.017567753791809082,0.010479092597961426,-0.007088661193847656,0.0025817155838012695,0.0009481906890869141,-0.0016335248947143555,,,,,extension56,same_receiving_gpu
reach,19,fixed_rank4,8,3.8902295704412766,0.35512774826738663,3.237049708322491,0.2955008575022912,104.77193847325745,108.21356128590044,3.44162281264299,0.013546586036682129,0.004847288131713867,-0.008699297904968262,0.0015292167663574219,0.0006612539291381836,-0.0008679628372192383,,,,,extension56,same_receiving_gpu
reach,19,fixed_rank4,9,5.564544659837199,0.5079711054062909,3.246519399913797,0.296365318118487,95.21571010855746,96.43675810259512,1.2210479940376615,0.0031757354736328125,0.006166696548461914,0.0029909610748291016,0.0018924474716186523,0.00035202503204345703,-0.0015404224395751953,,,,,extension56,same_receiving_gpu
reach,19,fixed_rank4,10,6.400293816635337,0.5842642163386679,3.266242351407682,0.2981657690241172,86.52702283933621,88.2766967311403,1.7496738918040933,0.004986166954040527,0.005817532539367676,0.0008313655853271484,0.00016200542449951172,0.00041544437408447266,0.00025343894958496094,,,,,extension56,same_receiving_gpu
reach,19,fixed_rank4,11,7.798958239380335,0.7119442254582308,3.9006412484254867,0.3560782000829586,79.1279748033877,78.03476643804015,-1.0932083653475502,0.011611342430114746,0.0011856555938720703,-0.010425686836242676,0.0004385709762573242,0.005496978759765625,0.005058407783508301,,,,,extension56,same_receiving_gpu
reach,19,fixed_rank4,12,9.366991470168237,0.8550854206949372,3.9802619719378747,0.36334654446839476,72.57978386116756,66.56234746578596,-6.017436395381594,0.0013142824172973633,0.0059163570404052734,0.00460207462310791,0.0003409385681152344,0.0009381771087646484,0.0005972385406494141,,,,,extension56,same_receiving_gpu
reach,19,fixed_rank4,13,9.881678884068554,0.9020697384711375,3.725301016493476,0.34007190003840027,60.70622115346725,46.73644682590419,-13.969774327563059,0.0033805370330810547,0.0036661624908447266,0.0002856254577636719,2.7298927307128906e-05,5.8650970458984375e-05,3.135204315185547e-05,,,,,extension56,same_receiving_gpu
reach,19,fixed_rank4,14,10.69541859626652,0.9763536711892354,3.771898180574088,0.3443256196855204,51.81101607760504,41.502788615117815,-10.308227462487224,0.0008544921875,0.0071021318435668945,0.0062476396560668945,0.00017958879470825195,0.003011763095855713,0.002832174301147461,,,,,extension56,same_receiving_gpu
reach,19,matched_random_fixed_rank4,0,0.0,0.0,0.0,0.0,170.27262398456074,170.27262398456074,0.0,0.003436565399169922,0.0039174556732177734,0.00048089027404785156,0.0013561248779296875,0.001125335693359375,-0.0002307891845703125,True,10.0,6.66205088297526e-05,0.0003235821587380953,extension56,same_receiving_gpu
reach,19,matched_random_fixed_rank4,1,0.0,0.0,0.0,0.0,161.76257821300518,161.76257821300518,0.0,0.028070688247680664,0.027655839920043945,-0.00041484832763671875,0.03999662399291992,0.04002809524536133,3.147125244140625e-05,,,,,extension56,same_receiving_gpu
reach,19,matched_random_fixed_rank4,2,0.0,0.0,0.0,0.0,156.161505605338,156.161505605338,0.0,0.07556724548339844,0.07526183128356934,-0.00030541419982910156,0.004643440246582031,0.004229545593261719,-0.0004138946533203125,,,,,extension56,same_receiving_gpu
reach,19,matched_random_fixed_rank4,3,0.0,0.0,0.0,0.0,148.71217444815593,148.71217444815593,0.0,0.015836238861083984,0.015787601470947266,-4.863739013671875e-05,0.006338953971862793,0.006252408027648926,-8.654594421386719e-05,,,,,extension56,same_receiving_gpu
reach,19,matched_random_fixed_rank4,4,0.0,0.0,0.0,0.0,139.11408334704396,139.11408334704396,0.0,0.02358400821685791,0.02341330051422119,-0.00017070770263671875,1.7642974853515625e-05,0.00011432170867919922,9.66787338256836e-05,,,,,extension56,same_receiving_gpu
reach,19,matched_random_fixed_rank4,5,1.5119824191324445,0.13802447958501174,1.307061517089165,0.11931784615944331,131.5814340016397,131.51197745562177,-0.06945654601793194,0.00017249584197998047,0.017650842666625977,0.017478346824645996,0.00013113021850585938,0.0017224550247192383,0.001591324806213379,,,,,extension56,same_receiving_gpu
reach,19,matched_random_fixed_rank4,6,2.147015822613114,0.19599483289428551,1.5674795595392754,0.1430906521979872,123.75022985743749,123.46668322122215,-0.28354663621533405,0.005380511283874512,0.009741783142089844,0.004361271858215332,0.0030105113983154297,0.0001983642578125,-0.0028121471405029297,,,,,extension56,same_receiving_gpu
reach,19,matched_random_fixed_rank4,7,3.0727708011733457,0.2805043136409772,2.3357292399878427,0.2132219321609565,114.3018757800024,116.767851990964,2.4659762109615997,0.017567753791809082,0.010343432426452637,-0.007224321365356445,0.0025817155838012695,0.0007959604263305664,-0.0017857551574707031,,,,,extension56,same_receiving_gpu
reach,19,matched_random_fixed_rank4,8,3.890229627337855,0.35512775346130987,3.237049823999834,0.2955008680621395,104.77193847325745,108.21356735800498,3.44162888474753,0.013546586036682129,0.004835724830627441,-0.008710861206054688,0.0015292167663574219,0.0006530284881591797,-0.0008761882781982422,,,,,extension56,same_receiving_gpu
reach,19,matched_random_fixed_rank4,9,5.564544733376815,0.5079711121195086,3.246519591300276,0.2963653355896023,95.21571010855746,96.43676440593599,1.2210542973785294,0.0031757354736328125,0.005760669708251953,0.0025849342346191406,0.0018924474716186523,8.702278137207031e-06,-0.0018837451934814453,,,,,extension56,same_receiving_gpu
reach,19,matched_random_fixed_rank4,10,6.595829675295223,0.6021141164368614,3.373720197601872,0.30797710915622195,86.52702283933621,88.22061589279232,1.6935930534561123,0.004986166954040527,0.007830023765563965,0.0028438568115234375,0.00016200542449951172,0.0020279884338378906,0.001865983009338379,,,,,extension56,same_receiving_gpu
reach,19,matched_random_fixed_rank4,11,7.85548695084703,0.7171045671943991,4.008982105269084,0.3659683219484046,79.1279748033877,80.60797910182694,1.4800042984392405,0.011611342430114746,0.00902092456817627,-0.0025904178619384766,0.0004385709762573242,0.001482844352722168,0.0010442733764648438,,,,,extension56,same_receiving_gpu
reach,19,matched_random_fixed_rank4,12,9.573679482577363,0.8739533684886681,4.068483182719135,0.3714000023342804,72.57978386116756,70.39495633575225,-2.184827525415301,0.0013142824172973633,0.0006538629531860352,-0.0006604194641113281,0.0003409385681152344,7.021427154541016e-05,-0.0002707242965698242,,,,,extension56,same_receiving_gpu
reach,19,matched_random_fixed_rank4,13,10.375913647856521,0.9471869932761219,4.232293771160422,0.3863537947421951,60.70622115346725,58.86395652226018,-1.8422646312070654,0.0033805370330810547,0.0009025931358337402,-0.0024779438972473145,2.7298927307128906e-05,0.0004925727844238281,0.0004652738571166992,,,,,extension56,same_receiving_gpu
reach,19,matched_random_fixed_rank4,14,10.89068387851003,0.9941788711529658,4.6160729908910065,0.4213878840335573,51.81101607760504,57.66629789734223,5.855281819737193,0.0008544921875,0.0012490153312683105,0.00039452314376831055,0.00017958879470825195,0.00045871734619140625,0.0002791285514831543,,,,,extension56,same_receiving_gpu
reach,20,fixed_rank4,0,0.0,0.0,0.0,0.0,170.27262398456074,170.27262398456074,0.0,0.047879695892333984,0.04810738563537598,0.0002276897430419922,9.059906005859375e-06,0.0003330707550048828,0.00032401084899902344,True,9.0,0.0002573227882385254,0.0004809894880623987,extension56,same_receiving_gpu
reach,20,fixed_rank4,1,1.5295468647536261,0.13962788676447743,1.2859332789806148,0.11738911072404443,170.08935244120175,168.40928037413477,-1.6800720670669875,0.013904333114624023,0.0952986478805542,0.08139431476593018,0.0016086101531982422,0.01275944709777832,0.011150836944580078,,,,,extension56,same_receiving_gpu
reach,20,fixed_rank4,2,2.2855336364621723,0.20863972143785728,1.8819131685247095,0.17179438227783408,164.9247986218412,160.53713929102034,-4.387659330820867,0.07993316650390625,0.09826421737670898,0.018331050872802734,0.013348102569580078,0.005191206932067871,-0.008156895637512207,,,,,extension56,same_receiving_gpu
reach,20,fixed_rank4,3,3.3720425958545346,0.30782396576963417,2.5029594871538396,0.22848789527262,160.015966748315,154.73609825282435,-5.2798684954906605,0.08538377285003662,0.040279269218444824,-0.0451045036315918,0.005952239036560059,0.005578875541687012,-0.0003733634948730469,,,,,extension56,same_receiving_gpu
reach,20,fixed_rank4,4,4.461171568910724,0.40724738353218615,2.81956700617222,0.2573900752796388,144.86646557196127,141.01331396875455,-3.853151603206726,0.01182091236114502,0.019202470779418945,0.007381558418273926,0.0011199712753295898,0.010067105293273926,0.008947134017944336,,,,,extension56,same_receiving_gpu
reach,20,fixed_rank4,5,5.701305403068842,0.520455596081148,3.247339414921943,0.2964401749047294,135.0250298654252,132.92071625132698,-2.1043136140982313,0.0018185973167419434,0.016296327114105225,0.014477729797363281,0.0011096596717834473,0.002445399761199951,0.001335740089416504,,,,,extension56,same_receiving_gpu
reach,20,fixed_rank4,6,6.974659352096392,0.6366963763429268,4.18288140592257,0.3818430835654525,122.22899253847133,122.6614143990588,0.4324218605874677,0.011873304843902588,0.024684369564056396,0.012811064720153809,0.0030477046966552734,0.0018553733825683594,-0.001192331314086914,,,,,extension56,same_receiving_gpu
reach,20,fixed_rank4,7,8.029527779320471,0.7329922484746975,4.015891814507131,0.3665990892176513,116.37079615124476,117.22247367501352,0.8516775237687568,0.025770366191864014,0.001631617546081543,-0.02413874864578247,0.0026202797889709473,0.003270089626312256,0.0006498098373413086,,,,,extension56,same_receiving_gpu
reach,20,fixed_rank4,8,8.910820767175817,0.8134429233446141,4.385826465114144,0.4003693480410269,103.73426157948025,101.82750783945103,-1.9067537400292167,0.05206012725830078,0.00407642126083374,-0.04798370599746704,0.00017207860946655273,0.0038954615592956543,0.0037233829498291016,,,,,extension56,same_receiving_gpu
reach,20,fixed_rank4,9,10.341938524482755,0.9440855030318165,4.124930145924268,0.3765528815092997,94.97835052814855,94.92373633338178,-0.05461419476677065,0.0030678510665893555,0.009032666683197021,0.005964815616607666,0.0038200020790100098,0.00015020370483398438,-0.0036697983741760254,,,,,extension56,same_receiving_gpu
reach,20,fixed_rank4,10,11.327130486399142,1.034020813200879,4.9690491067208535,0.45361004751698447,84.92029594054478,86.34095720280439,1.420661262259614,0.006201207637786865,0.013254106044769287,0.007052898406982422,0.0009434819221496582,0.0007537603378295898,-0.00018972158432006836,,,,,extension56,same_receiving_gpu
reach,20,fixed_rank4,11,12.539991447777194,1.144739364478239,5.294882664346068,0.4833544457675661,79.61281834991382,79.53136450992136,-0.08145383999246292,0.008347630500793457,0.003284454345703125,-0.005063176155090332,0.0007039904594421387,0.0003604292869567871,-0.00034356117248535156,,,,,extension56,same_receiving_gpu
reach,20,fixed_rank4,12,14.199116571027625,1.2961960737662057,4.759484545236137,0.4344795079205082,72.67669785948848,70.08254311238221,-2.5941547471062734,0.0011314749717712402,0.004626274108886719,0.0034947991371154785,0.0004749894142150879,0.0007859468460083008,0.0003109574317932129,,,,,extension56,same_receiving_gpu
reach,20,fixed_rank4,13,15.160028208811854,1.3839149037301481,4.640377439697711,0.4236065665100842,59.72046069743352,52.81596366349878,-6.904497033934746,0.002276599407196045,0.0009622573852539062,-0.0013143420219421387,0.0012136101722717285,0.0002980232238769531,-0.0009155869483947754,,,,,extension56,same_receiving_gpu
reach,20,fixed_rank4,14,15.202729001044217,1.3878129349183164,4.324402955943371,0.3947621744520339,40.15082227121134,36.84652670767862,-3.304295563532719,0.0036098361015319824,0.004903912544250488,0.0012940764427185059,4.6133995056152344e-05,0.0009979605674743652,0.0009518265724182129,,,,,extension56,same_receiving_gpu
reach,20,matched_random_fixed_rank4,0,0.0,0.0,0.0,0.0,170.27262398456074,170.27262398456074,0.0,0.047879695892333984,0.048091888427734375,0.00021219253540039062,9.059906005859375e-06,6.413459777832031e-05,5.507469177246094e-05,True,9.0,0.00023943424224853515,0.00036673604271762446,extension56,same_receiving_gpu
reach,20,matched_random_fixed_rank4,1,1.5295468647536261,0.13962788676447743,1.2859332789806148,0.11738911072404443,170.08935244120175,168.40928037413477,-1.6800720670669875,0.013904333114624023,0.09473717212677002,0.080832839012146,0.0016086101531982422,0.013054847717285156,0.011446237564086914,,,,,extension56,same_receiving_gpu
reach,20,matched_random_fixed_rank4,2,2.2855336364621723,0.20863972143785728,1.8819131685247095,0.17179438227783408,164.9247986218412,160.53713929102034,-4.387659330820867,0.07993316650390625,0.0989764928817749,0.019043326377868652,0.013348102569580078,0.004281163215637207,-0.009066939353942871,,,,,extension56,same_receiving_gpu
reach,20,matched_random_fixed_rank4,3,3.3720425958545346,0.30782396576963417,2.5029594871538396,0.22848789527262,160.015966748315,154.73609825282435,-5.2798684954906605,0.08538377285003662,0.039219021797180176,-0.046164751052856445,0.005952239036560059,0.005421996116638184,-0.000530242919921875,,,,,extension56,same_receiving_gpu
reach,20,matched_random_fixed_rank4,4,4.461171568910724,0.40724738353218615,2.81956700617222,0.2573900752796388,144.86646557196127,141.01331396875455,-3.853151603206726,0.01182091236114502,0.01912534236907959,0.00730443000793457,0.0011199712753295898,0.010234832763671875,0.009114861488342285,,,,,extension56,same_receiving_gpu
reach,20,matched_random_fixed_rank4,5,5.701305457595683,0.5204556010587449,3.247339521499314,0.2964401846338678,135.0250298654252,132.92071625609563,-2.10431360932958,0.0018185973167419434,0.016431570053100586,0.014612972736358643,0.0011096596717834473,0.0028303861618041992,0.001720726490020752,,,,,extension56,same_receiving_gpu
reach,20,matched_random_fixed_rank4,6,6.974659336590236,0.6366963749274148,4.182881710576413,0.3818431113764162,122.22899253847133,122.6614140624764,0.43242152400506484,0.011873304843902588,0.024607837200164795,0.012734532356262207,0.0030477046966552734,0.0022794604301452637,-0.0007682442665100098,,,,,extension56,same_receiving_gpu
reach,20,matched_random_fixed_rank4,7,8.029527706130501,0.7329922417933982,4.01589187910581,0.366599095114677,116.37079615124476,117.22247266365468,0.8516765124099237,0.025770366191864014,0.0018723607063293457,-0.023898005485534668,0.0026202797889709473,0.0029340386390686035,0.00031375885009765625,,,,,extension56,same_receiving_gpu
reach,20,matched_random_fixed_rank4,8,8.910820608291472,0.8134429088405242,4.385826447142352,0.40036934640043426,103.73426157948025,101.82750861098495,-1.9067529684952973,0.05206012725830078,0.0039553046226501465,-0.048104822635650635,0.00017207860946655273,0.004135549068450928,0.003963470458984375,,,,,extension56,same_receiving_gpu
reach,20,matched_random_fixed_rank4,9,10.341937859570951,0.9440854423339508,4.124930181452138,0.3765528847525357,94.97835052814855,94.92373645563009,-0.0546140725184614,0.0030678510665893555,0.009364902973175049,0.006297051906585693,0.0038200020790100098,0.0004291534423828125,-0.0033908486366271973,,,,,extension56,same_receiving_gpu
reach,20,matched_random_fixed_rank4,10,11.327129553489574,1.0340207280382765,4.969049184934128,0.4536100546568469,84.92029594054478,86.34095606467673,1.420660124131956,0.006201207637786865,0.012816071510314941,0.006614863872528076,0.0009434819221496582,0.0001995563507080078,-0.0007439255714416504,,,,,extension56,same_receiving_gpu
reach,20,matched_random_fixed_rank4,11,12.539990575968643,1.144739284893371,5.294882722511473,0.48335445107731684,79.61281834991382,79.5313596522592,-0.08145869765462521,0.008347630500793457,0.0037413835525512695,-0.0046062469482421875,0.0007039904594421387,0.0004456639289855957,-0.00025832653045654297,,,,,extension56,same_receiving_gpu
reach,20,matched_random_fixed_rank4,12,14.199115953369322,1.2961960173819749,4.759484637298276,0.4344795163245933,72.67669785948848,70.08253730594502,-2.5941605535434604,0.0011314749717712402,0.004671812057495117,0.003540337085723877,0.0004749894142150879,0.0007356405258178711,0.0002606511116027832,,,,,extension56,same_receiving_gpu
reach,20,matched_random_fixed_rank4,13,15.16002764266185,1.3839148520479605,4.640377581787232,0.4236065794810235,59.72046069743352,52.81595494476996,-6.90450575266356,0.002276599407196045,0.0006687045097351074,-0.0016078948974609375,0.0012136101722717285,0.00042492151260375977,-0.0007886886596679688,,,,,extension56,same_receiving_gpu
reach,20,matched_random_fixed_rank4,14,15.20272887141752,1.387812923085072,4.324403250440905,0.3947622013358576,40.15082227121134,36.84651780152383,-3.3043044696875086,0.0036098361015319824,0.00473940372467041,0.0011295676231384277,4.6133995056152344e-05,0.001070261001586914,0.0010241270065307617,,,,,extension56,same_receiving_gpu
reach,21,fixed_rank4,0,0.0,0.0,0.0,0.0,170.27262398456074,170.27262398456074,0.0,0.05610489845275879,0.0565943717956543,0.0004894733428955078,0.0013887882232666016,0.0012218952178955078,-0.00016689300537109375,True,10.0,0.0006274247169494629,0.0006665380404918066,extension56,same_receiving_gpu
reach,21,fixed_rank4,1,0.0,0.0,0.0,0.0,154.21333526722208,154.21333526722208,0.0,0.02149677276611328,0.02151775360107422,2.09808349609375e-05,0.0048313140869140625,0.004613280296325684,-0.0002180337905883789,,,,,extension56,same_receiving_gpu
reach,21,fixed_rank4,2,3.2495136632541824e-07,2.966386557142603e-08,4.823927300047471e-07,4.403622996668319e-08,146.20691680661787,146.20691718609106,3.794731924244843e-07,0.02374255657196045,0.024149656295776367,0.00040709972381591797,0.0008918046951293945,0.0014767646789550781,0.0005849599838256836,,,,,extension56,same_receiving_gpu
reach,21,fixed_rank4,3,3.7000708653460625e-07,3.377687128862831e-08,4.842304232499576e-07,4.420398764071264e-08,138.0616529411169,138.06165345587718,5.147602735178225e-07,0.049272894859313965,0.048659563064575195,-0.0006133317947387695,0.0009191036224365234,0.0007828474044799805,-0.00013625621795654297,,,,,extension56,same_receiving_gpu
reach,21,fixed_rank4,4,5.134147462058602e-07,4.686813964212325e-08,5.430241572346866e-07,4.9571096697944996e-08,128.99685781906896,128.9968583592513,5.401823273132322e-07,0.04176253080368042,0.04183852672576904,7.599592208862305e-05,0.006734013557434082,0.006928682327270508,0.00019466876983642578,,,,,extension56,same_receiving_gpu
reach,21,fixed_rank4,5,5.904908286089956e-07,5.3904191138177294e-08,6.810662080065274e-07,6.217255421328011e-08,122.76889005836424,122.76889131599546,1.2576312258261169e-06,0.02279984951019287,0.022595226764678955,-0.00020462274551391602,8.976459503173828e-05,9.900331497192383e-05,9.238719940185547e-06,,,,,extension56,same_receiving_gpu
reach,21,fixed_rank4,6,1.1435822132379545,0.1043942957586851,0.9644943039449384,0.08804588114264777,112.30636894590324,111.6073850794102,-0.6989838664930517,0.0092429518699646,0.0072394609451293945,-0.002003490924835205,0.0026838183403015137,0.001660168170928955,-0.0010236501693725586,,,,,extension56,same_receiving_gpu
reach,21,fixed_rank4,7,2.3028187049350803,0.21021762508962946,1.508030717551387,0.1376637402355994,104.40229836222274,102.06707265743589,-2.3352257047868505,0.010705769062042236,0.0013521909713745117,-0.009353578090667725,0.0003959536552429199,0.00034362077713012695,-5.233287811279297e-05,,,,,extension56,same_receiving_gpu
reach,21,fixed_rank4,8,3.3801285670560994,0.30856211057403987,2.1440213375640558,0.19572147505937196,95.35958676389357,94.48230548094703,-0.8772812829465408,0.004040420055389404,0.02989894151687622,0.025858521461486816,0.0024606287479400635,0.0027393698692321777,0.00027874112129211426,,,,,extension56,same_receiving_gpu
reach,21,fixed_rank4,9,4.252964696033379,0.388240783381764,2.7327801672978294,0.2494675570552938,83.99832481073452,86.32869177509015,2.3303669643556333,0.005172252655029297,0.0042823851108551025,-0.0008898675441741943,0.00012201070785522461,0.0019504725933074951,0.0018284618854522705,,,,,extension56,same_receiving_gpu
reach,21,fixed_rank4,10,6.2425801970381976,0.5698669984921443,3.2358928803280835,0.2953952540376761,74.96775833983763,79.30986163277382,4.342103292936187,0.0011368989944458008,0.0027756690979003906,0.0016387701034545898,0.00029417872428894043,0.0008447170257568359,0.0005505383014678955,,,,,extension56,same_receiving_gpu
reach,21,fixed_rank4,11,7.921450656423077,0.7231262021145042,3.2987170278094213,0.3011302878262695,73.20377594988678,64.89212794342126,-8.311648006465518,0.0065025389194488525,0.0005452334880828857,-0.005957305431365967,0.001697629690170288,0.00018647313117980957,-0.0015111565589904785,,,,,extension56,same_receiving_gpu
reach,21,fixed_rank4,12,7.676854828040276,0.7007977600016838,4.244013400269298,0.3874236456136161,63.02793537688374,52.38233768017002,-10.645597696713722,0.0021113455295562744,0.000728994607925415,-0.0013823509216308594,0.001128554344177246,0.00029087066650390625,-0.0008376836776733398,,,,,extension56,same_receiving_gpu
reach,21,fixed_rank4,13,8.409904627353528,0.7677157451447677,4.374364988281955,0.3993230631404747,55.669614773400056,35.43867211696076,-20.230942656439296,0.0059702396392822266,0.0022787153720855713,-0.0036915242671966553,8.463859558105469e-06,6.261467933654785e-05,5.415081977844238e-05,,,,,extension56,same_receiving_gpu
reach,21,fixed_rank4,14,8.233195334261115,0.7515844674868498,4.344469500921539,0.3965939910079897,51.22995696836357,19.099228176633737,-32.13072879172983,7.730722427368164e-05,0.002671480178833008,0.002594172954559326,0.00036913156509399414,0.0001240074634552002,-0.00024512410163879395,,,,,extension56,same_receiving_gpu
reach,21,matched_random_fixed_rank4,0,0.0,0.0,0.0,0.0,170.27262398456074,170.27262398456074,0.0,0.05610489845275879,0.055951833724975586,-0.00015306472778320312,0.0013887882232666016,0.0012226104736328125,-0.00016617774963378906,True,10.0,0.0003437368075052897,0.00040360831556622876,extension56,same_receiving_gpu
reach,21,matched_random_fixed_rank4,1,0.0,0.0,0.0,0.0,154.21333526722208,154.21333526722208,0.0,0.02149677276611328,0.02144181728363037,-5.4955482482910156e-05,0.0048313140869140625,0.004941344261169434,0.0001100301742553711,,,,,extension56,same_receiving_gpu
reach,21,matched_random_fixed_rank4,2,0.0,0.0,0.0,0.0,146.20691680661787,146.20691680661787,0.0,0.02374255657196045,0.024595022201538086,0.0008524656295776367,0.0008918046951293945,0.001395106315612793,0.0005033016204833984,,,,,extension56,same_receiving_gpu
reach,21,matched_random_fixed_rank4,3,0.0,0.0,0.0,0.0,138.0616529411169,138.0616529411169,0.0,0.049272894859313965,0.04968416690826416,0.0004112720489501953,0.0009191036224365234,0.0007946491241455078,-0.00012445449829101562,,,,,extension56,same_receiving_gpu
reach,21,matched_random_fixed_rank4,4,0.0,0.0,0.0,0.0,128.99685781906896,128.99685781906896,0.0,0.04176253080368042,0.04181182384490967,4.929304122924805e-05,0.006734013557434082,0.006796002388000488,6.198883056640625e-05,,,,,extension56,same_receiving_gpu
reach,21,matched_random_fixed_rank4,5,0.0,0.0,0.0,0.0,122.76889005836424,122.76889005836424,0.0,0.02279984951019287,0.022820889949798584,2.104043960571289e-05,8.976459503173828e-05,8.374452590942383e-05,-6.020069122314453e-06,,,,,extension56,same_receiving_gpu
reach,21,matched_random_fixed_rank4,6,0.0,0.0,0.0,0.0,112.30636894590324,112.30636894590324,0.0,0.0092429518699646,0.00930476188659668,6.181001663208008e-05,0.0026838183403015137,0.002834141254425049,0.00015032291412353516,,,,,extension56,same_receiving_gpu
reach,21,matched_random_fixed_rank4,7,0.0,0.0,0.0,0.0,104.40229836222274,104.40229836222274,0.0,0.010705769062042236,0.010633230209350586,-7.253885269165039e-05,0.0003959536552429199,0.00024443864822387695,-0.00015151500701904297,,,,,extension56,same_receiving_gpu
reach,21,matched_random_fixed_rank4,8,0.0,0.0,0.0,0.0,95.35958676389357,95.35958676389357,0.0,0.004040420055389404,0.004004329442977905,-3.6090612411499023e-05,0.0024606287479400635,0.0025925040245056152,0.00013187527656555176,,,,,extension56,same_receiving_gpu
reach,21,matched_random_fixed_rank4,9,0.0,0.0,0.0,0.0,83.99832481073452,83.99832481073452,0.0,0.005172252655029297,0.0052870213985443115,0.00011476874351501465,0.00012201070785522461,8.425116539001465e-05,-3.775954246520996e-05,,,,,extension56,same_receiving_gpu
reach,21,matched_random_fixed_rank4,10,0.0,0.0,0.0,0.0,74.96775833983763,74.96775833983763,0.0,0.0011368989944458008,0.0010710060596466064,-6.589293479919434e-05,0.00029417872428894043,0.0002904832363128662,-3.6954879760742188e-06,,,,,extension56,same_receiving_gpu
reach,21,matched_random_fixed_rank4,11,0.0,0.0,0.0,0.0,73.20377594988678,73.20377594988678,0.0,0.0065025389194488525,0.006750315427780151,0.00024777650833129883,0.001697629690170288,0.001641988754272461,-5.564093589782715e-05,,,,,extension56,same_receiving_gpu
reach,21,matched_random_fixed_rank4,12,1.411231225818022e-06,1.2882719603936627e-07,4.0219335485296786e-07,3.6715062155275064e-08,63.02793537688374,63.02793601854282,6.416590778712816e-07,0.0021113455295562744,0.002047806978225708,-6.35385513305664e-05,0.001128554344177246,0.0011147558689117432,-1.379847526550293e-05,,,,,extension56,same_receiving_gpu
reach,21,matched_random_fixed_rank4,13,1.292871645371696e-06,1.180224940214829e-07,5.121969354837302e-07,4.675696924157621e-08,55.669614773400056,55.66961717741355,2.404013493162438e-06,0.0059702396392822266,0.005977034568786621,6.794929504394531e-06,8.463859558105469e-06,0.00017708539962768555,0.00016862154006958008,,,,,extension56,same_receiving_gpu
reach,21,matched_random_fixed_rank4,14,1.8730358043700263e-06,1.709839935113828e-07,8.988686256461273e-07,8.205510375000843e-08,51.22995696836357,51.22995954208443,2.573720863097151e-06,7.730722427368164e-05,0.00014385581016540527,6.654858589172363e-05,0.00036913156509399414,0.0003680884838104248,-1.043081283569336e-06,,,,,extension56,same_receiving_gpu
reach,22,fixed_rank4,0,0.0,0.0,0.0,0.0,170.27262398456074,170.27262398456074,0.0,0.07497549057006836,0.0747685432434082,-0.00020694732666015625,0.0009000301361083984,0.0011208057403564453,0.00022077560424804688,True,10.0,-2.3193359375e-05,0.00032049920231153365,extension56,same_receiving_gpu
reach,22,fixed_rank4,1,0.0,0.0,0.0,0.0,163.75851968416296,163.75851968416296,0.0,0.016436100006103516,0.017113685607910156,0.0006775856018066406,0.010839462280273438,0.010066986083984375,-0.0007724761962890625,,,,,extension56,same_receiving_gpu
reach,22,fixed_rank4,2,2.889322283129867e-07,2.637578317287594e-08,5.255696799918531e-07,4.7977728212051595e-08,158.25774402232275,158.25774400268585,-1.9636900105979294e-08,0.016225695610046387,0.016243696212768555,1.800060272216797e-05,0.006740093231201172,0.006027936935424805,-0.0007121562957763672,,,,,extension56,same_receiving_gpu
reach,22,fixed_rank4,3,5.445076015751295e-07,4.970651601928899e-08,5.511415603431144e-07,5.031211082975308e-08,149.03293393869666,149.0329339456469,6.950244824110996e-09,0.050856828689575195,0.05137360095977783,0.0005167722702026367,0.0015739202499389648,0.003993868827819824,0.0024199485778808594,,,,,extension56,same_receiving_gpu
reach,22,fixed_rank4,4,8.355619360858474e-07,7.627602009781809e-08,7.141683677626705e-07,6.519435414670998e-08,145.69478249174415,145.69478248807872,-3.6654341784014832e-09,0.023929595947265625,0.025758981704711914,0.001829385757446289,0.0025147199630737305,0.0007127523422241211,-0.0018019676208496094,,,,,extension56,same_receiving_gpu
reach,22,fixed_rank4,5,1.1952290734593584e-06,1.0910898748661497e-07,8.566547841909414e-07,7.82015248826831e-08,136.50466006928409,136.50466000779738,-6.148670195216255e-08,0.005182504653930664,0.004276394844055176,-0.0009061098098754883,2.4318695068359375e-05,0.0008350610733032227,0.0008107423782348633,,,,,extension56,same_receiving_gpu
reach,22,fixed_rank4,6,1.520132587785976,0.13876848478818019,1.481452114417074,0.13523745682165927,129.10162838954088,130.03925367094848,0.9376252814076054,0.0044945478439331055,0.010488152503967285,0.00599360466003418,0.010655760765075684,0.0016133785247802734,-0.00904238224029541,,,,,extension56,same_receiving_gpu
reach,22,fixed_rank4,7,2.4995108639294212,0.22817308048389498,2.8954752314524326,0.26431951649399826,119.68066293612756,119.7631662597093,0.08250332358173296,0.003417372703552246,0.025857925415039062,0.022440552711486816,0.002987980842590332,0.002789616584777832,-0.0001983642578125,,,,,extension56,same_receiving_gpu
reach,22,fixed_rank4,8,5.13585149652075,0.46883695277351334,3.464453010724837,0.31625984389844675,110.88118475330758,112.16380510659991,1.2826203532923302,0.005241870880126953,0.007188200950622559,0.0019463300704956055,0.0013887882232666016,0.0008611679077148438,-0.0005276203155517578,,,,,extension56,same_receiving_gpu
reach,22,fixed_rank4,9,6.752351295481556,0.6164025201224131,3.949637716115017,0.36055094518156344,101.23913134557829,108.93158841996078,7.692457074382489,0.02738732099533081,0.002095043659210205,-0.025292277336120605,0.0008788108825683594,0.005374908447265625,0.004496097564697266,,,,,extension56,same_receiving_gpu
reach,22,fixed_rank4,10,8.526650524591915,0.7783731387137083,3.7058692074010935,0.33829802667622827,87.67445763648531,97.47910889893163,9.804651262446313,0.008506536483764648,0.008647739887237549,0.0001412034034729004,0.0038949251174926758,0.00013327598571777344,-0.0037616491317749023,,,,,extension56,same_receiving_gpu
reach,22,fixed_rank4,11,8.828776520678213,0.8059533425912387,4.575160262204367,0.41765307996843043,79.6528827845602,87.86665353987532,8.21377075531511,0.01608330011367798,0.003554224967956543,-0.012529075145721436,0.00042235851287841797,0.0004157423973083496,-6.616115570068359e-06,,,,,extension56,same_receiving_gpu
reach,22,fixed_rank4,12,9.536687276577362,0.8705764575423217,3.6891857515382296,0.33677504249068957,69.0900153590714,70.91561349039284,1.825598131321442,0.01611107587814331,0.0047228336334228516,-0.011388242244720459,0.0004832148551940918,0.00038444995880126953,-9.876489639282227e-05,,,,,extension56,same_receiving_gpu
reach,22,fixed_rank4,13,9.02787384446888,0.8241283584877486,3.4872577916964627,0.3183416260579674,53.714573065611205,56.398996691317265,2.68442362570606,0.0022430419921875,0.008938312530517578,0.006695270538330078,0.0001010894775390625,4.178285598754883e-05,-5.930662155151367e-05,,,,,extension56,same_receiving_gpu
reach,22,fixed_rank4,14,9.649643530780112,0.8808879056153439,3.6308028065307254,0.33144543316499064,43.146538461421876,44.6000391555869,1.4535006941650224,0.0074481964111328125,0.000767827033996582,-0.0066803693771362305,9.995698928833008e-05,0.0006569027900695801,0.00055694580078125,,,,,extension56,same_receiving_gpu
reach,22,matched_random_fixed_rank4,0,0.0,0.0,0.0,0.0,170.27262398456074,170.27262398456074,0.0,0.07497549057006836,0.07411551475524902,-0.0008599758148193359,0.0009000301361083984,0.0011532306671142578,0.0002532005310058594,True,10.0,8.956750233968099e-05,0.0002514204070265234,extension56,same_receiving_gpu
reach,22,matched_random_fixed_rank4,1,0.0,0.0,0.0,0.0,163.75851968416296,163.75851968416296,0.0,0.016436100006103516,0.01696920394897461,0.0005331039428710938,0.010839462280273438,0.009528398513793945,-0.0013110637664794922,,,,,extension56,same_receiving_gpu
reach,22,matched_random_fixed_rank4,2,2.889322283129867e-07,2.637578317287594e-08,5.255696799918531e-07,4.7977728212051595e-08,158.25774402232275,158.25774400268585,-1.9636900105979294e-08,0.016225695610046387,0.01634204387664795,0.0001163482666015625,0.006740093231201172,0.0066699981689453125,-7.009506225585938e-05,,,,,extension56,same_receiving_gpu
reach,22,matched_random_fixed_rank4,3,5.445076015751295e-07,4.970651601928899e-08,5.511415603431144e-07,5.031211082975308e-08,149.03293393869666,149.0329339456469,6.950244824110996e-09,0.050856828689575195,0.05064809322357178,-0.00020873546600341797,0.0015739202499389648,0.001560807228088379,-1.3113021850585938e-05,,,,,extension56,same_receiving_gpu
reach,22,matched_random_fixed_rank4,4,8.355619360858474e-07,7.627602009781809e-08,7.141683677626705e-07,6.519435414670998e-08,145.69478249174415,145.69478248807872,-3.6654341784014832e-09,0.023929595947265625,0.02386605739593506,-6.35385513305664e-05,0.0025147199630737305,0.0021982192993164062,-0.0003165006637573242,,,,,extension56,same_receiving_gpu
reach,22,matched_random_fixed_rank4,5,1.1952290734593584e-06,1.0910898748661497e-07,8.566547841909414e-07,7.82015248826831e-08,136.50466006928409,136.50466000779738,-6.148670195216255e-08,0.005182504653930664,0.0051157474517822266,-6.67572021484375e-05,2.4318695068359375e-05,0.0001475811004638672,0.0001232624053955078,,,,,extension56,same_receiving_gpu
reach,22,matched_random_fixed_rank4,6,1.5201327382190033,0.13876849852077394,1.4814521405098084,0.13523745920358915,129.10162838954088,130.03925372545237,0.9376253359114912,0.0044945478439331055,0.010515809059143066,0.006021261215209961,0.010655760765075684,0.002429366111755371,-0.008226394653320312,,,,,extension56,same_receiving_gpu
reach,22,matched_random_fixed_rank4,7,2.4995110636745133,0.22817309871804378,2.8954752170062728,0.26431951517525026,119.68066293612756,119.76316620135373,0.08250326522616547,0.003417372703552246,0.026046156883239746,0.0226287841796875,0.002987980842590332,0.003099203109741211,0.0001112222671508789,,,,,extension56,same_receiving_gpu
reach,22,matched_random_fixed_rank4,8,5.135851212816527,0.4688369268749795,3.4644529454171344,0.31625983793669643,110.88118475330758,112.1638058013538,1.2826210480462237,0.005241870880126953,0.007034778594970703,0.00179290771484375,0.0013887882232666016,0.0008313655853271484,-0.0005574226379394531,,,,,extension56,same_receiving_gpu
reach,22,matched_random_fixed_rank4,9,6.752351192790809,0.6164025107480735,3.9496377618174563,0.36055094935360626,101.23913134557829,108.93158992116639,7.692458575588105,0.02738732099533081,0.0017455220222473145,-0.025641798973083496,0.0008788108825683594,0.005528569221496582,0.004649758338928223,,,,,extension56,same_receiving_gpu
reach,22,matched_random_fixed_rank4,10,8.52665045306522,0.7783731321842442,3.7058692242799824,0.33829802821705296,87.67445763648531,97.47911074446765,9.804653107982332,0.008506536483764648,0.008775293827056885,0.00026875734329223633,0.0038949251174926758,0.00012284517288208008,-0.0037720799446105957,,,,,extension56,same_receiving_gpu
reach,22,matched_random_fixed_rank4,11,8.828776893843097,0.8059533766563761,4.575160254612938,0.417653079275431,79.6528827845602,87.86665488491391,8.213772100353708,0.01608330011367798,0.00436025857925415,-0.011723041534423828,0.00042235851287841797,0.00034481287002563477,-7.75456428527832e-05,,,,,extension56,same_receiving_gpu
reach,22,matched_random_fixed_rank4,12,9.580311414849543,0.8745587783062213,3.803862928438903,0.34724358859394117,69.0900153590714,78.80981201494984,9.71979665587844,0.01611107587814331,0.0002378225326538086,-0.015873253345489502,0.0004832148551940918,0.0011858344078063965,0.0007026195526123047,,,,,extension56,same_receiving_gpu
reach,22,matched_random_fixed_rank4,13,9.001318875920157,0.8217042326064192,3.6774755323504236,0.3357060506236077,53.714573065611205,57.96299928391548,4.2484262183042745,0.0022430419921875,0.013365685939788818,0.011122643947601318,0.0001010894775390625,3.838539123535156e-05,-6.270408630371094e-05,,,,,extension56,same_receiving_gpu
reach,22,matched_random_fixed_rank4,14,10.114616932496055,0.9233339757419662,3.7192005593472626,0.33951500704005455,43.146538461421876,47.22781514271056,4.081276681288685,0.0074481964111328125,0.009008526802062988,0.0015603303909301758,9.995698928833008e-05,9.238719940185547e-05,-7.569789886474609e-06,,,,,extension56,same_receiving_gpu
reach,23,fixed_rank4,0,0.0,0.0,0.0,0.0,170.27262398456074,170.27262398456074,0.0,0.0679938793182373,0.06900632381439209,0.0010124444961547852,0.008980035781860352,0.008908271789550781,-7.176399230957031e-05,True,10.0,0.0007514945665995279,0.0008061456948809789,extension56,same_receiving_gpu
reach,23,fixed_rank4,1,0.0,0.0,0.0,0.0,165.1229472988716,165.1229472988716,0.0,0.13448357582092285,0.1350332498550415,0.0005496740341186523,0.010327458381652832,0.010199666023254395,-0.0001277923583984375,,,,,extension56,same_receiving_gpu
reach,23,fixed_rank4,2,0.0,0.0,0.0,0.0,156.50719109856752,156.50719109856752,0.0,0.10587301850318909,0.10754802823066711,0.0016750097274780273,0.0280914306640625,0.029617488384246826,0.0015260577201843262,,,,,extension56,same_receiving_gpu
reach,23,fixed_rank4,3,0.0,0.0,0.0,0.0,150.9561063854381,150.9561063854381,0.0,0.014285236597061157,0.013244420289993286,-0.001040816307067871,0.0013783574104309082,0.0009753704071044922,-0.000402987003326416,,,,,extension56,same_receiving_gpu
reach,23,fixed_rank4,4,4.6100091149981104e-07,4.208343304314821e-08,6.05288029062447e-07,5.5254984550890796e-08,138.61472233436064,138.61472104872098,-1.2856396551796934e-06,0.004301697015762329,0.003697007894515991,-0.0006046891212463379,0.00023603439331054688,0.0010728240013122559,0.000836789608001709,,,,,extension56,same_receiving_gpu
reach,23,fixed_rank4,5,1.1001856273672889e-06,1.004327475920062e-07,7.761488344136129e-07,7.085237076494629e-08,126.30737290314067,126.30737197799151,-9.25149166164374e-07,0.0055484771728515625,0.005966484546661377,0.00041800737380981445,0.002535521984100342,0.002239435911178589,-0.00029608607292175293,,,,,extension56,same_receiving_gpu
reach,23,fixed_rank4,6,1.5617321567527459e-06,1.4256598850577882e-07,8.95310573923576e-07,8.173029955180651e-08,108.04587933416596,108.04587982030714,4.861411753154243e-07,0.0023865103721618652,0.0021879076957702637,-0.00019860267639160156,0.0002364516258239746,0.001231551170349121,0.0009950995445251465,,,,,extension56,same_receiving_gpu
reach,23,fixed_rank4,7,1.4183019880981727,0.12947266537263213,1.1137517648255624,0.10167116084269155,93.14070745370086,91.5910332715937,-1.5496741821071538,0.0031975507736206055,0.00020250678062438965,-0.002995043992996216,0.002282470464706421,0.002446204423904419,0.00016373395919799805,,,,,extension56,same_receiving_gpu
reach,23,fixed_rank4,8,1.5240398100823906,0.13912516375300243,0.9911947229800273,0.09048328477604085,79.58352413727054,78.03384983193702,-1.5496743053335251,0.0011118948459625244,0.00012108683586120605,-0.0009908080101013184,0.0010019242763519287,0.0003700554370880127,-0.000631868839263916,,,,,extension56,same_receiving_gpu
reach,23,fixed_rank4,9,1.8096474406408685,0.1651974540617491,1.8873207033757846,0.17228802041423896,62.402675549503776,61.657665305847516,-0.7450102436562602,0.0002295970916748047,0.00015655159950256348,-7.304549217224121e-05,0.0008106231689453125,0.0012042820453643799,0.0003936588764190674,,,,,extension56,same_receiving_gpu
reach,23,fixed_rank4,10,2.485464452948393,0.22689082445951206,1.9221871025999855,0.1754708726399182,47.23599875995832,48.01940242218599,0.7834036622276699,0.00013968348503112793,0.00027805566787719727,0.00013837218284606934,5.4270029067993164e-05,0.0001392662525177002,8.499622344970703e-05,,,,,extension56,same_receiving_gpu
reach,23,fixed_rank4,11,3.1544304327235997,0.28795878401391634,2.3175412974974687,0.2115616077648591,34.03145826894894,35.54692420451395,1.515465935565011,0.0003962218761444092,0.008061408996582031,0.007665187120437622,0.00039523839950561523,0.00012052059173583984,-0.0002747178077697754,,,,,extension56,same_receiving_gpu
reach,23,fixed_rank4,12,3.8820813991452296,0.35438392539717645,2.9488511215407947,0.26919204633205024,19.6930453976111,25.7265778036044,6.033532405993299,0.0007601380348205566,0.003479301929473877,0.0027191638946533203,0.00016805529594421387,0.0003343522548675537,0.00016629695892333984,,,,,extension56,same_receiving_gpu
reach,23,fixed_rank4,13,4.5072066563658835,0.4114497928381716,2.8142498995007075,0.25690469206886407,2.6751719259841753,8.593119698679768,5.917947772695593,0.0016417205333709717,0.0023172199726104736,0.000675499439239502,0.00016936659812927246,0.0004960596561431885,0.000326693058013916,,,,,extension56,same_receiving_gpu
reach,23,fixed_rank4,14,4.729729022811757,0.4317632127801443,2.5578881915853486,0.23350217701789858,-15.121498562847115,-6.917922751702198,8.203575811144917,8.609890937805176e-05,0.0005367696285247803,0.0004506707191467285,0.0014005005359649658,0.0005908012390136719,-0.0008096992969512939,,,,,extension56,same_receiving_gpu
reach,23,matched_random_fixed_rank4,0,0.0,0.0,0.0,0.0,170.27262398456074,170.27262398456074,0.0,0.0679938793182373,0.06867790222167969,0.0006840229034423828,0.008980035781860352,0.00891578197479248,-6.42538070678711e-05,True,10.0,0.0006246614456176758,0.0007046602476479053,extension56,same_receiving_gpu
reach,23,matched_random_fixed_rank4,1,0.0,0.0,0.0,0.0,165.1229472988716,165.1229472988716,0.0,0.13448357582092285,0.13437402248382568,-0.00010955333709716797,0.010327458381652832,0.010664224624633789,0.00033676624298095703,,,,,extension56,same_receiving_gpu
reach,23,matched_random_fixed_rank4,2,0.0,0.0,0.0,0.0,156.50719109856752,156.50719109856752,0.0,0.10587301850318909,0.10668054223060608,0.0008075237274169922,0.0280914306640625,0.028934001922607422,0.0008425712585449219,,,,,extension56,same_receiving_gpu
reach,23,matched_random_fixed_rank4,3,0.0,0.0,0.0,0.0,150.9561063854381,150.9561063854381,0.0,0.014285236597061157,0.013841032981872559,-0.00044420361518859863,0.0013783574104309082,0.001343458890914917,-3.489851951599121e-05,,,,,extension56,same_receiving_gpu
reach,23,matched_random_fixed_rank4,4,0.0,0.0,0.0,0.0,138.61472233436064,138.61472233436064,0.0,0.004301697015762329,0.004289388656616211,-1.2308359146118164e-05,0.00023603439331054688,0.00046890974044799805,0.00023287534713745117,,,,,extension56,same_receiving_gpu
reach,23,matched_random_fixed_rank4,5,7.753733422040599e-07,7.0781578335556e-08,5.703466894926023e-07,5.2065291238915496e-08,126.30737290314067,126.30737349580386,5.926631843067298e-07,0.0055484771728515625,0.005664169788360596,0.0001156926155090332,0.002535521984100342,0.002888977527618408,0.0003534555435180664,,,,,extension56,same_receiving_gpu
reach,23,matched_random_fixed_rank4,6,1.33960838278069e-06,1.2228895491199983e-07,7.685301875011699e-07,7.015688663634427e-08,108.04587933416596,108.04588077845878,1.4442928204516647e-06,0.0023865103721618652,0.002456188201904297,6.967782974243164e-05,0.0002364516258239746,0.0001468062400817871,-8.96453857421875e-05,,,,,extension56,same_receiving_gpu
reach,23,matched_random_fixed_rank4,7,1.4183018128188356,0.12947264937189099,1.1137517859476558,0.10167116277086606,93.14070745370084,91.59103365957694,-1.5496737941239047,0.0031975507736206055,0.0004955530166625977,-0.002701997756958008,0.002282470464706421,0.0017078220844268799,-0.000574648380279541,,,,,extension56,same_receiving_gpu
reach,23,matched_random_fixed_rank4,8,1.5240397019452447,0.13912515388147675,0.9911947309032626,0.09048328549932999,79.58352413727056,78.03385047720715,-1.5496736600634051,0.0011118948459625244,0.0003750622272491455,-0.0007368326187133789,0.0010019242763519287,0.0001258552074432373,-0.0008760690689086914,,,,,extension56,same_receiving_gpu
reach,23,matched_random_fixed_rank4,9,1.8096473074917585,0.16519744190695396,1.887320721866536,0.17228802210220587,62.402675549503776,61.65766578510021,-0.7450097644035694,0.0002295970916748047,0.00030049681663513184,7.089972496032715e-05,0.0008106231689453125,0.0010647177696228027,0.00025409460067749023,,,,,extension56,same_receiving_gpu
reach,23,matched_random_fixed_rank4,10,2.485464119255151,0.2268907939976261,1.9221870553675162,0.17547086832820338,47.23599875995831,48.019404121398736,0.7834053614404226,0.00013968348503112793,6.848573684692383e-05,-7.11977481842041e-05,5.4270029067993164e-05,6.639957427978516e-05,1.2129545211791992e-05,,,,,extension56,same_receiving_gpu
reach,23,matched_random_fixed_rank4,11,2.772893433404636,0.25312938050561135,2.100379651478686,0.19173755240661922,34.031458268948946,34.19306137518015,0.16160310623120466,0.0003962218761444092,0.006462037563323975,0.006065815687179565,0.00039523839950561523,0.0003071725368499756,-8.806586265563965e-05,,,,,extension56,same_receiving_gpu
reach,23,matched_random_fixed_rank4,12,3.8180619497985937,0.34853977597614116,2.6172258131293398,0.23891893598928998,19.6930453976111,19.609247964050994,-0.08379743356010749,0.0007601380348205566,0.007851779460906982,0.007091641426086426,0.00016805529594421387,6.508827209472656e-05,-0.0001029670238494873,,,,,extension56,same_receiving_gpu
reach,23,matched_random_fixed_rank4,13,3.8795485058945833,0.3541527049356545,2.6679433488008453,0.24354879238068275,2.675171925984176,2.266614854936377,-0.40855707104779926,0.0016417205333709717,0.0009294450283050537,-0.000712275505065918,0.00016936659812927246,0.0023391544818878174,0.002169787883758545,,,,,extension56,same_receiving_gpu
reach,23,matched_random_fixed_rank4,14,4.430469495316441,0.40444468048722393,2.4530316982399607,0.22393013256687205,-15.121498562847115,-15.369793929871097,-0.24829536702398158,8.609890937805176e-05,0.0015021264553070068,0.001416027545928955,0.0014005005359649658,0.00011712312698364258,-0.0012833774089813232,,,,,extension56,same_receiving_gpu
reach,24,fixed_rank4,0,0.0,0.0,0.0,0.0,170.27262398456074,170.27262398456074,0.0,0.14308702945709229,0.14290237426757812,-0.00018465518951416016,0.02577817440032959,0.02512824535369873,-0.0006499290466308594,True,10.0,0.0008764920632044474,0.0009596856242055015,extension56,same_receiving_gpu
reach,24,fixed_rank4,1,0.0,0.0,0.0,0.0,163.37166070512424,163.37166070512424,0.0,0.06257158517837524,0.06201440095901489,-0.0005571842193603516,0.006151735782623291,0.005546271800994873,-0.000605463981628418,,,,,extension56,same_receiving_gpu
reach,24,fixed_rank4,2,0.0,0.0,0.0,0.0,150.003836228437,150.003836228437,0.0,0.01042848825454712,0.009591937065124512,-0.0008365511894226074,0.0035896897315979004,0.004225611686706543,0.0006359219551086426,,,,,extension56,same_receiving_gpu
reach,24,fixed_rank4,3,0.0,0.0,0.0,0.0,140.12518341344665,140.12518341344665,0.0,0.022742927074432373,0.023616403341293335,0.0008734762668609619,0.003521054983139038,0.004049926996231079,0.000528872013092041,,,,,extension56,same_receiving_gpu
reach,24,fixed_rank4,4,6.79648721048998e-07,6.204315594967874e-08,4.2041349350410357e-07,3.8378325645291526e-08,137.2035429419053,137.20354331003492,3.6812960502174974e-07,0.0003605484962463379,0.000990837812423706,0.0006302893161773682,0.001057744026184082,0.0018532276153564453,0.0007954835891723633,,,,,extension56,same_receiving_gpu
reach,24,fixed_rank4,5,1.2923351654996752e-06,1.1797352033355737e-07,7.154109408949496e-07,6.530778503569318e-08,130.64335648893262,130.64335782251214,1.3335795188140764e-06,0.021071195602416992,0.02017727494239807,-0.0008939206600189209,0.0014368295669555664,0.0004337430000305176,-0.0010030865669250488,,,,,extension56,same_receiving_gpu
reach,24,fixed_rank4,6,1.188269797716506e-06,1.0847369543523851e-07,9.408994844488437e-07,8.58919786629355e-08,117.66345560890632,117.66345671186673,1.1029604110035507e-06,0.0009856224060058594,0.0006985664367675781,-0.00028705596923828125,0.00041091442108154297,0.00013494491577148438,-0.0002759695053100586,,,,,extension56,same_receiving_gpu
reach,24,fixed_rank4,7,1.1672202815388008e-06,1.0655214629605534e-07,1.0354966910536105e-06,9.452748265200338e-08,102.91844630375883,102.91844770840207,1.404643242608472e-06,0.0026812851428985596,0.0021953284740448,-0.00048595666885375977,0.0025632381439208984,0.0022542178630828857,-0.0003090202808380127,,,,,extension56,same_receiving_gpu
reach,24,fixed_rank4,8,1.5203264113095415e-06,1.3878617837418553e-07,9.775036808849575e-07,8.923346934417045e-08,83.28517225960618,83.28517353313845,1.2735322627577261e-06,0.0023294687271118164,0.002543807029724121,0.0002143383026123047,7.88569450378418e-05,0.00045925378799438477,0.00038039684295654297,,,,,extension56,same_receiving_gpu
reach,24,fixed_rank4,9,1.6482853452009455e-06,1.504671774619579e-07,8.473049739461332e-07,7.734800788610403e-08,60.09745559357886,60.09745692798633,1.3344074716314935e-06,0.0003859996795654297,0.00040099024772644043,1.4990568161010742e-05,4.5418739318847656e-05,0.00035321712493896484,0.0003077983856201172,,,,,extension56,same_receiving_gpu
reach,24,fixed_rank4,10,1.058709505809104,0.09664651302946552,0.7071273344709762,0.0645515986863757,43.26665502890104,41.62947894002742,-1.6371760888736233,0.00414276123046875,0.004595905542373657,0.0004531443119049072,0.00019434094429016113,0.00036847591400146484,0.0001741349697113037,,,,,extension56,same_receiving_gpu
reach,24,fixed_rank4,11,1.2689259219337428,0.11583655854102506,1.247435569083383,0.11387476670354381,29.90060336454792,27.602151110355877,-2.2984522541920427,0.0008541345596313477,0.0018055140972137451,0.0009513795375823975,0.0007048547267913818,0.0020412802696228027,0.001336425542831421,,,,,extension56,same_receiving_gpu
reach,24,fixed_rank4,12,1.2684181747905332,0.11579020778038428,1.3782614626577316,0.12581748220628397,11.811782320486852,8.064383460117872,-3.74739886036898,0.0031747519969940186,0.0004960298538208008,-0.0026787221431732178,0.0003152191638946533,0.0003241300582885742,8.910894393920898e-06,,,,,extension56,same_receiving_gpu
reach,24,fixed_rank4,13,1.8443772973750265,0.16836784172045263,1.50197351521993,0.13711079584354743,-2.871486536271128,-9.709799496022526,-6.8383129597513985,0.0018723607063293457,0.0007334053516387939,-0.0011389553546905518,0.0006278157234191895,0.000432819128036499,-0.00019499659538269043,,,,,extension56,same_receiving_gpu
reach,24,fixed_rank4,14,2.4533632821456974,0.22396040189768499,1.686524808764453,0.15395794692539624,-21.793666429621066,-28.63017515305776,-6.836508723436694,0.0023259520530700684,0.0009643137454986572,-0.0013616383075714111,0.0004382133483886719,6.496906280517578e-06,-0.0004317164421081543,,,,,extension56,same_receiving_gpu
reach,24,matched_random_fixed_rank4,0,0.0,0.0,0.0,0.0,170.27262398456074,170.27262398456074,0.0,0.14308702945709229,0.14304423332214355,-4.279613494873047e-05,0.02577817440032959,0.025157690048217773,-0.0006204843521118164,True,10.0,0.0008084523677825928,0.0009245005362373488,extension56,same_receiving_gpu
reach,24,matched_random_fixed_rank4,1,1.9898290373153325e-07,1.8164570821939943e-08,5.786564302130818e-07,5.2823863312186476e-08,163.37166070512424,163.37166054289253,-1.622317142846441e-07,0.06257158517837524,0.06288999319076538,0.0003184080123901367,0.006151735782623291,0.0057337284088134766,-0.00041800737380981445,,,,,extension56,same_receiving_gpu
reach,24,matched_random_fixed_rank4,2,6.093369668588111e-07,5.562460031172478e-08,6.488424854599607e-07,5.9230944259023044e-08,150.003836228437,150.00383579180428,-4.3663271753757726e-07,0.01042848825454712,0.010114610195159912,-0.00031387805938720703,0.0035896897315979004,0.004539072513580322,0.0009493827819824219,,,,,extension56,same_receiving_gpu
reach,24,matched_random_fixed_rank4,3,9.069016285557523e-07,8.278841323302614e-08,6.9510363278929e-07,6.345398991374696e-08,140.12518341344665,140.1251825307015,-8.827451551951526e-07,0.022742927074432373,0.0231609046459198,0.00041797757148742676,0.003521054983139038,0.003748685121536255,0.0002276301383972168,,,,,extension56,same_receiving_gpu
reach,24,matched_random_fixed_rank4,4,1.3133269760071547e-06,1.1988980168986079e-07,9.254328939452313e-07,8.448007857851488e-08,137.2035429419053,137.20354325100402,3.090987092946307e-07,0.0003605484962463379,0.0006012320518493652,0.00024068355560302734,0.001057744026184082,0.0011443793773651123,8.663535118103027e-05,,,,,extension56,same_receiving_gpu
reach,24,matched_random_fixed_rank4,5,1.6491637574843385e-06,1.505473651656919e-07,1.0886009629266788e-06,9.937521725279782e-08,130.64335648893262,130.64335688298934,3.9405671259373776e-07,0.021071195602416992,0.020847707986831665,-0.00022348761558532715,0.0014368295669555664,0.0008344948291778564,-0.00060233473777771,,,,,extension56,same_receiving_gpu
reach,24,matched_random_fixed_rank4,6,1.6092822915720806e-06,1.469067020812724e-07,1.2762042066711364e-06,1.1650097199612773e-07,117.66345560890632,117.66345560472035,-4.1859635757646174e-09,0.0009856224060058594,0.0007615089416503906,-0.00022411346435546875,0.00041091442108154297,0.00018346309661865234,-0.00022745132446289062,,,,,extension56,same_receiving_gpu
reach,24,matched_random_fixed_rank4,7,1.6063001334667007e-06,1.4663446953721182e-07,1.3930194950506184e-06,1.271647000806133e-07,102.91844630375883,102.91844503727216,-1.2664866630984761e-06,0.0026812851428985596,0.002424478530883789,-0.0002568066120147705,0.0025632381439208984,0.002404928207397461,-0.0001583099365234375,,,,,extension56,same_receiving_gpu
reach,24,matched_random_fixed_rank4,8,1.653140331524522e-06,1.5091037504959156e-07,1.1243466756251982e-06,1.0263833944931082e-07,83.28517225960618,83.28517062092814,-1.6386780430366343e-06,0.0023294687271118164,0.0021945834159851074,-0.00013488531112670898,7.88569450378418e-05,0.00043970346450805664,0.00036084651947021484,,,,,extension56,same_receiving_gpu
reach,24,matched_random_fixed_rank4,9,1.9559693489592324e-06,1.7855475570227757e-07,1.0946523240179649e-06,9.992762841501558e-08,60.09745559357886,60.097453703091844,-1.8904870131564167e-06,0.0003859996795654297,0.00017380714416503906,-0.00021219253540039062,4.5418739318847656e-05,0.00013640522956848145,9.098649024963379e-05,,,,,extension56,same_receiving_gpu
reach,24,matched_random_fixed_rank4,10,1.0587095326137856,0.09664651547638695,0.7071272046900693,0.06455158683905397,43.26665502890104,41.6294747279124,-1.6371803009886392,0.00414276123046875,0.004563421010971069,0.00042065978050231934,0.00019434094429016113,6.073713302612305e-05,-0.00013360381126403809,,,,,extension56,same_receiving_gpu
reach,24,matched_random_fixed_rank4,11,1.2689259926977667,0.11583656500086709,1.2474353599248296,0.11387474761006748,29.90060336454792,27.602146790431476,-2.298456574116443,0.0008541345596313477,0.001735985279083252,0.0008818507194519043,0.0007048547267913818,0.0025002360343933105,0.0017953813076019287,,,,,extension56,same_receiving_gpu
reach,24,matched_random_fixed_rank4,12,1.2684178637926447,0.11579017939029113,1.3782614205436388,0.12581747836181087,11.811782320486852,8.06437973181001,-3.7474025886768416,0.0031747519969940186,2.5838613510131836e-05,-0.0031489133834838867,0.0003152191638946533,2.339482307434082e-05,-0.0002918243408203125,,,,,extension56,same_receiving_gpu
reach,24,matched_random_fixed_rank4,13,2.0680849859649735,0.1887894662751285,1.6989058762301779,0.15508817858155804,-2.871486536271128,-9.077237993061129,-6.205751456790001,0.0018723607063293457,0.0002656280994415283,-0.0016067326068878174,0.0006278157234191895,0.0007559061050415039,0.00012809038162231445,,,,,extension56,same_receiving_gpu
reach,24,matched_random_fixed_rank4,14,2.7515349420981114,0.25117962592513443,1.7438577960244124,0.1591917086606356,-21.793666429621066,-28.443759665970386,-6.650093236349321,0.0023259520530700684,0.0005267858505249023,-0.001799166202545166,0.0004382133483886719,1.195073127746582e-05,-0.00042626261711120605,,,,,extension56,same_receiving_gpu
reach,25,fixed_rank4,0,0.0,0.0,0.0,0.0,170.27262398456074,170.27262398456074,0.0,0.0319293737411499,0.03203177452087402,0.0001024007797241211,0.00019121170043945312,0.00014972686767578125,-4.1484832763671875e-05,True,9.0,0.00015148679415384928,0.00036724167221285865,extension56,same_receiving_gpu
reach,25,fixed_rank4,1,1.6647509515763623,0.15197027480109404,1.3492328535713922,0.12316754487135272,162.84230475064652,161.65225113699594,-1.1900536136505764,0.06003868579864502,0.002684354782104492,-0.05735433101654053,0.004732012748718262,0.014824509620666504,0.010092496871948242,,,,,extension56,same_receiving_gpu
reach,25,fixed_rank4,2,2.1668381119557574,0.19780435206334546,1.7591253077452373,0.16058543542171397,153.08046165044854,149.7892752975654,-3.2911863528831304,0.03211045265197754,0.07059013843536377,0.03847968578338623,0.0046558380126953125,0.005227327346801758,0.0005714893341064453,,,,,extension56,same_receiving_gpu
reach,25,fixed_rank4,3,3.5377025560201902,0.3229465819459903,2.8702852657745064,0.262019997756568,145.9564004813369,144.13589351798828,-1.8205069633486346,0.011710107326507568,0.021962344646453857,0.010252237319946289,0.002884507179260254,0.0027621984481811523,-0.00012230873107910156,,,,,extension56,same_receiving_gpu
reach,25,fixed_rank4,4,5.075201198358426,0.46330036336969355,3.3756535750786907,0.30815360156559296,132.62262830080516,135.5000102779331,2.877381977127925,0.029401063919067383,0.05213230848312378,0.022731244564056396,0.00013303756713867188,0.0015227198600769043,0.0013896822929382324,,,,,extension56,same_receiving_gpu
reach,25,fixed_rank4,5,7.0397552183941885,0.6426387887382007,3.830515712055149,0.34967664372842816,124.23048001022914,127.94178978391236,3.7113097736832117,0.012331485748291016,0.011460363864898682,-0.000871121883392334,0.000438690185546875,0.003376781940460205,0.00293809175491333,,,,,extension56,same_receiving_gpu
reach,25,fixed_rank4,6,8.615271233803675,0.7864630656299395,4.60489664050437,0.4203676274973335,111.86778216388204,116.51873837205444,4.650956208172403,0.0018619000911712646,0.0032058358192443848,0.0013439357280731201,0.0009354054927825928,0.0010429620742797852,0.00010755658149719238,,,,,extension56,same_receiving_gpu
reach,25,fixed_rank4,7,10.140170054332575,0.9256666459493896,5.094223249676662,0.4650368311358633,106.19216893892722,108.06903565070107,1.8768667117738431,0.004789769649505615,0.0003095567226409912,-0.004480212926864624,0.0005536675453186035,0.0010858476161956787,0.0005321800708770752,,,,,extension56,same_receiving_gpu
reach,25,fixed_rank4,8,11.40149265136955,1.0408091190640811,5.015556455585901,0.45785556819417594,95.07392967456136,96.30460467013253,1.230674995571178,0.0015064477920532227,0.0028930604457855225,0.0013866126537322998,6.565451622009277e-05,0.0008686482906341553,0.0008029937744140625,,,,,extension56,same_receiving_gpu
reach,25,fixed_rank4,9,11.955490769304275,1.0913819967321239,5.554100313919252,0.5070176714300165,90.0074838249837,79.62156793281132,-10.385915892172378,0.0004299283027648926,0.002704054117202759,0.002274125814437866,0.00019747018814086914,0.000945359468460083,0.0007478892803192139,,,,,extension56,same_receiving_gpu
reach,25,fixed_rank4,10,12.262173500362085,1.1193781716983993,6.225797976486146,0.5683349983652468,85.5002097868394,74.38136970839275,-11.118840078446652,0.0031888484954833984,0.0016171634197235107,-0.0015716850757598877,0.00018733739852905273,0.0011597275733947754,0.0009723901748657227,,,,,extension56,same_receiving_gpu
reach,25,fixed_rank4,11,13.313652714731292,1.2153646524413702,5.3440401220480815,0.4878418871763992,70.64805330383331,67.11954767584658,-3.528505627986732,0.002847433090209961,0.0029627978801727295,0.00011536478996276855,1.1056661605834961e-05,0.0005806982517242432,0.0005696415901184082,,,,,extension56,same_receiving_gpu
reach,25,fixed_rank4,12,13.707874584044154,1.2513520208554552,5.918631850826587,0.5402946957110456,63.703513037963035,53.37477335158566,-10.328739686377375,0.0015437006950378418,0.0001893937587738037,-0.001354306936264038,6.580352783203125e-05,6.511807441711426e-05,-6.854534149169922e-07,,,,,extension56,same_receiving_gpu
reach,25,fixed_rank4,13,15.008334168995042,1.3700671958223563,4.446533056153026,0.4059110762578996,49.84737184541975,43.496465542428055,-6.350906302991696,0.0013680756092071533,0.0032299458980560303,0.001861870288848877,0.0003822147846221924,0.00042554736137390137,4.3332576751708984e-05,,,,,extension56,same_receiving_gpu
reach,25,fixed_rank4,14,15.623307508876806,1.4262063242419452,4.320088895121984,0.39436835638098006,32.39502969970076,28.207154823212825,-4.187874876487932,0.0009660124778747559,0.0002970397472381592,-0.0006689727306365967,4.5239925384521484e-05,0.00019475817680358887,0.00014951825141906738,,,,,extension56,same_receiving_gpu
reach,25,matched_random_fixed_rank4,0,0.0,0.0,0.0,0.0,170.27262398456074,170.27262398456074,0.0,0.0319293737411499,0.03178298473358154,-0.00014638900756835938,0.00019121170043945312,0.0002645254135131836,7.331371307373047e-05,True,9.0,0.00032762686411539715,0.00048505530086635215,extension56,same_receiving_gpu
reach,25,matched_random_fixed_rank4,1,1.6647509515763623,0.15197027480109404,1.3492328535713922,0.12316754487135272,162.84230475064652,161.65225113699594,-1.1900536136505764,0.06003868579864502,0.0027179718017578125,-0.05732071399688721,0.004732012748718262,0.014752030372619629,0.010020017623901367,,,,,extension56,same_receiving_gpu
reach,25,matched_random_fixed_rank4,2,2.1668381119557574,0.19780435206334546,1.7591253077452373,0.16058543542171397,153.08046165044854,149.7892752975654,-3.2911863528831304,0.03211045265197754,0.07125312089920044,0.0391426682472229,0.0046558380126953125,0.004879474639892578,0.00022363662719726562,,,,,extension56,same_receiving_gpu
reach,25,matched_random_fixed_rank4,3,3.5377025560201902,0.3229465819459903,2.8702852657745064,0.262019997756568,145.9564004813369,144.13589351798828,-1.8205069633486346,0.011710107326507568,0.023029804229736328,0.01131969690322876,0.002884507179260254,0.004118978977203369,0.0012344717979431152,,,,,extension56,same_receiving_gpu
reach,25,matched_random_fixed_rank4,4,5.075201057386857,0.4633003505008088,3.375653525080939,0.30815359700144357,132.62262830080516,135.50001046687896,2.877382166073801,0.029401063919067383,0.0528179407119751,0.023416876792907715,0.00013303756713867188,0.002901434898376465,0.002768397331237793,,,,,extension56,same_receiving_gpu
reach,25,matched_random_fixed_rank4,5,7.039754989158926,0.6426387678119799,3.8305157471113542,0.34967664692860717,124.23048001022914,127.94178972812955,3.7113097179004058,0.012331485748291016,0.011403381824493408,-0.0009281039237976074,0.000438690185546875,0.003900468349456787,0.003461778163909912,,,,,extension56,same_receiving_gpu
reach,25,matched_random_fixed_rank4,6,8.61527090934917,0.7864630360114311,4.604896636706726,0.4203676271506577,111.86778216388204,116.51873845477866,4.650956290896616,0.0018619000911712646,0.002929896116256714,0.0010679960250854492,0.0009354054927825928,0.0013981759548187256,0.0004627704620361328,,,,,extension56,same_receiving_gpu
reach,25,matched_random_fixed_rank4,7,10.14016953378571,0.9256665984301794,5.0942233802969765,0.4650368430598121,106.19216893892722,108.0690360819752,1.8768671430479742,0.004789769649505615,0.0006020963191986084,-0.004187673330307007,0.0005536675453186035,0.0018039345741271973,0.0012502670288085938,,,,,extension56,same_receiving_gpu
reach,25,matched_random_fixed_rank4,8,11.401491821276915,1.0408090432873378,5.015556641948463,0.4578555852066725,95.07392967456136,96.30460549720225,1.2306758226408903,0.0015064477920532227,0.002703726291656494,0.0011972784996032715,6.565451622009277e-05,0.000990748405456543,0.0009250938892364502,,,,,extension56,same_receiving_gpu
reach,25,matched_random_fixed_rank4,9,11.955490369928306,1.0913819602742527,5.554100665926153,0.5070177035637031,90.0074838249837,79.62156864222186,-10.385915182761835,0.0004299283027648926,0.002627253532409668,0.0021973252296447754,0.00019747018814086914,0.0007247328758239746,0.0005272626876831055,,,,,extension56,same_receiving_gpu
reach,25,matched_random_fixed_rank4,10,12.262172793122806,1.1193781071365816,6.2257981612721345,0.5683350152338223,85.5002097868394,74.38137131070232,-11.118838476137086,0.0031888484954833984,0.00139695405960083,-0.0017918944358825684,0.00018733739852905273,0.000981062650680542,0.0007937252521514893,,,,,extension56,same_receiving_gpu
reach,25,matched_random_fixed_rank4,11,13.313652434547567,1.2153646268642126,5.344040427747722,0.48784191508283076,70.64805330383331,67.1195503057969,-3.5285029980364016,0.002847433090209961,0.0029633045196533203,0.00011587142944335938,1.1056661605834961e-05,0.0006130337715148926,0.0006019771099090576,,,,,extension56,same_receiving_gpu
reach,25,matched_random_fixed_rank4,12,13.707874643043192,1.2513520262413058,5.918632263090982,0.5402947333454636,63.703513037963035,53.37477352464849,-10.328739513314545,0.0015437006950378418,0.00029543042182922363,-0.0012482702732086182,6.580352783203125e-05,7.104873657226562e-05,5.245208740234375e-06,,,,,extension56,same_receiving_gpu
reach,25,matched_random_fixed_rank4,13,15.008334159562065,1.370067194961247,4.44653329537916,0.40591109809615794,49.84737184541975,43.49646643923999,-6.350905406179763,0.0013680756092071533,0.0030030906200408936,0.0016350150108337402,0.0003822147846221924,0.0003319382667541504,-5.027651786804199e-05,,,,,extension56,same_receiving_gpu
reach,25,matched_random_fixed_rank4,14,15.623307580223708,1.4262063307549964,4.320089228662905,0.3943683868289611,32.39502969970076,28.207156224350427,-4.1878734753503295,0.0009660124778747559,0.0003686249256134033,-0.0005973875522613525,4.5239925384521484e-05,0.00041481852531433105,0.00036957859992980957,,,,,extension56,same_receiving_gpu
reach,26,fixed_rank4,0,0.0,0.0,0.0,0.0,170.27262398456074,170.27262398456074,0.0,0.09499621391296387,0.09632396697998047,0.0013277530670166016,0.004899859428405762,0.0050411224365234375,0.00014126300811767578,True,10.0,0.0003034186363220215,0.0004326345451372005,extension56,same_receiving_gpu
reach,26,fixed_rank4,1,0.0,0.0,0.0,0.0,161.24264922437825,161.24264922437825,0.0,0.0038826465606689453,0.003001570701599121,-0.0008810758590698242,0.045569419860839844,0.04404914379119873,-0.0015202760696411133,,,,,extension56,same_receiving_gpu
reach,26,fixed_rank4,2,3.178502436019953e-07,2.9015624721554154e-08,5.908080220699015e-07,5.393314680711584e-08,157.20182631428054,157.2018259539298,-3.603507252591953e-07,0.07683366537094116,0.07521939277648926,-0.0016142725944519043,0.0026658177375793457,0.0008503198623657227,-0.001815497875213623,,,,,extension56,same_receiving_gpu
reach,26,fixed_rank4,3,5.467815378242803e-07,4.9914097048953754e-08,8.296615425989064e-07,7.573739032932572e-08,146.46680755088755,146.4668074709648,-7.992275641299784e-08,0.06416738033294678,0.0635915994644165,-0.0005757808685302734,0.0008367300033569336,0.000314176082611084,-0.0005225539207458496,,,,,extension56,same_receiving_gpu
reach,26,fixed_rank4,4,1.4300787574452163,0.130547732410284,1.1956062358994568,0.10914341754932924,136.59353327828228,138.06048377137233,1.466950493090053,0.011665552854537964,0.017368823289871216,0.005703270435333252,0.0018298029899597168,0.004447758197784424,0.002617955207824707,,,,,extension56,same_receiving_gpu
reach,26,fixed_rank4,5,2.86405902188567,0.2614516220521606,2.2226644433603897,0.20290057556552485,128.6543860705608,133.0614339308059,4.407047860245086,0.005017340183258057,0.011144876480102539,0.006127536296844482,0.0010821819305419922,0.0013825595378875732,0.00030037760734558105,,,,,extension56,same_receiving_gpu
reach,26,fixed_rank4,6,4.431657495751886,0.40455312959336054,3.180172131703487,0.2903086688805483,119.73043785412759,121.2889847818904,1.5585469277628192,0.001143425703048706,0.005984872579574585,0.004841446876525879,0.00020420551300048828,0.0004489719867706299,0.0002447664737701416,,,,,extension56,same_receiving_gpu
reach,26,fixed_rank4,7,4.959347724453773,0.452724436532541,3.735087540715187,0.3409652833843672,111.14777302152638,113.86737366440852,2.719600642882142,0.0047796666622161865,0.0012910664081573486,-0.003488600254058838,7.897615432739258e-06,0.0015354454517364502,0.001527547836303711,,,,,extension56,same_receiving_gpu
reach,26,fixed_rank4,8,5.98151977126784,0.5460355511477563,4.452176593206543,0.40642625834928764,94.99229723914087,101.56976705966636,6.577469820525494,0.003921419382095337,0.00028696656227111816,-0.0036344528198242188,0.0003077089786529541,4.291534423828125e-06,-0.000303417444229126,,,,,extension56,same_receiving_gpu
reach,26,fixed_rank4,9,6.628801286330964,0.6051239989571218,4.703397766464647,0.4293595089353504,79.78168513838266,91.04949847103951,11.267813332656857,0.0037505924701690674,0.0025593042373657227,-0.0011912882328033447,7.423758506774902e-05,4.521012306213379e-05,-2.9027462005615234e-05,,,,,extension56,same_receiving_gpu
reach,26,fixed_rank4,10,6.93039601298607,0.6326557047927227,4.652048209304563,0.42467195713960393,65.87226883978896,75.84464210227736,9.972373262488404,0.0010291635990142822,0.00017264485359191895,-0.0008565187454223633,0.00010505318641662598,0.0004176795482635498,0.00031262636184692383,,,,,extension56,same_receiving_gpu
reach,26,fixed_rank4,11,8.253732789344996,0.7534592720573815,4.681379357316334,0.42734951237353214,46.69687587076851,63.174123607523185,16.477247736754677,0.0015890300273895264,0.001068204641342163,-0.0005208253860473633,0.0001004934310913086,4.139542579650879e-05,-5.9098005294799805e-05,,,,,extension56,same_receiving_gpu
reach,26,fixed_rank4,12,9.437794373072505,0.8615488118711897,5.175688909008074,0.4724735943488376,39.29287552995212,45.497301900943626,6.204426370991506,0.0004925727844238281,0.0008806586265563965,0.00038808584213256836,0.00040644407272338867,0.0004767477512359619,7.030367851257324e-05,,,,,extension56,same_receiving_gpu
reach,26,fixed_rank4,13,10.455221367862285,0.9544267644813653,4.227380364514148,0.3859052641331351,24.368960862849605,29.010171271183093,4.641210408333489,0.0013757944107055664,0.0009036362171173096,-0.00047215819358825684,0.00030168890953063965,0.000477522611618042,0.00017583370208740234,,,,,extension56,same_receiving_gpu
reach,26,fixed_rank4,14,10.972283480201188,1.00162786157458,3.3993466004241886,0.31031646897180476,6.552877229253534,13.947616505509254,7.39473927625572,2.3245811462402344e-05,0.0018937885761260986,0.0018705427646636963,7.69197940826416e-05,2.568960189819336e-05,-5.123019218444824e-05,,,,,extension56,same_receiving_gpu
reach,26,matched_random_fixed_rank4,0,0.0,0.0,0.0,0.0,170.27262398456074,170.27262398456074,0.0,0.09499621391296387,0.0963667631149292,0.001370549201965332,0.004899859428405762,0.005150914192199707,0.0002510547637939453,True,10.0,0.0003424413998921712,0.0004330363753535688,extension56,same_receiving_gpu
reach,26,matched_random_fixed_rank4,1,0.0,0.0,0.0,0.0,161.24264922437825,161.24264922437825,0.0,0.0038826465606689453,0.003947138786315918,6.449222564697266e-05,0.045569419860839844,0.0450514554977417,-0.0005179643630981445,,,,,extension56,same_receiving_gpu
reach,26,matched_random_fixed_rank4,2,0.0,0.0,0.0,0.0,157.20182631428054,157.20182631428054,0.0,0.07683366537094116,0.07639825344085693,-0.0004354119300842285,0.0026658177375793457,0.0020437240600585938,-0.000622093677520752,,,,,extension56,same_receiving_gpu
reach,26,matched_random_fixed_rank4,3,0.0,0.0,0.0,0.0,146.46680755088755,146.46680755088755,0.0,0.06416738033294678,0.06422889232635498,6.151199340820312e-05,0.0008367300033569336,0.0009868741035461426,0.00015014410018920898,,,,,extension56,same_receiving_gpu
reach,26,matched_random_fixed_rank4,4,0.0,0.0,0.0,0.0,136.59353327828228,136.59353327828228,0.0,0.011665552854537964,0.011972874402999878,0.00030732154846191406,0.0018298029899597168,0.0018118619918823242,-1.7940998077392578e-05,,,,,extension56,same_receiving_gpu
reach,26,matched_random_fixed_rank4,5,0.0,0.0,0.0,0.0,128.6543860705608,128.6543860705608,0.0,0.005017340183258057,0.00524255633354187,0.00022521615028381348,0.0010821819305419922,0.001332610845565796,0.0002504289150238037,,,,,extension56,same_receiving_gpu
reach,26,matched_random_fixed_rank4,6,0.0,0.0,0.0,0.0,119.73043785412759,119.73043785412759,0.0,0.001143425703048706,0.0008396506309509277,-0.0003037750720977783,0.00020420551300048828,2.9325485229492188e-05,-0.0001748800277709961,,,,,extension56,same_receiving_gpu
reach,26,matched_random_fixed_rank4,7,1.4173736909478913,0.12938792382441933,1.0947593710946657,0.09993740043145291,111.14777302152638,109.6849705650928,-1.4628024564335789,0.0047796666622161865,0.005599260330200195,0.0008195936679840088,7.897615432739258e-06,0.00034177303314208984,0.0003338754177093506,,,,,extension56,same_receiving_gpu
reach,26,matched_random_fixed_rank4,8,3.1809848729721435,0.29038286166825805,2.299072445043003,0.20987563991476818,94.99229723914087,91.08344612074524,-3.9088511183956314,0.003921419382095337,0.0015609264373779297,-0.0023604929447174072,0.0003077089786529541,0.00048467516899108887,0.00017696619033813477,,,,,extension56,same_receiving_gpu
reach,26,matched_random_fixed_rank4,9,4.511735875484625,0.41186325208470803,2.696423258412109,0.24614864053564894,79.78168513838266,80.3340691737429,0.552384035360248,0.0037505924701690674,4.291534423828125e-06,-0.0037463009357452393,7.423758506774902e-05,2.1338462829589844e-05,-5.289912223815918e-05,,,,,extension56,same_receiving_gpu
reach,26,matched_random_fixed_rank4,10,5.031296319504297,0.4592924146142038,2.8878853825764,0.2636266612544218,65.87226883978896,64.00417962932434,-1.8680892104646176,0.0010291635990142822,0.004120528697967529,0.003091365098953247,0.00010505318641662598,4.029273986816406e-05,-6.476044654846191e-05,,,,,extension56,same_receiving_gpu
reach,26,matched_random_fixed_rank4,11,5.7803701683360424,0.5276731886545976,3.0636618494461043,0.2796727839182712,46.69687587076851,47.62495404291981,0.9280781721513023,0.0015890300273895264,0.0004884302616119385,-0.0011005997657775879,0.0001004934310913086,0.0004494190216064453,0.0003489255905151367,,,,,extension56,same_receiving_gpu
reach,26,matched_random_fixed_rank4,12,6.481932492662819,0.5917167737428525,3.5555802449364258,0.3245785841952374,39.29287552995212,26.682905463789606,-12.609970066162514,0.0004925727844238281,0.0014702975749969482,0.0009777247905731201,0.00040644407272338867,3.94284725189209e-05,-0.0003670156002044678,,,,,extension56,same_receiving_gpu
reach,26,matched_random_fixed_rank4,13,7.484453548213297,0.683234006492667,3.6163390928842087,0.3301250827934086,24.368960862849605,13.074301948861386,-11.294658913988219,0.0013757944107055664,0.0017450153827667236,0.0003692209720611572,0.00030168890953063965,5.498528480529785e-05,-0.0002467036247253418,,,,,extension56,same_receiving_gpu
reach,26,matched_random_fixed_rank4,14,7.5028635496200335,0.6849146020016956,3.3232696139193023,0.3033716220358478,6.552877229253534,-6.024827616614208,-12.577704845867743,2.3245811462402344e-05,0.0012891888618469238,0.0012659430503845215,7.69197940826416e-05,9.843707084655762e-05,2.1517276763916016e-05,,,,,extension56,same_receiving_gpu
reach,27,fixed_rank4,0,0.0,0.0,0.0,0.0,170.27262398456074,170.27262398456074,0.0,0.10656797885894775,0.10380661487579346,-0.002761363983154297,0.003144502639770508,0.0028002262115478516,-0.00034427642822265625,True,10.0,0.0007568045457204183,0.0008482067868825741,extension56,same_receiving_gpu
reach,27,fixed_rank4,1,0.0,0.0,0.0,0.0,164.3455446546754,164.3455446546754,0.0,0.003343939781188965,0.004243254661560059,0.0008993148803710938,0.00045168399810791016,0.00010883808135986328,-0.0003428459167480469,,,,,extension56,same_receiving_gpu
reach,27,fixed_rank4,2,1.3982680445663973,0.12764382490794246,0.9665003548507843,0.08822900769808703,155.99520329531626,156.07747868925966,0.0822753939434051,0.0009399652481079102,0.013999640941619873,0.013059675693511963,0.004329204559326172,0.005394399166107178,0.0010651946067810059,,,,,extension56,same_receiving_gpu
reach,27,fixed_rank4,3,2.403886553323035,0.21944381515639527,1.8420723436046658,0.16815742919144713,149.20918553212204,149.3642998853192,0.15511435319717748,0.05161595344543457,0.02924513816833496,-0.02237081527709961,0.0002142190933227539,0.007581174373626709,0.007366955280303955,,,,,extension56,same_receiving_gpu
reach,27,fixed_rank4,4,3.192151594255404,0.2914022391916272,2.5670403286701404,0.23433764900635193,137.0056618194476,139.61525454794054,2.6095927284929417,0.011139601469039917,0.04504188895225525,0.03390228748321533,0.0012707114219665527,0.004294991493225098,0.003024280071258545,,,,,extension56,same_receiving_gpu
reach,27,fixed_rank4,5,3.7313541746739043,0.34062447525166156,3.0433770896144767,0.2778210471627117,125.79068181764427,127.95434753542447,2.163665717780205,0.011268913745880127,0.00026220083236694336,-0.011006712913513184,0.0030677616596221924,0.0024834275245666504,-0.000584334135055542,,,,,extension56,same_receiving_gpu
reach,27,fixed_rank4,6,4.562221065599748,0.4164718983257063,2.9532909071149462,0.2695973414502917,118.73388144373952,121.25838711867105,2.5245056749315324,0.009939372539520264,0.0008736848831176758,-0.009065687656402588,0.0009122192859649658,0.0007729828357696533,-0.0001392364501953125,,,,,extension56,same_receiving_gpu
reach,27,fixed_rank4,7,5.543212017167498,0.5060237104727255,3.934731619474233,0.3591902109524785,112.97565369426968,113.35262104934066,0.376967355070974,0.0045649707317352295,0.0019675791263580322,-0.0025973916053771973,0.0020852088928222656,0.0009523630142211914,-0.0011328458786010742,,,,,extension56,same_receiving_gpu
reach,27,fixed_rank4,8,6.571809790391151,0.5999214109717551,4.358648189822955,0.397888322299182,100.41534986708423,104.85289506256188,4.437545195477654,0.00034672021865844727,0.0023802518844604492,0.002033531665802002,0.000858992338180542,0.0011027753353118896,0.00024378299713134766,,,,,extension56,same_receiving_gpu
reach,27,fixed_rank4,9,7.795323837905001,0.7116124515130523,4.724327533616938,0.4312701265341238,81.3064471472897,87.18173766531388,5.875290518024173,0.00016671419143676758,0.004412353038787842,0.004245638847351074,7.262825965881348e-05,0.0008862316608428955,0.000813603401184082,,,,,extension56,same_receiving_gpu
reach,27,fixed_rank4,10,7.9999573134745185,0.7302928466114036,5.2023633466481005,0.47490862621620544,64.02755094322293,68.4784901021903,4.450939158967373,0.0008526146411895752,0.005478858947753906,0.004626244306564331,0.0010228455066680908,0.0006740987300872803,-0.00034874677658081055,,,,,extension56,same_receiving_gpu
reach,27,fixed_rank4,11,8.578720148998848,0.7831264233551248,5.0030339476224155,0.4567124248461527,48.11839904602213,52.00192267546659,3.8835236294444613,0.002496659755706787,0.003907144069671631,0.0014104843139648438,0.00026223063468933105,0.00011083483695983887,-0.0001513957977294922,,,,,extension56,same_receiving_gpu
reach,27,fixed_rank4,12,9.199602666331076,0.8398049834057005,4.356306619726011,0.3976745671721693,34.10939721957217,33.14582958262926,-0.963567636942912,0.0019319653511047363,0.0020698904991149902,0.0001379251480102539,0.00015464425086975098,0.0006415843963623047,0.0004869401454925537,,,,,extension56,same_receiving_gpu
reach,27,fixed_rank4,13,10.43899784174407,0.9529457659451621,4.638683469002833,0.4234519288498613,22.008003745681417,31.372732507350413,9.364728761668996,6.22868537902832e-06,0.0019993484020233154,0.001993119716644287,0.0005993247032165527,4.410743713378906e-06,-0.0005949139595031738,,,,,extension56,same_receiving_gpu
reach,27,fixed_rank4,14,11.55079055984058,1.0544380911070688,4.80880715080707,0.4389820251981965,5.478827541551006,14.27778694778937,8.798959406238364,2.1159648895263672e-05,0.0009084641933441162,0.0008873045444488525,0.00021854043006896973,3.275275230407715e-05,-0.00018578767776489258,,,,,extension56,same_receiving_gpu
reach,27,matched_random_fixed_rank4,0,0.0,0.0,0.0,0.0,170.27262398456074,170.27262398456074,0.0,0.10656797885894775,0.10567271709442139,-0.0008952617645263672,0.003144502639770508,0.002837538719177246,-0.0003069639205932617,True,10.0,0.0004822119077046712,0.000581790356006852,extension56,same_receiving_gpu
reach,27,matched_random_fixed_rank4,1,0.0,0.0,0.0,0.0,164.3455446546754,164.3455446546754,0.0,0.003343939781188965,0.0038813352584838867,0.0005373954772949219,0.00045168399810791016,5.0067901611328125e-05,-0.00040161609649658203,,,,,extension56,same_receiving_gpu
reach,27,matched_random_fixed_rank4,2,1.3982679969760152,0.1276438205635548,0.9665004431293756,0.08822901575678298,155.99520329531626,156.07747822879207,0.08227493347581571,0.0009399652481079102,0.014255881309509277,0.013315916061401367,0.004329204559326172,0.0036931633949279785,-0.0006360411643981934,,,,,extension56,same_receiving_gpu
reach,27,matched_random_fixed_rank4,3,2.4038865855581157,0.21944381809904212,1.8420724394362047,0.1681574379396297,149.20918553212204,149.36429895255827,0.155113420436237,0.05161595344543457,0.029680907726287842,-0.02193504571914673,0.0002142190933227539,0.006862521171569824,0.00664830207824707,,,,,extension56,same_receiving_gpu
reach,27,matched_random_fixed_rank4,4,3.192151543846967,0.29140223458998754,2.5670405422030487,0.23433766849915036,137.0056618194476,139.61525373817432,2.6095919187267214,0.011139601469039917,0.044498443603515625,0.03335884213447571,0.0012707114219665527,0.004844009876251221,0.003573298454284668,,,,,extension56,same_receiving_gpu
reach,27,matched_random_fixed_rank4,5,3.7313541380420503,0.34062447190764605,3.043377251164903,0.2778210619101805,125.79068181764427,127.95434668219549,2.1636648645512224,0.011268913745880127,0.00031942129135131836,-0.010949492454528809,0.0030677616596221924,0.001991748809814453,-0.0010760128498077393,,,,,extension56,same_receiving_gpu
reach,27,matched_random_fixed_rank4,6,4.562221037266591,0.4164718957392548,2.953291021552587,0.26959735189697126,118.73388144373952,121.25838575957128,2.524504315831763,0.009939372539520264,0.0007930099964141846,-0.009146362543106079,0.0009122192859649658,0.0010638535022735596,0.00015163421630859375,,,,,extension56,same_receiving_gpu
reach,27,matched_random_fixed_rank4,7,5.543211914863611,0.506023701133701,3.9347317040508694,0.35919021867323375,112.97565369426968,113.35262006806019,0.3769663737905091,0.0045649707317352295,0.0024441778659820557,-0.002120792865753174,0.0020852088928222656,0.0010937154293060303,-0.0009914934635162354,,,,,extension56,same_receiving_gpu
reach,27,matched_random_fixed_rank4,8,6.571809957564941,0.5999214262325645,4.358648250318322,0.39788832782162814,100.41534986708423,104.85289412919724,4.437544262113008,0.00034672021865844727,0.0021396279335021973,0.00179290771484375,0.000858992338180542,0.0012419819831848145,0.00038298964500427246,,,,,extension56,same_receiving_gpu
reach,27,matched_random_fixed_rank4,9,7.795323927304109,0.7116124596740371,4.724327653857255,0.4312701375105128,81.3064471472897,87.1817372838083,5.8752901365186005,0.00016671419143676758,0.004351437091827393,0.004184722900390625,7.262825965881348e-05,0.0010119080543518066,0.0009392797946929932,,,,,extension56,same_receiving_gpu
reach,27,matched_random_fixed_rank4,10,7.999957459123667,0.7302928599072909,5.20236341346143,0.4749086323154001,64.02755094322293,68.47849021924941,4.4509392760264745,0.0008526146411895752,0.005663841962814331,0.004811227321624756,0.0010228455066680908,0.0005989670753479004,-0.00042387843132019043,,,,,extension56,same_receiving_gpu
reach,27,matched_random_fixed_rank4,11,8.5787203618682,0.7831264427873491,5.003034034876963,0.45671243281136675,48.11839904602213,52.00192199458776,3.883522948565634,0.002496659755706787,0.004367947578430176,0.0018712878227233887,0.00026223063468933105,0.0004786550998687744,0.00021642446517944336,,,,,extension56,same_receiving_gpu
reach,27,matched_random_fixed_rank4,12,9.172981717777128,0.8373748344015035,4.426412729973264,0.4040743501723968,34.10939721957217,33.354819212105,-0.754578007467174,0.0019319653511047363,0.003284841775894165,0.0013528764247894287,0.00015464425086975098,3.2007694244384766e-05,-0.0001226365566253662,,,,,extension56,same_receiving_gpu
reach,27,matched_random_fixed_rank4,13,10.389199120551593,0.9483997854564902,4.544331002679712,0.4148387664896246,22.00800374568142,31.05472227234801,9.046718526666588,6.22868537902832e-06,0.0011420249938964844,0.001135796308517456,0.0005993247032165527,2.244114875793457e-05,-0.0005768835544586182,,,,,extension56,same_receiving_gpu
reach,27,matched_random_fixed_rank4,14,11.77093301661661,1.0745342560138749,4.576581731436748,0.41778284176232605,5.478827541551005,17.518618906811007,12.039791365260001,2.1159648895263672e-05,0.0002484917640686035,0.00022733211517333984,0.00021854043006896973,0.0006421506404876709,0.00042361021041870117,,,,,extension56,same_receiving_gpu
reach,28,fixed_rank4,0,0.0,0.0,0.0,0.0,170.27262398456074,170.27262398456074,0.0,0.05597567558288574,0.055922508239746094,-5.316734313964844e-05,0.0022470951080322266,0.003058195114135742,0.0008111000061035156,True,10.0,0.0008638366063435872,0.0009245020928578827,extension56,same_receiving_gpu
reach,28,fixed_rank4,1,0.0,0.0,0.0,0.0,169.528222671887,169.528222671887,0.0,0.006071686744689941,0.008271932601928711,0.0022002458572387695,0.0028525590896606445,0.0026482343673706055,-0.00020432472229003906,,,,,extension56,same_receiving_gpu
reach,28,fixed_rank4,2,0.0,0.0,0.0,0.0,163.56929111010456,163.56929111010456,0.0,0.0641641616821289,0.06423759460449219,7.343292236328125e-05,0.021448373794555664,0.02221238613128662,0.000764012336730957,,,,,extension56,same_receiving_gpu
reach,28,fixed_rank4,3,0.0,0.0,0.0,0.0,159.417730505313,159.417730505313,0.0,0.09942048788070679,0.09849941730499268,-0.0009210705757141113,0.0012910962104797363,0.0005084872245788574,-0.0007826089859008789,,,,,extension56,same_receiving_gpu
reach,28,fixed_rank4,4,0.0,0.0,0.0,0.0,150.45151609364513,150.45151609364513,0.0,0.0002560615539550781,0.000759810209274292,0.0005037486553192139,0.0033662915229797363,0.003877103328704834,0.0005108118057250977,,,,,extension56,same_receiving_gpu
reach,28,fixed_rank4,5,4.847352832433992e-07,4.425007484184429e-08,5.422057330209092e-07,4.949638513069595e-08,141.6477100625454,141.64770995866886,-1.0387654469923291e-07,0.0012877285480499268,0.0013407766819000244,5.3048133850097656e-05,0.0017319917678833008,0.0035773813724517822,0.0018453896045684814,,,,,extension56,same_receiving_gpu
reach,28,fixed_rank4,6,1.1293851153193192e-06,1.0309828396182741e-07,7.740002222788663e-07,7.065623020935795e-08,132.8537219552514,132.8537218524537,-1.027976850309642e-07,0.009580045938491821,0.009534955024719238,-4.509091377258301e-05,0.00034859776496887207,0.0012589097023010254,0.0009103119373321533,,,,,extension56,same_receiving_gpu
reach,28,fixed_rank4,7,1.5454758656355945e-06,1.4108199894807306e-07,8.567843742051751e-07,7.821335477835364e-08,117.0664529117355,117.06645339125666,4.795211623331852e-07,0.00542113184928894,0.005715310573577881,0.00029417872428894043,0.0007953345775604248,0.0007950067520141602,-3.2782554626464844e-07,,,,,extension56,same_receiving_gpu
reach,28,fixed_rank4,8,1.5135822850199466e-06,1.3817052669093973e-07,8.475342452859803e-07,7.736893740020799e-08,98.56374975186365,98.56374995363481,2.0177115800379397e-07,0.00019043684005737305,0.0002853572368621826,9.492039680480957e-05,0.001623004674911499,0.0015940070152282715,-2.899765968322754e-05,,,,,extension56,same_receiving_gpu
reach,28,fixed_rank4,9,1.8481814325457585e-06,1.6871511016125407e-07,1.1219758669054275e-06,1.0242191521341944e-07,82.40327107229697,82.40327057592116,-4.963758186704581e-07,0.000544130802154541,0.00017386674880981445,-0.00037026405334472656,0.0003980100154876709,0.0005633831024169922,0.0001653730869293213,,,,,extension56,same_receiving_gpu
reach,28,fixed_rank4,10,2.249609919959295e-06,2.053603497915162e-07,1.0746671584106025e-06,9.810324074524412e-08,67.3000233284509,67.30002367112368,3.426727772648519e-07,0.0013468265533447266,0.0013235509395599365,-2.327561378479004e-05,0.00038164854049682617,0.00038188695907592773,2.384185791015625e-07,,,,,extension56,same_receiving_gpu
reach,28,fixed_rank4,11,2.8811863354592237e-06,2.6301512471777723e-07,1.0339744384415905e-06,9.438852063636598e-08,52.883754260309935,52.88375668970176,2.4293918272633164e-06,0.0007991194725036621,0.0011226236820220947,0.0003235042095184326,0.0005674064159393311,0.0005344152450561523,-3.299117088317871e-05,,,,,extension56,same_receiving_gpu
reach,28,fixed_rank4,12,2.8194301636989105e-06,2.5737758332806276e-07,1.1476921274247025e-06,1.0476947787693383e-07,33.15350356642771,33.153505394933376,1.8285056668787547e-06,0.00044342875480651855,0.0006117522716522217,0.00016832351684570312,8.603930473327637e-05,4.3451786041259766e-05,-4.25875186920166e-05,,,,,extension56,same_receiving_gpu
reach,28,fixed_rank4,13,3.0951720781503913e-06,2.8254926109385206e-07,1.1700436461420885e-06,1.068098830429357e-07,19.704088203112683,19.704092000773805,3.7976611224621593e-06,0.0019847750663757324,0.0016224086284637451,-0.0003623664379119873,0.00022363662719726562,0.00020447373390197754,-1.9162893295288086e-05,,,,,extension56,same_receiving_gpu
reach,28,fixed_rank4,14,3.2346078934671747e-06,2.952779513227065e-07,1.2964910084474481e-06,1.1835289515488137e-07,6.226414546528685,6.226419679761772,5.133233087484257e-06,0.0036217570304870605,0.003675222396850586,5.346536636352539e-05,0.00026148557662963867,0.0003986060619354248,0.00013712048530578613,,,,,extension56,same_receiving_gpu
reach,28,matched_random_fixed_rank4,0,0.0,0.0,0.0,0.0,170.27262398456074,170.27262398456074,0.0,0.05597567558288574,0.05477499961853027,-0.0012006759643554688,0.0022470951080322266,0.0032052993774414062,0.0009582042694091797,True,10.0,0.0004805874824523926,0.0006118173682286582,extension56,same_receiving_gpu
reach,28,matched_random_fixed_rank4,1,0.0,0.0,0.0,0.0,169.528222671887,169.528222671887,0.0,0.006071686744689941,0.006905674934387207,0.0008339881896972656,0.0028525590896606445,0.0028203725814819336,-3.218650817871094e-05,,,,,extension56,same_receiving_gpu
reach,28,matched_random_fixed_rank4,2,0.0,0.0,0.0,0.0,163.56929111010456,163.56929111010456,0.0,0.0641641616821289,0.06399774551391602,-0.00016641616821289062,0.021448373794555664,0.02176189422607422,0.0003135204315185547,,,,,extension56,same_receiving_gpu
reach,28,matched_random_fixed_rank4,3,0.0,0.0,0.0,0.0,159.417730505313,159.417730505313,0.0,0.09942048788070679,0.09920424222946167,-0.0002162456512451172,0.0012910962104797363,0.0011479854583740234,-0.0001431107521057129,,,,,extension56,same_receiving_gpu
reach,28,matched_random_fixed_rank4,4,0.0,0.0,0.0,0.0,150.45151609364513,150.45151609364513,0.0,0.0002560615539550781,4.51207160949707e-05,-0.00021094083786010742,0.0033662915229797363,0.0033710598945617676,4.76837158203125e-06,,,,,extension56,same_receiving_gpu
reach,28,matched_random_fixed_rank4,5,0.0,0.0,0.0,0.0,141.6477100625454,141.6477100625454,0.0,0.0012877285480499268,0.0011890828609466553,-9.864568710327148e-05,0.0017319917678833008,0.0014739036560058594,-0.0002580881118774414,,,,,extension56,same_receiving_gpu
reach,28,matched_random_fixed_rank4,6,0.0,0.0,0.0,0.0,132.8537219552514,132.8537219552514,0.0,0.009580045938491821,0.009480267763137817,-9.97781753540039e-05,0.00034859776496887207,0.000499039888381958,0.00015044212341308594,,,,,extension56,same_receiving_gpu
reach,28,matched_random_fixed_rank4,7,6.698585770071656e-07,6.1149442160856e-08,5.442494859620832e-07,4.9682953395337365e-08,117.0664529117355,117.06645289465581,-1.7079685221688123e-08,0.00542113184928894,0.005405128002166748,-1.6003847122192383e-05,0.0007953345775604248,0.0010870099067687988,0.000291675329208374,,,,,extension56,same_receiving_gpu
reach,28,matched_random_fixed_rank4,8,8.641710001580194e-07,7.888765838805794e-08,5.200483908240541e-07,4.747370577476618e-08,98.56374975186365,98.56374938620073,-3.656629274928491e-07,0.00019043684005737305,0.00014528632164001465,-4.51505184173584e-05,0.001623004674911499,0.0014044642448425293,-0.00021854043006896973,,,,,extension56,same_receiving_gpu
reach,28,matched_random_fixed_rank4,9,1.429901376729268e-06,1.3053153984038545e-07,6.67983609861651e-07,6.097828186082609e-08,82.40327107229697,82.40327003139888,-1.0408980983811489e-06,0.000544130802154541,0.00038120150566101074,-0.00016292929649353027,0.0003980100154876709,0.000469207763671875,7.11977481842041e-05,,,,,extension56,same_receiving_gpu
reach,28,matched_random_fixed_rank4,10,1.4867271992116678e-06,1.357190039774512e-07,6.257600664674063e-07,5.7123817331688415e-08,67.3000233284509,67.30002234549715,-9.829537503946995e-07,0.0013468265533447266,0.0013339519500732422,-1.2874603271484375e-05,0.00038164854049682617,0.0005162060260772705,0.00013455748558044434,,,,,extension56,same_receiving_gpu
reach,28,matched_random_fixed_rank4,11,1.9882696564080964e-06,1.8150335686962676e-07,7.138288326351503e-07,6.516335897197528e-08,52.883754260309935,52.88375329445685,-9.658530828460243e-07,0.0007991194725036621,0.0009555518627166748,0.0001564323902130127,0.0005674064159393311,0.0004996955394744873,-6.771087646484375e-05,,,,,extension56,same_receiving_gpu
reach,28,matched_random_fixed_rank4,12,1.974709589472427e-06,1.8026549777930238e-07,6.59628896530774e-07,6.021560436869103e-08,33.15350356642771,33.15350131871624,-2.2477114711705326e-06,0.00044342875480651855,0.0004214346408843994,-2.199411392211914e-05,8.603930473327637e-05,0.00016349554061889648,7.745623588562012e-05,,,,,extension56,same_receiving_gpu
reach,28,matched_random_fixed_rank4,13,2.4203645691962667e-06,2.2094804532251148e-07,8.108156593694638e-07,7.401700443584673e-08,19.704088203112683,19.704087394221098,-8.08891584824778e-07,0.0019847750663757324,0.001969277858734131,-1.5497207641601562e-05,0.00022363662719726562,0.0002281665802001953,4.5299530029296875e-06,,,,,extension56,same_receiving_gpu
reach,28,matched_random_fixed_rank4,14,2.784132449091606e-06,2.5415535757492937e-07,8.202583592138507e-07,7.487900105393359e-08,6.226414546528685,6.226419344312205,4.797783520693599e-06,0.0036217570304870605,0.00365370512008667,3.1948089599609375e-05,0.00026148557662963867,0.00023430585861206055,-2.7179718017578125e-05,,,,,extension56,same_receiving_gpu
reach,29,fixed_rank4,0,0.0,0.0,0.0,0.0,170.27262398456074,170.27262398456074,0.0,0.019166946411132812,0.01901388168334961,-0.00015306472778320312,0.006410360336303711,0.005911350250244141,-0.0004990100860595703,True,10.0,0.0005257495244344075,0.0005772560357219687,extension56,same_receiving_gpu
reach,29,fixed_rank4,1,0.0,0.0,0.0,0.0,164.88630794418023,164.88630794418023,0.0,0.011962890625,0.013292789459228516,0.0013298988342285156,0.0022728443145751953,0.0035573244094848633,0.001284480094909668,,,,,extension56,same_receiving_gpu
reach,29,fixed_rank4,2,0.0,0.0,0.0,0.0,156.74184608002383,156.74184608002383,0.0,0.0195237398147583,0.019172191619873047,-0.0003515481948852539,0.018884897232055664,0.019295454025268555,0.0004105567932128906,,,,,extension56,same_receiving_gpu
reach,29,fixed_rank4,3,0.0,0.0,0.0,0.0,144.67567745617637,144.67567745617637,0.0,0.0765569806098938,0.07743197679519653,0.0008749961853027344,0.0038194656372070312,0.002781987190246582,-0.0010374784469604492,,,,,extension56,same_receiving_gpu
reach,29,fixed_rank4,4,0.0,0.0,0.0,0.0,138.71114535942863,138.71114535942863,0.0,0.07218492031097412,0.06949043273925781,-0.0026944875717163086,0.003953158855438232,0.004757106304168701,0.0008039474487304688,,,,,extension56,same_receiving_gpu
reach,29,fixed_rank4,5,0.0,0.0,0.0,0.0,124.83658996094141,124.83658996094141,0.0,0.005832195281982422,0.0056231021881103516,-0.0002090930938720703,0.001062929630279541,0.001696944236755371,0.0006340146064758301,,,,,extension56,same_receiving_gpu
reach,29,fixed_rank4,6,0.0,0.0,0.0,0.0,112.37492716215199,112.37492716215199,0.0,0.004240751266479492,0.004215359687805176,-2.5391578674316406e-05,0.0017606616020202637,0.0011752843856811523,-0.0005853772163391113,,,,,extension56,same_receiving_gpu
reach,29,fixed_rank4,7,0.0,0.0,0.0,0.0,102.15699756253169,102.15699756253169,0.0,0.001078963279724121,0.0003750324249267578,-0.0007039308547973633,0.005178511142730713,0.005284786224365234,0.00010627508163452148,,,,,extension56,same_receiving_gpu
reach,29,fixed_rank4,8,1.0063249633750702e-06,9.186448043684769e-08,5.421545404859302e-07,4.9491711912998644e-08,87.49773639944158,87.49773634823165,-5.1209923412898206e-08,0.008908271789550781,0.008605241775512695,-0.00030303001403808594,0.0013405680656433105,0.0010107159614562988,-0.0003298521041870117,,,,,extension56,same_receiving_gpu
reach,29,fixed_rank4,9,1.3524192357699044e-06,1.2345842043917905e-07,8.388854164583285e-07,7.657941095939034e-08,80.56811616422272,80.56811598269742,-1.8152529435155884e-07,0.003962099552154541,0.004247814416885376,0.00028571486473083496,0.00027567148208618164,0.00012600421905517578,-0.00014966726303100586,,,,,extension56,same_receiving_gpu
reach,29,fixed_rank4,10,1.2785640340264006,0.11671639377517705,1.0341792014140032,0.0944072128528547,72.23383063443188,70.58297889551262,-1.6508517389192576,0.004989802837371826,0.0020401179790496826,-0.0029496848583221436,0.00027874112129211426,0.0005562901496887207,0.00027754902839660645,,,,,extension56,same_receiving_gpu
reach,29,fixed_rank4,11,2.044428977119263,0.18662997799757228,1.4035052492212514,0.12812191409589824,62.09045570323415,59.854027470150626,-2.2364282330835223,0.007164895534515381,0.0024245083332061768,-0.004740387201309204,0.00027939677238464355,0.000684589147567749,0.00040519237518310547,,,,,extension56,same_receiving_gpu
reach,29,fixed_rank4,12,2.5710218923884116,0.23470111438345878,1.8320791491194377,0.1672451795179312,52.52149229890137,49.43210515863788,-3.08938714026349,0.0011030733585357666,7.483363151550293e-05,-0.0010282397270202637,6.404519081115723e-05,0.0001253187656402588,6.127357482910156e-05,,,,,extension56,same_receiving_gpu
reach,29,fixed_rank4,13,2.7690485941715437,0.2527783963092871,1.7664891819245592,0.1612576620881547,35.35035759551698,29.222369991679535,-6.127987603837447,0.0013054311275482178,0.005856961011886597,0.004551529884338379,0.0010501742362976074,0.0001029670238494873,-0.0009472072124481201,,,,,extension56,same_receiving_gpu
reach,29,fixed_rank4,14,2.7891545374826765,0.25461380942452505,2.1085754304141973,0.19248572123983673,27.38575063746656,11.486977236383265,-15.898773401083297,0.0012029707431793213,0.0005552768707275391,-0.0006476938724517822,0.00022038817405700684,4.172325134277344e-06,-0.0002162158489227295,,,,,extension56,same_receiving_gpu
reach,29,matched_random_fixed_rank4,0,0.0,0.0,0.0,0.0,170.27262398456074,170.27262398456074,0.0,0.019166946411132812,0.019032001495361328,-0.00013494491577148438,0.006410360336303711,0.00585484504699707,-0.0005555152893066406,True,10.0,0.0003356734911600749,0.00041325838298340926,extension56,same_receiving_gpu
reach,29,matched_random_fixed_rank4,1,0.0,0.0,0.0,0.0,164.88630794418023,164.88630794418023,0.0,0.011962890625,0.01299130916595459,0.0010284185409545898,0.0022728443145751953,0.0029494762420654297,0.0006766319274902344,,,,,extension56,same_receiving_gpu
reach,29,matched_random_fixed_rank4,2,0.0,0.0,0.0,0.0,156.74184608002383,156.74184608002383,0.0,0.0195237398147583,0.01935291290283203,-0.00017082691192626953,0.018884897232055664,0.019058704376220703,0.00017380714416503906,,,,,extension56,same_receiving_gpu
reach,29,matched_random_fixed_rank4,3,0.0,0.0,0.0,0.0,144.67567745617637,144.67567745617637,0.0,0.0765569806098938,0.07647585868835449,-8.112192153930664e-05,0.0038194656372070312,0.0039556026458740234,0.0001361370086669922,,,,,extension56,same_receiving_gpu
reach,29,matched_random_fixed_rank4,4,0.0,0.0,0.0,0.0,138.71114535942863,138.71114535942863,0.0,0.07218492031097412,0.07232260704040527,0.00013768672943115234,0.003953158855438232,0.004284918308258057,0.0003317594528198242,,,,,extension56,same_receiving_gpu
reach,29,matched_random_fixed_rank4,5,0.0,0.0,0.0,0.0,124.83658996094141,124.83658996094141,0.0,0.005832195281982422,0.005641579627990723,-0.00019061565399169922,0.001062929630279541,0.0010479092597961426,-1.5020370483398438e-05,,,,,extension56,same_receiving_gpu
reach,29,matched_random_fixed_rank4,6,0.0,0.0,0.0,0.0,112.37492716215199,112.37492716215199,0.0,0.004240751266479492,0.003888428211212158,-0.000352323055267334,0.0017606616020202637,0.0014979839324951172,-0.0002626776695251465,,,,,extension56,same_receiving_gpu
reach,29,matched_random_fixed_rank4,7,0.0,0.0,0.0,0.0,102.15699756253169,102.15699756253169,0.0,0.001078963279724121,0.0006428956985473633,-0.0004360675811767578,0.005178511142730713,0.0054746270179748535,0.0002961158752441406,,,,,extension56,same_receiving_gpu
reach,29,matched_random_fixed_rank4,8,0.0,0.0,0.0,0.0,87.49773639944158,87.49773639944158,0.0,0.008908271789550781,0.008613169193267822,-0.000295102596282959,0.0013405680656433105,0.0012660026550292969,-7.456541061401367e-05,,,,,extension56,same_receiving_gpu
reach,29,matched_random_fixed_rank4,9,7.196394076696773e-07,6.569378947505642e-08,4.861896335078563e-07,4.438283824957041e-08,80.56811616422272,80.56811666882649,5.046037756528676e-07,0.003962099552154541,0.0040874481201171875,0.00012534856796264648,0.00027567148208618164,9.930133819580078e-05,-0.00017637014389038086,,,,,extension56,same_receiving_gpu
reach,29,matched_random_fixed_rank4,10,1.371570995513991e-06,1.2520672891047165e-07,6.737422069351178e-07,6.150396744694626e-08,72.23383063443188,72.23383128389938,6.494674948953616e-07,0.004989802837371826,0.005389988422393799,0.00040018558502197266,0.00027874112129211426,0.00017896294593811035,-9.97781753540039e-05,,,,,extension56,same_receiving_gpu
reach,29,matched_random_fixed_rank4,11,1.1078553234100668,0.10113289184731247,0.7529530199308063,0.0687348922929566,62.09045570323415,62.47753016709477,0.38707446386062117,0.007164895534515381,0.00823858380317688,0.001073688268661499,0.00027939677238464355,3.999471664428711e-05,-0.00023940205574035645,,,,,extension56,same_receiving_gpu
reach,29,matched_random_fixed_rank4,12,1.6654419440819808,0.15203335349815975,1.2966089258275844,0.11836365948971847,52.52149229890137,53.31348595585046,0.7919936569490886,0.0011030733585357666,0.004152268171310425,0.003049194812774658,6.404519081115723e-05,4.1037797927856445e-05,-2.300739288330078e-05,,,,,extension56,same_receiving_gpu
reach,29,matched_random_fixed_rank4,13,1.8785716392490341,0.17148934378435887,1.3869284321284379,0.1266086646536697,35.35035759551698,39.132734660105136,3.782377064588154,0.0013054311275482178,0.0016564428806304932,0.0003510117530822754,0.0010501742362976074,7.978081703186035e-05,-0.0009703934192657471,,,,,extension56,same_receiving_gpu
reach,29,matched_random_fixed_rank4,14,2.271078666602366,0.20732016926114508,1.8368623235265213,0.16768182160447137,27.38575063746656,32.897825883100694,5.512075245634133,0.0012029707431793213,0.0009208917617797852,-0.00028207898139953613,0.00022038817405700684,0.0001283586025238037,-9.202957153320312e-05,,,,,extension56,same_receiving_gpu
reach,30,fixed_rank4,0,0.0,0.0,0.0,0.0,170.27262398456074,170.27262398456074,0.0,0.03696036338806152,0.038495659828186035,0.0015352964401245117,0.0026166439056396484,0.0025713443756103516,-4.5299530029296875e-05,True,10.0,0.0005765179793039958,0.000655426020752037,extension56,same_receiving_gpu
reach,30,fixed_rank4,1,2.280380932179704e-07,2.08169346043247e-08,5.314515382089319e-07,4.851466594964178e-08,159.13353238785402,159.1335314298612,-9.579928246239433e-07,0.07366514205932617,0.0737687349319458,0.0001035928726196289,0.004025578498840332,0.003842949867248535,-0.00018262863159179688,,,,,extension56,same_receiving_gpu
reach,30,fixed_rank4,2,4.643878834056573e-07,4.239261986222625e-08,6.48157691089259e-07,5.916843137167539e-08,151.94668088992688,151.94668034867703,-5.412498467194382e-07,0.02254927158355713,0.020871520042419434,-0.0016777515411376953,0.009637236595153809,0.011245012283325195,0.0016077756881713867,,,,,extension56,same_receiving_gpu
reach,30,fixed_rank4,3,7.340854442579142e-07,6.70125261593768e-08,9.866324280051499e-07,9.006680613075206e-08,139.3322565659755,139.33225604832745,-5.176480613044987e-07,0.00985342264175415,0.009282946586608887,-0.0005704760551452637,0.000423431396484375,0.0009270906448364258,0.0005036592483520508,,,,,extension56,same_receiving_gpu
reach,30,fixed_rank4,4,9.864149333680363e-07,9.004695167760482e-08,1.1202660876043142e-06,1.0226583443149025e-07,135.1518929973081,135.15189260906197,-3.882461214743671e-07,0.03129851818084717,0.02963411808013916,-0.0016644001007080078,0.0016809701919555664,0.0014197826385498047,-0.0002611875534057617,,,,,extension56,same_receiving_gpu
reach,30,fixed_rank4,5,1.235877338401757e-06,1.1281964942534801e-07,1.2189842066894507e-06,1.1127752454105866e-07,129.2175283865301,129.2175269775396,-1.4089904993852542e-06,0.021820902824401855,0.02312767505645752,0.001306772232055664,0.0032076239585876465,0.0016588568687438965,-0.00154876708984375,,,,,extension56,same_receiving_gpu
reach,30,fixed_rank4,6,1.6411721910119623e-06,1.498178382945715e-07,1.4556688032652118e-06,1.3288377330081773e-07,122.73622901263357,122.7362277812072,-1.2314263670987202e-06,0.014156520366668701,0.013964593410491943,-0.0001919269561767578,0.0007262229919433594,0.0018938779830932617,0.0011676549911499023,,,,,extension56,same_receiving_gpu
reach,30,fixed_rank4,7,2.3207960591794923e-06,2.118587254969504e-07,1.7178395732587097e-06,1.5681658074147393e-07,114.02734795781498,114.02734551781259,-2.4400023903581314e-06,0.003551185131072998,0.004126131534576416,0.000574946403503418,0.00013148784637451172,0.0007726550102233887,0.000641167163848877,,,,,extension56,same_receiving_gpu
reach,30,fixed_rank4,8,1.419848940792907,0.12961388218701536,1.322582076736748,0.12073467293012423,106.11659977907145,105.31143685638125,-0.8051629226902008,0.007485866546630859,0.012345820665359497,0.004859954118728638,0.005471348762512207,0.00028383731842041016,-0.005187511444091797,,,,,extension56,same_receiving_gpu
reach,30,fixed_rank4,9,2.3768872305546322,0.21697912547012577,2.0485962375862026,0.1870103950910293,95.95896538265632,92.95803200783448,-3.000933374821841,0.007594257593154907,0.004229754209518433,-0.0033645033836364746,0.00037983059883117676,0.002036154270172119,0.0016563236713409424,,,,,extension56,same_receiving_gpu
reach,30,fixed_rank4,10,4.238317186392952,0.38690365480820793,2.9939765061119514,0.27331141150633664,89.86628756231565,83.35819781253893,-6.508089749776715,0.0007635056972503662,0.005315810441970825,0.004552304744720459,0.0004539191722869873,0.0009951889514923096,0.0005412697792053223,,,,,extension56,same_receiving_gpu
reach,30,fixed_rank4,11,4.951824723638439,0.45203768365809305,3.3227427035059995,0.3033235219159894,79.26800482358657,73.90895276866694,-5.35905205491963,0.00718197226524353,0.0002779364585876465,-0.006904035806655884,0.0009294450283050537,0.00011074542999267578,-0.0008186995983123779,,,,,extension56,same_receiving_gpu
reach,30,fixed_rank4,12,6.552729630802708,0.5981796386705237,3.82323205691505,0.34901174002487473,65.41696771864221,67.52325871303144,2.1062909943892265,0.0019530653953552246,0.005155742168426514,0.003202676773071289,0.00208321213722229,0.0009065866470336914,-0.0011766254901885986,,,,,extension56,same_receiving_gpu
reach,30,fixed_rank4,13,7.344347858927096,0.6704441654165234,4.501772130213174,0.4109536907443066,58.26611521541294,53.53988618410718,-4.726229031305756,0.008036404848098755,0.004744440317153931,-0.0032919645309448242,0.0019910335540771484,0.0005843043327331543,-0.0014067292213439941,,,,,extension56,same_receiving_gpu
reach,30,fixed_rank4,14,7.979739969582206,0.7284472640609604,4.639586067901605,0.42353432447940076,52.226450788825936,38.53422866054968,-13.692222128276256,0.001563340425491333,0.0018495619297027588,0.0002862215042114258,0.0007458925247192383,1.0222196578979492e-05,-0.0007356703281402588,,,,,extension56,same_receiving_gpu
reach,30,matched_random_fixed_rank4,0,0.0,0.0,0.0,0.0,170.27262398456074,170.27262398456074,0.0,0.03696036338806152,0.03743398189544678,0.0004736185073852539,0.0026166439056396484,0.0028562545776367188,0.0002396106719970703,True,10.0,0.0005179703235626221,0.0005971399404396035,extension56,same_receiving_gpu
reach,30,matched_random_fixed_rank4,1,2.280380932179704e-07,2.08169346043247e-08,5.314515382089319e-07,4.851466594964178e-08,159.13353238785402,159.1335314298612,-9.579928246239433e-07,0.07366514205932617,0.07374286651611328,7.772445678710938e-05,0.004025578498840332,0.0040836334228515625,5.805492401123047e-05,,,,,extension56,same_receiving_gpu
reach,30,matched_random_fixed_rank4,2,4.643878834056573e-07,4.239261986222625e-08,6.48157691089259e-07,5.916843137167539e-08,151.94668088992688,151.94668034867703,-5.412498467194382e-07,0.02254927158355713,0.022282123565673828,-0.0002671480178833008,0.009637236595153809,0.010103583335876465,0.00046634674072265625,,,,,extension56,same_receiving_gpu
reach,30,matched_random_fixed_rank4,3,7.340854442579142e-07,6.70125261593768e-08,9.866324280051499e-07,9.006680613075206e-08,139.3322565659755,139.33225604832745,-5.176480613044987e-07,0.00985342264175415,0.00971531867980957,-0.00013810396194458008,0.000423431396484375,0.0004184246063232422,-5.0067901611328125e-06,,,,,extension56,same_receiving_gpu
reach,30,matched_random_fixed_rank4,4,8.578993798768678e-07,7.831514040470902e-08,1.0141551212771866e-06,9.257927278881709e-08,135.1518929973081,135.1518933858777,3.8856961737110396e-07,0.03129851818084717,0.031097233295440674,-0.00020128488540649414,0.0016809701919555664,0.0014914870262145996,-0.0001894831657409668,,,,,extension56,same_receiving_gpu
reach,30,matched_random_fixed_rank4,5,1.0663997294717641e-06,9.734853119151531e-08,1.1202660876043142e-06,1.0226583443149025e-07,129.2175283865301,129.21752863179768,2.452675857966824e-07,0.021820902824401855,0.021999776363372803,0.00017887353897094727,0.0032076239585876465,0.0028144121170043945,-0.00039321184158325195,,,,,extension56,same_receiving_gpu
reach,30,matched_random_fixed_rank4,6,1.4979199585473161e-06,1.3674075843892807e-07,1.303234124427213e-06,1.1896845460987983e-07,122.73622901263357,122.73622945770572,4.450721462490037e-07,0.014156520366668701,0.014126896858215332,-2.962350845336914e-05,0.0007262229919433594,0.0008236169815063477,9.739398956298828e-05,,,,,extension56,same_receiving_gpu
reach,30,matched_random_fixed_rank4,7,1.9066181686927496e-06,1.7404962992370153e-07,1.7065570714736472e-06,1.5578663395267874e-07,114.02734795781498,114.02734744686688,-5.109480980536318e-07,0.003551185131072998,0.003734409809112549,0.00018322467803955078,0.00013148784637451172,0.00012701749801635742,-4.470348358154297e-06,,,,,extension56,same_receiving_gpu
reach,30,matched_random_fixed_rank4,8,2.1890043219502643e-06,1.9982784093474346e-07,1.7788641501774725e-06,1.6238733696490985e-07,106.11659977907145,106.11659856236552,-1.2167059253442858e-06,0.007485866546630859,0.007489204406738281,3.337860107421875e-06,0.005471348762512207,0.005610823631286621,0.00013947486877441406,,,,,extension56,same_receiving_gpu
reach,30,matched_random_fixed_rank4,9,2.218014857718082e-06,2.0247612840896753e-07,1.638314739094347e-06,1.495569898158608e-07,95.95896538265632,95.9589646259905,-7.566658126734183e-07,0.007594257593154907,0.007613867521286011,1.9609928131103516e-05,0.00037983059883117676,0.000391542911529541,1.1712312698364258e-05,,,,,extension56,same_receiving_gpu
reach,30,matched_random_fixed_rank4,10,2.890450357329348e-06,2.6386081034302527e-07,1.8543415952485764e-06,1.6927745350629331e-07,89.86628756231565,89.86628611189585,-1.4504198020404147e-06,0.0007635056972503662,0.0009075701236724854,0.00014406442642211914,0.0004539191722869873,6.490945816040039e-05,-0.0003890097141265869,,,,,extension56,same_receiving_gpu
reach,30,matched_random_fixed_rank4,11,1.1841686737481603,0.10809931575047382,0.9591732619600046,0.08756013868855106,79.26800482358657,80.4796230643922,1.2116182408056346,0.00718197226524353,0.010344237089157104,0.0031622648239135742,0.0009294450283050537,0.002156764268875122,0.0012273192405700684,,,,,extension56,same_receiving_gpu
reach,30,matched_random_fixed_rank4,12,1.839797434752808,0.16794975937570866,2.1034104757859198,0.1920142275467704,65.41696771864221,65.29765427010109,-0.11931344854112069,0.0019530653953552246,0.0076856911182403564,0.005732625722885132,0.00208321213722229,0.0008940994739532471,-0.001189112663269043,,,,,extension56,same_receiving_gpu
reach,30,matched_random_fixed_rank4,13,3.07596429966332,0.28079583883436343,2.346201880929096,0.21417794910765262,58.26611521541294,49.05042420569396,-9.21569100971898,0.008036404848098755,0.005676597356796265,-0.0023598074913024902,0.0019910335540771484,6.815791130065918e-05,-0.0019228756427764893,,,,,extension56,same_receiving_gpu
reach,30,matched_random_fixed_rank4,14,4.052318334341301,0.3699243603184153,2.721956162796335,0.24847946515062616,52.226450788825936,32.33298971409189,-19.89346107473405,0.001563340425491333,0.0011944472789764404,-0.0003688931465148926,0.0007458925247192383,0.0011349320411682129,0.0003890395164489746,,,,,extension56,same_receiving_gpu
reach,31,fixed_rank4,0,0.0,0.0,0.0,0.0,170.27262398456074,170.27262398456074,0.0,0.03262937068939209,0.032854318618774414,0.00022494792938232422,0.007540106773376465,0.007135748863220215,-0.00040435791015625,True,10.0,0.0008908712863922119,0.0009415397405474903,extension56,same_receiving_gpu
reach,31,fixed_rank4,1,0.0,0.0,0.0,0.0,166.7618022450444,166.7618022450444,0.0,0.0782630443572998,0.07822442054748535,-3.8623809814453125e-05,0.004372239112854004,0.004315733909606934,-5.650520324707031e-05,,,,,extension56,same_receiving_gpu
reach,31,fixed_rank4,2,0.0,0.0,0.0,0.0,154.34276341285897,154.34276341285897,0.0,0.04451751708984375,0.04411071538925171,-0.000406801700592041,0.01499396562576294,0.015312552452087402,0.0003185868263244629,,,,,extension56,same_receiving_gpu
reach,31,fixed_rank4,3,0.0,0.0,0.0,0.0,149.63428430511033,149.63428430511033,0.0,0.11511671543121338,0.11738386750221252,0.0022671520709991455,0.008392274379730225,0.0073812007904052734,-0.0010110735893249512,,,,,extension56,same_receiving_gpu
reach,31,fixed_rank4,4,4.799194779881232e-07,4.381045398003318e-08,5.625064995341561e-07,5.1349583089687755e-08,135.39893641386215,135.39893617497466,-2.388874804637453e-07,0.02037486433982849,0.020652830600738525,0.0002779662609100342,0.0036491453647613525,0.0036984682083129883,4.932284355163574e-05,,,,,extension56,same_receiving_gpu
reach,31,fixed_rank4,5,7.285266003241546e-07,6.650507545668166e-08,9.203804473091518e-07,8.401885541298624e-08,128.75457874270373,128.75457803117897,-7.115247626643395e-07,0.004465043544769287,0.004444330930709839,-2.0712614059448242e-05,0.003231227397918701,0.0025355517864227295,-0.0006956756114959717,,,,,extension56,same_receiving_gpu
reach,31,fixed_rank4,6,1.3008869608478519e-06,1.1875418887011805e-07,1.0007380673098842e-06,9.135446893662448e-08,120.41586342088408,120.41586192434929,-1.4965347929773998e-06,0.0022317171096801758,0.0025893449783325195,0.00035762786865234375,0.0006106197834014893,0.000134199857711792,-0.00047641992568969727,,,,,extension56,same_receiving_gpu
reach,31,fixed_rank4,7,1.4638672683413282e-06,1.3363218734400224e-07,1.1702630524913457e-06,1.0682991201072705e-07,100.82916074120533,100.82915806383325,-2.6773720804840195e-06,0.0037428736686706543,0.003832489252090454,8.96155834197998e-05,0.0017414391040802002,0.0015049874782562256,-0.0002364516258239746,,,,,extension56,same_receiving_gpu
reach,31,fixed_rank4,8,1.882917753897942e-06,1.7188608795614398e-07,1.048839589236522e-06,9.574551703821597e-08,85.59882758406735,85.59882590907426,-1.674993086453469e-06,0.0005536675453186035,0.0005387365818023682,-1.4930963516235352e-05,0.000990450382232666,0.0005204975605010986,-0.0004699528217315674,,,,,extension56,same_receiving_gpu
reach,31,fixed_rank4,9,1.9610184225792563e-06,1.7901567095497614e-07,1.0818810015426277e-06,9.876177151352976e-08,67.31998486228773,67.31998444705243,-4.1523529148435045e-07,0.0018776655197143555,0.001738041639328003,-0.00013962388038635254,0.00017762184143066406,0.00022941827774047852,5.179643630981445e-05,,,,,extension56,same_receiving_gpu
reach,31,fixed_rank4,10,0.8706439058020287,0.079478551127029,0.6807618128545548,0.06214476686475834,51.80912879404893,51.907380809093304,0.09825201504437331,0.000622093677520752,0.0017822086811065674,0.0011601150035858154,0.0010630488395690918,0.0002034008502960205,-0.0008596479892730713,,,,,extension56,same_receiving_gpu
reach,31,fixed_rank4,11,1.2626882459272344,0.11526713923182949,1.0625291137041746,0.09699519393029132,32.455347284264334,32.700446604938485,0.24509932067415008,0.0010384619235992432,0.0036412477493286133,0.00260278582572937,0.000716090202331543,0.00042191147804260254,-0.00029417872428894043,,,,,extension56,same_receiving_gpu
reach,31,fixed_rank4,12,2.796428011623358,0.25527778373423865,1.9900250509985313,0.1816636017387107,14.538503885977347,20.97314082123868,6.434636935261333,0.0008214712142944336,0.0014671683311462402,0.0006456971168518066,7.62939453125e-06,0.000160902738571167,0.000153273344039917,,,,,extension56,same_receiving_gpu
reach,31,fixed_rank4,13,3.293662608670517,0.3006688845966921,2.30195097350923,0.21013841241033035,-3.766079603252753,7.493726604270236,11.259806207522988,0.0005415976047515869,0.00037106871604919434,-0.00017052888870239258,0.0008998513221740723,0.0004426538944244385,-0.0004571974277496338,,,,,extension56,same_receiving_gpu
reach,31,fixed_rank4,14,3.605539814411006,0.329139248055983,2.496285262857579,0.22787862473913484,-18.294213180433815,-13.756415393334692,4.537797787099123,0.00017887353897094727,0.0007379055023193359,0.0005590319633483887,6.178021430969238e-05,7.331371307373047e-05,1.1533498764038086e-05,,,,,extension56,same_receiving_gpu
reach,31,matched_random_fixed_rank4,0,0.0,0.0,0.0,0.0,170.27262398456074,170.27262398456074,0.0,0.03262937068939209,0.032616496086120605,-1.2874603271484375e-05,0.007540106773376465,0.007203578948974609,-0.00033652782440185547,True,10.0,0.00038750807444254556,0.00046276001324339173,extension56,same_receiving_gpu
reach,31,matched_random_fixed_rank4,1,0.0,0.0,0.0,0.0,166.7618022450444,166.7618022450444,0.0,0.0782630443572998,0.07806342840194702,-0.0001996159553527832,0.004372239112854004,0.004820823669433594,0.00044858455657958984,,,,,extension56,same_receiving_gpu
reach,31,matched_random_fixed_rank4,2,0.0,0.0,0.0,0.0,154.34276341285897,154.34276341285897,0.0,0.04451751708984375,0.04436850547790527,-0.00014901161193847656,0.01499396562576294,0.014720916748046875,-0.00027304887771606445,,,,,extension56,same_receiving_gpu
reach,31,matched_random_fixed_rank4,3,0.0,0.0,0.0,0.0,149.63428430511033,149.63428430511033,0.0,0.11511671543121338,0.1153171956539154,0.00020048022270202637,0.008392274379730225,0.007771611213684082,-0.0006206631660461426,,,,,extension56,same_receiving_gpu
reach,31,matched_random_fixed_rank4,4,0.0,0.0,0.0,0.0,135.39893641386215,135.39893641386215,0.0,0.02037486433982849,0.02018868923187256,-0.00018617510795593262,0.0036491453647613525,0.003573209047317505,-7.593631744384766e-05,,,,,extension56,same_receiving_gpu
reach,31,matched_random_fixed_rank4,5,0.0,0.0,0.0,0.0,128.75457874270373,128.75457874270373,0.0,0.004465043544769287,0.004692107439041138,0.00022706389427185059,0.003231227397918701,0.0033566951751708984,0.00012546777725219727,,,,,extension56,same_receiving_gpu
reach,31,matched_random_fixed_rank4,6,6.90984238601497e-07,6.307794239376197e-08,4.958415964834343e-07,4.526393789055854e-08,120.41586342088408,120.41586310523132,-3.1565275548928184e-07,0.0022317171096801758,0.002230048179626465,-1.6689300537109375e-06,0.0006106197834014893,0.0005662441253662109,-4.437565803527832e-05,,,,,extension56,same_receiving_gpu
reach,31,matched_random_fixed_rank4,7,8.618941358886752e-07,7.867981006794173e-08,5.426150994310714e-07,4.9533755000217744e-08,100.82916074120533,100.82916063480114,-1.0640418679486174e-07,0.0037428736686706543,0.003545910120010376,-0.00019696354866027832,0.0017414391040802002,0.0017751753330230713,3.3736228942871094e-05,,,,,extension56,same_receiving_gpu
reach,31,matched_random_fixed_rank4,8,9.322683181573833e-07,8.51040645837003e-08,5.153303285178716e-07,4.704300758263101e-08,85.59882758406735,85.59882841410217,8.30034821319714e-07,0.0005536675453186035,0.0005451738834381104,-8.493661880493164e-06,0.000990450382232666,0.0008908212184906006,-9.962916374206543e-05,,,,,extension56,same_receiving_gpu
reach,31,matched_random_fixed_rank4,9,1.1491539999294245e-06,1.0490292796810598e-07,6.149324858773753e-07,5.613539897629424e-08,67.31998486228773,67.31998539713243,5.348447018604929e-07,0.0018776655197143555,0.0019673407077789307,8.96751880645752e-05,0.00017762184143066406,4.83095645904541e-05,-0.00012931227684020996,,,,,extension56,same_receiving_gpu
reach,31,matched_random_fixed_rank4,10,1.1724962848682753e-06,1.0703377730222627e-07,6.659418797361514e-07,6.07918982531471e-08,51.80912879404893,51.80913004508841,1.2510394782339063e-06,0.000622093677520752,0.0006462037563323975,2.4110078811645508e-05,0.0010630488395690918,0.001114577054977417,5.1528215408325195e-05,,,,,extension56,same_receiving_gpu
reach,31,matched_random_fixed_rank4,11,1.4194194943628684e-06,1.2957467927085334e-07,5.248826950478864e-07,4.791501535363876e-08,32.455347284264334,32.45534980733535,2.523071017890288e-06,0.0010384619235992432,0.0010446012020111084,6.139278411865234e-06,0.000716090202331543,0.0007327497005462646,1.665949821472168e-05,,,,,extension56,same_receiving_gpu
reach,31,matched_random_fixed_rank4,12,1.4633422068406919e-06,1.3358425600600625e-07,4.88069900445761e-07,4.455448235224068e-08,14.538503885977349,14.538505543909565,1.6579322164034238e-06,0.0008214712142944336,0.0008196234703063965,-1.8477439880371094e-06,7.62939453125e-06,8.642673492431641e-07,-6.765127182006836e-06,,,,,extension56,same_receiving_gpu
reach,31,matched_random_fixed_rank4,13,0.6818250267565176,0.062241824571018026,0.6510820583055709,0.05943538835347583,-3.766079603252755,-4.320486068686651,-0.554406465433896,0.0005415976047515869,0.0016450583934783936,0.0011034607887268066,0.0008998513221740723,0.00010704994201660156,-0.0007928013801574707,,,,,extension56,same_receiving_gpu
reach,31,matched_random_fixed_rank4,14,1.059758618713778,0.09674228349667544,0.9310589707506678,0.08499366677461391,-18.294213180433815,-16.49552263538515,1.7986905450486645,0.00017887353897094727,0.00011363625526428223,-6.523728370666504e-05,6.178021430969238e-05,0.00027945637702941895,0.00021767616271972656,,,,,extension56,same_receiving_gpu
reach-wall,4,fixed_rank4,0,0.0,0.0,0.0,0.0,170.27262398456074,170.27262398456074,0.0,0.03194689750671387,0.032739877700805664,0.0007929801940917969,0.007898807525634766,0.007768869400024414,-0.00012993812561035156,True,10.0,0.0006984138488769532,0.0007624558811216342,extension56,same_receiving_gpu
reach-wall,4,fixed_rank4,1,0.0,0.0,0.0,0.0,159.8981715281722,159.8981715281722,0.0,0.025403618812561035,0.025963783264160156,0.0005601644515991211,0.007469058036804199,0.006967425346374512,-0.0005016326904296875,,,,,extension56,same_receiving_gpu
reach-wall,4,fixed_rank4,2,0.0,0.0,0.0,0.0,152.39508898448378,152.39508898448378,0.0,0.017128348350524902,0.017503023147583008,0.00037467479705810547,0.002117156982421875,0.004021763801574707,0.001904606819152832,,,,,extension56,same_receiving_gpu
reach-wall,4,fixed_rank4,3,5.228428676364718e-07,4.772880543919723e-08,5.204751848153168e-07,4.751266655750322e-08,146.7021305836432,146.70213072646987,1.4282667848419806e-07,0.12947887182235718,0.1293240189552307,-0.00015485286712646484,0.0003129243850708008,0.0005549192428588867,0.00024199485778808594,,,,,extension56,same_receiving_gpu
reach-wall,4,fixed_rank4,4,7.778099264562413e-07,7.100400702858627e-08,4.906081447945335e-07,4.4786191299954457e-08,139.63395284535437,139.63395313597943,2.9062505291221896e-07,0.04986637830734253,0.049780964851379395,-8.541345596313477e-05,0.00481867790222168,0.0035188794136047363,-0.0012997984886169434,,,,,extension56,same_receiving_gpu
reach-wall,4,fixed_rank4,5,7.720613589095407e-07,7.047923700880793e-08,6.274432918854743e-07,5.727747408682874e-08,131.88451978412104,131.88452019519562,4.1107458059741475e-07,0.015588939189910889,0.016389548778533936,0.0008006095886230469,0.0006273388862609863,0.0005254745483398438,-0.00010186433792114258,,,,,extension56,same_receiving_gpu
reach-wall,4,fixed_rank4,6,1.2314046706931896,0.11241135259264677,0.7821070004831797,0.0713962744245569,122.17521705082508,122.23584086031931,0.060623809494231296,0.0018131732940673828,0.008409321308135986,0.0065961480140686035,0.008430838584899902,0.0023041367530822754,-0.006126701831817627,,,,,extension56,same_receiving_gpu
reach-wall,4,fixed_rank4,7,1.604668559708533,0.14648552791194816,1.2613666797044416,0.11514649729325274,110.22741624024698,110.29404394744296,0.06662770719597688,0.010945528745651245,0.015207350254058838,0.004261821508407593,0.002907484769821167,0.002604156732559204,-0.0003033280372619629,,,,,extension56,same_receiving_gpu
reach-wall,4,fixed_rank4,8,1.815306080081118,0.16571401480611797,1.5606709261221736,0.14246911184659886,98.34489241263014,99.32292682804069,0.9780344154105478,0.0035639405250549316,0.012651026248931885,0.009087085723876953,0.002792149782180786,0.0012139976024627686,-0.0015781521797180176,,,,,extension56,same_receiving_gpu
reach-wall,4,fixed_rank4,9,2.550083976808846,0.23278975293844767,2.968484184458135,0.2709842915708412,87.85157617747008,88.72051614379367,0.8689399663235946,0.0005467534065246582,0.002591341733932495,0.002044588327407837,0.001983165740966797,0.00043830275535583496,-0.001544862985610962,,,,,extension56,same_receiving_gpu
reach-wall,4,fixed_rank4,10,2.999566361048583,0.27382169311333243,3.2041425839764286,0.29249686178446355,68.44080080787792,72.41867811849927,3.977877310621352,0.0037700235843658447,0.0017373263835906982,-0.0020326972007751465,0.0002557337284088135,8.744001388549805e-05,-0.00016829371452331543,,,,,extension56,same_receiving_gpu
reach-wall,4,fixed_rank4,11,4.704709550257061,0.42947925786429625,2.370595140579832,0.21640473886795075,50.86722495906491,51.529712371760816,0.6624874126959028,0.00011768937110900879,0.003916800022125244,0.0037991106510162354,0.0007677376270294189,0.0004971623420715332,-0.00027057528495788574,,,,,extension56,same_receiving_gpu
reach-wall,4,fixed_rank4,12,5.639646544090457,0.5148269380923995,2.8140656417907484,0.25688787171817423,44.17301179686304,45.361931251113674,1.1889194542506374,0.003090471029281616,0.003630995750427246,0.0005405247211456299,0.0001462101936340332,0.0007371306419372559,0.0005909204483032227,,,,,extension56,same_receiving_gpu
reach-wall,4,fixed_rank4,13,6.1149412157409575,0.5582152069465646,2.8301804451014543,0.25835894526534636,28.61114306535665,29.682259118072096,1.0711160527154462,0.0003485679626464844,0.0005503296852111816,0.00020176172256469727,3.266334533691406e-05,0.00044023990631103516,0.0004075765609741211,,,,,extension56,same_receiving_gpu
reach-wall,4,fixed_rank4,14,6.552791081991749,0.5981852483709276,2.5795439344850726,0.23547906683218378,8.945809939224462,6.110442395937017,-2.835367543287445,0.0030416548252105713,0.001055896282196045,-0.0019857585430145264,0.00033867359161376953,0.0011835098266601562,0.0008448362350463867,,,,,extension56,same_receiving_gpu
reach-wall,4,matched_random_fixed_rank4,0,0.0,0.0,0.0,0.0,170.27262398456074,170.27262398456074,0.0,0.03194689750671387,0.032144784927368164,0.00019788742065429688,0.007898807525634766,0.007781028747558594,-0.00011777877807617188,True,10.0,0.0005946787198384603,0.0006912215753297401,extension56,same_receiving_gpu
reach-wall,4,matched_random_fixed_rank4,1,0.0,0.0,0.0,0.0,159.8981715281722,159.8981715281722,0.0,0.025403618812561035,0.02560889720916748,0.0002052783966064453,0.007469058036804199,0.007020473480224609,-0.00044858455657958984,,,,,extension56,same_receiving_gpu
reach-wall,4,matched_random_fixed_rank4,2,0.0,0.0,0.0,0.0,152.39508898448378,152.39508898448378,0.0,0.017128348350524902,0.017488598823547363,0.00036025047302246094,0.002117156982421875,0.0032269954681396484,0.0011098384857177734,,,,,extension56,same_receiving_gpu
reach-wall,4,matched_random_fixed_rank4,3,5.228428676364718e-07,4.772880543919723e-08,5.204751848153168e-07,4.751266655750322e-08,146.7021305836432,146.70213072646987,1.4282667848419806e-07,0.12947887182235718,0.12921816110610962,-0.0002607107162475586,0.0003129243850708008,0.0005967617034912109,0.00028383731842041016,,,,,extension56,same_receiving_gpu
reach-wall,4,matched_random_fixed_rank4,4,7.778099264562413e-07,7.100400702858627e-08,4.906081447945335e-07,4.4786191299954457e-08,139.63395284535437,139.63395313597943,2.9062505291221896e-07,0.04986637830734253,0.04974365234375,-0.0001227259635925293,0.00481867790222168,0.00434643030166626,-0.0004722476005554199,,,,,extension56,same_receiving_gpu
reach-wall,4,matched_random_fixed_rank4,5,7.720613589095407e-07,7.047923700880793e-08,6.274432918854743e-07,5.727747408682874e-08,131.88451978412104,131.88452019519562,4.1107458059741475e-07,0.015588939189910889,0.015718162059783936,0.00012922286987304688,0.0006273388862609863,0.0004146695137023926,-0.00021266937255859375,,,,,extension56,same_receiving_gpu
reach-wall,4,matched_random_fixed_rank4,6,7.445154599376539e-07,6.796465196986448e-08,6.743495761743046e-07,6.155941241911914e-08,122.17521705082508,122.17521790751732,8.566922389263709e-07,0.0018131732940673828,0.001872718334197998,5.9545040130615234e-05,0.008430838584899902,0.008219301700592041,-0.00021153688430786133,,,,,extension56,same_receiving_gpu
reach-wall,4,matched_random_fixed_rank4,7,8.334332818868762e-07,7.608170144416732e-08,5.483141390375524e-07,5.005400375831524e-08,110.22741624024698,110.22741753582144,1.295574463711091e-06,0.010945528745651245,0.01075771450996399,-0.00018781423568725586,0.002907484769821167,0.003007739782333374,0.00010025501251220703,,,,,extension56,same_receiving_gpu
reach-wall,4,matched_random_fixed_rank4,8,9.150200454607494e-07,8.352951991137584e-08,6.473006793550692e-07,5.9090197261864995e-08,98.34489241263014,98.34489362919176,1.216561614114653e-06,0.0035639405250549316,0.0035268962383270264,-3.7044286727905273e-05,0.002792149782180786,0.002678513526916504,-0.00011363625526428223,,,,,extension56,same_receiving_gpu
reach-wall,4,matched_random_fixed_rank4,9,1.1214856357682056e-06,1.023771634380448e-07,7.274148015653445e-07,6.640358258008057e-08,87.85157617747008,87.8515775551479,1.3776778189367178e-06,0.0005467534065246582,0.0005960166454315186,4.926323890686035e-05,0.001983165740966797,0.002018153667449951,3.49879264831543e-05,,,,,extension56,same_receiving_gpu
reach-wall,4,matched_random_fixed_rank4,10,1.38624166412839e-06,1.2654597159943654e-07,7.567017410779656e-07,6.907710214863922e-08,68.44080080787792,68.44080214467787,1.336799954287926e-06,0.0037700235843658447,0.003872007131576538,0.00010198354721069336,0.0002557337284088135,0.00020363926887512207,-5.2094459533691406e-05,,,,,extension56,same_receiving_gpu
reach-wall,4,matched_random_fixed_rank4,11,1.517364289238236e-06,1.3851577486142922e-07,8.176990990459146e-07,7.464537363318309e-08,50.86722495906491,50.86722623692369,1.2778587787920515e-06,0.00011768937110900879,7.912516593933105e-05,-3.8564205169677734e-05,0.0007677376270294189,0.0006689131259918213,-9.882450103759766e-05,,,,,extension56,same_receiving_gpu
reach-wall,4,matched_random_fixed_rank4,12,1.4125367524247721e-06,1.2894637376802298e-07,7.572150824354083e-07,6.91239635888345e-08,44.17301179686304,44.173013182574174,1.3857111369475206e-06,0.003090471029281616,0.003014594316482544,-7.587671279907227e-05,0.0001462101936340332,0.0001278519630432129,-1.8358230590820312e-05,,,,,extension56,same_receiving_gpu
reach-wall,4,matched_random_fixed_rank4,13,1.640659464599314e-06,1.497710329908988e-07,7.366661485617324e-07,6.724811115295213e-08,28.61114306535665,28.611143020861235,-4.449541535223034e-08,0.0003485679626464844,0.0002988576889038086,-4.971027374267578e-05,3.266334533691406e-05,6.0886144638061523e-05,2.822279930114746e-05,,,,,extension56,same_receiving_gpu
reach-wall,4,matched_random_fixed_rank4,14,1.7319965947415477e-06,1.5810893407701322e-07,6.910689631507979e-07,6.30856766515664e-08,8.945809939224462,8.94581173044797,1.7912235072969906e-06,0.0030416548252105713,0.002997100353240967,-4.455447196960449e-05,0.00033867359161376953,0.0003541111946105957,1.5437602996826172e-05,,,,,extension56,same_receiving_gpu
reach-wall,5,fixed_rank4,0,0.0,0.0,0.0,0.0,170.27262398456074,170.27262398456074,0.0,0.05309748649597168,0.05297684669494629,-0.00012063980102539062,0.0006649494171142578,0.0008420944213867188,0.00017714500427246094,True,10.0,0.0005726552009582519,0.0006696030687522697,extension56,same_receiving_gpu
reach-wall,5,fixed_rank4,1,0.0,0.0,0.0,0.0,163.4274249535147,163.4274249535147,0.0,0.11719024181365967,0.11696386337280273,-0.0002263784408569336,0.02281010150909424,0.02203965187072754,-0.0007704496383666992,,,,,extension56,same_receiving_gpu
reach-wall,5,fixed_rank4,2,0.0,0.0,0.0,0.0,153.8360271649016,153.8360271649016,0.0,0.1145707368850708,0.11577093601226807,0.0012001991271972656,0.009609818458557129,0.00885629653930664,-0.0007535219192504883,,,,,extension56,same_receiving_gpu
reach-wall,5,fixed_rank4,3,0.0,0.0,0.0,0.0,148.57468632837157,148.57468632837157,0.0,0.08195483684539795,0.08129465579986572,-0.0006601810455322266,0.0030808448791503906,0.0030317306518554688,-4.9114227294921875e-05,,,,,extension56,same_receiving_gpu
reach-wall,5,fixed_rank4,4,0.0,0.0,0.0,0.0,140.3177184692631,140.3177184692631,0.0,0.0454411506652832,0.04595744609832764,0.0005162954330444336,0.005334734916687012,0.003725886344909668,-0.0016088485717773438,,,,,extension56,same_receiving_gpu
reach-wall,5,fixed_rank4,5,6.451645968909926e-07,5.889520050348733e-08,4.385095527637649e-07,4.0030262288369316e-08,131.30265592030457,131.30265547350916,-4.4679541133518796e-07,0.0008862614631652832,0.0019681453704833984,0.0010818839073181152,0.00031512975692749023,0.0005345940589904785,0.00021946430206298828,,,,,extension56,same_receiving_gpu
reach-wall,5,fixed_rank4,6,1.2816965498690445,0.11700235203997011,0.9391133041164015,0.08572892345296038,121.32080643252736,122.44260520481366,1.1217987722862972,0.005940377712249756,0.00975942611694336,0.0038190484046936035,0.00029969215393066406,0.002130568027496338,0.0018308758735656738,,,,,extension56,same_receiving_gpu
reach-wall,5,fixed_rank4,7,1.6373993607368789,0.1494734275866879,1.277979758436985,0.11666305695515664,112.0338674513647,111.59301902881532,-0.4408484225493794,0.0056969523429870605,0.005585730075836182,-0.0001112222671508789,0.0010051131248474121,0.0002162456512451172,-0.0007888674736022949,,,,,extension56,same_receiving_gpu
reach-wall,5,fixed_rank4,8,2.2181046758178073,0.20248432764218283,1.506141238602304,0.13749125519520877,100.43243488734745,99.4870362688271,-0.9453986185203576,0.012168645858764648,0.002395331859588623,-0.009773313999176025,0.0001538991928100586,0.00014442205429077148,-9.47713851928711e-06,,,,,extension56,same_receiving_gpu
reach-wall,5,fixed_rank4,9,3.032404794999035,0.2768194182846334,1.782879868625584,0.16275392022801324,93.5385980324615,92.13701854102479,-1.4015794914367063,0.000511467456817627,0.0013535022735595703,0.0008420348167419434,0.0011963844299316406,0.00036579370498657227,-0.0008305907249450684,,,,,extension56,same_receiving_gpu
reach-wall,5,fixed_rank4,10,4.2512836818609605,0.38808732848481065,2.210021841502522,0.20174646919500638,86.2216194654623,84.72506967718175,-1.4965497882805465,0.01891273260116577,0.01230233907699585,-0.006610393524169922,1.990795135498047e-05,0.00044399499893188477,0.0004240870475769043,,,,,extension56,same_receiving_gpu
reach-wall,5,fixed_rank4,11,4.465915475706111,0.4076804409926086,2.7397558358916276,0.25010434556237776,76.87670093211938,75.29738368410915,-1.579317248010227,0.00724714994430542,0.0006868243217468262,-0.006560325622558594,0.0009272098541259766,0.0006921887397766113,-0.00023502111434936523,,,,,extension56,same_receiving_gpu
reach-wall,5,fixed_rank4,12,5.0393220274164845,0.4600250581581126,3.220038644168944,0.2939479669082803,67.67776117208544,68.51260869332131,0.8348475212358721,0.0008043050765991211,8.249282836914062e-05,-0.0007218122482299805,4.285573959350586e-05,0.0040343403816223145,0.003991484642028809,,,,,extension56,same_receiving_gpu
reach-wall,5,fixed_rank4,13,6.071233359740092,0.5542252438345875,3.190550858511959,0.29125611267907897,51.958347343447905,52.436020164094316,0.47767282064641137,0.00555795431137085,0.004284858703613281,-0.0012730956077575684,7.152557373046875e-07,0.000623166561126709,0.0006224513053894043,,,,,extension56,same_receiving_gpu
reach-wall,5,fixed_rank4,14,6.5093777206612495,0.5942221688212882,3.355074561309786,0.30627500322351986,38.03769733961609,36.864290895124284,-1.1734064444918033,0.0005679130554199219,0.001122593879699707,0.0005546808242797852,0.0001804828643798828,0.0006543993949890137,0.00047391653060913086,,,,,extension56,same_receiving_gpu
reach-wall,5,matched_random_fixed_rank4,0,0.0,0.0,0.0,0.0,170.27262398456074,170.27262398456074,0.0,0.05309748649597168,0.053209543228149414,0.00011205673217773438,0.0006649494171142578,0.0008540153503417969,0.00018906593322753906,True,10.0,0.0005226707458496093,0.0006353573366445987,extension56,same_receiving_gpu
reach-wall,5,matched_random_fixed_rank4,1,0.0,0.0,0.0,0.0,163.4274249535147,163.4274249535147,0.0,0.11719024181365967,0.11701095104217529,-0.000179290771484375,0.02281010150909424,0.022976279258728027,0.00016617774963378906,,,,,extension56,same_receiving_gpu
reach-wall,5,matched_random_fixed_rank4,2,0.0,0.0,0.0,0.0,153.8360271649016,153.8360271649016,0.0,0.1145707368850708,0.11498498916625977,0.00041425228118896484,0.009609818458557129,0.009932518005371094,0.00032269954681396484,,,,,extension56,same_receiving_gpu
reach-wall,5,matched_random_fixed_rank4,3,4.6299472646580325e-07,4.22654426152091e-08,4.897021271334583e-07,4.470348358154297e-08,148.57468632837157,148.57468557550902,-7.52862547415134e-07,0.08195483684539795,0.08160233497619629,-0.00035250186920166016,0.0030808448791503906,0.0030268430709838867,-5.4001808166503906e-05,,,,,extension56,same_receiving_gpu
reach-wall,5,matched_random_fixed_rank4,4,7.378486486879051e-07,6.735605815184504e-08,4.759049243531022e-07,4.344397704933063e-08,140.3177184692631,140.31771813531282,-3.3395028253835335e-07,0.0454411506652832,0.045607686042785645,0.0001665353775024414,0.005334734916687012,0.005306124687194824,-2.86102294921875e-05,,,,,extension56,same_receiving_gpu
reach-wall,5,matched_random_fixed_rank4,5,9.089574735912445e-07,8.297608534980514e-08,6.620544162846524e-07,6.043702301583662e-08,131.30265592030457,131.3026561774627,2.5715812057569565e-07,0.0008862614631652832,0.0009017586708068848,1.5497207641601562e-05,0.00031512975692749023,0.0002987980842590332,-1.633167266845703e-05,,,,,extension56,same_receiving_gpu
reach-wall,5,matched_random_fixed_rank4,6,9.375971782626091e-07,8.559052073127056e-08,7.043459083105056e-07,6.429769037802156e-08,121.32080643252736,121.32080700152937,5.690020117299355e-07,0.005940377712249756,0.005864381790161133,-7.599592208862305e-05,0.00029969215393066406,0.0002893805503845215,-1.0311603546142578e-05,,,,,extension56,same_receiving_gpu
reach-wall,5,matched_random_fixed_rank4,7,8.844549400990823e-07,8.073932029819131e-08,7.3787083644509e-07,6.735808360769681e-08,112.0338674513647,112.03386756535086,1.1398616095448233e-07,0.0056969523429870605,0.0056531429290771484,-4.380941390991211e-05,0.0010051131248474121,0.0011050701141357422,9.995698928833008e-05,,,,,extension56,same_receiving_gpu
reach-wall,5,matched_random_fixed_rank4,8,1.0215042169612267e-06,9.325015036938587e-08,7.463979593734857e-07,6.813649987078045e-08,100.43243488734745,100.43243574894112,8.615936621936271e-07,0.012168645858764648,0.01213759183883667,-3.1054019927978516e-05,0.0001538991928100586,2.3245811462402344e-05,-0.00013065338134765625,,,,,extension56,same_receiving_gpu
reach-wall,5,matched_random_fixed_rank4,9,1.2725828909713,0.11617039261335307,1.2005762514942422,0.10959711582473196,93.5385980324615,91.8202457470847,-1.7183522853767954,0.000511467456817627,0.001779317855834961,0.001267850399017334,0.0011963844299316406,0.00024175643920898438,-0.0009546279907226562,,,,,extension56,same_receiving_gpu
reach-wall,5,matched_random_fixed_rank4,10,2.0049053476885277,0.1830219807652908,1.7355522037273483,0.1584335152848784,86.2216194654623,80.21417002115012,-6.007449444312172,0.01891273260116577,0.03680330514907837,0.017890572547912598,1.990795135498047e-05,0.0010382533073425293,0.0010183453559875488,,,,,extension56,same_receiving_gpu
reach-wall,5,matched_random_fixed_rank4,11,2.37974885089634,0.21724035447215392,1.629723980965841,0.14877276448035184,76.87670093211938,70.3157154643168,-6.560985467802581,0.00724714994430542,0.0016846060752868652,-0.005562543869018555,0.0009272098541259766,0.0014442205429077148,0.0005170106887817383,,,,,extension56,same_receiving_gpu
reach-wall,5,matched_random_fixed_rank4,12,2.7823661320212874,0.2539941156244093,2.1173292038171794,0.19328482776585376,67.67776117208544,60.96269596323033,-6.715065208855108,0.0008043050765991211,0.003894209861755371,0.00308990478515625,4.285573959350586e-05,0.00044357776641845703,0.00040072202682495117,,,,,extension56,same_receiving_gpu
reach-wall,5,matched_random_fixed_rank4,13,3.982086784273139,0.3635131262816011,2.294710746878662,0.2094774731691618,51.958347343447905,53.46339064975032,1.5050433063024187,0.00555795431137085,0.00314486026763916,-0.0024130940437316895,7.152557373046875e-07,0.0002587437629699707,0.000258028507232666,,,,,extension56,same_receiving_gpu
reach-wall,5,matched_random_fixed_rank4,14,4.994700725332338,0.4559517092086561,2.1008495779405374,0.19178045062720667,38.03769733961609,36.76887182853724,-1.2688255110788447,0.0005679130554199219,0.0001195669174194336,-0.0004483461380004883,0.0001804828643798828,0.0014761686325073242,0.0012956857681274414,,,,,extension56,same_receiving_gpu
reach-wall,6,fixed_rank4,0,0.0,0.0,0.0,0.0,170.27262398456074,170.27262398456074,0.0,0.020669221878051758,0.020254015922546387,-0.0004152059555053711,0.0049555301666259766,0.004531383514404297,-0.0004241466522216797,True,10.0,0.0007980767885843912,0.0008489785279583019,extension56,same_receiving_gpu
reach-wall,6,fixed_rank4,1,0.0,0.0,0.0,0.0,164.12762993559892,164.12762993559892,0.0,0.01636183261871338,0.01669442653656006,0.0003325939178466797,0.010236620903015137,0.010216712951660156,-1.990795135498047e-05,,,,,extension56,same_receiving_gpu
reach-wall,6,fixed_rank4,2,0.0,0.0,0.0,0.0,161.7655102983896,161.7655102983896,0.0,0.04856085777282715,0.049611568450927734,0.001050710678100586,0.00029850006103515625,0.00020897388458251953,-8.952617645263672e-05,,,,,extension56,same_receiving_gpu
reach-wall,6,fixed_rank4,3,0.0,0.0,0.0,0.0,154.18126727011142,154.18126727011142,0.0,0.023666083812713623,0.02283942699432373,-0.0008266568183898926,0.008152604103088379,0.00693511962890625,-0.001217484474182129,,,,,extension56,same_receiving_gpu
reach-wall,6,fixed_rank4,4,5.310474492965159e-07,4.8477777847547114e-08,5.204751848153168e-07,4.751266655750322e-08,149.31092739568038,149.3109277153043,3.196239219960262e-07,0.0030347108840942383,0.0023884177207946777,-0.0006462931632995605,0.002079784870147705,0.0016701221466064453,-0.00040966272354125977,,,,,extension56,same_receiving_gpu
reach-wall,6,fixed_rank4,5,9.526423911159794e-07,8.696395447498016e-08,8.09065816432132e-07,7.385726636103543e-08,142.78879837831857,142.78879932312535,9.448067714856734e-07,0.0360376238822937,0.037210702896118164,0.0011730790138244629,0.0026113390922546387,0.0033072829246520996,0.0006959438323974609,,,,,extension56,same_receiving_gpu
reach-wall,6,fixed_rank4,6,1.1478489336467166e-06,1.047837922610929e-07,1.0926727967154181e-06,9.97469231222152e-08,128.839095213416,128.83909652927767,1.3158616809505475e-06,0.01743525266647339,0.01715332269668579,-0.00028192996978759766,0.0021619796752929688,9.47713851928711e-05,-0.0020672082901000977,,,,,extension56,same_receiving_gpu
reach-wall,6,fixed_rank4,7,2.1047496637029342e-06,1.9213647811858488e-07,1.3191525949629445e-06,1.204216055087801e-07,123.73818456157827,123.73818542512208,8.635438177861943e-07,0.00255623459815979,0.0035199224948883057,0.0009636878967285156,0.00017961859703063965,0.0008935928344726562,0.0007139742374420166,,,,,extension56,same_receiving_gpu
reach-wall,6,fixed_rank4,8,2.7629699639594343e-06,2.52223495828303e-07,1.4729743194888742e-06,1.3446354356831296e-07,113.6980993520804,113.69810062965031,1.2775699076428282e-06,0.005416005849838257,0.005095183849334717,-0.00032082200050354004,0.0005091726779937744,0.00027692317962646484,-0.00023224949836730957,,,,,extension56,same_receiving_gpu
reach-wall,6,fixed_rank4,9,3.0124818899662476e-06,2.7500071420171826e-07,1.5592375991090643e-06,1.4233826759037194e-07,102.738712106571,102.73871418321804,2.0766470356647915e-06,0.010929316282272339,0.009785652160644531,-0.0011436641216278076,0.0005350112915039062,2.3871660232543945e-05,-0.0005111396312713623,,,,,extension56,same_receiving_gpu
reach-wall,6,fixed_rank4,10,3.2930837399968416e-06,3.0061604135829127e-07,1.4589446812032834e-06,1.3318281867453695e-07,88.84726702175769,88.84727016677743,3.145019746852995e-06,0.002516806125640869,0.0037975013256073,0.0012806951999664307,0.0009683072566986084,0.00019091367721557617,-0.0007773935794830322,,,,,extension56,same_receiving_gpu
reach-wall,6,fixed_rank4,11,3.3749926819117208e-06,3.080932705496512e-07,1.3166463996840423e-06,1.2019282222748545e-07,71.69304225471372,71.6930464030756,4.148361881561868e-06,0.0018721818923950195,0.0019635558128356934,9.137392044067383e-05,8.273124694824219e-05,0.0009745359420776367,0.0008918046951293945,,,,,extension56,same_receiving_gpu
reach-wall,6,fixed_rank4,12,3.848159469084211e-06,3.512872910157544e-07,1.4064636056883494e-06,1.2839197385759337e-07,57.89425315589382,57.894255927103444,2.771209622665083e-06,0.00135841965675354,0.0013284087181091309,-3.001093864440918e-05,0.00010508298873901367,0.0010616779327392578,0.0009565949440002441,,,,,extension56,same_receiving_gpu
reach-wall,6,fixed_rank4,13,4.001773787153341e-06,3.6531029554279374e-07,1.3619286351498925e-06,1.243265058639699e-07,43.696758262355715,43.6967605958646,2.3335088883413846e-06,0.0019370317459106445,0.0018458068370819092,-9.122490882873535e-05,3.2782554626464844e-05,0.00037100911140441895,0.0003382265567779541,,,,,extension56,same_receiving_gpu
reach-wall,6,fixed_rank4,14,3.8520767147144375e-06,3.516448849815816e-07,1.199016960837053e-06,1.0945477271362371e-07,27.266039919513247,27.266042520505604,2.6009923566050475e-06,0.0016210675239562988,0.0018591582775115967,0.00023809075355529785,3.552436828613281e-05,8.243322372436523e-05,4.690885543823242e-05,,,,,extension56,same_receiving_gpu
reach-wall,6,matched_random_fixed_rank4,0,0.0,0.0,0.0,0.0,170.27262398456074,170.27262398456074,0.0,0.020669221878051758,0.0203857421875,-0.0002834796905517578,0.0049555301666259766,0.004625797271728516,-0.00032973289489746094,True,10.0,0.0007740453879038492,0.0008457740211103427,extension56,same_receiving_gpu
reach-wall,6,matched_random_fixed_rank4,1,0.0,0.0,0.0,0.0,164.12762993559892,164.12762993559892,0.0,0.01636183261871338,0.016152501106262207,-0.00020933151245117188,0.010236620903015137,0.010009288787841797,-0.00022733211517333984,,,,,extension56,same_receiving_gpu
reach-wall,6,matched_random_fixed_rank4,2,0.0,0.0,0.0,0.0,161.7655102983896,161.7655102983896,0.0,0.04856085777282715,0.04899108409881592,0.00043022632598876953,0.00029850006103515625,0.00024390220642089844,-5.459785461425781e-05,,,,,extension56,same_receiving_gpu
reach-wall,6,matched_random_fixed_rank4,3,0.0,0.0,0.0,0.0,154.18126727011142,154.18126727011142,0.0,0.023666083812713623,0.02317708730697632,-0.0004889965057373047,0.008152604103088379,0.00804293155670166,-0.00010967254638671875,,,,,extension56,same_receiving_gpu
reach-wall,6,matched_random_fixed_rank4,4,0.0,0.0,0.0,0.0,149.31092739568038,149.31092739568038,0.0,0.0030347108840942383,0.0028977394104003906,-0.00013697147369384766,0.002079784870147705,0.0019435882568359375,-0.00013619661331176758,,,,,extension56,same_receiving_gpu
reach-wall,6,matched_random_fixed_rank4,5,0.0,0.0,0.0,0.0,142.78879837831857,142.78879837831857,0.0,0.0360376238822937,0.03604769706726074,1.0073184967041016e-05,0.0026113390922546387,0.0026613473892211914,5.0008296966552734e-05,,,,,extension56,same_receiving_gpu
reach-wall,6,matched_random_fixed_rank4,6,0.0,0.0,0.0,0.0,128.839095213416,128.839095213416,0.0,0.01743525266647339,0.017192363739013672,-0.0002428889274597168,0.0021619796752929688,0.0021910667419433594,2.9087066650390625e-05,,,,,extension56,same_receiving_gpu
reach-wall,6,matched_random_fixed_rank4,7,0.0,0.0,0.0,0.0,123.73818456157827,123.73818456157827,0.0,0.00255623459815979,0.0025695860385894775,1.33514404296875e-05,0.00017961859703063965,0.0002751946449279785,9.557604789733887e-05,,,,,extension56,same_receiving_gpu
reach-wall,6,matched_random_fixed_rank4,8,1.6021563831544378e-06,1.4625619861742925e-07,4.158999245450754e-07,3.796629505633905e-08,113.6980993520804,113.69809858262502,-7.69455382965134e-07,0.005416005849838257,0.0053813159465789795,-3.4689903259277344e-05,0.0005091726779937744,0.0004942715167999268,-1.4901161193847656e-05,,,,,extension56,same_receiving_gpu
reach-wall,6,matched_random_fixed_rank4,9,2.322942732130468e-06,2.1205468903008964e-07,5.546055255516299e-07,5.062832614360591e-08,102.738712106571,102.73871190229066,-2.0428034019914776e-07,0.010929316282272339,0.010755866765975952,-0.00017344951629638672,0.0005350112915039062,0.0004883110523223877,-4.6700239181518555e-05,,,,,extension56,same_receiving_gpu
reach-wall,6,matched_random_fixed_rank4,10,2.619857249519563e-06,2.3915915216755087e-07,4.6873567879276963e-07,4.278951746371597e-08,88.84726702175769,88.84726586914329,-1.1526144021445361e-06,0.002516806125640869,0.0026923716068267822,0.00017556548118591309,0.0009683072566986084,0.0008804500102996826,-8.785724639892578e-05,,,,,extension56,same_receiving_gpu
reach-wall,6,matched_random_fixed_rank4,11,2.5676710325986506e-06,2.343952241344773e-07,7.243941693505548e-07,6.612783784641938e-08,71.69304225471372,71.69304090504431,-1.349669403793996e-06,0.0018721818923950195,0.0018919408321380615,1.9758939743041992e-05,8.273124694824219e-05,0.0001640915870666504,8.13603401184082e-05,,,,,extension56,same_receiving_gpu
reach-wall,6,matched_random_fixed_rank4,12,3.1539551935957396e-06,2.879154008154933e-07,7.30612914093212e-07,6.669552897557272e-08,57.89425315589382,57.89425150747014,-1.6484236837754906e-06,0.00135841965675354,0.0013724863529205322,1.4066696166992188e-05,0.00010508298873901367,0.00022014975547790527,0.0001150667667388916,,,,,extension56,same_receiving_gpu
reach-wall,6,matched_random_fixed_rank4,13,2.835826926429067e-06,2.5887439613095717e-07,7.238192076206678e-07,6.607535126155917e-08,43.696758262355715,43.696756650317724,-1.6120379910944393e-06,0.0019370317459106445,0.0019178688526153564,-1.9162893295288086e-05,3.2782554626464844e-05,6.29723072052002e-05,3.018975257873535e-05,,,,,extension56,same_receiving_gpu
reach-wall,6,matched_random_fixed_rank4,14,2.5210308614844403e-06,2.3013757850028497e-07,4.902685843814046e-07,4.475519381697004e-08,27.266039919513247,27.26603837577673,-1.5437365163961658e-06,0.0016210675239562988,0.001605987548828125,-1.5079975128173828e-05,3.552436828613281e-05,9.748339653015137e-05,6.195902824401855e-05,,,,,extension56,same_receiving_gpu
reach-wall,7,fixed_rank4,0,0.0,0.0,0.0,0.0,170.27262398456074,170.27262398456074,0.0,0.008991837501525879,0.009684205055236816,0.0006923675537109375,0.0017821788787841797,0.0021028518676757812,0.00032067298889160156,True,10.0,0.0006282560030619304,0.0007179512454136965,extension56,same_receiving_gpu
reach-wall,7,fixed_rank4,1,0.0,0.0,0.0,0.0,164.9500091773836,164.9500091773836,0.0,0.01761913299560547,0.017632484436035156,1.33514404296875e-05,0.016146302223205566,0.016800642013549805,0.0006543397903442383,,,,,extension56,same_receiving_gpu
reach-wall,7,fixed_rank4,2,0.0,0.0,0.0,0.0,158.5373353389495,158.5373353389495,0.0,0.017946839332580566,0.017173171043395996,-0.0007736682891845703,0.002814769744873047,0.0027539730072021484,-6.079673767089844e-05,,,,,extension56,same_receiving_gpu
reach-wall,7,fixed_rank4,3,0.0,0.0,0.0,0.0,150.13375631873612,150.13375631873615,2.842170943040401e-14,0.0019116997718811035,0.0020444393157958984,0.00013273954391479492,0.0007917881011962891,0.002272367477416992,0.0014805793762207031,,,,,extension56,same_receiving_gpu
reach-wall,7,fixed_rank4,4,0.0,0.0,0.0,0.0,145.85197976662602,145.85197976662602,0.0,0.022484540939331055,0.0214155912399292,-0.0010689496994018555,0.0018508434295654297,0.0008754134178161621,-0.0009754300117492676,,,,,extension56,same_receiving_gpu
reach-wall,7,fixed_rank4,5,0.0,0.0,0.0,0.0,138.80115899856472,138.80115899856472,0.0,0.009380161762237549,0.009688019752502441,0.0003078579902648926,0.001767277717590332,0.0023679137229919434,0.0006006360054016113,,,,,extension56,same_receiving_gpu
reach-wall,7,fixed_rank4,6,0.0,0.0,0.0,0.0,132.29390313948488,132.29390313948488,0.0,0.004766583442687988,0.004369020462036133,-0.00039756298065185547,0.0006357431411743164,0.0011889338493347168,0.0005531907081604004,,,,,extension56,same_receiving_gpu
reach-wall,7,fixed_rank4,7,0.0,0.0,0.0,0.0,121.49149923049126,121.49149923049126,0.0,0.011083126068115234,0.011627435684204102,0.0005443096160888672,0.0001825094223022461,0.0008597373962402344,0.0006772279739379883,,,,,extension56,same_receiving_gpu
reach-wall,7,fixed_rank4,8,0.0,0.0,0.0,0.0,111.6746186717896,111.6746186717896,0.0,0.0035921037197113037,0.003950715065002441,0.0003586113452911377,7.855892181396484e-05,0.00022351741790771484,0.00014495849609375,,,,,extension56,same_receiving_gpu
reach-wall,7,fixed_rank4,9,0.0,0.0,0.0,0.0,102.31571637026694,102.31571637026695,1.4210854715202004e-14,0.006061077117919922,0.005807787179946899,-0.00025328993797302246,0.00047719478607177734,0.00015497207641601562,-0.0003222227096557617,,,,,extension56,same_receiving_gpu
reach-wall,7,fixed_rank4,10,9.538061840211274e-07,8.707019374604917e-08,4.962892080360916e-07,4.530479904795692e-08,86.5587966471675,86.55879646094863,-1.8621886965775047e-07,0.0016606450080871582,0.001721411943435669,6.076693534851074e-05,0.0006263852119445801,0.0001786947250366211,-0.000447690486907959,,,,,extension56,same_receiving_gpu
reach-wall,7,fixed_rank4,11,1.3085726490865721,0.11945579300650126,1.2632050712546385,0.11531431871351437,71.23619211175577,71.75096221385958,0.5147701021038102,0.004059821367263794,0.00036963820457458496,-0.003690183162689209,0.000840306282043457,0.0005502998828887939,-0.0002900063991546631,,,,,extension56,same_receiving_gpu
reach-wall,7,fixed_rank4,12,2.2417756927479906,0.20464518596414077,1.6004210846811242,0.14609778826445624,55.14018161789113,55.15621615224886,0.016034534357729058,0.0016488134860992432,0.0006045699119567871,-0.001044243574142456,1.6748905181884766e-05,0.00142747163772583,0.0014107227325439453,,,,,extension56,same_receiving_gpu
reach-wall,7,fixed_rank4,13,2.997578919899435,0.2736402653884821,1.7157976148838372,0.15663017629757323,37.569185598248865,38.88431980554461,1.315134207295742,0.0022954046726226807,0.001570671796798706,-0.0007247328758239746,0.00017192959785461426,0.0002003014087677002,2.8371810913085938e-05,,,,,extension56,same_receiving_gpu
reach-wall,7,fixed_rank4,14,3.3338698076704114,0.304339282907749,1.7504164506882645,0.15979042917834863,23.280863404831493,23.1372324536022,-0.14363095122929437,0.0012532472610473633,4.607439041137695e-05,-0.0012071728706359863,0.00031059980392456055,7.325410842895508e-05,-0.00023734569549560547,,,,,extension56,same_receiving_gpu
reach-wall,7,matched_random_fixed_rank4,0,0.0,0.0,0.0,0.0,170.27262398456074,170.27262398456074,0.0,0.008991837501525879,0.009526729583740234,0.0005348920822143555,0.0017821788787841797,0.0018758773803710938,9.369850158691406e-05,True,10.0,0.0007243255774180094,0.0008517999384640298,extension56,same_receiving_gpu
reach-wall,7,matched_random_fixed_rank4,1,0.0,0.0,0.0,0.0,164.9500091773836,164.9500091773836,0.0,0.01761913299560547,0.017708301544189453,8.916854858398438e-05,0.016146302223205566,0.01677572727203369,0.000629425048828125,,,,,extension56,same_receiving_gpu
reach-wall,7,matched_random_fixed_rank4,2,0.0,0.0,0.0,0.0,158.53733533894948,158.5373353389495,2.842170943040401e-14,0.017946839332580566,0.017582416534423828,-0.0003644227981567383,0.002814769744873047,0.002955913543701172,0.000141143798828125,,,,,extension56,same_receiving_gpu
reach-wall,7,matched_random_fixed_rank4,3,0.0,0.0,0.0,0.0,150.13375631873615,150.13375631873615,0.0,0.0019116997718811035,0.0019094347953796387,-2.2649765014648438e-06,0.0007917881011962891,0.001018524169921875,0.00022673606872558594,,,,,extension56,same_receiving_gpu
reach-wall,7,matched_random_fixed_rank4,4,0.0,0.0,0.0,0.0,145.85197976662602,145.85197976662602,0.0,0.022484540939331055,0.022489309310913086,4.76837158203125e-06,0.0018508434295654297,0.0014265775680541992,-0.00042426586151123047,,,,,extension56,same_receiving_gpu
reach-wall,7,matched_random_fixed_rank4,5,0.0,0.0,0.0,0.0,138.80115899856472,138.80115899856472,0.0,0.009380161762237549,0.009598731994628906,0.00021857023239135742,0.001767277717590332,0.0019579529762268066,0.0001906752586364746,,,,,extension56,same_receiving_gpu
reach-wall,7,matched_random_fixed_rank4,6,0.0,0.0,0.0,0.0,132.29390313948488,132.29390313948488,0.0,0.004766583442687988,0.00466543436050415,-0.00010114908218383789,0.0006357431411743164,0.0007767081260681152,0.00014096498489379883,,,,,extension56,same_receiving_gpu
reach-wall,7,matched_random_fixed_rank4,7,0.0,0.0,0.0,0.0,121.49149923049126,121.49149923049126,0.0,0.011083126068115234,0.011190652847290039,0.00010752677917480469,0.0001825094223022461,6.687641143798828e-05,-0.00011563301086425781,,,,,extension56,same_receiving_gpu
reach-wall,7,matched_random_fixed_rank4,8,0.0,0.0,0.0,0.0,111.6746186717896,111.6746186717896,0.0,0.0035921037197113037,0.003591597080230713,-5.066394805908203e-07,7.855892181396484e-05,4.309415817260742e-05,-3.546476364135742e-05,,,,,extension56,same_receiving_gpu
reach-wall,7,matched_random_fixed_rank4,9,0.0,0.0,0.0,0.0,102.31571637026695,102.31571637026695,0.0,0.006061077117919922,0.006013214588165283,-4.786252975463867e-05,0.00047719478607177734,0.0005061030387878418,2.8908252716064453e-05,,,,,extension56,same_receiving_gpu
reach-wall,7,matched_random_fixed_rank4,10,0.0,0.0,0.0,0.0,86.5587966471675,86.5587966471675,0.0,0.0016606450080871582,0.0016472935676574707,-1.33514404296875e-05,0.0006263852119445801,0.0006500184535980225,2.3633241653442383e-05,,,,,extension56,same_receiving_gpu
reach-wall,7,matched_random_fixed_rank4,11,0.0,0.0,0.0,0.0,71.23619211175577,71.23619211175577,0.0,0.004059821367263794,0.004010200500488281,-4.9620866775512695e-05,0.000840306282043457,0.0008154511451721191,-2.485513687133789e-05,,,,,extension56,same_receiving_gpu
reach-wall,7,matched_random_fixed_rank4,12,9.721294750951341e-07,8.874287372087692e-08,3.7462790619550435e-07,3.4198692482367855e-08,55.14018161789113,55.14018101083792,-6.070532094781811e-07,0.0016488134860992432,0.0016826987266540527,3.388524055480957e-05,1.6748905181884766e-05,4.9114227294921875e-05,3.236532211303711e-05,,,,,extension56,same_receiving_gpu
reach-wall,7,matched_random_fixed_rank4,13,0.7286560875417644,0.06651689596834723,0.4651114383537414,0.04245867109000294,37.569185598248865,37.8133155756951,0.2441299774462351,0.0022954046726226807,0.002883315086364746,0.0005879104137420654,0.00017192959785461426,0.0002529025077819824,8.097290992736816e-05,,,,,extension56,same_receiving_gpu
reach-wall,7,matched_random_fixed_rank4,14,0.9897854555046328,0.09035463684506889,0.7966791774699719,0.07272652609916085,23.280863404831496,24.122502499417937,0.8416390945864407,0.0012532472610473633,0.0004349946975708008,-0.0008182525634765625,0.00031059980392456055,0.0001804828643798828,-0.00013011693954467773,,,,,extension56,same_receiving_gpu
reach-wall,8,fixed_rank4,0,0.0,0.0,0.0,0.0,170.27262398456074,170.27262398456074,0.0,0.13901925086975098,0.138991117477417,-2.8133392333984375e-05,0.003805398941040039,0.00307464599609375,-0.0007307529449462891,True,10.0,0.0006473549207051595,0.0007375072480184704,extension56,same_receiving_gpu
reach-wall,8,fixed_rank4,1,2.7551569324365375e-07,2.5151026689370473e-08,5.230286352272107e-07,4.7745763622514076e-08,158.24345310984035,158.24345374914992,6.393095759449352e-07,0.004404544830322266,0.0053452253341674805,0.0009406805038452148,0.01837003231048584,0.018702387809753418,0.0003323554992675781,,,,,extension56,same_receiving_gpu
reach-wall,8,fixed_rank4,2,4.996649767093633e-07,4.561296315650195e-08,7.330402062087562e-07,6.691710941646238e-08,150.3242917103224,150.32429196553267,2.5521026714159234e-07,0.016846537590026855,0.01610279083251953,-0.0007437467575073242,0.02064371109008789,0.02051699161529541,-0.00012671947479248047,,,,,extension56,same_receiving_gpu
reach-wall,8,fixed_rank4,3,8.674953587017861e-07,7.919112941533397e-08,8.945662391068717e-07,8.16623513902323e-08,137.5391109985166,137.53911193105915,9.325425480710692e-07,0.023320913314819336,0.02306544780731201,-0.0002554655075073242,0.00596463680267334,0.005681395530700684,-0.00028324127197265625,,,,,extension56,same_receiving_gpu
reach-wall,8,fixed_rank4,4,9.805305344043682e-07,8.950978200264464e-08,1.0128405969122904e-06,9.245927368097646e-08,132.93961652690473,132.93961727101726,7.441125262630521e-07,0.006461083889007568,0.006211280822753906,-0.0002498030662536621,0.00043702125549316406,7.700920104980469e-05,-0.0003600120544433594,,,,,extension56,same_receiving_gpu
reach-wall,8,fixed_rank4,5,1.346539468015036e-06,1.2292167353380689e-07,1.2630876796114948e-06,1.1530360237167895e-07,127.37413171136464,127.3741323153864,6.040217641611889e-07,0.07630407810211182,0.07798415422439575,0.0016800761222839355,0.002312958240509033,0.0036234259605407715,0.0013104677200317383,,,,,extension56,same_receiving_gpu
reach-wall,8,fixed_rank4,6,1.5198260628365839e-06,1.3874050301664352e-07,1.1529878792451214e-06,1.0525291166543258e-07,118.74600775747076,118.74600877259589,1.015125121739402e-06,0.01847052574157715,0.017439544200897217,-0.0010309815406799316,0.003239154815673828,0.004959464073181152,0.0017203092575073242,,,,,extension56,same_receiving_gpu
reach-wall,8,fixed_rank4,7,1.946064874425483e-06,1.776506050152159e-07,1.2807632563763175e-06,1.1691715439018022e-07,109.93099502609971,109.93099614909403,1.1229943197577086e-06,0.0029116272926330566,0.004126369953155518,0.001214742660522461,0.0019499659538269043,0.0017109513282775879,-0.0002390146255493164,,,,,extension56,same_receiving_gpu
reach-wall,8,fixed_rank4,8,1.8798041521176444e-06,1.7160185630111774e-07,1.5255507252695612e-06,1.3926309080808418e-07,101.0641591209228,101.06416118065962,2.059736829096437e-06,0.010999083518981934,0.01225513219833374,0.0012560486793518066,0.00036281347274780273,0.0011238455772399902,0.0007610321044921875,,,,,extension56,same_receiving_gpu
reach-wall,8,fixed_rank4,9,2.595050598104872e-06,2.3689462507488525e-07,1.3822784905292761e-06,1.2618418500284595e-07,87.57177047504712,87.57177263646824,2.1614211220821744e-06,0.002438962459564209,0.0016139745712280273,-0.0008249878883361816,0.0011040568351745605,0.0009888410568237305,-0.00011521577835083008,,,,,extension56,same_receiving_gpu
reach-wall,8,fixed_rank4,10,2.5819869887217257e-06,2.3570208615128768e-07,1.3315919767814906e-06,1.2155716051268628e-07,70.43752079074058,70.43752367246749,2.8817269139835844e-06,0.0011779069900512695,0.0014604926109313965,0.00028258562088012695,0.00023430585861206055,0.00018733739852905273,-4.696846008300781e-05,,,,,extension56,same_receiving_gpu
reach-wall,8,fixed_rank4,11,3.1899808809510148e-06,2.9120408108451207e-07,1.1206871983774991e-06,1.0230427640977055e-07,51.9263475110709,51.92634990855764,2.3974867389142673e-06,0.004839718341827393,0.004810929298400879,-2.8789043426513672e-05,0.0010886192321777344,0.0006347298622131348,-0.0004538893699645996,,,,,extension56,same_receiving_gpu
reach-wall,8,fixed_rank4,12,3.636249854099344e-06,3.3194267830251334e-07,1.1132137341384211e-06,1.0162204558536202e-07,36.88354292474757,36.88354500731562,2.0825680451252992e-06,0.0043541789054870605,0.004502296447753906,0.0001481175422668457,0.0008986592292785645,0.0012475252151489258,0.00034886598587036133,,,,,extension56,same_receiving_gpu
reach-wall,8,fixed_rank4,13,3.2909806570072387e-06,3.004240570260061e-07,1.0044960518303522e-06,9.169752441872707e-08,20.713390960475746,20.71339335153492,2.391059172879295e-06,0.002800285816192627,0.0018401145935058594,-0.0009601712226867676,0.000511467456817627,0.0010204911231994629,0.0005090236663818359,,,,,extension56,same_receiving_gpu
reach-wall,8,fixed_rank4,14,0.7814633517635158,0.07133751760407868,0.4726995004319505,0.04315136321800039,11.298478481006384,11.671478987359091,0.37300050635270665,0.003178417682647705,0.0013235211372375488,-0.0018548965454101562,0.00011670589447021484,0.0005695819854736328,0.00045287609100341797,,,,,extension56,same_receiving_gpu
reach-wall,8,matched_random_fixed_rank4,0,0.0,0.0,0.0,0.0,170.27262398456074,170.27262398456074,0.0,0.13901925086975098,0.1392725706100464,0.00025331974029541016,0.003805398941040039,0.0033948421478271484,-0.0004105567932128906,True,10.0,0.0006776233514149984,0.0007742182936290397,extension56,same_receiving_gpu
reach-wall,8,matched_random_fixed_rank4,1,2.7551569324365375e-07,2.5151026689370473e-08,5.230286352272107e-07,4.7745763622514076e-08,158.24345310984035,158.24345374914992,6.393095759449352e-07,0.004404544830322266,0.00423741340637207,-0.0001671314239501953,0.01837003231048584,0.018633604049682617,0.00026357173919677734,,,,,extension56,same_receiving_gpu
reach-wall,8,matched_random_fixed_rank4,2,4.996649767093633e-07,4.561296315650195e-08,7.330402062087562e-07,6.691710941646238e-08,150.3242917103224,150.32429196553267,2.5521026714159234e-07,0.016846537590026855,0.01759505271911621,0.0007485151290893555,0.02064371109008789,0.020967483520507812,0.0003237724304199219,,,,,extension56,same_receiving_gpu
reach-wall,8,matched_random_fixed_rank4,3,8.674953587017861e-07,7.919112941533397e-08,8.945662391068717e-07,8.16623513902323e-08,137.5391109985166,137.53911193105915,9.325425480710692e-07,0.023320913314819336,0.02336728572845459,4.6372413635253906e-05,0.00596463680267334,0.00571441650390625,-0.00025022029876708984,,,,,extension56,same_receiving_gpu
reach-wall,8,matched_random_fixed_rank4,4,9.805305344043682e-07,8.950978200264464e-08,1.0128405969122904e-06,9.245927368097646e-08,132.93961652690473,132.93961727101726,7.441125262630521e-07,0.006461083889007568,0.006496429443359375,3.534555435180664e-05,0.00043702125549316406,0.0004023313522338867,-3.4689903259277344e-05,,,,,extension56,same_receiving_gpu
reach-wall,8,matched_random_fixed_rank4,5,1.209589770542998e-06,1.1041993377564966e-07,1.1928377208822668e-06,1.0889068786171144e-07,127.37413171136464,127.37413240264515,6.912805048386872e-07,0.07630407810211182,0.07645219564437866,0.0001481175422668457,0.002312958240509033,0.0024521946907043457,0.0001392364501953125,,,,,extension56,same_receiving_gpu
reach-wall,8,matched_random_fixed_rank4,6,1.2519206497659048e-06,1.1428419668055179e-07,1.077658941831387e-06,9.83763519563664e-08,118.74600775747076,118.74600789096556,1.334947938858022e-07,0.01847052574157715,0.01833862066268921,-0.00013190507888793945,0.003239154815673828,0.0034441351890563965,0.00020498037338256836,,,,,extension56,same_receiving_gpu
reach-wall,8,matched_random_fixed_rank4,7,1.4375952700046453e-06,1.3123389299071234e-07,1.1879880087372511e-06,1.0844797173850613e-07,109.93099502609971,109.93099464821944,-3.7788026929774787e-07,0.0029116272926330566,0.0030729174613952637,0.00016129016876220703,0.0019499659538269043,0.0019815564155578613,3.159046173095703e-05,,,,,extension56,same_receiving_gpu
reach-wall,8,matched_random_fixed_rank4,8,1.438108019341492e-06,1.3128070038706848e-07,1.259566870868454e-06,1.1498219797680815e-07,101.0641591209228,101.06415875372844,-3.6719436025123287e-07,0.010999083518981934,0.011167943477630615,0.00016885995864868164,0.00036281347274780273,0.00042498111724853516,6.216764450073242e-05,,,,,extension56,same_receiving_gpu
reach-wall,8,matched_random_fixed_rank4,9,1.976796610215415e-06,1.8045601583578833e-07,1.122666775452854e-06,1.0248498624618587e-07,87.57177047504712,87.57176993020954,-5.44837575944257e-07,0.002438962459564209,0.0023238658905029297,-0.0001150965690612793,0.0011040568351745605,0.0010724067687988281,-3.165006637573242e-05,,,,,extension56,same_receiving_gpu
reach-wall,8,matched_random_fixed_rank4,10,2.0993036421439433e-06,1.9163932664249848e-07,1.062014863698572e-06,9.694824954224705e-08,70.43752079074058,70.43751984058261,-9.501579683046657e-07,0.0011779069900512695,0.0012317895889282227,5.3882598876953125e-05,0.00023430585861206055,0.00023764371871948242,3.337860107421875e-06,,,,,extension56,same_receiving_gpu
reach-wall,8,matched_random_fixed_rank4,11,2.267579248363003e-06,2.0700071754317104e-07,9.015818251713531e-07,8.230278384717152e-08,51.9263475110709,51.92634740216626,-1.089046435254204e-07,0.004839718341827393,0.0048233866691589355,-1.633167266845703e-05,0.0010886192321777344,0.0010375380516052246,-5.1081180572509766e-05,,,,,extension56,same_receiving_gpu
reach-wall,8,matched_random_fixed_rank4,12,2.6158448934457355e-06,2.3879287584582114e-07,7.889176304309992e-07,7.20179970334304e-08,36.88354292474757,36.883543173932964,2.4918539054397115e-07,0.0043541789054870605,0.00436633825302124,1.2159347534179688e-05,0.0008986592292785645,0.0008875131607055664,-1.1146068572998047e-05,,,,,extension56,same_receiving_gpu
reach-wall,8,matched_random_fixed_rank4,13,2.521015895246552e-06,2.3013621227593625e-07,8.632551475108739e-07,7.880405286235921e-08,20.713390960475746,20.71339003897683,-9.214989162842357e-07,0.002800285816192627,0.0026801228523254395,-0.0001201629638671875,0.000511467456817627,0.0004932284355163574,-1.823902130126953e-05,,,,,extension56,same_receiving_gpu
reach-wall,8,matched_random_fixed_rank4,14,2.8858496728910627e-06,2.634408272352233e-07,1.136874435173971e-06,1.037819621992881e-07,11.298478481006384,11.29847419784813,-4.283158254736463e-06,0.003178417682647705,0.0031566619873046875,-2.1755695343017578e-05,0.00011670589447021484,7.826089859008789e-05,-3.844499588012695e-05,,,,,extension56,same_receiving_gpu
reach-wall,9,fixed_rank4,0,0.0,0.0,0.0,0.0,170.27262398456074,170.27262398456074,0.0,0.034811973571777344,0.03569364547729492,0.0008816719055175781,0.0013172626495361328,0.0016095638275146484,0.0002923011779785156,True,10.0,3.909746805826823e-05,0.0003465808832907787,extension56,same_receiving_gpu
reach-wall,9,fixed_rank4,1,0.0,0.0,0.0,0.0,165.09082695838893,165.09082695838893,0.0,0.02788829803466797,0.028449296951293945,0.0005609989166259766,0.0005664825439453125,0.0006403923034667969,7.390975952148438e-05,,,,,extension56,same_receiving_gpu
reach-wall,9,fixed_rank4,2,0.0,0.0,0.0,0.0,157.554649154652,157.554649154652,0.0,0.011086583137512207,0.011597752571105957,0.00051116943359375,0.000748753547668457,0.0002987384796142578,-0.0004500150680541992,,,,,extension56,same_receiving_gpu
reach-wall,9,fixed_rank4,3,1.539998393850755,0.1405819764722973,1.245872753697624,0.11373210183021107,150.13456622344808,146.70030622967255,-3.4342599937755267,0.09970378875732422,0.0978841781616211,-0.001819610595703125,7.271766662597656e-05,0.029361367225646973,0.029288649559020996,,,,,extension56,same_receiving_gpu
reach-wall,9,fixed_rank4,4,2.30064262251418,0.21001897685147652,1.8304342503464661,0.167095021490803,143.347965477027,140.41527454041935,-2.9326909366076563,0.11552739143371582,0.07552182674407959,-0.04000556468963623,0.0009205341339111328,0.01039588451385498,0.009475350379943848,,,,,extension56,same_receiving_gpu
reach-wall,9,fixed_rank4,5,3.469188653295918,0.3166921469418572,2.417299691466303,0.22066826154439545,133.57136293941105,130.19378970532517,-3.3775732340858724,0.00041794776916503906,0.021145343780517578,0.02072739601135254,0.001596689224243164,0.005672574043273926,0.004075884819030762,,,,,extension56,same_receiving_gpu
reach-wall,9,fixed_rank4,6,3.8740642672575873,0.3536520647336172,2.715419540999055,0.24788275594925113,117.26882219111775,115.97526646657558,-1.2935557245421734,0.028877973556518555,0.06294447183609009,0.03406649827957153,0.004503726959228516,0.0016914606094360352,-0.0028122663497924805,,,,,extension56,same_receiving_gpu
reach-wall,9,fixed_rank4,7,5.888480834781512,0.5375422971077809,3.3219907877280614,0.3032548817105025,111.71691631627601,109.98228584128046,-1.734630474995555,0.003847181797027588,0.004300057888031006,0.00045287609100341797,0.0007727146148681641,0.0008512735366821289,7.855892181396484e-05,,,,,extension56,same_receiving_gpu
reach-wall,9,fixed_rank4,8,6.368931370586716,0.5814012298121064,3.752781564898081,0.34258051941403606,102.88043076496706,102.32813525185679,-0.5522955131102663,0.00425487756729126,0.003206968307495117,-0.0010479092597961426,0.0022085905075073242,0.0018086433410644531,-0.0003999471664428711,,,,,extension56,same_receiving_gpu
reach-wall,9,fixed_rank4,9,6.549049789017979,0.5978437166115993,4.190901895439413,0.3825752507372205,96.26704451029728,90.69756143773046,-5.569483072566825,0.015484750270843506,0.0014971494674682617,-0.013987600803375244,0.001385509967803955,0.0008327960968017578,-0.0005527138710021973,,,,,extension56,same_receiving_gpu
reach-wall,9,fixed_rank4,10,7.509588410254222,0.6855284949792662,4.679377951647746,0.4271668098682982,83.53978140320768,78.21098781083603,-5.328793592371653,0.0010419487953186035,0.002164781093597412,0.0011228322982788086,0.0001862645149230957,0.0007494688034057617,0.000563204288482666,,,,,extension56,same_receiving_gpu
reach-wall,9,fixed_rank4,11,8.226035353749792,0.750930853680625,4.006561299654957,0.3657473336413726,77.63626532824037,67.08701379684638,-10.549251531393992,0.005215466022491455,0.004128694534301758,-0.0010867714881896973,0.0010408759117126465,2.562999725341797e-06,-0.0010383129119873047,,,,,extension56,same_receiving_gpu
reach-wall,9,fixed_rank4,12,9.072851089423924,0.828234200427134,4.2993705040308745,0.3924770346883443,71.71513847128395,57.442377383413344,-14.272761087870606,0.004121124744415283,0.00161820650100708,-0.002502918243408203,0.000873863697052002,2.682209014892578e-05,-0.0008470416069030762,,,,,extension56,same_receiving_gpu
reach-wall,9,fixed_rank4,13,10.131344190172994,0.9248609584677764,4.276632647416639,0.39040136185885504,62.45190822169289,50.04303018305576,-12.408878038637127,0.00011545419692993164,0.002244293689727783,0.0021288394927978516,0.00011646747589111328,0.0024674534797668457,0.0023509860038757324,,,,,extension56,same_receiving_gpu
reach-wall,9,fixed_rank4,14,10.172923635314733,0.9286566251398896,4.105040881733823,0.37473724840108524,55.01305441328332,36.801713231573245,-18.211341181710075,0.003674626350402832,0.003194570541381836,-0.0004800558090209961,0.0003560185432434082,0.00014650821685791016,-0.00020951032638549805,,,,,extension56,same_receiving_gpu
reach-wall,9,matched_random_fixed_rank4,0,0.0,0.0,0.0,0.0,170.27262398456074,170.27262398456074,0.0,0.034811973571777344,0.03542327880859375,0.0006113052368164062,0.0013172626495361328,0.0017201900482177734,0.0004029273986816406,True,10.0,0.00016523996988932293,0.00035967129302270554,extension56,same_receiving_gpu
reach-wall,9,matched_random_fixed_rank4,1,0.0,0.0,0.0,0.0,165.09082695838893,165.09082695838893,0.0,0.02788829803466797,0.02827739715576172,0.00038909912109375,0.0005664825439453125,0.0009036064147949219,0.0003371238708496094,,,,,extension56,same_receiving_gpu
reach-wall,9,matched_random_fixed_rank4,2,0.0,0.0,0.0,0.0,157.554649154652,157.554649154652,0.0,0.011086583137512207,0.011426210403442383,0.0003396272659301758,0.000748753547668457,0.0007371902465820312,-1.1563301086425781e-05,,,,,extension56,same_receiving_gpu
reach-wall,9,matched_random_fixed_rank4,3,0.0,0.0,0.0,0.0,150.13456622344808,150.13456622344808,0.0,0.09970378875732422,0.09977734088897705,7.355213165283203e-05,7.271766662597656e-05,6.16312026977539e-05,-1.1086463928222656e-05,,,,,extension56,same_receiving_gpu
reach-wall,9,matched_random_fixed_rank4,4,0.0,0.0,0.0,0.0,143.347965477027,143.347965477027,0.0,0.11552739143371582,0.11557018756866455,4.279613494873047e-05,0.0009205341339111328,0.0009747743606567383,5.424022674560547e-05,,,,,extension56,same_receiving_gpu
reach-wall,9,matched_random_fixed_rank4,5,0.0,0.0,0.0,0.0,133.57136293941105,133.57136293941105,0.0,0.00041794776916503906,0.00026285648345947266,-0.0001550912857055664,0.001596689224243164,0.0015687942504882812,-2.7894973754882812e-05,,,,,extension56,same_receiving_gpu
reach-wall,9,matched_random_fixed_rank4,6,0.0,0.0,0.0,0.0,117.26882219111775,117.26882219111775,0.0,0.028877973556518555,0.028840303421020508,-3.7670135498046875e-05,0.004503726959228516,0.0043784379959106445,-0.0001252889633178711,,,,,extension56,same_receiving_gpu
reach-wall,9,matched_random_fixed_rank4,7,0.0,0.0,0.0,0.0,111.71691631627601,111.71691631627601,0.0,0.003847181797027588,0.0039255619049072266,7.838010787963867e-05,0.0007727146148681641,0.000828862190246582,5.614757537841797e-05,,,,,extension56,same_receiving_gpu
reach-wall,9,matched_random_fixed_rank4,8,0.0,0.0,0.0,0.0,102.88043076496706,102.88043076496706,0.0,0.00425487756729126,0.0042975544929504395,4.267692565917969e-05,0.0022085905075073242,0.002309083938598633,0.0001004934310913086,,,,,extension56,same_receiving_gpu
reach-wall,9,matched_random_fixed_rank4,9,0.0,0.0,0.0,0.0,96.26704451029728,96.26704451029728,0.0,0.015484750270843506,0.015431702136993408,-5.3048133850097656e-05,0.001385509967803955,0.0013568997383117676,-2.86102294921875e-05,,,,,extension56,same_receiving_gpu
reach-wall,9,matched_random_fixed_rank4,10,0.0,0.0,0.0,0.0,83.53978140320768,83.53978140320768,0.0,0.0010419487953186035,0.00113677978515625,9.483098983764648e-05,0.0001862645149230957,0.00019437074661254883,8.106231689453125e-06,,,,,extension56,same_receiving_gpu
reach-wall,9,matched_random_fixed_rank4,11,1.1809258383578449e-06,1.0780328673488186e-07,5.47757037750268e-07,5.000314760133844e-08,77.63626532824037,77.6362636971184,-1.6311219752651596e-06,0.005215466022491455,0.0052735209465026855,5.805492401123047e-05,0.0010408759117126465,0.000951230525970459,-8.96453857421875e-05,,,,,extension56,same_receiving_gpu
reach-wall,9,matched_random_fixed_rank4,12,1.3674809510656381e-06,1.2483336064287805e-07,8.340075555505887e-07,7.613412521746672e-08,71.71513847128395,71.71513699469725,-1.476586703574867e-06,0.004121124744415283,0.004293382167816162,0.0001722574234008789,0.000873863697052002,0.000867009162902832,-6.854534149169922e-06,,,,,extension56,same_receiving_gpu
reach-wall,9,matched_random_fixed_rank4,13,3.0049679594523164e-06,2.7431478932871716e-07,9.68382029747272e-07,8.840078032920328e-08,62.45190822169289,62.451907933796974,-2.878959151075833e-07,0.00011545419692993164,0.0002307295799255371,0.00011527538299560547,0.00011646747589111328,0.0002168416976928711,0.00010037422180175781,,,,,extension56,same_receiving_gpu
reach-wall,9,matched_random_fixed_rank4,14,2.3685774293266975e-06,2.1622054787330512e-07,1.0759835361561594e-06,9.822340904281734e-08,55.01305441328332,55.01305731239368,2.89911035622481e-06,0.003674626350402832,0.003751099109649658,7.647275924682617e-05,0.0003560185432434082,0.00036281347274780273,6.794929504394531e-06,,,,,extension56,same_receiving_gpu
reach-wall,10,fixed_rank4,0,0.0,0.0,0.0,0.0,170.27262398456074,170.27262398456074,0.0,0.027009963989257812,0.027400970458984375,0.0003910064697265625,0.0030548572540283203,0.003499269485473633,0.0004444122314453125,True,10.0,0.000684970219930013,0.0007775653592028573,extension56,same_receiving_gpu
reach-wall,10,fixed_rank4,1,0.0,0.0,0.0,0.0,164.98894817863263,164.98894817863263,0.0,0.14154469966888428,0.14151430130004883,-3.039836883544922e-05,0.0010226964950561523,0.00042510032653808594,-0.0005975961685180664,,,,,extension56,same_receiving_gpu
reach-wall,10,fixed_rank4,2,0.0,0.0,0.0,0.0,160.10679853284998,160.10679853284998,0.0,0.10650193691253662,0.106964111328125,0.0004621744155883789,0.007044553756713867,0.007461905479431152,0.00041735172271728516,,,,,extension56,same_receiving_gpu
reach-wall,10,fixed_rank4,3,0.0,0.0,0.0,0.0,149.60924095422803,149.60924095422803,0.0,0.027170836925506592,0.02768641710281372,0.0005155801773071289,0.007505297660827637,0.0072394609451293945,-0.0002658367156982422,,,,,extension56,same_receiving_gpu
reach-wall,10,fixed_rank4,4,5.819596232633806e-07,5.3125402203093636e-08,5.832429465884246e-07,5.324255305871016e-08,141.1115193359912,141.11152009947776,7.634865539785096e-07,0.003221869468688965,0.002783477306365967,-0.00043839216232299805,0.006246745586395264,0.006394743919372559,0.00014799833297729492,,,,,extension56,same_receiving_gpu
reach-wall,10,fixed_rank4,5,7.022104277601533e-07,6.410274856659797e-08,6.467859272423597e-07,5.904320703792259e-08,131.1296673717345,131.12966818212644,8.103919242330448e-07,0.00200045108795166,0.0017679333686828613,-0.00023251771926879883,0.0030104517936706543,0.0026363134384155273,-0.00037413835525512695,,,,,extension56,same_receiving_gpu
reach-wall,10,fixed_rank4,6,9.648380512651208e-07,8.807726083620542e-08,5.811452865600586e-07,5.3051063772791323e-08,128.18905257916884,128.18905302441595,4.452471102922573e-07,0.004445552825927734,0.003966629505157471,-0.00047892332077026367,0.002230703830718994,0.0020403265953063965,-0.00019037723541259766,,,,,extension56,same_receiving_gpu
reach-wall,10,fixed_rank4,7,1.168013668775841e-06,1.0662457231048261e-07,8.107108180961277e-07,7.40074337807861e-08,123.61889460016654,123.6188945796427,-2.0523842181319196e-08,0.0029191970825195312,0.003013789653778076,9.459257125854492e-05,0.0009420514106750488,0.0009430050849914551,9.5367431640625e-07,,,,,extension56,same_receiving_gpu
reach-wall,10,fixed_rank4,8,1.3693381216164232e-06,1.2500289634351126e-07,8.161702118890973e-07,7.450580596923828e-08,116.5030267922012,116.50302700702588,2.1482468071098992e-07,0.0015331506729125977,0.0015715956687927246,3.844499588012695e-05,0.00045567750930786133,6.777048110961914e-05,-0.0003879070281982422,,,,,extension56,same_receiving_gpu
reach-wall,10,fixed_rank4,9,1.1873628155652671,0.10839089967132381,0.9117129367850548,0.08322762357440935,110.75228621179639,109.60111447265507,-1.1511717391413185,0.008503913879394531,0.0007470250129699707,-0.0077568888664245605,0.0004070401191711426,0.00019890069961547852,-0.00020813941955566406,,,,,extension56,same_receiving_gpu
reach-wall,10,fixed_rank4,10,1.6638168208495054,0.15188500072263433,1.2545139706282338,0.11452093340307617,102.13561364716072,101.7623852387163,-0.37322840844441885,0.0019363760948181152,0.005863547325134277,0.003927171230316162,0.00019747018814086914,0.0004749894142150879,0.00027751922607421875,,,,,extension56,same_receiving_gpu
reach-wall,10,fixed_rank4,11,2.495157466363971,0.22777567147583078,1.8504208937618638,0.1689195440653739,92.68909403250913,92.35791522322428,-0.3311788092848502,0.0019745230674743652,0.00493544340133667,0.0029609203338623047,0.0006656646728515625,0.0005043745040893555,-0.00016129016876220703,,,,,extension56,same_receiving_gpu
reach-wall,10,fixed_rank4,12,2.9007124347923887,0.2647976055619208,1.881585213706871,0.1717644442359053,83.34242136017753,84.64531635378205,1.302894993604525,0.003636300563812256,0.003951400518417358,0.00031509995460510254,0.001275777816772461,0.0012603998184204102,-1.537799835205078e-05,,,,,extension56,same_receiving_gpu
reach-wall,10,fixed_rank4,13,3.2302420634130917,0.2948794073888973,1.9546025060296008,0.17842998058475665,72.75041049770458,68.31338448009112,-4.437026017613462,0.011873751878738403,0.003020167350769043,-0.00885358452796936,0.002393066883087158,0.0004118978977203369,-0.0019811689853668213,,,,,extension56,same_receiving_gpu
reach-wall,10,fixed_rank4,14,3.545063004367292,0.3236184958781669,2.2928928570217195,0.2093115232888772,62.658760826954044,58.49367192715222,-4.165088899801823,0.0031199753284454346,0.001270890235900879,-0.0018490850925445557,0.0003384053707122803,0.00023493170738220215,-0.00010347366333007812,,,,,extension56,same_receiving_gpu
reach-wall,10,matched_random_fixed_rank4,0,0.0,0.0,0.0,0.0,170.27262398456074,170.27262398456074,0.0,0.027009963989257812,0.027493715286254883,0.0004837512969970703,0.0030548572540283203,0.0033369064331054688,0.00028204917907714844,True,10.0,0.0006800405184427897,0.0007814906934373019,extension56,same_receiving_gpu
reach-wall,10,matched_random_fixed_rank4,1,0.0,0.0,0.0,0.0,164.98894817863263,164.98894817863263,0.0,0.14154469966888428,0.14151453971862793,-3.0159950256347656e-05,0.0010226964950561523,0.0007145404815673828,-0.00030815601348876953,,,,,extension56,same_receiving_gpu
reach-wall,10,matched_random_fixed_rank4,2,0.0,0.0,0.0,0.0,160.10679853284998,160.10679853284998,0.0,0.10650193691253662,0.10652816295623779,2.6226043701171875e-05,0.007044553756713867,0.007214069366455078,0.00016951560974121094,,,,,extension56,same_receiving_gpu
reach-wall,10,matched_random_fixed_rank4,3,0.0,0.0,0.0,0.0,149.60924095422803,149.60924095422803,0.0,0.027170836925506592,0.027321696281433105,0.00015085935592651367,0.007505297660827637,0.007398247718811035,-0.00010704994201660156,,,,,extension56,same_receiving_gpu
reach-wall,10,matched_random_fixed_rank4,4,0.0,0.0,0.0,0.0,141.1115193359912,141.1115193359912,0.0,0.003221869468688965,0.0032795071601867676,5.7637691497802734e-05,0.006246745586395264,0.00627291202545166,2.6166439056396484e-05,,,,,extension56,same_receiving_gpu
reach-wall,10,matched_random_fixed_rank4,5,0.0,0.0,0.0,0.0,131.1296673717345,131.1296673717345,0.0,0.00200045108795166,0.0019481182098388672,-5.233287811279297e-05,0.0030104517936706543,0.0029377341270446777,-7.271766662597656e-05,,,,,extension56,same_receiving_gpu
reach-wall,10,matched_random_fixed_rank4,6,0.0,0.0,0.0,0.0,128.18905257916884,128.18905257916884,0.0,0.004445552825927734,0.004421651363372803,-2.390146255493164e-05,0.002230703830718994,0.0023419857025146484,0.0001112818717956543,,,,,extension56,same_receiving_gpu
reach-wall,10,matched_random_fixed_rank4,7,0.0,0.0,0.0,0.0,123.61889460016654,123.61889460016654,0.0,0.0029191970825195312,0.0029401779174804688,2.09808349609375e-05,0.0009420514106750488,0.0009434223175048828,1.3709068298339844e-06,,,,,extension56,same_receiving_gpu
reach-wall,10,matched_random_fixed_rank4,8,0.0,0.0,0.0,0.0,116.5030267922012,116.5030267922012,0.0,0.0015331506729125977,0.0015113353729248047,-2.181529998779297e-05,0.00045567750930786133,0.0004105567932128906,-4.51207160949707e-05,,,,,extension56,same_receiving_gpu
reach-wall,10,matched_random_fixed_rank4,9,0.0,0.0,0.0,0.0,110.75228621179639,110.75228621179639,0.0,0.008503913879394531,0.008581221103668213,7.730722427368164e-05,0.0004070401191711426,0.0004609227180480957,5.3882598876953125e-05,,,,,extension56,same_receiving_gpu
reach-wall,10,matched_random_fixed_rank4,10,0.0,0.0,0.0,0.0,102.13561364716072,102.13561364716074,1.4210854715202004e-14,0.0019363760948181152,0.0019497871398925781,1.341104507446289e-05,0.00019747018814086914,0.0002829432487487793,8.547306060791016e-05,,,,,extension56,same_receiving_gpu
reach-wall,10,matched_random_fixed_rank4,11,0.0,0.0,0.0,0.0,92.68909403250913,92.68909403250913,0.0,0.0019745230674743652,0.0018101930618286133,-0.00016433000564575195,0.0006656646728515625,0.0006802678108215332,1.4603137969970703e-05,,,,,extension56,same_receiving_gpu
reach-wall,10,matched_random_fixed_rank4,12,0.0,0.0,0.0,0.0,83.34242136017753,83.34242136017753,0.0,0.003636300563812256,0.0036483407020568848,1.2040138244628906e-05,0.001275777816772461,0.0011880993843078613,-8.767843246459961e-05,,,,,extension56,same_receiving_gpu
reach-wall,10,matched_random_fixed_rank4,13,1.05768070568954e-06,9.65525968573573e-08,3.4986009841781543e-07,3.19377113124025e-08,72.75041049770458,72.75041138103943,8.833348488224146e-07,0.011873751878738403,0.01176297664642334,-0.00011077523231506348,0.002393066883087158,0.00248795747756958,9.489059448242188e-05,,,,,extension56,same_receiving_gpu
reach-wall,10,matched_random_fixed_rank4,14,1.0785829244065123e-06,9.846069963955603e-08,5.59934801699398e-07,5.111482027049039e-08,62.658760826954044,62.658760083569334,-7.433847102333857e-07,0.0031199753284454346,0.003045201301574707,-7.477402687072754e-05,0.0003384053707122803,0.0002714395523071289,-6.696581840515137e-05,,,,,extension56,same_receiving_gpu
reach-wall,11,fixed_rank4,0,0.0,0.0,0.0,0.0,170.27262398456074,170.27262398456074,0.0,0.024393320083618164,0.024614334106445312,0.00022101402282714844,0.0030956268310546875,0.0033652782440185547,0.0002696514129638672,True,10.0,1.0141531626383464e-05,0.00040166599971006836,extension56,same_receiving_gpu
reach-wall,11,fixed_rank4,1,0.0,0.0,0.0,0.0,165.72758035856057,165.72758035856057,0.0,0.006227731704711914,0.0065844058990478516,0.0003566741943359375,0.0005676746368408203,0.0014622211456298828,0.0008945465087890625,,,,,extension56,same_receiving_gpu
reach-wall,11,fixed_rank4,2,3.0214492821617156e-07,2.7581932136629386e-08,5.855227322694212e-07,5.345066806600334e-08,160.73791131430852,160.73791058495024,-7.293582768852502e-07,0.07283663749694824,0.07285606861114502,1.9431114196777344e-05,0.009074687957763672,0.0099334716796875,0.0008587837219238281,,,,,extension56,same_receiving_gpu
reach-wall,11,fixed_rank4,3,5.485292311820996e-07,5.007363889490035e-08,6.623897186187765e-07,6.046763179116727e-08,154.3144840752306,154.31448370093648,-3.742941316886572e-07,0.01742875576019287,0.017296910285949707,-0.00013184547424316406,0.008284926414489746,0.008102178573608398,-0.00018274784088134766,,,,,extension56,same_receiving_gpu
reach-wall,11,fixed_rank4,4,7.552790662001782e-07,6.894723029487922e-08,8.487123767076815e-07,7.747648559276989e-08,146.10866808822078,146.10866794657557,-1.416452164448856e-07,0.030847549438476562,0.030410170555114746,-0.0004373788833618164,0.016177892684936523,0.01635289192199707,0.00017499923706054688,,,,,extension56,same_receiving_gpu
reach-wall,11,fixed_rank4,5,1.1596521894121868e-06,1.0586127716688472e-07,9.939197388680156e-07,9.07320435546094e-08,135.05013084794803,135.05013038219704,-4.657509862227016e-07,0.016848087310791016,0.016657233238220215,-0.00019085407257080078,0.004046797752380371,0.0040940046310424805,4.7206878662109375e-05,,,,,extension56,same_receiving_gpu
reach-wall,11,fixed_rank4,6,1.4413792782501291e-06,1.3157932410301853e-07,9.630577940974549e-07,8.79147463347236e-08,122.64600119859247,122.64600131984156,1.2124908721489192e-07,0.002819657325744629,0.002431631088256836,-0.00038802623748779297,0.0003470182418823242,0.00040018558502197266,5.316734313964844e-05,,,,,extension56,same_receiving_gpu
reach-wall,11,fixed_rank4,7,1.6609318262630032e-06,1.5162163795374974e-07,1.028827794957749e-06,9.391869851444317e-08,115.30322092060052,115.3032201334425,-7.871580294249725e-07,0.033765196800231934,0.03419959545135498,0.0004343986511230469,0.00011670589447021484,0.00021374225616455078,9.703636169433594e-05,,,,,extension56,same_receiving_gpu
reach-wall,11,fixed_rank4,8,1.6241635551089465e-06,1.482651693684925e-07,1.2165454381060187e-06,1.1105489644677856e-07,108.15637715111289,108.15637680925312,-3.418597742665952e-07,0.01091921329498291,0.010904908180236816,-1.430511474609375e-05,0.008250832557678223,0.007420539855957031,-0.0008302927017211914,,,,,extension56,same_receiving_gpu
reach-wall,11,fixed_rank4,9,2.3077233788868607e-06,2.1066535851639582e-07,1.3732533741550724e-06,1.253603083658025e-07,97.76893165433859,97.76893309486928,1.440530695617781e-06,0.010394811630249023,0.01036977767944336,-2.5033950805664062e-05,0.00221860408782959,0.0012884140014648438,-0.0009301900863647461,,,,,extension56,same_receiving_gpu
reach-wall,11,fixed_rank4,10,3.2531554790691763e-06,2.969711064929522e-07,1.2072009995333055e-06,1.1020186981452915e-07,86.60745618339664,86.60745791736196,1.7339653197723237e-06,0.009378194808959961,0.009465694427490234,8.749961853027344e-05,0.002854585647583008,0.0032805204391479492,0.0004259347915649414,,,,,extension56,same_receiving_gpu
reach-wall,11,fixed_rank4,11,3.8582436142008575e-06,3.5220784330801153e-07,1.2577862205984866e-06,1.1481964759016001e-07,82.39814199316812,82.39814444611415,2.4529460205258147e-06,0.021645426750183105,0.022091686725616455,0.0004462599754333496,0.00040590763092041016,0.0004755258560180664,6.961822509765625e-05,,,,,extension56,same_receiving_gpu
reach-wall,11,fixed_rank4,12,3.598644407766696e-06,3.2850978642893975e-07,1.1705831933561936e-06,1.0685913673960313e-07,67.15715044238057,67.15715317331868,2.7309381067652794e-06,0.005860090255737305,0.005671799182891846,-0.00018829107284545898,0.0011758804321289062,0.0011408329010009766,-3.504753112792969e-05,,,,,extension56,same_receiving_gpu
reach-wall,11,fixed_rank4,13,3.6345718792508514e-06,3.317895008566057e-07,1.2749857068438666e-06,1.1638973868917577e-07,53.63074976800017,53.63074988277685,1.1477667527515223e-07,0.01798456907272339,0.017912328243255615,-7.224082946777344e-05,0.0018358826637268066,0.0015791654586791992,-0.0002567172050476074,,,,,extension56,same_receiving_gpu
reach-wall,11,fixed_rank4,14,3.702538576996401e-06,3.379939831090012e-07,9.324097248572349e-07,8.511697319024882e-08,39.653867001320336,39.65386670029223,-3.010281091064826e-07,0.0074269771575927734,0.007056713104248047,-0.00037026405334472656,0.0007454156875610352,0.00039136409759521484,-0.0003540515899658203,,,,,extension56,same_receiving_gpu
reach-wall,11,matched_random_fixed_rank4,0,0.0,0.0,0.0,0.0,170.27262398456074,170.27262398456074,0.0,0.024393320083618164,0.024218082427978516,-0.00017523765563964844,0.0030956268310546875,0.0033125877380371094,0.00021696090698242188,True,10.0,0.00017438650131225585,0.00043078020423733187,extension56,same_receiving_gpu
reach-wall,11,matched_random_fixed_rank4,1,0.0,0.0,0.0,0.0,165.72758035856057,165.72758035856057,0.0,0.006227731704711914,0.0069427490234375,0.0007150173187255859,0.0005676746368408203,0.0012590885162353516,0.0006914138793945312,,,,,extension56,same_receiving_gpu
reach-wall,11,matched_random_fixed_rank4,2,3.0214492821617156e-07,2.7581932136629386e-08,5.855227322694212e-07,5.345066806600334e-08,160.73791131430852,160.73791058495024,-7.293582768852502e-07,0.07283663749694824,0.07271862030029297,-0.00011801719665527344,0.009074687957763672,0.009279727935791016,0.00020503997802734375,,,,,extension56,same_receiving_gpu
reach-wall,11,matched_random_fixed_rank4,3,5.485292311820996e-07,5.007363889490035e-08,6.623897186187765e-07,6.046763179116727e-08,154.3144840752306,154.31448370093648,-3.742941316886572e-07,0.01742875576019287,0.016878485679626465,-0.0005502700805664062,0.008284926414489746,0.008549690246582031,0.00026476383209228516,,,,,extension56,same_receiving_gpu
reach-wall,11,matched_random_fixed_rank4,4,7.552790662001782e-07,6.894723029487922e-08,8.487123767076815e-07,7.747648559276989e-08,146.10866808822075,146.10866794657557,-1.4164518802317616e-07,0.030847549438476562,0.03095543384552002,0.00010788440704345703,0.016177892684936523,0.01574993133544922,-0.0004279613494873047,,,,,extension56,same_receiving_gpu
reach-wall,11,matched_random_fixed_rank4,5,1.1596521894121868e-06,1.0586127716688472e-07,9.939197388680156e-07,9.07320435546094e-08,135.05013084794803,135.05013038219704,-4.657509862227016e-07,0.016848087310791016,0.016597747802734375,-0.0002503395080566406,0.004046797752380371,0.0036096572875976562,-0.00043714046478271484,,,,,extension56,same_receiving_gpu
reach-wall,11,matched_random_fixed_rank4,6,1.4413792782501291e-06,1.3157932410301853e-07,9.630577940974549e-07,8.79147463347236e-08,122.64600119859247,122.64600131984156,1.2124908721489192e-07,0.002819657325744629,0.0024148225784301758,-0.0004048347473144531,0.0003470182418823242,1.9669532775878906e-05,-0.0003273487091064453,,,,,extension56,same_receiving_gpu
reach-wall,11,matched_random_fixed_rank4,7,1.4839532401954063,0.13546577732298434,1.067901781453801,0.09748564915036648,115.30322092060051,114.28875355197997,-1.0144673686205437,0.033765196800231934,0.02140653133392334,-0.012358665466308594,0.00011670589447021484,0.002953171730041504,0.002836465835571289,,,,,extension56,same_receiving_gpu
reach-wall,11,matched_random_fixed_rank4,8,2.612191907066358,0.2384594053387805,1.5723871218744996,0.14353864929688137,108.15637715111288,110.25245759627526,2.096080445162386,0.01091921329498291,0.014784932136535645,0.0038657188415527344,0.008250832557678223,0.0011059045791625977,-0.007144927978515625,,,,,extension56,same_receiving_gpu
reach-wall,11,matched_random_fixed_rank4,9,3.0972597200437977,0.2827398358533539,2.8244836883304862,0.2578389049006664,97.76893165433859,103.31428076132033,5.545349106981746,0.010394811630249023,0.04596972465515137,0.035574913024902344,0.00221860408782959,0.0012865066528320312,-0.0009320974349975586,,,,,extension56,same_receiving_gpu
reach-wall,11,matched_random_fixed_rank4,10,4.956436608865401,0.4524586892533317,3.4463681113602083,0.3146089260097437,86.60745618339664,91.0485166281729,4.441060444776269,0.009378194808959961,0.007762551307678223,-0.0016156435012817383,0.002854585647583008,0.008474469184875488,0.0056198835372924805,,,,,extension56,same_receiving_gpu
reach-wall,11,matched_random_fixed_rank4,11,6.038344461720544,0.5512229119451221,3.696032139630988,0.33740002935666263,82.39814199316814,82.27684286647376,-0.1212991266943817,0.021645426750183105,0.0219419002532959,0.00029647350311279297,0.00040590763092041016,0.0009056329727172852,0.000499725341796875,,,,,extension56,same_receiving_gpu
reach-wall,11,matched_random_fixed_rank4,12,8.117228850352587,0.7409982242949731,4.15498464399424,0.37929646926720284,67.15715044238057,69.99478246066715,2.837632018286584,0.005860090255737305,0.005148947238922119,-0.0007111430168151855,0.0011758804321289062,0.00017952919006347656,-0.0009963512420654297,,,,,extension56,same_receiving_gpu
reach-wall,11,matched_random_fixed_rank4,13,8.598751705094779,0.7849550458777367,3.958725733809059,0.3613805638972356,53.63074976800017,61.65878408237645,8.028034314376278,0.01798456907272339,0.000625312328338623,-0.017359256744384766,0.0018358826637268066,0.0016803145408630371,-0.00015556812286376953,,,,,extension56,same_receiving_gpu
reach-wall,11,matched_random_fixed_rank4,14,8.651031572475233,0.7897275229890122,4.0057955094902535,0.36567742688345195,39.65386700132033,54.75799888730161,15.104131885981282,0.0074269771575927734,0.0002162456512451172,-0.007210731506347656,0.0007454156875610352,0.002177596092224121,0.001432180404663086,,,,,extension56,same_receiving_gpu
reach-wall,12,fixed_rank4,0,0.0,0.0,0.0,0.0,170.27262398456074,170.27262398456074,0.0,0.05223202705383301,0.05225229263305664,2.0265579223632812e-05,0.0040035247802734375,0.005502462387084961,0.0014989376068115234,True,10.0,-6.233056386311849e-06,0.00039759235140141296,extension56,same_receiving_gpu
reach-wall,12,fixed_rank4,1,0.0,0.0,0.0,0.0,163.1553729567442,163.1553729567442,0.0,0.08587455749511719,0.08582735061645508,-4.7206878662109375e-05,0.0017292499542236328,0.0019261837005615234,0.00019693374633789062,,,,,extension56,same_receiving_gpu
reach-wall,12,fixed_rank4,2,0.0,0.0,0.0,0.0,153.1457758933062,153.1457758933062,0.0,0.010671615600585938,0.00952911376953125,-0.0011425018310546875,0.008438587188720703,0.007550477981567383,-0.0008881092071533203,,,,,extension56,same_receiving_gpu
reach-wall,12,fixed_rank4,3,0.0,0.0,0.0,0.0,148.32029648699626,148.32029648699626,0.0,0.0015465021133422852,0.0011621713638305664,-0.00038433074951171875,0.0076503753662109375,0.007912039756774902,0.00026166439056396484,,,,,extension56,same_receiving_gpu
reach-wall,12,fixed_rank4,4,0.0,0.0,0.0,0.0,144.22847440924477,144.22847440924477,0.0,0.014414072036743164,0.014447689056396484,3.361701965332031e-05,0.005960345268249512,0.005570650100708008,-0.0003896951675415039,,,,,extension56,same_receiving_gpu
reach-wall,12,fixed_rank4,5,0.0,0.0,0.0,0.0,135.40311463156957,135.40311463156957,0.0,0.0541154146194458,0.05403578281402588,-7.963180541992188e-05,0.001817464828491211,0.002141714096069336,0.000324249267578125,,,,,extension56,same_receiving_gpu
reach-wall,12,fixed_rank4,6,0.0,0.0,0.0,0.0,126.49773711006135,126.49773711006135,0.0,0.014865279197692871,0.015166521072387695,0.0003012418746948242,0.0010155439376831055,0.001172780990600586,0.00015723705291748047,,,,,extension56,same_receiving_gpu
reach-wall,12,fixed_rank4,7,0.0,0.0,0.0,0.0,114.58262020024844,114.58262020024844,0.0,0.02393662929534912,0.024860739707946777,0.0009241104125976562,0.0010188817977905273,0.0008550882339477539,-0.00016379356384277344,,,,,extension56,same_receiving_gpu
reach-wall,12,fixed_rank4,8,5.310466326440622e-07,4.84777032977187e-08,4.2179762884134534e-07,3.8504679336432745e-08,109.97818417021469,109.97818376758431,-4.02630377038804e-07,0.02374279499053955,0.024048328399658203,0.00030553340911865234,0.002421140670776367,0.0019675493240356445,-0.00045359134674072266,,,,,extension56,same_receiving_gpu
reach-wall,12,fixed_rank4,9,6.075764607749913e-07,5.546388882926925e-08,6.283273888322119e-07,5.735818072695368e-08,100.20792478717425,100.20792441668982,-3.70484428913187e-07,0.015749692916870117,0.015513181686401367,-0.00023651123046875,0.00401151180267334,0.0033414363861083984,-0.0006700754165649414,,,,,extension56,same_receiving_gpu
reach-wall,12,fixed_rank4,10,9.305324779290485e-07,8.494560477548634e-08,6.966990070081329e-07,6.35996269883007e-08,89.51236921646235,89.51236855247248,-6.639898657567755e-07,0.004476785659790039,0.0043523311614990234,-0.00012445449829101562,0.0016970634460449219,0.0014505386352539062,-0.0002465248107910156,,,,,extension56,same_receiving_gpu
reach-wall,12,fixed_rank4,11,1.5139146904573929e-06,1.382008710169942e-07,1.0178039193032566e-06,9.291236095326024e-08,78.78889184153829,78.78889114432286,-6.972154267259612e-07,0.0064983367919921875,0.0062713623046875,-0.0002269744873046875,0.00018787384033203125,0.000213623046875,2.574920654296875e-05,,,,,extension56,same_receiving_gpu
reach-wall,12,fixed_rank4,12,1.949187230258596e-06,1.7793563580227492e-07,9.300196742913496e-07,8.489879242216326e-08,64.24966692443203,64.249666540142,-3.842900326844756e-07,0.013629674911499023,0.013706088066101074,7.641315460205078e-05,0.0008851289749145508,0.00079345703125,-9.167194366455078e-05,,,,,extension56,same_receiving_gpu
reach-wall,12,fixed_rank4,13,1.8008956474205912e-06,1.643985283008547e-07,1.0044200627610341e-06,9.169058759749551e-08,54.7730198894279,54.77301992875612,3.932822068009045e-08,0.006979703903198242,0.007077813148498535,9.810924530029297e-05,0.00014388561248779297,0.0002561807632446289,0.00011229515075683594,,,,,extension56,same_receiving_gpu
reach-wall,12,fixed_rank4,14,1.9839190788249124e-06,1.811062052895457e-07,1.0087835754805023e-06,9.208891998856442e-08,44.1400797321776,44.140080394210706,6.620331092221932e-07,0.007284998893737793,0.007115840911865234,-0.0001691579818725586,0.003453969955444336,0.0034830570220947266,2.9087066650390625e-05,,,,,extension56,same_receiving_gpu
reach-wall,12,matched_random_fixed_rank4,0,0.0,0.0,0.0,0.0,170.27262398456074,170.27262398456074,0.0,0.05223202705383301,0.052117347717285156,-0.00011467933654785156,0.0040035247802734375,0.005574703216552734,0.0015711784362792969,True,10.0,0.00014599959055582682,0.0004174343837844452,extension56,same_receiving_gpu
reach-wall,12,matched_random_fixed_rank4,1,1.8460871433667575e-07,1.6852392859037446e-08,4.805480091749757e-07,4.3867830764888954e-08,163.1553729567442,163.15537394209193,9.85347725190877e-07,0.08587455749511719,0.08562302589416504,-0.00025153160095214844,0.0017292499542236328,0.0021135807037353516,0.00038433074951171875,,,,,extension56,same_receiving_gpu
reach-wall,12,matched_random_fixed_rank4,2,3.4803757941675227e-07,3.1771338851008485e-08,6.405766385854684e-07,5.847637912734921e-08,153.1457758933062,153.14577657231703,6.790108386667271e-07,0.010671615600585938,0.009527206420898438,-0.0011444091796875,0.008438587188720703,0.008506536483764648,6.794929504394531e-05,,,,,extension56,same_receiving_gpu
reach-wall,12,matched_random_fixed_rank4,3,7.078443692036641e-07,6.461705470264366e-08,7.033600641015736e-07,6.420769552611857e-08,148.32029648699626,148.32029666287193,1.7587566958354728e-07,0.0015465021133422852,0.001016855239868164,-0.0005296468734741211,0.0076503753662109375,0.007566690444946289,-8.368492126464844e-05,,,,,extension56,same_receiving_gpu
reach-wall,12,matched_random_fixed_rank4,4,1.068950613794678e-06,9.758139400572302e-08,8.371217194311702e-07,7.641840818499377e-08,144.22847440924477,144.22847430984888,-9.939589062923915e-08,0.014414072036743164,0.014774203300476074,0.00036013126373291016,0.005960345268249512,0.00590360164642334,-5.6743621826171875e-05,,,,,extension56,same_receiving_gpu
reach-wall,12,matched_random_fixed_rank4,5,1.3992051628977228e-06,1.277293717161289e-07,9.098254157587139e-07,8.305531726709398e-08,135.40311463156957,135.40311429397414,-3.375954236162215e-07,0.0541154146194458,0.053757429122924805,-0.0003579854965209961,0.001817464828491211,0.0020520687103271484,0.0002346038818359375,,,,,extension56,same_receiving_gpu
reach-wall,12,matched_random_fixed_rank4,6,1.651956240204686e-06,1.5080228279525485e-07,9.826861079810588e-07,8.970655804803056e-08,126.49773711006135,126.4977366740798,-4.359815477528173e-07,0.014865279197692871,0.015424966812133789,0.000559687614440918,0.0010155439376831055,0.0003591775894165039,-0.0006563663482666016,,,,,extension56,same_receiving_gpu
reach-wall,12,matched_random_fixed_rank4,7,2.416334143441122e-06,2.2058011947210436e-07,1.1952087540614772e-06,1.0910713258785257e-07,114.58262020024844,114.58262078227213,5.820236879117147e-07,0.02393662929534912,0.02434229850769043,0.0004056692123413086,0.0010188817977905273,0.0010353326797485352,1.6450881958007812e-05,,,,,extension56,same_receiving_gpu
reach-wall,12,matched_random_fixed_rank4,8,3.161040528770084e-06,2.885622004659055e-07,1.397872681788834e-06,1.2760773338933088e-07,109.97818417021469,109.9781851791113,1.0088966178045666e-06,0.02374279499053955,0.02381134033203125,6.854534149169922e-05,0.002421140670776367,0.002162456512451172,-0.0002586841583251953,,,,,extension56,same_receiving_gpu
reach-wall,12,matched_random_fixed_rank4,9,3.4299344782174565e-06,3.131087474140688e-07,1.4825906566898755e-06,1.3534139103590706e-07,100.20792478717425,100.20792619269889,1.405524642450473e-06,0.015749692916870117,0.015802502632141113,5.2809715270996094e-05,0.00401151180267334,0.004120349884033203,0.00010883808135986328,,,,,extension56,same_receiving_gpu
reach-wall,12,matched_random_fixed_rank4,10,3.4179270763820126e-06,3.1201262660701853e-07,1.5307373773753486e-06,1.3973656520079608e-07,89.51236921646235,89.5123706731633,1.4567009571919698e-06,0.004476785659790039,0.004366397857666016,-0.00011038780212402344,0.0016970634460449219,0.002393484115600586,0.0006964206695556641,,,,,extension56,same_receiving_gpu
reach-wall,12,matched_random_fixed_rank4,11,3.849396544686577e-06,3.5140022005121356e-07,1.2787733852243723e-06,1.167355048374387e-07,78.78889184153829,78.78889149694828,-3.4459000630704395e-07,0.0064983367919921875,0.006828904151916504,0.0003305673599243164,0.00018787384033203125,1.5139579772949219e-05,-0.00017273426055908203,,,,,extension56,same_receiving_gpu
reach-wall,12,matched_random_fixed_rank4,12,1.2736105373025413,0.11626420345947944,1.0427743420736546,0.0951918382568915,64.24966692443203,64.5008019013787,0.2511349769466591,0.013629674911499023,0.006131649017333984,-0.007498025894165039,0.0008851289749145508,0.0003057718276977539,-0.0005793571472167969,,,,,extension56,same_receiving_gpu
reach-wall,12,matched_random_fixed_rank4,13,2.484313889439389,0.22678579286155812,1.7888627393881045,0.163300079107225,54.7730198894279,48.69954860499756,-6.07347128443034,0.006979703903198242,0.0022039413452148438,-0.0047757625579833984,0.00014388561248779297,0.001234292984008789,0.001090407371520996,,,,,extension56,same_receiving_gpu
reach-wall,12,matched_random_fixed_rank4,14,2.567740877756742,0.23440160009591382,2.2609940682340905,0.20639957559286434,44.1400797321776,39.7840513788361,-4.3560283533415,0.007284998893737793,0.011315226554870605,0.0040302276611328125,0.003453969955444336,0.0022652149200439453,-0.0011887550354003906,,,,,extension56,same_receiving_gpu
reach-wall,13,fixed_rank4,0,0.0,0.0,0.0,0.0,170.27262398456074,170.27262398456074,0.0,0.08363163471221924,0.08265960216522217,-0.0009720325469970703,0.007176876068115234,0.007432222366333008,0.00025534629821777344,True,10.0,0.00040219863255818686,0.0005459347918037474,extension56,same_receiving_gpu
reach-wall,13,fixed_rank4,1,0.0,0.0,0.0,0.0,159.81911451967937,159.81911451967937,0.0,0.032517313957214355,0.03185117244720459,-0.0006661415100097656,0.002858757972717285,0.0027276277542114258,-0.00013113021850585938,,,,,extension56,same_receiving_gpu
reach-wall,13,fixed_rank4,2,0.0,0.0,0.0,0.0,155.34097267781476,155.34097267781476,0.0,0.025626778602600098,0.025771498680114746,0.00014472007751464844,0.011286616325378418,0.010902047157287598,-0.0003845691680908203,,,,,extension56,same_receiving_gpu
reach-wall,13,fixed_rank4,3,5.243147585627689e-07,4.7863170082950576e-08,5.990192664337689e-07,5.468272743432873e-08,145.9811338615028,145.98113275414897,-1.1073538246364478e-06,0.0019508600234985352,0.002111077308654785,0.00016021728515625,0.004221916198730469,0.002821683883666992,-0.0014002323150634766,,,,,extension56,same_receiving_gpu
reach-wall,13,fixed_rank4,4,7.568258113771616e-07,6.908842816557023e-08,6.598707981552044e-07,6.02376868647573e-08,139.05157727373148,139.05157632975232,-9.439791597287694e-07,0.09166419506072998,0.09251534938812256,0.0008511543273925781,0.007836699485778809,0.007779836654663086,-5.6862831115722656e-05,,,,,extension56,same_receiving_gpu
reach-wall,13,fixed_rank4,5,9.284787466337529e-07,8.475812561590504e-08,6.727012002644367e-07,6.140893697427204e-08,126.90227409796309,126.90227395997114,-1.3799194675812032e-07,0.025513648986816406,0.024515986442565918,-0.0009976625442504883,0.0028715133666992188,0.0019589662551879883,-0.0009125471115112305,,,,,extension56,same_receiving_gpu
reach-wall,13,fixed_rank4,6,1.4886532248575084e-06,1.358948252595446e-07,6.939846886512648e-07,6.335184475624953e-08,120.34807186264342,120.34807184511226,-1.753116407599009e-08,0.0018004179000854492,0.002001464366912842,0.00020104646682739258,0.006222128868103027,0.006032407283782959,-0.00018972158432006836,,,,,extension56,same_receiving_gpu
reach-wall,13,fixed_rank4,7,1.3487660341168731e-06,1.231249302804323e-07,8.78663241136406e-07,8.021061293683513e-08,112.6379037825514,112.63790384866476,6.61133583435003e-08,0.01732337474822998,0.01663029193878174,-0.0006930828094482422,0.0018228888511657715,0.002597212791442871,0.0007743239402770996,,,,,extension56,same_receiving_gpu
reach-wall,13,fixed_rank4,8,1.3706299991481017e-06,1.2512082808778365e-07,1.1026859283447266e-06,1.0066099279965533e-07,103.52809865240489,103.52809869615078,4.374588513655908e-08,0.004994869232177734,0.004987537860870361,-7.331371307373047e-06,0.0006955862045288086,0.0006435513496398926,-5.2034854888916016e-05,,,,,extension56,same_receiving_gpu
reach-wall,13,fixed_rank4,9,2.1853940145867617e-06,1.9949826647099057e-07,9.976268994094043e-07,9.107045946341133e-08,93.03288957299037,93.03288869216361,-8.808267608628739e-07,0.010529279708862305,0.010609149932861328,7.987022399902344e-05,0.00029671192169189453,0.0002713203430175781,-2.5391578674316406e-05,,,,,extension56,same_receiving_gpu
reach-wall,13,fixed_rank4,10,1.194582711253799,0.10904998295989769,0.9361746785989702,0.0854606648723008,82.66423586427354,80.38866780392496,-2.2755680603485757,0.012620806694030762,0.006597638130187988,-0.0060231685638427734,0.004997074604034424,0.0006849765777587891,-0.004312098026275635,,,,,extension56,same_receiving_gpu
reach-wall,13,fixed_rank4,11,1.6569096647035377,0.1512544665177415,1.1813061627622874,0.10783800544412901,66.96341519207931,66.54238343374038,-0.4210317583389269,3.3736228942871094e-05,0.0027083158493041992,0.002674579620361328,0.0005554556846618652,3.463029861450195e-05,-0.0005208253860473633,,,,,extension56,same_receiving_gpu
reach-wall,13,fixed_rank4,12,2.653573876070933,0.24223704498841137,1.8003902519506305,0.1643523922176283,57.520124026416724,53.13739201204895,-4.382732014367775,0.017023861408233643,0.015851378440856934,-0.001172482967376709,0.0004622936248779297,0.0008521080017089844,0.0003898143768310547,,,,,extension56,same_receiving_gpu
reach-wall,13,fixed_rank4,13,3.3919238921597277,0.3096388715127672,2.0882014488391403,0.19062583969069452,49.39139814045906,41.2369302504421,-8.15446789001696,0.006547391414642334,0.0029054880142211914,-0.0036419034004211426,0.0003567337989807129,0.0008566379547119141,0.0004999041557312012,,,,,extension56,same_receiving_gpu
reach-wall,13,fixed_rank4,14,3.5874048352863475,0.3274837585315729,2.2170806423009113,0.20239084659937526,38.55007426755692,35.139477711988924,-3.4105965555679987,0.007336974143981934,0.00045567750930786133,-0.006881296634674072,0.0007347464561462402,0.0005180835723876953,-0.00021666288375854492,,,,,extension56,same_receiving_gpu
reach-wall,13,matched_random_fixed_rank4,0,0.0,0.0,0.0,0.0,170.27262398456074,170.27262398456074,0.0,0.08363163471221924,0.0829002857208252,-0.000731348991394043,0.007176876068115234,0.007534503936767578,0.00035762786865234375,True,10.0,0.0005758440494537353,0.0006955978317468451,extension56,same_receiving_gpu
reach-wall,13,matched_random_fixed_rank4,1,0.0,0.0,0.0,0.0,159.81911451967937,159.81911451967937,0.0,0.032517313957214355,0.032395005226135254,-0.00012230873107910156,0.002858757972717285,0.002874612808227539,1.5854835510253906e-05,,,,,extension56,same_receiving_gpu
reach-wall,13,matched_random_fixed_rank4,2,0.0,0.0,0.0,0.0,155.34097267781476,155.34097267781476,0.0,0.025626778602600098,0.025498509407043457,-0.00012826919555664062,0.011286616325378418,0.01126706600189209,-1.9550323486328125e-05,,,,,extension56,same_receiving_gpu
reach-wall,13,matched_random_fixed_rank4,3,0.0,0.0,0.0,0.0,145.9811338615028,145.9811338615028,0.0,0.0019508600234985352,0.0021278858184814453,0.00017702579498291016,0.004221916198730469,0.0036203861236572266,-0.0006015300750732422,,,,,extension56,same_receiving_gpu
reach-wall,13,matched_random_fixed_rank4,4,4.919433263775833e-07,4.490807614518809e-08,4.926405923013848e-07,4.4971727524362386e-08,139.05157727373148,139.05157663643956,-6.372919187924708e-07,0.09166419506072998,0.09189713001251221,0.00023293495178222656,0.007836699485778809,0.007687926292419434,-0.000148773193359375,,,,,extension56,same_receiving_gpu
reach-wall,13,matched_random_fixed_rank4,5,7.327259889178928e-07,6.688842543343503e-08,6.350063011843716e-07,5.79678792194333e-08,126.90227409796309,126.90227437457557,2.7661248225285817e-07,0.025513648986816406,0.02544260025024414,-7.104873657226562e-05,0.0028715133666992188,0.002541661262512207,-0.0003298521041870117,,,,,extension56,same_receiving_gpu
reach-wall,13,matched_random_fixed_rank4,6,1.2185173439709706e-06,1.1123490600069703e-07,6.563280685408485e-07,5.991428137726992e-08,120.34807186264342,120.34807260399757,7.413541425194126e-07,0.0018004179000854492,0.0017852187156677246,-1.519918441772461e-05,0.006222128868103027,0.0060059428215026855,-0.0002161860466003418,,,,,extension56,same_receiving_gpu
reach-wall,13,matched_random_fixed_rank4,7,1.1111611159888726e-06,1.0143466804161996e-07,7.691078126766646e-07,7.020961635941116e-08,112.6379037825514,112.63790437678429,5.942328868968616e-07,0.01732337474822998,0.01718294620513916,-0.0001404285430908203,0.0018228888511657715,0.001814126968383789,-8.761882781982422e-06,,,,,extension56,same_receiving_gpu
reach-wall,13,matched_random_fixed_rank4,8,1.1504171291757244e-06,1.0501823536497981e-07,9.562320236643818e-07,8.729164159496597e-08,103.52809865240489,103.52809888704917,2.3464427556518785e-07,0.004994869232177734,0.004994451999664307,-4.172325134277344e-07,0.0006955862045288086,0.0007551908493041992,5.9604644775390625e-05,,,,,extension56,same_receiving_gpu
reach-wall,13,matched_random_fixed_rank4,9,1.199051741175156e-06,1.0945794770957982e-07,8.2577174916848e-07,7.53823023950124e-08,93.03288957299037,93.03288874760386,-8.253865075857902e-07,0.010529279708862305,0.010576009750366211,4.673004150390625e-05,0.00029671192169189453,0.0002541542053222656,-4.2557716369628906e-05,,,,,extension56,same_receiving_gpu
reach-wall,13,matched_random_fixed_rank4,10,1.2507214884604987e-06,1.1417472873104209e-07,7.359122171918002e-07,6.717928694993169e-08,82.66423586427354,82.66423494263941,-9.216341254614235e-07,0.012620806694030762,0.012646496295928955,2.568960189819336e-05,0.004997074604034424,0.005117535591125488,0.00012046098709106445,,,,,extension56,same_receiving_gpu
reach-wall,13,matched_random_fixed_rank4,11,1.5040083938453552e-06,1.3729655399770251e-07,7.742512009331036e-07,7.067914132108763e-08,66.96341519207931,66.9634140380335,-1.1540458046965796e-06,3.3736228942871094e-05,2.586841583251953e-05,-7.867813110351562e-06,0.0005554556846618652,0.0005524158477783203,-3.039836883544922e-06,,,,,extension56,same_receiving_gpu
reach-wall,13,matched_random_fixed_rank4,12,2.3758502983599275e-06,2.1688446694451857e-07,8.034890719975777e-07,7.334818157366096e-08,57.520124026416724,57.520123377142184,-6.492745399100386e-07,0.017023861408233643,0.017018675804138184,-5.185604095458984e-06,0.0004622936248779297,0.0004181861877441406,-4.410743713378906e-05,,,,,extension56,same_receiving_gpu
reach-wall,13,matched_random_fixed_rank4,13,3.1957367935344944e-06,2.917295216113454e-07,8.572135011979033e-07,7.825252853401223e-08,49.39139814045906,49.39139813140456,-9.054502925209817e-09,0.006547391414642334,0.006493806838989258,-5.358457565307617e-05,0.0003567337989807129,0.0003362298011779785,-2.0503997802734375e-05,,,,,extension56,same_receiving_gpu
reach-wall,13,matched_random_fixed_rank4,14,3.468609874995607e-06,3.166393119533781e-07,9.355226817666255e-07,8.540114597688461e-08,38.55007426755692,38.550074717194946,4.4963802281472454e-07,0.007336974143981934,0.007286250591278076,-5.072355270385742e-05,0.0007347464561462402,0.0007105469703674316,-2.4199485778808594e-05,,,,,extension56,same_receiving_gpu
reach-wall,14,fixed_rank4,0,0.0,0.0,0.0,0.0,170.27262398456074,170.27262398456074,0.0,0.003446340560913086,0.004980564117431641,0.0015342235565185547,0.0011985301971435547,0.0007593631744384766,-0.0004391670227050781,True,10.0,0.00014141480127970377,0.0004196555896730399,extension56,same_receiving_gpu
reach-wall,14,fixed_rank4,1,0.0,0.0,0.0,0.0,161.57769984595672,161.57769984595672,0.0,0.01817774772644043,0.018290281295776367,0.0001125335693359375,0.010559797286987305,0.010944843292236328,0.00038504600524902344,,,,,extension56,same_receiving_gpu
reach-wall,14,fixed_rank4,2,0.0,0.0,0.0,0.0,153.94284685160736,153.94284685160736,0.0,0.12157678604125977,0.12146389484405518,-0.00011289119720458984,0.0007894039154052734,0.0010657310485839844,0.00027632713317871094,,,,,extension56,same_receiving_gpu
reach-wall,14,fixed_rank4,3,0.0,0.0,0.0,0.0,146.08459846983766,146.08459846983766,0.0,0.020494937896728516,0.018891096115112305,-0.001603841781616211,0.01765000820159912,0.01634800434112549,-0.0013020038604736328,,,,,extension56,same_receiving_gpu
reach-wall,14,fixed_rank4,4,0.0,0.0,0.0,0.0,137.90372214222222,137.90372214222222,0.0,0.00029277801513671875,0.00015413761138916016,-0.0001386404037475586,0.004298210144042969,0.00321805477142334,-0.001080155372619629,,,,,extension56,same_receiving_gpu
reach-wall,14,fixed_rank4,5,0.0,0.0,0.0,0.0,129.21729303139574,129.21729303139574,0.0,0.004040241241455078,0.003636598587036133,-0.0004036426544189453,0.0002435445785522461,0.0009784698486328125,0.0007349252700805664,,,,,extension56,same_receiving_gpu
reach-wall,14,fixed_rank4,6,1.5272839244636818,0.13942130952396245,1.3105218426192518,0.11963372921763324,122.94293133655549,124.9925541183507,2.0496227817952075,0.0057305097579956055,0.0031985044479370117,-0.0025320053100585938,0.0006514787673950195,0.011911153793334961,0.011259675025939941,,,,,extension56,same_receiving_gpu
reach-wall,14,fixed_rank4,7,2.095180114357939,0.19126290177834945,1.5563031908486828,0.14207039399084853,115.22230068078684,119.3385452806126,4.116244599825762,0.006187319755554199,0.0017828941345214844,-0.004404425621032715,0.0016661882400512695,0.0016428232192993164,-2.3365020751953125e-05,,,,,extension56,same_receiving_gpu
reach-wall,14,fixed_rank4,8,2.802787517521443,0.25585832454006674,1.9550129870858992,0.17846745220708382,105.92474740802159,109.65321175793508,3.7284643499134944,0.018629789352416992,0.008818566799163818,-0.009811222553253174,0.0004916191101074219,0.00038993358612060547,-0.0001016855239868164,,,,,extension56,same_receiving_gpu
reach-wall,14,fixed_rank4,9,4.310775098664602,0.3935181269783601,3.183632704697808,0.2906245745290288,98.69814827145497,99.3897421486354,0.6915938771804377,0.03943586349487305,0.0328444242477417,-0.006591439247131348,0.0065538883209228516,0.004698038101196289,-0.0018558502197265625,,,,,extension56,same_receiving_gpu
reach-wall,14,fixed_rank4,10,6.110213903167644,0.5577836643244343,3.698707130218408,0.33764422147096995,91.63902810412952,93.16348795975767,1.5244598556281517,0.00016880035400390625,0.008877038955688477,0.00870823860168457,0.0011532306671142578,0.00015395879745483398,-0.0009992718696594238,,,,,extension56,same_receiving_gpu
reach-wall,14,fixed_rank4,11,6.994407516825609,0.6384991288915134,3.8130090853348344,0.34807851466833833,81.97361067309305,86.6750863091425,4.701475636049452,0.004610657691955566,0.0045375823974609375,-7.30752944946289e-05,0.0013920068740844727,0.0009413957595825195,-0.0004506111145019531,,,,,extension56,same_receiving_gpu
reach-wall,14,fixed_rank4,12,7.078621989755074,0.6461868233068262,3.8131708347821345,0.3480932803051633,75.62250795882082,80.43020143248762,4.807693473666802,0.01463860273361206,0.0002751350402832031,-0.014363467693328857,0.0022906064987182617,0.0013087987899780273,-0.0009818077087402344,,,,,extension56,same_receiving_gpu
reach-wall,14,fixed_rank4,13,7.8886559996179875,0.7201324732315395,4.036809291206771,0.3685085848567315,61.419713045322005,63.46524613307628,2.045533087754272,0.002271294593811035,0.0007998347282409668,-0.0014714598655700684,0.000868678092956543,6.818771362304688e-05,-0.0008004903793334961,,,,,extension56,same_receiving_gpu
reach-wall,14,fixed_rank4,14,8.996413124596346,0.8212564008294923,4.0060954949369165,0.3657048116827954,45.4170749640793,55.54042569572077,10.123350731641473,0.004411578178405762,0.0006654858589172363,-0.0037460923194885254,0.00046890974044799805,0.0008227229118347168,0.00035381317138671875,,,,,extension56,same_receiving_gpu
reach-wall,14,matched_random_fixed_rank4,0,0.0,0.0,0.0,0.0,170.27262398456074,170.27262398456074,0.0,0.003446340560913086,0.004136085510253906,0.0006897449493408203,0.0011985301971435547,0.0012028217315673828,4.291534423828125e-06,True,10.0,0.00026490290959676105,0.0004946318130977979,extension56,same_receiving_gpu
reach-wall,14,matched_random_fixed_rank4,1,0.0,0.0,0.0,0.0,161.57769984595672,161.57769984595672,0.0,0.01817774772644043,0.018276691436767578,9.894371032714844e-05,0.010559797286987305,0.010654687881469727,9.489059448242188e-05,,,,,extension56,same_receiving_gpu
reach-wall,14,matched_random_fixed_rank4,2,0.0,0.0,0.0,0.0,153.94284685160736,153.94284685160736,0.0,0.12157678604125977,0.12169504165649414,0.000118255615234375,0.0007894039154052734,0.0010035037994384766,0.00021409988403320312,,,,,extension56,same_receiving_gpu
reach-wall,14,matched_random_fixed_rank4,3,0.0,0.0,0.0,0.0,146.08459846983766,146.08459846983766,0.0,0.020494937896728516,0.02072763442993164,0.000232696533203125,0.01765000820159912,0.01766383647918701,1.3828277587890625e-05,,,,,extension56,same_receiving_gpu
reach-wall,14,matched_random_fixed_rank4,4,0.0,0.0,0.0,0.0,137.90372214222222,137.90372214222222,0.0,0.00029277801513671875,6.151199340820312e-05,-0.00023126602172851562,0.004298210144042969,0.00423121452331543,-6.699562072753906e-05,,,,,extension56,same_receiving_gpu
reach-wall,14,matched_random_fixed_rank4,5,0.0,0.0,0.0,0.0,129.21729303139574,129.21729303139574,0.0,0.004040241241455078,0.003917098045349121,-0.00012314319610595703,0.0002435445785522461,0.00017595291137695312,-6.759166717529297e-05,,,,,extension56,same_receiving_gpu
reach-wall,14,matched_random_fixed_rank4,6,0.0,0.0,0.0,0.0,122.94293133655549,122.94293133655549,0.0,0.0057305097579956055,0.005627274513244629,-0.00010323524475097656,0.0006514787673950195,0.0006368160247802734,-1.4662742614746094e-05,,,,,extension56,same_receiving_gpu
reach-wall,14,matched_random_fixed_rank4,7,1.07096791459968e-06,9.776554753175183e-08,4.955616339539257e-07,4.5238380925113854e-08,115.22230068078684,115.2223012656778,5.848909552241821e-07,0.006187319755554199,0.0062711238861083984,8.380413055419922e-05,0.0016661882400512695,0.001523733139038086,-0.0001424551010131836,,,,,extension56,same_receiving_gpu
reach-wall,14,matched_random_fixed_rank4,8,1.2459224387933256e-06,1.1373663743815901e-07,7.180442692730879e-07,6.554817392803065e-08,105.92474740802159,105.92474792371112,5.156895355185043e-07,0.018629789352416992,0.0186120867729187,-1.7702579498291016e-05,0.0004916191101074219,0.0005806684494018555,8.90493392944336e-05,,,,,extension56,same_receiving_gpu
reach-wall,14,matched_random_fixed_rank4,9,1.4248638845715784e-06,1.3007168182571512e-07,7.384724434235016e-07,6.74130025598349e-08,98.69814827145497,98.6981489843012,7.128462300443061e-07,0.03943586349487305,0.039718568325042725,0.00028270483016967773,0.0065538883209228516,0.006560564041137695,6.67572021484375e-06,,,,,extension56,same_receiving_gpu
reach-wall,14,matched_random_fixed_rank4,10,1.4791654378116749e-06,1.350287127619099e-07,7.780061651591428e-07,7.102192108929206e-08,91.63902810412952,91.63902813623088,3.210135446352069e-08,0.00016880035400390625,0.00018453598022460938,1.5735626220703125e-05,0.0011532306671142578,0.0011683106422424316,1.5079975128173828e-05,,,,,extension56,same_receiving_gpu
reach-wall,14,matched_random_fixed_rank4,11,1.7125885176770056e-06,1.563372271426718e-07,1.1310413255599181e-06,1.0324947457995192e-07,81.97361067309305,81.97361217454448,1.501451436070056e-06,0.004610657691955566,0.004446566104888916,-0.0001640915870666504,0.0013920068740844727,0.0014707446098327637,7.873773574829102e-05,,,,,extension56,same_receiving_gpu
reach-wall,14,matched_random_fixed_rank4,12,2.244540346602541e-06,2.0489756317744598e-07,1.5319234411199065e-06,1.3984483751205168e-07,75.62250795882082,75.62251041606731,2.4572464951688744e-06,0.01463860273361206,0.014749407768249512,0.00011080503463745117,0.0022906064987182617,0.0022649765014648438,-2.562999725341797e-05,,,,,extension56,same_receiving_gpu
reach-wall,14,matched_random_fixed_rank4,13,2.645727947651027e-06,2.4152081299171913e-07,1.421925544096894e-06,1.2980344926577927e-07,61.419713045322005,61.419717660248025,4.614926019996801e-06,0.002271294593811035,0.002162754535675049,-0.00010854005813598633,0.000868678092956543,0.0008577704429626465,-1.0907649993896484e-05,,,,,extension56,same_receiving_gpu
reach-wall,14,matched_random_fixed_rank4,14,3.108350168801883e-06,2.837522506796304e-07,1.4988461427965034e-06,1.3682530710654238e-07,45.4170749640793,45.41708047842007,5.514340770673698e-06,0.004411578178405762,0.00441741943359375,5.841255187988281e-06,0.00046890974044799805,0.0004151463508605957,-5.3763389587402344e-05,,,,,extension56,same_receiving_gpu
reach-wall,15,fixed_rank4,0,0.0,0.0,0.0,0.0,170.27262398456074,170.27262398456074,0.0,0.039867401123046875,0.03985285758972168,-1.4543533325195312e-05,0.0015633106231689453,0.002104520797729492,0.0005412101745605469,True,10.0,0.0007609057426452636,0.0008144587379220432,extension56,same_receiving_gpu
reach-wall,15,fixed_rank4,1,0.0,0.0,0.0,0.0,166.4472086384814,166.4472086384814,0.0,0.09503257274627686,0.09580445289611816,0.0007718801498413086,0.0047495365142822266,0.005049228668212891,0.00029969215393066406,,,,,extension56,same_receiving_gpu
reach-wall,15,fixed_rank4,2,0.0,0.0,0.0,0.0,162.6821075684418,162.6821075684418,0.0,0.042374253273010254,0.041420817375183105,-0.0009534358978271484,0.006152629852294922,0.0057125091552734375,-0.0004401206970214844,,,,,extension56,same_receiving_gpu
reach-wall,15,fixed_rank4,3,0.0,0.0,0.0,0.0,158.86147150336973,158.86147150336973,0.0,0.035688161849975586,0.03648674488067627,0.0007985830307006836,0.0054895877838134766,0.005309104919433594,-0.0001804828643798828,,,,,extension56,same_receiving_gpu
reach-wall,15,fixed_rank4,4,0.0,0.0,0.0,0.0,152.74669221536016,152.74669221536016,0.0,0.04409921169281006,0.043890416622161865,-0.00020879507064819336,0.0006213188171386719,0.0005184412002563477,-0.00010287761688232422,,,,,extension56,same_receiving_gpu
reach-wall,15,fixed_rank4,5,1.5383211382344815,0.14042886468300805,1.1969202589556769,0.10926337089415816,147.97946108265,149.04472630474692,1.0652652220969117,0.020139753818511963,0.016951680183410645,-0.0031880736351013184,0.0051767826080322266,0.001467287540435791,-0.0037094950675964355,,,,,extension56,same_receiving_gpu
reach-wall,15,fixed_rank4,6,2.9291078330751605,0.26738973892339035,2.3501659294023014,0.21453981556895568,140.00390770545243,142.64660518627826,2.642697480825831,0.002669811248779297,0.005001485347747803,0.002331674098968506,0.0006676316261291504,0.001648247241973877,0.0009806156158447266,,,,,extension56,same_receiving_gpu
reach-wall,15,fixed_rank4,7,5.089893674019482,0.46464159676055283,3.6896448937525856,0.33681695624867386,130.05849035829596,134.71916114782772,4.660670789531764,0.013551652431488037,0.04848432540893555,0.03493267297744751,0.0007669329643249512,0.00547415018081665,0.004707217216491699,,,,,extension56,same_receiving_gpu
reach-wall,15,fixed_rank4,8,6.180128853758652,0.56416599691536,4.862523150465907,0.4438856026502107,117.85380769945368,125.26040866299712,7.40660096354344,0.03788849711418152,0.0016453862190246582,-0.03624311089515686,0.00472027063369751,0.0019109845161437988,-0.002809286117553711,,,,,extension56,same_receiving_gpu
reach-wall,15,fixed_rank4,9,7.822172291357965,0.7140633687781051,5.2929695218827355,0.48317980055375137,100.70574807834569,113.33571781555453,12.629969737208839,0.010556429624557495,0.005003452301025391,-0.0055529773235321045,0.001669168472290039,0.0022687911987304688,0.0005996227264404297,,,,,extension56,same_receiving_gpu
reach-wall,15,fixed_rank4,10,10.041070890944141,0.9166201714131003,6.912971526626399,0.6310650740873673,82.75755296568113,99.64252531795466,16.884972352273536,0.013661623001098633,0.01096409559249878,-0.0026975274085998535,0.00032898783683776855,0.00397801399230957,0.0036490261554718018,,,,,extension56,same_receiving_gpu
reach-wall,15,fixed_rank4,11,12.410237808451129,1.1328945319486934,6.025273354611873,0.5500296885759577,76.34572760489925,86.32401389619125,9.978286291291994,0.0017895698547363281,0.006409764289855957,0.004620194435119629,0.0008002519607543945,0.00014287233352661133,-0.0006573796272277832,,,,,extension56,same_receiving_gpu
reach-wall,15,fixed_rank4,12,13.048334057872324,1.1911444835599319,5.536034309097543,0.5053684783692085,67.32445417794648,72.66095714115626,5.336502963209782,0.0018972158432006836,0.0031426548957824707,0.0012454390525817871,0.00036960840225219727,0.0011327564716339111,0.0007631480693817139,,,,,extension56,same_receiving_gpu
reach-wall,15,fixed_rank4,13,14.177378162684947,1.2942116376639485,5.112385127576935,0.4666947761713024,53.31446165073013,64.7758301050402,11.461368454310069,0.0019004344940185547,0.007449299097061157,0.0055488646030426025,0.0008418560028076172,0.00017568469047546387,-0.0006661713123321533,,,,,extension56,same_receiving_gpu
reach-wall,15,fixed_rank4,14,15.009278188286792,1.370153372599158,4.81487609267997,0.4395360412588591,36.809687407329974,46.77451190612514,9.964824498795167,5.3316354751586914e-05,0.0008411705493927002,0.0007878541946411133,0.0006385147571563721,1.2427568435668945e-05,-0.0006260871887207031,,,,,extension56,same_receiving_gpu
reach-wall,15,matched_random_fixed_rank4,0,0.0,0.0,0.0,0.0,170.27262398456074,170.27262398456074,0.0,0.039867401123046875,0.03932452201843262,-0.0005428791046142578,0.0015633106231689453,0.0020751953125,0.0005118846893310547,True,10.0,0.0005914409955342611,0.0006623817716107944,extension56,same_receiving_gpu
reach-wall,15,matched_random_fixed_rank4,1,0.0,0.0,0.0,0.0,166.4472086384814,166.4472086384814,0.0,0.09503257274627686,0.0955662727355957,0.0005336999893188477,0.0047495365142822266,0.004712581634521484,-3.695487976074219e-05,,,,,extension56,same_receiving_gpu
reach-wall,15,matched_random_fixed_rank4,2,0.0,0.0,0.0,0.0,162.6821075684418,162.6821075684418,0.0,0.042374253273010254,0.04222273826599121,-0.00015151500701904297,0.006152629852294922,0.006193637847900391,4.100799560546875e-05,,,,,extension56,same_receiving_gpu
reach-wall,15,matched_random_fixed_rank4,3,0.0,0.0,0.0,0.0,158.86147150336973,158.86147150336973,0.0,0.035688161849975586,0.035823047161102295,0.00013488531112670898,0.0054895877838134766,0.005758166313171387,0.00026857852935791016,,,,,extension56,same_receiving_gpu
reach-wall,15,matched_random_fixed_rank4,4,0.0,0.0,0.0,0.0,152.74669221536016,152.74669221536016,0.0,0.04409921169281006,0.04408371448516846,-1.5497207641601562e-05,0.0006213188171386719,0.0005461573600769043,-7.516145706176758e-05,,,,,extension56,same_receiving_gpu
reach-wall,15,matched_random_fixed_rank4,5,0.0,0.0,0.0,0.0,147.97946108265,147.97946108265,0.0,0.020139753818511963,0.02030724287033081,0.00016748905181884766,0.0051767826080322266,0.005063533782958984,-0.00011324882507324219,,,,,extension56,same_receiving_gpu
reach-wall,15,matched_random_fixed_rank4,6,0.0,0.0,0.0,0.0,140.00390770545243,140.00390770545243,0.0,0.002669811248779297,0.0029889941215515137,0.0003191828727722168,0.0006676316261291504,0.0007234811782836914,5.5849552154541016e-05,,,,,extension56,same_receiving_gpu
reach-wall,15,matched_random_fixed_rank4,7,1.3582400254212064e-06,1.2398978340493084e-07,4.52465607246428e-07,4.130426993069026e-08,130.05849035829598,130.0584900227135,-3.355824844675226e-07,0.013551652431488037,0.01324993371963501,-0.00030171871185302734,0.0007669329643249512,0.0007398724555969238,-2.7060508728027344e-05,,,,,extension56,same_receiving_gpu
reach-wall,15,matched_random_fixed_rank4,8,1.6989300919319132e-06,1.550903891625724e-07,9.590144699635558e-07,8.754564302881667e-08,117.8538076994537,117.8538064831083,-1.2163453959601611e-06,0.03788849711418152,0.037936776876449585,4.8279762268066406e-05,0.00472027063369751,0.004628479480743408,-9.179115295410156e-05,,,,,extension56,same_receiving_gpu
reach-wall,15,matched_random_fixed_rank4,9,1.892478007477872e-06,1.7275881571301016e-07,9.2926393912249e-07,8.482980355558253e-08,100.70574807834569,100.70574608341846,-1.994927231407928e-06,0.010556429624557495,0.010504305362701416,-5.21242618560791e-05,0.001669168472290039,0.0017992258071899414,0.00013005733489990234,,,,,extension56,same_receiving_gpu
reach-wall,15,matched_random_fixed_rank4,10,2.0847950704425608e-06,1.9031488130949373e-07,9.094897825137855e-07,8.302467828387798e-08,82.75755296568111,82.75755029376015,-2.6719209671455246e-06,0.013661623001098633,0.01388445496559143,0.00022283196449279785,0.00032898783683776855,0.00031822919845581055,-1.0758638381958008e-05,,,,,extension56,same_receiving_gpu
reach-wall,15,matched_random_fixed_rank4,11,2.7300437757320264e-06,2.492177598241676e-07,9.338226141467282e-07,8.524595174610098e-08,76.34572760489925,76.34572489126141,-2.713637840656702e-06,0.0017895698547363281,0.0018596053123474121,7.003545761108398e-05,0.0008002519607543945,0.0008392632007598877,3.9011240005493164e-05,,,,,extension56,same_receiving_gpu
reach-wall,15,matched_random_fixed_rank4,12,2.545235078531758e-06,2.3234711111087949e-07,1.076060919991432e-06,9.823047318817817e-08,67.32445417794648,67.32444971156755,-4.466378925371828e-06,0.0018972158432006836,0.0021050572395324707,0.0002078413963317871,0.00036960840225219727,0.0002799034118652344,-8.970499038696289e-05,,,,,extension56,same_receiving_gpu
reach-wall,15,matched_random_fixed_rank4,13,2.79571371856481e-06,2.5521257799743264e-07,9.658780500624906e-07,8.817219930305503e-08,53.314461650730124,53.31445969204587,-1.958684251235354e-06,0.0019004344940185547,0.0020369887351989746,0.00013655424118041992,0.0008418560028076172,0.001052170991897583,0.00021031498908996582,,,,,extension56,same_receiving_gpu
reach-wall,15,matched_random_fixed_rank4,14,3.1424768233183996e-06,2.86867573761444e-07,1.1052880442318675e-06,1.0089853239442695e-07,36.809687407329974,36.809684293143,-3.1141869740736183e-06,5.3316354751586914e-05,0.00021600723266601562,0.0001626908779144287,0.0006385147571563721,0.0005463659763336182,-9.21487808227539e-05,,,,,extension56,same_receiving_gpu
reach-wall,16,fixed_rank4,0,0.0,0.0,0.0,0.0,170.27262398456074,170.27262398456074,0.0,0.019830703735351562,0.019572019577026367,-0.0002586841583251953,0.004866600036621094,0.004633665084838867,-0.00023293495178222656,True,10.0,0.000644385814666748,0.0007258088911185325,extension56,same_receiving_gpu
reach-wall,16,fixed_rank4,1,2.4087655124862355e-07,2.1988920115486716e-08,4.626564591008432e-07,4.2234563170833016e-08,161.9572723949703,161.95727212071017,-2.7426011683928664e-07,0.06881070137023926,0.06924223899841309,0.0004315376281738281,0.023988723754882812,0.0228499174118042,-0.0011388063430786133,,,,,extension56,same_receiving_gpu
reach-wall,16,fixed_rank4,2,5.511018707823292e-07,5.030848768512982e-08,6.703866648198362e-07,6.119764976207987e-08,155.33622716470174,155.33622659892612,-5.657756219079602e-07,0.06162703037261963,0.062674880027771,0.0010478496551513672,0.0026733875274658203,0.0024243593215942383,-0.00024902820587158203,,,,,extension56,same_receiving_gpu
reach-wall,16,fixed_rank4,3,6.986980332844005e-07,6.378211228572692e-08,7.991246985073044e-07,7.294977060532758e-08,148.79884102199927,148.79883971477778,-1.3072214812837046e-06,0.0001938343048095703,0.0006580352783203125,0.0004642009735107422,0.00555109977722168,0.006000161170959473,0.00044906139373779297,,,,,extension56,same_receiving_gpu
reach-wall,16,fixed_rank4,4,1.2174178019526248e-06,1.1113453200630159e-07,8.714313219316867e-07,7.955043205642187e-08,137.18336141441046,137.183360394768,-1.0196424682362704e-06,0.020182490348815918,0.02137923240661621,0.001196742057800293,0.004494071006774902,0.0044443607330322266,-4.971027374267578e-05,,,,,extension56,same_receiving_gpu
reach-wall,16,fixed_rank4,5,1.3235036349212866e-06,1.208187992977451e-07,1.0977413497396119e-06,1.0020961659309221e-07,127.9302244437292,127.93022260085279,-1.8428764150257848e-06,0.0035987496376037598,0.005447089672088623,0.0018483400344848633,0.001514434814453125,0.0020864009857177734,0.0005719661712646484,,,,,extension56,same_receiving_gpu
reach-wall,16,fixed_rank4,6,1.6443728452703106e-06,1.501100167172502e-07,1.0411636572816027e-06,9.504480352461862e-08,116.97958913525657,116.97958716026662,-1.9749899564658335e-06,0.001017153263092041,0.00041997432708740234,-0.0005971789360046387,0.0033867359161376953,0.002090156078338623,-0.0012965798377990723,,,,,extension56,same_receiving_gpu
reach-wall,16,fixed_rank4,7,1.911507764890783e-06,1.7449598694616056e-07,1.2227353908804092e-06,1.1161995924084945e-07,107.76332936915429,107.76332785182612,-1.5173281724401022e-06,0.025744915008544922,0.025660812854766846,-8.410215377807617e-05,0.004330933094024658,0.004634678363800049,0.0003037452697753906,,,,,extension56,same_receiving_gpu
reach-wall,16,fixed_rank4,8,2.612973326982083e-06,2.385307388912348e-07,1.336252854255002e-06,1.2198263846768794e-07,96.89303983228311,96.89303871505601,-1.1172271001669287e-06,0.0023572444915771484,0.0023160576820373535,-4.118680953979492e-05,0.0008169412612915039,0.0011237263679504395,0.00030678510665893555,,,,,extension56,same_receiving_gpu
reach-wall,16,fixed_rank4,9,2.5837803054770097e-06,2.3586579282455784e-07,1.6636831163240632e-06,1.5187279522519678e-07,79.123228836973,79.12322799536167,-8.416113246312307e-07,0.00018906593322753906,0.0005280971527099609,0.0003390312194824219,0.0002357959747314453,0.00036346912384033203,0.00012767314910888672,,,,,extension56,same_receiving_gpu
reach-wall,16,fixed_rank4,10,1.180628583796116,0.10777615123008517,1.1927152297374732,0.10887950600119509,62.164926518440225,62.94338891049125,0.7784623920510256,0.007899224758148193,0.0026516318321228027,-0.005247592926025391,0.00011646747589111328,0.00040471553802490234,0.00028824806213378906,,,,,extension56,same_receiving_gpu
reach-wall,16,fixed_rank4,11,1.8520044649365606,0.16906410367433997,1.3512654348729873,0.12335309330949387,43.70347161362791,43.288799908861606,-0.414671704766306,0.003720998764038086,0.00016701221466064453,-0.0035539865493774414,0.0002384781837463379,0.001022040843963623,0.0007835626602172852,,,,,extension56,same_receiving_gpu
reach-wall,16,fixed_rank4,12,2.6916665005709506,0.24571440994061694,1.9866554149860243,0.18135599746293873,21.487632151107647,28.16139210636968,6.673759955262032,0.0006893277168273926,0.0004188418388366699,-0.00027048587799072266,0.0009278655052185059,0.0009187459945678711,-9.119510650634766e-06,,,,,extension56,same_receiving_gpu
reach-wall,16,fixed_rank4,13,3.316360967968942,0.3027409518310429,2.5210473891042358,0.23013908725864896,6.057397569935913,13.435240567922955,7.377842997987043,1.6689300537109375e-05,0.00466996431350708,0.004653275012969971,0.0006649494171142578,4.279613494873047e-05,-0.0006221532821655273,,,,,extension56,same_receiving_gpu
reach-wall,16,fixed_rank4,14,3.8870968765577625,0.35484177374976006,2.4990971179364614,0.22813531081499142,-11.506547445770302,-2.1050133575411327,9.40153408822917,0.0029951930046081543,0.0036978721618652344,0.0007026791572570801,0.00025528669357299805,7.414817810058594e-05,-0.0001811385154724121,,,,,extension56,same_receiving_gpu
reach-wall,16,matched_random_fixed_rank4,0,0.0,0.0,0.0,0.0,170.27262398456074,170.27262398456074,0.0,0.019830703735351562,0.01940298080444336,-0.0004277229309082031,0.004866600036621094,0.004697561264038086,-0.0001690387725830078,True,10.0,0.0007197197278340658,0.0008164540616142442,extension56,same_receiving_gpu
reach-wall,16,matched_random_fixed_rank4,1,2.4087655124862355e-07,2.1988920115486716e-08,4.626564591008432e-07,4.2234563170833016e-08,161.9572723949703,161.95727212071017,-2.7426011683928664e-07,0.06881070137023926,0.0690239667892456,0.00021326541900634766,0.023988723754882812,0.02349853515625,-0.0004901885986328125,,,,,extension56,same_receiving_gpu
reach-wall,16,matched_random_fixed_rank4,2,5.511018707823292e-07,5.030848768512982e-08,6.703866648198362e-07,6.119764976207987e-08,155.33622716470174,155.33622659892612,-5.657756219079602e-07,0.06162703037261963,0.06196153163909912,0.0003345012664794922,0.0026733875274658203,0.0030412673950195312,0.00036787986755371094,,,,,extension56,same_receiving_gpu
reach-wall,16,matched_random_fixed_rank4,3,6.986980332844005e-07,6.378211228572692e-08,7.991246985073044e-07,7.294977060532758e-08,148.79884102199927,148.79883971477778,-1.3072214812837046e-06,0.0001938343048095703,3.933906555175781e-05,-0.0001544952392578125,0.00555109977722168,0.005359172821044922,-0.0001919269561767578,,,,,extension56,same_receiving_gpu
reach-wall,16,matched_random_fixed_rank4,4,1.2122085472518472e-06,1.1065899428840063e-07,1.0845138414459682e-06,9.9002115814423e-08,137.18336141441046,137.18336012740417,-1.287006284655945e-06,0.020182490348815918,0.020313620567321777,0.00013113021850585938,0.004494071006774902,0.004047513008117676,-0.00044655799865722656,,,,,extension56,same_receiving_gpu
reach-wall,16,matched_random_fixed_rank4,5,1.3396862848021644e-06,1.2229606636107262e-07,1.4671402114805707e-06,1.3393096480846808e-07,127.9302244437292,127.9302225674523,-1.8762768974056598e-06,0.0035987496376037598,0.0037256479263305664,0.00012689828872680664,0.001514434814453125,0.001559913158416748,4.547834396362305e-05,,,,,extension56,same_receiving_gpu
reach-wall,16,matched_random_fixed_rank4,6,1.6890046827856706e-06,1.5418432741559488e-07,1.3410217206622078e-06,1.224179744185138e-07,116.97958913525657,116.97958637998582,-2.7552707564382217e-06,0.001017153263092041,0.0009214878082275391,-9.566545486450195e-05,0.0033867359161376953,0.0031602978706359863,-0.00022643804550170898,,,,,extension56,same_receiving_gpu
reach-wall,16,matched_random_fixed_rank4,7,1.5791301359579553e-06,1.44154199450062e-07,1.5315610358154294e-06,1.3981175458534804e-07,107.76332936915429,107.7633277503451,-1.6188091933599935e-06,0.025744915008544922,0.02577340602874756,2.849102020263672e-05,0.004330933094024658,0.004478156566619873,0.00014722347259521484,,,,,extension56,same_receiving_gpu
reach-wall,16,matched_random_fixed_rank4,8,1.9072949718702527e-06,1.741114133182531e-07,1.5868862166062128e-06,1.448622295048753e-07,96.89303983228311,96.89303842528298,-1.407000127073843e-06,0.0023572444915771484,0.0024306774139404297,7.343292236328125e-05,0.0008169412612915039,0.0009354352951049805,0.00011849403381347656,,,,,extension56,same_receiving_gpu
reach-wall,16,matched_random_fixed_rank4,9,2.322987445057336e-06,2.1205877074319927e-07,1.751013254077782e-06,1.59844909624821e-07,79.123228836973,79.12322722857316,-1.608399841757091e-06,0.00018906593322753906,0.0002491474151611328,6.008148193359375e-05,0.0002357959747314453,3.319978713989258e-05,-0.00020259618759155273,,,,,extension56,same_receiving_gpu
reach-wall,16,matched_random_fixed_rank4,10,2.0818207466612547e-06,1.900433639381028e-07,1.607966656584055e-06,1.4678660158787494e-07,62.164926518440225,62.16492560345081,-9.149894140136894e-07,0.007899224758148193,0.008025646209716797,0.00012642145156860352,0.00011646747589111328,0.00020360946655273438,8.71419906616211e-05,,,,,extension56,same_receiving_gpu
reach-wall,16,matched_random_fixed_rank4,11,2.566973716731787e-06,2.3433156819614605e-07,1.461787251746086e-06,1.334423086758024e-07,43.70347161362791,43.703470690607176,-9.230207353994047e-07,0.003720998764038086,0.003636777400970459,-8.422136306762695e-05,0.0002384781837463379,0.0003387928009033203,0.00010031461715698242,,,,,extension56,same_receiving_gpu
reach-wall,16,matched_random_fixed_rank4,12,2.5435458320312997e-06,2.3219290470863154e-07,1.0781518042642143e-06,9.842134393506746e-08,21.487632151107647,21.487630376062402,-1.7750452450115972e-06,0.0006893277168273926,0.0006573200225830078,-3.2007694244384766e-05,0.0009278655052185059,0.0008146762847900391,-0.0001131892204284668,,,,,extension56,same_receiving_gpu
reach-wall,16,matched_random_fixed_rank4,13,2.435645536450042e-06,2.2234300040007658e-07,9.138471962078489e-07,8.342245391264806e-08,6.057397569935913,6.0573952848448815,-2.2850910310623362e-06,1.6689300537109375e-05,1.806020736694336e-05,1.3709068298339844e-06,0.0006649494171142578,0.00045365095138549805,-0.00021129846572875977,,,,,extension56,same_receiving_gpu
reach-wall,16,matched_random_fixed_rank4,14,3.3830139652338846e-06,3.088255101855994e-07,1.0923361744115587e-06,9.971619385068468e-08,-11.506547445770302,-11.506554733718797,-7.287948495360297e-06,0.0029951930046081543,0.002954244613647461,-4.094839096069336e-05,0.00025528669357299805,0.00043761730194091797,0.00018233060836791992,,,,,extension56,same_receiving_gpu
reach-wall,17,fixed_rank4,0,0.0,0.0,0.0,0.0,170.27262398456074,170.27262398456074,0.0,0.0067272186279296875,0.006485700607299805,-0.0002415180206298828,0.013344764709472656,0.012613296508789062,-0.0007314682006835938,True,10.0,0.000281218687693278,0.0004980078748195664,extension56,same_receiving_gpu
reach-wall,17,fixed_rank4,1,1.7854209194066762e-07,1.6298588536677495e-08,5.16191365590357e-07,4.712160915387242e-08,161.5490533232688,161.5490536987757,3.75506914451762e-07,0.08861637115478516,0.08966207504272461,0.0010457038879394531,0.012151718139648438,0.01195979118347168,-0.0001919269561767578,,,,,extension56,same_receiving_gpu
reach-wall,17,fixed_rank4,2,2.985010758333814e-07,2.7249295445583865e-08,5.196212462831347e-07,4.743471299137005e-08,156.39661339752325,156.39661366753592,2.7001266289516934e-07,0.05157792568206787,0.05199158191680908,0.00041365623474121094,0.001796722412109375,0.001943826675415039,0.00014710426330566406,,,,,extension56,same_receiving_gpu
reach-wall,17,fixed_rank4,3,6.706744786717833e-07,6.122392345192551e-08,7.873681076540295e-07,7.187654560371133e-08,146.44002933880782,146.44002898217383,-3.5663398989527195e-07,0.015399694442749023,0.016263246536254883,0.0008635520935058594,0.014424443244934082,0.01499950885772705,0.0005750656127929688,,,,,extension56,same_receiving_gpu
reach-wall,17,fixed_rank4,4,9.93723832913962e-07,9.071415986957862e-08,9.555351461101412e-07,8.722802566891984e-08,139.15925396103455,139.15925436692658,4.0589202399132773e-07,0.005547523498535156,0.006334900856018066,0.0007873773574829102,0.018845438957214355,0.019187211990356445,0.00034177303314208984,,,,,extension56,same_receiving_gpu
reach-wall,17,fixed_rank4,5,1.3193445751783176e-06,1.2043913082453917e-07,1.031091445207965e-06,9.41253405651674e-08,134.39093307131745,134.39093242762326,-6.436941930587636e-07,0.0070781707763671875,0.006775856018066406,-0.00030231475830078125,0.001165151596069336,0.001061081886291504,-0.00010406970977783203,,,,,extension56,same_receiving_gpu
reach-wall,17,fixed_rank4,6,1.613356092508309e-06,1.472785875258654e-07,1.090944124324508e-06,9.958911764504225e-08,127.91035767532432,127.91035661203435,-1.063289971625636e-06,0.03757661581039429,0.03785908222198486,0.00028246641159057617,0.004006505012512207,0.003941655158996582,-6.4849853515625e-05,,,,,extension56,same_receiving_gpu
reach-wall,17,fixed_rank4,7,2.432042984087822e-06,2.2201413386784632e-07,1.2615925364802316e-06,1.1516711510173033e-07,124.05909145588714,124.05909040789226,-1.047994885539083e-06,0.0009201765060424805,0.00011038780212402344,-0.000809788703918457,0.008751749992370605,0.007373929023742676,-0.0013778209686279297,,,,,extension56,same_receiving_gpu
reach-wall,17,fixed_rank4,8,2.956482479997143e-06,2.6988869086054185e-07,1.5465294895183779e-06,1.4117818120936083e-07,114.99012610738089,114.99012469704738,-1.410333510420969e-06,0.018685877323150635,0.019169270992279053,0.00048339366912841797,0.0067528486251831055,0.0071866512298583984,0.00043380260467529297,,,,,extension56,same_receiving_gpu
reach-wall,17,fixed_rank4,9,3.668904591039571e-06,3.349236343077732e-07,1.614319208119209e-06,1.4736650755012795e-07,104.694190640632,104.69418989080026,-7.49831741586604e-07,0.0061037540435791016,0.00656580924987793,0.0004620552062988281,0.0029970407485961914,0.0027724504470825195,-0.00022459030151367188,,,,,extension56,same_receiving_gpu
reach-wall,17,fixed_rank4,10,3.272050476518036e-06,2.986959758807427e-07,1.562935766412523e-06,1.4267586253262734e-07,94.57203231315918,94.572030229436,-2.083723188661679e-06,0.004211604595184326,0.004698216915130615,0.00048661231994628906,0.00026226043701171875,8.994340896606445e-05,-0.0001723170280456543,,,,,extension56,same_receiving_gpu
reach-wall,17,fixed_rank4,11,1.012251056442863,0.0924054562453652,0.7814660597392642,0.07133776480731245,88.6927306330281,92.22804309947716,3.5353124664490565,0.002502620220184326,0.005906581878662109,0.003403961658477783,0.002132415771484375,0.0019154548645019531,-0.00021696090698242188,,,,,extension56,same_receiving_gpu
reach-wall,17,fixed_rank4,12,1.6838424938022083,0.15371308619020374,1.1183547023152063,0.10209134962500226,80.0803937497496,85.61472043027288,5.534326680523279,0.0006133913993835449,0.0002002120018005371,-0.0004131793975830078,0.0012955665588378906,0.00043076276779174805,-0.0008648037910461426,,,,,extension56,same_receiving_gpu
reach-wall,17,fixed_rank4,13,2.3962711341486864,0.21874862567862058,1.8105959991663707,0.16528404521200435,65.99592034234719,68.00921584121721,2.013295498870022,0.0013518333435058594,0.0016228556632995605,0.00027102231979370117,0.00015538930892944336,0.0006132125854492188,0.0004578232765197754,,,,,extension56,same_receiving_gpu
reach-wall,17,fixed_rank4,14,3.2739016730715216,0.2988649662325294,2.388269276291023,0.21801815933685523,53.39572659441119,56.60594779235593,3.2102211979447404,0.0008508563041687012,0.001721799373626709,0.0008709430694580078,0.0006979107856750488,0.0010396838188171387,0.00034177303314208984,,,,,extension56,same_receiving_gpu
reach-wall,17,matched_random_fixed_rank4,0,0.0,0.0,0.0,0.0,170.27262398456074,170.27262398456074,0.0,0.0067272186279296875,0.006814718246459961,8.749961853027344e-05,0.013344764709472656,0.012774467468261719,-0.0005702972412109375,True,10.0,0.00040517012278238934,0.0005638912537006975,extension56,same_receiving_gpu
reach-wall,17,matched_random_fixed_rank4,1,1.7854209194066762e-07,1.6298588536677495e-08,5.16191365590357e-07,4.712160915387242e-08,161.5490533232688,161.5490536987757,3.75506914451762e-07,0.08861637115478516,0.0887613296508789,0.00014495849609375,0.012151718139648438,0.012382745742797852,0.00023102760314941406,,,,,extension56,same_receiving_gpu
reach-wall,17,matched_random_fixed_rank4,2,2.985010758333814e-07,2.7249295445583865e-08,5.196212462831347e-07,4.743471299137005e-08,156.39661339752325,156.39661366753592,2.7001266289516934e-07,0.05157792568206787,0.0515674352645874,-1.049041748046875e-05,0.001796722412109375,0.001659989356994629,-0.0001367330551147461,,,,,extension56,same_receiving_gpu
reach-wall,17,matched_random_fixed_rank4,3,5.227765060705101e-07,4.772274748475913e-08,6.867479456545659e-07,6.269122352588961e-08,146.44002933880782,146.44002870066856,-6.381392552157195e-07,0.015399694442749023,0.015488743782043457,8.90493392944336e-05,0.014424443244934082,0.014726996421813965,0.0003025531768798828,,,,,extension56,same_receiving_gpu
reach-wall,17,matched_random_fixed_rank4,4,6.499691257282567e-07,5.933379197387961e-08,7.04621697517448e-07,6.432286637298137e-08,139.15925396103455,139.15925373484882,-2.2618573325416946e-07,0.005547523498535156,0.005715012550354004,0.00016748905181884766,0.018845438957214355,0.018889427185058594,4.398822784423828e-05,,,,,extension56,same_receiving_gpu
reach-wall,17,matched_random_fixed_rank4,5,1.0010465728029692e-06,9.138263150623728e-08,7.342508432123017e-07,6.702762494909443e-08,134.39093307131745,134.39093258791158,-4.834058699998423e-07,0.0070781707763671875,0.007100701332092285,2.2530555725097656e-05,0.001165151596069336,0.0012913942337036133,0.00012624263763427734,,,,,extension56,same_receiving_gpu
reach-wall,17,matched_random_fixed_rank4,6,1.297791909170185e-06,1.1847165060003433e-07,7.263456348749364e-07,6.630598146106896e-08,127.91035767532432,127.9103570597386,-6.155857192879921e-07,0.03757661581039429,0.03761100769042969,3.439188003540039e-05,0.004006505012512207,0.004018187522888184,1.1682510375976562e-05,,,,,extension56,same_receiving_gpu
reach-wall,17,matched_random_fixed_rank4,7,1.3160349229466686e-06,1.2013700229374393e-07,9.416071938264119e-07,8.595658339464417e-08,124.05909145588714,124.05909131330552,-1.425816265054891e-07,0.0009201765060424805,0.0009726881980895996,5.251169204711914e-05,0.008751749992370605,0.008724629878997803,-2.7120113372802734e-05,,,,,extension56,same_receiving_gpu
reach-wall,17,matched_random_fixed_rank4,8,1.3641584281946416e-06,1.2453005718883277e-07,1.0428683881117517e-06,9.520042344630982e-08,114.99012610738089,114.99012556053876,-5.468421306886739e-07,0.018685877323150635,0.01870805025100708,2.2172927856445312e-05,0.0067528486251831055,0.006654560565948486,-9.828805923461914e-05,,,,,extension56,same_receiving_gpu
reach-wall,17,matched_random_fixed_rank4,9,1.66828132797846e-06,1.5229255259974614e-07,1.1814281131574391e-06,1.0784913794118256e-07,104.694190640632,104.69419004879266,-5.918393384263254e-07,0.0061037540435791016,0.006127834320068359,2.4080276489257812e-05,0.0029970407485961914,0.002901136875152588,-9.590387344360352e-05,,,,,extension56,same_receiving_gpu
reach-wall,17,matched_random_fixed_rank4,10,1.8094085899991596e-06,1.6517565008102603e-07,1.288756627466658e-06,1.1764684599962842e-07,94.57203231315918,94.57203180988643,-5.032727585785324e-07,0.004211604595184326,0.0042136311531066895,2.0265579223632812e-06,0.00026226043701171875,0.00014954805374145508,-0.00011271238327026367,,,,,extension56,same_receiving_gpu
reach-wall,17,matched_random_fixed_rank4,11,1.8384411417432357e-06,1.6782594732972044e-07,1.399916312880283e-06,1.2779429053066514e-07,88.6927306330281,88.69272973159224,-9.014358681724843e-07,0.002502620220184326,0.002508699893951416,6.079673767089844e-06,0.002132415771484375,0.002148151397705078,1.5735626220703125e-05,,,,,extension56,same_receiving_gpu
reach-wall,17,matched_random_fixed_rank4,12,2.027813331698046e-06,1.8511318403012092e-07,1.3831015084151907e-06,1.2625931591307023e-07,80.0803937497496,80.0803929166351,-8.331144982776095e-07,0.0006133913993835449,0.0006291866302490234,1.5795230865478516e-05,0.0012955665588378906,0.001142740249633789,-0.00015282630920410156,,,,,extension56,same_receiving_gpu
reach-wall,17,matched_random_fixed_rank4,13,2.141980081410144e-06,1.9553513471918134e-07,1.0118810129953772e-06,9.237167605479103e-08,65.99592034234719,65.99591871975258,-1.6225946097847554e-06,0.0013518333435058594,0.0013802051544189453,2.8371810913085938e-05,0.00015538930892944336,0.00030153989791870117,0.0001461505889892578,,,,,extension56,same_receiving_gpu
reach-wall,17,matched_random_fixed_rank4,14,2.4339149312543193e-06,2.2218501848277107e-07,8.472066958069699e-07,7.733903636048248e-08,53.39572659441119,53.39572401661302,-2.5777981633723357e-06,0.0008508563041687012,0.0008766055107116699,2.574920654296875e-05,0.0006979107856750488,0.000771641731262207,7.37309455871582e-05,,,,,extension56,same_receiving_gpu
reach-wall,18,fixed_rank4,0,0.0,0.0,0.0,0.0,170.27262398456074,170.27262398456074,0.0,0.014366626739501953,0.01398611068725586,-0.00038051605224609375,0.0002613067626953125,0.0006508827209472656,0.0003895759582519531,True,10.0,-7.710456848144531e-05,0.0004219070835893562,extension56,same_receiving_gpu
reach-wall,18,fixed_rank4,1,0.0,0.0,0.0,0.0,160.1144772310624,160.1144772310624,0.0,0.028058528900146484,0.028206348419189453,0.00014781951904296875,0.005918741226196289,0.005896329879760742,-2.2411346435546875e-05,,,,,extension56,same_receiving_gpu
reach-wall,18,fixed_rank4,2,3.5675854780568095e-07,3.256745070265944e-08,4.097141946812725e-07,3.740161775949935e-08,152.18956898019377,152.18956943153398,4.5134021320336615e-07,0.045410990715026855,0.045316219329833984,-9.47713851928711e-05,0.006644010543823242,0.006261944770812988,-0.0003820657730102539,,,,,extension56,same_receiving_gpu
reach-wall,18,fixed_rank4,3,5.092630001127596e-07,4.6489138810752406e-08,5.840038639982171e-07,5.331201499700045e-08,145.5058620439096,145.5058627601734,7.162637984947651e-07,0.04619157314300537,0.04552197456359863,-0.0006695985794067383,0.0005072355270385742,0.0012195110321044922,0.000712275505065918,,,,,extension56,same_receiving_gpu
reach-wall,18,fixed_rank4,4,8.056279415436549e-07,7.354343275665218e-08,6.034510353599962e-07,5.508729073608625e-08,138.09611945389202,138.09612007722697,6.233349552076106e-07,0.0017868280410766602,0.0020771026611328125,0.00029027462005615234,0.0010851621627807617,0.0011065006256103516,2.1338462829589844e-05,,,,,extension56,same_receiving_gpu
reach-wall,18,fixed_rank4,5,7.572150824354083e-07,6.91239635888345e-08,5.446573162823041e-07,4.972018303967396e-08,127.57316000069584,127.57316036981334,3.6911750100898644e-07,0.013260483741760254,0.012910246849060059,-0.0003502368927001953,0.0016928911209106445,0.0015146732330322266,-0.00017821788787841797,,,,,extension56,same_receiving_gpu
reach-wall,18,fixed_rank4,6,1.0044356064474454e-06,9.169200653544122e-08,7.717017755641968e-07,7.044641169054993e-08,121.50594134494423,121.5059424953729,1.150428673213355e-06,0.015475630760192871,0.01527261734008789,-0.00020301342010498047,0.000777125358581543,0.0013761520385742188,0.0005990266799926758,,,,,extension56,same_receiving_gpu
reach-wall,18,fixed_rank4,7,1.3863915095087477e-06,1.2655965054859652e-07,7.646198040644824e-07,6.979991910021621e-08,118.53647151831684,118.53647218873337,6.704165258497596e-07,0.027760744094848633,0.028113126754760742,0.0003523826599121094,0.0017086267471313477,0.0018548965454101562,0.0001462697982788086,,,,,extension56,same_receiving_gpu
reach-wall,18,fixed_rank4,8,1.5832859032229746e-06,1.4453356736252743e-07,1.0055799972297542e-06,9.17964746431198e-08,110.81258001482112,110.81257980373326,-2.1108786540935398e-07,0.002173900604248047,0.002044200897216797,-0.00012969970703125,0.000491023063659668,6.747245788574219e-05,-0.0004235506057739258,,,,,extension56,same_receiving_gpu
reach-wall,18,fixed_rank4,9,1.939841446476186e-06,1.7708248636974292e-07,1.0759835361561594e-06,9.822340904281734e-08,102.77056171685827,102.77056098552534,-7.313329319913464e-07,0.026013970375061035,0.02593374252319336,-8.022785186767578e-05,0.0019701719284057617,0.0011838674545288086,-0.0007863044738769531,,,,,extension56,same_receiving_gpu
reach-wall,18,fixed_rank4,10,2.036095232608926e-06,1.8586921468810618e-07,1.3374570412824675e-06,1.220925652007543e-07,97.30673812374846,97.3067369001731,-1.2235753530376314e-06,0.0019127130508422852,0.001851201057434082,-6.151199340820312e-05,0.0006022453308105469,0.00013065338134765625,-0.0004715919494628906,,,,,extension56,same_receiving_gpu
reach-wall,18,fixed_rank4,11,2.152072670210548e-06,1.9645645781078223e-07,1.1460339602871984e-06,1.0461810861937973e-07,84.93316835983833,84.93316695891997,-1.4009183644247969e-06,0.0024871826171875,0.0022649765014648438,-0.00022220611572265625,0.0014306306838989258,0.001459360122680664,2.872943878173828e-05,,,,,extension56,same_receiving_gpu
reach-wall,18,fixed_rank4,12,2.3134502663360825e-06,2.1118814942310117e-07,1.2599634530062813e-06,1.1501840080727342e-07,75.10089165154184,75.10089074174378,-9.097980608885337e-07,0.010344624519348145,0.010421276092529297,7.665157318115234e-05,0.00010585784912109375,0.00023162364959716797,0.00012576580047607422,,,,,extension56,same_receiving_gpu
reach-wall,18,fixed_rank4,13,1.173413269643437,0.10711748617660038,0.7632374791951501,0.06967373068142726,72.57589972606544,71.18242881282434,-1.393470913241103,0.03651309013366699,0.02368903160095215,-0.012824058532714844,0.001495957374572754,0.003158092498779297,0.001662135124206543,,,,,extension56,same_receiving_gpu
reach-wall,18,fixed_rank4,14,2.2977485864169775,0.2097547887093645,2.43666529106821,0.22243609083465835,60.24716702264094,59.53497080860042,-0.7121962140405174,0.004213392734527588,0.0006274580955505371,-0.0035859346389770508,0.0020636320114135742,0.0011026859283447266,-0.0009609460830688477,,,,,extension56,same_receiving_gpu
reach-wall,18,matched_random_fixed_rank4,0,0.0,0.0,0.0,0.0,170.27262398456074,170.27262398456074,0.0,0.014366626739501953,0.01390528678894043,-0.00046133995056152344,0.0002613067626953125,0.0007288455963134766,0.00046753883361816406,True,10.0,0.00011761267979939779,0.00046323429847094444,extension56,same_receiving_gpu
reach-wall,18,matched_random_fixed_rank4,1,0.0,0.0,0.0,0.0,160.1144772310624,160.1144772310624,0.0,0.028058528900146484,0.028207778930664062,0.00014925003051757812,0.005918741226196289,0.005597591400146484,-0.0003211498260498047,,,,,extension56,same_receiving_gpu
reach-wall,18,matched_random_fixed_rank4,2,3.5675854780568095e-07,3.256745070265944e-08,4.097141946812725e-07,3.740161775949935e-08,152.18956898019377,152.18956943153398,4.5134021320336615e-07,0.045410990715026855,0.04508984088897705,-0.0003211498260498047,0.006644010543823242,0.006282210350036621,-0.0003618001937866211,,,,,extension56,same_receiving_gpu
reach-wall,18,matched_random_fixed_rank4,3,5.092630001127596e-07,4.6489138810752406e-08,5.840038639982171e-07,5.331201499700045e-08,145.5058620439096,145.5058627601734,7.162637984947651e-07,0.04619157314300537,0.045995473861694336,-0.00019609928131103516,0.0005072355270385742,0.0009146928787231445,0.0004074573516845703,,,,,extension56,same_receiving_gpu
reach-wall,18,matched_random_fixed_rank4,4,8.056279415436549e-07,7.354343275665218e-08,6.034510353599962e-07,5.508729073608625e-08,138.09611945389202,138.09612007722697,6.233349552076106e-07,0.0017868280410766602,0.002284526824951172,0.0004976987838745117,0.0010851621627807617,0.0008085966110229492,-0.0002765655517578125,,,,,extension56,same_receiving_gpu
reach-wall,18,matched_random_fixed_rank4,5,7.572150824354083e-07,6.91239635888345e-08,5.446573162823041e-07,4.972018303967396e-08,127.57316000069584,127.57316036981334,3.6911750100898644e-07,0.013260483741760254,0.013657569885253906,0.00039708614349365234,0.0016928911209106445,0.0015908479690551758,-0.00010204315185546875,,,,,extension56,same_receiving_gpu
reach-wall,18,matched_random_fixed_rank4,6,8.224712085563286e-07,7.508100563747287e-08,7.08393116236014e-07,6.466714822397399e-08,121.50594134494423,121.50594194572133,6.007770991800498e-07,0.015475630760192871,0.015119552612304688,-0.0003560781478881836,0.000777125358581543,0.001791834831237793,0.00101470947265625,,,,,extension56,same_receiving_gpu
reach-wall,18,matched_random_fixed_rank4,7,1.035464860674127e-06,9.452457694919389e-08,5.93245900791716e-07,5.4155693668515794e-08,118.53647151831684,118.53647192966574,4.113488927259823e-07,0.027760744094848633,0.02763354778289795,-0.0001271963119506836,0.0017086267471313477,0.0017371177673339844,2.849102020263672e-05,,,,,extension56,same_receiving_gpu
reach-wall,18,matched_random_fixed_rank4,8,1.4440486127558865e-06,1.3182299989007357e-07,5.973488763817383e-07,5.453024238244051e-08,110.81258001482112,110.81257979972945,-2.1509167424937914e-07,0.002173900604248047,0.0019315481185913086,-0.00024235248565673828,0.000491023063659668,0.0003038644790649414,-0.00018715858459472656,,,,,extension56,same_receiving_gpu
reach-wall,18,matched_random_fixed_rank4,9,1.7587316048098178e-06,1.6054949542526643e-07,6.505513177199087e-07,5.938693858831738e-08,102.77056171685827,102.77056117298527,-5.438729999696079e-07,0.026013970375061035,0.025932788848876953,-8.118152618408203e-05,0.0019701719284057617,0.0018744468688964844,-9.572505950927734e-05,,,,,extension56,same_receiving_gpu
reach-wall,18,matched_random_fixed_rank4,10,1.85554452032938e-06,1.6938726503991745e-07,7.489223404603638e-07,6.836694328161754e-08,97.30673812374846,97.30673713296254,-9.907859208624359e-07,0.0019127130508422852,0.0019060373306274414,-6.67572021484375e-06,0.0006022453308105469,0.0001685619354248047,-0.0004336833953857422,,,,,extension56,same_receiving_gpu
reach-wall,18,matched_random_fixed_rank4,11,1.8673479792857815e-06,1.704647684944187e-07,5.374756096861193e-07,4.906458592232162e-08,84.93316835983833,84.93316701480747,-1.3450308671281164e-06,0.0024871826171875,0.0023462772369384766,-0.00014090538024902344,0.0014306306838989258,0.001326441764831543,-0.00010418891906738281,,,,,extension56,same_receiving_gpu
reach-wall,18,matched_random_fixed_rank4,12,1.8673479792857815e-06,1.704647684944187e-07,5.721444387658831e-07,5.2229402543867904e-08,75.10089165154184,75.10089031658362,-1.334958227516836e-06,0.010344624519348145,0.009967684745788574,-0.0003769397735595703,0.00010585784912109375,0.00036263465881347656,0.0002567768096923828,,,,,extension56,same_receiving_gpu
reach-wall,18,matched_random_fixed_rank4,13,2.289014316778286e-06,2.0895746262529057e-07,1.0185041781192273e-06,9.297628554486007e-08,72.57589972606544,72.57589913705661,-5.890088345950062e-07,0.03651309013366699,0.03639829158782959,-0.00011479854583740234,0.001495957374572754,0.0016360282897949219,0.00014007091522216797,,,,,extension56,same_receiving_gpu
reach-wall,18,matched_random_fixed_rank4,14,2.8487785962456853e-06,2.6005671641694393e-07,1.0469391380825313e-06,9.557203037713638e-08,60.24716702264094,60.24716678666076,-2.3598017406811778e-07,0.004213392734527588,0.004162609577178955,-5.078315734863281e-05,0.0020636320114135742,0.002133488655090332,6.985664367675781e-05,,,,,extension56,same_receiving_gpu
reach-wall,19,fixed_rank4,0,0.0,0.0,0.0,0.0,170.27262398456074,170.27262398456074,0.0,0.008064746856689453,0.0083160400390625,0.0002512931823730469,0.0005412101745605469,0.0004138946533203125,-0.00012731552124023438,True,10.0,-1.845836639404297e-05,0.0004341470030134645,extension56,same_receiving_gpu
reach-wall,19,fixed_rank4,1,2.4047095172463604e-07,2.195189411405316e-08,5.462855929083633e-07,4.986882367933247e-08,165.03801291844937,165.03801227526557,-6.431837960008124e-07,0.03715372085571289,0.0374910831451416,0.00033736228942871094,0.0002391338348388672,0.0003421306610107422,0.000102996826171875,,,,,extension56,same_receiving_gpu
reach-wall,19,fixed_rank4,2,4.146208460123515e-07,3.784953169547347e-08,6.610474888330351e-07,6.034510353599961e-08,158.74698831735702,158.74698739632265,-9.210343705490232e-07,0.006826996803283691,0.006289482116699219,-0.0005375146865844727,0.0041577816009521484,0.0039033889770507812,-0.0002543926239013672,,,,,extension56,same_receiving_gpu
reach-wall,19,fixed_rank4,3,5.826157814546597e-07,5.318530097686952e-08,6.467859272423597e-07,5.904320703792259e-08,151.65053602741494,151.65053536009955,-6.673153905012441e-07,0.0248258113861084,0.025398969650268555,0.0005731582641601562,0.0036646127700805664,0.0032668113708496094,-0.00039780139923095703,,,,,extension56,same_receiving_gpu
reach-wall,19,fixed_rank4,4,8.370559229840467e-07,7.641240181861157e-08,6.919018486883581e-07,6.316170835102332e-08,142.33694671071643,142.33694664929513,-6.142130359876319e-08,0.06827330589294434,0.06786572933197021,-0.0004075765609741211,0.00391387939453125,0.0032171010971069336,-0.0006967782974243164,,,,,extension56,same_receiving_gpu
reach-wall,19,fixed_rank4,5,7.716212062743461e-07,7.043905675430103e-08,7.426700469480223e-07,6.779618958280877e-08,135.00883697935396,135.0088364707509,-5.086030512302386e-07,0.014274001121520996,0.01432788372039795,5.3882598876953125e-05,0.0001653432846069336,0.0005497932434082031,0.00038444995880126953,,,,,extension56,same_receiving_gpu
reach-wall,19,fixed_rank4,6,8.681975912495085e-07,7.925523418316761e-08,9.296222901631726e-07,8.486251638033042e-08,127.45692435275897,127.4569238807776,-4.7198138020121405e-07,0.02966606616973877,0.03062117099761963,0.0009551048278808594,0.0009483098983764648,0.0011835098266601562,0.0002351999282836914,,,,,extension56,same_receiving_gpu
reach-wall,19,fixed_rank4,7,1.3777270503726812e-06,1.257686972623623e-07,9.840409148394499e-07,8.983023442759782e-08,116.28923904553272,116.28923960770291,5.621701859581663e-07,0.015603423118591309,0.015590548515319824,-1.2874603271484375e-05,0.00014090538024902344,0.0008183717727661133,0.0006774663925170898,,,,,extension56,same_receiving_gpu
reach-wall,19,fixed_rank4,8,1.3933868093397131e-06,1.2719823113425183e-07,1.0822593455265426e-06,9.87963094359442e-08,105.93432925828057,105.93432933257918,7.429861170749064e-08,0.008761882781982422,0.008627176284790039,-0.0001347064971923828,0.0037581920623779297,0.003456592559814453,-0.00030159950256347656,,,,,extension56,same_receiving_gpu
reach-wall,19,fixed_rank4,9,1.909567418841616e-06,1.7431885839607811e-07,1.174949709549371e-06,1.0725774330905559e-07,98.95806288407499,98.95806176029467,-1.1237803221320064e-06,0.028376221656799316,0.028245091438293457,-0.00013113021850585938,0.0011200904846191406,0.0005217790603637695,-0.0005983114242553711,,,,,extension56,same_receiving_gpu
reach-wall,19,fixed_rank4,10,1.8986953980400741e-06,1.7332638322296645e-07,1.2180958752332636e-06,1.1119643134487615e-07,86.77414767909184,86.77414777985699,1.00765149113613e-07,0.031366586685180664,0.03149402141571045,0.00012743473052978516,0.00026035308837890625,0.0007086992263793945,0.0004483461380004883,,,,,extension56,same_receiving_gpu
reach-wall,19,fixed_rank4,11,2.0194097412119943e-06,1.8434604468457987e-07,1.2998007107719753e-06,1.1865502825850983e-07,80.64698115263903,80.64698062550423,-5.271348015867261e-07,0.005530595779418945,0.005736589431762695,0.00020599365234375,0.0007762908935546875,0.0010976791381835938,0.00032138824462890625,,,,,extension56,same_receiving_gpu
reach-wall,19,fixed_rank4,12,2.312760788803967e-06,2.1112520902356236e-07,1.1702156167663716e-06,1.0682558174129373e-07,72.57272664802731,72.57272665900587,1.0978553177665162e-08,0.000873267650604248,0.0008248686790466309,-4.839897155761719e-05,0.0008780956268310547,0.0008635520935058594,-1.4543533325195312e-05,,,,,extension56,same_receiving_gpu
reach-wall,19,fixed_rank4,13,2.975269395940065e-06,2.716036938018572e-07,1.266050746140363e-06,1.1557409210122057e-07,62.81645322459394,62.816452392963825,-8.316301176591878e-07,0.0029247403144836426,0.0031029582023620605,0.00017821788787841797,0.0031822919845581055,0.002518773078918457,-0.0006635189056396484,,,,,extension56,same_receiving_gpu
reach-wall,19,fixed_rank4,14,3.5941252517208774e-06,3.280972458110763e-07,1.1945873942452903e-06,1.090504104565771e-07,45.88895450748189,45.88895460295646,9.547456869540838e-08,0.0061013102531433105,0.006611943244934082,0.0005106329917907715,5.3882598876953125e-05,7.414817810058594e-05,2.0265579223632812e-05,,,,,extension56,same_receiving_gpu
reach-wall,19,matched_random_fixed_rank4,0,0.0,0.0,0.0,0.0,170.27262398456074,170.27262398456074,0.0,0.008064746856689453,0.008370161056518555,0.00030541419982910156,0.0005412101745605469,1.8835067749023438e-05,-0.0005223751068115234,True,9.0,0.00017359495162963868,0.0004600757213324304,extension56,same_receiving_gpu
reach-wall,19,matched_random_fixed_rank4,1,1.4758803583466102,0.13472882740754108,1.1383360014528598,0.10391538433599415,165.03801291844937,164.33118792611162,-0.7068249923377437,0.03715372085571289,0.012118101119995117,-0.025035619735717773,0.0002391338348388672,0.004766941070556641,0.0045278072357177734,,,,,extension56,same_receiving_gpu
reach-wall,19,matched_random_fixed_rank4,2,3.0073537816966756,0.2745325841056227,2.1822444678226587,0.1992107535028878,158.74698831735702,156.6663431601887,-2.080645157168334,0.006826996803283691,0.0025331974029541016,-0.00429379940032959,0.0041577816009521484,0.0011453628540039062,-0.003012418746948242,,,,,extension56,same_receiving_gpu
reach-wall,19,matched_random_fixed_rank4,3,3.5063370073039235,0.32008331218591923,2.358406108462352,0.2152920375604676,151.65053602741494,148.94137284195915,-2.709163185455793,0.0248258113861084,0.005262255668640137,-0.01956355571746826,0.0036646127700805664,0.007996320724487305,0.004331707954406738,,,,,extension56,same_receiving_gpu
reach-wall,19,matched_random_fixed_rank4,4,4.564675302859186,0.41669593851045034,2.8573627077177353,0.2608403349985074,142.33694671071643,139.22411898469318,-3.112827726023255,0.06827330589294434,0.009113907814025879,-0.05915939807891846,0.00391387939453125,0.004175543785095215,0.00026166439056396484,,,,,extension56,same_receiving_gpu
reach-wall,19,matched_random_fixed_rank4,5,5.840071326042482,0.5331231337854292,3.5556425696694327,0.3245842736389304,135.00883697935396,134.55053119943946,-0.4583057799144967,0.014274001121520996,0.012818455696105957,-0.001455545425415039,0.0001653432846069336,0.005562305450439453,0.0053969621658325195,,,,,extension56,same_receiving_gpu
reach-wall,19,matched_random_fixed_rank4,6,7.589547221324515,0.692827702395015,4.225116373368747,0.3856985909630804,127.45692435275897,126.19038606189004,-1.2665382908689367,0.02966606616973877,0.04181337356567383,0.012147307395935059,0.0009483098983764648,0.0028153657913208008,0.001867055892944336,,,,,extension56,same_receiving_gpu
reach-wall,19,matched_random_fixed_rank4,7,9.390531224597854,0.8572342964448093,4.746896082400976,0.43333034374398605,116.28923904553272,119.08102696206691,2.79178791653419,0.015603423118591309,0.03487884998321533,0.019275426864624023,0.00014090538024902344,0.002019524574279785,0.0018786191940307617,,,,,extension56,same_receiving_gpu
reach-wall,19,matched_random_fixed_rank4,8,10.771439994480005,0.98329344363167,5.5346172559216305,0.5052391197042699,105.93432925828057,108.09360932669848,2.159280068417914,0.008761882781982422,0.0093613862991333,0.0005995035171508789,0.0037581920623779297,0.0013715028762817383,-0.0023866891860961914,,,,,extension56,same_receiving_gpu
reach-wall,19,matched_random_fixed_rank4,9,12.175916483294092,1.1115040193665249,5.988659290168767,0.5466872970730516,98.95806288407499,101.95040978164963,2.9923468975746346,0.028376221656799316,0.009873509407043457,-0.01850271224975586,0.0011200904846191406,0.003166794776916504,0.0020467042922973633,,,,,extension56,same_receiving_gpu
reach-wall,19,matched_random_fixed_rank4,10,13.829644922103157,1.2624680810204456,5.3163909401400105,0.4853178737384635,86.77414767909184,88.53528131707105,1.7611336379792135,0.031366586685180664,0.002364039421081543,-0.02900254726409912,0.00026035308837890625,0.0009325742721557617,0.0006722211837768555,,,,,extension56,same_receiving_gpu
reach-wall,19,matched_random_fixed_rank4,11,14.859684743580914,1.3564974219124395,5.69731805050149,0.5200916022568373,80.64698115263903,80.03926924583699,-0.607711906802038,0.005530595779418945,0.005345702171325684,-0.00018489360809326172,0.0007762908935546875,0.00016748905181884766,-0.0006088018417358398,,,,,extension56,same_receiving_gpu
reach-wall,19,matched_random_fixed_rank4,12,15.67967450116319,1.4313519031042736,4.913084873205537,0.4485012353320136,72.57272664802731,72.21641088436209,-0.3563157636652221,0.000873267650604248,0.013402462005615234,0.012529194355010986,0.0008780956268310547,0.0004107952117919922,-0.0004673004150390625,,,,,extension56,same_receiving_gpu
reach-wall,19,matched_random_fixed_rank4,13,15.372519923853062,1.40331265466532,5.729902196127772,0.5230661141862618,62.81645322459394,63.454438239692344,0.6379850150984012,0.0029247403144836426,0.015644311904907227,0.012719571590423584,0.0031822919845581055,0.0006090402603149414,-0.002573251724243164,,,,,extension56,same_receiving_gpu
reach-wall,19,matched_random_fixed_rank4,14,15.686844718382092,1.4320064513897746,4.787583674140865,0.4370445957117357,45.88895450748189,46.80163362343164,0.91267911594975,0.0061013102531433105,0.009625375270843506,0.0035240650177001953,5.3882598876953125e-05,0.0008350014686584473,0.0007811188697814941,,,,,extension56,same_receiving_gpu
reach-wall,20,fixed_rank4,0,0.0,0.0,0.0,0.0,170.27262398456074,170.27262398456074,0.0,0.04615044593811035,0.04656243324279785,0.0004119873046875,0.0019347667694091797,0.0018329620361328125,-0.00010180473327636719,True,10.0,0.00034044742584228517,0.0005132390691670693,extension56,same_receiving_gpu
reach-wall,20,fixed_rank4,1,0.0,0.0,0.0,0.0,167.614964815424,167.614964815424,0.0,0.022828102111816406,0.02237105369567871,-0.0004570484161376953,0.002537250518798828,0.0014545917510986328,-0.0010826587677001953,,,,,extension56,same_receiving_gpu
reach-wall,20,fixed_rank4,2,0.0,0.0,0.0,0.0,163.07341080683454,163.07341080683454,0.0,0.03860306739807129,0.04005622863769531,0.0014531612396240234,0.012478351593017578,0.011799216270446777,-0.0006791353225708008,,,,,extension56,same_receiving_gpu
reach-wall,20,fixed_rank4,3,0.0,0.0,0.0,0.0,151.96304695975567,151.96304695975567,0.0,0.13362669944763184,0.13312315940856934,-0.0005035400390625,0.0017995834350585938,0.0014725923538208008,-0.00032699108123779297,,,,,extension56,same_receiving_gpu
reach-wall,20,fixed_rank4,4,0.0,0.0,0.0,0.0,138.97345976443668,138.97345976443668,0.0,0.027380943298339844,0.02633380889892578,-0.0010471343994140625,0.0001628398895263672,2.181529998779297e-05,-0.00014102458953857422,,,,,extension56,same_receiving_gpu
reach-wall,20,fixed_rank4,5,0.0,0.0,0.0,0.0,130.3845637985596,130.3845637985596,0.0,0.07725930213928223,0.07639825344085693,-0.000861048698425293,0.005064129829406738,0.004044294357299805,-0.0010198354721069336,,,,,extension56,same_receiving_gpu
reach-wall,20,fixed_rank4,6,0.0,0.0,0.0,0.0,119.89124114825557,119.89124114825557,0.0,0.01753401756286621,0.017499566078186035,-3.445148468017578e-05,0.0024694204330444336,0.0018584728240966797,-0.0006109476089477539,,,,,extension56,same_receiving_gpu
reach-wall,20,fixed_rank4,7,0.0,0.0,0.0,0.0,114.64906674113169,114.64906674113169,0.0,0.04427546262741089,0.043861567974090576,-0.0004138946533203125,0.0006215572357177734,1.8596649169921875e-05,-0.0006029605865478516,,,,,extension56,same_receiving_gpu
reach-wall,20,fixed_rank4,8,1.0727275050954945,0.09792617543284007,0.7501045799155289,0.06847486648461196,103.36969005904814,102.49174413324549,-0.8779459258026492,0.002749025821685791,0.018863260746002197,0.016114234924316406,0.004288911819458008,0.0038866400718688965,-0.00040227174758911133,,,,,extension56,same_receiving_gpu
reach-wall,20,fixed_rank4,9,1.6882564799402744,0.15411602615292605,1.149649354835367,0.10494814747743192,92.26403512038685,91.37677678994665,-0.8872583304402042,0.007141172885894775,0.006587862968444824,-0.0005533099174499512,0.0013933777809143066,0.00023829936981201172,-0.001155078411102295,,,,,extension56,same_receiving_gpu
reach-wall,20,fixed_rank4,10,1.8643039012097238,0.17018688345624142,1.3326601933441877,0.12165467489730127,87.91160903091146,86.26676883400908,-1.6448401969023791,0.014243662357330322,0.009396612644195557,-0.004847049713134766,0.001963496208190918,0.001079261302947998,-0.0008842349052429199,,,,,extension56,same_receiving_gpu
reach-wall,20,fixed_rank4,11,2.4185254707195867,0.2207801593689863,1.4952925866088598,0.1365009132926533,69.13794430652379,69.16323453614483,0.02529022962103511,0.0007604360580444336,0.001258552074432373,0.0004981160163879395,0.00027674436569213867,0.0017624497413635254,0.0014857053756713867,,,,,extension56,same_receiving_gpu
reach-wall,20,fixed_rank4,12,3.057498109029829,0.2791101139741712,2.0326219859034005,0.18555215209337333,59.692412828779226,59.52802420203508,-0.16438862674414878,0.004425168037414551,0.003447234630584717,-0.000977933406829834,0.00027066469192504883,0.0015447735786437988,0.00127410888671875,,,,,extension56,same_receiving_gpu
reach-wall,20,fixed_rank4,13,4.137736989861176,0.3777219810617486,2.460228996924034,0.2245871530406002,55.64719051345522,54.27405574683466,-1.3731347666205593,0.006053507328033447,0.004492700099945068,-0.001560807228088379,0.0012305974960327148,0.0006390810012817383,-0.0005915164947509766,,,,,extension56,same_receiving_gpu
reach-wall,20,fixed_rank4,14,4.091697238637835,0.3735191460139235,2.4924107203329022,0.22752492901567176,43.5549587416303,44.85537311262135,1.3004143709910494,0.002812027931213379,0.0009485483169555664,-0.0018634796142578125,0.00030475854873657227,0.000553429126739502,0.0002486705780029297,,,,,extension56,same_receiving_gpu
reach-wall,20,matched_random_fixed_rank4,0,0.0,0.0,0.0,0.0,170.27262398456074,170.27262398456074,0.0,0.04615044593811035,0.046525001525878906,0.0003745555877685547,0.0019347667694091797,0.0018627643585205078,-7.200241088867188e-05,True,10.0,0.00042830546696980795,0.0006045130380001992,extension56,same_receiving_gpu
reach-wall,20,matched_random_fixed_rank4,1,0.0,0.0,0.0,0.0,167.614964815424,167.614964815424,0.0,0.022828102111816406,0.02259063720703125,-0.00023746490478515625,0.002537250518798828,0.0021538734436035156,-0.0003833770751953125,,,,,extension56,same_receiving_gpu
reach-wall,20,matched_random_fixed_rank4,2,0.0,0.0,0.0,0.0,163.07341080683454,163.07341080683454,0.0,0.03860306739807129,0.038600921630859375,-2.1457672119140625e-06,0.012478351593017578,0.011956572532653809,-0.0005217790603637695,,,,,extension56,same_receiving_gpu
reach-wall,20,matched_random_fixed_rank4,3,0.0,0.0,0.0,0.0,151.96304695975567,151.96304695975567,0.0,0.13362669944763184,0.13381719589233398,0.00019049644470214844,0.0017995834350585938,0.0019137859344482422,0.00011420249938964844,,,,,extension56,same_receiving_gpu
reach-wall,20,matched_random_fixed_rank4,4,0.0,0.0,0.0,0.0,138.97345976443668,138.97345976443668,0.0,0.027380943298339844,0.027387022972106934,6.079673767089844e-06,0.0001628398895263672,0.00030231475830078125,0.00013947486877441406,,,,,extension56,same_receiving_gpu
reach-wall,20,matched_random_fixed_rank4,5,0.0,0.0,0.0,0.0,130.3845637985596,130.3845637985596,0.0,0.07725930213928223,0.07705414295196533,-0.00020515918731689453,0.005064129829406738,0.004513978958129883,-0.0005501508712768555,,,,,extension56,same_receiving_gpu
reach-wall,20,matched_random_fixed_rank4,6,0.0,0.0,0.0,0.0,119.89124114825557,119.89124114825557,0.0,0.01753401756286621,0.017513394355773926,-2.0623207092285156e-05,0.0024694204330444336,0.0023077726364135742,-0.00016164779663085938,,,,,extension56,same_receiving_gpu
reach-wall,20,matched_random_fixed_rank4,7,0.0,0.0,0.0,0.0,114.64906674113169,114.64906674113169,0.0,0.04427546262741089,0.04437154531478882,9.608268737792969e-05,0.0006215572357177734,0.0007593631744384766,0.00013780593872070312,,,,,extension56,same_receiving_gpu
reach-wall,20,matched_random_fixed_rank4,8,0.0,0.0,0.0,0.0,103.36969005904814,103.36969005904814,0.0,0.002749025821685791,0.0028370022773742676,8.797645568847656e-05,0.004288911819458008,0.00414276123046875,-0.0001461505889892578,,,,,extension56,same_receiving_gpu
reach-wall,20,matched_random_fixed_rank4,9,0.0,0.0,0.0,0.0,92.26403512038685,92.26403512038685,0.0,0.007141172885894775,0.007064461708068848,-7.671117782592773e-05,0.0013933777809143066,0.0015329718589782715,0.00013959407806396484,,,,,extension56,same_receiving_gpu
reach-wall,20,matched_random_fixed_rank4,10,0.0,0.0,0.0,0.0,87.91160903091146,87.91160903091146,0.0,0.014243662357330322,0.01437610387802124,0.00013244152069091797,0.001963496208190918,0.00192183256149292,-4.166364669799805e-05,,,,,extension56,same_receiving_gpu
reach-wall,20,matched_random_fixed_rank4,11,0.0,0.0,0.0,0.0,69.13794430652379,69.13794430652379,0.0,0.0007604360580444336,0.0007435083389282227,-1.6927719116210938e-05,0.00027674436569213867,0.00024139881134033203,-3.534555435180664e-05,,,,,extension56,same_receiving_gpu
reach-wall,20,matched_random_fixed_rank4,12,0.0,0.0,0.0,0.0,59.692412828779226,59.692412828779226,0.0,0.004425168037414551,0.004538059234619141,0.00011289119720458984,0.00027066469192504883,0.00037986040115356445,0.00010919570922851562,,,,,extension56,same_receiving_gpu
reach-wall,20,matched_random_fixed_rank4,13,1.148211584048155e-06,1.0481689756198557e-07,3.866413457789755e-07,3.529536445788329e-08,55.64719051345522,55.64719100351252,4.900572960764293e-07,0.006053507328033447,0.0060353875160217285,-1.811981201171875e-05,0.0012305974960327148,0.001214742660522461,-1.5854835510253906e-05,,,,,extension56,same_receiving_gpu
reach-wall,20,matched_random_fixed_rank4,14,1.22390359501007e-06,1.1172660119978042e-07,6.466357140225473e-07,5.9029494509768135e-08,43.5549587416303,43.55495692945758,-1.8121727194397863e-06,0.002812027931213379,0.0028015971183776855,-1.043081283569336e-05,0.00030475854873657227,0.00018161535263061523,-0.00012314319610595703,,,,,extension56,same_receiving_gpu
reach-wall,21,fixed_rank4,0,0.0,0.0,0.0,0.0,170.27262398456074,170.27262398456074,0.0,0.021559715270996094,0.021435260772705078,-0.00012445449829101562,4.553794860839844e-05,0.000278472900390625,0.00023293495178222656,True,9.0,0.0007008059819539388,0.0007603925191510164,extension56,same_receiving_gpu
reach-wall,21,fixed_rank4,1,1.6039094500923543,0.14641623100188147,1.138743858612,0.10395261643037765,165.08142481683862,165.95757896435904,0.876154147520424,0.00790548324584961,0.00046503543853759766,-0.007440447807312012,0.011495351791381836,0.008111953735351562,-0.0033833980560302734,,,,,extension56,same_receiving_gpu
reach-wall,21,fixed_rank4,2,2.2611755561877924,0.20641614310055734,1.6855816644654071,0.1538718500241346,161.351580777556,161.2495646755564,-0.10201610199959532,0.17146432399749756,0.18004083633422852,0.008576512336730957,0.007988572120666504,0.0010287761688232422,-0.006959795951843262,,,,,extension56,same_receiving_gpu
reach-wall,21,fixed_rank4,3,2.3722617410128546,0.21655687797653642,1.6268078882668375,0.1485065628551818,149.43878996952935,149.33677463761424,-0.10201533191511203,0.07514464855194092,0.09283328056335449,0.017688632011413574,0.0015387535095214844,0.0049517154693603516,0.003412961959838867,,,,,extension56,same_receiving_gpu
reach-wall,21,fixed_rank4,4,2.926761550776372,0.2671755536331701,1.9314232300959435,0.17631401186883985,141.75437607791545,143.38775280699267,1.633376729077213,0.015080690383911133,0.0244063138961792,0.009325623512268066,0.000751495361328125,0.0028418302536010742,0.0020903348922729492,,,,,extension56,same_receiving_gpu
reach-wall,21,fixed_rank4,5,3.6399197385069044,0.3322776913814229,2.2080609234726865,0.2015674626886131,131.75080473318127,131.98309688816096,0.2322921549796888,0.026169776916503906,0.022475600242614746,-0.00369417667388916,0.0037694573402404785,0.0004367828369140625,-0.003332674503326416,,,,,extension56,same_receiving_gpu
reach-wall,21,fixed_rank4,6,4.285756382701019,0.3912342411295152,2.9794012546296247,0.2719808791699731,120.48487373777715,122.18203228323154,1.6971585454543856,0.0008105635643005371,0.017966091632843018,0.01715552806854248,0.005209088325500488,0.0011860132217407227,-0.004023075103759766,,,,,extension56,same_receiving_gpu
reach-wall,21,fixed_rank4,7,4.455052810157388,0.4066888198333303,2.854846056692355,0.2606105972425125,112.04186943616284,114.17449719440546,2.13262775824262,0.007800281047821045,0.005804598331451416,-0.001995682716369629,0.0042986273765563965,0.0030105113983154297,-0.0012881159782409668,,,,,extension56,same_receiving_gpu
reach-wall,21,fixed_rank4,8,4.642712472521758,0.4238197248684584,2.7883735580718048,0.2545425160844781,106.81213157175432,108.28077919276745,1.4686476210131332,0.006175637245178223,0.012283861637115479,0.006108224391937256,1.5854835510253906e-05,0.00032275915145874023,0.00030690431594848633,,,,,extension56,same_receiving_gpu
reach-wall,21,fixed_rank4,9,5.82431525754396,0.5316848080963897,3.2922819165050665,0.30054284522269414,97.14051619857985,97.83183053799601,0.6913143394161665,0.0023886561393737793,0.015170037746429443,0.012781381607055664,0.0012014508247375488,0.0008135437965393066,-0.0003879070281982422,,,,,extension56,same_receiving_gpu
reach-wall,21,fixed_rank4,10,6.653504623471657,0.6073790947900573,3.728946085287234,0.34040464777206686,91.1724537788769,89.94929202120811,-1.223161757668791,0.011879801750183105,0.00798720121383667,-0.0038926005363464355,0.0013535618782043457,8.124113082885742e-05,-0.0012723207473754883,,,,,extension56,same_receiving_gpu
reach-wall,21,fixed_rank4,11,7.616509754181386,0.6952890336372122,4.107918807392439,0.37499996586809303,76.98894213849046,83.37785824755949,6.388916109069029,0.001652836799621582,0.017350375652313232,0.01569753885269165,0.00103759765625,0.0011461377143859863,0.00010854005813598633,,,,,extension56,same_receiving_gpu
reach-wall,21,fixed_rank4,12,8.006960081413848,0.730932108938961,4.029729103301228,0.3678622550855247,69.4164842981796,74.3679720841025,4.951487785922907,0.0037564635276794434,0.008960306644439697,0.005203843116760254,9.673833847045898e-05,0.0016331076622009277,0.0015363693237304688,,,,,extension56,same_receiving_gpu
reach-wall,21,fixed_rank4,13,8.297702090569992,0.7574731017438265,4.610585517108353,0.4208869485044776,56.185882586871635,63.0193650183445,6.833482431472866,0.0007548332214355469,7.987022399902344e-06,-0.0007468461990356445,0.0009842514991760254,0.0005017518997192383,-0.0004824995994567871,,,,,extension56,same_receiving_gpu
reach-wall,21,fixed_rank4,14,9.013689612858434,0.8228335212187619,4.286247009100021,0.3912790289871887,39.13805470717381,54.95908323930132,15.821028532127514,0.0009645819664001465,0.005026459693908691,0.004061877727508545,0.0005661845207214355,0.0012063384056091309,0.0006401538848876953,,,,,extension56,same_receiving_gpu
reach-wall,21,matched_random_fixed_rank4,0,0.0,0.0,0.0,0.0,170.27262398456074,170.27262398456074,0.0,0.021559715270996094,0.021292924880981445,-0.00026679039001464844,4.553794860839844e-05,0.00031757354736328125,0.0002720355987548828,True,9.0,0.0004741533597310384,0.000574255786628754,extension56,same_receiving_gpu
reach-wall,21,matched_random_fixed_rank4,1,1.6039094500923543,0.14641623100188147,1.138743858612,0.10395261643037765,165.08142481683862,165.95757896435904,0.876154147520424,0.00790548324584961,0.001268148422241211,-0.0066373348236083984,0.011495351791381836,0.008625268936157227,-0.0028700828552246094,,,,,extension56,same_receiving_gpu
reach-wall,21,matched_random_fixed_rank4,2,2.2611755561877924,0.20641614310055734,1.6855816644654071,0.1538718500241346,161.351580777556,161.2495646755564,-0.10201610199959532,0.17146432399749756,0.18036603927612305,0.008901715278625488,0.007988572120666504,0.0004584789276123047,-0.007530093193054199,,,,,extension56,same_receiving_gpu
reach-wall,21,matched_random_fixed_rank4,3,2.3722617410128546,0.21655687797653642,1.6268078882668375,0.1485065628551818,149.43878996952935,149.33677463761424,-0.10201533191511203,0.07514464855194092,0.09305000305175781,0.017905354499816895,0.0015387535095214844,0.005054473876953125,0.0035157203674316406,,,,,extension56,same_receiving_gpu
reach-wall,21,matched_random_fixed_rank4,4,2.926761550776372,0.2671755536331701,1.9314232300959435,0.17631401186883985,141.75437607791545,143.38775280699267,1.633376729077213,0.015080690383911133,0.023641228675842285,0.008560538291931152,0.000751495361328125,0.0024640560150146484,0.0017125606536865234,,,,,extension56,same_receiving_gpu
reach-wall,21,matched_random_fixed_rank4,5,3.6399197775399403,0.33227769494463527,2.2080609969239835,0.20156746939376852,131.75080473318127,131.98309776343734,0.2322930302560735,0.026169776916503906,0.021765589714050293,-0.004404187202453613,0.0037694573402404785,0.0012630820274353027,-0.0025063753128051758,,,,,extension56,same_receiving_gpu
reach-wall,21,matched_random_fixed_rank4,6,4.319940999825835,0.39435485544933846,3.0783776525301914,0.28101614680176434,120.48487373777715,119.9132854435273,-0.5715882942498496,0.0008105635643005371,0.006480693817138672,0.005670130252838135,0.005209088325500488,0.005916953086853027,0.0007078647613525391,,,,,extension56,same_receiving_gpu
reach-wall,21,matched_random_fixed_rank4,7,4.692810423046462,0.4283930211329848,2.9685405375243787,0.27098943587843555,112.04186943616284,110.29357075970873,-1.7482986764541124,0.007800281047821045,0.013697981834411621,0.005897700786590576,0.0042986273765563965,0.0028936266899108887,-0.0014050006866455078,,,,,extension56,same_receiving_gpu
reach-wall,21,matched_random_fixed_rank4,8,4.986329183989806,0.4551874955362575,3.006104038451618,0.27441849867788803,106.81213157175432,104.3998518831923,-2.4122796885620232,0.006175637245178223,0.006966352462768555,0.000790715217590332,1.5854835510253906e-05,0.0003674626350402832,0.0003516077995300293,,,,,extension56,same_receiving_gpu
reach-wall,21,matched_random_fixed_rank4,9,6.03753243372051,0.5511487842696312,3.6044252715210865,0.3290375046756304,97.14051619857985,96.14291560987158,-0.9976005887082664,0.0023886561393737793,0.0018568038940429688,-0.0005318522453308105,0.0012014508247375488,0.0012500286102294922,4.857778549194336e-05,,,,,extension56,same_receiving_gpu
reach-wall,21,matched_random_fixed_rank4,10,7.007183809940966,0.6396654395482766,3.887829912054586,0.35490869042927053,91.1724537788769,87.43234511157405,-3.7401086673028487,0.011879801750183105,0.02048349380493164,0.008603692054748535,0.0013535618782043457,0.0003795027732849121,-0.0009740591049194336,,,,,extension56,same_receiving_gpu
reach-wall,21,matched_random_fixed_rank4,11,8.267869445439873,0.7547497662958577,4.427390885338778,0.4041636431321362,76.98894213849046,79.2888064963398,2.2998643578493443,0.001652836799621582,0.004948258399963379,0.003295421600341797,0.00103759765625,0.001515805721282959,0.000478208065032959,,,,,extension56,same_receiving_gpu
reach-wall,21,matched_random_fixed_rank4,12,7.996872168493925,0.730011212694896,4.452006543950034,0.40641073504700814,69.4164842981796,74.44187643081227,5.025392132632675,0.0037564635276794434,0.0006209611892700195,-0.003135502338409424,9.673833847045898e-05,0.0016596317291259766,0.0015628933906555176,,,,,extension56,same_receiving_gpu
reach-wall,21,matched_random_fixed_rank4,13,8.278834298033347,0.7557507158133852,4.570693582501524,0.4172453297633641,56.185882586871635,59.4627503623603,3.276867775488668,0.0007548332214355469,0.001666724681854248,0.0009118914604187012,0.0009842514991760254,3.510713577270508e-05,-0.0009491443634033203,,,,,extension56,same_receiving_gpu
reach-wall,21,matched_random_fixed_rank4,14,9.255441928320375,0.8449023873033635,4.5324017672363945,0.4137497812652754,39.13805470717381,47.60443526801758,8.466380560843774,0.0009645819664001465,0.0016100406646728516,0.0006454586982727051,0.0005661845207214355,0.001687467098236084,0.0011212825775146484,,,,,extension56,same_receiving_gpu
reach-wall,22,fixed_rank4,0,0.0,0.0,0.0,0.0,170.27262398456074,170.27262398456074,0.0,0.11230301856994629,0.11142683029174805,-0.0008761882781982422,0.001653432846069336,0.0006248950958251953,-0.0010285377502441406,True,10.0,8.175055185953776e-05,0.00038488637638733756,extension56,same_receiving_gpu
reach-wall,22,fixed_rank4,1,0.0,0.0,0.0,0.0,158.78550532915222,158.78550532915222,0.0,0.0004050731658935547,0.0010802745819091797,0.000675201416015625,0.008345365524291992,0.007831573486328125,-0.0005137920379638672,,,,,extension56,same_receiving_gpu
reach-wall,22,fixed_rank4,2,0.0,0.0,0.0,0.0,152.60295742222718,152.60295742222718,0.0,0.08701443672180176,0.08771109580993652,0.0006966590881347656,0.019748806953430176,0.021089911460876465,0.001341104507446289,,,,,extension56,same_receiving_gpu
reach-wall,22,fixed_rank4,3,0.0,0.0,0.0,0.0,145.71170745929754,145.71170745929754,0.0,0.04816854000091553,0.04899287223815918,0.0008243322372436523,0.003107309341430664,0.0028426647186279297,-0.0002646446228027344,,,,,extension56,same_receiving_gpu
reach-wall,22,fixed_rank4,4,0.0,0.0,0.0,0.0,141.93917743425186,141.93917743425186,0.0,0.020214557647705078,0.02051222324371338,0.0002976655960083008,0.017345070838928223,0.017663955688476562,0.00031888484954833984,,,,,extension56,same_receiving_gpu
reach-wall,22,fixed_rank4,5,0.0,0.0,0.0,0.0,136.58224965048467,136.58224965048467,0.0,0.019023776054382324,0.01954030990600586,0.0005165338516235352,0.0017925500869750977,0.002062201499938965,0.0002696514129638672,,,,,extension56,same_receiving_gpu
reach-wall,22,fixed_rank4,6,0.0,0.0,0.0,0.0,130.16433630191662,130.16433630191662,0.0,0.025126636028289795,0.02476513385772705,-0.00036150217056274414,0.0007597208023071289,0.000756382942199707,-3.337860107421875e-06,,,,,extension56,same_receiving_gpu
reach-wall,22,fixed_rank4,7,4.997602244083784e-07,4.562165804205213e-08,5.572018205609392e-07,5.086533436736204e-08,118.59402393882982,118.59402479502847,8.561986533095478e-07,0.012619197368621826,0.012278318405151367,-0.000340878963470459,0.001212775707244873,0.0010666847229003906,-0.00014609098434448242,,,,,extension56,same_receiving_gpu
reach-wall,22,fixed_rank4,8,8.115064170074192e-07,7.408006169252624e-08,9.076339361546999e-07,8.285526346485549e-08,110.85882584897807,110.85882780013812,1.951160044200151e-06,0.007785797119140625,0.00782102346420288,3.522634506225586e-05,0.0012975335121154785,0.0011597275733947754,-0.00013780593872070312,,,,,extension56,same_receiving_gpu
reach-wall,22,fixed_rank4,9,1.5277296543372095e-06,1.394619989083433e-07,1.0414035536741192e-06,9.506670296889286e-08,100.84389680563353,100.84389984763973,3.042006198938907e-06,0.03598529100418091,0.036195576190948486,0.00021028518676757812,0.0002772808074951172,0.0002506375312805176,-2.664327621459961e-05,,,,,extension56,same_receiving_gpu
reach-wall,22,fixed_rank4,10,2.008304656369971e-06,1.8333229377274905e-07,1.1388670021202384e-06,1.0396385784325641e-07,79.21712060629855,79.21712621230444,5.606005885283594e-06,0.012458205223083496,0.01270967721939087,0.00025147199630737305,0.0025832653045654297,0.003056764602661133,0.0004734992980957031,,,,,extension56,same_receiving_gpu
reach-wall,22,fixed_rank4,11,2.2639254561424596e-06,2.0666717347323294e-07,1.0849232464592096e-06,9.903948920790766e-08,69.89224583465054,69.89224976246118,3.927810638515439e-06,0.00734257698059082,0.00732952356338501,-1.3053417205810547e-05,0.0005422830581665039,0.00043320655822753906,-0.00010907649993896484,,,,,extension56,same_receiving_gpu
reach-wall,22,fixed_rank4,12,2.401492325842324e-06,2.1922525308989793e-07,1.0441982725921194e-06,9.532182473443872e-08,52.96231375601147,52.962317056536364,3.3005248951667454e-06,0.00227433443069458,0.001842498779296875,-0.0004318356513977051,0.0015985369682312012,0.0013114213943481445,-0.00028711557388305664,,,,,extension56,same_receiving_gpu
reach-wall,22,fixed_rank4,13,3.1067063134417664e-06,2.836021879026284e-07,9.85513561413487e-07,8.996466805223661e-08,34.56981536046822,34.569816374487615,1.0140193964502942e-06,0.0028925538063049316,0.0032505393028259277,0.0003579854965209961,0.0004995465278625488,0.00045377016067504883,-4.57763671875e-05,,,,,extension56,same_receiving_gpu
reach-wall,22,fixed_rank4,14,4.615527941025336e-06,4.2133812801582514e-07,1.1999888085839117e-06,1.0954348986919288e-07,25.29204517888671,25.292045888751566,7.09864856673903e-07,0.00664067268371582,0.0062174201011657715,-0.00042325258255004883,1.4483928680419922e-05,0.00034421682357788086,0.00032973289489746094,,,,,extension56,same_receiving_gpu
reach-wall,22,matched_random_fixed_rank4,0,0.0,0.0,0.0,0.0,170.27262398456074,170.27262398456074,0.0,0.11230301856994629,0.11172080039978027,-0.0005822181701660156,0.001653432846069336,0.0005245208740234375,-0.0011289119720458984,True,10.0,0.00025848547617594403,0.00045146548633824015,extension56,same_receiving_gpu
reach-wall,22,matched_random_fixed_rank4,1,0.0,0.0,0.0,0.0,158.78550532915222,158.78550532915222,0.0,0.0004050731658935547,0.0007100105285644531,0.00030493736267089844,0.008345365524291992,0.008002281188964844,-0.00034308433532714844,,,,,extension56,same_receiving_gpu
reach-wall,22,matched_random_fixed_rank4,2,0.0,0.0,0.0,0.0,152.60295742222718,152.60295742222718,0.0,0.08701443672180176,0.0870429277420044,2.849102020263672e-05,0.019748806953430176,0.020296335220336914,0.0005475282669067383,,,,,extension56,same_receiving_gpu
reach-wall,22,matched_random_fixed_rank4,3,0.0,0.0,0.0,0.0,145.71170745929754,145.71170745929754,0.0,0.04816854000091553,0.048047661781311035,-0.00012087821960449219,0.003107309341430664,0.0031930208206176758,8.571147918701172e-05,,,,,extension56,same_receiving_gpu
reach-wall,22,matched_random_fixed_rank4,4,0.0,0.0,0.0,0.0,141.93917743425186,141.93917743425186,0.0,0.020214557647705078,0.020363926887512207,0.0001493692398071289,0.017345070838928223,0.017575860023498535,0.0002307891845703125,,,,,extension56,same_receiving_gpu
reach-wall,22,matched_random_fixed_rank4,5,0.0,0.0,0.0,0.0,136.58224965048467,136.58224965048467,0.0,0.019023776054382324,0.019223332405090332,0.0001995563507080078,0.0017925500869750977,0.0017033815383911133,-8.916854858398438e-05,,,,,extension56,same_receiving_gpu
reach-wall,22,matched_random_fixed_rank4,6,0.0,0.0,0.0,0.0,130.16433630191662,130.1643363019166,-2.842170943040401e-14,0.025126636028289795,0.02521681785583496,9.018182754516602e-05,0.0007597208023071289,0.0005248785018920898,-0.00023484230041503906,,,,,extension56,same_receiving_gpu
reach-wall,22,matched_random_fixed_rank4,7,0.0,0.0,0.0,0.0,118.59402393882982,118.59402393882982,0.0,0.012619197368621826,0.012423932552337646,-0.0001952648162841797,0.001212775707244873,0.0012250542640686035,1.2278556823730469e-05,,,,,extension56,same_receiving_gpu
reach-wall,22,matched_random_fixed_rank4,8,0.0,0.0,0.0,0.0,110.85882584897807,110.85882584897807,0.0,0.007785797119140625,0.007739603519439697,-4.6193599700927734e-05,0.0012975335121154785,0.0012667179107666016,-3.081560134887695e-05,,,,,extension56,same_receiving_gpu
reach-wall,22,matched_random_fixed_rank4,9,0.0,0.0,0.0,0.0,100.84389680563353,100.84389680563353,0.0,0.03598529100418091,0.03607982397079468,9.453296661376953e-05,0.0002772808074951172,0.00022834539413452148,-4.89354133605957e-05,,,,,extension56,same_receiving_gpu
reach-wall,22,matched_random_fixed_rank4,10,1.3424574764691702e-06,1.225490403922709e-07,5.01131168627746e-07,4.5746807554390284e-08,79.21712060629855,79.21712165821228,1.051913727678766e-06,0.012458205223083496,0.012457072734832764,-1.1324882507324219e-06,0.0025832653045654297,0.0026775002479553223,9.423494338989258e-05,,,,,extension56,same_receiving_gpu
reach-wall,22,matched_random_fixed_rank4,11,1.86325972074263e-06,1.7009156325691916e-07,5.063791912440595e-07,4.622588428259897e-08,69.89224583465054,69.89224666538219,8.307316505806739e-07,0.00734257698059082,0.007367193698883057,2.4616718292236328e-05,0.0005422830581665039,0.0004908442497253418,-5.143880844116211e-05,,,,,extension56,same_receiving_gpu
reach-wall,22,matched_random_fixed_rank4,12,2.310872558676769e-06,2.1095283798449116e-07,5.891143501034616e-07,5.3778536416943636e-08,52.96231375601147,52.962313818132984,6.212151504314534e-08,0.00227433443069458,0.002281665802001953,7.331371307373047e-06,0.0015985369682312012,0.0015492439270019531,-4.929304122924805e-05,,,,,extension56,same_receiving_gpu
reach-wall,22,matched_random_fixed_rank4,13,3.55277902660443e-06,3.2432286911708215e-07,6.749769595643549e-07,6.161668442494159e-08,34.56981536046822,34.569813444660085,-1.9158081343562117e-06,0.0028925538063049316,0.0029482245445251465,5.5670738220214844e-05,0.0004995465278625488,0.0005232095718383789,2.3663043975830078e-05,,,,,extension56,same_receiving_gpu
reach-wall,22,matched_random_fixed_rank4,14,3.714142918268212e-06,3.3905330968892773e-07,8.322522808229314e-07,7.597389129030729e-08,25.29204517888671,25.29204130924858,-3.869638128151109e-06,0.00664067268371582,0.006658017635345459,1.7344951629638672e-05,1.4483928680419922e-05,4.661083221435547e-05,3.212690353393555e-05,,,,,extension56,same_receiving_gpu
reach-wall,23,fixed_rank4,0,0.0,0.0,0.0,0.0,170.27262398456074,170.27262398456074,0.0,0.08093297481536865,0.08068430423736572,-0.0002486705780029297,0.0028722286224365234,0.0028257369995117188,-4.649162292480469e-05,True,10.0,0.0010045997301737467,0.0010428229718297917,extension56,same_receiving_gpu
reach-wall,23,fixed_rank4,1,0.0,0.0,0.0,0.0,165.16206614286858,165.16206614286858,0.0,0.12272238731384277,0.12292599678039551,0.00020360946655273438,0.009282112121582031,0.00972902774810791,0.0004469156265258789,,,,,extension56,same_receiving_gpu
reach-wall,23,fixed_rank4,2,0.0,0.0,0.0,0.0,161.4471295128086,161.4471295128086,0.0,0.05081486701965332,0.050060391426086426,-0.0007544755935668945,0.0045545101165771484,0.004544258117675781,-1.0251998901367188e-05,,,,,extension56,same_receiving_gpu
reach-wall,23,fixed_rank4,3,5.404835298364798e-07,4.933917020857608e-08,5.975347058702535e-07,5.454720621622541e-08,149.8129533872667,149.81295286914954,-5.181171616186475e-07,0.0022402405738830566,0.0012302398681640625,-0.0010100007057189941,0.002400219440460205,0.002466857433319092,6.663799285888672e-05,,,,,extension56,same_receiving_gpu
reach-wall,23,fixed_rank4,4,7.482827705365732e-07,6.830855880255721e-08,6.136673772923351e-07,5.601991089134091e-08,142.6398258492532,142.63982446839992,-1.3808532912662486e-06,0.024969041347503662,0.023479104042053223,-0.0014899373054504395,0.002304255962371826,0.00204545259475708,-0.0002588033676147461,,,,,extension56,same_receiving_gpu
reach-wall,23,fixed_rank4,5,8.098103583103093e-07,7.39252334246496e-08,9.103133886636057e-07,8.309986289500407e-08,133.5106243853444,133.5106226224063,-1.7629381261485833e-06,0.0223810076713562,0.02282017469406128,0.0004391670227050781,0.002894580364227295,0.003436863422393799,0.0005422830581665039,,,,,extension56,same_receiving_gpu
reach-wall,23,fixed_rank4,6,1.0175789164243783e-06,9.289182109454936e-08,9.923546860082405e-07,9.058917442877828e-08,125.13066028688309,125.13065922080861,-1.0660744749202422e-06,0.025993257761001587,0.02543500065803528,-0.0005582571029663086,0.0007491707801818848,0.00026595592498779297,-0.0004832148551940918,,,,,extension56,same_receiving_gpu
reach-wall,23,fixed_rank4,7,1.3086974510500698e-06,1.1946718581493935e-07,1.183587517876064e-06,1.0804626372037823e-07,118.68814542252416,118.68814395764662,-1.4648775419345839e-06,0.009732812643051147,0.008810192346572876,-0.0009226202964782715,0.0022278428077697754,0.0018537640571594238,-0.00037407875061035156,,,,,extension56,same_receiving_gpu
reach-wall,23,fixed_rank4,8,1.2399747813816712e-06,1.131936930833797e-07,1.0807194927018132e-06,9.865574074805382e-08,107.38578440082497,107.38578324044765,-1.1603773231172454e-06,0.013617843389511108,0.013409435749053955,-0.00020840764045715332,0.0006341636180877686,0.0017564892768859863,0.0011223256587982178,,,,,extension56,same_receiving_gpu
reach-wall,23,fixed_rank4,9,1.5384558174617495e-06,1.4044115915814174e-07,1.166295524200767e-06,1.0646772788701207e-07,99.83500144645899,99.83499956827916,-1.8781798303280084e-06,0.004363566637039185,0.004086405038833618,-0.0002771615982055664,8.097290992736816e-05,0.0008615553379058838,0.0007805824279785156,,,,,extension56,same_receiving_gpu
reach-wall,23,fixed_rank4,10,2.027934590246384e-06,1.8512425337049007e-07,1.0422827013798682e-06,9.51469578071958e-08,82.76987872753392,82.76987687364272,-1.8538912058829737e-06,0.002030283212661743,0.0011688172817230225,-0.0008614659309387207,0.002595752477645874,0.0018571019172668457,-0.0007386505603790283,,,,,extension56,same_receiving_gpu
reach-wall,23,fixed_rank4,11,2.4266971061516027e-06,2.2152612421195691e-07,1.1590622808752214e-06,1.0580742613145791e-07,67.49843825082286,67.49843753117781,-7.196450440005719e-07,0.0007149577140808105,0.0008969008922576904,0.00018194317817687988,0.0004010796546936035,0.0001405179500579834,-0.0002605617046356201,,,,,extension56,same_receiving_gpu
reach-wall,23,fixed_rank4,12,2.6999515287272446e-06,2.464707260757449e-07,1.0650487040728843e-06,9.722520001039383e-08,48.289475577894265,48.289476639274504,1.0613802388093063e-06,0.0002776980400085449,0.00010272860527038574,-0.00017496943473815918,0.0007004141807556152,0.0006245970726013184,-7.581710815429688e-05,,,,,extension56,same_receiving_gpu
reach-wall,23,fixed_rank4,13,3.4450517090107047e-06,3.144887554661478e-07,1.1521691154272013e-06,1.0517816909670862e-07,34.172396292021844,34.17239901164352,2.7196216763059056e-06,0.0002745091915130615,0.0006881058216094971,0.00041359663009643555,0.0009862184524536133,0.00017768144607543945,-0.0008085370063781738,,,,,extension56,same_receiving_gpu
reach-wall,23,fixed_rank4,14,0.9295878925170074,0.08485937631920878,0.794765257541881,0.07255180991284851,18.385032548676236,22.543344815644172,4.158312266967936,0.0019407868385314941,0.0003235340118408203,-0.0016172528266906738,0.00041678547859191895,0.00014576315879821777,-0.00027102231979370117,,,,,extension56,same_receiving_gpu
reach-wall,23,matched_random_fixed_rank4,0,0.0,0.0,0.0,0.0,170.27262398456074,170.27262398456074,0.0,0.08093297481536865,0.08084630966186523,-8.666515350341797e-05,0.0028722286224365234,0.002965688705444336,9.34600830078125e-05,True,10.0,0.0008685322602589925,0.0009287980676559414,extension56,same_receiving_gpu
reach-wall,23,matched_random_fixed_rank4,1,0.0,0.0,0.0,0.0,165.16206614286858,165.16206614286858,0.0,0.12272238731384277,0.12285983562469482,0.00013744831085205078,0.009282112121582031,0.00941324234008789,0.00013113021850585938,,,,,extension56,same_receiving_gpu
reach-wall,23,matched_random_fixed_rank4,2,0.0,0.0,0.0,0.0,161.4471295128086,161.4471295128086,0.0,0.05081486701965332,0.05098557472229004,0.00017070770263671875,0.0045545101165771484,0.004761815071105957,0.0002073049545288086,,,,,extension56,same_receiving_gpu
reach-wall,23,matched_random_fixed_rank4,3,5.498957548107849e-07,5.0198384864366134e-08,5.232408602857422e-07,4.7765137031151673e-08,149.8129533872667,149.81295225225034,-1.1350163617862563e-06,0.0022402405738830566,0.00160294771194458,-0.0006372928619384766,0.002400219440460205,0.002422630786895752,2.2411346435546875e-05,,,,,extension56,same_receiving_gpu
reach-wall,23,matched_random_fixed_rank4,4,7.036165164746866e-07,6.423110631773187e-08,5.857123138616546e-07,5.3467974418429e-08,142.6398258492532,142.63982370501057,-2.144242642998506e-06,0.024969041347503662,0.024800598621368408,-0.0001684427261352539,0.002304255962371826,0.0028854012489318848,0.0005811452865600586,,,,,extension56,same_receiving_gpu
reach-wall,23,matched_random_fixed_rank4,5,7.926332427988639e-07,7.235718448490117e-08,8.156259169223314e-07,7.445611886403257e-08,133.5106243853444,133.51062178759452,-2.597749897859103e-06,0.0223810076713562,0.02265864610671997,0.00027763843536376953,0.002894580364227295,0.002899765968322754,5.185604095458984e-06,,,,,extension56,same_receiving_gpu
reach-wall,23,matched_random_fixed_rank4,6,7.408201307299785e-07,6.762731610912255e-08,8.823198880605377e-07,8.054441760436493e-08,125.13066028688309,125.13065790215839,-2.384724695048135e-06,0.025993257761001587,0.025953084230422974,-4.017353057861328e-05,0.0007491707801818848,0.0008630752563476562,0.00011390447616577148,,,,,extension56,same_receiving_gpu
reach-wall,23,matched_random_fixed_rank4,7,1.0136521063012056e-06,9.25333540139658e-08,1.07814818405567e-06,9.842101345675369e-08,118.68814542252414,118.68814243197455,-2.9905495892990075e-06,0.009732812643051147,0.009657979011535645,-7.483363151550293e-05,0.0022278428077697754,0.0023693740367889404,0.00014153122901916504,,,,,extension56,same_receiving_gpu
reach-wall,23,matched_random_fixed_rank4,8,9.353123129261191e-07,8.538194201699436e-08,1.0266672974138816e-06,9.372147297440804e-08,107.38578440082497,107.3857813666266,-3.0341983716652976e-06,0.013617843389511108,0.013590782880783081,-2.7060508728027344e-05,0.0006341636180877686,0.0007753074169158936,0.000141143798828125,,,,,extension56,same_receiving_gpu
reach-wall,23,matched_random_fixed_rank4,9,9.816547492063871e-07,8.961240830373579e-08,1.051456174988635e-06,9.598437754489576e-08,99.83500144645899,99.83499788157548,-3.5648835137180868e-06,0.004363566637039185,0.00428047776222229,-8.308887481689453e-05,8.097290992736816e-05,0.00016608834266662598,8.511543273925781e-05,,,,,extension56,same_receiving_gpu
reach-wall,23,matched_random_fixed_rank4,10,1.1312204713920324e-06,1.0326582828217392e-07,8.818164244600231e-07,8.049845787588416e-08,82.76987872753392,82.7698752184632,-3.509070722884644e-06,0.002030283212661743,0.0019148588180541992,-0.00011542439460754395,0.002595752477645874,0.002588331699371338,-7.420778274536133e-06,,,,,extension56,same_receiving_gpu
reach-wall,23,matched_random_fixed_rank4,11,1.3507555362348074e-06,1.233065461451318e-07,8.294273308789495e-07,7.571600982228364e-08,67.49843825082286,67.49843581829803,-2.4325248233481034e-06,0.0007149577140808105,0.0007488429546356201,3.388524055480957e-05,0.0004010796546936035,0.00037747621536254883,-2.3603439331054688e-05,,,,,extension56,same_receiving_gpu
reach-wall,23,matched_random_fixed_rank4,12,1.5159185351819496e-06,1.3838379617655711e-07,8.498888749837398e-07,7.758388470021373e-08,48.289475577894265,48.28947257336404,-3.0045302281678232e-06,0.0002776980400085449,0.0002492964267730713,-2.8401613235473633e-05,0.0007004141807556152,0.000702589750289917,2.175569534301758e-06,,,,,extension56,same_receiving_gpu
reach-wall,23,matched_random_fixed_rank4,13,2.181850880694171e-06,1.9917482407811839e-07,9.201994897203578e-07,8.400233632076386e-08,34.17239629202185,34.17239467413966,-1.6178821908852115e-06,0.0002745091915130615,0.0003432035446166992,6.86943531036377e-05,0.0009862184524536133,0.0008061528205871582,-0.00018006563186645508,,,,,extension56,same_receiving_gpu
reach-wall,23,matched_random_fixed_rank4,14,2.11640509041193e-06,1.9320046813956246e-07,1.1834233538397845e-06,1.0803127766274465e-07,18.38503254867624,18.385033513552273,9.64876033293649e-07,0.0019407868385314941,0.001917719841003418,-2.3066997528076172e-05,0.00041678547859191895,0.0003643631935119629,-5.2422285079956055e-05,,,,,extension56,same_receiving_gpu
reach-wall,24,fixed_rank4,0,0.0,0.0,0.0,0.0,170.27262398456074,170.27262398456074,0.0,0.06969177722930908,0.06940364837646484,-0.0002881288528442383,0.0004775524139404297,0.0006382465362548828,0.00016069412231445312,True,10.0,0.000834883451461792,0.0009279768564164853,extension56,same_receiving_gpu
reach-wall,24,fixed_rank4,1,0.0,0.0,0.0,0.0,164.73858979598754,164.73858979598754,0.0,0.07672083377838135,0.077423095703125,0.0007022619247436523,0.0034188032150268555,0.004752755165100098,0.0013339519500732422,,,,,extension56,same_receiving_gpu
reach-wall,24,fixed_rank4,2,0.0,0.0,0.0,0.0,165.13992688225602,165.13992688225602,0.0,0.0029845833778381348,0.0011268854141235352,-0.0018576979637145996,0.0011168718338012695,0.0002835988998413086,-0.0008332729339599609,,,,,extension56,same_receiving_gpu
reach-wall,24,fixed_rank4,3,0.0,0.0,0.0,0.0,156.23683250848913,156.23683250848913,0.0,0.0077953338623046875,0.007137715816497803,-0.0006576180458068848,0.0008904933929443359,0.0007052421569824219,-0.00018525123596191406,,,,,extension56,same_receiving_gpu
reach-wall,24,fixed_rank4,4,0.0,0.0,0.0,0.0,146.46285514340772,146.46285514340772,0.0,0.034224629402160645,0.03287714719772339,-0.0013474822044372559,0.00032335519790649414,0.001160264015197754,0.0008369088172912598,,,,,extension56,same_receiving_gpu
reach-wall,24,fixed_rank4,5,1.555162432278609,0.14196625745726577,1.230430641148881,0.11232243626713108,138.31874107459328,139.53841358000165,1.2196725054083686,0.0036559700965881348,0.010281860828399658,0.0066258907318115234,0.0007877349853515625,0.004969537258148193,0.004181802272796631,,,,,extension56,same_receiving_gpu
reach-wall,24,fixed_rank4,6,2.499488426332848,0.22817103222093174,1.9871400748771453,0.1814002406554529,128.9832513769482,130.54887722599733,1.5656258490491268,0.016963422298431396,0.0009167492389678955,-0.0160466730594635,0.013051629066467285,0.0009454786777496338,-0.012106150388717651,,,,,extension56,same_receiving_gpu
reach-wall,24,fixed_rank4,7,3.868693780323637,0.3531618085938653,2.8424254240435993,0.25947675379581114,124.2892218816142,126.74984257932057,2.460620697706375,0.006186753511428833,0.006101399660110474,-8.535385131835938e-05,0.0016769468784332275,0.0030975043773651123,0.0014205574989318848,,,,,extension56,same_receiving_gpu
reach-wall,24,fixed_rank4,8,5.417015734677707,0.4945036187072333,4.120384751145726,0.3761379456338041,110.44363834615574,110.05087760692604,-0.39276073922970056,0.008852481842041016,0.00014212727546691895,-0.008710354566574097,0.0001119375228881836,0.0005088150501251221,0.0003968775272369385,,,,,extension56,same_receiving_gpu
reach-wall,24,fixed_rank4,9,6.9319632934615285,0.6327987772711137,4.068086964876197,0.3713638327592366,95.15479629188863,96.69567184766515,1.5408755557765232,0.016521364450454712,0.0005658864974975586,-0.015955477952957153,1.3560056686401367e-05,0.00034803152084350586,0.0003344714641571045,,,,,extension56,same_receiving_gpu
reach-wall,24,fixed_rank4,10,7.467920600912338,0.6817247617962038,4.558556388463637,0.41613736060346945,78.50868309831192,84.41072993644423,5.902046838132307,0.0031416714191436768,0.0006931126117706299,-0.002448558807373047,0.00015491247177124023,0.0005603134632110596,0.00040540099143981934,,,,,extension56,same_receiving_gpu
reach-wall,24,fixed_rank4,11,7.877350316412732,0.7191004102782852,4.379723759743138,0.3998122498087755,59.989209309952535,73.77170511047774,13.782495800525204,0.0015270411968231201,0.0021466314792633057,0.0006195902824401855,0.00032532215118408203,0.00027999281883239746,-4.532933235168457e-05,,,,,extension56,same_receiving_gpu
reach-wall,24,fixed_rank4,12,8.676577858902279,0.7920595692117758,3.9259089193872208,0.35838481230985186,46.244868870881255,53.64757866981776,7.402709798936506,0.003669232130050659,0.0021098852157592773,-0.0015593469142913818,0.0001450181007385254,3.5762786865234375e-07,-0.00014466047286987305,,,,,extension56,same_receiving_gpu
reach-wall,24,fixed_rank4,13,8.812057175796115,0.8044270822014664,3.838998859830758,0.3504510456276533,28.280937618904847,32.05006298838238,3.769125369477532,0.0027267634868621826,0.00045055150985717773,-0.002276211977005005,4.827976226806641e-06,3.439188003540039e-05,2.956390380859375e-05,,,,,extension56,same_receiving_gpu
reach-wall,24,fixed_rank4,14,9.462553673395032,0.8638090164203053,3.7498222565469743,0.342310372757617,14.971904529544638,15.390298509938654,0.41839398039401665,0.00024083256721496582,0.0012983083724975586,0.0010574758052825928,0.0006597638130187988,0.00010958313941955566,-0.0005501806735992432,,,,,extension56,same_receiving_gpu
reach-wall,24,matched_random_fixed_rank4,0,0.0,0.0,0.0,0.0,170.27262398456074,170.27262398456074,0.0,0.06969177722930908,0.06927049160003662,-0.00042128562927246094,0.0004775524139404297,0.0005587339401245117,8.118152618408203e-05,True,10.0,0.000733259916305542,0.0008438179767929957,extension56,same_receiving_gpu
reach-wall,24,matched_random_fixed_rank4,1,0.0,0.0,0.0,0.0,164.73858979598754,164.73858979598754,0.0,0.07672083377838135,0.07682228088378906,0.00010144710540771484,0.0034188032150268555,0.0034145116806030273,-4.291534423828125e-06,,,,,extension56,same_receiving_gpu
reach-wall,24,matched_random_fixed_rank4,2,0.0,0.0,0.0,0.0,165.13992688225602,165.13992688225602,0.0,0.0029845833778381348,0.0025482177734375,-0.00043636560440063477,0.0011168718338012695,0.000670313835144043,-0.00044655799865722656,,,,,extension56,same_receiving_gpu
reach-wall,24,matched_random_fixed_rank4,3,0.0,0.0,0.0,0.0,156.23683250848913,156.23683250848913,0.0,0.0077953338623046875,0.007650315761566162,-0.0001450181007385254,0.0008904933929443359,0.0009462237358093262,5.5730342864990234e-05,,,,,extension56,same_receiving_gpu
reach-wall,24,matched_random_fixed_rank4,4,0.0,0.0,0.0,0.0,146.46285514340772,146.46285514340772,0.0,0.034224629402160645,0.0339621901512146,-0.0002624392509460449,0.00032335519790649414,0.00019365549087524414,-0.00012969970703125,,,,,extension56,same_receiving_gpu
reach-wall,24,matched_random_fixed_rank4,5,5.085021257400513e-07,4.641968080119241e-08,5.707358718575703e-07,5.2100818565628193e-08,138.31874107459328,138.3187419366582,8.620649225576926e-07,0.0036559700965881348,0.0036556124687194824,-3.5762786865234375e-07,0.0007877349853515625,0.0005145668983459473,-0.00027316808700561523,,,,,extension56,same_receiving_gpu
reach-wall,24,matched_random_fixed_rank4,6,7.963412532739274e-07,7.269567798167746e-08,6.805769948166153e-07,6.212789536335612e-08,128.9832513769482,128.98325277178813,1.3948399271157541e-06,0.016963422298431396,0.016939997673034668,-2.3424625396728516e-05,0.013051629066467285,0.013292282819747925,0.00024065375328063965,,,,,extension56,same_receiving_gpu
reach-wall,24,matched_random_fixed_rank4,7,1.2528113057042515e-06,1.143655020719532e-07,9.492694653980019e-07,8.665604989155923e-08,124.2892218816142,124.28922340864342,1.5270292266222896e-06,0.006186753511428833,0.006304323673248291,0.00011757016181945801,0.0016769468784332275,0.0015114247798919678,-0.00016552209854125977,,,,,extension56,same_receiving_gpu
reach-wall,24,matched_random_fixed_rank4,8,1.166676231090032e-06,1.0650248151218676e-07,9.750871747125915e-07,8.90128735206779e-08,110.44363834615574,110.44363978732372,1.4411679813974843e-06,0.008852481842041016,0.008724451065063477,-0.00012803077697753906,0.0001119375228881836,1.990795135498047e-05,-9.202957153320312e-05,,,,,extension56,same_receiving_gpu
reach-wall,24,matched_random_fixed_rank4,9,1.5437153196903637,0.14092128382678518,1.024096102681127,0.09348675608193002,95.15479629188863,94.57824182770929,-0.5765544641793383,0.016521364450454712,0.01587808132171631,-0.0006432831287384033,1.3560056686401367e-05,0.0012555122375488281,0.0012419521808624268,,,,,extension56,same_receiving_gpu
reach-wall,24,matched_random_fixed_rank4,10,3.72522632423681,0.34006508159942583,2.517722369200432,0.2298355558577378,78.50868309831192,80.26160853583261,1.7529254375206875,0.0031416714191436768,0.00021690130233764648,-0.0029247701168060303,0.00015491247177124023,0.0003586411476135254,0.00020372867584228516,,,,,extension56,same_receiving_gpu
reach-wall,24,matched_random_fixed_rank4,11,4.124525356420028,0.3765159294522141,2.8373188804474094,0.2590105922760582,59.989209309952535,68.84791253105747,8.858703221104939,0.0015270411968231201,0.003233581781387329,0.001706540584564209,0.00032532215118408203,0.001223236322402954,0.0008979141712188721,,,,,extension56,same_receiving_gpu
reach-wall,24,matched_random_fixed_rank4,12,4.251524069717892,0.3881092727934426,3.3194201272416524,0.3030202135878203,46.244868870881255,51.595880039124395,5.35101116824314,0.003669232130050659,0.00010228157043457031,-0.003566950559616089,0.0001450181007385254,0.0006223320960998535,0.0004773139953613281,,,,,extension56,same_receiving_gpu
reach-wall,24,matched_random_fixed_rank4,13,5.090543722402643,0.4647009377877073,3.948365393850711,0.3604347985808006,28.280937618904847,31.58719137797041,3.3062537590655623,0.0027267634868621826,0.0011221766471862793,-0.0016045868396759033,4.827976226806641e-06,0.0012865662574768066,0.00128173828125,,,,,extension56,same_receiving_gpu
reach-wall,24,matched_random_fixed_rank4,14,6.147449495196456,0.5611827932738077,3.631212704268842,0.33148285153789675,14.971904529544638,17.85748810443081,2.885583574886173,0.00024083256721496582,1.4841556549072266e-05,-0.00022599101066589355,0.0006597638130187988,0.00037863850593566895,-0.0002811253070831299,,,,,extension56,same_receiving_gpu
reach-wall,25,fixed_rank4,0,0.0,0.0,0.0,0.0,170.27262398456074,170.27262398456074,0.0,0.047528743743896484,0.047678232192993164,0.0001494884490966797,0.0030374526977539062,0.0035316944122314453,0.0004942417144775391,True,10.0,0.00020707448323567708,0.0004445899098613602,extension56,same_receiving_gpu
reach-wall,25,fixed_rank4,1,0.0,0.0,0.0,0.0,169.14177560606078,169.14177560606078,0.0,0.03808248043060303,0.03847324848175049,0.00039076805114746094,0.004939436912536621,0.005721449851989746,0.000782012939453125,,,,,extension56,same_receiving_gpu
reach-wall,25,fixed_rank4,2,3.502577787613257e-07,3.1974014394871993e-08,5.748063779469106e-07,5.247240323322716e-08,163.13982160108785,163.13982105473798,-5.463498666813393e-07,0.002650022506713867,0.0025905370712280273,-5.9485435485839844e-05,0.023139357566833496,0.023554444313049316,0.0004150867462158203,,,,,extension56,same_receiving_gpu
reach-wall,25,fixed_rank4,3,4.73126534174577e-07,4.3190345886942446e-08,6.508925458145605e-07,5.941808830909993e-08,156.22544359810115,156.225443577126,-2.0975164716219297e-08,0.0030536651611328125,0.002720355987548828,-0.0003333091735839844,0.001421809196472168,0.002537369728088379,0.001115560531616211,,,,,extension56,same_receiving_gpu
reach-wall,25,fixed_rank4,4,7.925058516725396e-07,7.234555531931554e-08,8.183437715617407e-07,7.470422391303667e-08,152.39628663539622,152.39628704837878,4.129825583731872e-07,0.010367870330810547,0.012304067611694336,0.001936197280883789,0.0005328655242919922,9.369850158691406e-05,-0.0004391670227050781,,,,,extension56,same_receiving_gpu
reach-wall,25,fixed_rank4,5,1.560032748119238,0.14241085443194695,1.277978117163326,0.11666290712805562,148.12382506131553,149.0403393418867,0.9165142805711639,0.02940821647644043,0.02398240566253662,-0.005425810813903809,0.018284320831298828,0.006169795989990234,-0.012114524841308594,,,,,extension56,same_receiving_gpu
reach-wall,25,fixed_rank4,6,2.2433853702896687,0.2047921287474552,1.7877890190945709,0.16320206230302176,148.21368935196566,145.64534070823072,-2.568348643734936,0.03740990161895752,0.006933689117431641,-0.03047621250152588,0.0007277727127075195,0.003233671188354492,0.0025058984756469727,,,,,extension56,same_receiving_gpu
reach-wall,25,fixed_rank4,7,3.231905188492072,0.29503122924251557,2.6034229112498295,0.23765890920288363,143.89954608730295,137.12261065386406,-6.776935433438894,0.03935039043426514,0.003628253936767578,-0.03572213649749756,0.0036301612854003906,0.003672301769256592,4.214048385620117e-05,,,,,extension56,same_receiving_gpu
reach-wall,25,fixed_rank4,8,4.7342056743599334,0.43217187328598206,2.959178430122389,0.27013479631012627,137.70673067224243,130.7519511429897,-6.954779529252733,0.030441880226135254,0.004829466342926025,-0.02561241388320923,0.0005333423614501953,0.005263686180114746,0.004730343818664551,,,,,extension56,same_receiving_gpu
reach-wall,25,fixed_rank4,9,5.610425985407786,0.5121594782368324,3.3364227135730036,0.30457233026608865,127.88934138975452,117.48465021304828,-10.404691176706237,0.004598736763000488,0.0037140846252441406,-0.0008846521377563477,0.003634512424468994,0.003962159156799316,0.00032764673233032227,,,,,extension56,same_receiving_gpu
reach-wall,25,fixed_rank4,10,7.344236591500945,0.6704340081366535,3.9320634349601113,0.3589466401448168,118.57102588880619,114.85672149597909,-3.7143043928271027,0.006141185760498047,0.01068645715713501,0.004545271396636963,0.002611815929412842,0.004735350608825684,0.002123534679412842,,,,,extension56,same_receiving_gpu
reach-wall,25,fixed_rank4,11,8.193769760630797,0.7479854214835321,4.665713292791726,0.4259194028856223,106.59485071293105,105.60357383188828,-0.991276881042765,7.468461990356445e-05,0.03727596998214722,0.03720128536224365,0.00018155574798583984,0.0007203221321105957,0.0005387663841247559,,,,,extension56,same_receiving_gpu
reach-wall,25,fixed_rank4,12,8.888594778098058,0.811413977414489,4.148720967665816,0.3787246764642047,95.96299344429526,94.94086990234395,-1.0221235419513164,0.010797619819641113,0.027266979217529297,0.016469359397888184,0.0029942989349365234,0.000432431697845459,-0.0025618672370910645,,,,,extension56,same_receiving_gpu
reach-wall,25,fixed_rank4,13,9.276596223993327,0.8468335014580654,4.030650890045464,0.36794640231769593,83.36391277247392,81.28583129104805,-2.078081481425869,0.007141172885894775,0.002879798412322998,-0.004261374473571777,0.0012484192848205566,0.0004864335060119629,-0.0007619857788085938,,,,,extension56,same_receiving_gpu
reach-wall,25,fixed_rank4,14,10.149302753571225,0.9265003435133762,4.048971069577464,0.3696187982488994,74.35146082385418,71.78399668601887,-2.567464137835316,0.014063358306884766,0.002415776252746582,-0.011647582054138184,0.0005072951316833496,0.0022943615913391113,0.0017870664596557617,,,,,extension56,same_receiving_gpu
reach-wall,25,matched_random_fixed_rank4,0,0.0,0.0,0.0,0.0,170.27262398456074,170.27262398456074,0.0,0.047528743743896484,0.04801797866821289,0.0004892349243164062,0.0030374526977539062,0.0035104751586914062,0.0004730224609375,True,10.0,0.00032842397689819336,0.0005298514800553227,extension56,same_receiving_gpu
reach-wall,25,matched_random_fixed_rank4,1,0.0,0.0,0.0,0.0,169.14177560606078,169.14177560606078,0.0,0.03808248043060303,0.038327693939208984,0.00024521350860595703,0.004939436912536621,0.0054482221603393555,0.0005087852478027344,,,,,extension56,same_receiving_gpu
reach-wall,25,matched_random_fixed_rank4,2,0.0,0.0,0.0,0.0,163.13982160108785,163.13982160108785,0.0,0.002650022506713867,0.002515077590942383,-0.00013494491577148438,0.023139357566833496,0.02332460880279541,0.00018525123596191406,,,,,extension56,same_receiving_gpu
reach-wall,25,matched_random_fixed_rank4,3,0.0,0.0,0.0,0.0,156.22544359810115,156.22544359810115,0.0,0.0030536651611328125,0.0033817291259765625,0.00032806396484375,0.001421809196472168,0.0016633272171020508,0.0002415180206298828,,,,,extension56,same_receiving_gpu
reach-wall,25,matched_random_fixed_rank4,4,0.0,0.0,0.0,0.0,152.39628663539622,152.39628663539622,0.0,0.010367870330810547,0.011527538299560547,0.00115966796875,0.0005328655242919922,0.0005915164947509766,5.8650970458984375e-05,,,,,extension56,same_receiving_gpu
reach-wall,25,matched_random_fixed_rank4,5,0.0,0.0,0.0,0.0,148.12382506131553,148.12382506131553,0.0,0.02940821647644043,0.029546618461608887,0.00013840198516845703,0.018284320831298828,0.018016815185546875,-0.0002675056457519531,,,,,extension56,same_receiving_gpu
reach-wall,25,matched_random_fixed_rank4,6,0.0,0.0,0.0,0.0,148.21368935196566,148.21368935196566,0.0,0.03740990161895752,0.037586092948913574,0.0001761913299560547,0.0007277727127075195,0.0005424022674560547,-0.00018537044525146484,,,,,extension56,same_receiving_gpu
reach-wall,25,matched_random_fixed_rank4,7,0.0,0.0,0.0,0.0,143.89954608730295,143.89954608730295,0.0,0.03935039043426514,0.03933817148208618,-1.2218952178955078e-05,0.0036301612854003906,0.00368344783782959,5.328655242919922e-05,,,,,extension56,same_receiving_gpu
reach-wall,25,matched_random_fixed_rank4,8,0.0,0.0,0.0,0.0,137.70673067224243,137.70673067224243,0.0,0.030441880226135254,0.030481278896331787,3.93986701965332e-05,0.0005333423614501953,0.0005867481231689453,5.340576171875e-05,,,,,extension56,same_receiving_gpu
reach-wall,25,matched_random_fixed_rank4,9,0.0,0.0,0.0,0.0,127.88934138975452,127.88934138975452,0.0,0.004598736763000488,0.0044876933097839355,-0.00011104345321655273,0.003634512424468994,0.003733515739440918,9.900331497192383e-05,,,,,extension56,same_receiving_gpu
reach-wall,25,matched_random_fixed_rank4,10,0.0,0.0,0.0,0.0,118.57102588880619,118.57102588880619,0.0,0.006141185760498047,0.006071746349334717,-6.943941116333008e-05,0.002611815929412842,0.0025712251663208008,-4.0590763092041016e-05,,,,,extension56,same_receiving_gpu
reach-wall,25,matched_random_fixed_rank4,11,0.0,0.0,0.0,0.0,106.59485071293105,106.59485071293105,0.0,7.468461990356445e-05,2.2232532501220703e-05,-5.245208740234375e-05,0.00018155574798583984,0.0001938343048095703,1.2278556823730469e-05,,,,,extension56,same_receiving_gpu
reach-wall,25,matched_random_fixed_rank4,12,0.0,0.0,0.0,0.0,95.96299344429526,95.96299344429526,0.0,0.010797619819641113,0.010886967182159424,8.934736251831055e-05,0.0029942989349365234,0.0029999613761901855,5.662441253662109e-06,,,,,extension56,same_receiving_gpu
reach-wall,25,matched_random_fixed_rank4,13,0.0,0.0,0.0,0.0,83.36391277247392,83.36391277247392,0.0,0.007141172885894775,0.007149219512939453,8.046627044677734e-06,0.0012484192848205566,0.0012398362159729004,-8.58306884765625e-06,,,,,extension56,same_receiving_gpu
reach-wall,25,matched_random_fixed_rank4,14,0.0,0.0,0.0,0.0,74.35146082385418,74.35146082385418,0.0,0.014063358306884766,0.014069855213165283,6.496906280517578e-06,0.0005072951316833496,0.00045478343963623047,-5.251169204711914e-05,,,,,extension56,same_receiving_gpu
reach-wall,26,fixed_rank4,0,0.0,0.0,0.0,0.0,170.27262398456074,170.27262398456074,0.0,0.0009419918060302734,0.002009868621826172,0.0010678768157958984,0.0020818710327148438,0.0020341873168945312,-4.76837158203125e-05,True,10.0,0.00042130629221598305,0.0005705281116450174,extension56,same_receiving_gpu
reach-wall,26,fixed_rank4,1,0.0,0.0,0.0,0.0,156.57117953093763,156.57117953093763,0.0,0.0132826566696167,0.012879133224487305,-0.00040352344512939453,0.015282273292541504,0.014063119888305664,-0.0012191534042358398,,,,,extension56,same_receiving_gpu
reach-wall,26,fixed_rank4,2,0.0,0.0,0.0,0.0,149.00966768984495,149.00966768984495,0.0,0.04224288463592529,0.041877031326293945,-0.00036585330963134766,0.007187008857727051,0.007158517837524414,-2.849102020263672e-05,,,,,extension56,same_receiving_gpu
reach-wall,26,fixed_rank4,3,0.0,0.0,0.0,0.0,137.4033000611348,137.4033000611348,0.0,0.04491996765136719,0.044641852378845215,-0.00027811527252197266,0.0013512372970581055,0.0017802715301513672,0.0004290342330932617,,,,,extension56,same_receiving_gpu
reach-wall,26,fixed_rank4,4,8.533827211195837e-07,7.790282775705607e-08,5.306152646173494e-07,4.843832496458251e-08,127.67496241699732,127.67496270236606,2.8536874197016004e-07,0.006314218044281006,0.0064032673835754395,8.90493392944336e-05,0.011141836643218994,0.010768651962280273,-0.0003731846809387207,,,,,extension56,same_receiving_gpu
reach-wall,26,fixed_rank4,5,1.4488982672895283e-06,1.3226571075410402e-07,8.451730556778451e-07,7.715339126505424e-08,120.88308203312965,120.88308189724357,-1.3588608283043868e-07,0.1329120397567749,0.13292425870895386,1.2218952178955078e-05,0.004671335220336914,0.004676759243011475,5.424022674560547e-06,,,,,extension56,same_receiving_gpu
reach-wall,26,fixed_rank4,6,1.4082795307920364e-06,1.285577443812649e-07,1.1251116800911825e-06,1.0270817448307946e-07,115.97437008926914,115.9743698643428,-2.2492633888759883e-07,0.017966270446777344,0.017489910125732422,-0.0004763603210449219,0.004155278205871582,0.00355374813079834,-0.0006015300750732422,,,,,extension56,same_receiving_gpu
reach-wall,26,fixed_rank4,7,1.6586549305621704e-06,1.514137867643443e-07,1.097893044806976e-06,1.0022346439480179e-07,108.77676916424525,108.77677009677538,9.325301277840481e-07,0.003299415111541748,0.0033872127532958984,8.779764175415039e-05,0.0013551115989685059,0.0005339980125427246,-0.0008211135864257812,,,,,extension56,same_receiving_gpu
reach-wall,26,fixed_rank4,8,1.7428947429602938e-06,1.5910379434608688e-07,1.1428326063641316e-06,1.0432586632634282e-07,99.0159915395474,99.01599334998636,1.8104389596373949e-06,0.01775503158569336,0.018320143222808838,0.0005651116371154785,8.463859558105469e-05,2.8073787689208984e-05,-5.65648078918457e-05,,,,,extension56,same_receiving_gpu
reach-wall,26,fixed_rank4,9,2.768378754825725e-06,2.5271724862268555e-07,1.3285870640840728e-06,1.2128285076806806e-07,91.82328020824562,91.8232842416301,4.033384485069291e-06,0.0011387467384338379,0.0005924701690673828,-0.0005462765693664551,0.00015461444854736328,0.0008780956268310547,0.0007234811782836914,,,,,extension56,same_receiving_gpu
reach-wall,26,fixed_rank4,10,3.7161661333913377e-06,3.392380031158646e-07,1.343275835698698e-06,1.226237460272967e-07,82.00568064925497,82.00568348878821,2.8395332378750027e-06,0.0014371275901794434,0.0006482601165771484,-0.0007888674736022949,0.0002830624580383301,0.00020754337310791016,-7.551908493041992e-05,,,,,extension56,same_receiving_gpu
reach-wall,26,fixed_rank4,11,1.0352776862753303,0.09450749034245914,0.8388000585711585,0.07657161888601301,69.0192561668517,69.49192753845503,0.47267137160332595,0.0017740130424499512,0.0009039640426635742,-0.000870048999786377,0.00015163421630859375,0.00040531158447265625,0.0002536773681640625,,,,,extension56,same_receiving_gpu
reach-wall,26,fixed_rank4,12,2.2454264724914292,0.20497845503380152,1.5615205656413897,0.14254667296833592,58.99706912400312,61.9669741326212,2.9699050086180847,0.004761695861816406,0.0003635585308074951,-0.004398137331008911,0.0005363225936889648,5.6624412536621094e-05,-0.00047969818115234375,,,,,extension56,same_receiving_gpu
reach-wall,26,fixed_rank4,13,2.968254762552278,0.27096334831200386,1.4925004829996626,0.13624603027104515,46.312950617032726,52.25326727240588,5.940316655373152,0.003562837839126587,0.0054246485233306885,0.0018618106842041016,0.0006552934646606445,5.6743621826171875e-05,-0.0005985498428344727,,,,,extension56,same_receiving_gpu
reach-wall,26,fixed_rank4,14,3.5452242384086907,0.3236332144650855,1.4618533269910374,0.1334483404928278,34.385406361014226,34.61232148818736,0.226915127173136,0.0018481314182281494,0.0025053024291992188,0.0006571710109710693,8.320808410644531e-05,8.52346420288086e-05,2.0265579223632812e-06,,,,,extension56,same_receiving_gpu
reach-wall,26,matched_random_fixed_rank4,0,0.0,0.0,0.0,0.0,170.27262398456074,170.27262398456074,0.0,0.0009419918060302734,0.0015952587127685547,0.0006532669067382812,0.0020818710327148438,0.0018112659454345703,-0.00027060508728027344,True,10.0,0.0005582038561503092,0.0006861270498309272,extension56,same_receiving_gpu
reach-wall,26,matched_random_fixed_rank4,1,0.0,0.0,0.0,0.0,156.57117953093763,156.57117953093763,0.0,0.0132826566696167,0.012907624244689941,-0.0003750324249267578,0.015282273292541504,0.015228271484375,-5.4001808166503906e-05,,,,,extension56,same_receiving_gpu
reach-wall,26,matched_random_fixed_rank4,2,0.0,0.0,0.0,0.0,149.00966768984495,149.00966768984495,0.0,0.04224288463592529,0.042288780212402344,4.589557647705078e-05,0.007187008857727051,0.0072013139724731445,1.430511474609375e-05,,,,,extension56,same_receiving_gpu
reach-wall,26,matched_random_fixed_rank4,3,0.0,0.0,0.0,0.0,137.4033000611348,137.4033000611348,0.0,0.04491996765136719,0.04486989974975586,-5.0067901611328125e-05,0.0013512372970581055,0.0013561248779296875,4.887580871582031e-06,,,,,extension56,same_receiving_gpu
reach-wall,26,matched_random_fixed_rank4,4,0.0,0.0,0.0,0.0,127.67496241699732,127.67496241699732,0.0,0.006314218044281006,0.006284356117248535,-2.9861927032470703e-05,0.011141836643218994,0.011074542999267578,-6.729364395141602e-05,,,,,extension56,same_receiving_gpu
reach-wall,26,matched_random_fixed_rank4,5,4.3518937342550485e-07,3.972717276861472e-08,4.876574329123965e-07,4.4516829390196966e-08,120.88308203312965,120.88308121530326,-8.178263897207216e-07,0.1329120397567749,0.1329231858253479,1.1146068572998047e-05,0.004671335220336914,0.004619300365447998,-5.2034854888916016e-05,,,,,extension56,same_receiving_gpu
reach-wall,26,matched_random_fixed_rank4,6,5.062627026837167e-07,4.621525038056713e-08,5.993898320531477e-07,5.471655529245701e-08,115.97437008926914,115.97436857577755,-1.5134915969383655e-06,0.017966270446777344,0.018054425716400146,8.815526962280273e-05,0.004155278205871582,0.00426715612411499,0.0001118779182434082,,,,,extension56,same_receiving_gpu
reach-wall,26,matched_random_fixed_rank4,7,6.352835631586802e-07,5.7993189659044506e-08,6.125809190003415e-07,5.592073127228867e-08,108.77676916424525,108.77676770758481,-1.4566604420451768e-06,0.003299415111541748,0.0033185482025146484,1.913309097290039e-05,0.0013551115989685059,0.001213371753692627,-0.0001417398452758789,,,,,extension56,same_receiving_gpu
reach-wall,26,matched_random_fixed_rank4,8,9.060059948496816e-07,8.270665343568e-08,7.119886467099362e-07,6.499537374843475e-08,99.0159915395474,99.01599023102261,-1.3085247871913452e-06,0.01775503158569336,0.017793595790863037,3.8564205169677734e-05,8.463859558105469e-05,8.392333984375e-05,-7.152557373046875e-07,,,,,extension56,same_receiving_gpu
reach-wall,26,matched_random_fixed_rank4,9,8.697301354491384e-07,7.939513568791944e-08,6.440336342148277e-07,5.8791958208582017e-08,91.82328020824562,91.82327891460066,-1.293644956490425e-06,0.0011387467384338379,0.0011550188064575195,1.627206802368164e-05,0.00015461444854736328,0.00020641088485717773,5.179643630981445e-05,,,,,extension56,same_receiving_gpu
reach-wall,26,matched_random_fixed_rank4,10,1.1062579474516565e-06,1.0098707203977283e-07,7.481807595868821e-07,6.829924651951415e-08,82.00568064925497,82.00567894418734,-1.7050676319740887e-06,0.0014371275901794434,0.0014368891716003418,-2.384185791015625e-07,0.0002830624580383301,0.00033104419708251953,4.798173904418945e-05,,,,,extension56,same_receiving_gpu
reach-wall,26,matched_random_fixed_rank4,11,1.1753875951712197e-06,1.0729771661450454e-07,6.813921550019786e-07,6.220230896694005e-08,69.0192561668517,69.01925410988213,-2.056969577779455e-06,0.0017740130424499512,0.0018805265426635742,0.00010651350021362305,0.00015163421630859375,0.0001074075698852539,-4.4226646423339844e-05,,,,,extension56,same_receiving_gpu
reach-wall,26,matched_random_fixed_rank4,12,1.4466965346401947e-06,1.3206472098116475e-07,7.676629348034416e-07,7.007771765874378e-08,58.99706912400312,58.997067225348154,-1.8986549648047912e-06,0.004761695861816406,0.004747569561004639,-1.4126300811767578e-05,0.0005363225936889648,0.0005140304565429688,-2.2292137145996094e-05,,,,,extension56,same_receiving_gpu
reach-wall,26,matched_random_fixed_rank4,13,1.8469820264329066e-06,1.6860561986398432e-07,4.5491270787935696e-07,4.152765863354699e-08,46.312950617032726,46.312948375612535,-2.241420190784993e-06,0.003562837839126587,0.0036054253578186035,4.25875186920166e-05,0.0006552934646606445,0.0005735158920288086,-8.177757263183594e-05,,,,,extension56,same_receiving_gpu
reach-wall,26,matched_random_fixed_rank4,14,1.7787159157240159e-06,1.6237380507258358e-07,4.5155989221831674e-07,4.122158983876227e-08,34.385406361014226,34.3854047349442,-1.6260700235193326e-06,0.0018481314182281494,0.0018579363822937012,9.804964065551758e-06,8.320808410644531e-05,9.086728096008301e-05,7.659196853637695e-06,,,,,extension56,same_receiving_gpu
reach-wall,27,fixed_rank4,0,0.0,0.0,0.0,0.0,170.27262398456074,170.27262398456074,0.0,0.07687103748321533,0.07706964015960693,0.00019860267639160156,0.006853818893432617,0.006652951240539551,-0.0002008676528930664,True,10.0,0.0006284316380818685,0.0007160631894508213,extension56,same_receiving_gpu
reach-wall,27,fixed_rank4,1,0.0,0.0,0.0,0.0,167.04337236500857,167.04337236500857,0.0,0.07772302627563477,0.07692241668701172,-0.0008006095886230469,0.003897547721862793,0.0032510757446289062,-0.0006464719772338867,,,,,extension56,same_receiving_gpu
reach-wall,27,fixed_rank4,2,0.0,0.0,0.0,0.0,158.09610590575483,158.09610590575483,0.0,0.0938805341720581,0.09527993202209473,0.001399397850036621,0.000644683837890625,0.0002110004425048828,-0.0004336833953857422,,,,,extension56,same_receiving_gpu
reach-wall,27,fixed_rank4,3,1.5237306739259617,0.13909694361196634,1.212626095719004,0.11069711107411954,145.49071256085207,145.2775514494226,-0.21316111142948557,0.015253722667694092,0.026958048343658447,0.011704325675964355,0.0036186575889587402,0.0015832185745239258,-0.0020354390144348145,,,,,extension56,same_receiving_gpu
reach-wall,27,fixed_rank4,4,2.192584668967053,0.20015468040554202,1.6168797839439768,0.14760025507336588,135.7727895638243,135.3007003795503,-0.47208918427398316,0.00691986083984375,0.02223372459411621,0.015313863754272461,0.006757080554962158,0.0017608404159545898,-0.004996240139007568,,,,,extension56,same_receiving_gpu
reach-wall,27,fixed_rank4,5,2.87790742835984,0.2627158028207278,1.903612613643912,0.17377526154068954,127.69125505738569,127.03898375775614,-0.6522712996295468,0.01092076301574707,0.001378178596496582,-0.009542584419250488,0.0016204118728637695,0.0008660554885864258,-0.0007543563842773438,,,,,extension56,same_receiving_gpu
reach-wall,27,fixed_rank4,6,4.241385112549224,0.38718371686829967,2.8808062008028865,0.2629804233300831,122.49348381442508,115.57843490209873,-6.915048912326341,0.018547773361206055,0.023757338523864746,0.005209565162658691,0.0008112192153930664,0.0016516447067260742,0.0008404254913330078,,,,,extension56,same_receiving_gpu
reach-wall,27,fixed_rank4,7,5.111007684466058,0.466569033394051,3.36561066337129,0.307236813351397,116.06796560165867,108.06054095510532,-8.007424646553346,0.0007548928260803223,0.006080985069274902,0.00532609224319458,0.00013625621795654297,0.0020562708377838135,0.0019200146198272705,,,,,extension56,same_receiving_gpu
reach-wall,27,fixed_rank4,8,6.5117658889484655,0.5944401777616258,3.463715679593866,0.31619253508298284,111.13357190192448,103.05469145790596,-8.078880444018523,0.02383732795715332,0.006090402603149414,-0.017746925354003906,0.00023937225341796875,0.0016668140888214111,0.0014274418354034424,,,,,extension56,same_receiving_gpu
reach-wall,27,fixed_rank4,9,6.996785670335753,0.6387162236119661,3.790379491893519,0.34601272486917506,97.81576568072242,93.3035924316876,-4.5121732490348165,0.0042923688888549805,0.004577219486236572,0.0002848505973815918,0.00019249320030212402,0.0007508397102355957,0.0005583465099334717,,,,,extension56,same_receiving_gpu
reach-wall,27,fixed_rank4,10,6.86806665410005,0.6269658388166048,3.935961447834111,0.35930247840823926,75.93719167002709,84.00024202640805,8.063050356380955,0.001037001609802246,0.0027447640895843506,0.0017077624797821045,3.5315752029418945e-05,0.0006538629531860352,0.0006185472011566162,,,,,extension56,same_receiving_gpu
reach-wall,27,fixed_rank4,11,7.041549986354547,0.6428026278877634,4.391507332266161,0.40088793788858523,57.491456360109616,66.42096989681181,8.929513536702196,0.0019037127494812012,0.0006605386734008789,-0.0012431740760803223,0.00035184621810913086,0.0008490681648254395,0.0004972219467163086,,,,,extension56,same_receiving_gpu
reach-wall,27,fixed_rank4,12,7.676534015733868,0.7007684739788594,4.391281611594227,0.40086733250463297,38.82057867937023,49.95229433051833,11.131715651148099,0.004504293203353882,0.0006337165832519531,-0.0038705766201019287,9.912252426147461e-05,0.0005658566951751709,0.0004667341709136963,,,,,extension56,same_receiving_gpu
reach-wall,27,fixed_rank4,13,7.744723608303149,0.7069933036517398,3.770912524688715,0.3442356420251277,23.911764130642915,30.906398966023556,6.994634835380641,0.0006788969039916992,0.0007571876049041748,7.829070091247559e-05,0.00011476874351501465,0.000122755765914917,7.987022399902344e-06,,,,,extension56,same_receiving_gpu
reach-wall,27,fixed_rank4,14,8.536668003802847,0.7792876052692361,3.506537724775248,0.3201016351003742,7.403673974716746,20.6806308045585,13.276956829841755,0.0018265843391418457,0.0013742148876190186,-0.00045236945152282715,2.4110078811645508e-05,1.6391277313232422e-05,-7.718801498413086e-06,,,,,extension56,same_receiving_gpu
reach-wall,27,matched_random_fixed_rank4,0,0.0,0.0,0.0,0.0,170.27262398456074,170.27262398456074,0.0,0.07687103748321533,0.07738602161407471,0.000514984130859375,0.006853818893432617,0.007610440254211426,0.0007566213607788086,True,10.0,0.0006003999710083008,0.0007035272368031322,extension56,same_receiving_gpu
reach-wall,27,matched_random_fixed_rank4,1,0.0,0.0,0.0,0.0,167.04337236500857,167.04337236500857,0.0,0.07772302627563477,0.0774223804473877,-0.0003006458282470703,0.003897547721862793,0.0035477876663208008,-0.0003497600555419922,,,,,extension56,same_receiving_gpu
reach-wall,27,matched_random_fixed_rank4,2,4.148610879647559e-07,3.78714626849053e-08,5.607273495860928e-07,5.118716966306468e-08,158.09610590575483,158.09610544063696,-4.6511786422342993e-07,0.0938805341720581,0.09419059753417969,0.00031006336212158203,0.000644683837890625,0.00047016143798828125,-0.00017452239990234375,,,,,extension56,same_receiving_gpu
reach-wall,27,matched_random_fixed_rank4,3,8.963002443446313e-07,8.182064368749113e-08,7.935480449017494e-07,7.244069410946843e-08,145.49071256085207,145.49071200352256,-5.573295140948176e-07,0.015253722667694092,0.015375971794128418,0.00012224912643432617,0.0036186575889587402,0.003926575183868408,0.00030791759490966797,,,,,extension56,same_receiving_gpu
reach-wall,27,matched_random_fixed_rank4,4,1.4156083603939784e-06,1.2922677193011413e-07,9.02597172314394e-07,8.239547193616184e-08,135.7727895638243,135.77279047865738,9.148330946118222e-07,0.00691986083984375,0.006823420524597168,-9.644031524658203e-05,0.006757080554962158,0.006756246089935303,-8.344650268554688e-07,,,,,extension56,same_receiving_gpu
reach-wall,27,matched_random_fixed_rank4,5,1.7329008429896865e-06,1.5819148027086156e-07,9.787238760991709e-07,8.934485741806786e-08,127.69125505738569,127.69125564984785,5.924621575559286e-07,0.01092076301574707,0.010902881622314453,-1.7881393432617188e-05,0.0016204118728637695,0.0015472769737243652,-7.31348991394043e-05,,,,,extension56,same_receiving_gpu
reach-wall,27,matched_random_fixed_rank4,6,3.2641768461295123e-06,2.9797721505186725e-07,9.508762439217458e-07,8.680272803195413e-08,122.49348381442508,122.49348528976961,1.4753445327642112e-06,0.018547773361206055,0.018619537353515625,7.176399230957031e-05,0.0008112192153930664,0.001079559326171875,0.0002683401107788086,,,,,extension56,same_receiving_gpu
reach-wall,27,matched_random_fixed_rank4,7,4.229778930805381e-06,3.8612422227703174e-07,1.1041197363464042e-06,1.0079188096393037e-07,116.06796560165867,116.06796680766654,1.2060078660169893e-06,0.0007548928260803223,0.0007372498512268066,-1.7642974853515625e-05,0.00013625621795654297,0.00010472536087036133,-3.153085708618164e-05,,,,,extension56,same_receiving_gpu
reach-wall,27,matched_random_fixed_rank4,8,3.6131019074128845e-06,3.298295695424965e-07,1.3194260925733873e-06,1.2044657231055727e-07,111.13357190192448,111.1335727849198,8.82995323081559e-07,0.02383732795715332,0.02372586727142334,-0.00011146068572998047,0.00023937225341796875,0.00018203258514404297,-5.733966827392578e-05,,,,,extension56,same_receiving_gpu
reach-wall,27,matched_random_fixed_rank4,9,3.904255303183632e-06,3.5640811663547445e-07,1.1425411293928368e-06,1.0429925824098092e-07,97.81576568072242,97.81576628392182,6.031993962096749e-07,0.0042923688888549805,0.0042060017585754395,-8.636713027954102e-05,0.00019249320030212402,0.0002796947956085205,8.720159530639648e-05,,,,,extension56,same_receiving_gpu
reach-wall,27,matched_random_fixed_rank4,10,4.514424769130239e-06,4.1210871336878056e-07,9.600558082964786e-07,8.76407037779728e-08,75.93719167002709,75.93719300040246,1.3303753689797304e-06,0.001037001609802246,0.0010167062282562256,-2.0295381546020508e-05,3.5315752029418945e-05,1.919269561767578e-05,-1.6123056411743164e-05,,,,,extension56,same_receiving_gpu
reach-wall,27,matched_random_fixed_rank4,11,4.635266087078492e-06,4.231399659885992e-07,1.0402835638677425e-06,9.496446235537145e-08,57.491456360109616,57.49145886958417,2.5094745552678432e-06,0.0019037127494812012,0.0018943846225738525,-9.328126907348633e-06,0.00035184621810913086,0.00029081106185913086,-6.103515625e-05,,,,,extension56,same_receiving_gpu
reach-wall,27,matched_random_fixed_rank4,12,4.588368016195995e-06,4.1885877743429596e-07,1.0712525516440057e-06,9.779153122006497e-08,38.820578679370236,38.8205832482765,4.56890626310269e-06,0.004504293203353882,0.004463464021682739,-4.082918167114258e-05,9.912252426147461e-05,0.0001843273639678955,8.52048397064209e-05,,,,,extension56,same_receiving_gpu
reach-wall,27,matched_random_fixed_rank4,13,3.979659927195112e-06,3.632915855540216e-07,1.0779164654190312e-06,9.839986053604013e-08,23.911764130642915,23.911769506499667,5.375856751754782e-06,0.0006788969039916992,0.0006881058216094971,9.208917617797852e-06,0.00011476874351501465,0.0001150965690612793,3.2782554626464844e-07,,,,,extension56,same_receiving_gpu
reach-wall,27,matched_random_fixed_rank4,14,4.0740368315602705e-06,3.7190697879207247e-07,1.1139552390574485e-06,1.0168973541380407e-07,7.403673974716745,7.403680987234088,7.012517342808167e-06,0.0018265843391418457,0.001811206340789795,-1.537799835205078e-05,2.4110078811645508e-05,7.206201553344727e-05,4.795193672180176e-05,,,,,extension56,same_receiving_gpu
reach-wall,28,fixed_rank4,0,0.0,0.0,0.0,0.0,170.27262398456074,170.27262398456074,0.0,0.05115485191345215,0.050894975662231445,-0.0002598762512207031,0.020850181579589844,0.021477222442626953,0.0006270408630371094,True,10.0,0.0007980958620707194,0.0008598481731899516,extension56,same_receiving_gpu
reach-wall,28,fixed_rank4,1,0.0,0.0,0.0,0.0,160.4378764437231,160.4378764437231,0.0,0.031944870948791504,0.03243815898895264,0.0004932880401611328,0.004240632057189941,0.004348039627075195,0.0001074075698852539,,,,,extension56,same_receiving_gpu
reach-wall,28,fixed_rank4,2,0.0,0.0,0.0,0.0,156.6113719395466,156.6113719395466,0.0,0.03449809551239014,0.03606915473937988,0.001571059226989746,0.0010991096496582031,0.0014469623565673828,0.0003478527069091797,,,,,extension56,same_receiving_gpu
reach-wall,28,fixed_rank4,3,0.0,0.0,0.0,0.0,151.58260167500453,151.58260167500453,0.0,1.6570091247558594e-05,0.0001800060272216797,0.0001634359359741211,0.00842583179473877,0.008213639259338379,-0.00021219253540039062,,,,,extension56,same_receiving_gpu
reach-wall,28,fixed_rank4,4,0.0,0.0,0.0,0.0,145.33376588949073,145.33376588949073,0.0,0.04525047540664673,0.04368317127227783,-0.0015673041343688965,0.006991922855377197,0.006451725959777832,-0.0005401968955993652,,,,,extension56,same_receiving_gpu
reach-wall,28,fixed_rank4,5,0.0,0.0,0.0,0.0,138.0899514507766,138.0899514507766,0.0,0.01678454875946045,0.01676076650619507,-2.378225326538086e-05,0.0060787200927734375,0.005934476852416992,-0.0001442432403564453,,,,,extension56,same_receiving_gpu
reach-wall,28,fixed_rank4,6,0.0,0.0,0.0,0.0,124.05672632153596,124.05672632153596,0.0,0.020364463329315186,0.02133488655090332,0.0009704232215881348,0.0006693005561828613,0.000333249568939209,-0.00033605098724365234,,,,,extension56,same_receiving_gpu
reach-wall,28,fixed_rank4,7,7.237245347271358e-07,6.606670884833054e-08,6.093099206763766e-07,5.562213134435582e-08,116.76894100142448,116.76894123948051,2.3805603177606827e-07,0.005999237298965454,0.006389886140823364,0.00039064884185791016,0.0018606185913085938,0.0027076005935668945,0.0008469820022583008,,,,,extension56,same_receiving_gpu
reach-wall,28,fixed_rank4,8,1.3045645365498475e-06,1.1908990406493737e-07,8.4441739534753e-07,7.708440923026668e-08,109.03945960478386,109.03945980706506,2.0228119979037729e-07,0.0022350549697875977,0.0011291801929473877,-0.00110587477684021,0.0012677311897277832,0.0022790133953094482,0.001011282205581665,,,,,extension56,same_receiving_gpu
reach-wall,28,fixed_rank4,9,1.3863026678558891e-06,1.2655154045237706e-07,1.3152965552004423e-06,1.2006959884868685e-07,99.13007115801318,99.13007156003525,4.0202206719186506e-07,0.007502138614654541,0.00748559832572937,-1.65402889251709e-05,0.00011247396469116211,0.00024521350860595703,0.00013273954391479492,,,,,extension56,same_receiving_gpu
reach-wall,28,fixed_rank4,10,1.6077817613764353e-06,1.4676972304187698e-07,1.1344961667841562e-06,1.0356485699180425e-07,81.2788692549893,81.27886851677071,-7.382185884807768e-07,0.000819087028503418,0.0004265308380126953,-0.00039255619049072266,9.331107139587402e-05,0.00026106834411621094,0.00016775727272033691,,,,,extension56,same_receiving_gpu
reach-wall,28,fixed_rank4,11,2.274540850085223e-06,2.0763622192644216e-07,1.1940993712057202e-06,1.0900586025201796e-07,68.08206747677256,68.08206576999198,-1.7067805799797497e-06,0.005779266357421875,0.005652695894241333,-0.000126570463180542,0.0015922486782073975,0.0008054971694946289,-0.0007867515087127686,,,,,extension56,same_receiving_gpu
reach-wall,28,fixed_rank4,12,2.8008912897708464e-06,2.556852234212052e-07,1.1142604211880275e-06,1.01717594603315e-07,53.700296109968775,53.70029354809925,-2.561869521855442e-06,0.0006419718265533447,0.00014513731002807617,-0.0004968345165252686,0.0003529787063598633,9.080767631530762e-05,-0.00026217103004455566,,,,,extension56,same_receiving_gpu
reach-wall,28,fixed_rank4,13,0.7494107822218701,0.06841153171008496,0.6768103338377601,0.06178404783259054,37.73982515862936,37.42614134044379,-0.31368381818556657,0.003127574920654297,0.0026555657386779785,-0.00047200918197631836,1.52587890625e-05,5.161762237548828e-05,3.635883331298828e-05,,,,,extension56,same_receiving_gpu
reach-wall,28,fixed_rank4,14,1.3625668752790498,0.12438476894994398,1.2341491270922265,0.11266188603895376,16.4145469783867,18.70014448906544,2.285597510678741,0.002170741558074951,0.0014548897743225098,-0.0007158517837524414,0.000294417142868042,0.00031071901321411133,1.6301870346069336e-05,,,,,extension56,same_receiving_gpu
reach-wall,28,matched_random_fixed_rank4,0,0.0,0.0,0.0,0.0,170.27262398456074,170.27262398456074,0.0,0.05115485191345215,0.0510859489440918,-6.890296936035156e-05,0.020850181579589844,0.020639896392822266,-0.00021028518676757812,True,10.0,0.0006045055389404297,0.0006840817271725579,extension56,same_receiving_gpu
reach-wall,28,matched_random_fixed_rank4,1,0.0,0.0,0.0,0.0,160.4378764437231,160.4378764437231,0.0,0.031944870948791504,0.031864285469055176,-8.058547973632812e-05,0.004240632057189941,0.004830002784729004,0.0005893707275390625,,,,,extension56,same_receiving_gpu
reach-wall,28,matched_random_fixed_rank4,2,0.0,0.0,0.0,0.0,156.6113719395466,156.6113719395466,0.0,0.03449809551239014,0.03427565097808838,-0.0002224445343017578,0.0010991096496582031,0.0015201568603515625,0.0004210472106933594,,,,,extension56,same_receiving_gpu
reach-wall,28,matched_random_fixed_rank4,3,0.0,0.0,0.0,0.0,151.58260167500453,151.58260167500453,0.0,1.6570091247558594e-05,3.11732292175293e-05,1.4603137969970703e-05,0.00842583179473877,0.008443951606750488,1.811981201171875e-05,,,,,extension56,same_receiving_gpu
reach-wall,28,matched_random_fixed_rank4,4,0.0,0.0,0.0,0.0,145.33376588949073,145.33376588949073,0.0,0.04525047540664673,0.045239031314849854,-1.1444091796875e-05,0.006991922855377197,0.006721138954162598,-0.0002707839012145996,,,,,extension56,same_receiving_gpu
reach-wall,28,matched_random_fixed_rank4,5,0.0,0.0,0.0,0.0,138.0899514507766,138.0899514507766,0.0,0.01678454875946045,0.016766726970672607,-1.7821788787841797e-05,0.0060787200927734375,0.006054282188415527,-2.4437904357910156e-05,,,,,extension56,same_receiving_gpu
reach-wall,28,matched_random_fixed_rank4,6,0.0,0.0,0.0,0.0,124.05672632153596,124.05672632153596,0.0,0.020364463329315186,0.02036377787590027,-6.854534149169922e-07,0.0006693005561828613,0.0006248950958251953,-4.4405460357666016e-05,,,,,extension56,same_receiving_gpu
reach-wall,28,matched_random_fixed_rank4,7,0.0,0.0,0.0,0.0,116.76894100142448,116.76894100142448,0.0,0.005999237298965454,0.00604662299156189,4.738569259643555e-05,0.0018606185913085938,0.002058178186416626,0.00019755959510803223,,,,,extension56,same_receiving_gpu
reach-wall,28,matched_random_fixed_rank4,8,1.101124227865836e-06,1.005184297029295e-07,4.135575618260478e-07,3.7752467573160626e-08,109.03945960478386,109.03945989025502,2.854711596000925e-07,0.0022350549697875977,0.002010911703109741,-0.00022414326667785645,0.0012677311897277832,0.0014127492904663086,0.0001450181007385254,,,,,extension56,same_receiving_gpu
reach-wall,28,matched_random_fixed_rank4,9,1.6324682110523157e-06,1.4902327726724294e-07,8.396708472897018e-07,7.665111065667421e-08,99.13007115801318,99.13007210190611,9.438929282623576e-07,0.007502138614654541,0.00746878981590271,-3.3348798751831055e-05,0.00011247396469116211,0.0001926720142364502,8.019804954528809e-05,,,,,extension56,same_receiving_gpu
reach-wall,28,matched_random_fixed_rank4,10,2.061443020946935e-06,1.8818314059737183e-07,8.341988922523502e-07,7.615159178873895e-08,81.2788692549893,81.27886988212342,6.271341135288822e-07,0.000819087028503418,0.0007033646106719971,-0.0001157224178314209,9.331107139587402e-05,0.00019863247871398926,0.00010532140731811523,,,,,extension56,same_receiving_gpu
reach-wall,28,matched_random_fixed_rank4,11,1.985380524390515e-06,1.8123961640668679e-07,9.758269765798632e-07,8.908040788247607e-08,68.08206747677256,68.08206697709937,-4.996731917117359e-07,0.005779266357421875,0.005775928497314453,-3.337860107421875e-06,0.0015922486782073975,0.0014063119888305664,-0.00018593668937683105,,,,,extension56,same_receiving_gpu
reach-wall,28,matched_random_fixed_rank4,12,2.646095097171455e-06,2.4155432900410506e-07,9.893013228325871e-07,9.031044178085144e-08,53.700296109968775,53.700297081467006,9.714982311948006e-07,0.0006419718265533447,0.0005578994750976562,-8.407235145568848e-05,0.0003529787063598633,0.0002155005931854248,-0.00013747811317443848,,,,,extension56,same_receiving_gpu
reach-wall,28,matched_random_fixed_rank4,13,2.9678759126302885e-06,2.709287642039734e-07,1.0043734302584755e-06,9.168633065190147e-08,37.73982515862936,37.739825199659336,4.102997763766325e-08,0.003127574920654297,0.0030962228775024414,-3.135204315185547e-05,1.52587890625e-05,0.00012934207916259766,0.00011408329010009766,,,,,extension56,same_receiving_gpu
reach-wall,28,matched_random_fixed_rank4,14,3.3230090618630986e-06,3.033478369960832e-07,9.342553483023977e-07,8.528545478917817e-08,16.4145469783867,16.414547280490346,3.021036469874616e-07,0.002170741558074951,0.002206176519393921,3.5434961318969727e-05,0.000294417142868042,0.0001539289951324463,-0.0001404881477355957,,,,,extension56,same_receiving_gpu
reach-wall,29,fixed_rank4,0,0.0,0.0,0.0,0.0,170.27262398456074,170.27262398456074,0.0,0.14011383056640625,0.1396617889404297,-0.0004520416259765625,0.018590688705444336,0.018226146697998047,-0.00036454200744628906,True,10.0,0.0006382115681966146,0.0007417517078226186,extension56,same_receiving_gpu
reach-wall,29,fixed_rank4,1,0.0,0.0,0.0,0.0,159.4801946266598,159.4801946266598,0.0,0.0014600753784179688,0.0018246173858642578,0.00036454200744628906,0.002723097801208496,0.0024068355560302734,-0.00031626224517822266,,,,,extension56,same_receiving_gpu
reach-wall,29,fixed_rank4,2,0.0,0.0,0.0,0.0,149.56637078861007,149.56637078861007,0.0,0.025015830993652344,0.025185585021972656,0.0001697540283203125,0.010818719863891602,0.01018977165222168,-0.0006289482116699219,,,,,extension56,same_receiving_gpu
reach-wall,29,fixed_rank4,3,0.0,0.0,0.0,0.0,139.5264643058113,139.5264643058113,0.0,0.0309600830078125,0.03164350986480713,0.0006834268569946289,0.000102996826171875,0.00043463706970214844,0.00033164024353027344,,,,,extension56,same_receiving_gpu
reach-wall,29,fixed_rank4,4,1.5672694546311916,0.14307147233172055,1.1981605413095078,0.1093765926646363,132.86887826920722,133.51867958983897,0.6498013206317523,0.00972747802734375,0.028810977935791016,0.019083499908447266,0.008136272430419922,0.01647627353668213,0.008340001106262207,,,,,extension56,same_receiving_gpu
reach-wall,29,fixed_rank4,5,1.6816272100339726,0.1535108593750141,1.1335979220628825,0.10348285884247066,121.93108387244544,122.58088452409153,0.649800651646089,0.004411160945892334,0.0009239315986633301,-0.003487229347229004,0.003052234649658203,4.76837158203125e-07,-0.0030517578125,,,,,extension56,same_receiving_gpu
reach-wall,29,fixed_rank4,6,2.2613671104145427,0.2064336295290535,1.718961796693809,0.1569190252564681,113.21853902733433,115.34486281532335,2.1263237879890227,0.013166964054107666,0.019799113273620605,0.0066321492195129395,9.60230827331543e-05,0.003596782684326172,0.0035007596015930176,,,,,extension56,same_receiving_gpu
reach-wall,29,fixed_rank4,7,2.9790808782459877,0.2719516329412715,2.2659423375595136,0.2068512887145552,106.61674990844831,108.35856185752954,1.7418119490812245,0.012244999408721924,0.005875706672668457,-0.006369292736053467,0.00043141841888427734,0.005044877529144287,0.00461345911026001,,,,,extension56,same_receiving_gpu
reach-wall,29,fixed_rank4,8,4.392162610039284,0.400947756291547,3.055325170730482,0.2789117527537347,97.32099469046307,101.48452863996528,4.1635339495022095,0.0024591684341430664,0.000583350658416748,-0.0018758177757263184,0.004307806491851807,0.0004546046257019043,-0.0038532018661499023,,,,,extension56,same_receiving_gpu
reach-wall,29,fixed_rank4,9,5.440242173698078,0.49662389280422914,3.71521516361657,0.3391511918496736,85.2738385636813,96.46733139845702,11.193492834775725,0.016613245010375977,0.002413153648376465,-0.014200091361999512,0.0013025403022766113,0.0011463165283203125,-0.00015622377395629883,,,,,extension56,same_receiving_gpu
reach-wall,29,fixed_rank4,10,7.072637587866642,0.6456405246555811,4.500601366496363,0.4108468151281056,74.88347103946737,88.34986688350168,13.46639584403431,0.009927153587341309,0.001086890697479248,-0.00884026288986206,3.30805778503418e-05,0.0004807114601135254,0.0004476308822631836,,,,,extension56,same_receiving_gpu
reach-wall,29,fixed_rank4,11,9.433470052113915,0.8611540571820376,4.3757213312133505,0.3994468797436811,66.76993810935252,77.83577931700806,11.065841207655538,0.005770325660705566,0.012174069881439209,0.006403744220733643,0.00019675493240356445,0.00011181831359863281,-8.493661880493164e-05,,,,,extension56,same_receiving_gpu
reach-wall,29,fixed_rank4,12,11.084702410306967,1.0118902588928351,4.784584938917713,0.43677084989078485,61.33857706736143,63.05445594988837,1.715878882526944,0.00042575597763061523,0.0027916431427001953,0.00236588716506958,0.00023484230041503906,0.0015844106674194336,0.0013495683670043945,,,,,extension56,same_receiving_gpu
reach-wall,29,fixed_rank4,13,12.723377543671225,1.1614801480539003,5.28355738316473,0.48232059377204817,43.28315191026684,54.75691390059841,11.473761990331575,0.0011496543884277344,0.0023553967475891113,0.001205742359161377,0.00016540288925170898,0.00023370981216430664,6.830692291259766e-05,,,,,extension56,same_receiving_gpu
reach-wall,29,fixed_rank4,14,13.302356785596386,1.2143334799088423,4.892839328236377,0.44665307838724794,29.43009326175312,41.87936120879479,12.449267947041669,0.006643891334533691,0.0015140771865844727,-0.005129814147949219,0.00030362606048583984,0.0019997358322143555,0.0016961097717285156,,,,,extension56,same_receiving_gpu
reach-wall,29,matched_random_fixed_rank4,0,0.0,0.0,0.0,0.0,170.27262398456074,170.27262398456074,0.0,0.14011383056640625,0.13962578773498535,-0.00048804283142089844,0.018590688705444336,0.017989158630371094,-0.0006015300750732422,True,10.0,0.00054978609085083,0.0006632852198495678,extension56,same_receiving_gpu
reach-wall,29,matched_random_fixed_rank4,1,0.0,0.0,0.0,0.0,159.4801946266598,159.4801946266598,0.0,0.0014600753784179688,0.0014619827270507812,1.9073486328125e-06,0.002723097801208496,0.0027806758880615234,5.7578086853027344e-05,,,,,extension56,same_receiving_gpu
reach-wall,29,matched_random_fixed_rank4,2,0.0,0.0,0.0,0.0,149.56637078861007,149.56637078861007,0.0,0.025015830993652344,0.02490103244781494,-0.00011479854583740234,0.010818719863891602,0.01097416877746582,0.00015544891357421875,,,,,extension56,same_receiving_gpu
reach-wall,29,matched_random_fixed_rank4,3,0.0,0.0,0.0,0.0,139.5264643058113,139.5264643058113,0.0,0.0309600830078125,0.03101670742034912,5.6624412536621094e-05,0.000102996826171875,0.0001837015151977539,8.07046890258789e-05,,,,,extension56,same_receiving_gpu
reach-wall,29,matched_random_fixed_rank4,4,0.0,0.0,0.0,0.0,132.86887826920722,132.86887826920722,0.0,0.00972747802734375,0.009763002395629883,3.552436828613281e-05,0.008136272430419922,0.008071184158325195,-6.508827209472656e-05,,,,,extension56,same_receiving_gpu
reach-wall,29,matched_random_fixed_rank4,5,0.0,0.0,0.0,0.0,121.93108387244544,121.93108387244544,0.0,0.004411160945892334,0.004495024681091309,8.386373519897461e-05,0.003052234649658203,0.002994537353515625,-5.7697296142578125e-05,,,,,extension56,same_receiving_gpu
reach-wall,29,matched_random_fixed_rank4,6,0.0,0.0,0.0,0.0,113.21853902733433,113.21853902733433,0.0,0.013166964054107666,0.012960255146026611,-0.0002067089080810547,9.60230827331543e-05,8.285045623779297e-06,-8.7738037109375e-05,,,,,extension56,same_receiving_gpu
reach-wall,29,matched_random_fixed_rank4,7,1.3769608337858905,0.12569875157760899,0.8626466399406881,0.07874850397525865,106.61674990844831,106.89756431818702,0.28081440973870997,0.012244999408721924,0.006944477558135986,-0.0053005218505859375,0.00043141841888427734,4.649162292480469e-05,-0.00038492679595947266,,,,,extension56,same_receiving_gpu
reach-wall,29,matched_random_fixed_rank4,8,2.561760356032162,0.23385565565354677,1.5809526815663657,0.14432057434036338,97.32099469046307,99.95262610691373,2.6316314164506593,0.0024591684341430664,0.013142704963684082,0.010683536529541016,0.004307806491851807,0.0005373954772949219,-0.0037704110145568848,,,,,extension56,same_receiving_gpu
reach-wall,29,matched_random_fixed_rank4,9,3.1001617134089945,0.2830047503913287,2.0058306478048595,0.18310644872298693,85.2738385636813,86.9699177062372,1.6960791425559023,0.016613245010375977,0.004032015800476074,-0.012581229209899902,0.0013025403022766113,0.0005793571472167969,-0.0007231831550598145,,,,,extension56,same_receiving_gpu
reach-wall,29,matched_random_fixed_rank4,10,3.315107705558419,0.3026265451489234,3.554361391381107,0.3244673185974802,74.88347103946737,80.11757869123056,5.234107651763196,0.009927153587341309,0.004947662353515625,-0.004979491233825684,3.30805778503418e-05,0.001016378402709961,0.0009832978248596191,,,,,extension56,same_receiving_gpu
reach-wall,29,matched_random_fixed_rank4,11,3.817976371201807,0.3485319637548245,3.666484585220503,0.33470271901170695,66.76993810935252,68.60298432016704,1.8330462108145156,0.005770325660705566,0.0018545985221862793,-0.003915727138519287,0.00019675493240356445,0.0009699463844299316,0.0007731914520263672,,,,,extension56,same_receiving_gpu
reach-wall,29,matched_random_fixed_rank4,12,5.795806148954571,0.5290822944515942,4.294394314346583,0.3920227727982591,61.33857706736143,58.814323259578174,-2.5242538077832535,0.00042575597763061523,0.013477623462677002,0.013051867485046387,0.00023484230041503906,9.202957153320312e-05,-0.00014281272888183594,,,,,extension56,same_receiving_gpu
reach-wall,29,matched_random_fixed_rank4,13,6.913289715836831,0.6310941206553854,3.889479819260063,0.3550593056616422,43.28315191026684,41.951263030092704,-1.3318888801741338,0.0011496543884277344,0.0012053251266479492,5.5670738220214844e-05,0.00016540288925170898,0.0011020302772521973,0.0009366273880004883,,,,,extension56,same_receiving_gpu
reach-wall,29,matched_random_fixed_rank4,14,7.359340079684433,0.6718127616658385,3.73263951977182,0.3407418106690461,29.43009326175312,26.800634565464208,-2.629458696288914,0.006643891334533691,0.0009076595306396484,-0.005736231803894043,0.00030362606048583984,2.473592758178711e-05,-0.00027889013290405273,,,,,extension56,same_receiving_gpu
reach-wall,30,fixed_rank4,0,0.0,0.0,0.0,0.0,170.27262398456074,170.27262398456074,0.0,0.09225654602050781,0.09184885025024414,-0.0004076957702636719,0.016402244567871094,0.016770362854003906,0.0003681182861328125,True,10.0,0.0010515578587849935,0.0010927298596805181,extension56,same_receiving_gpu
reach-wall,30,fixed_rank4,1,0.0,0.0,0.0,0.0,160.2176051077512,160.2176051077512,0.0,0.0022646188735961914,0.0013717412948608398,-0.0008928775787353516,0.00017726421356201172,0.0003936290740966797,0.00021636486053466797,,,,,extension56,same_receiving_gpu
reach-wall,30,fixed_rank4,2,1.3482119334300082,0.12307434803954481,1.0010203963375817,0.09138024193280922,149.4619334237039,150.96549773031836,1.5035643066144644,0.22471243143081665,0.21608471870422363,-0.008627712726593018,0.0051059722900390625,0.020946979522705078,0.015841007232666016,,,,,extension56,same_receiving_gpu
reach-wall,30,fixed_rank4,3,2.229286131839478,0.20350505025698631,1.468862139970877,0.13408815465456,133.90812183214064,135.74361564423864,1.835493812098008,0.09999257326126099,0.07762157917022705,-0.022370994091033936,0.008543908596038818,0.017870962619781494,0.009327054023742676,,,,,extension56,same_receiving_gpu
reach-wall,30,fixed_rank4,4,2.332780188149604,0.2129527217917806,1.484407575983466,0.13550725231628472,125.73162253055818,127.56711610174227,1.835493571184088,0.00020885467529296875,0.028444945812225342,0.028236091136932373,0.004202127456665039,0.003238499164581299,-0.0009636282920837402,,,,,extension56,same_receiving_gpu
reach-wall,30,fixed_rank4,5,2.840571080083059,0.25930747612638416,2.017497290863236,0.18417146265189258,120.62249557104008,122.17244528412049,1.5499497130804087,0.05542728304862976,0.045621633529663086,-0.009805649518966675,0.00156402587890625,0.001324772834777832,-0.00023925304412841797,,,,,extension56,same_receiving_gpu
reach-wall,30,fixed_rank4,6,3.4122565973109857,0.3114949850571748,2.3101906395728666,0.21089058757189097,112.34783631186687,111.87517319182888,-0.4726631200379927,0.008726328611373901,0.0011412501335144043,-0.007585078477859497,0.0012370944023132324,0.0010738968849182129,-0.00016319751739501953,,,,,extension56,same_receiving_gpu
reach-wall,30,fixed_rank4,7,4.53890172360472,0.41434314338623074,2.8817442262251842,0.26306605294396734,98.40946764213083,99.00514587575637,0.5956782336255344,0.00809749960899353,0.013655692338943481,0.005558192729949951,0.0007600486278533936,0.0012950897216796875,0.0005350410938262939,,,,,extension56,same_receiving_gpu
reach-wall,30,fixed_rank4,8,6.242137375855875,0.5698265746337277,3.12920168376942,0.28565572486394314,89.68226747058695,91.04161248711921,1.3593450165322594,0.00895664095878601,0.00035768747329711914,-0.008598953485488892,0.0012659430503845215,0.0022796690464019775,0.001013725996017456,,,,,extension56,same_receiving_gpu
reach-wall,30,fixed_rank4,9,6.877922070645771,0.6278655111425548,3.275554191560271,0.2990158198413597,79.8225195860085,78.66544820911159,-1.1570713768969085,0.0011681914329528809,0.0023133456707000732,0.0011451542377471924,6.172060966491699e-05,0.0009267926216125488,0.0008650720119476318,,,,,extension56,same_receiving_gpu
reach-wall,30,fixed_rank4,10,7.939150476231012,0.7247419672099346,3.1429330780048463,0.2869092239253997,66.39768011717838,71.4762453331729,5.078565215994516,0.002956181764602661,0.0010607540607452393,-0.0018954277038574219,0.00095367431640625,0.0006805956363677979,-0.00027307868003845215,,,,,extension56,same_receiving_gpu
reach-wall,30,fixed_rank4,11,8.991011974583756,0.8207633455464315,3.401544355614802,0.3105170956541003,50.26530268988929,56.1606700622631,5.895367372373812,0.0017788410186767578,0.0006343424320220947,-0.001144498586654663,0.00012245774269104004,0.0011123716831207275,0.0009899139404296875,,,,,extension56,same_receiving_gpu
reach-wall,30,fixed_rank4,12,9.254601693631564,0.8448256847212536,2.971709367239912,0.2712787091311173,28.28596871591659,46.73707097855292,18.451102262636333,4.458427429199219e-05,0.0019205212593078613,0.0018759369850158691,0.00028184056282043457,0.00037592649459838867,9.40859317779541e-05,,,,,extension56,same_receiving_gpu
reach-wall,30,fixed_rank4,13,9.779840428169194,0.892773201884875,2.960869584946877,0.2702891769177272,7.554806452139314,28.082044429905608,20.527237977766294,0.0002828836441040039,0.0027889013290405273,0.0025060176849365234,1.2755393981933594e-05,5.9604644775390625e-06,-6.794929504394531e-06,,,,,extension56,same_receiving_gpu
reach-wall,30,fixed_rank4,14,10.155010592204894,0.9270213955090861,2.6443749126551035,0.2413972983603256,-10.164632724236034,12.87379925996136,23.038431984197395,0.00042247772216796875,0.0006846785545349121,0.00026220083236694336,0.0003005564212799072,1.0579824447631836e-05,-0.0002899765968322754,,,,,extension56,same_receiving_gpu
reach-wall,30,matched_random_fixed_rank4,0,0.0,0.0,0.0,0.0,170.27262398456074,170.27262398456074,0.0,0.09225654602050781,0.09184622764587402,-0.00041031837463378906,0.016402244567871094,0.016454696655273438,5.245208740234375e-05,True,10.0,0.0008074712753295899,0.0008840568453145301,extension56,same_receiving_gpu
reach-wall,30,matched_random_fixed_rank4,1,0.0,0.0,0.0,0.0,160.2176051077512,160.2176051077512,0.0,0.0022646188735961914,0.002249002456665039,-1.5616416931152344e-05,0.00017726421356201172,0.00011968612670898438,-5.7578086853027344e-05,,,,,extension56,same_receiving_gpu
reach-wall,30,matched_random_fixed_rank4,2,1.3482119328994306,0.12307434799110993,1.0010202860018016,0.0913802318605766,149.4619334237039,150.96549743820913,1.5035640145052298,0.22471243143081665,0.21474617719650269,-0.009966254234313965,0.0051059722900390625,0.021066665649414062,0.015960693359375,,,,,extension56,same_receiving_gpu
reach-wall,30,matched_random_fixed_rank4,3,2.2292861749182427,0.2035050541895215,1.4688620076227958,0.13408814257288842,133.90812183214064,135.74361586967188,1.835494037531248,0.09999257326126099,0.07775229215621948,-0.022240281105041504,0.008543908596038818,0.01778554916381836,0.009241640567779541,,,,,extension56,same_receiving_gpu
reach-wall,30,matched_random_fixed_rank4,4,2.332780250666749,0.2129527274987891,1.4844074203124762,0.13550723810553258,125.73162253055818,127.56711655646896,1.8354940259107764,0.00020885467529296875,0.028147578239440918,0.02793872356414795,0.004202127456665039,0.002431035041809082,-0.001771092414855957,,,,,extension56,same_receiving_gpu
reach-wall,30,matched_random_fixed_rank4,5,2.84057132280112,0.2593074982834104,2.0174971068783707,0.1841714458564491,120.62249557104008,122.17244569211391,1.5499501210738345,0.05542728304862976,0.04520219564437866,-0.010225087404251099,0.00156402587890625,0.0015242695808410645,-3.975629806518555e-05,,,,,extension56,same_receiving_gpu
reach-wall,30,matched_random_fixed_rank4,6,3.4122567609692864,0.3114949999970653,2.3101903628576803,0.21089056231136608,112.34783631186687,111.87517273755537,-0.47266357431149686,0.008726328611373901,0.0008825957775115967,-0.007843732833862305,0.0012370944023132324,0.0021755099296569824,0.00093841552734375,,,,,extension56,same_receiving_gpu
reach-wall,30,matched_random_fixed_rank4,7,4.538901755142723,0.4143431462652432,2.8817440676812245,0.26306603847095006,98.40946764213083,99.00514554051749,0.5956778983866542,0.00809749960899353,0.01371815800666809,0.0056206583976745605,0.0007600486278533936,0.0010208487510681152,0.0002608001232147217,,,,,extension56,same_receiving_gpu
reach-wall,30,matched_random_fixed_rank4,8,6.242137373045188,0.5698265743771483,3.129201581356328,0.28565571551494967,89.68226747058695,91.04161283282338,1.359345362236425,0.00895664095878601,2.8192996978759766e-05,-0.008928447961807251,0.0012659430503845215,0.0024949312210083008,0.0012289881706237793,,,,,extension56,same_receiving_gpu
reach-wall,30,matched_random_fixed_rank4,9,6.877922224667787,0.627865525202777,3.2755539470011685,0.2990157975162702,79.8225195860085,78.66544885771785,-1.1570707282906483,0.0011681914329528809,0.0034301280975341797,0.002261936664581299,6.172060966491699e-05,0.0008396506309509277,0.0007779300212860107,,,,,extension56,same_receiving_gpu
reach-wall,30,matched_random_fixed_rank4,10,7.9391504160926285,0.7247419617200763,3.142932911821723,0.2869092087550255,66.39768011717838,71.47624706431009,5.078566947131705,0.002956181764602661,0.0012550055980682373,-0.0017011761665344238,0.00095367431640625,0.0003325939178466797,-0.0006210803985595703,,,,,extension56,same_receiving_gpu
reach-wall,30,matched_random_fixed_rank4,11,8.9910119857624,0.8207633465668972,3.401544340884142,0.3105170943093812,50.26530268988929,56.16067335439091,5.89537066450162,0.0017788410186767578,0.0007165074348449707,-0.0010623335838317871,0.00012245774269104004,0.0006799101829528809,0.0005574524402618408,,,,,extension56,same_receiving_gpu
reach-wall,30,matched_random_fixed_rank4,12,9.254601770537183,0.8448256917417442,2.9717094738825143,0.2712787188662104,28.28596871591659,46.737071579445406,18.451102863528817,4.458427429199219e-05,0.0017156004905700684,0.0016710162162780762,0.00028184056282043457,0.00023940205574035645,-4.2438507080078125e-05,,,,,extension56,same_receiving_gpu
reach-wall,30,matched_random_fixed_rank4,13,9.77984050413681,0.8927732088197378,2.960869627127683,0.27028918076829034,7.554806452139314,28.08204668982426,20.527240237684946,0.0002828836441040039,0.0024591684341430664,0.0021762847900390625,1.2755393981933594e-05,0.00018408894538879395,0.00017133355140686035,,,,,extension56,same_receiving_gpu
reach-wall,30,matched_random_fixed_rank4,14,10.144503304479244,0.9260622157581635,2.703319029871618,0.24677813546561123,-10.164632724236034,10.873962228080895,21.038594952316927,0.00042247772216796875,0.0008895695209503174,0.00046709179878234863,0.0003005564212799072,9.357929229736328e-05,-0.00020697712898254395,,,,,extension56,same_receiving_gpu
reach-wall,31,fixed_rank4,0,0.0,0.0,0.0,0.0,170.27262398456074,170.27262398456074,0.0,0.0915905237197876,0.09183788299560547,0.0002473592758178711,0.008842229843139648,0.009066343307495117,0.00022411346435546875,True,10.0,0.0011275227864583333,0.0011847226919141328,extension56,same_receiving_gpu
reach-wall,31,fixed_rank4,1,0.0,0.0,0.0,0.0,163.86714031903784,163.86714031903784,0.0,0.07848477363586426,0.07851088047027588,2.6106834411621094e-05,0.00245821475982666,0.0020319223403930664,-0.00042629241943359375,,,,,extension56,same_receiving_gpu
reach-wall,31,fixed_rank4,2,0.0,0.0,0.0,0.0,154.15355353569348,154.15355353569348,0.0,0.0010495185852050781,0.0013015270233154297,0.00025200843811035156,0.003466367721557617,0.0036971569061279297,0.0002307891845703125,,,,,extension56,same_receiving_gpu
reach-wall,31,fixed_rank4,3,0.0,0.0,0.0,0.0,142.3440417348756,142.3440417348756,0.0,0.06300103664398193,0.06429970264434814,0.001298666000366211,0.001792311668395996,0.0028609037399291992,0.0010685920715332031,,,,,extension56,same_receiving_gpu
reach-wall,31,fixed_rank4,4,4.7542717578281746e-07,4.3400364771203827e-08,4.702727150338739e-07,4.2929829033875266e-08,135.12763699470054,135.12763727141095,2.7671040925270063e-07,0.019148945808410645,0.019576728343963623,0.0004277825355529785,0.002441585063934326,0.0030126571655273438,0.0005710721015930176,,,,,extension56,same_receiving_gpu
reach-wall,31,fixed_rank4,5,7.580691160974313e-07,6.92019258390943e-08,5.031211082975308e-07,4.59284633619262e-08,122.52476349189772,122.52476402804757,5.361498551792465e-07,0.013526499271392822,0.013061165809631348,-0.0004653334617614746,0.004330575466156006,0.0034168362617492676,-0.0009137392044067383,,,,,extension56,same_receiving_gpu
reach-wall,31,fixed_rank4,6,1.2994346640392765e-06,1.186216129164098e-07,5.415911032374575e-07,4.944027736454411e-08,114.69885843453855,114.69885872248696,2.8794841000490123e-07,0.0060784220695495605,0.006387293338775635,0.0003088712692260742,0.0005245804786682129,0.00023412704467773438,-0.0002904534339904785,,,,,extension56,same_receiving_gpu
reach-wall,31,fixed_rank4,7,1.7106405682777046e-06,1.5615940450485916e-07,7.26039869492044e-07,6.62780690281499e-08,105.13588897259265,105.13588967135468,6.98762022466326e-07,0.012234628200531006,0.012307941913604736,7.331371307373047e-05,0.0006532669067382812,0.0014012455940246582,0.000747978687286377,,,,,extension56,same_receiving_gpu
reach-wall,31,fixed_rank4,8,1.5368095412338415e-06,1.4029087538715678e-07,8.134450950596441e-07,7.425703797601686e-08,96.79758904678506,96.7975889411629,-1.0562216345988418e-07,0.00047510862350463867,0.001137852668762207,0.0006627440452575684,0.0005474090576171875,0.0002448558807373047,-0.0003025531768798828,,,,,extension56,same_receiving_gpu
reach-wall,31,fixed_rank4,9,2.232178405960527e-06,2.0376907755341744e-07,9.27859064969232e-07,8.470155667821665e-08,83.8899908347306,83.88999076654642,-6.818417830345425e-08,0.004650771617889404,0.0042688846588134766,-0.00038188695907592773,0.0003707408905029297,9.894371032714844e-05,-0.00027179718017578125,,,,,extension56,same_receiving_gpu
reach-wall,31,fixed_rank4,10,2.8346902814214357e-06,2.587706351125313e-07,1.0694892571316776e-06,9.763056519007711e-08,70.49116172693724,70.49116073528948,-9.91647752357494e-07,0.0026375651359558105,0.002625405788421631,-1.2159347534179688e-05,0.0005334615707397461,0.0005125999450683594,-2.086162567138672e-05,,,,,extension56,same_receiving_gpu
reach-wall,31,fixed_rank4,11,2.7726278595779296e-06,2.5310513704301637e-07,1.086482687820058e-06,9.918184607631487e-08,53.795685760987226,53.795687741560094,1.9805728683763846e-06,8.180737495422363e-05,5.21540641784668e-05,-2.9653310775756836e-05,0.00038617849349975586,0.0001195073127746582,-0.00026667118072509766,,,,,extension56,same_receiving_gpu
reach-wall,31,fixed_rank4,12,2.818752665077439e-06,2.57315736448453e-07,1.040770374176428e-06,9.500890185325364e-08,37.37939356960783,37.379392051493426,-1.5181144021880755e-06,0.002028167247772217,0.0020094215869903564,-1.874566078186035e-05,6.666779518127441e-05,0.00023791193962097168,0.00017124414443969727,,,,,extension56,same_receiving_gpu
reach-wall,31,fixed_rank4,13,2.878532658826464e-06,2.6277287829242947e-07,9.94959415099344e-07,9.082695257534281e-08,23.80113409147523,23.801133624724258,-4.6675097209458727e-07,0.0015977323055267334,0.0017544329166412354,0.00015670061111450195,3.403425216674805e-05,0.00010380148887634277,6.976723670959473e-05,,,,,extension56,same_receiving_gpu
reach-wall,31,fixed_rank4,14,0.7584476287848546,0.06923647916196157,0.44126790958334033,0.040282064663657594,8.24858155413439,8.236102629371146,-0.012478924763243526,0.00048729777336120605,0.00038623809814453125,-0.0001010596752166748,3.3289194107055664e-05,0.0005182921886444092,0.0004850029945373535,,,,,extension56,same_receiving_gpu
reach-wall,31,matched_random_fixed_rank4,0,0.0,0.0,0.0,0.0,170.27262398456074,170.27262398456074,0.0,0.0915905237197876,0.09152507781982422,-6.54458999633789e-05,0.008842229843139648,0.009229183197021484,0.00038695335388183594,True,10.0,0.0008602134386698404,0.0009208379734404279,extension56,same_receiving_gpu
reach-wall,31,matched_random_fixed_rank4,1,0.0,0.0,0.0,0.0,163.86714031903784,163.86714031903784,0.0,0.07848477363586426,0.07883310317993164,0.0003483295440673828,0.00245821475982666,0.0020188093185424805,-0.0004394054412841797,,,,,extension56,same_receiving_gpu
reach-wall,31,matched_random_fixed_rank4,2,0.0,0.0,0.0,0.0,154.15355353569348,154.15355353569348,0.0,0.0010495185852050781,0.001137375831604004,8.785724639892578e-05,0.003466367721557617,0.003316044807434082,-0.00015032291412353516,,,,,extension56,same_receiving_gpu
reach-wall,31,matched_random_fixed_rank4,3,0.0,0.0,0.0,0.0,142.3440417348756,142.3440417348756,0.0,0.06300103664398193,0.06390410661697388,0.0009030699729919434,0.001792311668395996,0.001743316650390625,-4.8995018005371094e-05,,,,,extension56,same_receiving_gpu
reach-wall,31,matched_random_fixed_rank4,4,0.0,0.0,0.0,0.0,135.12763699470054,135.12763699470054,0.0,0.019148945808410645,0.019097745418548584,-5.120038986206055e-05,0.002441585063934326,0.0022968053817749023,-0.00014477968215942383,,,,,extension56,same_receiving_gpu
reach-wall,31,matched_random_fixed_rank4,5,0.0,0.0,0.0,0.0,122.52476349189773,122.52476349189773,0.0,0.013526499271392822,0.013399302959442139,-0.0001271963119506836,0.004330575466156006,0.004311501979827881,-1.9073486328125e-05,,,,,extension56,same_receiving_gpu
reach-wall,31,matched_random_fixed_rank4,6,0.0,0.0,0.0,0.0,114.69885843453855,114.69885843453855,0.0,0.0060784220695495605,0.0061435699462890625,6.514787673950195e-05,0.0005245804786682129,0.00036454200744628906,-0.00016003847122192383,,,,,extension56,same_receiving_gpu
reach-wall,31,matched_random_fixed_rank4,7,0.0,0.0,0.0,0.0,105.13588897259264,105.13588897259264,0.0,0.012234628200531006,0.012180864810943604,-5.3763389587402344e-05,0.0006532669067382812,0.0007501840591430664,9.691715240478516e-05,,,,,extension56,same_receiving_gpu
reach-wall,31,matched_random_fixed_rank4,8,0.0,0.0,0.0,0.0,96.79758904678506,96.79758904678506,0.0,0.00047510862350463867,0.0005203485488891602,4.5239925384521484e-05,0.0005474090576171875,0.0004642605781555176,-8.314847946166992e-05,,,,,extension56,same_receiving_gpu
reach-wall,31,matched_random_fixed_rank4,9,0.0,0.0,0.0,0.0,83.8899908347306,83.8899908347306,0.0,0.004650771617889404,0.004644632339477539,-6.139278411865234e-06,0.0003707408905029297,0.0003311634063720703,-3.9577484130859375e-05,,,,,extension56,same_receiving_gpu
reach-wall,31,matched_random_fixed_rank4,10,0.0,0.0,0.0,0.0,70.49116172693724,70.49116172693724,0.0,0.0026375651359558105,0.0026322901248931885,-5.27501106262207e-06,0.0005334615707397461,0.0004839897155761719,-4.947185516357422e-05,,,,,extension56,same_receiving_gpu
reach-wall,31,matched_random_fixed_rank4,11,0.0,0.0,0.0,0.0,53.79568576098723,53.79568576098723,0.0,8.180737495422363e-05,7.212162017822266e-05,-9.685754776000977e-06,0.00038617849349975586,0.0003649890422821045,-2.1189451217651367e-05,,,,,extension56,same_receiving_gpu
reach-wall,31,matched_random_fixed_rank4,12,0.0,0.0,0.0,0.0,37.37939356960783,37.37939356960783,0.0,0.002028167247772217,0.002030491828918457,2.3245811462402344e-06,6.666779518127441e-05,7.686018943786621e-05,1.0192394256591797e-05,,,,,extension56,same_receiving_gpu
reach-wall,31,matched_random_fixed_rank4,13,0.0,0.0,0.0,0.0,23.80113409147523,23.80113409147523,0.0,0.0015977323055267334,0.001617431640625,1.96993350982666e-05,3.403425216674805e-05,2.562999725341797e-06,-3.147125244140625e-05,,,,,extension56,same_receiving_gpu
reach-wall,31,matched_random_fixed_rank4,14,0.6038640882443692,0.05512499713312188,0.3730267744560137,0.03405252982049176,8.248581554134386,6.312885471870876,-1.9356960822635099,0.00048729777336120605,0.00030604004859924316,-0.0001812577247619629,3.3289194107055664e-05,7.337331771850586e-05,4.0084123611450195e-05,,,,,extension56,same_receiving_gpu
reach,0,fixed_rank4,0,0.0,0.0,0.0,0.0,170.27262398456074,170.27262398456074,0.0,0.12440919876098633,0.12426674365997314,-0.0001424551010131836,0.0012960433959960938,0.002160787582397461,0.0008647441864013672,True,10.0,0.0006652398904164632,0.0007344402440182724,initial8,archived_initial_native
reach,0,fixed_rank4,1,0.0,0.0,0.0,0.0,162.9746060970802,162.9746060970802,0.0,0.0910499095916748,0.09080362319946289,-0.00024628639221191406,0.009011030197143555,0.008453607559204102,-0.0005574226379394531,,,,,initial8,archived_initial_native
reach,0,fixed_rank4,2,0.0,0.0,0.0,0.0,154.39472010233015,154.39472010233015,0.0,0.05587315559387207,0.05603682994842529,0.00016367435455322266,0.014153003692626953,0.016153931617736816,0.0020009279251098633,,,,,initial8,archived_initial_native
reach,0,fixed_rank4,3,0.0,0.0,0.0,0.0,142.23714372735978,142.23714372735978,0.0,0.028371214866638184,0.028137922286987305,-0.0002332925796508789,0.02317488193511963,0.02394723892211914,0.0007723569869995117,,,,,initial8,archived_initial_native
reach,0,fixed_rank4,4,0.0,0.0,0.0,0.0,139.75073303790262,139.75073303790262,0.0,0.07429772615432739,0.07319396734237671,-0.0011037588119506836,0.0001544952392578125,0.0011829137802124023,0.0010284185409545898,,,,,initial8,archived_initial_native
reach,0,fixed_rank4,5,1.5398426665953973,0.14056776058386766,1.2445963129670317,0.11361557926663379,133.12120464755327,133.69567162077595,0.5744669732226839,0.0016731619834899902,0.0005179643630981445,-0.0011551976203918457,0.004643261432647705,0.0058348774909973145,0.0011916160583496094,,,,,initial8,archived_initial_native
reach,0,fixed_rank4,6,1.8015654066607545,0.16445966867484388,1.1925907837167322,0.1088681456857365,127.57369718910464,128.14816385129188,0.5744666621872483,0.0007851719856262207,0.0016736984252929688,0.000888526439666748,0.0020992159843444824,0.0005853772163391113,-0.001513838768005371,,,,,initial8,archived_initial_native
reach,0,fixed_rank4,7,2.1516539361112996,0.1964182327921564,1.393144803587232,0.1271761391326385,115.5501991972526,117.87084734405398,2.320648146801389,0.0009235739707946777,0.012704193592071533,0.011780619621276855,0.002085745334625244,0.0010380744934082031,-0.001047670841217041,,,,,initial8,archived_initial_native
reach,0,fixed_rank4,8,3.75280555628157,0.3425827095176899,2.8117810922815676,0.256679321834855,109.12458221522661,114.85641023937812,5.731828024151511,0.014196038246154785,0.004614591598510742,-0.009581446647644043,0.00035691261291503906,0.00021541118621826172,-0.00014150142669677734,,,,,initial8,archived_initial_native
reach,0,fixed_rank4,9,4.8020214376013985,0.43836257716627874,3.2545643930772172,0.29709972215691705,93.24056635035191,95.3373648373533,2.0967984870013936,0.002401411533355713,0.01772618293762207,0.015324771404266357,0.001425623893737793,0.0005443096160888672,-0.0008813142776489258,,,,,initial8,archived_initial_native
reach,0,fixed_rank4,10,6.5436572461793165,0.5973514470524246,3.616746571726261,0.3301622803523249,73.35428600164427,80.66450075469575,7.310214753051483,0.0029184818267822266,0.006731808185577393,0.003813326358795166,0.0005815625190734863,0.0013930797576904297,0.0008115172386169434,,,,,initial8,archived_initial_native
reach,0,fixed_rank4,11,7.328247620509593,0.6689744214561104,3.5578295852435904,0.32478391993286065,56.84592970928691,58.401701249820114,1.5557715405332075,0.003853321075439453,0.0006704926490783691,-0.003182828426361084,0.0015919804573059082,0.00016987323760986328,-0.001422107219696045,,,,,initial8,archived_initial_native
reach,0,fixed_rank4,12,7.065618450476005,0.644999768008401,3.8443336665657717,0.3509380446257695,33.525965412004574,42.34698868830224,8.821023276297666,0.0011886358261108398,9.965896606445312e-05,-0.0010889768600463867,3.4332275390625e-05,0.001286327838897705,0.00125199556350708,,,,,initial8,archived_initial_native
reach,0,fixed_rank4,13,7.379631672190977,0.673665122156428,3.441739632597959,0.3141864056389075,17.619824785208603,24.996264142814194,7.376439357605591,0.0032575130462646484,0.0008627772331237793,-0.002394735813140869,0.0005823373794555664,0.0002582073211669922,-0.0003241300582885742,,,,,initial8,archived_initial_native
reach,0,fixed_rank4,14,8.12081218600518,0.7413253365896462,3.450190905525433,0.31495789777590916,4.858272853138801,12.323731207287375,7.465458354148574,0.0050563812255859375,0.004178762435913086,-0.0008776187896728516,0.00021606683731079102,1.5735626220703125e-05,-0.0002003312110900879,,,,,initial8,archived_initial_native
reach,0,matched_random_fixed_rank4,0,0.0,0.0,0.0,0.0,170.27262398456074,170.27262398456074,0.0,0.12440919876098633,0.1244344711303711,2.5272369384765625e-05,0.0012960433959960938,0.0014998912811279297,0.00020384788513183594,True,10.0,0.0003023695945739746,0.00035781456484922477,initial8,archived_initial_native
reach,0,matched_random_fixed_rank4,1,0.0,0.0,0.0,0.0,162.9746060970802,162.9746060970802,0.0,0.0910499095916748,0.0909125804901123,-0.0001373291015625,0.009011030197143555,0.008105993270874023,-0.0009050369262695312,,,,,initial8,archived_initial_native
reach,0,matched_random_fixed_rank4,2,0.0,0.0,0.0,0.0,154.39472010233015,154.39472010233015,0.0,0.05587315559387207,0.05575835704803467,-0.00011479854583740234,0.014153003692626953,0.014693021774291992,0.0005400180816650391,,,,,initial8,archived_initial_native
reach,0,matched_random_fixed_rank4,3,0.0,0.0,0.0,0.0,142.23714372735978,142.23714372735978,0.0,0.028371214866638184,0.028399229049682617,2.8014183044433594e-05,0.02317488193511963,0.023483872413635254,0.000308990478515625,,,,,initial8,archived_initial_native
reach,0,matched_random_fixed_rank4,4,0.0,0.0,0.0,0.0,139.75073303790262,139.75073303790262,0.0,0.07429772615432739,0.07408463954925537,-0.00021308660507202148,0.0001544952392578125,0.0001569986343383789,2.5033950805664062e-06,,,,,initial8,archived_initial_native
reach,0,matched_random_fixed_rank4,5,1.5398426080765872,0.14056775524185558,1.2445962549939344,0.11361557397443828,133.12120464755327,133.69567227131108,0.5744676237578119,0.0016731619834899902,0.0003262758255004883,-0.001346886157989502,0.004643261432647705,0.005336761474609375,0.0006935000419616699,,,,,initial8,archived_initial_native
reach,0,matched_random_fixed_rank4,6,1.8015654616763543,0.16445967369705802,1.1925907166740162,0.10886813956560185,127.57369718910464,128.1481649833898,0.5744677942851553,0.0007851719856262207,0.0011753439903259277,0.00039017200469970703,0.0020992159843444824,0.0005348920822143555,-0.001564323902130127,,,,,initial8,archived_initial_native
reach,0,matched_random_fixed_rank4,7,2.1516539597982858,0.1964182349544725,1.3931449771402373,0.12717615497578783,115.5501991972526,117.87084809133553,2.320648894082936,0.0009235739707946777,0.012782156467437744,0.011858582496643066,0.002085745334625244,0.001355588436126709,-0.0007301568984985352,,,,,initial8,archived_initial_native
reach,0,matched_random_fixed_rank4,8,3.752805520684172,0.34258270626810683,2.8117810490888484,0.25667931789191717,109.12458221522661,114.85641070904698,5.731828493820373,0.014196038246154785,0.0044438838958740234,-0.009752154350280762,0.00035691261291503906,0.0005061626434326172,0.00014925003051757812,,,,,initial8,archived_initial_native
reach,0,matched_random_fixed_rank4,9,4.8020211086005995,0.4383625471327523,3.254564482685016,0.2970997303369526,93.24056635035191,95.33736457307893,2.096798222727017,0.002401411533355713,0.017244338989257812,0.0148429274559021,0.001425623893737793,0.00022369623184204102,-0.001201927661895752,,,,,initial8,archived_initial_native
reach,0,matched_random_fixed_rank4,10,6.543656965502038,0.5973514214302118,3.616746558884579,0.33016227918004515,73.35428600164427,80.66450026092014,7.310214259275867,0.0029184818267822266,0.00690382719039917,0.003985345363616943,0.0005815625190734863,0.0010278820991516113,0.000446319580078125,,,,,initial8,archived_initial_native
reach,0,matched_random_fixed_rank4,11,7.32824769656583,0.6689744283990631,3.5578297475763736,0.3247839347517485,56.84592970928691,58.40170171519127,1.555772005904366,0.003853321075439453,0.0006943941116333008,-0.0031589269638061523,0.0015919804573059082,9.506940841674805e-05,-0.0014969110488891602,,,,,initial8,archived_initial_native
reach,0,matched_random_fixed_rank4,12,7.044133771811292,0.6430384941508323,4.12387045841579,0.3764561457172497,33.525965412004574,42.912545771779214,9.38658035977464,0.0011886358261108398,0.0007804036140441895,-0.0004082322120666504,3.4332275390625e-05,0.00038236379623413086,0.00034803152084350586,,,,,initial8,archived_initial_native
reach,0,matched_random_fixed_rank4,13,7.561225470617095,0.6902422921065998,3.330204218147291,0.3040046618963544,17.619824785208603,28.136327952828918,10.516503167620314,0.0032575130462646484,0.0017164945602416992,-0.0015410184860229492,0.0005823373794555664,0.0005286335945129395,-5.370378494262695e-05,,,,,initial8,archived_initial_native
reach,0,matched_random_fixed_rank4,14,8.193524839539357,0.7479630633491006,3.457182425401164,0.3155961333004398,4.858272853138801,17.63238417550974,12.774111322370938,0.0050563812255859375,0.0033521056175231934,-0.0017042756080627441,0.00021606683731079102,0.0010427236557006836,0.0008266568183898926,,,,,initial8,archived_initial_native
reach,1,fixed_rank4,0,0.0,0.0,0.0,0.0,170.27262398456074,170.27262398456074,0.0,0.039246439933776855,0.039716362953186035,0.0004699230194091797,0.0017080307006835938,0.001850128173828125,0.00014209747314453125,True,10.0,-0.000378644863764445,0.0004779991809225562,initial8,archived_initial_native
reach,1,fixed_rank4,1,0.0,0.0,0.0,0.0,166.63492930941868,166.63492930941868,0.0,0.07771658897399902,0.07630419731140137,-0.0014123916625976562,0.00237119197845459,0.0018471479415893555,-0.0005240440368652344,,,,,initial8,archived_initial_native
reach,1,fixed_rank4,2,0.0,0.0,0.0,0.0,157.74887855673467,157.74887855673467,0.0,0.2018953561782837,0.20266449451446533,0.0007691383361816406,0.0001723766326904297,0.0001875162124633789,1.5139579772949219e-05,,,,,initial8,archived_initial_native
reach,1,fixed_rank4,3,1.5951298796033875,0.1456147695348792,1.6104945533585513,0.14701736593561432,150.05568140475827,148.7498147130736,-1.3058666916846846,0.01712965965270996,0.029963970184326172,0.012834310531616211,0.009004592895507812,0.00942087173461914,0.0004162788391113281,,,,,initial8,archived_initial_native
reach,1,fixed_rank4,4,1.8005003738980219,0.16436244493007204,1.9033271169905384,0.17374919938116534,141.4795435708063,140.17367656669867,-1.3058670041076255,0.00859147310256958,0.016158103942871094,0.007566630840301514,0.0006822347640991211,0.006455898284912109,0.005773663520812988,,,,,initial8,archived_initial_native
reach,1,fixed_rank4,5,2.9710129083980807,0.27121513142810977,2.5874549095134043,0.2362012367446633,135.46647742310498,134.79055202806066,-0.6759253950443167,0.005978822708129883,0.0001920461654663086,-0.005786776542663574,0.001275181770324707,0.005226016044616699,0.003950834274291992,,,,,initial8,archived_initial_native
reach,1,fixed_rank4,6,4.176975162540236,0.3813039197770158,2.737024835924981,0.24985504051466476,128.02554131003774,129.9009477427938,1.8754064327560513,0.0038503408432006836,0.0009784102439880371,-0.0028719305992126465,0.0002703070640563965,0.00016880035400390625,-0.00010150671005249023,,,,,initial8,archived_initial_native
reach,1,fixed_rank4,7,5.131728262235389,0.46846055470218484,3.28546219921584,0.29992029305684126,120.1273594388673,122.44303137993464,2.315671941067336,0.0002465248107910156,0.00762784481048584,0.007381319999694824,0.005528688430786133,0.0005356669425964355,-0.004993021488189697,,,,,initial8,archived_initial_native
reach,1,fixed_rank4,8,5.133477194046509,0.46862020960293294,3.5231144387197912,0.32161487512649706,109.70612505990897,109.98950022391575,0.28337516400678453,0.008279263973236084,0.016371488571166992,0.008092224597930908,0.000577092170715332,0.0009490251541137695,0.0003719329833984375,,,,,initial8,archived_initial_native
reach,1,fixed_rank4,9,6.482876939342316,0.5918029895346395,4.237325426464805,0.38681311992749534,103.09137638243912,101.43338121533777,-1.6579951671013475,0.0030741095542907715,0.008040964603424072,0.004966855049133301,0.002149045467376709,0.0001760721206665039,-0.001972973346710205,,,,,initial8,archived_initial_native
reach,1,fixed_rank4,10,7.716710237913932,0.7044360445060864,4.21153318769716,0.3844586214305623,98.30404737557167,92.48663642691753,-5.8174109486541425,0.0034076571464538574,0.0015006661415100098,-0.0019069910049438477,0.001414179801940918,9.441375732421875e-05,-0.0013197660446166992,,,,,initial8,archived_initial_native
reach,1,fixed_rank4,11,8.222126589751928,0.7505740339783593,4.109068246195883,0.3751048947949461,90.53326256450036,84.93031573705761,-5.60294682744275,0.008225202560424805,0.003029942512512207,-0.005195260047912598,7.62939453125e-06,0.00042432546615600586,0.00041669607162475586,,,,,initial8,archived_initial_native
reach,1,fixed_rank4,12,8.625409635338979,0.7873885708329279,4.6077960609820305,0.42063230716388467,85.42008759461578,76.53495926167292,-8.885128332942855,0.0024722814559936523,0.0019558966159820557,-0.0005163848400115967,1.6987323760986328e-05,0.0008323192596435547,0.0008153319358825684,,,,,initial8,archived_initial_native
reach,1,fixed_rank4,13,8.796022229289184,0.8029632985497607,4.96748421616248,0.45346719320717643,78.00104641924558,68.05392343893432,-9.947122980311264,0.005867600440979004,0.0005896687507629395,-0.0052779316902160645,0.0005318224430084229,0.00045680999755859375,-7.50124454498291e-05,,,,,initial8,archived_initial_native
reach,1,fixed_rank4,14,9.705353978871452,0.8859735504667352,4.735067202914999,0.4322505197232394,69.55134878538733,52.75458655535928,-16.79676223002805,0.002377748489379883,0.00018328428268432617,-0.0021944642066955566,0.00015738606452941895,0.00019565224647521973,3.826618194580078e-05,,,,,initial8,archived_initial_native
reach,1,matched_random_fixed_rank4,0,0.0,0.0,0.0,0.0,170.27262398456074,170.27262398456074,0.0,0.039246439933776855,0.039080142974853516,-0.00016629695892333984,0.0017080307006835938,0.001657724380493164,-5.030632019042969e-05,True,10.0,6.653825441996256e-05,0.0002321380560704787,initial8,archived_initial_native
reach,1,matched_random_fixed_rank4,1,0.0,0.0,0.0,0.0,166.63492930941868,166.63492930941868,0.0,0.07771658897399902,0.07670176029205322,-0.0010148286819458008,0.00237119197845459,0.0017635822296142578,-0.000607609748840332,,,,,initial8,archived_initial_native
reach,1,matched_random_fixed_rank4,2,0.0,0.0,0.0,0.0,157.74887855673467,157.74887855673467,0.0,0.2018953561782837,0.20234405994415283,0.0004487037658691406,0.0001723766326904297,0.00040209293365478516,0.00022971630096435547,,,,,initial8,archived_initial_native
reach,1,matched_random_fixed_rank4,3,0.0,0.0,0.0,0.0,150.05568140475827,150.05568140475827,0.0,0.01712965965270996,0.017794132232666016,0.0006644725799560547,0.009004592895507812,0.009364962577819824,0.0003603696823120117,,,,,initial8,archived_initial_native
reach,1,matched_random_fixed_rank4,4,8.253174480187997e-07,7.5340830563749e-08,5.817181258184653e-07,5.3103356603400295e-08,141.4795435708063,141.4795429008534,-6.699528967146762e-07,0.00859147310256958,0.008827805519104004,0.00023633241653442383,0.0006822347640991211,0.0008084774017333984,0.00012624263763427734,,,,,initial8,archived_initial_native
reach,1,matched_random_fixed_rank4,5,9.89020725690819e-07,9.028482688349845e-08,8.50280679326481e-07,7.761965137965502e-08,135.46647742310498,135.4664759367809,-1.4863240664908517e-06,0.005978822708129883,0.006356358528137207,0.0003775358200073242,0.001275181770324707,0.0007776021957397461,-0.0004975795745849609,,,,,initial8,archived_initial_native
reach,1,matched_random_fixed_rank4,6,1.2018319995063074e-06,1.0971174941019037e-07,9.506426994643558e-07,8.678140843737199e-08,128.02554131003774,128.02554005745716,-1.2525805743734963e-06,0.0038503408432006836,0.003915071487426758,6.473064422607422e-05,0.0002703070640563965,0.0002446174621582031,-2.568960189819336e-05,,,,,initial8,archived_initial_native
reach,1,matched_random_fixed_rank4,7,1.228844757731037e-06,1.1217766558020996e-07,1.0449953909091198e-06,9.539459134830897e-08,120.1273594388673,120.12735848269332,-9.561739773289446e-07,0.0002465248107910156,0.00046384334564208984,0.00021731853485107422,0.005528688430786133,0.005532979965209961,4.291534423828125e-06,,,,,initial8,archived_initial_native
reach,1,matched_random_fixed_rank4,8,1.5828695023604593e-06,1.4449555533830006e-07,1.0772467760404042e-06,9.833872653950753e-08,109.70612505990897,109.70612480116293,-2.587460414815723e-07,0.008279263973236084,0.008346617221832275,6.73532485961914e-05,0.000577092170715332,0.0005010366439819336,-7.605552673339844e-05,,,,,initial8,archived_initial_native
reach,1,matched_random_fixed_rank4,9,1.7916903651447169e-06,1.6355820484240488e-07,1.0990300904165177e-06,1.003272619830115e-07,103.09137638243912,103.09137649587481,1.1343568928623426e-07,0.0030741095542907715,0.003136157989501953,6.204843521118164e-05,0.002149045467376709,0.0022200345993041992,7.098913192749023e-05,,,,,initial8,archived_initial_native
reach,1,matched_random_fixed_rank4,10,2.1233454155371863e-06,1.938340302441496e-07,1.2121341306921986e-06,1.1065220101700538e-07,98.30404737557167,98.3040489877984,1.612226725455912e-06,0.0034076571464538574,0.0032874345779418945,-0.00012022256851196289,0.001414179801940918,0.0015054941177368164,9.131431579589844e-05,,,,,initial8,archived_initial_native
reach,1,matched_random_fixed_rank4,11,1.8428857109109033e-06,1.6823167912830767e-07,1.1404013552455594e-06,1.0410392447957587e-07,90.53326256450036,90.53326414243288,1.5779325224229979e-06,0.008225202560424805,0.008282750844955444,5.754828453063965e-05,7.62939453125e-06,0.00010508298873901367,9.745359420776367e-05,,,,,initial8,archived_initial_native
reach,1,matched_random_fixed_rank4,12,2.4007603359760722e-06,2.191584318629627e-07,1.4951924938068832e-06,1.3649177611173888e-07,85.42008759461578,85.420088522629,9.280132218236758e-07,0.0024722814559936523,0.0026062428951263428,0.00013396143913269043,1.6987323760986328e-05,2.8848648071289062e-05,1.1861324310302734e-05,,,,,initial8,archived_initial_native
reach,1,matched_random_fixed_rank4,13,1.1458361567689632,0.10460005171123118,0.8911664771195537,0.08135199700179852,78.00104641924558,77.98381226099406,-0.017234158251525855,0.005867600440979004,0.0035200417041778564,-0.0023475587368011475,0.0005318224430084229,9.53972339630127e-05,-0.00043642520904541016,,,,,initial8,archived_initial_native
reach,1,matched_random_fixed_rank4,14,1.2839016828017833,0.11720365221489656,0.9187918140014214,0.08387383369661157,69.55134878538733,68.0162008826784,-1.5351479027089283,0.002377748489379883,0.0003711879253387451,-0.0020065605640411377,0.00015738606452941895,0.0002473294734954834,8.994340896606445e-05,,,,,initial8,archived_initial_native
reach,2,fixed_rank4,0,0.0,0.0,0.0,0.0,170.27262398456074,170.27262398456074,0.0,0.005929231643676758,0.005494117736816406,-0.00043511390686035156,0.005892753601074219,0.0047760009765625,-0.0011167526245117188,True,10.0,0.00018898884455362955,0.0003896749212498556,initial8,archived_initial_native
reach,2,fixed_rank4,1,0.0,0.0,0.0,0.0,163.91049988563606,163.91049988563606,0.0,0.03190279006958008,0.03204309940338135,0.00014030933380126953,0.0011571645736694336,0.0009875297546386719,-0.00016963481903076172,,,,,initial8,archived_initial_native
reach,2,fixed_rank4,2,0.0,0.0,0.0,0.0,154.00501099260435,154.00501099260435,0.0,0.09615588188171387,0.09507453441619873,-0.0010813474655151367,0.003484964370727539,0.0024625062942504883,-0.0010224580764770508,,,,,initial8,archived_initial_native
reach,2,fixed_rank4,3,0.0,0.0,0.0,0.0,142.82216154270728,142.82216154270728,0.0,0.016854286193847656,0.017092227935791016,0.00023794174194335938,0.0041817426681518555,0.005747318267822266,0.0015655755996704102,,,,,initial8,archived_initial_native
reach,2,fixed_rank4,4,0.0,0.0,0.0,0.0,128.2436934071959,128.2436934071959,0.0,0.08078444004058838,0.08073979616165161,-4.464387893676758e-05,0.007262110710144043,0.008435606956481934,0.0011734962463378906,,,,,initial8,archived_initial_native
reach,2,fixed_rank4,5,7.579901640924494e-07,6.919471854007948e-08,5.090442553919173e-07,4.6469170241095645e-08,116.67930556875308,116.67930600057332,4.3182024000998354e-07,0.003230869770050049,0.004687190055847168,0.0014563202857971191,0.004930078983306885,0.00421220064163208,-0.0007178783416748047,,,,,initial8,archived_initial_native
reach,2,fixed_rank4,6,1.2017988008637027e-06,1.0970871880261818e-07,7.528036549591873e-07,6.872125719891378e-08,111.66950842480398,111.66950825453567,-1.7026830789745873e-07,0.009695649147033691,0.009352505207061768,-0.00034314393997192383,0.003773212432861328,0.00382840633392334,5.519390106201172e-05,,,,,initial8,archived_initial_native
reach,2,fixed_rank4,7,1.6536161434582443e-06,1.5095381053779656e-07,7.877910070351543e-07,7.191515085881084e-08,105.65862425133716,105.65862428264401,3.130685399810318e-08,0.03767204284667969,0.03777116537094116,9.912252426147461e-05,0.006549656391143799,0.006734967231750488,0.00018531084060668945,,,,,initial8,archived_initial_native
reach,2,fixed_rank4,8,2.0951636730970222e-06,1.9126140090343648e-07,9.194149286092728e-07,8.393071601771677e-08,102.35681604106935,102.35681667387279,6.32803434541529e-07,0.00407719612121582,0.0035704374313354492,-0.0005067586898803711,0.0035576820373535156,0.0036324262619018555,7.474422454833984e-05,,,,,initial8,archived_initial_native
reach,2,fixed_rank4,9,2.478601435676058e-06,2.2626431956407785e-07,9.476306735580365e-07,8.650644934859182e-08,93.81358919683043,93.81358954759574,3.5076530480182555e-07,0.008470296859741211,0.008552253246307373,8.195638656616211e-05,0.0024746060371398926,0.002252042293548584,-0.0002225637435913086,,,,,initial8,archived_initial_native
reach,2,fixed_rank4,10,2.4162004279994114e-06,2.2056791297815242e-07,9.753788943734146e-07,8.90395037604613e-08,83.84439208308238,83.84439106186551,-1.0212168746193129e-06,0.0023050308227539062,0.0023842453956604004,7.921457290649414e-05,0.0016669631004333496,0.0015891790390014648,-7.778406143188477e-05,,,,,initial8,archived_initial_native
reach,2,fixed_rank4,11,2.6158336197028947e-06,2.387918466986109e-07,1.2350559376433596e-06,1.1274466613799365e-07,75.0422469217828,75.04224482190952,-2.099873285033027e-06,0.026335030794143677,0.02664482593536377,0.0003097951412200928,0.0009976625442504883,0.00035709142684936523,-0.000640571117401123,,,,,initial8,archived_initial_native
reach,2,fixed_rank4,12,3.17775396414699e-06,2.9008792139412824e-07,1.3853172072819387e-06,1.264615806213963e-07,63.84350455519316,63.843503120107215,-1.4350859416367712e-06,0.0006778538227081299,0.0003935396671295166,-0.0002843141555786133,3.451108932495117e-05,0.00020486116409301758,0.0001703500747680664,,,,,initial8,archived_initial_native
reach,2,fixed_rank4,13,3.78390482516766e-06,3.4542167136616155e-07,1.3800076323306195e-06,1.2597688495946264e-07,56.49588479733669,56.49588575220452,9.54867829250361e-07,0.010537534952163696,0.010400235652923584,-0.0001372992992401123,0.0013415813446044922,0.001248776912689209,-9.28044319152832e-05,,,,,initial8,archived_initial_native
reach,2,fixed_rank4,14,5.414386183410391e-06,4.942635746163625e-07,1.301850386061503e-06,1.1884213715711572e-07,48.306623373120004,48.30662373864267,3.655226663568101e-07,0.0013495385646820068,0.001328974962234497,-2.0563602447509766e-05,0.0001004338264465332,5.027651786804199e-05,-5.015730857849121e-05,,,,,initial8,archived_initial_native
reach,2,matched_random_fixed_rank4,0,0.0,0.0,0.0,0.0,170.27262398456074,170.27262398456074,0.0,0.005929231643676758,0.005164623260498047,-0.0007646083831787109,0.005892753601074219,0.005217552185058594,-0.000675201416015625,True,10.0,0.00034499406814575195,0.0005401400134763718,initial8,archived_initial_native
reach,2,matched_random_fixed_rank4,1,0.0,0.0,0.0,0.0,163.91049988563606,163.91049988563606,0.0,0.03190279006958008,0.03219318389892578,0.0002903938293457031,0.0011571645736694336,0.0008823871612548828,-0.0002747774124145508,,,,,initial8,archived_initial_native
reach,2,matched_random_fixed_rank4,2,0.0,0.0,0.0,0.0,154.00501099260435,154.00501099260435,0.0,0.09615588188171387,0.09649825096130371,0.00034236907958984375,0.003484964370727539,0.003938555717468262,0.00045359134674072266,,,,,initial8,archived_initial_native
reach,2,matched_random_fixed_rank4,3,0.0,0.0,0.0,0.0,142.82216154270728,142.82216154270728,0.0,0.016854286193847656,0.017010092735290527,0.0001558065414428711,0.0041817426681518555,0.004957079887390137,0.0007753372192382812,,,,,initial8,archived_initial_native
reach,2,matched_random_fixed_rank4,4,0.0,0.0,0.0,0.0,128.2436934071959,128.2436934071959,0.0,0.08078444004058838,0.08045071363449097,-0.0003337264060974121,0.007262110710144043,0.007678031921386719,0.0004159212112426758,,,,,initial8,archived_initial_native
reach,2,matched_random_fixed_rank4,5,0.0,0.0,0.0,0.0,116.67930556875308,116.67930556875308,0.0,0.003230869770050049,0.003318607807159424,8.7738037109375e-05,0.004930078983306885,0.0047724246978759766,-0.0001576542854309082,,,,,initial8,archived_initial_native
reach,2,matched_random_fixed_rank4,6,0.0,0.0,0.0,0.0,111.66950842480398,111.66950842480398,0.0,0.009695649147033691,0.009674608707427979,-2.104043960571289e-05,0.003773212432861328,0.004350185394287109,0.0005769729614257812,,,,,initial8,archived_initial_native
reach,2,matched_random_fixed_rank4,7,0.0,0.0,0.0,0.0,105.65862425133716,105.65862425133716,0.0,0.03767204284667969,0.037400782108306885,-0.00027126073837280273,0.006549656391143799,0.006798684597015381,0.00024902820587158203,,,,,initial8,archived_initial_native
reach,2,matched_random_fixed_rank4,8,0.0,0.0,0.0,0.0,102.35681604106935,102.35681604106935,0.0,0.00407719612121582,0.00385361909866333,-0.00022357702255249023,0.0035576820373535156,0.0035868287086486816,2.9146671295166016e-05,,,,,initial8,archived_initial_native
reach,2,matched_random_fixed_rank4,9,0.0,0.0,0.0,0.0,93.81358919683043,93.81358919683043,0.0,0.008470296859741211,0.0084991455078125,2.8848648071289062e-05,0.0024746060371398926,0.0025044679641723633,2.9861927032470703e-05,,,,,initial8,archived_initial_native
reach,2,matched_random_fixed_rank4,10,0.0,0.0,0.0,0.0,83.84439208308238,83.84439208308238,0.0,0.0023050308227539062,0.0023387670516967773,3.3736228942871094e-05,0.0016669631004333496,0.0017681717872619629,0.00010120868682861328,,,,,initial8,archived_initial_native
reach,2,matched_random_fixed_rank4,11,0.0,0.0,0.0,0.0,75.0422469217828,75.0422469217828,0.0,0.026335030794143677,0.02662503719329834,0.0002900063991546631,0.0009976625442504883,0.0007648468017578125,-0.00023281574249267578,,,,,initial8,archived_initial_native
reach,2,matched_random_fixed_rank4,12,1.8116053111043266e-06,1.653761823646673e-07,5.220060953728767e-07,4.765241893181962e-08,63.84350455519316,63.843505617573705,1.0623805479781367e-06,0.0006778538227081299,0.00036391615867614746,-0.0003139376640319824,3.451108932495117e-05,0.0003585517406463623,0.00032404065132141113,,,,,initial8,archived_initial_native
reach,2,matched_random_fixed_rank4,13,1.0897567097864063,0.09948072202377091,0.7133160268678835,0.06511654642425016,56.49588479733669,55.974039867342384,-0.5218449299943089,0.010537534952163696,0.009874701499938965,-0.0006628334522247314,0.0013415813446044922,0.00011757016181945801,-0.0012240111827850342,,,,,initial8,archived_initial_native
reach,2,matched_random_fixed_rank4,14,2.2353938639624285,0.20406260736680945,1.2002298770065174,0.10956549630468677,48.306623373120004,48.641985718859225,0.3353623457392203,0.0013495385646820068,0.00010088086128234863,-0.0012486577033996582,0.0001004338264465332,4.601478576660156e-05,-5.441904067993164e-05,,,,,initial8,archived_initial_native
reach,3,fixed_rank4,0,0.0,0.0,0.0,0.0,170.27262398456074,170.27262398456074,0.0,0.08774161338806152,0.0873262882232666,-0.0004153251647949219,0.00042510032653808594,0.0005447864532470703,0.00011968612670898438,True,10.0,0.0002602235476175944,0.0004345352660374721,initial8,archived_initial_native
reach,3,fixed_rank4,1,0.0,0.0,0.0,0.0,166.50137235215794,166.50137235215794,0.0,0.027877092361450195,0.027360916137695312,-0.0005161762237548828,0.012153148651123047,0.013788461685180664,0.0016353130340576172,,,,,initial8,archived_initial_native
reach,3,fixed_rank4,2,3.6577419937052113e-07,3.339046332477106e-08,5.567533282121839e-07,5.0824392804648416e-08,157.89726449864898,157.89726371010823,-7.885407455887616e-07,0.14129114151000977,0.14234495162963867,0.0010538101196289062,0.027524232864379883,0.029480814933776855,0.0019565820693969727,,,,,initial8,archived_initial_native
reach,3,fixed_rank4,3,4.647665909562202e-07,4.242719097358306e-08,8.460920790778631e-07,7.723728623956507e-08,151.74581256448766,151.7458115060269,-1.0584607537111879e-06,0.010603904724121094,0.01035010814666748,-0.0002537965774536133,0.0012241601943969727,0.003052353858947754,0.0018281936645507812,,,,,initial8,archived_initial_native
reach,3,fixed_rank4,4,1.1936518414733396e-06,1.0896500656375479e-07,9.09947433517696e-07,8.306645591359575e-08,141.8733805201103,141.87337959543055,-9.246797390005668e-07,0.021121501922607422,0.021694064140319824,0.0005725622177124023,0.010694384574890137,0.009163081645965576,-0.0015313029289245605,,,,,initial8,archived_initial_native
reach,3,fixed_rank4,5,1.4871795597477092e-06,1.3576029865573703e-07,1.0208111142190666e-06,9.318687903496088e-08,127.61288282391365,127.6128818656311,-9.582825555298768e-07,0.00011426210403442383,0.00043958425521850586,0.00032532215118408203,0.005362153053283691,0.005574405193328857,0.00021225214004516602,,,,,initial8,archived_initial_native
reach,3,fixed_rank4,6,1.8896037011195691e-06,1.724964286414063e-07,1.2013931259849687e-06,1.0967168592226888e-07,121.59267011197284,121.59266866036927,-1.451603566238191e-06,0.01118093729019165,0.011031270027160645,-0.00014966726303100586,0.0010015368461608887,0.0014365315437316895,0.0004349946975708008,,,,,initial8,archived_initial_native
reach,3,fixed_rank4,7,1.9297709978570435e-06,1.7616318439092605e-07,1.0372107359942706e-06,9.468395283176626e-08,111.10568102420424,111.10568055202022,-4.7218402698945283e-07,0.015482068061828613,0.01623910665512085,0.0007570385932922363,0.001248002052307129,0.0008938312530517578,-0.0003541707992553711,,,,,initial8,archived_initial_native
reach,3,fixed_rank4,8,2.312209881674607e-06,2.1107491831325552e-07,1.110361503676274e-06,1.0136167375814179e-07,102.43384259444761,102.43384175872748,-8.357201295439154e-07,0.007088899612426758,0.006844997406005859,-0.00024390220642089844,0.0010802149772644043,0.00022751092910766602,-0.0008527040481567383,,,,,initial8,archived_initial_native
reach,3,fixed_rank4,9,2.7199405839266857e-06,2.4829546881506983e-07,1.3652312227342738e-06,1.246279894836536e-07,92.77289994133656,92.77289735638698,-2.5849495841612224e-06,0.0015781521797180176,0.0015351176261901855,-4.303455352783203e-05,9.381771087646484e-05,0.00011563301086425781,2.181529998779297e-05,,,,,initial8,archived_initial_native
reach,3,fixed_rank4,10,3.198703545601402e-06,2.9200034778294046e-07,1.621836695764937e-06,1.4805275714334987e-07,83.88954927398896,83.88954489980128,-4.374187682287811e-06,0.018607020378112793,0.01847255229949951,-0.00013446807861328125,0.0002875328063964844,6.836652755737305e-05,-0.00021916627883911133,,,,,initial8,archived_initial_native
reach,3,fixed_rank4,11,3.578955237336252e-06,3.2671241929838676e-07,1.5112424232214424e-06,1.3795692750952552e-07,65.36563833794341,65.36563336799526,-4.969948150801429e-06,0.0013872385025024414,0.0006377696990966797,-0.0007494688034057617,0.0018596649169921875,0.002220332622528076,0.00036066770553588867,,,,,initial8,archived_initial_native
reach,3,fixed_rank4,12,4.229974861836228e-06,3.8614210825125005e-07,1.4367938082980562e-06,1.3116072988143311e-07,46.225666045839034,46.22566166972615,-4.3761128836194985e-06,0.005299627780914307,0.004969567060470581,-0.0003300607204437256,0.0003910064697265625,0.0005006790161132812,0.00010967254638671875,,,,,initial8,archived_initial_native
reach,3,fixed_rank4,13,4.5640919214189856e-06,4.1664268331471244e-07,1.4357406067328207e-06,1.3106458617228658e-07,30.15963794252349,30.159630079562305,-7.86296118349128e-06,0.0018496215343475342,0.0024302899837493896,0.0005806684494018555,0.00039765238761901855,0.00013065338134765625,-0.0002669990062713623,,,,,initial8,archived_initial_native
reach,3,fixed_rank4,14,0.8096436471103282,0.07391001484384654,0.5933141273800404,0.0541619218754236,17.15697577603608,15.427097810377663,-1.7298779656584173,0.005739748477935791,0.00038424134254455566,-0.005355507135391235,0.0008225440979003906,0.00021651387214660645,-0.0006060302257537842,,,,,initial8,archived_initial_native
reach,3,matched_random_fixed_rank4,0,0.0,0.0,0.0,0.0,170.27262398456074,170.27262398456074,0.0,0.08774161338806152,0.08766365051269531,-7.796287536621094e-05,0.00042510032653808594,0.0006854534149169922,0.00026035308837890625,True,10.0,0.00039800961812337237,0.0004910255254020207,initial8,archived_initial_native
reach,3,matched_random_fixed_rank4,1,0.0,0.0,0.0,0.0,166.50137235215794,166.50137235215794,0.0,0.027877092361450195,0.027619600296020508,-0.0002574920654296875,0.012153148651123047,0.013252496719360352,0.0010993480682373047,,,,,initial8,archived_initial_native
reach,3,matched_random_fixed_rank4,2,0.0,0.0,0.0,0.0,157.89726449864898,157.89726449864898,0.0,0.14129114151000977,0.1417924165725708,0.0005012750625610352,0.027524232864379883,0.028166532516479492,0.0006422996520996094,,,,,initial8,archived_initial_native
reach,3,matched_random_fixed_rank4,3,0.0,0.0,0.0,0.0,151.74581256448766,151.74581256448766,0.0,0.010603904724121094,0.010603547096252441,-3.5762786865234375e-07,0.0012241601943969727,0.0014722347259521484,0.0002480745315551758,,,,,initial8,archived_initial_native
reach,3,matched_random_fixed_rank4,4,0.0,0.0,0.0,0.0,141.8733805201103,141.8733805201103,0.0,0.021121501922607422,0.02121800184249878,9.649991989135742e-05,0.010694384574890137,0.010345876216888428,-0.000348508358001709,,,,,initial8,archived_initial_native
reach,3,matched_random_fixed_rank4,5,0.0,0.0,0.0,0.0,127.61288282391365,127.61288282391365,0.0,0.00011426210403442383,0.00031107664108276367,0.00019681453704833984,0.005362153053283691,0.005571305751800537,0.0002091526985168457,,,,,initial8,archived_initial_native
reach,3,matched_random_fixed_rank4,6,0.0,0.0,0.0,0.0,121.59267011197284,121.59267011197284,0.0,0.01118093729019165,0.011293411254882812,0.00011247396469116211,0.0010015368461608887,0.0009146928787231445,-8.684396743774414e-05,,,,,initial8,archived_initial_native
reach,3,matched_random_fixed_rank4,7,0.0,0.0,0.0,0.0,111.10568102420424,111.10568102420424,0.0,0.015482068061828613,0.01574528217315674,0.000263214111328125,0.001248002052307129,0.001025557518005371,-0.0002224445343017578,,,,,initial8,archived_initial_native
reach,3,matched_random_fixed_rank4,8,0.0,0.0,0.0,0.0,102.43384259444761,102.43384259444761,0.0,0.007088899612426758,0.0069214701652526855,-0.00016742944717407227,0.0010802149772644043,0.000733494758605957,-0.00034672021865844727,,,,,initial8,archived_initial_native
reach,3,matched_random_fixed_rank4,9,0.0,0.0,0.0,0.0,92.77289994133656,92.77289994133656,0.0,0.0015781521797180176,0.0014159083366394043,-0.00016224384307861328,9.381771087646484e-05,0.00021153688430786133,0.00011771917343139648,,,,,initial8,archived_initial_native
reach,3,matched_random_fixed_rank4,10,0.0,0.0,0.0,0.0,83.88954927398896,83.88954927398896,0.0,0.018607020378112793,0.018654704093933105,4.76837158203125e-05,0.0002875328063964844,0.0001996159553527832,-8.791685104370117e-05,,,,,initial8,archived_initial_native
reach,3,matched_random_fixed_rank4,11,0.0,0.0,0.0,0.0,65.36563833794341,65.36563833794341,0.0,0.0013872385025024414,0.0015611648559570312,0.00017392635345458984,0.0018596649169921875,0.002168893814086914,0.00030922889709472656,,,,,initial8,archived_initial_native
reach,3,matched_random_fixed_rank4,12,0.0,0.0,0.0,0.0,46.225666045839034,46.225666045839034,0.0,0.005299627780914307,0.005299687385559082,5.960464477539063e-08,0.0003910064697265625,0.000352323055267334,-3.8683414459228516e-05,,,,,initial8,archived_initial_native
reach,3,matched_random_fixed_rank4,13,0.0,0.0,0.0,0.0,30.159637942523485,30.159637942523485,0.0,0.0018496215343475342,0.0021129846572875977,0.0002633631229400635,0.00039765238761901855,0.0002866089344024658,-0.00011104345321655273,,,,,initial8,archived_initial_native
reach,3,matched_random_fixed_rank4,14,0.0,0.0,0.0,0.0,17.15697577603608,17.15697577603608,0.0,0.005739748477935791,0.005942255258560181,0.00020250678062438965,0.0008225440979003906,0.0007994771003723145,-2.3066997528076172e-05,,,,,initial8,archived_initial_native
reach-wall,0,fixed_rank4,0,0.0,0.0,0.0,0.0,170.27262398456074,170.27262398456074,0.0,0.1253058910369873,0.12520647048950195,-9.942054748535156e-05,0.0017766952514648438,0.0017905235290527344,1.3828277587890625e-05,True,10.0,0.0006862966219584148,0.0007599481165454879,initial8,archived_initial_native
reach-wall,0,fixed_rank4,1,0.0,0.0,0.0,0.0,159.87110648028516,159.87110648028516,0.0,0.09045767784118652,0.09033691883087158,-0.0001207590103149414,0.0007824897766113281,0.0004401206970214844,-0.00034236907958984375,,,,,initial8,archived_initial_native
reach-wall,0,fixed_rank4,2,0.0,0.0,0.0,0.0,156.12832050251214,156.12832050251214,0.0,0.022381067276000977,0.02264547348022461,0.0002644062042236328,0.0012978315353393555,0.001689910888671875,0.00039207935333251953,,,,,initial8,archived_initial_native
reach-wall,0,fixed_rank4,3,0.0,0.0,0.0,0.0,145.5576272047411,145.5576272047411,0.0,0.01136171817779541,0.011813521385192871,0.00045180320739746094,0.002425551414489746,0.0020574331283569336,-0.0003681182861328125,,,,,initial8,archived_initial_native
reach-wall,0,fixed_rank4,4,0.0,0.0,0.0,0.0,140.7790010491065,140.7790010491065,0.0,0.0027195215225219727,0.0014268159866333008,-0.0012927055358886719,0.01007544994354248,0.00928795337677002,-0.0007874965667724609,,,,,initial8,archived_initial_native
reach-wall,0,fixed_rank4,5,0.0,0.0,0.0,0.0,129.2402789070003,129.2402789070003,0.0,0.015955626964569092,0.015403389930725098,-0.0005522370338439941,0.002156496047973633,0.002591073513031006,0.00043457746505737305,,,,,initial8,archived_initial_native
reach-wall,0,fixed_rank4,6,0.0,0.0,0.0,0.0,121.60296573075105,121.60296573075105,0.0,0.0004926323890686035,0.0007520914077758789,0.0002594590187072754,0.003434896469116211,0.0016182661056518555,-0.0018166303634643555,,,,,initial8,archived_initial_native
reach-wall,0,fixed_rank4,7,0.0,0.0,0.0,0.0,110.668701567412,110.668701567412,0.0,0.007363855838775635,0.007601618766784668,0.0002377629280090332,0.003369748592376709,0.001826941967010498,-0.001542806625366211,,,,,initial8,archived_initial_native
reach-wall,0,fixed_rank4,8,8.123570264434019e-07,7.415771135514532e-08,5.308244565295242e-07,4.845742148610681e-08,101.6003928386156,101.6003923423512,-4.962644055694909e-07,0.00677114725112915,0.006856560707092285,8.541345596313477e-05,0.001373589038848877,0.0009341239929199219,-0.0004394650459289551,,,,,initial8,archived_initial_native
reach-wall,0,fixed_rank4,9,1.4062366429185072e-06,1.2837125508613396e-07,6.832227094466687e-07,6.236941496062307e-08,84.1396926844962,84.13969176049599,-9.240002043497952e-07,0.002794027328491211,0.002821624279022217,2.759695053100586e-05,0.0011023879051208496,0.0011686086654663086,6.622076034545898e-05,,,,,initial8,archived_initial_native
reach-wall,0,fixed_rank4,10,1.699487886497033e-06,1.551413086068674e-07,8.121132850646973e-07,7.413546091325967e-08,74.30598886570777,74.3059884673119,-3.9839586918333225e-07,0.0038111209869384766,0.0037435293197631836,-6.759166717529297e-05,0.001723945140838623,0.0018462538719177246,0.00012230873107910156,,,,,initial8,archived_initial_native
reach-wall,0,fixed_rank4,11,2.90740963918753e-06,2.6540897388182766e-07,9.977659977075677e-07,9.108315734268044e-08,58.736466929376576,58.73646438537045,-2.5440061293124927e-06,0.008984029293060303,0.009067356586456299,8.33272933959961e-05,7.903575897216797e-05,0.0003314018249511719,0.0002523660659790039,,,,,initial8,archived_initial_native
reach-wall,0,fixed_rank4,12,0.8092807372109664,0.07387688585414279,0.5941502843001746,0.054238252209885526,48.950528655529695,47.59075792153284,-1.3597707339968537,0.010418951511383057,0.005630671977996826,-0.0047882795333862305,0.0008143782615661621,0.001032412052154541,0.0002180337905883789,,,,,initial8,archived_initial_native
reach-wall,0,fixed_rank4,13,1.5432309727465157,0.14087706920231785,0.9680786457033026,0.08837308528179175,39.13959033434014,37.93039428239673,-1.2091960519434082,0.002561509609222412,0.0014129877090454102,-0.001148521900177002,0.0002594590187072754,9.745359420776367e-05,-0.00016200542449951172,,,,,initial8,archived_initial_native
reach-wall,0,fixed_rank4,14,1.8152583775152786,0.16570966017755778,1.2648699769529592,0.11546630311469588,26.237177362433144,24.862558867956576,-1.374618494476568,0.00039631128311157227,0.002886950969696045,0.0024906396865844727,0.0019274353981018066,0.0016492009162902832,-0.00027823448181152344,,,,,initial8,archived_initial_native
reach-wall,0,matched_random_fixed_rank4,0,0.0,0.0,0.0,0.0,170.27262398456074,170.27262398456074,0.0,0.1253058910369873,0.1255016326904297,0.0001957416534423828,0.0017766952514648438,0.002089262008666992,0.00031256675720214844,True,10.0,0.0005101156234741211,0.0006146233002177739,initial8,archived_initial_native
reach-wall,0,matched_random_fixed_rank4,1,0.0,0.0,0.0,0.0,159.87110648028516,159.87110648028516,0.0,0.09045767784118652,0.09104204177856445,0.0005843639373779297,0.0007824897766113281,0.0007338523864746094,-4.863739013671875e-05,,,,,initial8,archived_initial_native
reach-wall,0,matched_random_fixed_rank4,2,0.0,0.0,0.0,0.0,156.12832050251214,156.12832050251214,0.0,0.022381067276000977,0.022424697875976562,4.363059997558594e-05,0.0012978315353393555,0.0011512041091918945,-0.00014662742614746094,,,,,initial8,archived_initial_native
reach-wall,0,matched_random_fixed_rank4,3,0.0,0.0,0.0,0.0,145.5576272047411,145.5576272047411,0.0,0.01136171817779541,0.011497259140014648,0.00013554096221923828,0.002425551414489746,0.0025322437286376953,0.00010669231414794922,,,,,initial8,archived_initial_native
reach-wall,0,matched_random_fixed_rank4,4,0.0,0.0,0.0,0.0,140.7790010491065,140.7790010491065,0.0,0.0027195215225219727,0.002772688865661621,5.316734313964844e-05,0.01007544994354248,0.01008594036102295,1.049041748046875e-05,,,,,initial8,archived_initial_native
reach-wall,0,matched_random_fixed_rank4,5,0.0,0.0,0.0,0.0,129.2402789070003,129.2402789070003,0.0,0.015955626964569092,0.015961647033691406,6.020069122314453e-06,0.002156496047973633,0.0021573901176452637,8.940696716308594e-07,,,,,initial8,archived_initial_native
reach-wall,0,matched_random_fixed_rank4,6,0.0,0.0,0.0,0.0,121.60296573075105,121.60296573075105,0.0,0.0004926323890686035,0.0006087422370910645,0.00011610984802246094,0.003434896469116211,0.0032281875610351562,-0.0002067089080810547,,,,,initial8,archived_initial_native
reach-wall,0,matched_random_fixed_rank4,7,0.0,0.0,0.0,0.0,110.668701567412,110.668701567412,0.0,0.007363855838775635,0.007385075092315674,2.1219253540039062e-05,0.003369748592376709,0.003153204917907715,-0.00021654367446899414,,,,,initial8,archived_initial_native
reach-wall,0,matched_random_fixed_rank4,8,0.0,0.0,0.0,0.0,101.6003928386156,101.6003928386156,0.0,0.00677114725112915,0.006761074066162109,-1.0073184967041016e-05,0.001373589038848877,0.0013088583946228027,-6.473064422607422e-05,,,,,initial8,archived_initial_native
reach-wall,0,matched_random_fixed_rank4,9,0.0,0.0,0.0,0.0,84.1396926844962,84.1396926844962,0.0,0.002794027328491211,0.0027809739112854004,-1.3053417205810547e-05,0.0011023879051208496,0.0010852813720703125,-1.710653305053711e-05,,,,,initial8,archived_initial_native
reach-wall,0,matched_random_fixed_rank4,10,0.0,0.0,0.0,0.0,74.30598886570777,74.30598886570777,0.0,0.0038111209869384766,0.003766179084777832,-4.494190216064453e-05,0.001723945140838623,0.001780390739440918,5.644559860229492e-05,,,,,initial8,archived_initial_native
reach-wall,0,matched_random_fixed_rank4,11,0.0,0.0,0.0,0.0,58.736466929376576,58.736466929376576,0.0,0.008984029293060303,0.008994519710540771,1.049041748046875e-05,7.903575897216797e-05,5.900859832763672e-05,-2.002716064453125e-05,,,,,initial8,archived_initial_native
reach-wall,0,matched_random_fixed_rank4,12,8.46215086780789e-07,7.724851525517163e-08,4.211390841323906e-07,3.844456270439605e-08,48.950528655529695,48.9505286849202,2.9390506028903474e-08,0.010418951511383057,0.010461091995239258,4.214048385620117e-05,0.0008143782615661621,0.0007511377334594727,-6.324052810668945e-05,,,,,initial8,archived_initial_native
reach-wall,0,matched_random_fixed_rank4,13,1.0934805847295313e-06,9.982066374171722e-08,4.15966655379768e-07,3.79723867202461e-08,39.13959033434014,39.13958964876953,-6.855706118358285e-07,0.002561509609222412,0.0025333762168884277,-2.8133392333984375e-05,0.0002594590187072754,0.0002652406692504883,5.781650543212891e-06,,,,,initial8,archived_initial_native
reach-wall,0,matched_random_fixed_rank4,14,1.5126330128124222e-06,1.3808387039072742e-07,5.091260361387526e-07,4.647663576773087e-08,26.237177362433144,26.23717616443332,-1.1979998255640112e-06,0.00039631128311157227,0.00040328502655029297,6.973743438720703e-06,0.0019274353981018066,0.0018540620803833008,-7.337331771850586e-05,,,,,initial8,archived_initial_native
reach-wall,1,fixed_rank4,0,0.0,0.0,0.0,0.0,170.27262398456074,170.27262398456074,0.0,0.005713939666748047,0.006467580795288086,0.0007536411285400391,0.005887508392333984,0.006273746490478516,0.00038623809814453125,True,10.0,0.00015390475591023763,0.0004033064326770296,initial8,archived_initial_native
reach-wall,1,fixed_rank4,1,0.0,0.0,0.0,0.0,165.53779122515056,165.53779122515056,0.0,0.0003840923309326172,0.0007722377777099609,0.00038814544677734375,0.013709783554077148,0.014003753662109375,0.00029397010803222656,,,,,initial8,archived_initial_native
reach-wall,1,fixed_rank4,2,3.9961905684277295e-07,3.648006197362099e-08,4.897021271334583e-07,4.470348358154297e-08,157.10843399964327,157.10843345008487,-5.495583934589376e-07,0.0005081892013549805,0.0008665323257446289,0.00035834312438964844,0.00588536262512207,0.006641745567321777,0.000756382942199707,,,,,initial8,archived_initial_native
reach-wall,1,fixed_rank4,3,3.5479356576857623e-07,3.238807320485699e-08,5.794233708150262e-07,5.28938750901784e-08,146.04841701070097,146.0484160955637,-9.151372637461463e-07,0.007731199264526367,0.007282137870788574,-0.00044906139373779297,0.010495543479919434,0.010884404182434082,0.00038886070251464844,,,,,initial8,archived_initial_native
reach-wall,1,fixed_rank4,4,6.323261927027017e-07,5.772321990743805e-08,7.580576742873731e-07,6.920088134951637e-08,133.35020574939452,133.35020459445042,-1.154944101244837e-06,0.0263063907623291,0.026440739631652832,0.00013434886932373047,0.004622340202331543,0.005889773368835449,0.0012674331665039062,,,,,initial8,archived_initial_native
reach-wall,1,fixed_rank4,5,1.1052017196600578e-06,1.0089065207521909e-07,1.0285040096484063e-06,9.388914109482387e-08,125.1341041807971,125.13410229354278,-1.8872543137149478e-06,0.01665318012237549,0.017264842987060547,0.0006116628646850586,0.004769325256347656,0.00546419620513916,0.0006948709487915039,,,,,initial8,archived_initial_native
reach-wall,1,fixed_rank4,6,1.6249617427314149e-06,1.483380335961504e-07,1.153950387033781e-06,1.0534077620336979e-07,116.77525325447394,116.7752507010933,-2.553380639369607e-06,0.015597939491271973,0.015329718589782715,-0.0002682209014892578,0.004068851470947266,0.003028392791748047,-0.0010404586791992188,,,,,initial8,archived_initial_native
reach-wall,1,fixed_rank4,7,1.6059717403238742e-06,1.4660449148186914e-07,1.2978774534263699e-06,1.1847945968649724e-07,110.23145698292376,110.23145436311137,-2.619812391913001e-06,0.022203922271728516,0.022092223167419434,-0.00011169910430908203,0.0019981861114501953,0.0013091564178466797,-0.0006890296936035156,,,,,initial8,archived_initial_native
reach-wall,1,fixed_rank4,8,2.114290141639137e-06,1.9300740061442467e-07,1.3121485687942097e-06,1.1978222832111799e-07,101.85448075568524,101.85447707712272,-3.6785625212587547e-06,0.001178145408630371,0.0007473230361938477,-0.00043082237243652344,0.003070831298828125,0.003450155258178711,0.00037932395935058594,,,,,initial8,archived_initial_native
reach-wall,1,fixed_rank4,9,2.926855505211147e-06,2.671841304603874e-07,1.455382766673807e-06,1.3285766185192033e-07,91.63808652659611,91.63808256368804,-3.9629080674785655e-06,0.0028828978538513184,0.0028092265129089355,-7.367134094238281e-05,0.00010222196578979492,0.00014770030975341797,4.547834396362305e-05,,,,,initial8,archived_initial_native
reach-wall,1,fixed_rank4,10,3.2762297393324524e-06,2.9907748863360907e-07,1.3987658976029239e-06,1.2768927246434712e-07,88.54618236978177,88.54617856842556,-3.8013562146943514e-06,0.018112897872924805,0.017848610877990723,-0.00026428699493408203,0.0013790130615234375,0.0015377402305603027,0.00015872716903686523,,,,,initial8,archived_initial_native
reach-wall,1,fixed_rank4,11,3.4329358618271045e-06,3.1338273499852387e-07,1.3461036358656483e-06,1.2288188768388928e-07,80.25846853309523,80.25846281522875,-5.717866471854904e-06,0.0048531293869018555,0.005050480365753174,0.00019735097885131836,0.0021970272064208984,0.0022769570350646973,7.992982864379883e-05,,,,,initial8,archived_initial_native
reach-wall,1,fixed_rank4,12,3.881395072801019e-06,3.543212726604208e-07,1.4320240740941218e-06,1.3072531471196664e-07,71.40865320502493,71.40864715162658,-6.053398351468786e-06,0.013585925102233887,0.0136948823928833,0.00010895729064941406,0.0005033016204833984,0.00019103288650512695,-0.0003122687339782715,,,,,initial8,archived_initial_native
reach-wall,1,fixed_rank4,13,1.118473130248189,0.10210216056672448,0.8186416569304307,0.07473141700236705,63.541209389365996,61.814207241204784,-1.727002148161212,0.0031475424766540527,0.0032672882080078125,0.00011974573135375977,0.00013816356658935547,0.0009443759918212891,0.0008062124252319336,,,,,initial8,archived_initial_native
reach-wall,1,fixed_rank4,14,2.0218344676083144,0.18456739090842028,1.4686935680060569,0.13407276620994418,53.63551569556829,52.6224936208479,-1.0130220747203893,0.0007874965667724609,0.0007404088973999023,-4.7087669372558594e-05,0.0004226565361022949,0.000713050365447998,0.0002903938293457031,,,,,initial8,archived_initial_native
reach-wall,1,matched_random_fixed_rank4,0,0.0,0.0,0.0,0.0,170.27262398456074,170.27262398456074,0.0,0.005713939666748047,0.0065381526947021484,0.0008242130279541016,0.005887508392333984,0.006386756896972656,0.0004992485046386719,True,10.0,0.0002869717280069987,0.0005156755037695883,initial8,archived_initial_native
reach-wall,1,matched_random_fixed_rank4,1,0.0,0.0,0.0,0.0,165.53779122515056,165.53779122515056,0.0,0.0003840923309326172,0.00041365623474121094,2.956390380859375e-05,0.013709783554077148,0.013705968856811523,-3.814697265625e-06,,,,,initial8,archived_initial_native
reach-wall,1,matched_random_fixed_rank4,2,0.0,0.0,0.0,0.0,157.10843399964327,157.10843399964327,0.0,0.0005081892013549805,0.000611424446105957,0.00010323524475097656,0.00588536262512207,0.0057544708251953125,-0.0001308917999267578,,,,,initial8,archived_initial_native
reach-wall,1,matched_random_fixed_rank4,3,0.0,0.0,0.0,0.0,146.04841701070097,146.04841701070097,0.0,0.007731199264526367,0.007859587669372559,0.0001283884048461914,0.010495543479919434,0.010502219200134277,6.67572021484375e-06,,,,,initial8,archived_initial_native
reach-wall,1,matched_random_fixed_rank4,4,0.0,0.0,0.0,0.0,133.35020574939452,133.35020574939452,0.0,0.0263063907623291,0.02620518207550049,-0.00010120868682861328,0.004622340202331543,0.004528403282165527,-9.393692016601562e-05,,,,,initial8,archived_initial_native
reach-wall,1,matched_random_fixed_rank4,5,0.0,0.0,0.0,0.0,125.1341041807971,125.1341041807971,0.0,0.01665318012237549,0.016599059104919434,-5.412101745605469e-05,0.004769325256347656,0.004898667335510254,0.00012934207916259766,,,,,initial8,archived_initial_native
reach-wall,1,matched_random_fixed_rank4,6,0.0,0.0,0.0,0.0,116.77525325447394,116.77525325447394,0.0,0.015597939491271973,0.015631556510925293,3.361701965332031e-05,0.004068851470947266,0.004017829895019531,-5.1021575927734375e-05,,,,,initial8,archived_initial_native
reach-wall,1,matched_random_fixed_rank4,7,0.0,0.0,0.0,0.0,110.23145698292376,110.23145698292376,0.0,0.022203922271728516,0.02240300178527832,0.0001990795135498047,0.0019981861114501953,0.0019123554229736328,-8.58306884765625e-05,,,,,initial8,archived_initial_native
reach-wall,1,matched_random_fixed_rank4,8,0.0,0.0,0.0,0.0,101.85448075568524,101.85448075568524,0.0,0.001178145408630371,0.0009989738464355469,-0.00017917156219482422,0.003070831298828125,0.0030279159545898438,-4.291534423828125e-05,,,,,initial8,archived_initial_native
reach-wall,1,matched_random_fixed_rank4,9,0.0,0.0,0.0,0.0,91.63808652659611,91.63808652659611,0.0,0.0028828978538513184,0.0029622316360473633,7.933378219604492e-05,0.00010222196578979492,0.00010037422180175781,-1.8477439880371094e-06,,,,,initial8,archived_initial_native
reach-wall,1,matched_random_fixed_rank4,10,0.0,0.0,0.0,0.0,88.54618236978177,88.54618236978177,0.0,0.018112897872924805,0.018162190914154053,4.929304122924805e-05,0.0013790130615234375,0.00131148099899292,-6.753206253051758e-05,,,,,initial8,archived_initial_native
reach-wall,1,matched_random_fixed_rank4,11,0.0,0.0,0.0,0.0,80.25846853309523,80.25846853309523,0.0,0.0048531293869018555,0.0048337578773498535,-1.9371509552001953e-05,0.0021970272064208984,0.0021682381629943848,-2.8789043426513672e-05,,,,,initial8,archived_initial_native
reach-wall,1,matched_random_fixed_rank4,12,0.0,0.0,0.0,0.0,71.40865320502493,71.40865320502493,0.0,0.013585925102233887,0.013514697551727295,-7.12275505065918e-05,0.0005033016204833984,0.00042253732681274414,-8.07642936706543e-05,,,,,initial8,archived_initial_native
reach-wall,1,matched_random_fixed_rank4,13,0.0,0.0,0.0,0.0,63.541209389365996,63.541209389365996,0.0,0.0031475424766540527,0.0030924081802368164,-5.513429641723633e-05,0.00013816356658935547,0.00016641616821289062,2.8252601623535156e-05,,,,,initial8,archived_initial_native
reach-wall,1,matched_random_fixed_rank4,14,0.0,0.0,0.0,0.0,53.63551569556829,53.63551569556829,0.0,0.0007874965667724609,0.0007488727569580078,-3.8623809814453125e-05,0.0004226565361022949,0.00036448240280151367,-5.817413330078125e-05,,,,,initial8,archived_initial_native
reach-wall,2,fixed_rank4,0,0.0,0.0,0.0,0.0,170.27262398456074,170.27262398456074,0.0,0.15526056289672852,0.15523099899291992,-2.956390380859375e-05,0.00376129150390625,0.003961086273193359,0.00019979476928710938,True,10.0,0.00016113440195719402,0.0004155291405157874,initial8,archived_initial_native
reach-wall,2,fixed_rank4,1,0.0,0.0,0.0,0.0,164.29200188239415,164.29200188239415,0.0,0.0484851598739624,0.048149824142456055,-0.00033533573150634766,0.0007669925689697266,0.003340005874633789,0.0025730133056640625,,,,,initial8,archived_initial_native
reach-wall,2,fixed_rank4,2,0.0,0.0,0.0,0.0,156.99629436262757,156.99629436262757,0.0,0.0011943578720092773,0.002543330192565918,0.0013489723205566406,0.0039556026458740234,0.005449175834655762,0.0014935731887817383,,,,,initial8,archived_initial_native
reach-wall,2,fixed_rank4,3,5.499189705039142e-07,5.020050415750198e-08,4.86061168619993e-07,4.43711110634154e-08,150.2677067406733,150.2677055877345,-1.1529388075359748e-06,0.04329955577850342,0.04280424118041992,-0.0004953145980834961,0.004642605781555176,0.00448000431060791,-0.00016260147094726562,,,,,initial8,archived_initial_native
reach-wall,2,fixed_rank4,4,8.760216379727865e-07,7.996946866338657e-08,6.187122908838598e-07,5.648044638713133e-08,147.66351004718388,147.66350859631072,-1.450873156727539e-06,0.05198836326599121,0.05208265781402588,9.429454803466797e-05,0.004616498947143555,0.002152562141418457,-0.0024639368057250977,,,,,initial8,archived_initial_native
reach-wall,2,fixed_rank4,5,1.232525117226664e-06,1.1251363489945717e-07,5.322864979354069e-07,4.8590886995774896e-08,139.29960747733242,139.29960548463558,-1.992696837760377e-06,0.003751039505004883,0.0028276443481445312,-0.0009233951568603516,0.00019741058349609375,0.000737309455871582,0.0005398988723754883,,,,,initial8,archived_initial_native
reach-wall,2,fixed_rank4,6,1.5949474868379126e-06,1.4559811942954977e-07,6.725361404655431e-07,6.139386914507349e-08,130.25046671446597,130.2504653678254,-1.3466405732742714e-06,0.11263740062713623,0.11234474182128906,-0.00029265880584716797,0.0014074444770812988,0.0017772912979125977,0.00036984682083129883,,,,,initial8,archived_initial_native
reach-wall,2,fixed_rank4,7,2.0140354014629654e-06,1.838554368325399e-07,8.14399923201782e-07,7.43442014613485e-08,124.9355701519566,124.93556822891443,-1.923042162843558e-06,0.03180694580078125,0.03166794776916504,-0.00013899803161621094,0.002191901206970215,0.0025844573974609375,0.00039255619049072266,,,,,initial8,archived_initial_native
reach-wall,2,fixed_rank4,8,2.313296918449687e-06,2.1117415074034703e-07,1.0669689261879353e-06,9.740049150503279e-08,115.01780178600816,115.01779944311788,-2.342890283557608e-06,0.004838705062866211,0.004592537879943848,-0.0002461671829223633,0.00017571449279785156,3.8683414459228516e-05,-0.00013703107833862305,,,,,initial8,archived_initial_native
reach-wall,2,fixed_rank4,9,2.613720592838105e-06,2.385989546188676e-07,1.0904606230968516e-06,9.954498022354743e-08,108.1111767939881,108.11117525558345,-1.5384046463395862e-06,0.0012345314025878906,0.0009035468101501465,-0.00033098459243774414,0.0010097622871398926,0.0005969405174255371,-0.00041282176971435547,,,,,initial8,archived_initial_native
reach-wall,2,fixed_rank4,10,2.7194115239284986e-06,2.482471724658564e-07,1.15596904475805e-06,1.0552505359861382e-07,96.23842145417734,96.23841877455334,-2.679624003576464e-06,0.013688504695892334,0.013536512851715088,-0.0001519918441772461,3.534555435180664e-05,0.0006008148193359375,0.0005654692649841309,,,,,initial8,archived_initial_native
reach-wall,2,fixed_rank4,11,1.1525651953336173,0.10521432607992838,0.9251752109834167,0.08445655545003644,75.900485348961,75.90721576195088,0.006730412989881529,0.0015634894371032715,0.002234816551208496,0.0006713271141052246,0.00026679039001464844,0.0007038712501525879,0.00043708086013793945,,,,,initial8,archived_initial_native
reach-wall,2,fixed_rank4,12,1.745986220428761,0.1593860063370033,1.2362658446407084,0.11285511503048219,59.780707476173916,59.52929406956129,-0.25141340661262745,0.0032413601875305176,0.001982271671295166,-0.0012590885162353516,0.0015236735343933105,0.0008080005645751953,-0.0007156729698181152,,,,,initial8,archived_initial_native
reach-wall,2,fixed_rank4,13,2.3954162461630446,0.2186705854396412,1.7342498967827533,0.15831463146982,54.52470254194339,53.475926474748746,-1.0487760671946447,0.006935596466064453,0.005215764045715332,-0.001719832420349121,0.0011763572692871094,2.1576881408691406e-05,-0.001154780387878418,,,,,initial8,archived_initial_native
reach-wall,2,fixed_rank4,14,2.886732465209812,0.26352141477965185,2.1948277772034044,0.20035944723553795,34.608005778706705,35.65859102901463,1.0505852503079254,0.002263963222503662,0.0020092129707336426,-0.00025475025177001953,6.443262100219727e-05,0.0010038018226623535,0.0009393692016601562,,,,,initial8,archived_initial_native
reach-wall,2,matched_random_fixed_rank4,0,0.0,0.0,0.0,0.0,170.27262398456074,170.27262398456074,0.0,0.15526056289672852,0.15540647506713867,0.00014591217041015625,0.00376129150390625,0.003839731216430664,7.843971252441406e-05,True,10.0,0.00043300390243530276,0.0005911549321693882,initial8,archived_initial_native
reach-wall,2,matched_random_fixed_rank4,1,0.0,0.0,0.0,0.0,164.29200188239415,164.29200188239415,0.0,0.0484851598739624,0.04849255084991455,7.3909759521484375e-06,0.0007669925689697266,0.002115488052368164,0.0013484954833984375,,,,,initial8,archived_initial_native
reach-wall,2,matched_random_fixed_rank4,2,0.0,0.0,0.0,0.0,156.99629436262757,156.99629436262757,0.0,0.0011943578720092773,0.0021066665649414062,0.0009123086929321289,0.0039556026458740234,0.004309296607971191,0.00035369396209716797,,,,,initial8,archived_initial_native
reach-wall,2,matched_random_fixed_rank4,3,5.499189705039142e-07,5.020050415750198e-08,4.86061168619993e-07,4.43711110634154e-08,150.2677067406733,150.2677055877345,-1.1529388075359748e-06,0.04329955577850342,0.04327535629272461,-2.4199485778808594e-05,0.004642605781555176,0.004301309585571289,-0.0003412961959838867,,,,,initial8,archived_initial_native
reach-wall,2,matched_random_fixed_rank4,4,8.760216379727865e-07,7.996946866338657e-08,6.187122908838598e-07,5.648044638713133e-08,147.66351004718388,147.66350859631072,-1.450873156727539e-06,0.05198836326599121,0.05187976360321045,-0.00010859966278076172,0.004616498947143555,0.0046814680099487305,6.496906280517578e-05,,,,,initial8,archived_initial_native
reach-wall,2,matched_random_fixed_rank4,5,1.232525117226664e-06,1.1251363489945717e-07,5.322864979354069e-07,4.8590886995774896e-08,139.29960747733242,139.29960548463558,-1.992696837760377e-06,0.003751039505004883,0.0036606788635253906,-9.036064147949219e-05,0.00019741058349609375,0.0001302957534790039,-6.711483001708984e-05,,,,,initial8,archived_initial_native
reach-wall,2,matched_random_fixed_rank4,6,1.6706424034239494e-06,1.5250808831332385e-07,5.519467347101014e-07,5.038561285700702e-08,130.25046671446597,130.25046473294347,-1.9815225016373006e-06,0.11263740062713623,0.1124962568283081,-0.000141143798828125,0.0014074444770812988,0.0014113783836364746,3.933906555175781e-06,,,,,initial8,archived_initial_native
reach-wall,2,matched_random_fixed_rank4,7,2.066183157664271e-06,1.886158538983291e-07,6.833445720552266e-07,6.238053944389367e-08,124.9355701519566,124.93556788516943,-2.2667871633075265e-06,0.03180694580078125,0.0317344069480896,-7.253885269165039e-05,0.002191901206970215,0.002213120460510254,2.1219253540039062e-05,,,,,initial8,archived_initial_native
reach-wall,2,matched_random_fixed_rank4,8,2.331800372453234e-06,2.1286327726526403e-07,8.213230240059298e-07,7.497619120773413e-08,115.01780178600816,115.01779901739582,-2.7686123473813495e-06,0.004838705062866211,0.004830837249755859,-7.867813110351562e-06,0.00017571449279785156,0.0002884864807128906,0.00011277198791503906,,,,,initial8,archived_initial_native
reach-wall,2,matched_random_fixed_rank4,9,2.3805042243801467e-06,2.1730931032155763e-07,7.904641157314089e-07,7.215917118074447e-08,108.1111767939881,108.1111741783796,-2.615608494238586e-06,0.0012345314025878906,0.0011481642723083496,-8.636713027954102e-05,0.0010097622871398926,0.0009025335311889648,-0.00010722875595092773,,,,,initial8,archived_initial_native
reach-wall,2,matched_random_fixed_rank4,10,2.245522055086325e-06,2.0498718049102307e-07,7.411736318734817e-07,6.765958620085599e-08,96.23842145417734,96.23841851985831,-2.9343190277586473e-06,0.013688504695892334,0.013667464256286621,-2.104043960571289e-05,3.534555435180664e-05,6.276369094848633e-05,2.7418136596679688e-05,,,,,initial8,archived_initial_native
reach-wall,2,matched_random_fixed_rank4,11,1.152565144529435,0.10521432144216226,0.9251750978128873,0.08445654511902781,75.900485348961,75.90721569194709,0.006730342986088544,0.0015634894371032715,0.0023766756057739258,0.0008131861686706543,0.00026679039001464844,0.0006771087646484375,0.00041031837463378906,,,,,initial8,archived_initial_native
reach-wall,2,matched_random_fixed_rank4,12,1.7459861581549407,0.15938600065220723,1.236265864067485,0.11285511680389616,59.780707476173916,59.52929341746619,-0.2514140587077236,0.0032413601875305176,0.0017921924591064453,-0.0014491677284240723,0.0015236735343933105,0.0008513927459716797,-0.0006722807884216309,,,,,initial8,archived_initial_native
reach-wall,2,matched_random_fixed_rank4,13,2.3954164807513205,0.218670606854523,1.734250032368081,0.1583146438470104,54.52470254194339,53.47592586058809,-1.0487766813552994,0.006935596466064453,0.005116522312164307,-0.0018190741539001465,0.0011763572692871094,0.0001074671745300293,-0.00106889009475708,,,,,initial8,archived_initial_native
reach-wall,2,matched_random_fixed_rank4,14,2.6687332225704763,0.2436208976608842,2.1258660679129817,0.19406413327179156,34.608005778706705,38.05261639849948,3.444610619792776,0.002263963222503662,0.00031566619873046875,-0.0019482970237731934,6.443262100219727e-05,0.00038176774978637695,0.0003173351287841797,,,,,initial8,archived_initial_native
reach-wall,3,fixed_rank4,0,0.0,0.0,0.0,0.0,170.27262398456074,170.27262398456074,0.0,0.40804576873779297,0.40664005279541016,-0.0014057159423828125,0.0004546642303466797,0.00041985511779785156,-3.4809112548828125e-05,True,10.0,0.00042765061060587566,0.0005905014121855051,initial8,archived_initial_native
reach-wall,3,fixed_rank4,1,0.0,0.0,0.0,0.0,165.2552715192358,165.2552715192358,0.0,0.03700399398803711,0.03757047653198242,0.0005664825439453125,0.02631521224975586,0.02533268928527832,-0.000982522964477539,,,,,initial8,archived_initial_native
reach-wall,3,fixed_rank4,2,0.0,0.0,0.0,0.0,158.75576522949098,158.75576522949098,0.0,0.18253719806671143,0.18322527408599854,0.0006880760192871094,0.000542759895324707,0.0009368658065795898,0.0003941059112548828,,,,,initial8,archived_initial_native
reach-wall,3,fixed_rank4,3,0.0,0.0,0.0,0.0,151.98164004184207,151.98164004184207,0.0,0.0415874719619751,0.041483402252197266,-0.00010406970977783203,0.005583763122558594,0.004656195640563965,-0.0009275674819946289,,,,,initial8,archived_initial_native
reach-wall,3,fixed_rank4,4,5.563894414380121e-07,5.079117463888314e-08,6.005001568677987e-07,5.481791361698069e-08,140.06634227065243,140.06634341947483,1.148822406094041e-06,0.08086121082305908,0.08016622066497803,-0.0006949901580810547,0.0019491910934448242,0.0026456117630004883,0.0006964206695556641,,,,,initial8,archived_initial_native
reach-wall,3,fixed_rank4,5,7.872856213156846e-07,7.186901566567842e-08,6.07850493620966e-07,5.54889044911422e-08,128.8322987634017,128.83229903955097,2.7614927944341616e-07,0.02253544330596924,0.02247321605682373,-6.222724914550781e-05,0.0004972219467163086,0.0002624988555908203,-0.00023472309112548828,,,,,initial8,archived_initial_native
reach-wall,3,fixed_rank4,6,9.99953133959046e-07,9.128281465289244e-08,6.371880100138575e-07,5.816704107606957e-08,119.507329843518,119.50732990144951,5.79315155846416e-08,0.020379066467285156,0.02049386501312256,0.00011479854583740234,0.004936575889587402,0.0052340030670166016,0.0002974271774291992,,,,,initial8,archived_initial_native
reach-wall,3,fixed_rank4,7,1.3245712193997298e-06,1.2091625598122607e-07,7.76184594225395e-07,7.085563517420716e-08,112.0307249105832,112.03072471170435,-1.9887885116531834e-07,0.018138110637664795,0.017145156860351562,-0.0009929537773132324,0.002621173858642578,0.002066493034362793,-0.0005546808242797852,,,,,initial8,archived_initial_native
reach-wall,3,fixed_rank4,8,1.7988622557472152e-06,1.642129058862295e-07,9.324543751493643e-07,8.512104918561523e-08,99.51428716321881,99.51428611146419,-1.0517546229493746e-06,0.0257948637008667,0.025877296924591064,8.243322372436523e-05,0.0009905099868774414,0.0005978941917419434,-0.00039261579513549805,,,,,initial8,archived_initial_native
reach-wall,3,fixed_rank4,9,2.0249636465454335e-06,1.8485304455680867e-07,1.0975643456624882e-06,1.0019345840545704e-07,93.63243169732529,93.63243082244247,-8.748828150828558e-07,0.008479833602905273,0.00839078426361084,-8.90493392944336e-05,0.000371396541595459,0.00023704767227172852,-0.00013434886932373047,,,,,initial8,archived_initial_native
reach-wall,3,fixed_rank4,10,2.269457887466854e-06,2.071722130456028e-07,1.0925775367747482e-06,9.973822711915995e-08,83.90685878526739,83.90685851614231,-2.6912508133136726e-07,0.014465689659118652,0.014620721340179443,0.00015503168106079102,0.0008641481399536133,0.0010523200035095215,0.0001881718635559082,,,,,initial8,archived_initial_native
reach-wall,3,fixed_rank4,11,2.578283077295814e-06,2.3536396684479217e-07,1.1238281509259226e-06,1.0259100483690801e-07,77.96082115832573,77.96082232440676,1.166081034398303e-06,0.008674323558807373,0.008192896842956543,-0.0004814267158508301,0.00024902820587158203,0.0004608035087585449,0.0002117753028869629,,,,,initial8,archived_initial_native
reach-wall,3,fixed_rank4,12,1.3431538394514597,0.12261260934453948,1.1957058851466438,0.10915251423941635,64.77237267149123,66.62204360612773,1.8496709346365066,0.0015799403190612793,0.002652108669281006,0.0010721683502197266,0.0003197193145751953,3.6835670471191406e-05,-0.0002828836441040039,,,,,initial8,archived_initial_native
reach-wall,3,fixed_rank4,13,1.3055300970882353,0.11917804727952268,1.1839111471344104,0.10807580689455572,54.077753577769215,55.92742499793911,1.8496714201698978,0.007698953151702881,0.005093395709991455,-0.0026055574417114258,2.378225326538086e-05,0.0001055598258972168,8.177757263183594e-05,,,,,initial8,archived_initial_native
reach-wall,3,fixed_rank4,14,1.8334049464066735,0.16736620769808086,1.6232473431967138,0.14818153104652837,46.68944390445266,49.23010689494948,2.54066299049682,0.007791996002197266,0.0073702335357666016,-0.00042176246643066406,0.0010647773742675781,0.0026311278343200684,0.0015663504600524902,,,,,initial8,archived_initial_native
reach-wall,3,matched_random_fixed_rank4,0,0.0,0.0,0.0,0.0,170.27262398456074,170.27262398456074,0.0,0.40804576873779297,0.4071028232574463,-0.0009429454803466797,0.0004546642303466797,0.0004634857177734375,8.821487426757812e-06,True,10.0,0.0005798053741455078,0.0007661360195178772,initial8,archived_initial_native
reach-wall,3,matched_random_fixed_rank4,1,0.0,0.0,0.0,0.0,165.2552715192358,165.2552715192358,0.0,0.03700399398803711,0.03746628761291504,0.0004622936248779297,0.02631521224975586,0.025538921356201172,-0.0007762908935546875,,,,,initial8,archived_initial_native
reach-wall,3,matched_random_fixed_rank4,2,0.0,0.0,0.0,0.0,158.75576522949098,158.75576522949098,0.0,0.18253719806671143,0.1821213960647583,-0.000415802001953125,0.000542759895324707,0.0006556510925292969,0.00011289119720458984,,,,,initial8,archived_initial_native
reach-wall,3,matched_random_fixed_rank4,3,0.0,0.0,0.0,0.0,151.98164004184207,151.98164004184207,0.0,0.0415874719619751,0.04141533374786377,-0.00017213821411132812,0.005583763122558594,0.005956292152404785,0.0003725290298461914,,,,,initial8,archived_initial_native
reach-wall,3,matched_random_fixed_rank4,4,0.0,0.0,0.0,0.0,140.06634227065243,140.06634227065243,0.0,0.08086121082305908,0.08081555366516113,-4.565715789794922e-05,0.0019491910934448242,0.00198519229888916,3.600120544433594e-05,,,,,initial8,archived_initial_native
reach-wall,3,matched_random_fixed_rank4,5,0.0,0.0,0.0,0.0,128.8322987634017,128.8322987634017,0.0,0.02253544330596924,0.02267611026763916,0.00014066696166992188,0.0004972219467163086,0.0004385709762573242,-5.8650970458984375e-05,,,,,initial8,archived_initial_native
reach-wall,3,matched_random_fixed_rank4,6,6.632987921327913e-07,6.055061846951001e-08,3.8325253574883e-07,3.498600984178155e-08,119.507329843518,119.50732966634537,-1.771726232391302e-07,0.020379066467285156,0.02005290985107422,-0.0003261566162109375,0.004936575889587402,0.004809975624084473,-0.0001266002655029297,,,,,initial8,archived_initial_native
reach-wall,3,matched_random_fixed_rank4,7,9.524019940936247e-07,8.694200932966337e-08,5.998064447217802e-07,5.4754586651849084e-08,112.0307249105832,112.03072471762559,-1.9295761433113512e-07,0.018138110637664795,0.017860829830169678,-0.0002772808074951172,0.002621173858642578,0.002161860466003418,-0.00045931339263916016,,,,,initial8,archived_initial_native
reach-wall,3,matched_random_fixed_rank4,8,1.6873665653585284e-06,1.5403478843781353e-07,8.293604010962398e-07,7.570989999699047e-08,99.51428716321881,99.51428643715855,-7.260602643555103e-07,0.0257948637008667,0.025896966457366943,0.00010210275650024414,0.0009905099868774414,0.0009840130805969238,-6.496906280517578e-06,,,,,initial8,archived_initial_native
reach-wall,3,matched_random_fixed_rank4,9,1.9237745458519783e-06,1.756157857195642e-07,1.0762156709694367e-06,9.824459995508636e-08,93.63243169732529,93.63243067572748,-1.0215978107908086e-06,0.008479833602905273,0.008504331111907959,2.4497509002685547e-05,0.000371396541595459,0.0003038644790649414,-6.753206253051758e-05,,,,,initial8,archived_initial_native
reach-wall,3,matched_random_fixed_rank4,10,2.381261973643756e-06,2.1737848304899292e-07,9.749163714809576e-07,8.899728139020112e-08,83.90685878526739,83.90685850664745,-2.7861993601163704e-07,0.014465689659118652,0.0145072340965271,4.1544437408447266e-05,0.0008641481399536133,0.0008673667907714844,3.2186508178710938e-06,,,,,initial8,archived_initial_native
reach-wall,3,matched_random_fixed_rank4,11,2.553680385873392e-06,2.331180586668923e-07,1.0850255735753494e-06,9.90488303528667e-08,77.96082115832573,77.96082154363984,3.853141095078172e-07,0.008674323558807373,0.008669257164001465,-5.066394805908203e-06,0.00024902820587158203,0.00023621320724487305,-1.2814998626708984e-05,,,,,initial8,archived_initial_native
reach-wall,3,matched_random_fixed_rank4,12,2.6761615356775025e-06,2.4429900676970575e-07,8.941317576468108e-07,8.162268884081677e-08,64.77237267149124,64.7723731913144,5.198231605163528e-07,0.0015799403190612793,0.001687765121459961,0.00010782480239868164,0.0003197193145751953,0.0003122091293334961,-7.510185241699219e-06,,,,,initial8,archived_initial_native
reach-wall,3,matched_random_fixed_rank4,13,2.972504267582376e-06,2.713512732725399e-07,9.177077045034699e-07,8.37748684921393e-08,54.077753577769215,54.077755323051115,1.745281899445672e-06,0.007698953151702881,0.007737100124359131,3.814697265625e-05,2.378225326538086e-05,1.1742115020751953e-05,-1.2040138244628906e-05,,,,,initial8,archived_initial_native
reach-wall,3,matched_random_fixed_rank4,14,1.1201496368269386,0.10225520397855563,0.8624473863712323,0.07873031469614959,46.68944390445266,45.86949917589723,-0.8199447285554271,0.007791996002197266,0.009697496891021729,0.0019055008888244629,0.0010647773742675781,0.0012276768684387207,0.00016289949417114258,,,,,initial8,archived_initial_native
