task,episode,condition,layer,linear_center_mse,linear_gram_recomputed_mse,cubic_center_mse,cubic_gram_recomputed_mse,r0.05_first_derivative_rms,r0.05_second_derivative_rms,r0.1_first_derivative_rms,r0.1_second_derivative_rms,ratio_status,ratio,log_ratio,donor_response_rms_mean,exact_unchanged_fraction_mean
reach,0,float32,0,3.8908494087757406e-10,3.8908494080508429e-10,1.8043831713460969e-12,1.8043830965349822e-12,0.050262425890969034,0.0064189808057183544,0.050262833313051813,0.00629539191588713,both_positive,0.0046375045183613206,-5.3735788767393409,0.0037697568342802009,5.6152343750000002e-05
reach,0,float32_field_bfloat16_roundtrip,0,3.4026494200169939e-05,3.4026494200169939e-05,3.1755030519999014e-05,3.1755030519998899e-05,0.1108135682596126,4.2861789000587356,0.079727384402042703,1.4314052760257991,both_positive,0.93324426351981982,-0.069088307983918185,0.0092097532168392317,0.72176269531250004
reach,0,float32,1,1.5265616074737138e-09,1.5265616072995482e-09,3.7600537465246884e-12,3.7600535692738854e-12,0.081932361462150313,0.012599853380016096,0.081931612495480685,0.012489256716350157,both_positive,0.0024630868011590772,-6.00633991841881,0.0061450060273043981,2.9296874999999999e-05
reach,0,float32_field_bfloat16_roundtrip,1,5.4945091676540162e-05,5.4945091676540162e-05,5.1795850320687717e-05,5.1795850320688002e-05,0.14529335854784559,5.4267518554064065,0.11153905439843412,1.8438720217649203,both_positive,0.94268384564008156,-0.059024316994939596,0.012204074677234838,0.65501953125000001
reach,0,float32,2,9.7556362676663218e-09,9.7556362668533902e-09,7.3459045127669045e-12,7.3459034017170327e-12,0.14267088429011265,0.031672893535143569,0.14266488261191859,0.031598374976635653,both_positive,0.00075299081589520376,-7.191457526925074,0.010700374719216057,1.4648437499999999e-05
reach,0,float32_field_bfloat16_roundtrip,2,0.00015354632970686146,0.00015354632970686149,0.00014553172144165521,0.00014553172144165605,0.24254855040594564,9.0275513187098753,0.19163384458372051,3.1237867153972583,both_positive,0.94780332242061982,-0.053608264052156684,0.020611920024041611,0.59316650390624992
reach,0,float32,3,1.4455266543015784e-08,1.4455266535116206e-08,1.5968327857751009e-11,1.59683208857698e-11,0.19571754926194379,0.038555992427734914,0.19570977553358679,0.038467943785571883,both_positive,0.0011046719761432747,-6.8082068422513267,0.014678830117158443,1.4648437499999999e-05
reach,0,float32_field_bfloat16_roundtrip,3,0.00016124336279089646,0.00016124336279089649,0.00015956652273680657,0.00015956652273680776,0.27657951464474029,9.3554027957403658,0.23281104235686959,3.2011013271448041,both_positive,0.98960056386156836,-0.0104538881166647,0.023173598254741357,0.58760498046874998
reach,0,float32,4,6.581949619520785e-08,6.5819496187879387e-08,5.570501830788553e-11,5.570501225368988e-11,0.35553081936218034,0.082157458901240446,0.35550985456479067,0.082106298546625101,both_positive,0.00084633006218515043,-7.0746011300177045,0.026664758314779907,2.685546875e-05
reach,0,float32_field_bfloat16_roundtrip,4,0.00056617080273127019,0.0005661708027312703,0.00056028070030402074,0.00056028070030402681,0.52340412323555385,17.770479127256088,0.42509497940633656,5.8191572472679773,both_positive,0.98959659806045286,-0.01045789560130661,0.042902493223889525,0.56049316406249994
reach,0,float32,5,4.9018459004822793e-07,4.9018458976475543e-07,3.0050848114846824e-10,3.0050820512550563e-10,0.847364072861572,0.22454188044611681,0.84733129768027282,0.22396539937732807,both_positive,0.00061305166920670034,-7.397061336499112,0.063553583684610379,1.7089843750000002e-05
reach,0,float32_field_bfloat16_roundtrip,5,0.0033761855038960151,0.0033761855038960142,0.0032716859376399387,0.0032716859376399408,1.2167813726214787,42.516052844659299,1.0019703463290082,14.690454201157294,both_positive,0.96904803775281689,-0.0314410937558387,0.10246878179440014,0.53869140625000012
reach,0,bfloat16,0,6.8540241948469659e-05,6.8540241948469632e-05,8.3541880401563005e-05,8.3541880401565594e-05,0.1375257470525135,6.8164208823364056,0.079039546664559479,1.781086170579314,both_positive,1.218873438824041,0.19792702133880447,0.01137110150656368,0.09100341796875
reach,0,bfloat16,1,0.00011961216525029864,0.00011961216525029856,0.00013908546593541116,0.00013908546593541297,0.16877716693961031,8.7698340944779698,0.11135954877683028,2.4692130706403002,both_positive,1.1628036800802242,0.15083405454124943,0.015214991126908661,0.02783203125
reach,0,bfloat16,2,0.00021040013155921005,0.00021040013155920973,0.00026769181924089373,0.00026769181924089509,0.23420058566206145,11.945472226261897,0.15634515797010587,3.2452197379876702,both_positive,1.2722987255621598,0.24082528448571949,0.020749082348837662,0.014389648437499999
reach,0,bfloat16,3,0.00043268346574340527,0.00043268346574340451,0.00056393561056948072,0.00056393561056947671,0.34506522066396977,17.080240588080333,0.24993651015073973,4.8013740678561625,both_positive,1.3033444890263315,0.26493364464777436,0.031018945930410956,0.0088159179687499999
reach,0,bfloat16,4,0.0014525393776182143,0.0014525393776182135,0.0019369135118549191,0.0019369135118549215,0.63149947374307813,31.597944839039652,0.46263726875228534,8.7048999808118275,both_positive,1.3334671277765646,0.28778241324989828,0.057028945044015025,0.0051904296875000004
reach,0,bfloat16,5,0.0087682194931288353,0.0087682194931288059,0.011445595858093576,0.011445595858093519,1.5304206948353445,76.828189588883916,1.1633292179809176,21.697288264362758,both_positive,1.3053500618982967,0.26647125146831474,0.14078018412493112,0.0027441406249999996
reach,1,float32,0,4.181909116963608e-10,4.1819091160443788e-10,1.8141247674281976e-12,1.8141246666072981e-12,0.052793849312312596,0.0066284276691962194,0.052794542986509901,0.0065326135917371537,both_positive,0.0043380301118198222,-5.4403349251954083,0.0039596276776512236,4.6386718750000001e-05
reach,1,float32_field_bfloat16_roundtrip,0,4.2782024455731878e-05,4.2782024455731878e-05,3.8770944769113247e-05,3.8770944769113464e-05,0.12083004751020464,4.6916314010011169,0.090675982175184952,1.6627555000645529,both_positive,0.90624380828988016,-0.098446905068449553,0.010332975389083173,0.71556152343750001
reach,1,float32,1,1.4800106578111409e-09,1.4800106576601176e-09,3.6019101175970732e-12,3.601909954335113e-12,0.082838197137897557,0.012381387247921163,0.082837832592387653,0.01230349601465135,both_positive,0.0024337055267724299,-6.0183402749846593,0.0062129558850335699,3.9062500000000001e-05
reach,1,float32_field_bfloat16_roundtrip,1,5.8497285835337691e-05,5.8497285835337698e-05,5.4576168168026793e-05,5.4576168168026665e-05,0.1487770665953361,5.5527133842091514,0.11498054222849415,1.9258712867757484,both_positive,0.93296923760961603,-0.069383050157874493,0.012565294141124398,0.65592285156249996
reach,1,float32,2,9.7233450736818654e-09,9.7233450726139851e-09,7.5693187367170937e-12,7.5693180700111324e-12,0.14527672786042675,0.031620334089310156,0.14527023727288607,0.031546343344362834,both_positive,0.00077846859073272374,-7.1581819133837463,0.010895773080475294,1.4648437499999999e-05
reach,1,float32_field_bfloat16_roundtrip,2,0.00013821354815001151,0.00013821354815001151,0.00013118608455309658,0.00013118608455309829,0.23098539930664039,8.4694756790239047,0.18907613772630957,3.0337646055075176,both_positive,0.94915503081298802,-0.052183131424609286,0.019906734016709671,0.59518554687500003
reach,1,float32,3,1.7239669176515507e-08,1.7239669167484914e-08,1.64075092175857e-11,1.6407501008883218e-11,0.21739450225824122,0.042124230381828102,0.217387939222006,0.042002932027923143,both_positive,0.00095172993458230598,-6.9572292455797466,0.016304745698562152,2.4414062500000001e-05
reach,1,float32_field_bfloat16_roundtrip,3,0.00015362608915368514,0.00015362608915368511,0.00015866583868811201,0.00015866583868811131,0.28821614789699235,9.3322464131521041,0.24556851061546076,3.0521097651080837,both_positive,1.0328052973436379,0.03227868964600944,0.023720803504616167,0.58098876953125
reach,1,float32,4,1.0442658588667336e-07,1.0442658583917374e-07,5.7314601025381359e-11,5.7314558463110548e-11,0.42095531584960183,0.10355472459191736,0.42093037716243459,0.10339165536174127,both_positive,0.00054885066421285435,-7.5076841676415498,0.031571957848568734,1.7089843750000002e-05
reach,1,float32_field_bfloat16_roundtrip,4,0.00049970084752458724,0.00049970084752458724,0.00051671367432707446,0.00051671367432707326,0.5460150684345848,16.930012968504215,0.46855365845105557,5.432196448607705,both_positive,1.034046023509396,0.033479285259515379,0.044349536787746439,0.53574218750000002
reach,1,float32,5,7.8131823208461065e-07,7.8131823177187169e-07,3.211911341091303e-10,3.2119084706720019e-10,0.99978661865313501,0.2831144153876175,0.99975580075507009,0.28283107399721436,both_positive,0.00041108874837359204,-7.7967014339957057,0.074987282333495914,9.7656250000000002e-06
reach,1,float32_field_bfloat16_roundtrip,5,0.0033197393349951978,0.0033197393349951978,0.0033751450511838432,0.0033751450511838531,1.3312194707737306,43.513221405293642,1.1151051346256853,13.949443332911041,both_positive,1.0166897791054206,0.016552035239122631,0.1087296895953733,0.51377685546875007
reach,1,bfloat16,0,6.2571697135553313e-05,6.2571697135553286e-05,8.4747095917050703e-05,8.4747095917053143e-05,0.14111527083250985,6.6992803802255736,0.081480276007348237,1.7002584321684238,both_positive,1.3543998292623791,0.30335842577533612,0.011330375472281613,0.094370117187500005
reach,1,bfloat16,1,0.00011872803091348986,0.00011872803091348979,0.00014265885845966616,0.00014265885845966695,0.16850941944694736,8.8234944213613975,0.11255854176822408,2.4505330675332253,both_positive,1.2015600474635455,0.18362075202717598,0.015246796327501731,0.0284423828125
reach,1,bfloat16,2,0.0002143130929930568,0.00021431309299305639,0.00026419945976275403,0.00026419945976275267,0.23741481882346327,11.917027561051478,0.16226278878600647,3.3091616058020472,both_positive,1.2327733041084588,0.20926635010765082,0.021109406988136452,0.01496337890625
reach,1,bfloat16,3,0.00043587953928939766,0.00043587953928939647,0.00057025227356306222,0.00057025227356305745,0.37265051177019859,17.127405604112305,0.27122001877418245,4.8490967245084713,both_positive,1.3082795179896003,0.26871292897348464,0.032333129103092328,0.0088818359374999989
reach,1,bfloat16,4,0.001464191183765651,0.0014641911837656506,0.0020091143582256772,0.0020091143582256794,0.69668339259591683,32.005485218245305,0.5147988223172133,8.7169337671237734,both_positive,1.372166681852691,0.31639101015541993,0.060206028720642041,0.0051367187499999998
reach,1,bfloat16,5,0.0089794701748650164,0.0089794701748649852,0.011534681878686528,0.011534681878686483,1.6070652260344749,77.228245132643451,1.2645270229861398,22.109247297934733,both_positive,1.2845615224575233,0.25041743245626336,0.146632349867893,0.0025366210937500001
reach,2,float32,0,3.8818050763399663e-10,3.8818050757288106e-10,1.7311377827809774e-12,1.7311377037314418e-12,0.049982282783125435,0.0063642220926523026,0.049982995894508907,0.0062996758794691236,both_positive,0.0044596205856199597,-5.4126915870576617,0.0037487614536800672,3.9062500000000001e-05
reach,2,float32_field_bfloat16_roundtrip,0,2.9630278126275383e-05,2.963027812627538e-05,2.6131065830203093e-05,2.6131065830203245e-05,0.098677708756132382,3.7715663262359542,0.080737416919482566,1.4553124068867955,both_positive,0.8819041697428659,-0.12567187996348927,0.0088369930712258044,0.72262207031250003
reach,2,float32,1,1.3546857354428023e-09,1.3546857353441854e-09,3.6271432873137754e-12,3.6271431234320493e-12,0.079810327385286914,0.01185729515638817,0.079810524191344295,0.011769114934732445,both_positive,0.0026774795012720655,-5.9228794115924757,0.0059858906380847073,3.6621093749999999e-05
reach,2,float32_field_bfloat16_roundtrip,1,4.9875972656406222e-05,4.9875972656406229e-05,4.6782883867975419e-05,4.6782883867975392e-05,0.13741017784209925,5.1090202129961302,0.10912800328268754,1.7963769800110068,both_positive,0.93798439160797964,-0.064021970191141975,0.011755080761721607,0.65905517578125006
reach,2,float32,2,5.826913517638387e-09,5.8269135167313032e-09,7.5563997030236475e-12,7.5563987643575884e-12,0.13612086329774073,0.024494823329893115,0.13611897617983382,0.02442109535925182,both_positive,0.0012968099972910205,-6.6478478783721684,0.010209199011782502,1.7089843750000002e-05
reach,2,float32_field_bfloat16_roundtrip,2,0.00013526275982408219,0.00013526275982408219,0.00013068042975039937,0.00013068042975039953,0.23028584606622596,8.5749953413505065,0.17891833876127131,2.8879037247570354,both_positive,0.96612275189680863,-0.0344643804856819,0.019332317137449026,0.60326171875000001
reach,2,float32,3,1.0315781852422212e-08,1.031578184420142e-08,1.5879117010005246e-11,1.5879109433236101e-11,0.20140682392230982,0.032610695021690381,0.20140115807812622,0.032491522218654791,both_positive,0.001539303296363981,-6.4764253698810528,0.015105551892809517,2.685546875e-05
reach,2,float32_field_bfloat16_roundtrip,3,0.00017939017076670582,0.00017939017076670582,0.00018008054459317632,0.00018008054459317413,0.29404392566900983,10.074090196606834,0.23924603996473179,3.2489871878024386,both_positive,1.0038484484602466,0.0038410621270212886,0.024127014616235516,0.59448486328125005
reach,2,float32,4,7.8929009098690361e-08,7.8929009058861045e-08,5.6238081092845836e-11,5.6238045922253321e-11,0.39990808126997723,0.089980633356512074,0.39989040328036141,0.089904581149468088,both_positive,0.00071251472348433389,-7.2467099814955631,0.029993466399035218,1.2207031250000001e-05
reach,2,float32_field_bfloat16_roundtrip,4,0.00051774305434946133,0.00051774305434946133,0.0005201537645536066,0.00052015376455359749,0.53464848827796674,16.931221819864245,0.45868066932576568,5.661767738633249,both_positive,1.0046561903320448,0.0046453838096738309,0.043945284084720704,0.54561767578125009
reach,2,float32,5,9.719391832236689e-07,9.7193918291988541e-07,3.0449486501048003e-10,3.0449457133948163e-10,0.99491413889056068,0.31597760873421687,0.99487447858517619,0.3153881367102474,both_positive,0.00031328592392020863,-8.0683942894539715,0.074621715496653113,1.2207031250000001e-05
reach,2,float32_field_bfloat16_roundtrip,5,0.0032170546925453175,0.003217054692545318,0.0032096485880260027,0.0032096485880259936,1.3137942187776521,42.092621629866095,1.1135754874904986,14.139678216455433,both_positive,0.99769786179374675,-0.0023047922004373333,0.10802599145317474,0.52413574218749992
reach,2,bfloat16,0,6.7917071644859432e-05,6.7917071644859391e-05,8.2675738989829579e-05,8.2675738989831856e-05,0.13964135122645924,6.7708873637604272,0.078783050258885712,1.7846034446417631,both_positive,1.2173042357029717,0.19663877101577043,0.011397925145565601,0.089531250000000007
reach,2,bfloat16,1,0.00011945794384327764,0.00011945794384327757,0.00013058788188909917,0.00013058788188910172,0.16742716672118668,8.5627543971654969,0.11150876060484642,2.522449918513864,both_positive,1.0931703467156895,0.089082049489546122,0.015198695066026658,0.02783203125
reach,2,bfloat16,2,0.00021830404108733062,0.00021830404108733016,0.00027031387045707681,0.00027031387045707805,0.23649113289968832,12.081579712284052,0.1549581446726086,3.3036909428727754,both_positive,1.2382449225891339,0.2136949920046618,0.020883653108571626,0.014653320312499999
reach,2,bfloat16,3,0.00045224628252851556,0.00045224628252851426,0.00059842298653593284,0.00059842298653592916,0.36172092030241282,17.595592285622569,0.26159756211946428,4.8551789074937215,both_positive,1.3232236718235497,0.28007093495764135,0.032006112836127101,0.0087304687500000012
reach,2,bfloat16,4,0.0014010588889559487,0.0014010588889559472,0.0019077934826699562,0.001907793482669959,0.65693791653883415,31.162737678497535,0.51049906895663422,8.5975353232124743,both_positive,1.3616797250339845,0.30871902958611042,0.058771980897152416,0.0049658203125
reach,2,bfloat16,5,0.0083009984602605748,0.0083009984602605488,0.010807697148395617,0.010807697148395523,1.7233035642108256,74.585724177211887,1.3145115689753426,21.211422272871072,both_positive,1.3019755635584536,0.26388277522196457,0.14772518942244572,0.0025708007812499998
reach,3,float32,0,3.7897620584333593e-10,3.789762057510248e-10,1.7976589793916554e-12,1.7976588975310973e-12,0.051715681206199016,0.0063354473777200229,0.051716401127505883,0.0062132046824080606,both_positive,0.00474346133523429,-5.3509881702693818,0.0038787633253301755,5.37109375e-05
reach,3,float32_field_bfloat16_roundtrip,0,4.8171396184035255e-05,4.8171396184035255e-05,4.6102105647199376e-05,4.6102105647199803e-05,0.13434271232408826,5.2432600671974043,0.088958885341890268,1.6162754360220171,both_positive,0.95704316875246243,-0.043906780132260792,0.010697797440700211,0.72134277343749997
reach,3,float32,1,1.2400741643948877e-09,1.2400741642447511e-09,3.6987783868126901e-12,3.6987782526751036e-12,0.082092865039079074,0.011366726787787412,0.082092159822518176,0.011255895593835885,both_positive,0.0029827074000993827,-5.8149238673992372,0.0061570234118078059,3.1738281250000001e-05
reach,3,float32_field_bfloat16_roundtrip,1,5.4828405277591696e-05,5.4828405277591703e-05,5.1329711991665125e-05,5.1329711991665084e-05,0.14409361367698248,5.3564704692338241,0.11355603819995219,1.8817096393939519,both_positive,0.93618830844681733,-0.065938638501327418,0.012281248357124354,0.65564697265624994
reach,3,float32,2,6.4314593926702027e-09,6.4314593916688129e-09,7.5405554321731072e-12,7.5405545048594284e-12,0.14044679948154951,0.025781183600554432,0.14044339185262758,0.025643758798029721,both_positive,0.0011724485799858922,-6.7486609136281928,0.010533575849275906,1.953125e-05
reach,3,float32_field_bfloat16_roundtrip,2,0.00017563371094339643,0.00017563371094339646,0.00016687660811088391,0.00016687660811088515,0.25816196735354413,9.7228278525339924,0.19733920386597537,3.295889170199108,both_positive,0.95013996581023796,-0.051145972808077644,0.021718406415293851,0.60029052734374999
reach,3,float32,3,1.315895161136092e-08,1.3158951603218748e-08,1.6472113076493256e-11,1.6472104839703993e-11,0.20488744226312119,0.036641114759228155,0.2048806070700149,0.036740835261272413,both_positive,0.0012517800477563792,-6.6831887024436583,0.01536658457822692,2.1972656249999999e-05
reach,3,float32_field_bfloat16_roundtrip,3,0.00019311138523662845,0.00019311138523662845,0.00019392139119499965,0.0001939213911950006,0.30401982463224853,10.412383186556379,0.24692570432929731,3.4023766061986702,both_positive,1.0041945013101048,0.0041857289114872742,0.02492436754958632,0.59115478515624997
reach,3,float32,4,8.5770347948153442e-08,8.5770347907070002e-08,5.699564314272263e-11,5.6995606982578504e-11,0.39895634761709847,0.093711165301593638,0.39892779231355735,0.093740400031812207,both_positive,0.00066451453802164151,-7.3164538019138909,0.029921561080398118,1.7089843750000002e-05
reach,3,float32_field_bfloat16_roundtrip,4,0.00054686310357397478,0.00054686310357397478,0.00055299994900459093,0.00055299994900458659,0.54560427799489619,17.645722150099427,0.45771491521353908,5.6543431127029757,both_positive,1.011221904331284,0.011159405895863728,0.044432249037890961,0.55265869140625001
reach,3,float32,5,1.063008802971191e-06,1.0630088026672402e-06,3.0166421070216794e-10,3.0166387833887976e-10,1.0500214186399146,0.33011471836780204,1.0498355631944749,0.32991349590873026,both_positive,0.00028378336083294264,-8.1672994248621951,0.078747289621988376,1.953125e-05
reach,3,float32_field_bfloat16_roundtrip,5,0.0034616114556653057,0.0034616114556653057,0.0034043269275811959,0.003404326927581163,1.3750243918189997,43.708006709646696,1.1692947814059418,14.512075746714268,both_positive,0.98345148529296744,-0.016686970999137962,0.11267903973761637,0.53503662109375005
reach,3,bfloat16,0,6.5341985554368838e-05,6.5341985554368811e-05,8.9496338731241446e-05,8.9496338731243546e-05,0.13303691937314513,6.9178847750854944,0.075961075925130711,1.6861874448793717,both_positive,1.3696605325342401,0.31456292266453545,0.011097642148620902,0.091774902343750006
reach,3,bfloat16,1,0.00011368596883947015,0.00011368596883947011,0.00013478208776026575,0.0001347820877602667,0.16775518269353637,8.5907360765348759,0.10989521420176086,2.4095492827543348,both_positive,1.1855648426639553,0.17021932149648755,0.014957191902088369,0.02860595703125
reach,3,bfloat16,2,0.00021494356592500767,0.00021494356592500729,0.00028094599093228995,0.00028094599093229,0.23150272269231673,12.206502724376268,0.15481434143584261,3.2390138307013427,both_positive,1.3070686239117764,0.26778693816947019,0.020768548374284282,0.01503173828125
reach,3,bfloat16,3,0.00043080290584909987,0.00043080290584909879,0.00055655352358625215,0.00055655352358624738,0.35965643531097718,16.991092115473194,0.25432351681468812,4.800033627775008,both_positive,1.2918982579500049,0.25611265454293175,0.031317101653097743,0.0091381835937499999
reach,3,bfloat16,4,0.0014211056775858602,0.0014211056775858591,0.0019060935630173005,0.0019060935630173025,0.6569188660117764,31.246389507930715,0.48376753409859702,8.6634894210073021,both_positive,1.341275031885965,0.29362067789092183,0.057890520179241026,0.0052319335937500008
reach,3,bfloat16,5,0.0086864258398227298,0.008686425839822709,0.011794530305364077,0.011794530305363994,1.6653505208358292,77.283405900465354,1.280895679397233,21.630706936887158,both_positive,1.3578116618796547,0.30587433165369227,0.14686587072742344,0.0027685546875
reach,4,float32,0,3.8095007336680636e-10,3.8095007329594387e-10,1.7253291479795336e-12,1.7253290423114921e-12,0.050133671795566895,0.0063552236032962655,0.050134348840946655,0.0062280507646956442,both_positive,0.0045290164475654572,-5.3972504828038232,0.0037601130167043365,7.8124999999999988e-05
reach,4,float32_field_bfloat16_roundtrip,0,2.6768681617581085e-05,2.6768681617581088e-05,2.3837821242400048e-05,2.3837821242400373e-05,0.095280175156860325,3.6170893461202263,0.077300615228788352,1.3681668546084185,both_positive,0.89051159048280837,-0.11595916063492595,0.0084445713277178681,0.72057373046874995
reach,4,float32,1,1.463740506939575e-09,1.463740506787729e-09,3.5258498725762763e-12,3.5258497171702062e-12,0.081059498858701812,0.012375500110572037,0.081058821560140937,0.012219836141798102,both_positive,0.0024087943565545035,-6.0286289236446855,0.0060795419171130113,3.6621093749999999e-05
reach,4,float32_field_bfloat16_roundtrip,1,5.2819936342750395e-05,5.2819936342750395e-05,4.9697220991111128e-05,4.9697220991111229e-05,0.14256116951761139,5.2963741258652215,0.11103759572015152,1.8238029068263955,both_positive,0.94087998646238691,-0.060939685827602119,0.012025374992999317,0.65475585937500003
reach,4,float32,2,9.307803170805034e-09,9.3078031700190933e-09,7.2341334049168079e-12,7.2341327106349658e-12,0.14145174254516082,0.030986009017050831,0.14144592330582703,0.030852657499265849,both_positive,0.00077721168702916672,-7.1597978032230891,0.010608942031516412,1.7089843750000002e-05
reach,4,float32_field_bfloat16_roundtrip,2,0.00014032117821828835,0.00014032117821828833,0.00013509540749392462,0.00013509540749392557,0.23762185574713832,8.7575270634529119,0.18241615527592411,2.9179462100467162,both_positive,0.96275850309470501,-0.037952674236061412,0.019735751687049503,0.59362060546875006
reach,4,float32,3,1.4988169031029208e-08,1.4988169022489181e-08,1.5744742439997514e-11,1.5744734640223055e-11,0.20227538465047004,0.039359934037005766,0.20226966012686215,0.039144835618227472,both_positive,0.0010504780408735724,-6.8585099413973936,0.015170790621034113,2.9296875000000002e-05
reach,4,float32_field_bfloat16_roundtrip,3,0.00017434553417405949,0.00017434553417405949,0.00017715661171289026,0.00017715661171288963,0.29174762362093076,9.9490147605125507,0.23864906311144926,3.2133752879773474,both_positive,1.0161235993347801,0.015994994645740945,0.023951813823615244,0.58523193359374992
reach,4,float32,4,8.5872475846565536e-08,8.5872475810084198e-08,5.5090923302519476e-11,5.5090891628676127e-11,0.38465464890490769,0.094126422618002567,0.38464019323817372,0.093705376559312353,both_positive,0.00064154343704907668,-7.3516336645110059,0.02884962063018854,1.2207031250000001e-05
reach,4,float32_field_bfloat16_roundtrip,4,0.00045830428473809159,0.00045830428473809159,0.00046210973821902258,0.00046210973821902003,0.50503664227443457,15.99456887262251,0.4336594382752717,5.2894509396513829,both_positive,1.0083033338497058,0.0082690508180975897,0.041499526915890352,0.54295166015625007
reach,4,float32,5,1.0095611722399075e-06,1.0095611719292412e-06,3.0008052925278924e-10,3.0008021400495372e-10,0.94470494731023891,0.32221924698934262,0.94472310156951611,0.3213862552478241,both_positive,0.00029723857999312939,-8.1209754419938811,0.070858864657137866,9.7656250000000002e-06
reach,4,float32_field_bfloat16_roundtrip,5,0.0035819485523135887,0.0035819485523135883,0.0035258555451573048,0.0035258555451573212,1.3034802471532803,44.376544546165803,1.0959654601661744,14.833461749807656,both_positive,0.98434008575582321,-0.015783826035687731,0.10895156511120818,0.50953613281249999
reach,4,bfloat16,0,7.1748779144341701e-05,7.1748779144341688e-05,9.4844068539743991e-05,9.4844068539746851e-05,0.13849321965522932,7.1694526784781303,0.077631920839358604,1.7783008007936116,both_positive,1.3218910435944839,0.27906332017704294,0.01151123718917741,0.090522460937499993
reach,4,bfloat16,1,0.0001273458646981969,0.00012734586469819684,0.0001508766532758785,0.00015087665327588056,0.16920911024816326,9.1387254225778154,0.11030224589109856,2.5068534320767704,both_positive,1.1847785841609255,0.1695559083193352,0.015440758239590131,0.02740478515625
reach,4,bfloat16,2,0.00021679179031243556,0.00021679179031243505,0.00027801613192605316,0.00027801613192605283,0.23639747545224699,12.192010908827161,0.16001559929301992,3.2565669282892857,both_positive,1.2824107939022156,0.2487417392321003,0.021047170438017918,0.01453369140625
reach,4,bfloat16,3,0.00042206849781599096,0.00042206849781598993,0.00053888092511181511,0.00053888092511181272,0.36313264683110419,16.727252179361926,0.25736060402170186,4.7826721569124349,both_positive,1.2767617765843089,0.24432701037956672,0.031337739847988176,0.0089453125000000001
reach,4,bfloat16,4,0.0014033091904024702,0.0014033091904024696,0.0019573712821771717,0.0019573712821771764,0.68483134906613674,31.565122702354486,0.50098460583673554,8.4537013127149994,both_positive,1.3948253852850461,0.33276923560000338,0.058872822981656969,0.0048828125000000009
reach,4,bfloat16,5,0.0086736298880276189,0.0086736298880275876,0.012138636765418714,0.012138636765418638,1.6870888951241321,78.816694756441819,1.2710993343350407,20.765081981421325,both_positive,1.399487518158218,0.33610611114704447,0.14663112027862074,0.0025756835937500002
reach,5,float32,0,3.7400798204419292e-10,3.7400798199009743e-10,1.6587240566268455e-12,1.6587239767211188e-12,0.049912351091678929,0.0062612261679131451,0.049912834205664273,0.0061799443000968117,both_positive,0.0044349964071912513,-5.418228473324362,0.0037435030544397869,5.6152343749999996e-05
reach,5,float32_field_bfloat16_roundtrip,0,3.3078330203559053e-05,3.3078330203559053e-05,2.993875206460259e-05,2.9938752064602831e-05,0.10632068944554215,4.1021966973829995,0.081659127734402925,1.4773665688318403,both_positive,0.90508655909666624,-0.099724694445260553,0.0091961782258848882,0.72222656249999995
reach,5,float32,1,1.4040719413615284e-09,1.4040719412513303e-09,3.5249332016219209e-12,3.5249329643763737e-12,0.080636861230853812,0.012034804260488729,0.080636356858757377,0.01199024083526788,both_positive,0.0025105075443668462,-5.9872703373688161,0.006047846697763504,2.685546875e-05
reach,5,float32_field_bfloat16_roundtrip,1,5.3748010311662109e-05,5.3748010311662109e-05,5.1293213049273364e-05,5.1293213049273398e-05,0.14457052292808134,5.4283417193238694,0.10821497061204673,1.7905678440099457,both_positive,0.95432766258407697,-0.046748204675187921,0.011951172822158022,0.65793701171875008
reach,5,float32,2,7.5916325350932216e-09,7.5916325343196803e-09,7.6915365319926446e-12,7.6915356566300732e-12,0.14228997427847953,0.027956052883984867,0.14228267228737509,0.027872881657790054,both_positive,0.0010131597514022978,-6.8946813648635441,0.010671650493506237,2.4414062500000001e-05
reach,5,float32_field_bfloat16_roundtrip,2,0.00015171449356604351,0.00015171449356604351,0.00014338253137870173,0.00014338253137870244,0.24259060368129018,8.9831831527945596,0.19045181020612412,3.0933157851336692,both_positive,0.94508130376011334,-0.056484319464267685,0.020531564074827983,0.59708740234375002
reach,5,float32,3,1.3518409286429007e-08,1.3518409278295352e-08,1.6320088408630907e-11,1.6320080807416246e-11,0.19661951041391623,0.037279681886009892,0.19661429624246729,0.037203330020951428,both_positive,0.0012072491713218416,-6.7194109196288814,0.014746563538352788,1.953125e-05
reach,5,float32_field_bfloat16_roundtrip,3,0.00016953691770561438,0.00016953691770561438,0.00016889277752388493,0.000168892777523884,0.28495477956605453,9.6690348987220194,0.23545378984479345,3.2385871116680183,both_positive,0.99620059046462117,-0.0038066456261844905,0.023625841717158189,0.58826171875
reach,5,float32,4,7.2278977867874488e-08,7.2278977841830052e-08,5.6044648504615396e-11,5.6044623658370919e-11,0.36970366616548317,0.086097276812909823,0.36969116187617229,0.086038125927582851,both_positive,0.00077539348449371629,-7.1621399355307211,0.027728168653871205,1.953125e-05
reach,5,float32_field_bfloat16_roundtrip,4,0.00051596444653064389,0.00051596444653064389,0.00050924526649779797,0.00050924526649779775,0.50806941891776092,16.720904416676603,0.43272744943897679,5.7281713675356354,both_positive,0.98697743598803012,-0.01310810101764659,0.042376062712444623,0.55267578125000005
reach,5,float32,5,7.2514509720992807e-07,7.2514509691601293e-07,2.9556755119023219e-10,2.955672614932544e-10,0.91287728281013314,0.27217292085151817,0.91287280313550301,0.27261755005014715,both_positive,0.00040759780673889871,-7.8052296375455423,0.068469094901400268,1.4648437500000001e-05
reach,5,float32_field_bfloat16_roundtrip,5,0.0034588497362674879,0.0034588497362674879,0.0033596291616778918,0.003359629161677884,1.2663927071837722,43.04010647032235,1.0578981791290603,14.883325389135148,both_positive,0.971313996803843,-0.029105488295880555,0.10620300914082111,0.52666503906250006
reach,5,bfloat16,0,6.1248428570887024e-05,6.1248428570886997e-05,7.6435735991283607e-05,7.6435735991285301e-05,0.1404004316899661,6.4565433178066742,0.078385390659744619,1.7092202739166109,both_positive,1.2479624012364541,0.22151214227902294,0.011107004538327487,0.092185058593749994
reach,5,bfloat16,1,0.00011260410020996283,0.00011260410020996279,0.00013177565931636622,0.00013177565931636666,0.16743300021298926,8.5296545059702762,0.11149971262446469,2.3900671119968342,both_positive,1.1702563145627549,0.15722279709269671,0.014947541300311663,0.028024902343750002
reach,5,bfloat16,2,0.00021657187454767271,0.00021657187454767233,0.0002715123762387607,0.0002715123762387626,0.23928161809914425,12.09389064773721,0.16438924795213461,3.2717798338880719,both_positive,1.2536825329043095,0.22608524660624418,0.021206166153945105,0.01492919921875
reach,5,bfloat16,3,0.00043330496399869448,0.0004333049639986935,0.00054794108945371335,0.00054794108945370945,0.35520832763984411,16.94867004557581,0.26035026600666489,4.806291684245811,both_positive,1.2645622251753486,0.2347259952294003,0.031457777132305131,0.0090429687500000015
reach,5,bfloat16,4,0.0013887952781288838,0.0013887952781288832,0.0018390104377821288,0.0018390104377821288,0.65657742458091928,30.730044877485739,0.48645387296476678,8.607591566619476,both_positive,1.324176764382305,0.28079095644505792,0.057726822546283751,0.0052441406250000001
reach,5,bfloat16,5,0.0087886428676928075,0.008788642867692778,0.01173392148866277,0.011733921488662657,1.8401736173780334,77.264769504150038,1.272347293357085,21.847825580959693,both_positive,1.3351232568337545,0.28902361480661298,0.15034229187763279,0.0025903320312500003
reach,6,float32,0,3.9902534989940495e-10,3.9902534982724145e-10,1.7332071280791168e-12,1.7332070484202756e-12,0.050201007324360822,0.0064679373712048186,0.050201621513265772,0.0063829054701517391,both_positive,0.0043436015494154991,-5.4390514249093016,0.0037651620790902451,6.8359375000000007e-05
reach,6,float32_field_bfloat16_roundtrip,0,3.7044676282235853e-05,3.7044676282235853e-05,3.4195438585363618e-05,3.4195438585363679e-05,0.11355215225184245,4.3955177101694973,0.085406982123907862,1.5406641935116638,both_positive,0.92308644634482773,-0.080032390853190805,0.0096799304521070391,0.72169921874999998
reach,6,float32,1,1.4527680531032569e-09,1.4527680529578617e-09,3.6310747181125962e-12,3.6310745873285378e-12,0.080834472321358278,0.012255793952722176,0.080834065402452387,0.012192810456331641,both_positive,0.0024994180663294873,-5.9916973476721367,0.0060626767366786351,2.4414062500000001e-05
reach,6,float32_field_bfloat16_roundtrip,1,6.2485574916857565e-05,6.2485574916857565e-05,5.9871838109329953e-05,5.9871838109329099e-05,0.15693272740145381,5.9076494225392384,0.11367819432109728,1.8931047272463331,both_positive,0.95817055678842011,-0.042729482631578719,0.012765394294987711,0.65798828124999997
reach,6,float32,2,8.7381967119629475e-09,8.7381967110126691e-09,7.8079958909456938e-12,7.8079951358609609e-12,0.1413434179167688,0.029863504290756616,0.14133925415629947,0.029934831429363377,both_positive,0.00089354773625732514,-7.0203107986505344,0.010600862558503614,1.953125e-05
reach,6,float32_field_bfloat16_roundtrip,2,0.00014236709122737089,0.00014236709122737089,0.00013341192197131144,0.00013341192197131334,0.2320173461035987,8.5682736124974639,0.18906932849233404,3.078119212178589,both_positive,0.93709803874718933,-0.064967371750515923,0.020008788678328695,0.59869873046875
reach,6,float32,3,1.4084785796852447e-08,1.4084785788989774e-08,1.7558885099116989e-11,1.7558877434182586e-11,0.2003478979420773,0.038031528471056716,0.20034232567247831,0.037980488836546734,both_positive,0.0012466561687463438,-6.6872903770509637,0.015026201656409109,4.8828125000000003e-05
reach,6,float32_field_bfloat16_roundtrip,3,0.00017505345144386544,0.00017505345144386546,0.0001761764795247028,0.00017617647952470022,0.29404313150196498,9.9746908003249732,0.23556403730239586,3.1965503546903924,both_positive,1.0064153438368366,0.006394853108584897,0.023871543892897255,0.59157470703125004
reach,6,float32,4,7.6623388488179977e-08,7.6623388453285409e-08,6.1015764978526085e-11,6.1015731385219056e-11,0.38211203713401487,0.088372794971201624,0.38209433263527626,0.088655226235174411,both_positive,0.00079630731794037607,-7.1355253688142106,0.028658628272736936,2.9296874999999999e-05
reach,6,float32_field_bfloat16_roundtrip,4,0.0005182487454652463,0.00051824874546524619,0.00052857378405954977,0.00052857378405954825,0.52203350444072205,17.033152471008272,0.44213812007125974,5.6445620819232003,both_positive,1.0199229398713439,0.019727075296458452,0.043006807496289844,0.54265625000000006
reach,6,float32,5,6.6238622133191292e-07,6.6238622103669399e-07,3.2580287977661203e-10,3.2580259251453726e-10,0.92937249614268524,0.25967162692434986,0.92937035533277346,0.26067519191600047,both_positive,0.00049186240486931345,-7.6173115454852578,0.069706438285711561,2.1972656249999999e-05
reach,6,float32_field_bfloat16_roundtrip,5,0.0033169891209038301,0.0033169891209038288,0.0032913134740829458,0.003291313474082928,1.2725062095588879,42.995277984685806,1.0435916422531999,14.120931108271822,both_positive,0.99225935151276945,-0.007770762810317855,0.10462917191666588,0.50909179687500006
reach,6,bfloat16,0,5.9267312255951653e-05,5.9267312255951619e-05,7.3852076519338998e-05,7.3852076519340354e-05,0.13378525450254394,6.3596285960523113,0.078976290172996372,1.6710315700856002,both_positive,1.2460844554651243,0.22000619934038568,0.010909259030892002,0.092612304687500008
reach,6,bfloat16,1,0.00010758732888234944,0.00010758732888234939,0.00012900541127093342,0.00012900541127093475,0.16114951399276134,8.3778046967619186,0.1099479039481823,2.3479064768803122,both_positive,1.1990762537845456,0.18155147184175746,0.01464034539145035,0.028208007812500002
reach,6,bfloat16,2,0.00020753901602998956,0.00020753901602998915,0.00028287147466461357,0.00028287147466461536,0.22729667990230776,12.134863664580092,0.15754181757713759,3.1808821399423906,both_positive,1.3629797426799903,0.30967329030020174,0.020661530303739836,0.014511718749999999
reach,6,bfloat16,3,0.00042768661396517502,0.00042768661396517388,0.00056059913935961765,0.00056059913935961375,0.34290622359588535,17.005081631848931,0.25869172725785505,4.7763819251577075,both_positive,1.3107708332561121,0.27061538649343131,0.031199370010407394,0.0090502929687500001
reach,6,bfloat16,4,0.0013937709430750947,0.0013937709430750934,0.0018823124020420027,0.0018823124020420036,0.6088751366798818,31.016924412540913,0.49258913926274428,8.5683588660441572,both_positive,1.3505177528590406,0.300488039561424,0.057272698716491544,0.0052978515624999998
reach,6,bfloat16,5,0.0081869149062602439,0.0081869149062602231,0.010652088735773231,0.010652088735773184,1.4754113527230541,73.821144953634288,1.2786228732631451,21.271698014277344,both_positive,1.3011114513512234,0.26321886177303178,0.14189010079510517,0.0026611328125000001
reach,7,float32,0,3.8080910079809138e-10,3.8080910073887637e-10,1.725859355804191e-12,1.725859291148039e-12,0.049426942107371745,0.0063378886268124993,0.049427535270299139,0.0062310206799765849,both_positive,0.0045320853734513505,-5.396573098074267,0.0037071047651926177,6.103515625e-05
reach,7,float32_field_bfloat16_roundtrip,0,3.5780531844911996e-05,3.5780531844911996e-05,3.2752640389020479e-05,3.2752640389020486e-05,0.11160862396771794,4.3244689840977655,0.083156441400827938,1.5042739729026484,both_positive,0.9153760075726185,-0.088420360880363091,0.0094905191832075301,0.72243408203125004
reach,7,float32,1,1.2998727468553478e-09,1.2998727467042809e-09,3.5075257087502712e-12,3.5075255405847531e-12,0.079332617646476034,0.01162677212325116,0.079331477006637396,0.011525658156782836,both_positive,0.0026983608335782693,-5.9151107890055883,0.0059499932014675933,3.1738281250000001e-05
reach,7,float32_field_bfloat16_roundtrip,1,6.0351306547095344e-05,6.0351306547095344e-05,5.5689701033257467e-05,5.5689701033257664e-05,0.14905061487856683,5.5928567398249118,0.11570192260208707,1.9785383707099331,both_positive,0.92275883024669603,-0.080387367628034667,0.012679945700420277,0.65910400390625001
reach,7,float32,2,8.1064450537210641e-09,8.1064450527696823e-09,7.327223215150406e-12,7.3272222707657098e-12,0.13299546794073028,0.02884095340916213,0.1329915848123209,0.028813232698890596,both_positive,0.00090387625729813892,-7.0088180904612578,0.0099748051840253364,2.9296874999999999e-05
reach,7,float32_field_bfloat16_roundtrip,2,0.00014089145414063303,0.00014089145414063303,0.00013573223230957593,0.00013573223230957485,0.23605578749319817,8.8130648263933988,0.17775109529393507,2.8964286540043211,both_positive,0.96338158433720655,-0.037305700250835017,0.019501476261463334,0.60407958984374999
reach,7,float32,3,1.2406924549920852e-08,1.2406924542082665e-08,1.5831039848559746e-11,1.5831033153227564e-11,0.19471975565468116,0.035736235351630327,0.19471636388838104,0.035636449710684998,both_positive,0.0012759842122728744,-6.6640374669629843,0.014604195398278952,3.1738281250000001e-05
reach,7,float32_field_bfloat16_roundtrip,3,0.00017011787222861869,0.00017011787222861869,0.00017134221000088189,0.00017134221000088075,0.28782436686454554,9.8700785285091968,0.23084355507076298,3.1236379792786537,both_positive,1.0071969967424577,0.0071712219548896172,0.023411741616805107,0.60042968750000003
reach,7,float32,4,7.0182084329935678e-08,7.0182084299682374e-08,5.4241102859348944e-11,5.4241073619021494e-11,0.37293214273118042,0.084965388353094778,0.37292556036660846,0.084749235094716935,both_positive,0.00077286252434957648,-7.1654093720892469,0.027970690449242823,1.4648437500000001e-05
reach,7,float32_field_bfloat16_roundtrip,4,0.00052386024815952853,0.00052386024815952842,0.00053462406038379934,0.0005346240603838027,0.52349657916203529,17.279087604812869,0.43332870315861216,5.5592559752501041,both_positive,1.020547106336255,0.020338862257544221,0.042691034881850776,0.55785156250000001
reach,7,float32,5,6.9525773875177821e-07,6.9525773844895684e-07,2.8929447959224751e-10,2.8929418394973071e-10,0.88326857336421782,0.26719647066353946,0.88328607169357853,0.26676831011009455,both_positive,0.0004160967414927715,-7.7845927730736424,0.066250121676759394,1.4648437500000001e-05
reach,7,float32_field_bfloat16_roundtrip,5,0.0031349676988061698,0.0031349676988061698,0.0030624815335483359,0.0030624815335483246,1.2161729842654536,41.271915504073732,1.0226733777190073,13.997563485079052,both_positive,0.97687817795206067,-0.023393324629795487,0.10180469874962417,0.53960205078125001
reach,7,bfloat16,0,6.9159435216440882e-05,6.9159435216440841e-05,8.6538752637704835e-05,8.653875263770638e-05,0.13128478507464073,6.9174410329079148,0.078906216918897043,1.7664796309835473,both_positive,1.2512935128355771,0.22417782653560892,0.011318446713660776,0.091523437499999999
reach,7,bfloat16,1,0.00012049531496105576,0.00012049531496105572,0.00014095131166746595,0.0001409513116674675,0.16720478104396819,8.8433160094848873,0.11274748067464981,2.4537390334283464,both_positive,1.1697659092639543,0.15680365123930606,0.015249093654109019,0.027260742187499999
reach,7,bfloat16,2,0.00020699574965816166,0.00020699574965816125,0.00026724031706991581,0.00026724031706991576,0.23626274116825888,11.903695591786851,0.16283967131528509,3.2112718040983772,both_positive,1.2910425335362858,0.2554500575156613,0.020927977393028353,0.014470214843750001
reach,7,bfloat16,3,0.00041929237717788174,0.00041929237717788098,0.00056054866249288771,0.00056054866249288327,0.36447039744583409,16.992122396786243,0.26709430924900102,4.6739567917788269,both_positive,1.3368920901108561,0.29034758439945652,0.031728154538791756,0.008959960937499999
reach,7,bfloat16,4,0.0014485575090354738,0.0014485575090354723,0.0021292655099485582,0.0021292655099485647,0.67705067423031229,32.630482990262671,0.51262165356799894,8.5167700936670983,both_positive,1.4699212814590537,0.38520884932893562,0.05977389330413229,0.0050683593749999995
reach,7,bfloat16,5,0.0087624116193794274,0.0087624116193793962,0.01214175629780879,0.012141756297808753,1.7691762425381414,78.642029019784516,1.2443586717895425,21.205022014505008,both_positive,1.3856637676042769,0.3261792794214271,0.14786120289790086,0.002685546875
reach,8,float32,0,3.6225021643816304e-10,3.6225021636921334e-10,1.8077625418762303e-12,1.8077624668975395e-12,0.048952152195202339,0.0061966601772346051,0.048953262098625099,0.0060744166196489051,both_positive,0.0049903698047474307,-5.3002452627968353,0.0036715195420352715,7.0800781250000009e-05
reach,8,float32_field_bfloat16_roundtrip,0,4.4329696561566309e-05,4.4329696561566316e-05,4.171459940614443e-05,4.1714599406144505e-05,0.12751097935520644,4.9638592373520023,0.086423007580937489,1.5867191575895494,both_positive,0.94100800686081942,-0.060803630547921372,0.010309002430756728,0.72447998046875006
reach,8,float32,1,1.4768452136581369e-09,1.4768452135315805e-09,3.5604199799045722e-12,3.5604197914311053e-12,0.079875385046541944,0.012384600553208315,0.0798747354664327,0.012286087858677731,both_positive,0.0024108281267238786,-6.027784969456512,0.0059907400198213785,1.2207031250000001e-05
reach,8,float32_field_bfloat16_roundtrip,1,6.3586519395551346e-05,6.3586519395551346e-05,5.9141157301727608e-05,5.9141157301728089e-05,0.15337627572186338,5.7847270171274801,0.11777286526190578,2.0078523707394038,both_positive,0.93008955143195426,-0.072474405608282666,0.013002945382984566,0.65739746093749996
reach,8,float32,2,8.8326421361673395e-09,8.8326421352790584e-09,7.4719153614104138e-12,7.4719142955119356e-12,0.13835381780357942,0.030192307510041858,0.13834654026984949,0.030053657234024086,both_positive,0.00084594340472766256,-7.0750580980808202,0.010376505884047064,2.6855468749999997e-05
reach,8,float32_field_bfloat16_roundtrip,2,0.00014869519809301932,0.00014869519809301932,0.00014338937743134484,0.00014338937743134405,0.24335473379552067,9.0933883788708574,0.18147780469252794,2.9469632638900247,both_positive,0.96431747137957124,-0.036334711430644262,0.020012401296367801,0.5988720703125
reach,8,float32,3,1.3880876062800032e-08,1.3880876055147421e-08,1.6292522293612468e-11,1.629251570353478e-11,0.1947280949802758,0.03780202795448219,0.19472095312229878,0.037691867402341477,both_positive,0.001173738762589741,-6.7475611014260863,0.014604649761138198,2.4414062500000001e-05
reach,8,float32_field_bfloat16_roundtrip,3,0.00014933367139378348,0.00014933367139378351,0.00015019383847498214,0.00015019383847498347,0.27009863402948237,9.0856154605768165,0.22700904252524781,3.0482067243274305,both_positive,1.0057600343791888,0.0057435088093633624,0.022484410944187769,0.59515380859375
reach,8,float32,4,6.9943121289793326e-08,6.9943121268411184e-08,5.5223088938391282e-11,5.5223070221111445e-11,0.3648888006514035,0.084680124318598157,0.36487152090627811,0.084640502856751607,both_positive,0.00078954281593449397,-7.144056494029762,0.027366860024738433,2.1972656249999999e-05
reach,8,float32_field_bfloat16_roundtrip,4,0.00057162988506528846,0.00057162988506528846,0.00058403383067241971,0.00058403383067241906,0.53707036087561677,18.253720428899339,0.43050231181106591,5.6497330664967524,both_positive,1.0216992601877604,0.021467182515693572,0.043326257393571425,0.55276611328125003
reach,8,float32,5,5.37193941530902e-07,5.3719394123833862e-07,3.004591965747956e-10,3.0045889640578172e-10,0.85243572379109944,0.23472448592595793,0.85242734364728778,0.23453904047046775,both_positive,0.00055931233274623916,-7.4888025060557908,0.063935480040062179,2.4414062500000001e-05
reach,8,float32_field_bfloat16_roundtrip,5,0.0031064493045462938,0.0031064493045462934,0.0030517291520778824,0.0030517291520778603,1.1919469514719063,41.060711695178313,0.9867481419613624,13.994802560339794,both_positive,0.98238498455830958,-0.017772006154042508,0.09964185030511831,0.53628417968749997
reach,8,bfloat16,0,6.0268121541608524e-05,6.0268121541608497e-05,8.2534048168665731e-05,8.2534048168667358e-05,0.13435316685635829,6.62364421726536,0.079065015387089807,1.639696723861376,both_positive,1.3694478284292473,0.31440761365343484,0.01099661640076611,0.092080078125000006
reach,8,bfloat16,1,0.0001069857806778612,0.00010698578067786115,0.00013403290680131413,0.0001340329068013161,0.16763584074637627,8.4936312318093101,0.11250645455633666,2.3041498087080559,both_positive,1.2528104758602734,0.22538940817687525,0.01481011331746418,0.028698730468750003
reach,8,bfloat16,2,0.00020250736909948255,0.0002025073690994822,0.00027273636570503091,0.00027273636570503091,0.23631974914117362,11.952154837875661,0.16100509106859218,3.1375882869422798,both_positive,1.3467972396157499,0.29772935871532624,0.020756233528631197,0.014921875000000001
reach,8,bfloat16,3,0.00043477075077523751,0.00043477075077523686,0.00055823132672220839,0.00055823132672220221,0.35846821972974274,16.993365223075401,0.24394402953245303,4.8630953334293174,both_positive,1.2839670693735237,0.24995455803352673,0.031091228871589969,0.0089208984375000015
reach,8,bfloat16,4,0.0013869681105524664,0.0013869681105524658,0.0018516839394833874,0.0018516839394833891,0.65144381884249247,30.80140821869167,0.44614182969242616,8.5832088830400846,both_positive,1.3350587698413716,0.28897531323634507,0.056161203372818935,0.0052343750000000003
reach,8,bfloat16,5,0.0086728660860686986,0.0086728660860686708,0.01101484513327252,0.011014845133272491,1.6264628745645862,75.644311832061376,1.1396931120457279,21.741210418830864,both_positive,1.2700351906696408,0.23904460927530113,0.14108153394384274,0.0027978515625000002
reach,9,float32,0,4.0895812415370497e-10,4.0895812407081233e-10,1.8902728570668409e-12,1.8902727704526289e-12,0.052288571009801693,0.0065589355459794588,0.05228956232458605,0.0064597082490843562,both_positive,0.0046221672719635003,-5.3768915773989328,0.0039217464829827443,7.3242187500000011e-05
reach,9,float32_field_bfloat16_roundtrip,0,5.4194856182130642e-05,5.4194856182130642e-05,5.1933652259130671e-05,5.1933652259130468e-05,0.14306983897074727,5.602980877375642,0.091228478013164901,1.6816110953222314,both_positive,0.95827641067261393,-0.042619013741912681,0.011186453541848508,0.71688964843750003
reach,9,float32,1,1.3500395427541998e-09,1.3500395426461831e-09,3.8560590273428193e-12,3.8560588234851437e-12,0.082328759739656837,0.011839692685467057,0.082328141119886025,0.011748962379756435,both_positive,0.0028562563578516512,-5.8582434773805545,0.0061747274428908599,2.1972656249999999e-05
reach,9,float32_field_bfloat16_roundtrip,1,6.9427921026366107e-05,6.9427921026366093e-05,6.5206384992210189e-05,6.5206384992209023e-05,0.16132249247968922,6.1187639924467376,0.11998044433970541,2.0547056752727921,both_positive,0.93919541343384405,-0.062731713402081724,0.013390788952734586,0.65553955078125004
reach,9,float32,2,8.4224141147902033e-09,8.4224141139424358e-09,7.6812043351084129e-12,7.6812033002765105e-12,0.14596154733598113,0.029416825930970839,0.14595735390512529,0.029364683574695884,both_positive,0.0009119955668790749,-6.9998754287799656,0.010947203305496105,2.9296874999999999e-05
reach,9,float32_field_bfloat16_roundtrip,2,0.00014091122388521095,0.00014091122388521095,0.00013088386554916401,0.00013088386554916523,0.23093421443709169,8.4986565598509642,0.19080146894982916,3.0665100923154376,both_positive,0.92883917931040449,-0.073819666768047298,0.020078157178388435,0.59704345703124995
reach,9,float32,3,1.4672775411865525e-08,1.4672775403844206e-08,1.6636167100987367e-11,1.6636158537811495e-11,0.20684777886214364,0.038769487617808969,0.20684505168186557,0.038775569166850592,both_positive,0.0011338118818021363,-6.7821699765010628,0.015513853824980151,2.685546875e-05
reach,9,float32_field_bfloat16_roundtrip,3,0.00015406725838637127,0.0001540672583863713,0.00015242629609426894,0.00015242629609427068,0.27636263235994984,9.075823941178804,0.23947785989144729,3.1784677659879481,both_positive,0.98934905242496685,-0.010708074919486776,0.023283764135203628,0.58436279296874993
reach,9,float32,4,7.9244175606891713e-08,7.9244175570158064e-08,5.7368827328979203e-11,5.7368793598734833e-11,0.38438290101390749,0.090047722037241845,0.38437036201703456,0.090112357489002343,both_positive,0.00072395008074246339,-7.2307881172064086,0.028829314614181013,1.953125e-05
reach,9,float32_field_bfloat16_roundtrip,4,0.00047883222523035021,0.00047883222523035016,0.00047765702683144064,0.00047765702683144113,0.50627061822512653,16.109742345808705,0.43998885701057994,5.5498541556749981,both_positive,0.99754569902152213,-0.0024573177121167689,0.042162104598851322,0.5542041015625
reach,9,float32,5,5.1911063377823107e-07,5.1911063349077149e-07,3.1381588972929015e-10,3.1381561180672887e-10,0.91929381244533626,0.23025606800792256,0.91926133223852491,0.23068223090228807,both_positive,0.00060452602838291167,-7.4110658311309869,0.068948702568680173,1.7089843749999998e-05
reach,9,float32_field_bfloat16_roundtrip,5,0.0033371734202321114,0.0033371734202321118,0.0033187122306472827,0.0033187122306472605,1.2631004233705081,42.821213084340847,1.0499711241992846,14.411502554996895,both_positive,0.99446801611420466,-0.0055473419753093722,0.1050373707116351,0.52973388671874999
reach,9,bfloat16,0,7.0869801103644618e-05,7.0869801103644591e-05,8.6226856133667023e-05,8.6226856133669381e-05,0.13451795423948715,6.9393887997926376,0.080703113395005896,1.8002469147921998,both_positive,1.2166939202716718,0.19613727889870169,0.011490895838670179,0.093759765625000005
reach,9,bfloat16,1,0.00012828944646080538,0.00012828944646080536,0.00014302854722524606,0.0001430285472252479,0.16703236677542263,8.9801614866771473,0.11264720834178173,2.5609137950155723,both_positive,1.1148894252103871,0.10875522977949181,0.015511256798183062,0.02811767578125
reach,9,bfloat16,2,0.00019561153041941352,0.00019561153041941308,0.0002622602727353708,0.00026226027273537232,0.24074902711316731,11.700816136962398,0.16436340076911607,3.1134773104812985,both_positive,1.3407199063013042,0.29320671320762948,0.020786248304448546,0.01501220703125
reach,9,bfloat16,3,0.00043085403717534417,0.00043085403717534298,0.00056789097322507978,0.00056789097322507728,0.37703138160828986,17.094156392925498,0.26308053555339156,4.7942591851297385,both_positive,1.3180588418020691,0.27616007985013269,0.031996150788199895,0.0091015625000000003
reach,9,bfloat16,4,0.0014621451591693491,0.0014621451591693485,0.0019752316866563095,0.001975231686656316,0.67255939527056652,31.830150946945917,0.48218972768143348,8.7224786893744284,both_positive,1.3509135356837259,0.30078105669585575,0.058550078823470214,0.0052612304687500002
reach,9,bfloat16,5,0.0089233867794349837,0.0089233867794349525,0.012178206194886042,0.012178206194885983,1.6114628499463133,79.155517051467086,1.2537069059048542,21.274994333211868,both_positive,1.3647515787337807,0.31097241847245272,0.14590122253341606,0.0025634765625
reach,10,float32,0,3.7424472385532338e-10,3.7424472379064499e-10,1.6294598453719466e-12,1.6294597727459757e-12,0.048665449729665307,0.0062793465294954283,0.048665759769163,0.0061776287969554731,both_positive,0.0043539955048287277,-5.4366613485936632,0.0036499784400242574,6.103515625e-05
reach,10,float32_field_bfloat16_roundtrip,0,2.8268591553559437e-05,2.8268591553559441e-05,2.5327472508412056e-05,2.5327472508411971e-05,0.097141586424805235,3.7242708379083691,0.078331531459298012,1.4051367979444536,both_positive,0.89595806216326856,-0.10986167272397473,0.0086189811706899721,0.72385986328125007
reach,10,float32,1,1.5175239673169037e-09,1.5175239671939321e-09,3.415147320686662e-12,3.4151471538339995e-12,0.078332916551876949,0.012526595006576631,0.078332066095838246,0.012460339594447145,both_positive,0.0022504733989308248,-6.0966146853718719,0.0058750486779888048,3.9062500000000001e-05
reach,10,float32_field_bfloat16_roundtrip,1,5.9994788609440027e-05,5.9994788609440034e-05,5.669538542436299e-05,5.6695385424362868e-05,0.1508022595716132,5.703521091614741,0.11224702465071479,1.9049573438633463,both_positive,0.94500517025643982,-0.056564880332524936,0.012532544384912556,0.65958007812500008
reach,10,float32,2,9.8025651324916583e-09,9.8025651315571162e-09,7.1876212140971649e-12,7.1876202183361314e-12,0.13129118271328913,0.031680454945263427,0.13128744819258598,0.031691213913348462,both_positive,0.00073323881218325391,-7.2180391080707089,0.0098470610982312311,2.685546875e-05
reach,10,float32_field_bfloat16_roundtrip,2,0.00013172137827370975,0.00013172137827370975,0.00012277283625991418,0.00012277283625991464,0.22408904697745707,8.2854463321733114,0.17702139194033223,2.9219557489663757,both_positive,0.93206461903852078,-0.07035313296769985,0.019104849009345743,0.60429687499999996
reach,10,float32,3,1.3412128838505695e-08,1.3412128830861079e-08,1.6207917228616831e-11,1.6207910081872537e-11,0.19304877947890448,0.037146599783463283,0.19304539843065469,0.037053366817348894,both_positive,0.0012084522467518011,-6.7184148730807252,0.01447890439652234,2.9296875000000002e-05
reach,10,float32_field_bfloat16_roundtrip,3,0.00016912209238826537,0.0001691220923882654,0.00016748249315863661,0.00016748249315863675,0.28296268895020626,9.6962060379953812,0.23148147559235463,3.1940983783072943,both_positive,0.99030523329935738,-0.0097420669092578294,0.023364711820252307,0.60161132812500007
reach,10,float32,4,7.734641550393625e-08,7.7346415473325829e-08,5.3580494655866627e-11,5.3580467139202428e-11,0.37271764373276683,0.089054771260455759,0.37270671493910101,0.08900287022931333,both_positive,0.00069273403695275127,-7.2748644174996713,0.027954475306564357,3.4179687500000003e-05
reach,10,float32_field_bfloat16_roundtrip,4,0.00046416098624579654,0.00046416098624579654,0.0004761979989623385,0.00047619799896234008,0.50197901180927995,16.281884691555703,0.4218831738465128,5.2367852626846769,both_positive,1.0259328402714307,0.025602286781004402,0.040965433714257822,0.55602050781250001
reach,10,float32,5,1.0949389483662362e-06,1.0949389480710819e-06,2.9031195247450259e-10,2.9031165795987188e-10,0.93247220948525078,0.33461408383552071,0.93249068148909076,0.33493498111750686,both_positive,0.00026513985360341642,-8.2352531217419589,0.069941962190925216,1.953125e-05
reach,10,float32_field_bfloat16_roundtrip,5,0.003238694768334981,0.0032386947683349801,0.0032006234664541107,0.0032006234664541185,1.2647225153418444,42.319999158459055,1.0692421305503623,14.044651570565224,both_positive,0.98824486263630118,-0.01182477526428638,0.1051572959843429,0.53184570312500001
reach,10,bfloat16,0,6.7972201417520228e-05,6.7972201417520174e-05,8.3208494980239922e-05,8.3208494980242144e-05,0.13403790826726875,6.7986057104649937,0.076652722797804843,1.770930128048033,both_positive,1.224154775702063,0.2022506268328943,0.011222737276283961,0.091140136718750001
reach,10,bfloat16,1,0.00011254013912250685,0.00011254013912250679,0.00013054524430135335,0.00013054524430135351,0.166967832209479,8.4886325165897283,0.11070776981733836,2.4062782251751806,both_positive,1.1599882967911284,0.14840991609421472,0.014911764688366549,0.028195800781249999
reach,10,bfloat16,2,0.00021049568026976101,0.0002104956802697606,0.00026757244330149381,0.00026757244330149473,0.22870243623990091,11.965551474853644,0.15580179183961551,3.2272368162088783,both_positive,1.2711540823953538,0.23992521412428047,0.020621966001238064,0.014873046875
reach,10,bfloat16,3,0.00043681580939632732,0.00043681580939632602,0.00056284242024336672,0.00056284242024336238,0.35740035416986055,17.001631871390856,0.26776635236012208,4.9166254980096671,both_positive,1.2885120184207761,0.25348807851790855,0.031986738829847469,0.0091625976562500003
reach,10,bfloat16,4,0.0014300095932303931,0.0014300095932303918,0.0019213348811346531,0.0019213348811346535,0.64584583230363724,31.2062208180946,0.51567784970906261,8.8272467360024311,both_positive,1.343581812478863,0.2953390422538904,0.059228498159845128,0.0052392578125000002
reach,10,bfloat16,5,0.0085695313471573151,0.0085695313471572925,0.011098711805279859,0.011098711805279833,1.6568701498079101,75.28894688273877,1.3684118562644767,21.883804096598951,both_positive,1.2951363797696502,0.25861600216995928,0.14994511953123829,0.0027294921874999999
reach,11,float32,0,3.9796582452404098e-10,3.9796582444967915e-10,1.7776339056306748e-12,1.7776338203423004e-12,0.050334925482416561,0.0064682510655951226,0.050335261303540789,0.0063724443676175828,both_positive,0.0044668004036695578,-5.4110829200215562,0.0037751918841796885,4.8828124999999996e-05
reach,11,float32_field_bfloat16_roundtrip,0,2.5941845929953606e-05,2.594184592995361e-05,2.2639447521815441e-05,2.2639447521815634e-05,0.091561583586258696,3.4757041513150115,0.078053930702826096,1.3894123447478377,both_positive,0.87269994521380334,-0.13616348759068586,0.0083497341403593831,0.71877929687499997
reach,11,float32,1,1.3701208951364194e-09,1.3701208949651953e-09,3.5633221875484949e-12,3.5633220267227452e-12,0.079762365256943663,0.011957496482839357,0.079761344607604423,0.011827366707796161,both_positive,0.0026007355994623407,-5.9519609510997,0.0059822359170792249,1.7089843750000002e-05
reach,11,float32_field_bfloat16_roundtrip,1,5.7805768581536759e-05,5.7805768581536752e-05,5.2896929020601255e-05,5.2896929020601533e-05,0.14474239497405186,5.4197034069628032,0.11488080766265847,1.9658130666619751,both_positive,0.91508045509313762,-0.088743288508611684,0.012515953412261693,0.6569775390625
reach,11,float32,2,7.8583634289627084e-09,7.8583634281368364e-09,7.2409498910800216e-12,7.2409490942108222e-12,0.14023683699816997,0.028365641968585067,0.14023249665091755,0.02837674146597707,both_positive,0.00092143230031749952,-6.9895812503817538,0.010517848561286607,2.9296875000000002e-05
reach,11,float32_field_bfloat16_roundtrip,2,0.00012298972422341978,0.00012298972422341978,0.00011818830416243733,0.00011818830416243902,0.22164251353182821,8.1593386229769838,0.17518464059155078,2.7583583721468017,both_positive,0.96096080309717313,-0.039821658463690568,0.018662608667264997,0.59991455078125
reach,11,float32,3,1.4601912021113579e-08,1.460191201278256e-08,1.5753455921287766e-11,1.5753447695457092e-11,0.20950843438634006,0.038742752414392068,0.2095016564513017,0.038664308753269698,both_positive,0.0010788625420088216,-6.8318479946964779,0.015713202006426751,1.7089843750000002e-05
reach,11,float32_field_bfloat16_roundtrip,3,0.0001664040487696196,0.00016640404876961962,0.0001655513413359894,0.00016555134133599097,0.28774157111898618,9.5605561916638937,0.24296867388998863,3.2199931902431014,both_positive,0.99487568097089552,-0.005137493377509017,0.023873139610331145,0.58962158203125004
reach,11,float32,4,8.9594433044422084e-08,8.9594433001785953e-08,5.7107500920591148e-11,5.7107461265646803e-11,0.40543389612661229,0.095826437552654589,0.40541579024552982,0.095794168070107974,both_positive,0.00063740010377962334,-7.3581129931639424,0.030407928637991417,1.2207031250000001e-05
reach,11,float32_field_bfloat16_roundtrip,4,0.00048399691952168611,0.000483996919521686,0.00050178465293421572,0.00050178465293421399,0.52927936765636174,16.649297943069651,0.452545793012885,5.3647292765584522,both_positive,1.0367517492262317,0.036092507363795434,0.043124999867101943,0.53887451171875
reach,11,float32,5,7.5880304019257893e-07,7.5880303989327158e-07,3.04013835923027e-10,3.040135361336016e-10,0.94977899026812507,0.27879955015857621,0.94977436959819017,0.27877657873049572,both_positive,0.00040064920647375161,-7.8224243103393061,0.071237593004367175,2.9296875000000002e-05
reach,11,float32_field_bfloat16_roundtrip,5,0.00350446381659079,0.00350446381659079,0.003513229193573322,0.0035132291935733094,1.3170532551473326,44.178218417859746,1.0903401280370886,14.614893937927457,both_positive,1.0025012034483092,0.0024980806450578541,0.10850091943496322,0.51466308593749999
reach,11,bfloat16,0,6.7344252777319487e-05,6.7344252777319473e-05,8.4917278381638176e-05,8.4917278381639938e-05,0.13575887982686893,6.8324960906877061,0.081001704241235262,1.7502450376045273,both_positive,1.2609432116267687,0.23186002157280328,0.011362273692543489,0.090947265624999996
reach,11,bfloat16,1,0.00011538336568160153,0.00011538336568160148,0.00014136420211993724,0.00014136420211993892,0.1664286778091677,8.7709798923047373,0.11234279754441988,2.3905587823931653,both_positive,1.2251696878909686,0.20307935513090314,0.015065319459566198,0.027680664062499999
reach,11,bfloat16,2,0.0002084631915425058,0.00020846319154250534,0.00027831377787279599,0.00027831377787279816,0.23122253451388738,12.106283395323619,0.15945263099483112,3.1751151337093528,both_positive,1.3350739562866552,0.28898668828533403,0.020764416233288684,0.01490966796875
reach,11,bfloat16,3,0.00043618908676113606,0.00043618908676113486,0.00056144710416961973,0.0005614471041696168,0.36252140649670134,17.096413374236175,0.25231161258565993,4.8150344796218878,both_positive,1.2871644917541849,0.25244173066777087,0.031373250729591615,0.009038085937499999
reach,11,bfloat16,4,0.0017277980057962738,0.0017277980057962728,0.0022359643931738832,0.0022359643931738854,0.68932681902205828,34.422599129087153,0.48622275795033026,9.2692366649031612,both_positive,1.294112150652365,0.25782486206990818,0.061088334152175523,0.0046826171874999999
reach,11,bfloat16,5,0.0096821164870477521,0.0096821164870477226,0.012638277188465347,0.012638277188465259,1.7209121551306716,81.510682061785545,1.1899131786125634,22.096810751039207,both_positive,1.3053217450308718,0.26644955830309058,0.14757409540588876,0.0023706054687500002
reach,12,float32,0,4.0822224053215689e-10,4.0822224045565752e-10,1.8398757917082503e-12,1.839875713342254e-12,0.050999474454662394,0.006535897840402414,0.05099999478400738,0.0064579739624800892,both_positive,0.0045070444699676221,-5.4021136684557369,0.0038250421409281483,7.5683593749999999e-05
reach,12,float32_field_bfloat16_roundtrip,0,3.835191582188137e-05,3.835191582188137e-05,3.4126022265975296e-05,3.4126022265975012e-05,0.11245830904984666,4.3538042815358731,0.088245284193235893,1.6208688712758317,both_positive,0.88981271299372677,-0.11674427323897874,0.0098671422076893819,0.71970703125000002
reach,12,float32,1,1.4410439327987395e-09,1.4410439326667242e-09,3.8224787300359084e-12,3.8224785670801007e-12,0.080636027662830567,0.012212278264539751,0.080635431443982455,0.01214264825992138,both_positive,0.0026525761241796694,-5.9322239888569683,0.0060477834842945812,6.8359374999999993e-05
reach,12,float32_field_bfloat16_roundtrip,1,4.9111579886166061e-05,4.9111579886166061e-05,4.5757375721316217e-05,4.5757375721315845e-05,0.13652743799203748,5.0676854640971385,0.10809082344442232,1.777766656962785,both_positive,0.93170237706413783,-0.070741853209769445,0.011641178267541588,0.65713378906249997
reach,12,float32,2,9.186812239118805e-09,9.1868122383375693e-09,7.7545025358686326e-12,7.7545016442153497e-12,0.1387087647861035,0.030745634045000057,0.13870351982990087,0.030661813181586495,both_positive,0.00084409067411313947,-7.077250635355572,0.010403237694361101,2.9296875000000002e-05
reach,12,float32_field_bfloat16_roundtrip,2,0.00015110274857718081,0.00015110274857718081,0.00014555118638501588,0.00014555118638501666,0.24192054794700729,9.0309058248408576,0.18732126834203078,3.0710783502402226,both_positive,0.96325968756730262,-0.03743223835820686,0.020310334298566192,0.60028076171875
reach,12,float32,3,1.4104636472981101e-08,1.4104636465653699e-08,1.6394072305156185e-11,1.6394064821137594e-11,0.20082836539539364,0.038183355425737135,0.2008222513645696,0.037974750609523544,both_positive,0.0011623179609457314,-6.7573390254995402,0.015062216083193245,2.4414062499999998e-05
reach,12,float32_field_bfloat16_roundtrip,3,0.00017617279819942617,0.00017617279819942614,0.00017604003906573435,0.00017604003906573315,0.28972859562916481,9.9255986871406243,0.23733758029550747,3.2550919584118363,both_positive,0.99924642660473872,-0.00075385747441636397,0.023910245769548859,0.58442871093749993
reach,12,float32,4,6.8993051791494057e-08,6.8993051763453653e-08,5.599481896723152e-11,5.5994792533899855e-11,0.36875555648542163,0.084591914224047021,0.36874313697244387,0.083941612256702575,both_positive,0.00081160084259578947,-7.1165019118221835,0.027657103073235066,2.1972656249999999e-05
reach,12,float32_field_bfloat16_roundtrip,4,0.00043335771248122061,0.00043335771248122061,0.00044161355022175638,0.0004416135502217559,0.48310497538983926,15.469657831147265,0.41856621267420835,5.2381661352393811,both_positive,1.0190508614540776,0.018871666100051421,0.040121627850393193,0.56102050781250001
reach,12,float32,5,4.7469629118640297e-07,4.7469629091137164e-07,3.1566375899696671e-10,3.1566347640533271e-10,0.88076706643293157,0.22138362096316727,0.88073229029288858,0.22029792589767286,both_positive,0.00066498046194553555,-7.3157528982730664,0.066058697867339186,2.4414062500000001e-05
reach,12,float32_field_bfloat16_roundtrip,5,0.0035938340874186281,0.0035938340874186285,0.0035162660939330472,0.003516266093933009,1.2711022461747683,44.648882535078172,1.0247978286202148,14.656099209713297,both_positive,0.97841636770124352,-0.021819965700407451,0.10527512544841076,0.53238525390625002
reach,12,bfloat16,0,7.180251138047654e-05,7.1802511380476513e-05,9.1005901785314174e-05,9.1005901785316004e-05,0.13469787709204967,7.0624002427963974,0.076253230837012104,1.8093568160761164,both_positive,1.2674473362509593,0.23700490631109794,0.011430534629648045,0.093181152343750004
reach,12,bfloat16,1,0.00012509355199880745,0.0001250935519988074,0.00014485726264071058,0.00014485726264071205,0.16753940248908655,8.972820400777028,0.1108883251769779,2.5127317962386124,both_positive,1.1579914418138157,0.14668698863456164,0.015361081071911279,0.027937011718750002
reach,12,bfloat16,2,0.00022044683829819438,0.00022044683829819389,0.00027089806706415788,0.00027089806706415815,0.23940586069564099,12.100719586403981,0.1601840741093396,3.3339169911071709,both_positive,1.2288589355848192,0.20608604416284315,0.021193685268925556,0.01428466796875
reach,12,bfloat16,3,0.00044307791659738236,0.00044307791659738138,0.00056498724283555969,0.00056498724283555611,0.38273595585082365,17.188161230118304,0.2552997421524037,4.8512712963191049,both_positive,1.2751419596227684,0.24305751329305636,0.031928513541937029,0.0084741210937500002
reach,12,bfloat16,4,0.0013459528003241894,0.0013459528003241887,0.0018862494991461853,0.0018862494991461884,0.69292303212754081,30.831543632358361,0.4675646705987348,8.3932056862391722,both_positive,1.4014232138689104,0.33748830158726761,0.057303327261229511,0.0052343749999999994
reach,12,bfloat16,5,0.0082190348117167893,0.0082190348117167633,0.012256964344483499,0.012256964344483397,1.673748118113368,77.95303138454436,1.1888639758058197,20.380606300908141,both_positive,1.4912899902808987,0.39964151068796383,0.1422341219662151,0.0026098632812499999
reach,13,float32,0,4.017561213026935e-10,4.0175612122682026e-10,1.8360859362544071e-12,1.8360858583903072e-12,0.049122303785631496,0.0064870133117722346,0.049122690250988442,0.0064059851925664492,both_positive,0.0045701504940382784,-5.3882091437564661,0.0036842498795539871,4.6386718750000001e-05
reach,13,float32_field_bfloat16_roundtrip,0,3.5771208596395616e-05,3.5771208596395616e-05,3.3416516278689755e-05,3.3416516278690446e-05,0.11393640269768916,4.4142669632954998,0.08044764925603036,1.4537075588280575,both_positive,0.93417353200799802,-0.068093063569833134,0.009337808978765039,0.72285644531250004
reach,13,float32,1,1.5246125589034104e-09,1.5246125587514552e-09,3.6619196284707044e-12,3.6619194756265965e-12,0.078127559611777975,0.012520369282585151,0.078126924398976158,0.012498966117635535,both_positive,0.0024018689909681506,-6.031508098457028,0.0058596598162122555,3.1738281250000001e-05
reach,13,float32_field_bfloat16_roundtrip,1,5.7196640074997893e-05,5.71966400749979e-05,5.4855829778125662e-05,5.4855829778125574e-05,0.15024191573170315,5.669710723398051,0.10782978037340415,1.7984395324477984,both_positive,0.95907433909049744,-0.041786689803220867,0.012168644589815127,0.6595458984375
reach,13,float32,2,8.8550195156797943e-09,8.8550195148253796e-09,7.4557206698574295e-12,7.4557198183832461e-12,0.13544485377434848,0.030216361404182279,0.13543910173385038,0.030095218652938842,both_positive,0.0008419767631968972,-7.0797581412560859,0.01015842144923371,1.953125e-05
reach,13,float32_field_bfloat16_roundtrip,2,0.00014319531158972783,0.00014319531158972786,0.00013364836933049565,0.0001336483693304953,0.23171971115210216,8.5968814297682865,0.18878026823140504,3.0781633965576143,both_positive,0.93332922598342227,-0.068997272228681794,0.020049089052716774,0.60230957031249999
reach,13,float32,3,1.3246255446654684e-08,1.3246255438778218e-08,1.6194905443438016e-11,1.6194898408970291e-11,0.19618668759003088,0.036954968220059087,0.19618198446802959,0.036813982551841894,both_positive,0.001222602531610396,-6.7067734696942267,0.014714160823758211,1.2207031250000001e-05
reach,13,float32_field_bfloat16_roundtrip,3,0.00018695424156686615,0.00018695424156686615,0.00018943952355011341,0.00018943952355011267,0.29902509874884281,10.386023875439969,0.23491475541822668,3.2561350756479222,both_positive,1.0132935308790969,0.013205947240857441,0.02415541350473948,0.59316162109375004
reach,13,float32,4,7.4167744697200803e-08,7.4167744665667898e-08,5.4218079447988913e-11,5.4218051182200166e-11,0.37768620357689908,0.087363817620932052,0.3776730042206542,0.087116392634429704,both_positive,0.00073101965914348726,-7.2210702050829774,0.028326934258030984,1.2207031250000001e-05
reach,13,float32_field_bfloat16_roundtrip,4,0.00052213731566195989,0.00052213731566196,0.00052486479857487668,0.00052486479857487777,0.51969780192090576,17.018849835765792,0.43925469986411236,5.6756963862627225,both_positive,1.0052236889245483,0.0052100927889933146,0.042910006947140769,0.54702636718749997
reach,13,float32,5,7.3532814121775246e-07,7.3532814091182121e-07,2.8443814598711093e-10,2.8443783555339569e-10,0.93205774257158092,0.27510697107227677,0.93205688081992588,0.27426541932814458,both_positive,0.00038681797967919787,-7.8575563123237711,0.06990825117818926,1.2207031250000001e-05
reach,13,float32_field_bfloat16_roundtrip,5,0.0038226332337789799,0.0038226332337789799,0.0038163377921165286,0.0038163377921165051,1.3424768233176601,46.363247508774435,1.0816326569412986,15.056084984687351,both_positive,0.99835311386747194,-0.001648243740249633,0.11022258286987693,0.50457031250000006
reach,13,bfloat16,0,6.2290675079753778e-05,6.2290675079753737e-05,7.2853174078839439e-05,7.2853174078840944e-05,0.13875276022681485,6.415858639842666,0.079967538604818006,1.7110886658131093,both_positive,1.1695679005816197,0.15663436485360549,0.011110727505361287,0.092324218749999992
reach,13,bfloat16,1,0.00011252441832818775,0.00011252441832818768,0.00012874889494581262,0.00012874889494581359,0.16760284823718369,8.4711289224018245,0.11232971637112719,2.3943766782021654,both_positive,1.1441862740432454,0.13469370666361336,0.014946557242964592,0.028518066406250001
reach,13,bfloat16,2,0.00020981719197603462,0.00020981719197603416,0.00027405493727849383,0.00027405493727849486,0.23139043877230792,12.078749114695253,0.15862776230411693,3.1803319029696078,both_positive,1.3061605424106355,0.2670919501068898,0.020733235584807302,0.014833984375000001
reach,13,bfloat16,3,0.00043339811579653549,0.00043339811579653413,0.00056605825737142,0.00056605825737141664,0.36165476381257583,17.141424170215693,0.26189015769580859,4.7722162259148542,both_positive,1.3060930279566871,0.26704025952468147,0.031663929128175804,0.0089990234374999999
reach,13,bfloat16,4,0.001363773219481621,0.0013637732194816195,0.0018643091014245237,0.0018643091014245306,0.67399572755832893,30.724871983045599,0.51144604605848876,8.5316345328769696,both_positive,1.3670228119988743,0.31263524523891384,0.058828146139957065,0.0050781250000000002
reach,13,bfloat16,5,0.0089068358006236855,0.008906835800623656,0.012133435015303911,0.012133435015303848,1.6613898482141005,78.926362377024148,1.2509900737636854,21.362107434997565,both_positive,1.3622609967115693,0.30914581691064313,0.14632410922679584,0.00266357421875
reach,14,float32,0,4.2174931035829602e-10,4.2174931028388316e-10,1.8945321386229728e-12,1.8945320296057618e-12,0.051649367313362116,0.0066804369571099656,0.051649246076035132,0.0065546364167175693,both_positive,0.0044920811773550458,-5.4054391707298173,0.0038737531407483589,5.6152343750000002e-05
reach,14,float32_field_bfloat16_roundtrip,0,4.3740648319136973e-05,4.374064831913698e-05,4.0336838030283007e-05,4.0336838030282912e-05,0.12440634536707379,4.8366946318262229,0.088953697510717106,1.6293101554479277,both_positive,0.92218198815848906,-0.081012690783389019,0.010312260976996199,0.71802001953124994
reach,14,float32,1,1.4530049263715661e-09,1.4530049262492629e-09,3.8537464685619816e-12,3.8537462394506111e-12,0.081680798567064658,0.012321639129676635,0.081678995901070292,0.012178111619244994,both_positive,0.0026522597402236828,-5.9323432701936376,0.0061260806844737076,2.9296874999999999e-05
reach,14,float32_field_bfloat16_roundtrip,1,6.6036892780635379e-05,6.6036892780635379e-05,6.2612133646711282e-05,6.2612133646711051e-05,0.15997669403808129,6.0347517842590559,0.11616032265860708,1.9637307921606912,both_positive,0.9481386996008333,-0.053254479833212187,0.013084165941483754,0.65500732421874996
reach,14,float32,2,1.0306346412518825e-08,1.0306346411557716e-08,7.6069641185817147e-12,7.6069633131983404e-12,0.14630900875313235,0.032590125876230579,0.14630027338754326,0.032468923081337378,both_positive,0.00073808542951183482,-7.2114509819171388,0.010973113016572228,2.9296874999999999e-05
reach,14,float32_field_bfloat16_roundtrip,2,0.00014942794072320226,0.00014942794072320224,0.00014125764523697051,0.00014125764523697154,0.24209108883469752,8.9207316939528507,0.18965706764108389,3.0663436501406873,both_positive,0.9453228395794715,-0.056228780645730225,0.020416085034528637,0.59168212890624994
reach,14,float32,3,2.0730079492237543e-08,2.0730079482815579e-08,1.6425310035264376e-11,1.6425301304625814e-11,0.23027602187171575,0.046026015402521103,0.23026548055593093,0.046098094037288401,both_positive,0.00079234187410689354,-7.1405176000620152,0.017270708533930659,2.9296875000000002e-05
reach,14,float32_field_bfloat16_roundtrip,3,0.00018581033197904092,0.00018581033197904092,0.00018234296194734567,0.00018234296194734716,0.30755827542548603,9.9578679437747741,0.26964889057872704,3.4817570646315805,both_positive,0.98133919683171134,-0.018837112787014831,0.025920372126234652,0.56299072265625005
reach,14,float32,4,1.308557276253126e-07,1.3085572757756371e-07,6.1395566063465693e-11,6.139552534625598e-11,0.44313827977604192,0.1159299917865215,0.44310982010722449,0.11573250566669162,both_positive,0.00046918516428461933,-7.6645130608565886,0.033235722732382157,1.953125e-05
reach,14,float32_field_bfloat16_roundtrip,4,0.0004884299741497875,0.00048842997414978761,0.0005040647183399596,0.00050406471833995981,0.55648876678072945,16.583286942679276,0.48778892554180053,5.4827315232318856,both_positive,1.0320102062069134,0.03150855674584907,0.045319027961587467,0.51919433593749997
reach,14,float32,5,9.6858258642087168e-07,9.685825861160762e-07,3.2893395963800925e-10,3.2893364854819168e-10,1.0632876584663393,0.31501216081517541,1.0632407935448143,0.31495093100609217,both_positive,0.00033960342076094253,-7.9877320306657325,0.079749627493438974,7.3242187499999997e-06
reach,14,float32_field_bfloat16_roundtrip,5,0.0038252346447989723,0.0038252346447989723,0.0038676387403192005,0.0038676387403191958,1.4134821404087128,46.370317753554637,1.1957471220380949,15.183821379871542,both_positive,1.0110853580127126,0.01102436576489918,0.11651040407419731,0.47400878906249999
reach,14,bfloat16,0,6.6365568704695104e-05,6.6365568704695077e-05,8.621260782162545e-05,8.6212607821627469e-05,0.13682185005557121,6.8409343754410523,0.079725131616706302,1.7327737229902191,both_positive,1.2990562652336051,0.2616380510180214,0.011345805400773507,0.091384277343750001
reach,14,bfloat16,1,0.00011717094084929133,0.00011717094084929126,0.00014040739415634322,0.0001404073941563448,0.16901197692249956,8.7858916913140046,0.11472826294975227,2.4102364209950453,both_positive,1.1983124240415488,0.18091425370862169,0.015241435749683192,0.028161621093750002
reach,14,bfloat16,2,0.00020707380886602505,0.00020707380886602456,0.00026344067963155729,0.00026344067963155729,0.24081183181124,11.833398299535887,0.15986155912847014,3.2350962334154287,both_positive,1.2722066642527501,0.24075292361761846,0.020892662799876463,0.014807128906250001
reach,14,bfloat16,3,0.00045868788037066146,0.00045868788037065999,0.00058836936244412142,0.00058836936244411654,0.40610445832380321,17.363701695843485,0.26955124896375782,5.0695274570576849,both_positive,1.2827227132503818,0.24898493854226,0.03332320046780355,0.008671874999999999
reach,14,bfloat16,4,0.0015038355084597622,0.0015038355084597613,0.0019859053176789392,0.0019859053176789405,0.77449690321765408,31.999501270806824,0.5153957987636687,8.9153860017747704,both_positive,1.3205601985771143,0.27805603943055068,0.061795236781675686,0.0048510742187500002
reach,14,bfloat16,5,0.0089814332101073573,0.0089814332101073278,0.011831279941218612,0.011831279941218513,1.9237263441869688,77.494637901932208,1.3072455158192957,22.363382587917684,both_positive,1.3173042280049634,0.27558739684764522,0.15422163088346919,0.0021728515625000001
reach,15,float32,0,3.6275100077393352e-10,3.6275100070564268e-10,1.7123320920097477e-12,1.7123320137617895e-12,0.049789207137326284,0.0061936715349168942,0.049789290655593288,0.0060798868607127394,both_positive,0.0047204062521025913,-5.3558604127277967,0.0037342459708784746,4.1503906250000003e-05
reach,15,float32_field_bfloat16_roundtrip,0,3.9613328820678505e-05,3.9613328820678512e-05,3.7576870403481042e-05,3.7576870403481062e-05,0.12085449882656335,4.6967943020615843,0.082989503588140626,1.5036859975167498,both_positive,0.94859158576609159,-0.052776935738135577,0.009802052585320296,0.72261474609375009
reach,15,float32,1,1.4252131195457144e-09,1.4252131194015556e-09,3.5947882163016527e-12,3.5947880279050756e-12,0.080923206020977662,0.012158301056041572,0.080922297221417125,0.012071869486997283,both_positive,0.0025222811711468731,-5.9825915602837689,0.0060693047829894339,3.6621093749999999e-05
reach,15,float32_field_bfloat16_roundtrip,1,6.5877626803703755e-05,6.5877626803703755e-05,6.2296622168005512e-05,6.229662216800459e-05,0.15739309526000214,5.9590215118922929,0.11791418545095345,2.0100270351842608,both_positive,0.94564156589355286,-0.055891676133159152,0.013160448848729847,0.66033935546875
reach,15,float32,2,8.5346943667406593e-09,8.5346943657931553e-09,7.2683917336366696e-12,7.2683905809746256e-12,0.13842581593786923,0.029622511452091386,0.13841956974846772,0.029556571299210382,both_positive,0.00085162882480728107,-7.0683597776933489,0.010381947509528706,2.9296875000000002e-05
reach,15,float32_field_bfloat16_roundtrip,2,0.00015360897971647378,0.00015360897971647381,0.00014703166062122769,0.00014703166062122688,0.24601306249814739,9.2058006878601724,0.18304954516430369,3.0102387600131091,both_positive,0.95718141538739288,-0.043762338736705431,0.02027061485283959,0.59992187499999994
reach,15,float32,3,1.2585731837086375e-08,1.2585731829692179e-08,1.6177448377416105e-11,1.6177441290320341e-11,0.1903032867694005,0.035853945393189368,0.19029929385226108,0.035927177753975803,both_positive,0.0012853800308811618,-6.6567008604821609,0.014272889175961888,3.4179687500000003e-05
reach,15,float32_field_bfloat16_roundtrip,3,0.00015545130302763066,0.00015545130302763068,0.00015438243622337134,0.00015438243622337188,0.26884030989006613,9.1798903233770162,0.22820240709102457,3.1536812788092186,both_positive,0.99312410521210404,-0.0068996426737104599,0.022702780459449238,0.59886474609374996
reach,15,float32,4,7.2781929173439515e-08,7.2781929155246267e-08,5.5966298049825674e-11,5.5966282028312713e-11,0.36307075680922579,0.086338676850191948,0.36306118489723183,0.086351170968316196,both_positive,0.00076895870562125178,-7.1704732887024747,0.027230832321096566,1.4648437499999999e-05
reach,15,float32_field_bfloat16_roundtrip,4,0.00050887364396832893,0.00050887364396832893,0.00051056816743536991,0.00051056816743536514,0.506819945970435,16.814185238956604,0.42545377497801029,5.5872648201786399,both_positive,1.0033299493639063,0.003324417359984011,0.041830296231397182,0.56649169921874998
reach,15,float32,5,9.5333330118461553e-07,9.5333330087584724e-07,3.0122310305741767e-10,3.0122279627217696e-10,0.92337727098188371,0.31277193887527388,0.92331863186083629,0.31239682965436949,both_positive,0.0003159683005755875,-8.0598686640434281,0.06925451569798946,1.953125e-05
reach,15,float32_field_bfloat16_roundtrip,5,0.0031579389695641654,0.0031579389695641654,0.0031057680908613467,0.0031057680908613233,1.2435312165385521,41.603154319452159,1.050051229132861,13.968746483281546,both_positive,0.98347945314788054,-0.016658532934163084,0.10357476297332724,0.55552734375000001
reach,15,bfloat16,0,5.6399285606306834e-05,5.639928560630682e-05,7.4662419112140024e-05,7.4662419112140824e-05,0.13202830511929545,6.309335008110839,0.076378859612967434,1.625692367127977,both_positive,1.3238185255274035,0.2805203828088807,0.010696993486286822,0.091772460937499994
reach,15,bfloat16,1,0.00010675388741895647,0.00010675388741895642,0.00013031088218703376,0.00013031088218703568,0.16886470014327087,8.3923067842577534,0.10872150383427516,2.3322044972125231,both_positive,1.2206663882470872,0.19939692949605181,0.014698793488181875,0.027719726562499998
reach,15,bfloat16,2,0.0001999875388802682,0.00019998753888026777,0.0002722626599829942,0.00027226265998299529,0.24623404515091288,11.889729979169791,0.1587183001202799,3.1400472529976038,both_positive,1.3613981226400154,0.30851220303856053,0.020791311016908193,0.01479736328125
reach,15,bfloat16,3,0.00043012810919932048,0.00043012810919931972,0.00055187655818262564,0.00055187655818262227,0.3639671515071588,16.899697170231285,0.24343850200435085,4.8364831288117962,both_positive,1.2830515987665601,0.24924130210193773,0.031059730558501683,0.0090649414062500006
reach,15,bfloat16,4,0.0013498181399748915,0.0013498181399748909,0.0018961584534063619,0.001896158453406363,0.64363040218119139,30.878015704874933,0.45009376504208237,8.4224205009260036,both_positive,1.4047510529393485,0.33986010056628668,0.05592308216652378,0.0054418945312499998
reach,15,bfloat16,5,0.0080572265810256519,0.0080572265810256258,0.010997075323058231,0.010997075323058146,1.5960218095129417,74.355765829836997,1.1637270560478328,20.998081998032184,both_positive,1.3648710523985723,0.31105995706735179,0.13951356318116515,0.0026733398437500003
reach,16,float32,0,3.6259527798660101e-10,3.6259527793260768e-10,1.7013579377928966e-12,1.7013578540501242e-12,0.04935478735225246,0.0061617280055935794,0.049355312497378609,0.0060862936463892551,both_positive,0.0046921679378730541,-5.3618605564458797,0.0037016876515595827,6.103515625e-05
reach,16,float32_field_bfloat16_roundtrip,0,3.8532239146197558e-05,3.8532239146197558e-05,3.6541122204533197e-05,3.6541122204533217e-05,0.1190493415716509,4.632556489141141,0.082088925541966909,1.4825459531389755,both_positive,0.94832594767955891,-0.053057009155756063,0.0096590516615441182,0.72419189453124999
reach,16,float32,1,1.4663000123304321e-09,1.4663000122189244e-09,3.6045939336933111e-12,3.6045937658053388e-12,0.07937851259892488,0.012310280252254377,0.079377354262033989,0.012249905402461993,both_positive,0.002458292234455095,-6.008288383751875,0.0059534494111855591,3.9062500000000001e-05
reach,16,float32_field_bfloat16_roundtrip,1,6.9274234919304076e-05,6.927423491930409e-05,6.5462427869401792e-05,6.5462427869401806e-05,0.16211529681824927,6.1557144048049164,0.11822466667557671,2.0266208125564993,both_positive,0.94497511153544211,-0.056596688834751774,0.013367070967593594,0.65843750000000001
reach,16,float32,2,9.277974901756843e-09,9.2779749007445741e-09,7.5491200227509549e-12,7.5491191689560905e-12,0.13549958449049698,0.030975827607101228,0.1354936015992482,0.03079364950895366,both_positive,0.00081366031948647342,-7.1139675769829083,0.010162545060026007,3.4179687499999996e-05
reach,16,float32_field_bfloat16_roundtrip,2,0.00016664398946576145,0.00016664398946576145,0.00015629738079092983,0.00015629738079092972,0.25035457262664806,9.4376771202944436,0.1900469339246306,3.2119160499353172,both_positive,0.93791190004511127,-0.064099257579817603,0.021006419781734176,0.60271484375000006
reach,16,float32,3,1.3854700256648264e-08,1.3854700249233076e-08,1.6232580648274873e-11,1.6232573223771753e-11,0.19190171943751402,0.037853156489264621,0.1918967159853269,0.037634492352195528,both_positive,0.001171629869111428,-6.7493594490445901,0.014392782008266387,2.4414062500000001e-05
reach,16,float32_field_bfloat16_roundtrip,3,0.00018691463290195013,0.00018691463290195013,0.00018364046913372449,0.00018364046913372384,0.29029123686852021,10.106210827136026,0.23749238193290706,3.4078310504553131,both_positive,0.98248310623201351,-0.017672130061347602,0.024220442156553158,0.59867919921875001
reach,16,float32,4,6.8543190203587567e-08,6.8543190190415159e-08,5.6757386996959171e-11,5.6757375636758785e-11,0.35870849932811066,0.084137355895479451,0.35869366624559251,0.083712849752307097,both_positive,0.00082805289377949726,-7.0964335242431353,0.026903432074071143,2.1972656249999999e-05
reach,16,float32_field_bfloat16_roundtrip,4,0.00055654895847751309,0.00055654895847751309,0.00055734508295235321,0.00055734508295234952,0.52574422681627697,17.802188339898294,0.42349435629397725,5.6690065474814997,both_positive,1.0014304662019635,0.0014294440598296987,0.04269528918410663,0.55906005859375008
reach,16,float32,5,5.2744280665406442e-07,5.2744280636433331e-07,3.2441961524006719e-10,3.2441932199094543e-10,0.83696444389134528,0.23306584047738305,0.83694191562709208,0.2322845581709217,both_positive,0.00061508017769374053,-7.3937579284214916,0.062774372904755307,2.4414062500000001e-05
reach,16,float32_field_bfloat16_roundtrip,5,0.0030188372058943726,0.0030188372058943726,0.0030568030265380954,0.0030568030265381053,1.1868376648884409,41.274101930199066,0.95471790865921491,13.439237617108626,both_positive,1.0125763060590327,0.012497881167753633,0.097631115180837752,0.54289062499999996
reach,16,bfloat16,0,5.8911083555077637e-05,5.891108355507763e-05,7.3397431701209491e-05,7.33974317012117e-05,0.13800435974749614,6.3392622652620307,0.078424028775655324,1.6669349899121464,both_positive,1.2459019130515254,0.21985969579908904,0.010940720967356429,0.092900390624999996
reach,16,bfloat16,1,0.00010655155030101959,0.00010655155030101953,0.00012538878538813659,0.00012538878538813816,0.16634231650740275,8.2800406675674854,0.11191043995340701,2.350919526979518,both_positive,1.1767898733889821,0.16279028505815951,0.014748045768453556,0.028857421875000004
reach,16,bfloat16,2,0.00020653301265744877,0.0002065330126574484,0.00026802980915280561,0.00026802980915280686,0.23212505945110737,11.903637583477124,0.15920085875303486,3.2109539002395069,both_positive,1.2977577080975142,0.26063793529339385,0.020738518396872442,0.015053710937500001
reach,16,bfloat16,3,0.00041548225440886778,0.00041548225440886713,0.00055762376923836228,0.00055762376923835925,0.34819135038324123,16.901721790933006,0.25046237234326962,4.6811953681695586,both_positive,1.3421121198827806,0.29424458191715708,0.030821259948964522,0.0091650390625000015
reach,16,bfloat16,4,0.0014419524703431564,0.0014419524703431553,0.0018421833272916689,0.0018421833272916756,0.63545795593154442,30.849628762085928,0.50260938496924823,8.9040562149671487,both_positive,1.2775617540661832,0.24495338170522718,0.05852913474433491,0.0052416992187499997
reach,16,bfloat16,5,0.0090283139552473565,0.0090283139552473253,0.012058594955294676,0.012058594955294677,1.6104228267681371,78.575955661688397,1.2734626761240957,21.915698049936168,both_positive,1.3356419609539705,0.28941204589990654,0.14736254730713069,0.0024877929687500003
reach,17,float32,0,4.1553353272276556e-10,4.1553353264109993e-10,1.7369013698372374e-12,1.7369012708113714e-12,0.052919088803551499,0.0066058132639205481,0.052919276298890046,0.0065118474235572226,both_positive,0.0041799306988686714,-5.4774606118009288,0.0039689944919234135,5.6152343750000002e-05
reach,17,float32_field_bfloat16_roundtrip,0,3.4003769131929322e-05,3.4003769131929322e-05,3.0603079414588293e-05,3.0603079414588422e-05,0.10721687693297935,4.1347485794484138,0.083245380658811693,1.5105852219999536,both_positive,0.89999080089778039,-0.10537073693475207,0.0093384827863896257,0.71626953124999992
reach,17,float32,1,1.3078192447109324e-09,1.3078192445995896e-09,3.6708684093507824e-12,3.6708682742469586e-12,0.08192941757727723,0.011686824168196391,0.081928516322109832,0.011555072525254484,both_positive,0.002806862205305868,-5.875688072473924,0.0061447604529842048,6.3476562500000002e-05
reach,17,float32_field_bfloat16_roundtrip,1,7.2698442634717156e-05,7.2698442634717143e-05,6.7968979278736874e-05,6.7968979278736535e-05,0.16508218756357623,6.2587553210070004,0.12165207958442256,2.0990861400272407,both_positive,0.93494408979647492,-0.067268548490480029,0.013693966889018069,0.65481689453125003
reach,17,float32,2,7.0259160025459387e-09,7.0259160017352388e-09,7.5851026788746957e-12,7.5851017835941968e-12,0.14514421795939175,0.02693387299182131,0.14513897992895652,0.026804943520437934,both_positive,0.0010795891491054159,-6.8311747277180856,0.010885811526193263,2.9296874999999999e-05
reach,17,float32_field_bfloat16_roundtrip,2,0.00017330601530805487,0.00017330601530805487,0.00016413587698705078,0.00016413587698705268,0.25748006770826004,9.6086365383842356,0.19929942809625789,3.3044635072588817,both_positive,0.94708701654294003,-0.054364303488391386,0.021738280049074653,0.59588867187499994
reach,17,float32,3,1.3694855577893464e-08,1.369485556894869e-08,1.6700569114102576e-11,1.6700561095533996e-11,0.21510181005388454,0.03759283147629084,0.21509596805330292,0.037427779928088281,both_positive,0.001219477563608703,-6.7093327385023862,0.016132728665119101,2.1972656249999999e-05
reach,17,float32_field_bfloat16_roundtrip,3,0.0001662053608272793,0.0001662053608272793,0.00016721979091391251,0.00016721979091391148,0.29121523985952558,9.6410852233447564,0.24572347395714225,3.1743471865478443,both_positive,1.0061034739287826,0.0060849231762052369,0.024073297347721422,0.57917480468750004
reach,17,float32,4,8.6842209651776509e-08,8.6842209612118386e-08,5.7406605542957487e-11,5.7406566642252968e-11,0.41462831470815115,0.09447464578943944,0.41461311517775679,0.094279220599061686,both_positive,0.00066104496618808837,-7.3216886929103389,0.031097663481539622,1.953125e-05
reach,17,float32_field_bfloat16_roundtrip,4,0.00049884301658525759,0.00049884301658525759,0.00051986220976149556,0.00051986220976149577,0.54171547013066668,16.910329889215109,0.46482270921213714,5.4582204962075478,both_positive,1.0421358873982465,0.041272344999570443,0.04412769984004844,0.54002197265624996
reach,17,float32,5,9.6522341920603571e-07,9.6522341891180441e-07,3.2762538322464154e-10,3.2762510441865917e-10,1.0186869719077354,0.31427230306730852,1.0186848500565706,0.31445256648206393,both_positive,0.00033942958356121994,-7.9882440446692158,0.076406396500789064,2.9296874999999999e-05
reach,17,float32_field_bfloat16_roundtrip,5,0.0034973590146951715,0.0034973590146951715,0.0034601784135107659,0.0034601784135107564,1.3352637995927652,43.399141850928579,1.1604312314316325,15.030749193054259,both_positive,0.98936894924765217,-0.010687964097562563,0.11212873671492128,0.52469970703125002
reach,17,bfloat16,0,7.2495513794243346e-05,7.2495513794243319e-05,9.8641999576777516e-05,9.8641999576779197e-05,0.1372112946163607,7.2621845848092912,0.079586489604974192,1.7879649043621708,both_positive,1.3606635005959553,0.30797244886428032,0.011647102994850776,0.093664550781250008
reach,17,bfloat16,1,0.00013283729116431812,0.00013283729116431807,0.0001534557067228527,0.00015345570672285346,0.1663973122325757,9.2652407812821966,0.11063436182994404,2.5672577722726806,both_positive,1.1552155676904752,0.14428696525197537,0.015592900010306228,0.028479003906249998
reach,17,bfloat16,2,0.00022338663836249717,0.00022338663836249666,0.00029120359952730115,0.00029120359952730369,0.24097189526521254,12.443888449246106,0.15969469152818402,3.2935632591534358,both_positive,1.3035855754933519,0.26511860278761112,0.021288118443394309,0.01528564453125
reach,17,bfloat16,3,0.00046886963223584296,0.00046886963223584225,0.00061295756422609577,0.00061295756422609122,0.37709805502168942,17.794040548355927,0.25547749083232024,4.9991287032174805,both_positive,1.3073091582049317,0.26797094699595281,0.03243377761594958,0.0091918945312499997
reach,17,bfloat16,4,0.0015281527202374865,0.001528152720237486,0.0020081986470582912,0.0020081986470582968,0.69537849775990179,32.309957296997318,0.49549484312636327,8.9000289687814043,both_positive,1.3141347853938328,0.27317849120504079,0.059924668690309643,0.0050195312499999997
reach,17,bfloat16,5,0.0097415229093352467,0.0097415229093352172,0.012927880071798029,0.012927880071797912,1.689435724053856,81.711099228298949,1.2430808753957687,22.550972557522513,both_positive,1.3270902498632235,0.2829887634845063,0.15002849761386655,0.0026098632812500003
reach,18,float32,0,3.8096672486415742e-10,3.8096672478556994e-10,1.789028955291524e-12,1.7890288645138736e-12,0.04979237176753544,0.0063620925795621758,0.049793245037416632,0.0062268367065199219,both_positive,0.0046960241893289865,-5.361039045419993,0.0037345248916541883,4.8828124999999996e-05
reach,18,float32_field_bfloat16_roundtrip,0,3.2289988746164643e-05,3.2289988746164643e-05,2.9045015252946659e-05,2.9045015252946744e-05,0.10445042634389269,4.024959270459207,0.081333143868060079,1.4745458200772745,both_positive,0.89950527642709643,-0.1059103596531159,0.0091132453601234405,0.720341796875
reach,18,float32,1,1.348779261280196e-09,1.3487792611863284e-09,3.7175647922894595e-12,3.7175646483635936e-12,0.079893877502080948,0.011883373495130734,0.079893102347375552,0.011730633772423171,both_positive,0.0027562440341505007,-5.8938863832520028,0.0059921082333969575,2.9296875000000002e-05
reach,18,float32_field_bfloat16_roundtrip,1,6.2643962882648292e-05,6.2643962882648292e-05,5.6856930006756507e-05,5.6856930006756284e-05,0.14897982689452746,5.6160572840242438,0.11942243790870245,2.0559915746678028,both_positive,0.90762026203973234,-0.096929201469174942,0.012994734168749482,0.65743408203124998
reach,18,float32,2,9.6462642926530057e-09,9.6462642915944643e-09,7.7642903442883381e-12,7.7642895955531049e-12,0.13366394513819152,0.031569126504634393,0.13366092165434298,0.031402681753282723,both_positive,0.00080490126630699339,-7.1247909386182222,0.010025062110438406,1.9531249999999997e-05
reach,18,float32_field_bfloat16_roundtrip,2,0.00014801563703944275,0.00014801563703944275,0.00013969784997527591,0.00013969784997527811,0.2366014507154138,8.853581566409904,0.18416328382421915,3.067208845351157,both_positive,0.94380467340791607,-0.05783604800904385,0.019974913819685525,0.60419677734374999
reach,18,float32,3,1.4702389743390894e-08,1.4702389734796135e-08,1.5845509505755931e-11,1.584550229200528e-11,0.20424702348674409,0.038913393783648345,0.20424305375729321,0.038787674716308347,both_positive,0.0010777506094122487,-6.8328791788885717,0.015318782075933471,2.4414062500000001e-05
reach,18,float32_field_bfloat16_roundtrip,3,0.00017221063017032551,0.00017221063017032554,0.0001695435122846184,0.00016954351228461653,0.28905205279570689,9.6935483524933943,0.24071614667391319,3.2800721990166917,both_positive,0.984512466605173,-0.015608718103319319,0.023990953274723288,0.59807128906249996
reach,18,float32,4,8.4413765269416231e-08,8.4413765230324615e-08,5.630123174393889e-11,5.6301195024809473e-11,0.39176477462195269,0.093045644193171836,0.39175042447421088,0.092976570529032895,both_positive,0.00066696742603824198,-7.312769349765567,0.029382980106693733,1.953125e-05
reach,18,float32_field_bfloat16_roundtrip,4,0.00061047006229372834,0.00061047006229372834,0.00061575837603361256,0.00061575837603360963,0.56511949621649327,18.6950280158458,0.46096491835236686,5.9244200492286376,both_positive,1.0086626913693595,0.0086253855495348475,0.045722026448937858,0.55021972656249996
reach,18,float32,5,6.0021704800595908e-07,6.0021704770276915e-07,2.876794035240676e-10,2.8767908787201859e-10,0.90619031507078251,0.24817149159116647,0.90615525819441989,0.24789357142162988,both_positive,0.00047929229014703268,-7.6431999375799897,0.067966596448246666,2.1972656249999999e-05
reach,18,float32_field_bfloat16_roundtrip,5,0.0030049537568561492,0.0030049537568561492,0.0030659824001469439,0.0030659824001469543,1.2334061491481016,41.351057296678185,1.0249184401727074,13.338190611918735,both_positive,1.0203093452441825,0.020105860967361444,0.10128758176508125,0.52714843749999996
reach,18,bfloat16,0,6.5578480257000754e-05,6.5578480257000727e-05,8.2891283321903105e-05,8.2891283321904745e-05,0.13632854901391167,6.7371267972536097,0.077080047444250385,1.7363751039176611,both_positive,1.2640012851327724,0.23428231244311348,0.011177389676780372,0.0909423828125
reach,18,bfloat16,1,0.00011599005210898072,0.00011599005210898068,0.00013240582158343607,0.00013240582158343677,0.16826070664586357,8.5819824590135063,0.11123345979526328,2.4428139700462475,both_positive,1.1415273911510238,0.13236718245192058,0.01506275603933358,0.027844238281250003
reach,18,bfloat16,2,0.0002141933506476008,0.00021419335064760037,0.00026870761630379514,0.00026870761630379703,0.23302027644915327,11.938828360491682,0.16010149689959613,3.3361342301301717,both_positive,1.254509607751005,0.22674474542474954,0.021005981103499102,0.014677734375000001
reach,18,bfloat16,3,0.00043134082274915456,0.00043134082274915353,0.00057276185448859227,0.00057276185448858652,0.35481426561040058,17.098650974150544,0.25374231675870362,4.8331679622288428,both_positive,1.3278637779704909,0.28357146896343011,0.031343220237031753,0.0089208984375000015
reach,18,bfloat16,4,0.0015497750396573323,0.001549775039657331,0.0020014017655681027,0.0020014017655681079,0.63709333449599947,32.337514093258093,0.47155680661357996,9.0024123302660328,both_positive,1.2914143758636278,0.25573803314736132,0.058289292416272273,0.0049682617187500003
reach,18,bfloat16,5,0.0099287282098494099,0.0099287282098493822,0.013045919812921048,0.013045919812920997,1.6171112611038105,82.137205031236348,1.1599826456582243,22.881287656187517,both_positive,1.3139567865277397,0.27304303255644058,0.14650258308145939,0.0024658203125000003
reach,19,float32,0,4.0833662632136387e-10,4.0833662624093265e-10,1.8737075355318614e-12,1.8737074679465447e-12,0.050251619585776099,0.0065767049916691722,0.05025230244865888,0.0064489327004419181,both_positive,0.0045886345107265499,-5.3841727913857085,0.0037689627270356936,6.103515625e-05
reach,19,float32_field_bfloat16_roundtrip,0,4.1412781637877845e-05,4.1412781637877852e-05,3.9421018891271435e-05,3.9421018891271279e-05,0.12454735584222391,4.8523278422158169,0.082573084131481511,1.5009590393259211,both_positive,0.95190463746138076,-0.049290419942039421,0.0099242105903208089,0.71891845703125001
reach,19,float32,1,1.4170539470414822e-09,1.4170539469129804e-09,3.7262576900490199e-12,3.7262574979088851e-12,0.080401470464238359,0.012182724810860506,0.080401035533073248,0.012022749262156776,both_positive,0.0026295806859214367,-5.9409308805144363,0.0060302002086619587,3.1738281250000001e-05
reach,19,float32_field_bfloat16_roundtrip,1,6.6859176245494156e-05,6.6859176245494142e-05,6.0349592073130501e-05,6.0349592073131192e-05,0.15345503375635533,5.7676339272789123,0.1230495879753755,2.1416687206274463,both_positive,0.90263738595190435,-0.10243437215908102,0.013413475433931892,0.65577636718749999
reach,19,float32,2,7.9287360310668735e-09,7.9287360300497772e-09,7.7402542689547326e-12,7.7402531744610002e-12,0.14107311592018251,0.028620198892903067,0.14106849172658328,0.028472031260810632,both_positive,0.00097622801902174316,-6.9318143727906296,0.010580551507495685,2.685546875e-05
reach,19,float32_field_bfloat16_roundtrip,2,0.00013759322980271726,0.00013759322980271726,0.00013025196988233233,0.00013025196988233228,0.23027295660526478,8.4748236377507737,0.18548094918670452,3.0057305806626964,both_positive,0.94664519518212553,-0.0548309178978581,0.019752649643709295,0.59768798828125003
reach,19,float32,3,1.4991233129233557e-08,1.4991233121227067e-08,1.6135249377924132e-11,1.613524099306331e-11,0.21190637129608503,0.039257870782463337,0.21189888272882901,0.039175814910528406,both_positive,0.0010763123512808092,-6.8342145700738968,0.01589302431950616,3.4179687499999996e-05
reach,19,float32_field_bfloat16_roundtrip,3,0.00016196628989871133,0.00016196628989871133,0.00016310420762727883,0.00016310420762727834,0.28737502267582021,9.4114203558162899,0.24588825754779348,3.214261933590786,both_positive,1.0070256454554778,0.0070010805973232948,0.023964992207262548,0.58991943359374999
reach,19,float32,4,9.7856165648647801e-08,9.7856165607257894e-08,5.4328812514660049e-11,5.4328775292924693e-11,0.41375176734188351,0.10022872887449831,0.41372706664559383,0.10009021607818915,both_positive,0.00055519048957760567,-7.4961992786417291,0.031031541842651139,2.4414062500000001e-05
reach,19,float32_field_bfloat16_roundtrip,4,0.000510477538539207,0.000510477538539207,0.00051143623798676873,0.00051143623798676765,0.53558382519057979,16.653964880736275,0.4735632188423427,5.7293889295339699,both_positive,1.0018780443314022,0.0018762830110272688,0.044609119806913532,0.54001220703124997
reach,19,float32,5,1.0331472102260484e-06,1.0331472099206875e-06,2.9195515490435954e-10,2.9195487144759874e-10,1.0000804637561467,0.32547086885031629,1.0000352018669463,0.32523997611385724,both_positive,0.00028258814621440149,-8.1715200340486369,0.075009012790395374,1.4648437500000001e-05
reach,19,float32_field_bfloat16_roundtrip,5,0.0032732670229363909,0.0032732670229363913,0.0031956378403874596,0.0031956378403874474,1.3051971779388201,41.899235317203399,1.1300934925706789,14.497504040425648,both_positive,0.97628388334805283,-0.024001870775682832,0.10896495286544575,0.52187988281249997
reach,19,bfloat16,0,7.1461424777988824e-05,7.146142477798881e-05,9.2246228787782187e-05,9.2246228787783936e-05,0.13941060587893264,7.1038060789935793,0.079069052291629152,1.7812286889438089,both_positive,1.2908534789834667,0.25530361122019407,0.011521746734576411,0.090744628906250013
reach,19,bfloat16,1,0.00012748414974487061,0.00012748414974487056,0.00014614828183903412,0.00014614828183903561,0.17075587125341546,9.0441247111292427,0.11282105570237087,2.5281612907683244,both_positive,1.146403550021829,0.13662969419645599,0.01551728748080917,0.027478027343750003
reach,19,bfloat16,2,0.00021224911193707172,0.00021224911193707134,0.00027551046199755216,0.00027551046199755287,0.23513287441396205,12.076037424334976,0.15897945103480191,3.2476098323666114,both_positive,1.2980523663120738,0.26086496131408055,0.020928450935972794,0.013989257812500001
reach,19,bfloat16,3,0.00044595746471703723,0.00044595746471703653,0.00056997760927183399,0.00056997760927182954,0.36242391521140221,17.173022944387437,0.25899249164723021,4.9389031261240817,both_positive,1.2780985954198307,0.24537350119540324,0.031930473693344279,0.0087475585937499996
reach,19,bfloat16,4,0.0014384037690611752,0.0014384037690611741,0.0019994592357956663,0.0019994592357956754,0.66376899983651583,31.813333258268848,0.51596595570517811,8.6634118086756349,both_positive,1.390054224552459,0.3293427568511067,0.059499750240526783,0.0049389648437500001
reach,19,bfloat16,5,0.0089975856370085334,0.0089975856370085039,0.011915945319028363,0.011915945319028272,1.6717607527076723,78.786951239196313,1.2846567249993335,21.396100184735907,both_positive,1.3243491976354347,0.28092116717800586,0.14808859304041336,0.0026928710937500003
reach,20,float32,0,3.7821642233540646e-10,3.7821642225258914e-10,1.6132122074306311e-12,1.6132121036423001e-12,0.050987836837222314,0.0063213339405172493,0.050988351250223239,0.0062079012267416177,both_positive,0.0042653150740239853,-5.4572392264355365,0.0038241657155365138,3.6621093750000005e-05
reach,20,float32_field_bfloat16_roundtrip,0,4.1240160904619359e-05,4.1240160904619366e-05,3.7955149126684002e-05,3.7955149126683982e-05,0.12000182893103926,4.6530665326353642,0.088595817440827812,1.6120652262330146,both_positive,0.92034435109181645,-0.083007384304806919,0.010162338966544837,0.72084228515625004
reach,20,float32,1,1.254318641799524e-09,1.2543186416225685e-09,3.4680000327727829e-12,3.4679998673139978e-12,0.080338423526078742,0.011421051731742614,0.08033762638884237,0.011322207226857978,both_positive,0.0027648477166833567,-5.890769720865098,0.0060254398477102697,3.6621093750000005e-05
reach,20,float32_field_bfloat16_roundtrip,1,7.230813683631516e-05,7.230813683631516e-05,6.8311065316080212e-05,6.8311065316080171e-05,0.16552455580032013,6.2785476166711991,0.12080362026709891,2.078171834595063,both_positive,0.94472169115236415,-0.056864901581089811,0.013663138639144194,0.65635498046874996
reach,20,float32,2,6.2469735933277423e-09,6.2469735922997239e-09,7.4240505111135083e-12,7.4240494100806984e-12,0.14067169911805197,0.025421909909183478,0.14066693247822368,0.025270116258637891,both_positive,0.0011884235462501357,-6.735127601167413,0.010550372339338976,3.6621093749999999e-05
reach,20,float32_field_bfloat16_roundtrip,2,0.00014812102251184685,0.00014812102251184685,0.00013912484353909845,0.000139124843539099,0.23876873465092271,8.8685125764889587,0.18465549621455718,3.0518602173913223,both_positive,0.9392646714140197,-0.062657974299755281,0.020112203331324595,0.60048339843749998
reach,20,float32,3,1.2840187904714711e-08,1.2840187896667693e-08,1.6336527344864419e-11,1.6336519322642656e-11,0.19711968051525763,0.036323749152600761,0.197115273136895,0.036261089250697619,both_positive,0.0012722965945744383,-6.6669316694092835,0.01478409250250038,3.6621093750000005e-05
reach,20,float32_field_bfloat16_roundtrip,3,0.00017165104664687507,0.0001716510466468751,0.00017046148205930375,0.00017046148205930286,0.2851679539393755,9.7350462390064791,0.23490714441528954,3.2483502520773908,both_positive,0.99306986697250654,-0.0069542579231480772,0.023644127102458386,0.59285400390624998
reach,20,float32,4,7.6165384537459714e-08,7.6165384501565488e-08,5.8886943528978708e-11,5.8886909906312363e-11,0.38691256456428058,0.088473190363394238,0.38689336356063841,0.088297976916006146,both_positive,0.00077314575232029312,-7.1650429730496583,0.029018535474898795,1.4648437499999999e-05
reach,20,float32_field_bfloat16_roundtrip,4,0.00060313132671364791,0.0006031313267136477,0.00059320148332842645,0.00059320148332842255,0.54746578478333718,18.142947330719416,0.46312372347372177,6.1334885797300256,both_positive,0.98353618367109641,-0.016600851111842729,0.045524583592647563,0.55653564453124993
reach,20,float32,5,7.6248449163349951e-07,7.6248449129857876e-07,3.2472941670115499e-10,3.2472910052478581e-10,1.0413115694454329,0.27990522157794329,1.0411593693943535,0.27934684924022507,both_positive,0.00042588330682696878,-7.7613451768561568,0.078094443438333105,1.4648437500000001e-05
reach,20,float32_field_bfloat16_roundtrip,5,0.0030178918005900682,0.0030178918005900682,0.0030269177813783154,0.0030269177813782846,1.3053810345734871,40.713339486676901,1.1457818633695509,13.778034246416066,both_positive,1.0029908231920317,0.0029863595780543761,0.10822890593487014,0.52569335937500006
reach,20,bfloat16,0,6.0181431482064818e-05,6.0181431482064791e-05,7.3181461814389697e-05,7.318146181439089e-05,0.12840267130142619,6.3555336564302856,0.076154282533107673,1.6953130878501212,both_positive,1.2160139766067068,0.19557827739790845,0.010787926244246392,0.092136230468750011
reach,20,bfloat16,1,0.00011025873005176299,0.00011025873005176293,0.00012782266248321597,0.00012782266248321746,0.15973874087376133,8.3742793385391696,0.1086266028743912,2.4050385725485386,both_positive,1.1592974308991884,0.14781415861239466,0.014684513803949532,0.02764892578125
reach,20,bfloat16,2,0.00019823796096171922,0.00019823796096171882,0.00025031056902320172,0.00025031056902320318,0.23408205388538836,11.52249738151375,0.15898994436234276,3.1945005080642752,both_positive,1.2626772784024851,0.23323429084624081,0.020535362386880401,0.01514404296875
reach,20,bfloat16,3,0.00042461481470088057,0.00042461481470087948,0.00056754188056060888,0.0005675418805606053,0.36106494891720048,16.979044267009446,0.26576233606508581,4.8105847489478739,both_positive,1.3366040489199915,0.29013210535853151,0.031821192504580362,0.0088037109375000006
reach,20,bfloat16,4,0.0014178063374962993,0.0014178063374962985,0.0019677745828338019,0.0019677745828338101,0.71397945910377114,31.431680576721106,0.50341676595422502,8.7276196751636697,both_positive,1.3879008231185439,0.32779240644709695,0.059842015521095047,0.0048364257812499997
reach,20,bfloat16,5,0.0087262155456609911,0.0087262155456609581,0.01140114220614751,0.011401142206147448,1.8795032743130979,76.151925597859631,1.3549712496517079,22.092054807594039,both_positive,1.3065391459206614,0.26738176796415569,0.15397977919866274,0.0026074218749999999
reach,21,float32,0,3.9111560930495717e-10,3.9111560920212337e-10,1.6136493343397952e-12,1.6136492197945819e-12,0.050588187822265332,0.0064350233693347535,0.050588095077305946,0.0063108319025411341,both_positive,0.0041257605064839407,-5.4905049109804409,0.0037941636649562911,4.1503906250000003e-05
reach,21,float32_field_bfloat16_roundtrip,0,3.784601531651769e-05,3.7846015316517697e-05,3.4710168083058815e-05,3.4710168083058774e-05,0.11519780825201738,4.4613953671049673,0.084858543873592943,1.5386389788017456,both_positive,0.91714194460809584,-0.086493026329534928,0.0097180209196771426,0.72100585937499995
reach,21,float32,1,1.5450015799363716e-09,1.5450015797955168e-09,3.486313506407925e-12,3.4863133554730262e-12,0.082317569613508113,0.012678509078605122,0.082316344763434732,0.012562844769010078,both_positive,0.0022565112888437975,-6.0939353358983901,0.0061738722147788531,3.1738281250000001e-05
reach,21,float32_field_bfloat16_roundtrip,1,5.9064988512683075e-05,5.9064988512683075e-05,5.5492591654163064e-05,5.5492591654161987e-05,0.15021717479309604,5.6175988765294909,0.11442165410036439,1.9147926374223259,both_positive,0.9395175221653872,-0.062388809780570043,0.012535484349555929,0.65616210937499997
reach,21,float32,2,9.031876619394629e-09,9.0318766186252699e-09,7.350075782369399e-12,7.3500748786106543e-12,0.14102535720472018,0.030481198706253775,0.1410187698710684,0.030402854209700333,both_positive,0.00081379275781803644,-7.1138048216522627,0.010576899344897406,2.6855468750000004e-05
reach,21,float32_field_bfloat16_roundtrip,2,0.00015756748438301954,0.00015756748438301954,0.0001514203893887354,0.00015142038938873722,0.24841873968101572,9.29623521106498,0.18786347310795959,3.0766717020433765,both_positive,0.96098754119002372,-0.039793834518334847,0.020618408335514295,0.5969091796874999
reach,21,float32,3,1.380150700669701e-08,1.3801506998777141e-08,1.5841265712459005e-11,1.5841258372336492e-11,0.19482063631581942,0.037595969097703262,0.19481374575763016,0.037608100788123419,both_positive,0.0011477924624298077,-6.7699147792833401,0.01461158393911631,1.953125e-05
reach,21,float32_field_bfloat16_roundtrip,3,0.00014531672636992969,0.00014531672636992966,0.00014632115247965473,0.00014632115247965516,0.26590434419123909,8.9280120719704907,0.22649237858328752,3.0345204010804507,both_positive,1.0069119786470284,0.0068882004294277266,0.022309634882416364,0.59141845703124996
reach,21,float32,4,7.0511673262933924e-08,7.051167324267991e-08,5.6433275494386248e-11,5.6433257463051563e-11,0.36444160996350361,0.084941774102893414,0.36442706261194746,0.085004594737898467,both_positive,0.0008003394740605552,-7.1304745777285028,0.027333407300526455,2.4414062500000001e-05
reach,21,float32_field_bfloat16_roundtrip,4,0.00055124913247882464,0.00055124913247882464,0.00054169683460733402,0.00054169683460733673,0.51756619988620689,17.275086251265101,0.43720552580406435,5.9122677376667951,both_positive,0.98267154121669742,-0.017480353820726435,0.043101388532580116,0.55855712890625009
reach,21,float32,5,6.5731286442447501e-07,6.5731286413014207e-07,2.9713586948698747e-10,2.9713559679863299e-10,0.86614869663754179,0.2596689560853695,0.86616093461013322,0.25942330030342237,both_positive,0.00045204633222438364,-7.7017258784641083,0.064965223658414326,1.4648437500000001e-05
reach,21,float32_field_bfloat16_roundtrip,5,0.0034382274182098867,0.0034382274182098872,0.0034201167837852411,0.0034201167837851947,1.2638354562399583,43.959264334725823,1.0148046726394191,14.256131584368349,both_positive,0.99473256645888919,-0.0052813553789228251,0.10380973565748768,0.54270019531250002
reach,21,bfloat16,0,7.5941234128225322e-05,7.5941234128225295e-05,9.4553713917549834e-05,9.4553713917551867e-05,0.13612873082889576,7.2416326052777622,0.075883304436063212,1.848792760971623,both_positive,1.2450905624985986,0.21920826823390449,0.011600240877263378,0.090751953125000007
reach,21,bfloat16,1,0.00012683819253624381,0.00012683819253624375,0.00013971056858027371,0.00013971056858027512,0.16967907223305945,8.8858328159295734,0.11039085550718479,2.5602623643400872,both_positive,1.1014865931675244,0.096660715754072868,0.015431105732620146,0.027907714843750001
reach,21,bfloat16,2,0.00022211611122742851,0.00022211611122742811,0.000275177758075862,0.00027517775807586156,0.24366757338042044,12.183697756973796,0.16196760843873104,3.3366207546334721,both_positive,1.2388914813752647,0.21421701315761865,0.02133732119631887,0.014265136718749998
reach,21,bfloat16,3,0.00043592628466366872,0.00043592628466366775,0.00057006203414155599,0.00057006203414155111,0.35644976229451991,17.090302427934997,0.25621090900765242,4.8809242593561306,both_positive,1.3077028254476037,0.26827202955167895,0.031522576513871949,0.009028320312500001
reach,21,bfloat16,4,0.0014115007430609439,0.0014115007430609431,0.0018963894128666253,0.0018963894128666311,0.64430355844804776,31.060470671653889,0.48299558505781426,8.7191698717269208,both_positive,1.3435270382884563,0.29529827413212395,0.057703510450013942,0.0051318359374999999
reach,21,bfloat16,5,0.0092956463862645874,0.0092956463862645649,0.011153301866346227,0.011153301866346159,1.6329714747453696,76.99647732823108,1.200768475616349,22.600134769058183,both_positive,1.19984145296518,0.18218942553598705,0.14484445147606112,0.0028198242187500002
reach,22,float32,0,3.7369198354662291e-10,3.7369198346570014e-10,1.7922290726538314e-12,1.7922290114574662e-12,0.049634736250265467,0.0062652265346615863,0.049635532393551007,0.0061764349348579061,both_positive,0.004796006207155438,-5.3399717475817923,0.0037226979727465479,4.6386718750000001e-05
reach,22,float32_field_bfloat16_roundtrip,0,3.5446068012898162e-05,3.5446068012898162e-05,3.1625346578267024e-05,3.1625346578266828e-05,0.10865231249246191,4.1962998066685318,0.084892622967467357,1.553025641264363,both_positive,0.89221028879025877,-0.11405342442187205,0.009517252501929821,0.72174072265625
reach,22,float32,1,1.3839383707235203e-09,1.3839383705723296e-09,3.6049141313202336e-12,3.6049139476475303e-12,0.078123417005616438,0.01197507276246676,0.078122686888195736,0.011897607883666719,both_positive,0.0026048227345814479,-5.9503906542375056,0.0058593332649153713,2.4414062500000001e-05
reach,22,float32_field_bfloat16_roundtrip,1,7.7690110596925359e-05,7.7690110596925372e-05,7.4888605061630917e-05,7.4888605061631175e-05,0.17417707940193361,6.6820362197682588,0.1176719112302681,2.0430153475366182,both_positive,0.96393999810568798,-0.036726228937698835,0.013817610084429891,0.660888671875
reach,22,float32,2,8.3882723397162991e-09,8.3882723389050979e-09,7.7668885019408321e-12,7.7668876579252248e-12,0.13303347668533805,0.029507746170031036,0.13302895601856587,0.029267410279132457,both_positive,0.00092592231002880355,-6.9847202252947831,0.0099776335201324385,2.685546875e-05
reach,22,float32_field_bfloat16_roundtrip,2,0.00013337191340213791,0.00013337191340213791,0.00012817440014919248,0.00012817440014919299,0.23036427595471842,8.5970213350316218,0.1722340418298608,2.7969568762260741,both_positive,0.96102992661375342,-0.039749729379389365,0.018969369420408406,0.60554687500000004
reach,22,float32,3,1.2774205694339319e-08,1.277420568640716e-08,1.6330575505645834e-11,1.6330568267925818e-11,0.19922938306461982,0.036340684269867918,0.19922461639268113,0.036140182581321956,both_positive,0.0012784024225382922,-6.6621440879772962,0.014942371781819744,2.9296875000000002e-05
reach,22,float32_field_bfloat16_roundtrip,3,0.00017865859713726953,0.00017865859713726956,0.00017786865056032138,0.0001778686505603201,0.28958909040844971,9.9304473060646075,0.2399972760015151,3.3198489949517413,both_positive,0.99557845751838514,-0.0044313464102394562,0.024083112672667429,0.59979736328125
reach,22,float32,4,7.0107408794934788e-08,7.0107408756443784e-08,5.6711185096162838e-11,5.6711148165397627e-11,0.38821818187810636,0.084984730933938463,0.38820600437525637,0.084689021768468278,both_positive,0.00080891857324300628,-7.1198122970925759,0.02911690442583862,3.9062500000000001e-05
reach,22,float32_field_bfloat16_roundtrip,4,0.00049962217447330659,0.00049962217447330659,0.00051813520433793836,0.00051813520433792969,0.52610092707446665,16.932350079258235,0.44451403472415579,5.4388650694124641,both_positive,1.0370540596684843,0.03638405871647965,0.042912124145110267,0.54800781249999997
reach,22,float32,5,5.9239833698393998e-07,5.9239833668554647e-07,3.0810346127847718e-10,3.081031514987131e-10,0.90806011738535852,0.24715395146269054,0.90805342090923979,0.24612578420850464,both_positive,0.00052009508137229956,-7.5614989143107199,0.068108025390996571,2.4414062500000001e-05
reach,22,float32_field_bfloat16_roundtrip,5,0.0028733933811926449,0.0028733933811926453,0.0028716816471912399,0.0028716816471912425,1.1955063594797979,39.413854195709852,1.0282065873841233,13.645235642899655,both_positive,0.99940428135854675,-0.00059589615230493109,0.10035239540294019,0.53006347656250008
reach,22,bfloat16,0,6.1935231235512979e-05,6.1935231235512965e-05,8.1585893036640553e-05,8.1585893036643115e-05,0.13377703661817666,6.6406321171007932,0.076368341853982766,1.6665518798154237,both_positive,1.3172776045092103,0.27556718605333685,0.010958441055913091,0.092751464843749992
reach,22,bfloat16,1,0.00010959971369039697,0.00010959971369039692,0.00013218231699086783,0.00013218231699087019,0.16706748206218047,8.4845434907506068,0.10951575214509045,2.3556359256268449,both_positive,1.2060461888090637,0.18734739674992618,0.014783247829460985,0.028295898437500001
reach,22,bfloat16,2,0.00019292929671029609,0.00019292929671029571,0.00025535079680984044,0.00025535079680984055,0.22937150742213222,11.555317888690915,0.1544958397460133,3.1142999971183509,both_positive,1.3235459889395487,0.2803144900522696,0.020186046599713268,0.015371093749999998
reach,22,bfloat16,3,0.00044273691898464749,0.00044273691898464673,0.00059055355137659419,0.00059055355137659017,0.36184978521116384,17.483035913237508,0.25248601325420816,4.7724254989744308,both_positive,1.3338701293105228,0.28808458841425288,0.031530176667274895,0.0089257812500000006
reach,22,bfloat16,4,0.0014077252127529933,0.0014077252127529922,0.0019111586304610632,0.001911158630461061,0.64743970523855232,31.28925262491201,0.48200120178707706,8.5462223332410954,both_positive,1.3576219372554528,0.30573459365783684,0.057578423198067316,0.0052075195312499996
reach,22,bfloat16,5,0.0085414666328377797,0.0085414666328377537,0.011082561484795264,0.011082561484795223,1.6521632674026949,75.791668193471537,1.1994528424360504,21.334430248337398,both_positive,1.2975009985039585,0.26044010561750142,0.14300163595926049,0.0026367187500000002
reach,23,float32,0,3.7616996662096174e-10,3.7616996654615329e-10,1.700808811357749e-12,1.7008087347312253e-12,0.050401651978243533,0.0062852644204207907,0.050402176444083631,0.0061964567902350661,both_positive,0.0045213838484653044,-5.3989371708308731,0.0037802027651757707,2.685546875e-05
reach,23,float32_field_bfloat16_roundtrip,0,3.8114374243524653e-05,3.811437424352466e-05,3.5396244154643088e-05,3.5396244154642878e-05,0.11680843855281091,4.5299497965891993,0.083253224678094762,1.5156048932359676,both_positive,0.92868490844124629,-0.073985770530072159,0.0096805242958888423,0.72293212890624992
reach,23,float32,1,1.4305266180455973e-09,1.430526617876954e-09,3.6284371188020825e-12,3.6284369199545202e-12,0.082216664961723376,0.012164715011835135,0.082215433409848868,0.012098495020150077,both_positive,0.0025364345360866457,-5.9769959100480641,0.0061662972982407475,4.3945312499999992e-05
reach,23,float32_field_bfloat16_roundtrip,1,6.3398758063602971e-05,6.3398758063602984e-05,6.0688985219366206e-05,6.0688985219366165e-05,0.15628959744268539,5.896510373908507,0.11633107618150905,1.9474186300158687,both_positive,0.95725826613956277,-0.043682053363440332,0.012927297759940216,0.65670166015625009
reach,23,float32,2,7.5967250692071431e-09,7.5967250683191564e-09,7.3162202304416564e-12,7.3162190981992137e-12,0.13693813857093179,0.027964202694438504,0.13693333265967206,0.027882044735477778,both_positive,0.00096307555740005708,-6.9453786888078106,0.010270413187975787,3.9062500000000001e-05
reach,23,float32_field_bfloat16_roundtrip,2,0.00015654145225037753,0.00015654145225037753,0.00014906743425838141,0.00014906743425838274,0.24469695181180143,9.175876939769454,0.1869487134383567,3.1178488980711787,both_positive,0.95225534269324441,-0.048922063039798402,0.020484856659996706,0.59931884765624999
reach,23,float32,3,1.0338445879000337e-08,1.0338445876017722e-08,1.5861284884399269e-11,1.5861282154411912e-11,0.18002372581140622,0.032673829012665793,0.18001957765291382,0.032520275359173845,both_positive,0.0015342039867536606,-6.4797436078544877,0.013501885665792197,3.4179687500000003e-05
reach,23,float32_field_bfloat16_roundtrip,3,0.00015541842491335021,0.00015541842491335021,0.00015195544428867313,0.0001519554442886737,0.26210664378447129,9.0872412755825707,0.22284373674102467,3.1921563053100082,both_positive,0.97771833920844464,-0.022533647145719371,0.022361531601454952,0.60329833984375014
reach,23,float32,4,4.8934461620433156e-08,4.8934461616742514e-08,5.6241541664604592e-11,5.6241538390431576e-11,0.33984176355687512,0.070886653817049255,0.33981740991892895,0.070791461745543391,both_positive,0.0011493238058047884,-6.7685815044961615,0.02548770466010352,3.1738281250000001e-05
reach,23,float32_field_bfloat16_roundtrip,4,0.0005261113227013729,0.0005261113227013729,0.00051619647014738079,0.00051619647014737526,0.49871868049921209,17.006356503298186,0.40945393557657694,5.6748880849818182,both_positive,0.98115445890218955,-0.019025381349849546,0.041247670781979467,0.58201171875000002
reach,23,float32,5,6.4166051083273062e-07,6.4166051052527164e-07,2.9787322659339829e-10,2.9787293291672233e-10,0.918368239892705,0.25646612747458786,0.9181930018646759,0.2563401521873841,both_positive,0.00046422246899193787,-7.6751466616074264,0.068872396152020315,3.6621093749999999e-05
reach,23,float32_field_bfloat16_roundtrip,5,0.0029800759250948826,0.0029800759250948831,0.0029139575684453511,0.0029139575684453281,1.2182841434934668,40.168760572807372,1.0460401569915982,13.706652831794031,both_positive,0.97781319727703708,-0.022436632020270686,0.10198426034189798,0.56999755859375001
reach,23,bfloat16,0,6.2446204146192794e-05,6.244620414619278e-05,7.8109683581160231e-05,7.8109683581162087e-05,0.14246282674426911,6.5240439841597597,0.078604053356413336,1.7251735772795613,both_positive,1.2508315701351145,0.2238085862375474,0.011195435538236988,0.091362304687500007
reach,23,bfloat16,1,0.00011520835974840346,0.00011520835974840343,0.00013609262747709693,0.00013609262747709842,0.16764678498652069,8.6250507613411429,0.11043711725057768,2.438742312590422,both_positive,1.1812738917063081,0.16659342540439503,0.015049503456326054,0.02762939453125
reach,23,bfloat16,2,0.00021431125892981535,0.000214311258929815,0.00027460693135179635,0.00027460693135179727,0.24413278451230311,12.089744644756404,0.16186683348471176,3.2654339384669497,both_positive,1.2813462658148409,0.24791129537665135,0.021187746094663864,0.014331054687500001
reach,23,bfloat16,3,0.00042460262735598611,0.00042460262735598503,0.00054924725016688828,0.00054924725016688503,0.36349497381944196,16.792997025391433,0.24620331963288974,4.8367086990928767,both_positive,1.2935559386126934,0.25739496764059933,0.031072783970395087,0.0086303710937500003
reach,23,bfloat16,4,0.0014322329054537069,0.001432232905453706,0.0020268798374230147,0.0020268798374230203,0.65665174742489507,31.912705234061235,0.46747708738225491,8.6403687047204389,both_positive,1.4151887096749352,0.34726288593091859,0.057602903513201138,0.0051855468750000005
reach,23,bfloat16,5,0.00920277322019393,0.0092027732201939039,0.013190342018067791,0.013190342018067694,1.7273058801235932,81.284906972421879,1.2975506632412632,21.813999452344348,both_positive,1.4333007781962741,0.35998002088714465,0.15076477634624191,0.0027514648437499999
reach,24,float32,0,3.6784187170371356e-10,3.6784187164544763e-10,1.719760010605287e-12,1.7197599517374932e-12,0.0492021928847787,0.0062059641298749723,0.049202787376107594,0.0061301781869293271,both_positive,0.0046752698452733679,-5.3654683969931867,0.0036902469949619274,5.37109375e-05
reach,24,float32_field_bfloat16_roundtrip,0,3.9221591701101428e-05,3.9221591701101428e-05,3.6341585429931383e-05,3.634158542993164e-05,0.11820151332915155,4.5948234738669935,0.084009119912462002,1.5358571547172846,both_positive,0.92657089765459033,-0.076264714161080605,0.0098066422811829649,0.72231445312499998
reach,24,float32,1,1.4399375253669863e-09,1.4399375252066185e-09,3.6359178386966913e-12,3.6359176213065848e-12,0.078668615593456045,0.012235106089295483,0.078668795823631274,0.012130512523272984,both_positive,0.0025250524933503847,-5.9814934270252138,0.0059002717522034752,2.9296875000000002e-05
reach,24,float32_field_bfloat16_roundtrip,1,5.3335198440982352e-05,5.3335198440982352e-05,4.9807936605725613e-05,4.9807936605725275e-05,0.14148195611367903,5.2946414049546853,0.11024192645062046,1.8452018681685827,both_positive,0.93386615334037237,-0.06842215579716715,0.012028934207793451,0.65838378906250006
reach,24,float32,2,9.2254429796848318e-09,9.2254429787741191e-09,7.4371597096851177e-12,7.4371586769898519e-12,0.13530754974048267,0.030816654147994976,0.13530198667511145,0.03072418646082346,both_positive,0.00080615746323101686,-7.1232314707284736,0.010148162138485788,2.4414062500000001e-05
reach,24,float32_field_bfloat16_roundtrip,2,0.00013417696486073757,0.00013417696486073754,0.00012896953927852612,0.00012896953927852596,0.23117042890988335,8.5962012739569662,0.17494664097560375,2.8260908061549301,both_positive,0.961189869009064,-0.039583315116001216,0.019131179431075333,0.60092529296874997
reach,24,float32,3,1.505688018706517e-08,1.5056880178609962e-08,1.5857490031807298e-11,1.5857481610186604e-11,0.20406090027155682,0.0393342725949304,0.20405268879950983,0.039263547382827661,both_positive,0.001053172359399519,-6.8559483750849921,0.015304593794971991,3.4179687500000003e-05
reach,24,float32_field_bfloat16_roundtrip,3,0.0001649892446906886,0.0001649892446906886,0.00016716780820450326,0.00016716780820450448,0.28762599587948579,9.6759459164286863,0.2375392686323998,3.1222945355490102,both_positive,1.0132042759387068,0.013117859368126261,0.023605544976593156,0.59471191406250001
reach,24,float32,4,9.6417170895157697e-08,9.6417170850541216e-08,5.5512495038444314e-11,5.5512454803669741e-11,0.40754367280940118,0.099404144461542887,0.40750809323865156,0.099373531637907381,both_positive,0.00057575320374010565,-7.4598314548150348,0.030565392766980722,1.4648437500000001e-05
reach,24,float32_field_bfloat16_roundtrip,4,0.00055406655593717713,0.00055406655593717713,0.00056092675058549047,0.00056092675058549133,0.55490203220277434,17.837532447757649,0.46284372379928673,5.6358543492457533,both_positive,1.0123815353495027,0.012305511029326865,0.044874318076207197,0.54421142578125004
reach,24,float32,5,1.6285515448667222e-06,1.6285515445534559e-06,2.9216054023450775e-10,2.9216019751046678e-10,1.0959361058996766,0.40839610813895305,1.0957234811694685,0.40838558742452752,both_positive,0.00017939901328601647,-8.6258981084326525,0.082191745381911721,1.7089843750000002e-05
reach,24,float32_field_bfloat16_roundtrip,5,0.0033634386918670266,0.0033634386918670271,0.0032766882851625522,0.0032766882851625405,1.3938438637456165,42.733438096471218,1.2109922961113753,14.488099468337717,both_positive,0.97420782281114815,-0.026130627657179772,0.11445620252690417,0.51607666015624998
reach,24,bfloat16,0,6.7824929948745498e-05,6.7824929948745471e-05,8.7582740830044164e-05,8.7582740830046034e-05,0.13114969645274463,6.9266902232545844,0.077385863816591821,1.7299679219482884,both_positive,1.2913060270940111,0.25565413032183137,0.011192189177433903,0.092197265624999997
reach,24,bfloat16,1,0.00011498258948914525,0.00011498258948914518,0.00013713105053559171,0.00013713105053559212,0.16605783980792532,8.6863711362727916,0.11070088135628586,2.3933128115449014,both_positive,1.192624475973707,0.17615632070078746,0.014978063969945596,0.028640136718749997
reach,24,bfloat16,2,0.00021252614974486152,0.00021252614974486109,0.00026688214149746768,0.00026688214149746812,0.23253412934732731,11.946018327423761,0.15824021060425475,3.2775025378134961,both_positive,1.2557614289717325,0.22774210491795444,0.020832531964155861,0.014638671874999998
reach,24,bfloat16,3,0.00043600806139736575,0.00043600806139736472,0.00055412781745011299,0.00055412781745010995,0.3636147328253766,16.990374805092031,0.26757890111374155,4.8516003247273378,both_positive,1.2709118626710347,0.23973464493348295,0.032005435284398635,0.008854980468749999
reach,24,bfloat16,4,0.0014320744040970516,0.0014320744040970501,0.0018404738891475753,0.0018404738891475781,0.67084015231382932,30.818321540738406,0.51963175026234465,8.853101608812775,both_positive,1.2851803536758462,0.2508990615537483,0.059650680875233855,0.0050317382812499999
reach,24,bfloat16,5,0.0094817918706747283,0.0094817918706746954,0.012061504794042532,0.012061504794042485,1.7737962287169213,79.253836700040139,1.4126833885610421,22.62310868776154,both_positive,1.2720701907986756,0.24064564484099016,0.15662762273890041,0.0025561523437500002
reach,25,float32,0,4.212205576374718e-10,4.2122055755338083e-10,1.7402392224349812e-12,1.7402391495473506e-12,0.051391455192954773,0.0066638338122294132,0.051392155361622241,0.0065528511605523719,both_positive,0.0041314204420495959,-5.4891339984408276,0.0038544515635708116,5.6152343750000002e-05
reach,25,float32_field_bfloat16_roundtrip,0,3.708621779374516e-05,3.708621779374516e-05,3.2971941816248511e-05,3.2971941816248843e-05,0.11109880495680001,4.2723053234934758,0.087984389830347134,1.5993334530615002,both_positive,0.88906186119117947,-0.11758846074723195,0.0097751916692444367,0.71806640624999996
reach,25,float32,1,1.5775351953258501e-09,1.5775351951759224e-09,3.5311770701593203e-12,3.5311768948521143e-12,0.08173703141727176,0.012787877645489694,0.081736218861547388,0.012700247874815107,both_positive,0.0022384141289665065,-6.1019876419900179,0.006130357942380385,3.4179687499999996e-05
reach,25,float32_field_bfloat16_roundtrip,1,5.9831746070198199e-05,5.9831746070198205e-05,5.3465858010104125e-05,5.3465858010104823e-05,0.14501095325765878,5.3757807219557519,0.12115393912809221,2.0696015754427561,both_positive,0.89360350519228982,-0.11249310868303652,0.012909017793256036,0.65488037109374997
reach,25,float32,2,9.6239597988694537e-09,9.6239597980376673e-09,7.3485134855615436e-12,7.3485126494416095e-12,0.14325709355953845,0.031493138228409358,0.14325063249122247,0.031375810879686113,both_positive,0.00076356444115911509,-7.1775130345632476,0.010744311912907204,3.4179687499999996e-05
reach,25,float32_field_bfloat16_roundtrip,2,0.00015540154207416981,0.00015540154207416981,0.00015191097728190953,0.00015191097728190959,0.25213104729640762,9.423379625515615,0.18347024708522058,2.9375103162619731,both_positive,0.97753841599207358,-0.022717687647205054,0.020375136808368364,0.59181884765625004
reach,25,float32,3,1.5868996619411888e-08,1.5868996610980012e-08,1.5742351736330198e-11,1.5742343572374556e-11,0.21202798486893801,0.040373548037428257,0.21202265318980978,0.040309541938939153,both_positive,0.00099201935156210388,-6.915767943246582,0.015902275811887551,3.4179687500000003e-05
reach,25,float32_field_bfloat16_roundtrip,3,0.00017727654262900323,0.0001772765426290032,0.00017881328277215988,0.00017881328277216028,0.29860317842771433,10.018871593227306,0.24712523254728988,3.2359707686741661,both_positive,1.0086686039809152,0.008631247364665029,0.024510751941651192,0.57178955078125004
reach,25,float32,4,9.0170316133889109e-08,9.0170316093193001e-08,5.6649109852401707e-11,5.6649074717888109e-11,0.39899326934474316,0.096263114930947802,0.39897152254934959,0.096068893909501282,both_positive,0.00062824566089228809,-7.3725792882221448,0.029924772891467305,1.4648437499999999e-05
reach,25,float32_field_bfloat16_roundtrip,4,0.00058704104788558564,0.00058704104788558553,0.00059003745877156746,0.00059003745877156931,0.5574131533146176,18.249648717421152,0.46404106592567829,5.8618709968396647,both_positive,1.0051042612723153,0.0050912786896697426,0.045437851953699239,0.53703369140625001
reach,25,float32,5,5.8860803902255406e-07,5.8860803871322578e-07,3.4561443530109304e-10,3.4561414609853035e-10,0.95176726875260109,0.24627716224808291,0.95172861199041059,0.24536422533243765,both_positive,0.00058717246858371551,-7.4401919676900619,0.071384313679057398,7.3242187499999997e-06
reach,25,float32_field_bfloat16_roundtrip,5,0.003374593951969066,0.003374593951969066,0.0033442687501973908,0.0033442687501973808,1.2709527843331396,42.77699553876591,1.0785857702131902,14.671998467671406,both_positive,0.99101367388097739,-0.0090269466837922252,0.10673067879079837,0.49651123046875001
reach,25,bfloat16,0,6.531185516255096e-05,6.5311855162550933e-05,8.4251264711361355e-05,8.4251264711363943e-05,0.13778498707138354,6.7648500584235229,0.07750885233749838,1.7277758656106255,both_positive,1.2899842532672388,0.25463001152949616,0.011203301283568955,0.091149902343750006
reach,25,bfloat16,1,0.00011655371313863507,0.00011655371313863501,0.00013953643365132424,0.00013953643365132543,0.16788379576650675,8.7491106236983551,0.11320358613989227,2.4142833984876066,both_positive,1.1971856571000217,0.17997351655379568,0.015155637056931561,0.027827148437500001
reach,25,bfloat16,2,0.00021347399414089314,0.0002134739941408927,0.00028071304729675417,0.0002807130472967565,0.23166654758840355,12.19618696158404,0.16461639583530394,3.2170275962326942,both_positive,1.3149753834253139,0.27381794562585071,0.021063367811550254,0.014968261718750001
reach,25,bfloat16,3,0.00041209862378329147,0.00041209862378329039,0.00055886114464601567,0.00055886114464601187,0.37083824056682874,16.734214496531489,0.27175552710381207,4.7935521854667611,both_positive,1.3561344600362013,0.30463834392097588,0.032077462661940469,0.0088354492187499994
reach,25,bfloat16,4,0.0013466013495326856,0.0013466013495326847,0.0018557515223768539,0.0018557515223768567,0.6698499627385156,30.489073884729802,0.50752877403410368,8.578063637219616,both_positive,1.3781001504423414,0.32070584806544744,0.058576896011267629,0.0051660156250000009
reach,25,bfloat16,5,0.0093203876645022547,0.0093203876645022252,0.013360993059550151,0.013360993059550099,1.7034417506611377,81.664227320153159,1.3352514889748128,22.084827719375262,both_positive,1.4335233190392924,0.36013527341462304,0.15299491482969166,0.00236083984375
reach,26,float32,0,4.1346366220988219e-10,4.1346366213148201e-10,1.7506538871203556e-12,1.7506537991046059e-12,0.051423591021570139,0.0065872914985206782,0.051424690793768352,0.0064962522673552049,both_positive,0.0042341178853867205,-5.4645802640999719,0.0038568806382607516,5.6152343750000002e-05
reach,26,float32_field_bfloat16_roundtrip,0,4.4275887078816421e-05,4.4275887078816421e-05,4.1020051146795949e-05,4.102005114679557e-05,0.12559912954710101,4.8815590486912255,0.088978253633222967,1.6319781071426747,both_positive,0.92646480631263939,-0.07637921960945171,0.010390668171128891,0.71886718750000012
reach,26,float32,1,1.4191574951288679e-09,1.419157494995501e-09,3.7312724183030608e-12,3.7312722435353822e-12,0.081169531757871005,0.01216963664115483,0.081169547969303132,0.012037267006931902,both_positive,0.0026292165817467916,-5.9410693548296436,0.0060878260168384961,4.1503906250000003e-05
reach,26,float32_field_bfloat16_roundtrip,1,5.1756147109459085e-05,5.1756147109459079e-05,4.7890549774428887e-05,4.7890549774429144e-05,0.13870750746940727,5.1497160950846315,0.11162538697896165,1.8555356231493463,both_positive,0.92531133882793004,-0.077625015584217749,0.011922359897418877,0.65697998046875006
reach,26,float32,2,8.6149448369293084e-09,8.6149448360149644e-09,7.6249029725623335e-12,7.6249023326088537e-12,0.14366581953126203,0.029743166326010723,0.14366103468265184,0.029700133776916913,both_positive,0.00088507856021050708,-7.0298341482966009,0.010775012610839374,2.1972656250000003e-05
reach,26,float32_field_bfloat16_roundtrip,2,0.00013857156806638526,0.00013857156806638526,0.00013429514989158866,0.00013429514989158925,0.23451811433210754,8.645134979731683,0.18593669841681515,2.9532730656420263,both_positive,0.96913928135136707,-0.031346940215859931,0.019839741164570279,0.59449462890625004
reach,26,float32,3,1.4305583778321172e-08,1.4305583769446045e-08,1.6815917098350878e-11,1.6815908483750567e-11,0.20840146080974231,0.038298480801768328,0.20839756888697528,0.038283574307074748,both_positive,0.0011754792645256387,-6.7460793298456956,0.015630342264319672,1.4648437499999999e-05
reach,26,float32_field_bfloat16_roundtrip,3,0.0001603837136479979,0.0001603837136479979,0.00016251342887724696,0.00016251342887724633,0.28489719629873911,9.4579545882848279,0.23981320902021819,3.1411551979472363,both_positive,1.0132788746488515,0.013191483183017993,0.023587061645552472,0.57900878906249997
reach,26,float32,4,7.8366465504508726e-08,7.836646546609827e-08,5.8541512603435643e-11,5.8541476010704323e-11,0.39819356684703622,0.089578631857129415,0.39818038129149841,0.089604909196626989,both_positive,0.00074702249522874708,-7.1994152591901681,0.02986508589483881,1.7089843749999998e-05
reach,26,float32_field_bfloat16_roundtrip,4,0.00047759256742861136,0.00047759256742861136,0.00049580898415534991,0.00049580898415535197,0.52054594479347083,16.453641390811836,0.44766227754196847,5.3990292401216395,both_positive,1.0381421696422473,0.037432740338115167,0.042653755812364344,0.53798095703124993
reach,26,float32,5,6.9390309789618748e-07,6.9390309759417238e-07,3.2207582664408956e-10,3.2207553045277874e-10,0.96999148307259764,0.26639622571693222,0.96999667043490889,0.26664779901805591,both_positive,0.00046415101419863418,-7.6753005970541821,0.072753848573940683,1.7089843750000002e-05
reach,26,float32_field_bfloat16_roundtrip,5,0.0035497163300132455,0.003549716330013246,0.0035585789661681556,0.0035585789661681348,1.3391731273921534,45.135497711733869,1.0817140182825384,14.187250874793099,both_positive,1.0024967167319754,0.0024936051128996439,0.10845383715157789,0.49632324218750001
reach,26,bfloat16,0,7.2882149775888209e-05,7.2882149775888169e-05,8.9801685398183158e-05,8.9801685398184907e-05,0.14589315606596023,7.0743438175074047,0.080406908621370843,1.8119192608686219,both_positive,1.2321492392077118,0.20875999349553354,0.011724331281623781,0.091967773437499983
reach,26,bfloat16,1,0.00012264879676223621,0.00012264879676223615,0.00014063312639960317,0.00014063312639960528,0.1703813912565259,8.8615009000782674,0.11078749522153415,2.4885902707789866,both_positive,1.1466327441616155,0.13682959869960776,0.015298511692774016,0.027585449218749999
reach,26,bfloat16,2,0.00020445559060660421,0.0002044555906066038,0.00026006390009946002,0.00026006390009946192,0.25364660213571155,11.77550987809613,0.16262722201163798,3.1983211506228946,both_positive,1.2719823377187691,0.24057657938030808,0.021114478428328254,0.014313964843750001
reach,26,bfloat16,3,0.00044533614965179172,0.00044533614965179069,0.00057480847637262624,0.00057480847637262169,0.39337043894314733,17.2610289463992,0.2570218437990871,4.8891162168791311,both_positive,1.2907294339838993,0.25520751126613916,0.03228496585858865,0.0088159179687499999
reach,26,bfloat16,4,0.0014720889780154467,0.0014720889780154458,0.0020324326781367788,0.0020324326781367774,0.73946190609511331,32.076336475226121,0.47027749527716917,8.8056630411255661,both_positive,1.3806452656664427,0.32255097370212837,0.059445257324494905,0.0049121093750000002
reach,26,bfloat16,5,0.0094987626619301001,0.0094987626619300689,0.012552477774841315,0.01255247777484122,1.8192148415812865,80.783033703582703,1.2244015997399074,22.094012467794951,both_positive,1.3214855683414577,0.27875653433776915,0.15018616601576237,0.0024707031250000002
reach,27,float32,0,3.9355987693875889e-10,3.9355987686810634e-10,1.7788833703403673e-12,1.7788832905012565e-12,0.04936880647561219,0.0064611333127358268,0.049369642697325647,0.006329864368972528,both_positive,0.0045199815188914092,-5.3992473738871958,0.0037027587241095648,3.4179687500000003e-05
reach,27,float32_field_bfloat16_roundtrip,0,2.9983295506056488e-05,2.9983295506056491e-05,2.7098484346830099e-05,2.7098484346830228e-05,0.10109521896605571,3.8919756619814758,0.078789578359340182,1.4149501967853741,both_positive,0.90378605451680016,-0.10116261195714848,0.0087887922172890966,0.72240966796875006
reach,27,float32,1,1.5668032777776421e-09,1.5668032776553654e-09,3.5801315367307726e-12,3.5801313673265795e-12,0.07894676679248383,0.012763312844874714,0.078946705802440675,0.012652393067406212,both_positive,0.0022849910946119798,-6.0813931519687365,0.0059211303372006304,2.1972656249999999e-05
reach,27,float32_field_bfloat16_roundtrip,1,7.1071771408074324e-05,7.1071771408074324e-05,6.6312781432516891e-05,6.6312781432517121e-05,0.16224366840417698,6.1721413507130913,0.12012177567810457,2.0851558191365789,both_positive,0.93303966003277672,-0.069307570964520337,0.01353161812795127,0.65949218749999994
reach,27,float32,2,7.9922811313729671e-09,7.992281130469355e-09,7.5147314828654135e-12,7.5147304918830403e-12,0.13664554715271021,0.02871321992604859,0.1366433706148715,0.028590921563532937,both_positive,0.00094024864232653482,-6.9693662045643165,0.010248596117587851,4.1503906250000003e-05
reach,27,float32_field_bfloat16_roundtrip,2,0.00011281593030280929,0.00011281593030280929,0.00010371972476976261,0.00010371972476976212,0.20546508968158131,7.4878514298089067,0.1736466676485291,2.8091421294515584,both_positive,0.91937126690679638,-0.084065248103152967,0.018111141368594298,0.60375000000000001
reach,27,float32,3,1.1718271612093028e-08,1.1718271605453357e-08,1.6399901780078619e-11,1.6399895100250478e-11,0.18855930617801073,0.034770679890018578,0.18855785197504463,0.034624695150608287,both_positive,0.0013995154168601315,-6.5716292330922137,0.014142222262655237,2.9296874999999999e-05
reach,27,float32_field_bfloat16_roundtrip,3,0.00016448618540953219,0.00016448618540953217,0.00016076340410815175,0.00016076340410815156,0.27188297801331512,9.367855233611893,0.22991865908769349,3.2695594364882838,both_positive,0.9773672099446431,-0.022892842954547632,0.023062335255843121,0.59447998046874995
reach,27,float32,4,5.494191318505582e-08,5.4941913180207099e-08,5.7513055565298129e-11,5.7513052715106087e-11,0.35083591091799088,0.075231790738363336,0.35082904384764918,0.074978331825018674,both_positive,0.0010467974672010813,-6.8620198068745637,0.026313225026882898,3.4179687500000003e-05
reach,27,float32_field_bfloat16_roundtrip,4,0.00045199296069809125,0.00045199296069809119,0.00045290066481419328,0.00045290066481418851,0.47423843580329639,15.71743438637152,0.40740796962688941,5.3576590889588838,both_positive,1.0020082262225944,0.0020062124319615293,0.03973725714109623,0.56022216796875002
reach,27,float32,5,5.1416172482469166e-07,5.1416172453478076e-07,3.025879558827282e-10,3.0258766839086327e-10,0.87647493448953662,0.2302843188613756,0.87647430227447665,0.22929624993013323,both_positive,0.00058850735337387947,-7.4379211362292121,0.065738427691911072,2.4414062500000001e-05
reach,27,float32_field_bfloat16_roundtrip,5,0.0032744468827534162,0.0032744468827534162,0.0031611400555761685,0.0031611400555761541,1.2009699252670418,41.742366085123265,1.0213722664036722,14.530141203643133,both_positive,0.96539665133246244,-0.035216224445764333,0.10243062630267366,0.53549072265624997
reach,27,bfloat16,0,6.8758752633963353e-05,6.8758752633963326e-05,9.0229978524323465e-05,9.0229978524326542e-05,0.13743564395076549,6.9766603159678917,0.078056191893519547,1.7689633969640304,both_positive,1.3122689849343545,0.27175768851321713,0.011417019016023513,0.09073974609374999
reach,27,bfloat16,1,0.00011829147642406179,0.00011829147642406174,0.00014348109074678426,0.00014348109074678535,0.16917215956576678,8.8430487440687244,0.11093189012665092,2.4335303046304144,both_positive,1.2129453032813666,0.19305153684413412,0.015186120370865676,0.027922363281250001
reach,27,bfloat16,2,0.00021481178802481454,0.00021481178802481402,0.00028446487823628915,0.00028446487823628942,0.23837237417775842,12.239703847105709,0.15953477662648166,3.2441936646839675,both_positive,1.324251712868888,0.28084755490504776,0.021059372566013593,0.014692382812500002
reach,27,bfloat16,3,0.0004580164196250939,0.00045801641962509303,0.00059092935728928184,0.00059092935728927566,0.36208551328999522,17.599958910235728,0.24978270450527587,4.8716913927653005,both_positive,1.2901925170564472,0.25479144526694775,0.031669104828142863,0.0088671875000000001
reach,27,bfloat16,4,0.0014252888081272856,0.0014252888081272841,0.0019692705046874905,0.0019692705046874892,0.67356263066655797,31.694312230533921,0.44901392840424709,8.5493910213622293,both_positive,1.3816641886600884,0.3232887064266512,0.056995336903178845,0.0051513671875000003
reach,27,bfloat16,5,0.0095224953064643163,0.0095224953064642886,0.013170087725998255,0.013170087725998123,1.7890856614354027,82.583832490376565,1.1976168549049386,21.496589689987029,both_positive,1.3830500622098267,0.32429125029922723,0.14866767318017043,0.0027270507812499995
reach,28,float32,0,4.0966557174072147e-10,4.0966557167946761e-10,1.8442519041555299e-12,1.8442518048791723e-12,0.052497828402287859,0.0065878120056113267,0.052498685340982121,0.006459114688917582,both_positive,0.0045018474369692999,-5.4032674249062538,0.0039374337825326105,6.8359375000000007e-05
reach,28,float32_field_bfloat16_roundtrip,0,4.5502834401867688e-05,4.5502834401867688e-05,4.1405035416352665e-05,4.1405035416352428e-05,0.12447423449061683,4.8355960076212448,0.093757238358775433,1.7204005830578548,both_positive,0.90994409382667318,-0.094372116713774545,0.010693858470979551,0.71931396484374999
reach,28,float32,1,1.461765925910457e-09,1.461765925740107e-09,3.817181250908565e-12,3.8171811100902568e-12,0.083926514626369991,0.012378653022199574,0.083925536449821272,0.012209550069744607,both_positive,0.0026113491792682498,-5.9478882642855275,0.0062945448946797686,2.9296875000000002e-05
reach,28,float32_field_bfloat16_roundtrip,1,6.9312062121302951e-05,6.9312062121302951e-05,6.5209972674006245e-05,6.5209972674006353e-05,0.16095699191024146,6.087824110087638,0.12206163334797354,2.0740446921930453,both_positive,0.94081709125725266,-0.061006535275266671,0.013525666349687489,0.65682373046875009
reach,28,float32,2,7.3955132370968047e-09,7.3955132361810049e-09,7.7853622435855483e-12,7.7853612748394282e-12,0.14748799756805187,0.027701844976965831,0.14748045901509671,0.02748341657523613,both_positive,0.0010527142598478782,-6.8563834408237447,0.011061468044613689,2.9296874999999999e-05
reach,28,float32_field_bfloat16_roundtrip,2,0.00015034126836025482,0.00015034126836025482,0.00014529463113348257,0.00014529463113348225,0.24187927751848465,9.0043387260308894,0.19103836161927792,3.0717042205343335,both_positive,0.96643212285079794,-0.034144212649131589,0.020495684345876404,0.59533203125
reach,28,float32,3,1.1720997168457076e-08,1.1720997161001553e-08,1.713442622171277e-11,1.7134419742061991e-11,0.19186692235091776,0.034734494025879872,0.19185971161810347,0.034639573430428006,both_positive,0.0014618573808569827,-6.5280474731263496,0.014389979580630501,3.6621093749999999e-05
reach,28,float32_field_bfloat16_roundtrip,3,0.0001630203009185506,0.0001630203009185506,0.00016253042277728619,0.00016253042277728646,0.27492941121140152,9.449153489533213,0.22943149241957989,3.2011191074918894,both_positive,0.99699498689117771,-0.0030095372263438946,0.023030104416964695,0.5896752929687501
reach,28,float32,4,5.3190965564850732e-08,5.3190965560179226e-08,5.6263502922281167e-11,5.6263499953496991e-11,0.34936100534454073,0.073863609297564123,0.34934202545699011,0.073814201681624211,both_positive,0.0010577642711464671,-6.8515977764707436,0.026201933927338758,1.953125e-05
reach,28,float32_field_bfloat16_roundtrip,4,0.00047181962015948448,0.00047181962015948448,0.00047034615451094642,0.00047034615451094458,0.4815724307095417,16.080257011112874,0.40919447486191624,5.4418901237842725,both_positive,0.99687705727871179,-0.0031278292831959931,0.04025107410081237,0.56935791015625004
reach,28,float32,5,5.0109552478719454e-07,5.0109552450402486e-07,3.0313396745227965e-10,3.0313368431430547e-10,0.88154362747952952,0.22685061712936419,0.8814690242649923,0.22648786324089046,both_positive,0.00060494247595009891,-7.4103771855281408,0.066114404587357484,2.4414062499999998e-05
reach,28,float32_field_bfloat16_roundtrip,5,0.0036335309334706405,0.0036335309334706405,0.0035198671141818049,0.0035198671141817486,1.2869077529166768,44.563157919321931,1.0299886273429586,14.901464047861921,both_positive,0.96871808129062298,-0.031781647202552499,0.10608880579511959,0.55406982421875006
reach,28,bfloat16,0,7.0761252719596507e-05,7.0761252719596479e-05,8.9388449777520545e-05,8.9388449777522795e-05,0.14211717241168481,7.015584592897623,0.07898870499315519,1.7857216852198359,both_positive,1.2632400691341272,0.23367990379672143,0.011559044959020263,0.090427246093749997
reach,28,bfloat16,1,0.00012780316254862656,0.00012780316254862651,0.00014868052064872871,0.00014868052064873015,0.17145764919650588,9.1037370694135618,0.11425295881515452,2.5187884261444262,both_positive,1.1633555671375404,0.15130855951620426,0.01562022686989584,0.027248535156249996
reach,28,bfloat16,2,0.00021426040945438346,0.00021426040945438294,0.00028313693649748397,0.00028313693649748516,0.2444827080208381,12.230357413941723,0.16559060009194157,3.2273489460841187,both_positive,1.3214617540333062,0.27873851331408162,0.021330044658069522,0.014650878906250001
reach,28,bfloat16,3,0.0004776724600625762,0.00047767246006257479,0.00059384612150094579,0.00059384612150094091,0.36486627440979741,17.752973270244482,0.25971723651063994,5.0106866448196374,both_positive,1.2432077859861348,0.21769496347049433,0.032340510613431461,0.0086987304687499989
reach,28,bfloat16,4,0.0014581494247108415,0.0014581494247108404,0.001952384673039766,0.0019523846730397677,0.64556512398497656,31.725800276507201,0.47016506371233507,8.6938611689884429,both_positive,1.3389469144610704,0.29188342026298386,0.057569965502300105,0.0051538085937499999
reach,28,bfloat16,5,0.0091155950180529608,0.0091155950180529383,0.012040232161652691,0.01204023216165267,1.7593175141817241,78.894923534831619,1.2276111341297271,21.853847214118641,both_positive,1.3208388632675803,0.27826703722753177,0.14810744605624332,0.0026684570312499999
reach,29,float32,0,4.0046885633704955e-10,4.0046885624843468e-10,1.7740768775859496e-12,1.7740767503730393e-12,0.052016685137301233,0.0064928471098033586,0.052016803466376382,0.0063912816593001097,both_positive,0.0044299996104886124,-5.4193557828509178,0.0039013111478276435,5.6152343750000002e-05
reach,29,float32_field_bfloat16_roundtrip,0,4.1169060742463988e-05,4.1169060742463988e-05,3.8122075598006864e-05,3.8122075598006613e-05,0.12125550384635468,4.7001396283567303,0.086617881887885287,1.5784806259753494,both_positive,0.92598847072276536,-0.076893495036831183,0.010063123899139083,0.71869628906249994
reach,29,float32,1,1.4373445873442191e-09,1.437344587224694e-09,3.5914844884121869e-12,3.5914843181958454e-12,0.083625978848315338,0.012232292425718565,0.083624216025537018,0.012117402756620533,both_positive,0.0024986941336372034,-5.9919870301235818,0.0062719659980084858,3.1738281250000001e-05
reach,29,float32_field_bfloat16_roundtrip,1,5.3351381913637615e-05,5.3351381913637621e-05,5.1480610772021306e-05,5.1480610772021319e-05,0.14364907724282469,5.3537642695187593,0.11267409406963377,1.8357240797944587,both_positive,0.96493490750352795,-0.035694633282451704,0.012161548937599798,0.65583251953124999
reach,29,float32,2,8.7776793837428715e-09,8.7776793827761488e-09,7.4383111735690655e-12,7.4383102148935058e-12,0.14327504281274464,0.030085001270328184,0.14326767527304779,0.029963339169135978,both_positive,0.00084741203778136991,-7.07332351432472,0.010745578047260819,2.1972656249999999e-05
reach,29,float32_field_bfloat16_roundtrip,2,0.00013781136775777521,0.00013781136775777521,0.0001311785424020667,0.00013117854240206645,0.23144506296838707,8.5262884112718282,0.18654811415592942,2.9850145071501641,both_positive,0.95187025959014693,-0.049326535421123197,0.019809849741552997,0.59723632812500005
reach,29,float32,3,1.3580570329229773e-08,1.3580570321539421e-08,1.6427861136271286e-11,1.6427854266446279e-11,0.19698756985071825,0.037394082117764307,0.19698095720129222,0.037281583439893101,both_positive,0.0012096591481812237,-6.7174166547751746,0.014774111227306779,1.7089843749999998e-05
reach,29,float32_field_bfloat16_roundtrip,3,0.00018582018468460548,0.00018582018468460548,0.00018331775385826214,0.00018331775385826073,0.29369618136154707,10.088400350486747,0.24038222562613507,3.3970437897529355,both_positive,0.98653305166717631,-0.013558450109931286,0.024390812480065287,0.58726806640624996
reach,29,float32,4,6.4632175616028354e-08,6.4632175598922299e-08,5.8116390754445948e-11,5.8116375047882471e-11,0.36294174247492278,0.08148730481511389,0.36292916827042543,0.081345298865257681,both_positive,0.00089918666980527055,-7.0140199034395465,0.027220955040990584,1.7089843750000002e-05
reach,29,float32_field_bfloat16_roundtrip,4,0.00048115757560704338,0.00048115757560704344,0.00048030318854413003,0.00048030318854412721,0.49266791839561958,16.095957583161848,0.42669620633417665,5.6035735582878159,both_positive,0.99822430923625083,-0.0017772691713799915,0.041409378554523868,0.55845458984375007
reach,29,float32,5,5.5597862902259739e-07,5.5597862873475474e-07,3.1563044391527406e-10,3.156301708710793e-10,0.86442147079569243,0.23895405025617455,0.86441849199569432,0.23856493953093039,both_positive,0.00056770247530943396,-7.4739130875550117,0.064834596248016782,2.1972656249999999e-05
reach,29,float32_field_bfloat16_roundtrip,5,0.0029967882925044376,0.0029967882925044384,0.0029575444256398735,0.0029575444256398687,1.1850388596196439,40.32197355012579,0.99686067916718024,13.786468450708378,both_positive,0.9869046916117763,-0.01318180792777035,0.099487201407480366,0.53886718750000007
reach,29,bfloat16,0,6.6778440083929493e-05,6.677844008392948e-05,8.875323464583821e-05,8.8753234645839104e-05,0.13706271067931564,6.9274388462904923,0.078766132602368907,1.7147947349376118,both_positive,1.3290701989188429,0.28447959919305355,0.011304877277911593,0.092897949218749998
reach,29,bfloat16,1,0.0001123517323318509,0.00011235173233185085,0.00013842895488642401,0.00013842895488642539,0.16858850379615883,8.6580162465572261,0.11155193920769309,2.3680361396919873,both_positive,1.2321034310138572,0.20872281533242365,0.014981968955081488,0.02855712890625
reach,29,bfloat16,2,0.0002023761304111453,0.00020237613041114492,0.00026956622853215604,0.00026956622853215761,0.2340700871719647,11.893986614665584,0.15629713549567578,3.1537570847294134,both_positive,1.3320060423356648,0.28668610839594422,0.020554478479568195,0.014982910156250001
reach,29,bfloat16,3,0.00042667722021743433,0.00042667722021743352,0.00053839174131949238,0.00053839174131948761,0.34839164876616746,16.710929197353387,0.24473569430232464,4.8543898589931311,both_positive,1.2618244326358188,0.23255863608602922,0.030802418497301712,0.0094287109375000011
reach,29,bfloat16,4,0.001424088947092596,0.0014240889470925953,0.0019329798299067935,0.001932979829906805,0.63977521538477167,31.381782016927438,0.45893584279364791,8.6748989816397728,both_positive,1.3573448722098036,0.30553049168086677,0.056858234873614792,0.0051904296875000004
reach,29,bfloat16,5,0.0088356091634372823,0.0088356091634372511,0.012231264086126155,0.012231264086126119,1.6255170830933305,78.646104371233363,1.1970888171173366,21.57096553073881,both_positive,1.3843147495410351,0.32520525152803526,0.14432900992817438,0.0027539062499999998
reach,30,float32,0,3.5399963370457177e-10,3.5399963365124018e-10,1.702346369384803e-12,1.7023462923716614e-12,0.04815987195173748,0.0061195557309573411,0.048160392452619848,0.0060060204350886161,both_positive,0.0048088930250291886,-5.3372883616773876,0.0036120685380899697,6.3476562500000002e-05
reach,30,float32_field_bfloat16_roundtrip,0,3.3863007164341248e-05,3.3863007164341248e-05,3.0283783440942709e-05,3.0283783440942679e-05,0.10655813710569559,4.1097293416119847,0.082918250750014633,1.514076784531396,both_positive,0.89430283890535367,-0.11171081519094628,0.0092707742868811567,0.72562500000000008
reach,30,float32,1,1.4262460219834279e-09,1.4262460218131313e-09,3.6291645731784987e-12,3.6291644117066223e-12,0.077938572977051562,0.012201137620859694,0.077938145933270336,0.012066642070284154,both_positive,0.0025445571922658567,-5.9737986353690218,0.0058454867670597582,4.1503906250000003e-05
reach,30,float32_field_bfloat16_roundtrip,1,6.4494558545206013e-05,6.4494558545206e-05,6.1434957646148871e-05,6.1434957646149278e-05,0.15646455496001657,5.9483809718837373,0.11483546561019126,1.9577567258579363,both_positive,0.95256032496272403,-0.04860184069255169,0.012934537793010343,0.6606494140625
reach,30,float32,2,7.5751311649345636e-09,7.5751311639227248e-09,7.3620566612551743e-12,7.3620557892138672e-12,0.1331261251420939,0.02797920317914665,0.13312101177807126,0.027828724450758065,both_positive,0.00097187183970282715,-6.9362866143546817,0.0099845001833616578,2.685546875e-05
reach,30,float32_field_bfloat16_roundtrip,2,0.00014276852217710506,0.00014276852217710506,0.00013521743862328548,0.00013521743862328554,0.23508933597081058,8.7750985625427056,0.17934304210562454,2.9596347281313684,both_positive,0.94710960484375939,-0.054340453481939832,0.019656558343067045,0.60348388671874997
reach,30,float32,3,1.2939046675647425e-08,1.2939046668108132e-08,1.5844114438617819e-11,1.5844107190342265e-11,0.19151592228258416,0.036528047371446153,0.19151212470025158,0.036383570324114677,both_positive,0.0012245194592610923,-6.7052067901008598,0.014363854227970806,3.4179687499999996e-05
reach,30,float32_field_bfloat16_roundtrip,3,0.00016283707674603313,0.00016283707674603313,0.00016246476157791249,0.00016246476157791179,0.27671618890131494,9.4902212194814268,0.22933790869563517,3.1661544432367785,both_positive,0.99771357251333304,-0.0022890453531303478,0.023041386236691924,0.59969482421874998
reach,30,float32,4,7.5128018884792943e-08,7.5128018849314135e-08,5.7505197324713843e-11,5.7505166156223352e-11,0.37590952267703265,0.087864256226731746,0.37588768918597804,0.087695466877665662,both_positive,0.00076542943868780459,-7.1750735238782291,0.028193139457730609,1.953125e-05
reach,30,float32_field_bfloat16_roundtrip,4,0.00056207215152940604,0.00056207215152940604,0.00056380071962162123,0.00056380071962161592,0.53713789905953213,17.839601893254958,0.44132293286108987,5.742476667872829,both_positive,1.00307534911223,0.0030706298991578507,0.043746851618195123,0.56549560546875011
reach,30,float32,5,1.5970383004959028e-06,1.5970383001616721e-06,3.0776343068808824e-10,3.0776309842620362e-10,1.0918042546564064,0.40466764156520851,1.0916029268338407,0.40435638538051843,both_positive,0.00019270886026498136,-8.5543300040214216,0.081882221255176024,1.2207031250000001e-05
reach,30,float32_field_bfloat16_roundtrip,5,0.0035509393549291645,0.0035509393549291645,0.0035146830793885311,0.0035146830793885264,1.4488621274230256,44.648485905638175,1.2051565642584416,14.463941223968453,both_positive,0.98978966636242183,-0.010262816645722594,0.11598899425910716,0.53836914062500008
reach,30,bfloat16,0,6.0965154239087617e-05,6.0965154239087576e-05,7.4601749370868567e-05,7.4601749370869597e-05,0.13163581208766167,6.4239871980989616,0.074743581329675748,1.6905510394457153,both_positive,1.2236785144232094,0.2018614979761324,0.010808925964751899,0.091801757812500009
reach,30,bfloat16,1,0.00010904460631177505,0.00010904460631177498,0.00012635542636008204,0.00012635542636008318,0.1636646046119381,8.3453021410304924,0.1081074347166142,2.3757700540164168,both_positive,1.1587498972559243,0.14734174922989851,0.01465155889002817,0.028200683593750001
reach,30,bfloat16,2,0.00020919369247234679,0.00020919369247234635,0.00026205457785499721,0.00026205457785499764,0.23043024621134106,11.862829321472203,0.15474234927222977,3.2346626353338794,both_positive,1.2526887152184958,0.22529221346030326,0.020568549565595673,0.015249023437500002
reach,30,bfloat16,3,0.00041339609627784194,0.00041339609627784112,0.00052705678609374286,0.00052705678609374026,0.35789258564521198,16.552210267878628,0.24643293814297079,4.7295742656497701,both_positive,1.2749437908081018,0.24290209199788482,0.030692674490027588,0.009411621093750001
reach,30,bfloat16,4,0.0013715756763134465,0.001371575676313445,0.0018546980536725338,0.0018546980536725325,0.68100482125458905,30.796863121002772,0.45642100740121494,8.4845890831022981,both_positive,1.3522389509397215,0.30176170086504062,0.056842843494010011,0.0051318359375000008
reach,30,bfloat16,5,0.0087037033724066282,0.0087037033724066022,0.011458313902416624,0.011458313902416632,1.8173690179585391,76.848357559407944,1.3041071983887267,21.509419279641069,both_positive,1.3164871793244866,0.2749669614521828,0.1505294595693786,0.0028564453125000003
reach,31,float32,0,4.0885320166286777e-10,4.0885320158199293e-10,1.8213280282340419e-12,1.821327974833512e-12,0.051849302289956781,0.0065933223030382355,0.051850246728655361,0.0064495248416407292,both_positive,0.0044547236534443792,-5.4137902506355609,0.0038887995220865993,5.6152343750000002e-05
reach,31,float32_field_bfloat16_roundtrip,0,3.5831403951885176e-05,3.5831403951885176e-05,3.1895789055568909e-05,3.1895789055569065e-05,0.10892659964000183,4.204939561185582,0.086104263280010293,1.5692473799679814,both_positive,0.89016297263704613,-0.11635071769699046,0.0095924243257286233,0.71919189453124999
reach,31,float32,1,1.4847626728713367e-09,1.4847626727293427e-09,3.5923687715587983e-12,3.5923686002639817e-12,0.083460428551108426,0.012427138733972503,0.083459651573939503,0.012316648424012443,both_positive,0.0024194902237214969,-6.0241984123584089,0.0062596021236468553,3.9062500000000008e-05
reach,31,float32_field_bfloat16_roundtrip,1,6.1878726078809577e-05,6.1878726078809577e-05,5.8187158985799844e-05,5.8187158985799939e-05,0.15310723842835278,5.7428839386767887,0.11713864232629549,1.9659026938755806,both_positive,0.94034190218609048,-0.061511744120371858,0.012847644852785299,0.65355712890624995
reach,31,float32,2,1.0352834421467938e-08,1.0352834420578692e-08,7.4928117905685489e-12,7.4928107270696813e-12,0.14694864663949075,0.032583803496013183,0.14694201412682689,0.032561883020337169,both_positive,0.00072374496543972894,-7.2310714853158018,0.011021184582237019,2.4414062499999998e-05
reach,31,float32_field_bfloat16_roundtrip,2,0.00015269227499544087,0.00015269227499544087,0.00014521759941338547,0.00014521759941338801,0.24396608900993899,9.0390620956397285,0.19095946009276918,3.0942070817856773,both_positive,0.95104745421941883,-0.050191318397322604,0.020553498872494334,0.59280761718749997
reach,31,float32,3,1.5306406337873563e-08,1.5306406330146585e-08,1.6021383568640298e-11,1.6021375718251717e-11,0.20191951442073411,0.039676139280745988,0.20191438034927836,0.039583134587959035,both_positive,0.0010467109793758462,-6.8621024316429775,0.015144127161490155,2.4414062500000001e-05
reach,31,float32_field_bfloat16_roundtrip,3,0.00014683716334117517,0.0001468371633411752,0.00014941654421352099,0.00014941654421351969,0.27207906311910873,9.0136319198299599,0.23271856841832911,3.0400259858263459,both_positive,1.0175662673784609,0.017413763858577624,0.022728356879258955,0.5853417968750001
reach,31,float32,4,7.2424784706343765e-08,7.2424784681180136e-08,5.5969145464571676e-11,5.5969122872915079e-11,0.36842392434628851,0.086243499107546209,0.36841116145051972,0.086109911951570139,both_positive,0.00077278994603168329,-7.1655032849439628,0.027632231728950383,1.953125e-05
reach,31,float32_field_bfloat16_roundtrip,4,0.00051118749728808904,0.00051118749728808904,0.00052580447479214825,0.0005258044747921476,0.52083913394389025,17.311258128179098,0.41989881633762,5.3263502835241958,both_positive,1.0285941608149731,0.028192977514811979,0.041770602223608164,0.55897705078125004
reach,31,float32,5,6.009646599368165e-07,6.0096465966582853e-07,3.035657231809285e-10,3.0356545481907341e-10,0.86430327990729727,0.24863696864973378,0.86429355815067666,0.24797227195625979,both_positive,0.00050513073965587996,-7.5906932717875684,0.06482573197119447,1.953125e-05
reach,31,float32_field_bfloat16_roundtrip,5,0.0032479330676520621,0.0032479330676520616,0.0031444794770088802,0.0031444794770088798,1.2114405893434506,41.820102596261997,1.0087602062197676,14.314597783858035,both_positive,0.9681478686634486,-0.032370446487977489,0.10180176417902867,0.54540283203125006
reach,31,bfloat16,0,7.2100629256615243e-05,7.2100629256615202e-05,8.7331312045627315e-05,8.7331312045629144e-05,0.14422373137107664,6.9868971969363187,0.080317261564793407,1.8200417308383083,both_positive,1.2112420230731156,0.19164629850300408,0.011686184754100227,0.091435546874999996
reach,31,bfloat16,1,0.00012468167318554018,0.0001246816731855401,0.00014578151628316245,0.00014578151628316416,0.17317894834050826,8.9973340838140832,0.11271291873351097,2.4934951746887974,both_positive,1.169229707610864,0.15634516242588958,0.01549175164935257,0.028159179687500001
reach,31,bfloat16,2,0.00021735537575761613,0.00021735537575761575,0.00029331053211459611,0.00029331053211459682,0.24672384436472264,12.415279011998997,0.1694236545756328,3.225687240384628,both_positive,1.3494514736165597,0.2996981940421044,0.021593330408473485,0.0144921875
reach,31,bfloat16,3,0.0004253157827378299,0.00042531578273782909,0.00055786865466644377,0.00055786865466643726,0.37055749885893963,16.960899078101956,0.26742208146504048,4.7632907681597505,both_positive,1.3116575431914341,0.27129163754156504,0.031954425413417774,0.0092480468750000006
reach,31,bfloat16,4,0.0014180089566309423,0.0014180089566309415,0.0018408575685579238,0.0018408575685579238,0.70112212175309929,30.857660796316441,0.49843845778588608,8.7176879922259189,both_positive,1.298198830091758,0.26097778843962427,0.059117359771038991,0.0050708007812499999
reach,31,bfloat16,5,0.0088832771223730182,0.0088832771223729852,0.012538432074943557,0.012538432074943501,1.6403394221569656,79.49341975284996,1.1946711400381413,21.448208201595342,both_positive,1.4114646995943458,0.34462795925545375,0.14467783529724287,0.0026293945312499999
reach-wall,0,float32,0,4.0925010284482663e-10,4.092501027684106e-10,1.7363041398324215e-12,1.7363040527265643e-12,0.05213734152732883,0.0065611545642550485,0.05213817131057312,0.0064611794401787494,both_positive,0.0042426480232083596,-5.4625676709027715,0.0039103957804509648,5.3710937500000007e-05
reach-wall,0,float32_field_bfloat16_roundtrip,0,4.583666724012076e-05,4.5836667240120767e-05,4.1121038294536462e-05,4.1121038294536692e-05,0.12364865331484667,4.8063629043506886,0.09438829117943362,1.7471482684255795,both_positive,0.89712103367199625,-0.10856449439592275,0.010735507921462432,0.7196508789062499
reach-wall,0,float32,1,1.5875112385055075e-09,1.5875112383817797e-09,3.6629077194543567e-12,3.6629075299598694e-12,0.083844039452926095,0.012814287290086657,0.083843032091054787,0.012744162514511347,both_positive,0.0023073271108950636,-6.0716655192501499,0.0062883679809368816,3.1738281250000001e-05
reach-wall,0,float32_field_bfloat16_roundtrip,1,6.7420042299517121e-05,6.7420042299517121e-05,6.3832041139688019e-05,6.3832041139687544e-05,0.16072041963760958,6.0720801494061059,0.11875780891882166,2.0020322278107243,both_positive,0.9467813866996817,-0.054687060703610513,0.013265542497726657,0.65638671874999999
reach-wall,0,float32,2,9.4695554327516426e-09,9.4695554318905244e-09,7.485245709301588e-12,7.4852446944891188e-12,0.14571834738219658,0.0312440583968423,0.14571193136771499,0.031122246654233427,both_positive,0.00079045376126242722,-7.142903396052187,0.010928894981169961,2.1972656249999999e-05
reach-wall,0,float32_field_bfloat16_roundtrip,2,0.00013720005845216612,0.00013720005845216612,0.00012809046022797051,0.00012809046022797113,0.22701914051463634,8.3460280727253355,0.18841091455403014,3.061057737222761,both_positive,0.93360353977275001,-0.06870340648661255,0.019795812611021684,0.59660156250000007
reach-wall,0,float32,3,1.4679223004814492e-08,1.4679222997596713e-08,1.6451309131387958e-11,1.645130158402945e-11,0.20246364996812663,0.038950719884970869,0.20245841922650526,0.03874061685085009,both_positive,0.0011207207034045505,-6.7937833154403151,0.015184930950387296,2.4414062500000001e-05
reach-wall,0,float32_field_bfloat16_roundtrip,3,0.00016233675906846047,0.00016233675906846047,0.00016114720592392943,0.00016114720592392981,0.28026783631763819,9.4185764861435306,0.23598309124883679,3.1944182930467839,both_positive,0.99267231185741867,-0.0073546675278173268,0.023376897402272438,0.58727294921875006
reach-wall,0,float32,4,7.3684708724339934e-08,7.3684708699929411e-08,5.7085684703068595e-11,5.7085662152206477e-11,0.36811272032808107,0.08717425883263509,0.36809669040952092,0.086809648284388835,both_positive,0.00077472905425507563,-7.1629971971506521,0.027608825978745487,2.4414062500000001e-05
reach-wall,0,float32_field_bfloat16_roundtrip,4,0.00049918936106289229,0.00049918936106289229,0.00050287427733722539,0.00050287427733722583,0.51221428104323008,16.868792055518682,0.42141107608628947,5.3818351731772589,both_positive,1.0073818004984862,0.0073546883517385808,0.041582924409571023,0.56456054687500001
reach-wall,0,float32,5,4.479936896052292e-07,4.479936893194992e-07,2.9447605355826064e-10,2.9447577789126331e-10,0.87550577631861526,0.21451123635084576,0.87546494851931922,0.21415094423124412,both_positive,0.00065732187839018924,-7.327336738005739,0.065663808520559738,1.953125e-05
reach-wall,0,float32_field_bfloat16_roundtrip,5,0.0034109084320253225,0.0034109084320253225,0.003345383222788705,0.0033453832227887006,1.2446054642110917,43.27017163457456,1.0198441904899449,14.470208464933819,both_positive,0.98078951383701907,-0.019397405295945802,0.10362617633720539,0.54059082031249994
reach-wall,0,bfloat16,0,6.8706767026299167e-05,6.8706767026299113e-05,8.0697449274014411e-05,8.0697449274015956e-05,0.13177760942192185,6.726513810779748,0.076320988251192642,1.8147136180242807,both_positive,1.1745196691197175,0.16085927177925896,0.011247975454965659,0.092912597656250012
reach-wall,0,bfloat16,1,0.0001238265964570808,0.00012382659645708075,0.00014105293686211514,0.0001410529368621159,0.16386398299384602,8.8621932987376688,0.1114165515119338,2.5240836524431942,both_positive,1.1391166429338555,0.13025308741646491,0.015305095898457034,0.028532714843750001
reach-wall,0,bfloat16,2,0.00022722453675289294,0.00022722453675289229,0.00030632795033462356,0.0003063279503346241,0.2335996897583959,12.701981444396917,0.16097945825251336,3.2871370484073856,both_positive,1.3481288364018351,0.29871758388877723,0.021342659937388066,0.015070800781250001
reach-wall,0,bfloat16,3,0.00046988366440342782,0.00046988366440342652,0.00059425929880816309,0.00059425929880815701,0.35132476885572694,17.644073481041303,0.25417283366026433,5.0103339516173993,both_positive,1.2646945272350436,0.23483061257177962,0.031882018323637872,0.0093823242187499999
reach-wall,0,bfloat16,4,0.0015136174279993648,0.0015136174279993637,0.002093471616400402,0.002093471616400399,0.63919885275387256,32.670500338929514,0.49240953723957664,8.810935765612486,both_positive,1.3830916436840079,0.32432131490083194,0.058912807978798408,0.0053637695312499997
reach-wall,0,bfloat16,5,0.0097826878732319173,0.0097826878732318913,0.013003907206424206,0.013003907206424152,1.5682781518085758,82.253068819472659,1.2493257141284799,22.295145975772417,both_positive,1.3292775334278442,0.28463558669378397,0.148221154154419,0.0024877929687499999
reach-wall,1,float32,0,4.1726717034377741e-10,4.172671702475199e-10,1.6754475018637329e-12,1.6754474166079674e-12,0.05240442925167494,0.0066195251746564675,0.052404755822021705,0.0065250518495762943,both_positive,0.0040152871372156305,-5.5176464180221068,0.0039304023833196412,5.8593749999999998e-05
reach-wall,1,float32_field_bfloat16_roundtrip,0,3.5286673273994323e-05,3.5286673273994323e-05,3.0228770103699309e-05,3.0228770103698855e-05,0.10346616283503317,3.9709841662593601,0.090709436973190061,1.6586099042170681,both_positive,0.85666251020544337,-0.15471124167301298,0.0097218456609907151,0.7174169921875001
reach-wall,1,float32,1,1.3016385171655983e-09,1.3016385170095395e-09,3.5660497514391864e-12,3.5660496331845098e-12,0.081652954596079755,0.011614953193467017,0.081652647984802096,0.011538617827005595,both_positive,0.0027396621292403744,-5.899920676681738,0.0061240541960664602,9.7656250000000002e-06
reach-wall,1,float32_field_bfloat16_roundtrip,1,5.6840550792445315e-05,5.6840550792445322e-05,5.1174592285771137e-05,5.1174592285770899e-05,0.14044456943804501,5.2411996365008031,0.11834724502377608,2.0230219323068312,both_positive,0.90031837433518958,-0.10500682895102287,0.012582388039389554,0.65578124999999998
reach-wall,1,float32,2,5.2184442542918673e-09,5.2184442533826634e-09,7.8053702832098504e-12,7.8053691236604567e-12,0.14153366180682467,0.023252022029165154,0.14152902030927336,0.023094560378983973,both_positive,0.0014957274434407126,-6.5051426062419324,0.010614987905709306,3.4179687500000003e-05
reach-wall,1,float32_field_bfloat16_roundtrip,2,0.00014362871182567853,0.00014362871182567853,0.00014127378316710379,0.00014127378316710484,0.24222107783321034,9.0179080314679219,0.17991915290557134,2.8680169430662326,both_positive,0.98360405361406489,-0.016531847446817238,0.019772493308942915,0.59669189453125004
reach-wall,1,float32,3,1.556851687857298e-08,1.5568516869872387e-08,1.7694787661784815e-11,1.7694779542795832e-11,0.21135909146207801,0.040080842353896945,0.21135527345752539,0.039905208986039761,both_positive,0.0011365750379304423,-6.7797358913955286,0.015852161663812807,1.953125e-05
reach-wall,1,float32_field_bfloat16_roundtrip,3,0.00016147281077299978,0.00016147281077299975,0.00016357078442047452,0.00016357078442047387,0.28467112183268045,9.4178292381263606,0.244672358494713,3.2049554392520259,both_positive,1.012992736284402,0.012909054741728099,0.023837535206238263,0.58068603515625006
reach-wall,1,float32,4,9.4720878101527909e-08,9.4720878061450387e-08,6.3693036938730025e-11,6.3692999857963255e-11,0.40894080694522922,0.09858990603294264,0.4089133105547676,0.098482820343240671,both_positive,0.0006724287001484482,-7.3046144741931123,0.030670537870683273,1.2207031250000001e-05
reach-wall,1,float32_field_bfloat16_roundtrip,4,0.00055660909101959259,0.00055660909101959248,0.00056374385947977328,0.0005637438594797697,0.55591685373560551,17.938619486947502,0.46138356814627907,5.6024105756966867,both_positive,1.0128182751149668,0.012736816394829376,0.044787255358309026,0.55107421874999996
reach-wall,1,float32,5,8.1693058070041825e-07,8.1693058039358671e-07,3.3010707997205125e-10,3.3010678319895552e-10,1.0848051896821005,0.28931068131921689,1.0846252890445462,0.28925026267587767,both_positive,0.00040408216777614654,-7.8138923150986486,0.081355507840817451,2.1972656249999999e-05
reach-wall,1,float32_field_bfloat16_roundtrip,5,0.0038518742194361896,0.0038518742194361896,0.003871917829202284,0.0038719178292022714,1.4456734855579314,46.887440631853799,1.199949787963545,14.90670860850885,both_positive,1.0052035992413657,0.0051901073030204969,0.11710305211771002,0.51871337890625002
reach-wall,1,bfloat16,0,7.5023251161875575e-05,7.5023251161875521e-05,9.6566842561077762e-05,9.6566842561079483e-05,0.13803117692818745,7.2698848072835807,0.076184151722244256,1.8283824915275924,both_positive,1.28715886162702,0.25243735660407118,0.011602649758316368,0.091245117187499988
reach-wall,1,bfloat16,1,0.00011897665231664853,0.00011897665231664849,0.00013758018008083647,0.00013758018008083785,0.16899571449492537,8.7313579441792246,0.10860179760970638,2.4648796268795614,both_positive,1.1563628443223959,0.14527960017204578,0.015108072557953744,0.027634277343749999
reach-wall,1,bfloat16,2,0.00022575504299819673,0.00022575504299819608,0.00028260494646813341,0.00028260494646813417,0.24607985769563712,12.346038944984027,0.1652843874593565,3.3373690598597801,both_positive,1.2518211895288238,0.22459944261302134,0.02159434407781817,0.01478759765625
reach-wall,1,bfloat16,3,0.00047115946986521707,0.00047115946986521539,0.00061291260006253088,0.00061291260006252589,0.39248292047049954,17.824210592587132,0.27577703626822631,5.0012496973282614,both_positive,1.3008601954617713,0.26302573446471467,0.033417724402088789,0.0087426757812500006
reach-wall,1,bfloat16,4,0.001504358913804035,0.0015043589138040334,0.0020933473445895081,0.0020933473445895073,0.73907131357969602,32.545576845955495,0.51750560858794536,8.8586289412280284,both_positive,1.3915212157025165,0.33039754850970393,0.061515697681789952,0.0049755859375000006
reach-wall,1,bfloat16,5,0.0095609674901754385,0.0095609674901754142,0.01347801185837433,0.013478011858374311,1.8829067717320447,82.395915183975902,1.3856687919864958,22.292352563024171,both_positive,1.409691212968136,0.34337068251159764,0.15867884156341261,0.0025439453125
reach-wall,2,float32,0,4.1461440913154745e-10,4.146144090650825e-10,1.6953229973049361e-12,1.6953229137075292e-12,0.05084401992384447,0.0065875134756587196,0.050844616482466819,0.0065072170838725955,both_positive,0.0040889148084746127,-5.4994756721344444,0.0038133870310326111,4.6386718750000001e-05
reach-wall,2,float32_field_bfloat16_roundtrip,0,3.2615152956908368e-05,3.2615152956908368e-05,2.9838168932825195e-05,2.9838168932825263e-05,0.1067258095466892,4.1148049873573065,0.080969623869091442,1.4457464233580337,both_positive,0.91485601714785247,-0.08898858439709123,0.0091128136243696992,0.72009765625
reach-wall,2,float32,1,1.5256958977110138e-09,1.5256958975551161e-09,3.5029033486279379e-12,3.5029032433927638e-12,0.080839119079478564,0.012558642157719629,0.080838231000641067,0.012494455199675366,both_positive,0.0022959381052825197,-6.0766137585177447,0.0060630064460448245,4.3945312499999998e-05
reach-wall,2,float32_field_bfloat16_roundtrip,1,5.8448917457063114e-05,5.8448917457063121e-05,5.4201248475168668e-05,5.4201248475168478e-05,0.14778236086173294,5.5297234755391624,0.11451507814313526,1.9337763303272637,both_positive,0.92732681516274773,-0.075449224131805437,0.012549498830716932,0.65678955078125001
reach-wall,2,float32,2,6.7497443426030735e-09,6.7497443416629174e-09,7.4229485597619958e-12,7.4229475037902811e-12,0.14507314703274674,0.026357404453992522,0.14506572757355343,0.026283522133870287,both_positive,0.001099737735681304,-6.8126835497127871,0.010880363995442595,1.953125e-05
reach-wall,2,float32_field_bfloat16_roundtrip,2,0.00015241464730917872,0.00015241464730917872,0.0001464842565632802,0.00014648425656328082,0.24578164953781068,9.1159554644428145,0.18858968299009263,3.0464373160636162,both_positive,0.96109041453300414,-0.039686790636194402,0.020500528315809754,0.59475830078125003
reach-wall,2,float32,3,1.3699391096605394e-08,1.3699391087334587e-08,1.633450205960009e-11,1.6334493364392976e-11,0.2178101649450237,0.03756116336702793,0.2178001252301941,0.037443128824160295,both_positive,0.0011923524151119136,-6.7318271037732345,0.01633566827306196,3.1738281250000001e-05
reach-wall,2,float32_field_bfloat16_roundtrip,3,0.00017722540152053997,0.00017722540152053995,0.0001800459391267794,0.00018004593912678029,0.30276213114245021,9.9926607078806917,0.25140455925035177,3.2687676586217669,both_positive,1.0159149737116693,0.015789658362649561,0.024783096966041532,0.58034667968749998
reach-wall,2,float32,4,9.8174349115759107e-08,9.8174349072639201e-08,5.9099698564574693e-11,5.9099657875149266e-11,0.42639194518844203,0.1004601350399754,0.42636332750911238,0.10023727940268154,both_positive,0.00060198716973299405,-7.4152744256184633,0.03197947643944056,1.7089843750000002e-05
reach-wall,2,float32_field_bfloat16_roundtrip,4,0.0005320724699175275,0.0005320724699175276,0.00053576903059835335,0.00053576903059834532,0.54877123914386516,17.034206972683556,0.48435361829717594,5.8429097678698669,both_positive,1.0069474759357477,0.0069234534245081747,0.045642150404938603,0.53255615234375009
reach-wall,2,float32,5,1.1194973655641706e-06,1.1194973652678408e-06,2.9411895505190534e-10,2.9411863858760229e-10,1.0512603564944507,0.33913289392560853,1.0512291016339059,0.33847312954116182,both_positive,0.00026272411539234313,-8.2444060672661728,0.078849018069694951,1.953125e-05
reach-wall,2,float32_field_bfloat16_roundtrip,5,0.0037202285223927457,0.0037202285223927457,0.0037572047782268498,0.0037572047782268221,1.4002670541828064,45.884348044460928,1.1723746447184817,14.844684100118,both_positive,1.0099392431436771,0.0098901737404748502,0.11460416209314297,0.50548583984375006
reach-wall,2,bfloat16,0,6.6817653918945923e-05,6.6817653918945882e-05,8.5543999132525159e-05,8.554399913252768e-05,0.13401207621839026,6.835423730177733,0.077135160900236824,1.740997773231735,both_positive,1.2802604418930286,0.2470635274631956,0.011189524747060718,0.093547363281250004
reach-wall,2,bfloat16,1,0.00011007131017195362,0.00011007131017195359,0.00013629676753149227,0.00013629676753149306,0.16778719210995466,8.5822945480604407,0.10980016117216686,2.3427654677454544,both_positive,1.2382587916739538,0.21370619254091849,0.014825711588982587,0.028920898437499998
reach-wall,2,bfloat16,2,0.00019845868084964038,0.00019845868084963984,0.0002629864358518932,0.00026298643585189276,0.24042122743947955,11.724612012052667,0.16086762227941884,3.1577053095242924,both_positive,1.3251445324840259,0.28152153460929341,0.020744827071928595,0.015166015625000001
reach-wall,2,bfloat16,3,0.00044824495370649489,0.00044824495370649376,0.00058633336480284903,0.00058633336480284415,0.37436623093304183,17.406146740954796,0.27194724583205404,4.8834281246193747,both_positive,1.3080646194776187,0.26854865508505643,0.032619981298158587,0.0089892578125000018
reach-wall,2,bfloat16,4,0.0015844482667229129,0.0015844482667229111,0.0019989773839429871,0.0019989773839429901,0.69191199344290288,32.352142553646381,0.53393950790508993,9.2233653202919541,both_positive,1.2616236363951709,0.23239949174417784,0.061782741774513414,0.0052075195312499996
reach-wall,2,bfloat16,5,0.0094078013560842284,0.0094078013560842094,0.012046507052483621,0.01204650705248363,1.8336828564737409,79.153558742101922,1.3196675363728418,22.477224383200863,both_positive,1.2804805922791818,0.24723547018114811,0.15407457572879749,0.0027783203124999998
reach-wall,3,float32,0,4.1346437886806982e-10,4.1346437878398288e-10,1.7919467250505994e-12,1.7919466349544752e-12,0.051802520939929354,0.0066426166188042817,0.051803552569884455,0.006482389356804172,both_positive,0.004333980910172632,-5.4412687805448066,0.0038852944974895288,7.8125000000000002e-05
reach-wall,3,float32_field_bfloat16_roundtrip,0,3.8745287942653041e-05,3.8745287942653041e-05,3.5105029631867052e-05,3.5105029631866646e-05,0.11477265000079939,4.4515849887403505,0.088025837104255669,1.5914794256161091,both_positive,0.90604642515048694,-0.098664732364024843,0.0099012465858145382,0.71942871093750005
reach-wall,3,float32,1,1.4870611297523267e-09,1.487061129610945e-09,3.7181020422030166e-12,3.7181019123270275e-12,0.082290275164620008,0.012447098361563198,0.082289834363520109,0.012323918352120071,both_positive,0.0025003020843011843,-5.9913437206873148,0.006171858243029309,3.1738281250000001e-05
reach-wall,3,float32_field_bfloat16_roundtrip,1,7.8410543448393914e-05,7.8410543448393901e-05,7.1746800343264942e-05,7.1746800343265756e-05,0.16697212010946022,6.3658536091779165,0.12811285226310451,2.2519538500463714,both_positive,0.91501470577723099,-0.088815141948082044,0.014273987064806485,0.65729492187500005
reach-wall,3,float32,2,6.2378288193726355e-09,6.2378288184253003e-09,7.5580909389068415e-12,7.5580900135852268e-12,0.14453014402087949,0.025336328353393403,0.14452617133084564,0.025268634466855459,both_positive,0.0012116541119938894,-6.715768818209046,0.010839779492549446,9.7656250000000002e-06
reach-wall,3,float32_field_bfloat16_roundtrip,2,0.00015896966806836524,0.00015896966806836524,0.00015145905914812563,0.00015145905914812577,0.24560314377457754,9.1828617953933573,0.1931316245893466,3.1893466545817928,both_positive,0.95275445302553152,-0.048398065373405075,0.020923977006778904,0.59878173828125003
reach-wall,3,float32,3,1.2964620511875004e-08,1.2964620503673433e-08,1.6712520345688362e-11,1.6712511881128086e-11,0.20696024142329422,0.036400692272841463,0.20695692114696668,0.036461241442103637,both_positive,0.0012890867365057429,-6.6538212675249824,0.015522212415955017,2.685546875e-05
reach-wall,3,float32_field_bfloat16_roundtrip,3,0.00015983696178725266,0.00015983696178725266,0.00016208360923090546,0.00016208360923090486,0.28526764465577231,9.5121307375822965,0.23565690003310821,3.0836655430151629,both_positive,1.0140558692966346,0.013958001576831691,0.023359035245634846,0.58774414062500002
reach-wall,3,float32,4,8.7268912988378404e-08,8.7268912951213643e-08,5.780198978109168e-11,5.7801956038390087e-11,0.395843469115368,0.094531865662265388,0.39582534853361356,0.094554292337151791,both_positive,0.00066234341418678114,-7.3197263839848432,0.029688624549395758,9.7656250000000002e-06
reach-wall,3,float32_field_bfloat16_roundtrip,4,0.000464226498254282,0.00046422649825428205,0.00046896521689243604,0.00046896521689243268,0.51107664518418738,16.006521903662133,0.4439711344036808,5.3976199875222157,both_positive,1.0102077728349717,0.010156025374788769,0.0421928292012234,0.55132080078125012
reach-wall,3,float32,5,1.0758449739149937e-06,1.0758449735990508e-06,3.1488087806862663e-10,3.1488059006277639e-10,1.0068395566324799,0.3318659496452559,1.0067743761408701,0.33195944925676291,both_positive,0.00029268238984542255,-8.1364225305949329,0.075514773855956757,1.953125e-05
reach-wall,3,float32_field_bfloat16_roundtrip,5,0.0036184675838681376,0.0036184675838681372,0.0036540704962883383,0.00365407049628833,1.3731991617533692,45.463353664065885,1.1283460481978669,14.475074952203112,both_positive,1.0098392238136733,0.0097911338390987979,0.11156554159727113,0.53210205078125006
reach-wall,3,bfloat16,0,6.9770276060989421e-05,6.9770276060989367e-05,8.2790874289125077e-05,8.2790874289126405e-05,0.13447734129284961,6.8016841508990487,0.076696066356087736,1.8236807457655313,both_positive,1.1866209933977292,0.17110976674534051,0.011343269311972519,0.092839355468749996
reach-wall,3,bfloat16,1,0.00011907657868746289,0.00011907657868746285,0.00013551755364779328,0.00013551755364779426,0.16870684123083254,8.6751978881622609,0.10888519202605522,2.4868255537819102,both_positive,1.1380706024774407,0.12933437462102226,0.01512960824506264,0.02834716796875
reach-wall,3,bfloat16,2,0.00021887090814297781,0.00021887090814297724,0.00028446429114733227,0.0002844642911473333,0.24182760763322456,12.303817422910305,0.16199324011595201,3.2635754029639688,both_positive,1.2996898197247186,0.26212563578617676,0.02125150662279501,0.015334472656250001
reach-wall,3,bfloat16,3,0.00043918815422280339,0.00043918815422280263,0.0005917517914984132,0.00059175179149840778,0.36201129261782766,17.415037314228687,0.25552667944431562,4.7959703464898498,both_positive,1.3473764850183394,0.29815935727571574,0.031668120197990486,0.0091406249999999994
reach-wall,3,bfloat16,4,0.0014441983042226387,0.0014441983042226374,0.0019653730837529792,0.001965373083752984,0.65976149074349144,31.563045602867078,0.49868630594896118,8.792484463366776,both_positive,1.3608748036931608,0.30812773096874047,0.058923963202259871,0.00527099609375
reach-wall,3,bfloat16,5,0.0082945515548734933,0.0082945515548734725,0.011330786491794949,0.011330786491794887,1.7333358325373105,75.680880838035549,1.3123364439340393,21.109720399091202,both_positive,1.366051728877073,0.31192462930206855,0.14823898158992224,0.0026538085937500002
reach-wall,4,float32,0,3.9802546246622417e-10,3.98025462392228e-10,1.6942414804937266e-12,1.6942413647245809e-12,0.051904431183424984,0.0064791111766940215,0.05190482266773188,0.006369813511577606,both_positive,0.0042566158204953965,-5.4592808427447856,0.0038929046229738279,6.5917968750000004e-05
reach-wall,4,float32_field_bfloat16_roundtrip,0,4.028335222245363e-05,4.028335222245363e-05,3.6889355230215196e-05,3.6889355230214898e-05,0.11842441610359736,4.5943257780010844,0.087859005875890892,1.5922767731924681,both_positive,0.91574690771770861,-0.088015254104552909,0.010042381997677294,0.71971191406250001
reach-wall,4,float32,1,1.4998380571491366e-09,1.4998380570042071e-09,3.6160991235280711e-12,3.6160990030341176e-12,0.083021220662848963,0.012456283722971253,0.08301973984944154,0.01238748882563372,both_positive,0.002410993044410063,-6.0277165647270969,0.0062266289810829168,3.6621093749999999e-05
reach-wall,4,float32_field_bfloat16_roundtrip,1,5.1403429114409793e-05,5.1403429114409786e-05,4.7344198410483633e-05,4.7344198410483877e-05,0.13793341156277655,5.079059321590865,0.11377785395502983,1.881278903868197,both_positive,0.92103190830145909,-0.082260598048506495,0.012067578466122858,0.65652587890625003
reach-wall,4,float32,2,8.6165504675386991e-09,8.6165504664774677e-09,7.8371350957090517e-12,7.8371343273729952e-12,0.14097193394543833,0.029767786992627367,0.14096644267944364,0.029697684218845052,both_positive,0.00090954438498724584,-7.0025667596715664,0.010572960504023815,1.953125e-05
reach-wall,4,float32_field_bfloat16_roundtrip,2,0.00015961111974679575,0.00015961111974679575,0.00014833138642170827,0.00014833138642170862,0.24369232048201325,9.0813571074959505,0.19359984183072465,3.2391853021224426,both_positive,0.92932990293545059,-0.073291487022574486,0.020915343444414862,0.59738769531250002
reach-wall,4,float32,3,1.4633429915739435e-08,1.4633429907822666e-08,1.6733285656016306e-11,1.673327830103413e-11,0.20512021157704183,0.038751100781845384,0.20511204163721397,0.038715266663561489,both_positive,0.0011434971672648192,-6.7736640217543389,0.015384032338884603,2.685546875e-05
reach-wall,4,float32_field_bfloat16_roundtrip,3,0.00015165593414700408,0.00015165593414700405,0.00015338571595797514,0.00015338571595797319,0.27705083422050308,9.1564002308559456,0.23598753021893784,3.0815280013145889,both_positive,1.0114059619275717,0.011341404374048736,0.02306705343120825,0.58912353515625004
reach-wall,4,float32,4,7.785188458675095e-08,7.7851884551777674e-08,5.6850546400794935e-11,5.6850512614922088e-11,0.38186769862915876,0.089444921112747156,0.38184441257978591,0.089269457196896468,both_positive,0.0007302398227424532,-7.2221375534694019,0.02864011718039023,7.3242187499999997e-06
reach-wall,4,float32_field_bfloat16_roundtrip,4,0.00056717054266634955,0.00056717054266634955,0.00056649268192455581,0.00056649268192455527,0.54005628552251483,17.849446863214336,0.44658803070322795,5.8081506720455058,both_positive,0.99880483789125041,-0.001195876884555247,0.044129184779835573,0.55404296875000003
reach-wall,4,float32,5,6.2658162245779399e-07,6.2658162218321291e-07,2.9273683239080375e-10,2.9273656299936594e-10,0.89721744978139817,0.25384955507797885,0.89718343280349344,0.25320668548284392,both_positive,0.00046719664589352407,-7.6687603056422837,0.06729348926208456,1.4648437500000001e-05
reach-wall,4,float32_field_bfloat16_roundtrip,5,0.0036533813378947771,0.0036533813378947779,0.0037171259551329883,0.0037171259551329657,1.3129102454498109,45.605412717998178,1.0609424363617554,14.673188567089547,both_positive,1.0174481148674568,0.017297644275181767,0.10796348078907542,0.52938232421875009
reach-wall,4,bfloat16,0,7.0027564240614937e-05,7.0027564240614882e-05,8.6299128690760124e-05,8.6299128690761818e-05,0.13290338477610156,6.927160314995322,0.074896826556666116,1.783445536348683,both_positive,1.2323594234155573,0.2089305623489075,0.011232593766490325,0.092919921875000006
reach-wall,4,bfloat16,1,0.00012242960146222379,0.00012242960146222374,0.00014142226493424711,0.00014142226493424893,0.16717452875667119,8.8817722087956437,0.10929474595311763,2.4762719297760714,both_positive,1.155131301949746,0.14421401885429397,0.015195552194772009,0.028200683593749998
reach-wall,4,bfloat16,2,0.00021582901848986948,0.00021582901848986893,0.00028139807904921892,0.00028139807904922044,0.23451290423102181,12.216690219719721,0.15816666509005625,3.2519065295758964,both_positive,1.3038009486311364,0.26528380509749638,0.020959057106856492,0.0152001953125
reach-wall,4,bfloat16,3,0.00043233867461467125,0.00043233867461467022,0.00058952052133258686,0.00058952052133258155,0.36069426032117524,17.295760323623828,0.25356730981968928,4.7957269098191899,both_positive,1.3635618461799801,0.31010028067600448,0.031483272207653165,0.0093457031250000003
reach-wall,4,bfloat16,4,0.0014651871764019293,0.0014651871764019282,0.0020315315461010963,0.0020315315461011054,0.6546281546048589,31.99940520059835,0.47660490348663215,8.8217768392034568,both_positive,1.3865338018381672,0.32680696503232642,0.058311015166932129,0.0051782226562500002
reach-wall,4,bfloat16,5,0.0091529099352176489,0.0091529099352176194,0.01263207229586677,0.012632072295866725,1.6459379293206582,80.259722407246585,1.1807225109392523,21.695066646318363,both_positive,1.3801154370876467,0.32216714573415395,0.14495344750737657,0.0028784179687499998
reach-wall,5,float32,0,3.9587646901509866e-10,3.9587646893289717e-10,1.8471775943648083e-12,1.8471775049598892e-12,0.051205714914911438,0.0064572556634997693,0.051206633998493234,0.0063546162075121086,both_positive,0.0046660454433182213,-5.3674433661850998,0.0038405274163592767,3.6621093749999999e-05
reach-wall,5,float32_field_bfloat16_roundtrip,0,3.556205856530872e-05,3.5562058565308726e-05,3.2537506766933996e-05,3.2537506766933739e-05,0.110872385166242,4.2900370035028494,0.084187731449292702,1.5144436637666043,both_positive,0.91495003606666303,-0.088885820589169384,0.0095126270375015219,0.72107177734375005
reach-wall,5,float32,1,1.524430611898727e-09,1.5244306117549405e-09,3.6851463392815538e-12,3.685146216230329e-12,0.081069658078326751,0.012568288661808997,0.081069481379544103,0.012486071395271954,both_positive,0.0024173919826311978,-6.0250660130699387,0.0060803308119121938,3.1738281250000001e-05
reach-wall,5,float32_field_bfloat16_roundtrip,1,6.3032972826335007e-05,6.3032972826335007e-05,5.7991938310352852e-05,5.7991938310352858e-05,0.15115164447241841,5.7002794003626418,0.11815379865294519,2.0298629928068088,both_positive,0.92002543605438158,-0.083353961436049673,0.012966660504725456,0.65768066406249992
reach-wall,5,float32,2,7.7573145297046834e-09,7.7573145288226888e-09,7.555915575785716e-12,7.5559147110039527e-12,0.14133263126603837,0.028219358737117273,0.14132743747434906,0.028185053376570565,both_positive,0.00097403754183902685,-6.9340607110819654,0.010599964031717451,1.7089843749999998e-05
reach-wall,5,float32_field_bfloat16_roundtrip,2,0.00015120004146076629,0.00015120004146076631,0.00014537273580182326,0.00014537273580182285,0.24174440610666487,9.0030139793448427,0.18846811622281176,3.091419917552396,both_positive,0.96145962922599393,-0.03930270211925091,0.020437764196672495,0.59990478515625001
reach-wall,5,float32,3,1.2693855977364169e-08,1.2693855969723285e-08,1.6517999052451287e-11,1.651799180833574e-11,0.1942521392465395,0.036179243581017116,0.19424757081918725,0.036038430106079648,both_positive,0.0013012593716130365,-6.6444227360529311,0.014569037088034876,3.1738281250000001e-05
reach-wall,5,float32_field_bfloat16_roundtrip,3,0.00017152541912562088,0.00017152541912562088,0.00016997221195917382,0.00016997221195917209,0.28186890799972336,9.7166078121205643,0.23331043378234148,3.2542489249440125,both_positive,0.99094474058501192,-0.0090965074732523021,0.023514022893672437,0.59267089843749998
reach-wall,5,float32,4,6.1256730403982402e-08,6.1256730397931953e-08,5.6582237195339004e-11,5.6582232081861434e-11,0.35498768001867709,0.079466497505913017,0.35497310752274963,0.079159360509818824,both_positive,0.00092369012877743307,-6.9871339010337969,0.02662428400266716,1.7089843750000002e-05
reach-wall,5,float32_field_bfloat16_roundtrip,4,0.00051534876140075809,0.00051534876140075809,0.00050838690181774612,0.00050838690181774634,0.50358856115124218,16.840330029717752,0.41972881948044588,5.6275500453324607,both_positive,0.98649097445370959,-0.013601102619900551,0.041605115501500776,0.56260009765625008
reach-wall,5,float32,5,4.2966428306402629e-07,4.2966428278439753e-07,2.9916703565829627e-10,2.9916677280726964e-10,0.84691788509038024,0.21027089487584399,0.84690352628965326,0.20967857771072018,both_positive,0.00069628090453521818,-7.2697573805836679,0.063520685323669723,2.4414062500000001e-05
reach-wall,5,float32_field_bfloat16_roundtrip,5,0.0034427895536380359,0.0034427895536380364,0.0033633135747498468,0.0033633135747498416,1.2119932198319148,43.126608790865092,1.0005658974440463,14.760065846654495,both_positive,0.97691523758569387,-0.023355388547768641,0.10266650095797047,0.53983886718749996
reach-wall,5,bfloat16,0,6.4123226546725738e-05,6.4123226546725711e-05,8.6770000102934586e-05,8.6770000102936524e-05,0.13468618809465988,6.8164268116858766,0.077504797272210976,1.6850205890803838,both_positive,1.3531758268543528,0.30245429407460733,0.011100374611038261,0.093613281249999999
reach-wall,5,bfloat16,1,0.00011450128672686497,0.00011450128672686494,0.00013826993250364169,0.00013826993250364285,0.1637195713396766,8.689584035802584,0.1080604718751985,2.3946570030971488,both_positive,1.2075840932117663,0.18862174653107111,0.014855793803758049,0.028735351562499997
reach-wall,5,bfloat16,2,0.00021709338520253913,0.00021709338520253867,0.00029547525067065005,0.00029547525067065097,0.2361862492268165,12.46130817543343,0.15338251275176323,3.2001751504301961,both_positive,1.3610513760932139,0.30825747173953211,0.02084893235063932,0.014848632812500002
reach-wall,5,bfloat16,3,0.00044226055250831567,0.00044226055250831475,0.00058611767652024091,0.00058611767652023755,0.34409780615985136,17.312069253741633,0.24090071435792826,4.8870121719651012,both_positive,1.3252768604299618,0.28162138887880594,0.030929756788882316,0.0093579101562500013
reach-wall,5,bfloat16,4,0.0016251986557087477,0.0016251986557087462,0.0022547388401212001,0.0022547388401212014,0.66198241735940733,33.934149931066507,0.46674248056774242,9.0821248358201618,both_positive,1.3873619893796372,0.32740409457749653,0.059395372195526763,0.0052050781250000001
reach-wall,5,bfloat16,5,0.0099632266960299302,0.0099632266960299129,0.013944954580679642,0.013944954580679554,1.6188036851610261,84.680688824476292,1.1357021475329063,22.059578009422918,both_positive,1.3996424056311316,0.33621677944561501,0.14545086603285137,0.00266357421875
reach-wall,6,float32,0,4.1251663930194498e-10,4.1251663922544055e-10,1.8020386624109889e-12,1.8020385818994661e-12,0.05136191973971193,0.0065655250020250746,0.05136248926897781,0.0064927149156790761,both_positive,0.0043684023642303841,-5.4333579284288724,0.0038522276620416426,4.3945312499999998e-05
reach-wall,6,float32_field_bfloat16_roundtrip,0,3.321357809273481e-05,3.321357809273481e-05,3.0877518962701557e-05,3.0877518962701618e-05,0.10892062650892485,4.2037011198521324,0.080448115437426304,1.4341351348192588,both_positive,0.9296655384881809,-0.072930393553598094,0.0091646461863266505,0.72003662109375
reach-wall,6,float32,1,1.5262273171013375e-09,1.5262273169468773e-09,3.6717452228973227e-12,3.6717451171070591e-12,0.081071944094676121,0.012579673146378364,0.081071321319095307,0.012492374399112339,both_positive,0.0024057656299002858,-6.0298870768558892,0.0060804807906759874,3.1738281250000001e-05
reach-wall,6,float32_field_bfloat16_roundtrip,1,6.8702373205829976e-05,6.8702373205829976e-05,6.2922494883470187e-05,6.2922494883469536e-05,0.15735274934005916,5.9534115401965932,0.12200827704761538,2.1127106191382548,both_positive,0.91587076177058002,-0.087880014032213793,0.013478429494118777,0.65812255859375002
reach-wall,6,float32,2,6.6194579491136644e-09,6.6194579483196959e-09,7.6379705767846433e-12,7.6379694782635221e-12,0.1401376551564309,0.026178411086320345,0.14013212108676701,0.02600986831218053,both_positive,0.0011538664699588213,-6.7646368281988281,0.010510288916153951,1.2207031250000001e-05
reach-wall,6,float32_field_bfloat16_roundtrip,2,0.00014403946307484203,0.00014403946307484203,0.00013598212811337607,0.00013598212811337615,0.23490616386851118,8.7532353332443975,0.18445900427189371,3.0121391564722431,both_positive,0.94406161485564954,-0.05756384499242273,0.019922974226518956,0.60002685546875001
reach-wall,6,float32,3,1.2217060643727052e-08,1.2217060635811851e-08,1.6300351975622132e-11,1.6300344465406841e-11,0.19939944959217396,0.035542797450200642,0.19939606495036577,0.035343100813210973,both_positive,0.0013342286210220032,-6.6194019660961274,0.014955142659275566,3.1738281250000001e-05
reach-wall,6,float32_field_bfloat16_roundtrip,3,0.0001529878960418519,0.0001529878960418519,0.00015013668716282923,0.00015013668716282877,0.27020301753237408,8.9858497773715431,0.23505860535921838,3.1946702668207645,both_positive,0.98136317347456892,-0.018812680511167912,0.02298816162322451,0.59235107421875
reach-wall,6,float32,4,7.386516586445211e-08,7.3865165831087548e-08,5.7944070251479953e-11,5.7944040769234764e-11,0.37716796157830951,0.087142020181556604,0.37715285101442947,0.086951022325083574,both_positive,0.00078445732265478821,-7.1505183879659384,0.028287957299360934,1.7089843750000002e-05
reach-wall,6,float32_field_bfloat16_roundtrip,4,0.00047552136669635038,0.00047552136669635038,0.00047878707147819396,0.00047878707147819575,0.50111620805302592,16.147819919955172,0.4328239674828176,5.4910274122187417,both_positive,1.0068676299543211,0.0068441551997269201,0.041709145607736711,0.55868408203125008
reach-wall,6,float32,5,7.6882673131753967e-07,7.6882673102676691e-07,3.0213197672855114e-10,3.0213170695038075e-10,0.93817276570990715,0.28092713882317671,0.93812604793868215,0.28053798455668261,both_positive,0.00039297798115160102,-7.8417569752686855,0.070364515268681538,2.9296874999999999e-05
reach-wall,6,float32_field_bfloat16_roundtrip,5,0.0035473937441551796,0.00354739374415518,0.0035013757774998121,0.0035013757774997761,1.3006889759447033,44.077362001182081,1.0714739497303827,14.847962654385761,both_positive,0.98702766876916659,-0.013057206740801242,0.10779229055405809,0.54219970703124998
reach-wall,6,bfloat16,0,6.4423232337952957e-05,6.442323233795293e-05,8.2474177937944229e-05,8.2474177937946099e-05,0.13011612461854999,6.7061399785740239,0.075948613019760539,1.7150032646420517,both_positive,1.2801931065069692,0.24701093101119831,0.011010381456746951,0.092429199218750008
reach-wall,6,bfloat16,1,0.00011361989881007697,0.00011361989881007691,0.00013420586823836462,0.00013420586823836611,0.16165198408869499,8.5852280719558518,0.10767050809056358,2.4040869990450657,both_positive,1.1811827826277017,0.16651629461114759,0.014781949754198567,0.02843505859375
reach-wall,6,bfloat16,2,0.00021862224432233609,0.00021862224432233561,0.00027492726192088245,0.00027492726192088446,0.23538224945958466,12.161973970347972,0.16074867910361762,3.2863364735990377,both_positive,1.2575447790003034,0.22916123190073812,0.021089218367384893,0.01512939453125
reach-wall,6,bfloat16,3,0.00043352244026264024,0.00043352244026263927,0.00059070257814260532,0.00059070257814260239,0.3582810087030312,17.36908591470069,0.26173004572631636,4.7539637779249029,both_positive,1.3625651714470441,0.30936907866604724,0.031742618265747591,0.0089843749999999993
reach-wall,6,bfloat16,4,0.0015101239952219545,0.0015101239952219538,0.0020362636079578446,0.0020362636079578507,0.6830530358114355,32.337847094659566,0.49986505376592477,8.8584853379107678,both_positive,1.3484082197227516,0.29892480026748824,0.059811352021227782,0.00498291015625
reach-wall,6,bfloat16,5,0.0095218654560916133,0.0095218654560915855,0.013026193384901422,0.013026193384901351,1.7585909784660387,81.722054577475006,1.2772143811293539,22.069461955418738,both_positive,1.3680295573351033,0.31337142520605799,0.15173795907819254,0.0026000976562500001
reach-wall,7,float32,0,4.207072562264102e-10,4.2070725614786878e-10,1.7756824889793138e-12,1.7756824007097708e-12,0.05125822802654191,0.0066352626924200825,0.051259485331315267,0.0065552803286226197,both_positive,0.0042207080165589123,-5.4677523885713448,0.0038444856934640912,5.6152343750000002e-05
reach-wall,7,float32_field_bfloat16_roundtrip,0,4.0913578682150036e-05,4.0913578682150043e-05,3.7566921307887842e-05,3.7566921307888445e-05,0.11932768825448542,4.6363074159918956,0.087561768077129745,1.6024730236692937,both_positive,0.91820179309510541,-0.085338094331735448,0.010066918933053772,0.71907714843750004
reach-wall,7,float32,1,1.5224505936501046e-09,1.5224505935028801e-09,3.6517235702411505e-12,3.65172341760329e-12,0.080453454748085115,0.012541770281972201,0.080453194932995686,0.012482491723723795,both_positive,0.0023985826439766908,-6.0328772810901512,0.0060341129788649582,2.4414062500000001e-05
reach-wall,7,float32_field_bfloat16_roundtrip,1,6.0466102586124091e-05,6.0466102586124098e-05,5.7629338040006577e-05,5.7629338040006557e-05,0.15345888756213313,5.7832337026553375,0.1116618127844743,1.8781707736577657,both_positive,0.95308504393718763,-0.04805114118015652,0.012557198719401291,0.65655029296875012
reach-wall,7,float32,2,7.2686182974767488e-09,7.2686182964710617e-09,7.9579144176532335e-12,7.9579134961934618e-12,0.14244797958126587,0.027361378902326355,0.14244365937532921,0.027272602517103527,both_positive,0.0010948317949803154,-6.8171545394033117,0.010683653598488989,3.6621093750000005e-05
reach-wall,7,float32_field_bfloat16_roundtrip,2,0.00017949396554622205,0.00017949396554622205,0.00017066199390670654,0.00017066199390670817,0.26239863755324294,9.85599538440092,0.19824326049461558,3.3132657449812783,both_positive,0.95079516120422913,-0.050456632692652548,0.021911390462816954,0.59790771484374994
reach-wall,7,float32,3,1.3941178890286735e-08,1.3941178881773225e-08,1.6673358675195502e-11,1.6673350792296016e-11,0.2113111260516812,0.037860596610575392,0.21130582427517022,0.037779825116775252,both_positive,0.00119597910667457,-6.7287900929419315,0.015848460281459864,1.7089843749999998e-05
reach-wall,7,float32_field_bfloat16_roundtrip,3,0.00017073504994917794,0.00017073504994917794,0.00017159786455994038,0.00017159786455994117,0.29230688993042553,9.7340447846651035,0.24518933328223949,3.2436438883367056,both_positive,1.0050535294950818,0.0050408032717932372,0.024194827806790213,0.582880859375
reach-wall,7,float32,4,8.9710748284700837e-08,8.9710748245738433e-08,5.6711406073828462e-11,5.6711371059295363e-11,0.40605985652033094,0.096038466707464021,0.40604232694093895,0.095818642391754,both_positive,0.00063215843316625142,-7.3663705098441099,0.030454922377651135,1.4648437500000001e-05
reach-wall,7,float32_field_bfloat16_roundtrip,4,0.00046471197172160474,0.00046471197172160474,0.00047177989841207496,0.00047177989841207154,0.51793682395099971,16.134540900751137,0.45099661316942147,5.3263901984863731,both_positive,1.0152092632007863,0.015094761884673069,0.042599322489036202,0.54491210937500001
reach-wall,7,float32,5,1.016131844692207e-06,1.016131844385241e-06,3.2106046458044441e-10,3.2106017193792025e-10,1.0229753571913718,0.32306987137468268,1.0229322280126638,0.32248171580190249,both_positive,0.00031596339220890744,-8.0598841985283602,0.076725872492006006,2.685546875e-05
reach-wall,7,float32_field_bfloat16_roundtrip,5,0.0038920658742948077,0.0038920658742948081,0.0038288616782554932,0.0038288616782554533,1.405782085362258,46.525113815421854,1.1525005570677131,15.2550292972396,both_positive,0.98376075891809867,-0.016372542671854617,0.11469755281087128,0.51618896484374999
reach-wall,7,bfloat16,0,6.8505454263287233e-05,6.8505454263287206e-05,8.2961657244756104e-05,8.296165724475811e-05,0.13562488190543329,6.7921432605780616,0.080587252359604927,1.7912662976981839,both_positive,1.211022657056025,0.19146517377333083,0.011402865306669521,0.093378906250000004
reach-wall,7,bfloat16,1,0.00012086772816468822,0.00012086772816468821,0.00013818554531223805,0.00013818554531223962,0.16580702144717405,8.773068518533929,0.11056002423993258,2.4857082813231681,both_positive,1.1432790821049723,0.13390052132998775,0.015174933723669919,0.028283691406249999
reach-wall,7,bfloat16,2,0.00020654991118068379,0.0002065499111806833,0.00027019009927707589,0.00027019009927707767,0.23453945291343747,11.951805912326446,0.15801910828544485,3.1907145967003747,both_positive,1.3081104597557611,0.26858369882391742,0.020707857566434909,0.0150927734375
reach-wall,7,bfloat16,3,0.0004308030979378172,0.00043080309793781606,0.00056621280092151094,0.00056621280092150736,0.36307512305313444,17.130573815968447,0.26037938934480637,4.7482605642807121,both_positive,1.3143192415093519,0.27331884451838295,0.031627520421270656,0.0090966796874999995
reach-wall,7,bfloat16,4,0.0016678074765093033,0.0016678074765093017,0.0021872395270333012,0.0021872395270333056,0.68800678439182428,33.867975809039379,0.49466394784336981,9.1760915748029657,both_positive,1.3114460498829048,0.27113038328569417,0.060988968555950179,0.0049243164062500004
reach-wall,7,bfloat16,5,0.0099574794410865562,0.0099574794410865353,0.0136203941329829,0.013620394132982837,1.7364470669036882,83.915865248819244,1.2915811206556742,22.24314806674963,both_positive,1.3678556118109995,0.31324426670810634,0.15325374729395497,0.0025366210937500001
reach-wall,8,float32,0,4.0383800726440882e-10,4.0383800719837995e-10,1.7720024872116443e-12,1.7720023847552648e-12,0.051410896630038908,0.0065003692084177082,0.051411280607928815,0.0064230171374118523,both_positive,0.0043879041975646528,-5.4289035696323218,0.0038558903103674651,4.8828125000000003e-05
reach-wall,8,float32_field_bfloat16_roundtrip,0,4.527933819514278e-05,4.5279338195142794e-05,4.1077678572656595e-05,4.107767857265688e-05,0.12355488759286273,4.8164300482375868,0.09340364618287636,1.7186763929891189,both_positive,0.90720580755005586,-0.097385944408708625,0.010650111256241643,0.72032958984375006
reach-wall,8,float32,1,1.6099716440137997e-09,1.6099716438536453e-09,3.5976266528984647e-12,3.5976264929095717e-12,0.081609562688951989,0.01289539286008465,0.081608627230338918,0.012835988871091856,both_positive,0.0022345900726110108,-6.1036974804407791,0.0061207924796011452,3.4179687499999996e-05
reach-wall,8,float32_field_bfloat16_roundtrip,1,6.5708252600020357e-05,6.570825260002037e-05,6.1985537667966583e-05,6.1985537667966231e-05,0.15805630138698468,5.9918201122553878,0.11582913804688329,1.9743702744138778,both_positive,0.94334478874800243,-0.058323433537577074,0.013049765812115279,0.65692626953125011
reach-wall,8,float32,2,8.5622115475985983e-09,8.5622115466924733e-09,7.6731031782047351e-12,7.6731020512934876e-12,0.14064157687827622,0.029626431572695226,0.14063650381429676,0.02961560702718307,both_positive,0.00089615902802083565,-7.0173926741078354,0.010548183247732852,4.1503906250000003e-05
reach-wall,8,float32_field_bfloat16_roundtrip,2,0.00014345020771428695,0.00014345020771428695,0.00013856875737223531,0.00013856875737223458,0.2389559527920147,8.9061925479300594,0.18026484832783499,2.9169351540664028,both_positive,0.9659711169482994,-0.034621344856065051,0.01975868404625861,0.59822509765624998
reach-wall,8,float32,3,1.4672930475394986e-08,1.4672930467323217e-08,1.652517519723195e-11,1.6525167758527105e-11,0.20720817318561219,0.038841430169414146,0.20720374091873708,0.03875771844501965,both_positive,0.0011262355004641364,-6.7888746232962873,0.015540804221515703,3.4179687500000003e-05
reach-wall,8,float32_field_bfloat16_roundtrip,3,0.00015894176451958288,0.00015894176451958285,0.00015940685918331161,0.00015940685918331267,0.28330205176972179,9.3702534189032942,0.23975264705466279,3.1418827852241544,both_positive,1.0029261954221695,0.0029219224460241833,0.023508381042043301,0.58908691406250002
reach-wall,8,float32,4,8.7613096650232342e-08,8.7613096613629507e-08,5.7479105536328741e-11,5.7479070241153222e-11,0.39181828037316074,0.094575680565662429,0.39180116225466621,0.09477592008634772,both_positive,0.00065605608903193939,-7.3292642711021578,0.029386825804681407,2.4414062499999998e-05
reach-wall,8,float32_field_bfloat16_roundtrip,4,0.00051132181930711479,0.00051132181930711479,0.00050429991300442569,0.00050429991300442829,0.51575571427709332,16.429514212440807,0.45664764702786098,5.8546180313860674,both_positive,0.98626714910737745,-0.013828018778166751,0.04356516901818179,0.55306396484375009
reach-wall,8,float32,5,1.1590232347623471e-06,1.1590232344574152e-06,3.1478195905105821e-10,3.1478166644463568e-10,0.96784070111566767,0.34437707970623882,0.96785339082534094,0.34457037756296305,both_positive,0.0002715924492364495,-8.2112079637101907,0.07259453908628917,1.953125e-05
reach-wall,8,float32_field_bfloat16_roundtrip,5,0.0035328170554619533,0.0035328170554619533,0.0035612825666002323,0.0035612825666002175,1.3199942180884641,44.405281251500917,1.1087895000013983,14.685219683005112,both_positive,1.0080574540632579,0.0080251661034775879,0.10954062808607951,0.53305419921874997
reach-wall,8,bfloat16,0,6.4869027075376682e-05,6.4869027075376641e-05,7.903176251317998e-05,7.903176251318204e-05,0.13856604870056596,6.620385423048762,0.076827138447553886,1.7424541828031492,both_positive,1.2183281617796802,0.19747955974734133,0.01116212790289658,0.093244628906250016
reach-wall,8,bfloat16,1,0.00011604567518795285,0.00011604567518795279,0.00013608350742460771,0.00013608350742460933,0.16585956157669257,8.6730691061574738,0.1075823343777715,2.4179179118787379,both_positive,1.1726719432171917,0.15928485725384078,0.014909329314813929,0.028271484375000003
reach-wall,8,bfloat16,2,0.00020826044028491426,0.00020826044028491377,0.00028482012983342204,0.00028482012983342393,0.23845402739211993,12.172486721634071,0.15960121641756964,3.1815133910430373,both_positive,1.3676151334539051,0.31306844442367598,0.020924049261098029,0.015412597656250001
reach-wall,8,bfloat16,3,0.0004338925842953749,0.00043389258429537376,0.00058773436720378086,0.000587734367203775,0.37860299402871944,17.329049379021274,0.2616058436887545,4.7729589494715476,both_positive,1.3545619088149183,0.30347808752651861,0.032048798836659585,0.0094165039062500001
reach-wall,8,bfloat16,4,0.0014155811764166837,0.0014155811764166822,0.0020503359511199822,0.0020503359511199822,0.69294113337504004,32.005898516572991,0.49059235638333476,8.5278481517134281,both_positive,1.448405775153127,0.37046348616536484,0.058927375835352569,0.0051342773437500003
reach-wall,8,bfloat16,5,0.0084045396265899318,0.0084045396265899092,0.01194622533824654,0.011946225338246477,1.7676755392040631,77.022775987892445,1.2572562463565682,21.278681616514557,both_positive,1.4214015126362864,0.35164336559771403,0.147696496696611,0.0026708984375000003
reach-wall,9,float32,0,4.1609451071998668e-10,4.1609451064775396e-10,1.648050057044481e-12,1.648049961440214e-12,0.051794856107870997,0.0066344007009967315,0.051795525526064479,0.0065096035832386207,both_positive,0.0039607589491935076,-5.5313196182422537,0.0038847018291516301,4.8828125000000003e-05
reach-wall,9,float32_field_bfloat16_roundtrip,0,3.5680813941447408e-05,3.5680813941447415e-05,3.1983062648407785e-05,3.1983062648407805e-05,0.10914249079664874,4.2193628405452195,0.08532444737419094,1.5553678022085875,both_positive,0.89636583685821536,-0.10940664927402288,0.0095294897676354122,0.71647460937500007
reach-wall,9,float32,1,1.3866469679722783e-09,1.3866469678308015e-09,3.4461119075203057e-12,3.4461117996029626e-12,0.080021600789880201,0.011994687543846775,0.080021297370410402,0.011906754370489003,both_positive,0.0024852121607849649,-5.9973972465044909,0.0060017117734625924,4.1503906249999996e-05
reach-wall,9,float32_field_bfloat16_roundtrip,1,6.5238637148766406e-05,6.5238637148766406e-05,6.1595781868479786e-05,6.1595781868479569e-05,0.15733621301964942,5.9635592330549887,0.11502530553739179,1.9734315716623598,both_positive,0.94416107632690638,-0.05745849569033723,0.012995312043278653,0.65666259765625001
reach-wall,9,float32,2,7.2057516881689387e-09,7.2057516870846604e-09,7.4641720865619878e-12,7.4641711743177706e-12,0.14043939797500915,0.027205322380484884,0.14043399226184589,0.027163233331459497,both_positive,0.001035863072941765,-6.8725203128550625,0.010532964350440543,2.1972656249999999e-05
reach-wall,9,float32_field_bfloat16_roundtrip,2,0.00012837441449141404,0.00012837441449141404,0.00011992838004597286,0.0001199283800459735,0.22267234034859992,8.1592026895723624,0.18011893931153383,2.9023475473881244,both_positive,0.93420780551247562,-0.068056375658438029,0.019103717720895003,0.59602050781250004
reach-wall,9,float32,3,1.5367621710824581e-08,1.5367621702292868e-08,1.6969090816157854e-11,1.6969082438932484e-11,0.21505975951942349,0.039648790394944435,0.21505356410700088,0.039689680126939464,both_positive,0.0011042106017097777,-6.808624586901793,0.016129607541207489,2.9296874999999999e-05
reach-wall,9,float32_field_bfloat16_roundtrip,3,0.00019062080148531815,0.00019062080148531815,0.00019128208387814437,0.00019128208387814304,0.30745090805565722,10.346048163715515,0.25357117803678419,3.3781051608655868,both_positive,1.0034690987954804,0.0034630953526040287,0.025277074043001009,0.58207519531249996
reach-wall,9,float32,4,9.484613001029277e-08,9.4846129967661734e-08,5.7941670872995591e-11,5.7941631292536637e-11,0.41721054360530357,0.098547582753214985,0.41719414961036488,0.098572663172884614,both_positive,0.00061090179290085658,-7.400574343461237,0.031291362190413674,9.7656250000000002e-06
reach-wall,9,float32_field_bfloat16_roundtrip,4,0.00049040221461817395,0.00049040221461817395,0.00049672957921671388,0.00049672957921670759,0.5319788729443109,16.378110424043506,0.47193487803226186,5.6102930323815166,both_positive,1.0129023980926888,0.012819871259089233,0.044231787862957089,0.53685302734374996
reach-wall,9,float32,5,9.3307405979078947e-07,9.3307405949323791e-07,3.0967064934962188e-10,3.0967035880013872e-10,1.0184607318893117,0.30946407653573871,1.0184431635145732,0.30905302501908138,both_positive,0.00033188217601832712,-8.0107305435477443,0.076388514899206297,9.7656250000000002e-06
reach-wall,9,float32_field_bfloat16_roundtrip,5,0.0035654599054512639,0.0035654599054512634,0.0036358175459685815,0.0036358175459685576,1.3782995122762005,45.134653621666999,1.1380446630915408,14.452456255617362,both_positive,1.0197331178538138,0.019540943897137453,0.11172249730451891,0.51233154296874994
reach-wall,9,bfloat16,0,5.9883119158172908e-05,5.9883119158172881e-05,7.4251719664715425e-05,7.4251719664716605e-05,0.1278091966765022,6.3922267936067243,0.076619040951382958,1.6721310423767057,both_positive,1.2399440895620326,0.2150662895375266,0.010768749742934932,0.094401855468750004
reach-wall,9,bfloat16,1,0.0001134650873900675,0.00011346508739006744,0.00013179308505814516,0.00013179308505814716,0.16286702727495486,8.5467350548666019,0.10788167138751262,2.398116612175861,both_positive,1.1615298422594971,0.14973796576051512,0.014773151308978751,0.02843505859375
reach-wall,9,bfloat16,2,0.00020346475032620085,0.0002034647503262003,0.00026889207361325385,0.00026889207361325635,0.2333993235239416,11.914326218401129,0.15437189830737585,3.1489561813858402,both_positive,1.3215658888439297,0.27881731295203238,0.020477066896770105,0.015329589843750002
reach-wall,9,bfloat16,3,0.00043128756646484848,0.00043128756646484712,0.00056096851239115285,0.00056096851239114775,0.3739303329242758,17.022756285567429,0.26524832530519243,4.811546893693035,both_positive,1.3006832471180776,0.26288970110769228,0.032009269934722667,0.0091943359375000009
reach-wall,9,bfloat16,4,0.0014447375561201709,0.0014447375561201696,0.0019738734446595033,0.0019738734446595042,0.67823832474302648,31.668311421167292,0.50106395643906965,8.7364070493457344,both_positive,1.3662505250852077,0.3120701448343981,0.059263465794576156,0.0052026367187499997
reach-wall,9,bfloat16,5,0.0097562679955848913,0.0097562679955848705,0.012310999248306361,0.012310999248306276,1.7370329862061171,80.554327399915692,1.309449721907471,22.648274406667664,both_positive,1.2618553789089835,0.23258316080824315,0.15286171888220654,0.0025634765625000004
reach-wall,10,float32,0,4.1420370571348235e-10,4.1420370563915495e-10,1.6554543346139639e-12,1.6554542369858723e-12,0.051443387880623713,0.0065906104877013118,0.051444560798884854,0.0065021712060873904,both_positive,0.0039967154126793192,-5.5222824020181527,0.0038583670540239031,6.5917968750000004e-05
reach-wall,10,float32_field_bfloat16_roundtrip,0,2.7391779024772803e-05,2.7391779024772803e-05,2.4301748435193571e-05,2.4301748435193662e-05,0.095553113523761224,3.6388306340343646,0.078234893729619129,1.3948482020306465,both_positive,0.88719131434345155,-0.11969463295845095,0.0085305166655077237,0.72053710937500004
reach-wall,10,float32,1,1.606074287901423e-09,1.6060742877524695e-09,3.6778171772206679e-12,3.6778169892155363e-12,0.08105705948485524,0.012911518370713545,0.081056779119558442,0.012812707950656931,both_positive,0.0022899421308999893,-6.079228732084637,0.0060793872494508509,3.9062500000000001e-05
reach-wall,10,float32_field_bfloat16_roundtrip,1,6.7012257671411783e-05,6.7012257671411783e-05,6.4022790536025955e-05,6.4022790536026782e-05,0.16100150812787753,6.1026200338864891,0.11678610535424341,1.9689380592178236,both_positive,0.95538924908269174,-0.045636430881412338,0.013178835023951146,0.65819580078125006
reach-wall,10,float32,2,7.3013158571945937e-09,7.3013158562733602e-09,7.9343801856612963e-12,7.9343791375048373e-12,0.14303826196866112,0.027457923080120905,0.14303233321055983,0.027324994421331572,both_positive,0.0010867055118349513,-6.8246046258231665,0.010727834754571069,1.7089843749999998e-05
reach-wall,10,float32_field_bfloat16_roundtrip,2,0.00016069429009873872,0.00016069429009873875,0.00015519955332271793,0.00015519955332271988,0.25153450659471649,9.4265093164155687,0.18897693153121486,3.0868215851838614,both_positive,0.96580627244039252,-0.034792011009640689,0.020815400790145114,0.59905517578124989
reach-wall,10,float32,3,1.3261610683924506e-08,1.3261610675808431e-08,1.6626018513070217e-11,1.6626010992753203e-11,0.2097144026505991,0.036926447679743471,0.20970967976571411,0.0368482374926411,both_positive,0.0012536952644239502,-6.681659877129519,0.015728718196615362,2.685546875e-05
reach-wall,10,float32_field_bfloat16_roundtrip,3,0.00021361983524075139,0.00021361983524075142,0.00021414931998261987,0.00021414931998262027,0.3207973940006465,11.075018379958877,0.25180552827132269,3.478229710708896,both_positive,1.0024786309813962,0.0024755642421236956,0.025880567650303641,0.58760253906249993
reach-wall,10,float32,4,9.2041091080223717e-08,9.2041091039735384e-08,5.9213922066945547e-11,5.9213886289925799e-11,0.40987236897079316,0.09720432814552904,0.40985440163425885,0.097073954839088969,both_positive,0.0006433422439042388,-7.3488337142010209,0.030740886451454751,2.4414062499999998e-05
reach-wall,10,float32_field_bfloat16_roundtrip,4,0.00060603719335047726,0.00060603719335047736,0.00061200827923575804,0.00061200827923575468,0.56936569086538136,18.525586295932179,0.47586606588013391,5.9864864446374453,both_positive,1.0098526723290193,0.0098044512320845101,0.046450265871886547,0.54203124999999996
reach-wall,10,float32,5,1.2690713384438589e-06,1.269071338124404e-06,3.2718506508128872e-10,3.2718478071523205e-10,1.0333578860649657,0.36038878172382616,1.0333443447681463,0.36054773629493764,both_positive,0.00025781455712527916,-8.2632700023145116,0.077507278877903388,1.7089843750000002e-05
reach-wall,10,float32_field_bfloat16_roundtrip,5,0.0034853141849883872,0.0034853141849883872,0.0034157253516546877,0.0034157253516546582,1.3508773446233533,43.594283280435143,1.1578380713628966,14.728783293739577,both_positive,0.98003369864518208,-0.020168321536083056,0.11199391242587944,0.51882324218749998
reach-wall,10,bfloat16,0,6.3529572357096947e-05,6.3529572357096892e-05,7.5795605746576598e-05,7.5795605746577832e-05,0.13008808762407348,6.4718615143972373,0.0768377699063858,1.7657352604730956,both_positive,1.1930759634353088,0.17653481538480875,0.011027300669521496,0.0927734375
reach-wall,10,bfloat16,1,0.00011920455211113539,0.00011920455211113534,0.00013477090410300669,0.00013477090410300802,0.16533339949940634,8.6521588259875237,0.10980831992874034,2.4993448497783302,both_positive,1.1305852143746882,0.12273538749327173,0.015117169503518352,0.028439941406250002
reach-wall,10,bfloat16,2,0.00021573144403940717,0.00021573144403940663,0.00028194926472802258,0.00028194926472802583,0.24022790460982157,12.195559561771862,0.16048921772678537,3.2758286953503508,both_positive,1.3069456146435452,0.26769282294507235,0.021132022969396726,0.015180664062500002
reach-wall,10,bfloat16,3,0.00044302074686583634,0.00044302074686583483,0.00057093172284151581,0.00057093172284151126,0.37323250037422839,17.201238686195399,0.26249472576638949,4.8829383119746375,both_positive,1.2887245730151229,0.25365302619522634,0.032095973662941625,0.0091772460937500008
reach-wall,10,bfloat16,4,0.001444517125946585,0.0014445171259465839,0.0019922762860018141,0.0019922762860018137,0.71833377668548892,31.724302229964437,0.50701520042656922,8.759808600578106,both_positive,1.3791987995270636,0.32150275051440147,0.060235210216303417,0.0049462890625000004
reach-wall,10,bfloat16,5,0.010326879274800884,0.010326879274800856,0.014525816600896736,0.014525816600896607,1.7965768061433403,86.254585077095797,1.3671293085118437,22.532997597603003,both_positive,1.4066027319929924,0.34117738715705848,0.15842889868369395,0.0025439453125
reach-wall,11,float32,0,4.3120181669023257e-10,4.3120181660458588e-10,1.6678234711798958e-12,1.6678233735643121e-12,0.051682865689691014,0.0067267516157847422,0.051683785460962327,0.0066333716163918689,both_positive,0.0038678488972555265,-5.5550567669794937,0.0038763179840695531,8.3007812500000006e-05
reach-wall,11,float32_field_bfloat16_roundtrip,0,3.8838546291018569e-05,3.8838546291018569e-05,3.5226567636729e-05,3.5226567636728621e-05,0.1152991635746051,4.4644801854752014,0.086962672507197705,1.5889464948416809,both_positive,0.90700015836780068,-0.09761265426084087,0.0098949773522604614,0.71699951171874998
reach-wall,11,float32,1,1.4705497634917871e-09,1.4705497633436624e-09,3.5200337177201604e-12,3.5200335372034557e-12,0.08069916791891546,0.012346969696523317,0.080698102414454062,0.012262621945689705,both_positive,0.0023936855488398572,-6.0349210301644369,0.0060524975832391501,4.1503906249999996e-05
reach-wall,11,float32_field_bfloat16_roundtrip,1,6.0805767366468259e-05,6.0805767366468259e-05,5.6521714638023586e-05,5.6521714638023606e-05,0.14994502588903552,5.6564949000627234,0.11556534061604409,1.9630889022753739,both_positive,0.92954528963304983,-0.073059748281398385,0.012702751653463483,0.65482910156250007
reach-wall,11,float32,2,7.1541393371327544e-09,7.1541393362338448e-09,7.3416776845924086e-12,7.3416767999191779e-12,0.13920642084162008,0.027136690948901598,0.13920099004054468,0.027058426359125844,both_positive,0.0010262139635002995,-6.8818790125520053,0.010440488687421045,2.685546875e-05
reach-wall,11,float32_field_bfloat16_roundtrip,2,0.00014175849866511034,0.00014175849866511036,0.00013538634585112273,0.0001353863458511213,0.23504022365440286,8.726571266201729,0.18290855603216144,2.9756752535164925,both_positive,0.95504923603175884,-0.045992383776177093,0.019765732321858381,0.59470458984374996
reach-wall,11,float32,3,1.4030017010184045e-08,1.4030017001577317e-08,1.611090905014453e-11,1.611090098858671e-11,0.20926675806065451,0.037962638933872798,0.2092592067746378,0.03790397965978308,both_positive,0.0011483171430547814,-6.7694577622203482,0.015695038693207611,2.9296874999999999e-05
reach-wall,11,float32_field_bfloat16_roundtrip,3,0.00016679510147174352,0.00016679510147174352,0.00016688884807770202,0.00016688884807770059,0.2890797260557702,9.6109223981995999,0.24368268355766523,3.2052008851121818,both_positive,1.0005620465177414,0.00056188862875572454,0.02397164584672647,0.58679687500000011
reach-wall,11,float32,4,9.2591022885157899e-08,9.2591022843579182e-08,5.6403099743938293e-11,5.6403062504827815e-11,0.40702912322334067,0.097505655086521731,0.4070062447845354,0.097359507799797643,both_positive,0.00060916380429122099,-7.4034233538574306,0.030527423716349426,2.1972656250000003e-05
reach-wall,11,float32_field_bfloat16_roundtrip,4,0.00052685378899003507,0.00052685378899003496,0.00053744849496927926,0.00053744849496928067,0.53959989340082026,17.181548271212026,0.4646979475475479,5.6861389694163673,both_positive,1.0201093855651184,0.019909862296417558,0.044378134534182191,0.54757080078125009
reach-wall,11,float32,5,1.0785033296834131e-06,1.0785033293894577e-06,3.0781181113784938e-10,3.0781147943026423e-10,1.036763550862533,0.33281685317729359,1.0366705330919712,0.33223308716948974,both_positive,0.00028540645417219555,-8.1615962386986283,0.077757845534676406,1.2207031250000001e-05
reach-wall,11,float32_field_bfloat16_roundtrip,5,0.0035073420853357871,0.0035073420853357871,0.003511696800982813,0.0035116968009827778,1.3686805104265893,44.059629362011599,1.1519971538061458,14.712893043663502,both_positive,1.0012415999184205,0.0012408297706532068,0.11224985705736883,0.52592041015625013
reach-wall,11,bfloat16,0,6.8074181495488153e-05,6.8074181495488125e-05,8.3149275239913922e-05,8.3149275239915955e-05,0.12924706151744145,6.8117896874925554,0.077878067916621926,1.7607167182823449,both_positive,1.2214509732360854,0.20003947438629055,0.011182195622342525,0.092485351562499998
reach-wall,11,bfloat16,1,0.00011399679722050262,0.0001139967972205026,0.0001324617230823748,0.00013246172308237634,0.15997850270443209,8.5616612454468903,0.1104199653561152,2.409008776594356,both_positive,1.161977584564553,0.1501233678517071,0.014841691384512776,0.027941894531250001
reach-wall,11,bfloat16,2,0.00020835054725137838,0.00020835054725137797,0.00028080300749405674,0.00028080300749405799,0.23265538494793786,12.129709216307917,0.16173525216262874,3.1787143894509224,both_positive,1.3477430762649414,0.2984313980817177,0.020875695882640093,0.01466552734375
reach-wall,11,bfloat16,3,0.00043824606521699369,0.00043824606521699288,0.00055907509683000281,0.00055907509683000042,0.37274258163319868,17.052357840440333,0.26837308775760088,4.8634531292003471,both_positive,1.2757104768372116,0.24350326014671975,0.032250097260433992,0.0089648437499999997
reach-wall,11,bfloat16,4,0.0015026089729578262,0.0015026089729578249,0.0020472630821079087,0.0020472630821079074,0.72440367448817378,32.387945352762436,0.50332300337271396,8.8029619678259348,both_positive,1.3624722858389116,0.30930090667969878,0.06058092472985227,0.0051293945312500004
reach-wall,11,bfloat16,5,0.0095946493268925358,0.0095946493268925064,0.012379815514964393,0.012379815514964344,1.8706936338433853,80.384526334669061,1.3155518751759288,22.450920079306417,both_positive,1.2902832707252159,0.25486178397675907,0.15502672418946969,0.0026293945312499999
reach-wall,12,float32,0,4.3023980456163906e-10,4.3023980447444316e-10,1.7225779102682779e-12,1.7225778050422378e-12,0.052719133784404459,0.0067386338415138247,0.052719474487381936,0.0066213611954734622,both_positive,0.0040037623018710951,-5.5205207844584017,0.003954007132087484,7.0800781249999995e-05
reach-wall,12,float32_field_bfloat16_roundtrip,0,3.5275710369575605e-05,3.5275710369575599e-05,3.091651630542242e-05,3.0916516305422461e-05,0.10663993395806041,4.1047773642821417,0.087704093417787315,1.5902769566070341,both_positive,0.87642505229567602,-0.13190408621105654,0.0096144983705187849,0.71679931640625005
reach-wall,12,float32,1,1.3844332751305377e-09,1.3844332749702576e-09,3.6475012355005969e-12,3.6475011085684055e-12,0.081426733371131266,0.011999162871044074,0.081426080928717851,0.011894330662303053,both_positive,0.0026346529666853575,-5.9390038071098914,0.0061070774378189953,4.8828124999999996e-05
reach-wall,12,float32_field_bfloat16_roundtrip,1,6.909789012026884e-05,6.909789012026884e-05,6.3806312645745534e-05,6.3806312645746428e-05,0.15861250337147964,6.0132950736486235,0.12102719830822663,2.0972970784312954,both_positive,0.92341911648368691,-0.079672066845342115,0.013403744927021233,0.6563720703125
reach-wall,12,float32,2,5.4666256868482675e-09,5.4666256859486102e-09,7.8282978391633249e-12,7.8282966430993856e-12,0.14257033559873594,0.023785899270972605,0.14256561852990635,0.023639997341979056,both_positive,0.0014320164371225969,-6.5486717320719912,0.010692746991234976,3.6621093750000005e-05
reach-wall,12,float32_field_bfloat16_roundtrip,2,0.00016055508707238931,0.00016055508707238931,0.00015672227631400548,0.00015672227631400584,0.25201809961150767,9.4763191579115134,0.18759947263010496,3.0634782264974638,both_positive,0.97612775260957174,-0.024161807067740071,0.020753301813073475,0.5985253906250001
reach-wall,12,float32,3,1.0969723584549677e-08,1.0969723576848865e-08,1.6794135014859515e-11,1.6794127973412508e-11,0.20389832008701728,0.033708846619284152,0.20389469201847552,0.033485253641608058,both_positive,0.0015309533449423683,-6.4818646363552617,0.015292528365015965,2.9296875000000002e-05
reach-wall,12,float32_field_bfloat16_roundtrip,3,0.00016040208502149229,0.00016040208502149232,0.00016164816798274349,0.0001616481679827443,0.28022382739720425,9.3846115990912722,0.23927072226464316,3.1862832989329406,both_positive,1.0077684960334787,0.0077384766383037373,0.023504186999561191,0.587890625
reach-wall,12,float32,4,7.0171971228786711e-08,7.0171971192732873e-08,5.7103978935331276e-11,5.7103947113425176e-11,0.38951493791605096,0.085186522081921082,0.3895015535797367,0.084687294901092544,both_positive,0.00081377190829015015,-7.1138304421739171,0.029214064843877969,1.4648437499999999e-05
reach-wall,12,float32_field_bfloat16_roundtrip,4,0.0004827627514878674,0.0004827627514878674,0.0004898724336666702,0.00048987243366666413,0.51346557015753269,16.308741951386626,0.4465129006842759,5.529075999226027,both_positive,1.0147270727844906,0.014619682526944899,0.0426467930231407,0.55259033203124996
reach-wall,12,float32,5,7.5644784916857714e-07,7.5644784886896941e-07,3.2137689419233527e-10,3.2137659865492505e-10,0.98279118082532524,0.27861032054692092,0.98274769596622702,0.27828499088370812,both_positive,0.00042485003367458222,-7.7637743132524424,0.073711223224685943,4.8828125000000001e-06
reach-wall,12,float32_field_bfloat16_roundtrip,5,0.0037756604612161856,0.0037756604612161856,0.0036980427401413257,0.0036980427401412923,1.3618567946261435,45.624727575004542,1.1210368340168722,15.13736023065117,both_positive,0.97944261093597962,-0.020771633476361018,0.11203509625488642,0.52148681640625005
reach-wall,12,bfloat16,0,6.853888385325297e-05,6.8538883853252916e-05,8.974264144901994e-05,8.9742641449021607e-05,0.13599995499444825,6.9281333955401179,0.077073129791467479,1.798524181362702,both_positive,1.3093682943709128,0.26954480287107963,0.011373765833038089,0.092133789062500013
reach-wall,12,bfloat16,1,0.00011369786023788041,0.00011369786023788038,0.00013909698924257586,0.00013909698924257732,0.16677722055740757,8.6585649084076906,0.10997171411177127,2.4136326911187198,both_positive,1.2233914424735435,0.20162687292982184,0.014978995509416967,0.0284423828125
reach-wall,12,bfloat16,2,0.00020764955362087965,0.00020764955362087914,0.00028071692034695417,0.00028071692034695612,0.23868602295767169,12.085786530626727,0.16084707087145553,3.2053396251386364,both_positive,1.3518782749684053,0.30149494026013812,0.020978264427309594,0.014406738281250001
reach-wall,12,bfloat16,3,0.00043651921641572184,0.00043651921641572054,0.00058320523840671781,0.00058320523840671413,0.35941478717743897,17.223654597687613,0.25391196358215096,4.8684358310842084,both_positive,1.3360356577092785,0.28970676466043965,0.031581947448986306,0.0090307617187500005
reach-wall,12,bfloat16,4,0.0014128738508093189,0.0014128738508093173,0.0019812924388297342,0.0019812924388297342,0.67580334644158768,31.54192885608823,0.49158780624716442,8.6474036281823405,both_positive,1.4023137576612485,0.33812355648551939,0.058627698893707406,0.0052978515624999998
reach-wall,12,bfloat16,5,0.0094843973601115936,0.0094843973601115694,0.012823526488823589,0.012823526488823539,1.6962525888815068,81.006276158063713,1.2738860395315732,22.288844183592392,both_positive,1.3520655031552482,0.30163342552647965,0.1506460476098207,0.0026000976562500001
reach-wall,13,float32,0,4.3010729270984514e-10,4.3010729262222458e-10,1.8307357521027726e-12,1.8307356752935658e-12,0.0506775871397653,0.006773248036407979,0.050677895842147311,0.0066118321364296382,both_positive,0.0042564629410685347,-5.4593167591109228,0.0038008922200508596,5.6152343750000002e-05
reach-wall,13,float32_field_bfloat16_roundtrip,0,3.708680109366502e-05,3.708680109366502e-05,3.3109020805826989e-05,3.3109020805826677e-05,0.11098859594779065,4.2928078672740808,0.086621710808840499,1.5886819038675053,both_positive,0.8927440444973429,-0.11345536349332264,0.0097357420746666205,0.72069091796874996
reach-wall,13,float32,1,1.7251334875766793e-09,1.7251334874409152e-09,3.7644524487773067e-12,3.7644523378592326e-12,0.080468050035344615,0.013383448031887962,0.080466992144762647,0.013278138298743429,both_positive,0.002182122413069199,-6.1274572918299377,0.0060351832741042388,4.8828125000000003e-05
reach-wall,13,float32_field_bfloat16_roundtrip,1,5.9996730245904971e-05,5.9996730245904971e-05,5.5401756018740572e-05,5.540175601874106e-05,0.14866995899094473,5.5888844756130647,0.11590599655792548,1.9645865937616516,both_positive,0.9234129225320904,-0.079678774495484106,0.012681239282184783,0.65783691406250011
reach-wall,13,float32,2,8.8279849226407356e-09,8.8279849215249417e-09,7.941354108275275e-12,7.9413530579152311e-12,0.14077936611858158,0.030054575753437836,0.14077602060068181,0.030078804275835615,both_positive,0.00089956588936943483,-7.0135982561508747,0.010558606156404759,3.6621093749999999e-05
reach-wall,13,float32_field_bfloat16_roundtrip,2,0.00013508747732855569,0.00013508747732855569,0.00013014597410286973,0.00013014597410286892,0.23118780160533572,8.5639858906659754,0.17906662600977191,2.8855231154125605,both_positive,0.96341997553431713,-0.037265850587107963,0.019370570299617643,0.60078857421874998
reach-wall,13,float32,3,1.3706325685383002e-08,1.3706325677758857e-08,1.6546793541898893e-11,1.6546785909589782e-11,0.20639558287517759,0.03750036827700743,0.20639190464794308,0.037470410347849918,both_positive,0.001207237732541631,-6.7194203947518893,0.015479882716483347,1.7089843750000002e-05
reach-wall,13,float32_field_bfloat16_roundtrip,3,0.00016215427157082485,0.00016215427157082485,0.00016328866787342696,0.00016328866787342636,0.28587176233055372,9.5304282694106046,0.23810366971291796,3.1313359925688364,both_positive,1.0069957842714408,0.0069714273040677455,0.023551606374686444,0.58901367187500009
reach-wall,13,float32,4,7.5891139352462297e-08,7.5891139316109019e-08,5.6912585585129988e-11,5.6912552831636467e-11,0.39116824205221418,0.088235951439610133,0.39115559741263917,0.08815763019537208,both_positive,0.00074992398415327591,-7.1955387110329276,0.029338169051972438,3.6621093749999999e-05
reach-wall,13,float32_field_bfloat16_roundtrip,4,0.0005794165281296222,0.0005794165281296222,0.00056959431203400246,0.00056959431203400072,0.54080904492958504,17.703751793072605,0.46422398205755577,6.0679814748694909,both_positive,0.98304809128016035,-0.017097237060998083,0.045159898311016369,0.54472656250000007
reach-wall,13,float32,5,6.4835893603230014e-07,6.4835893574810566e-07,3.2229382519056898e-10,3.2229355714901311e-10,0.92914232995852364,0.25836528092277256,0.92914241331522329,0.25753639426491171,both_positive,0.00049709166833248187,-7.6067361055503131,0.069689446614532913,1.953125e-05
reach-wall,13,float32_field_bfloat16_roundtrip,5,0.003634266971682116,0.0036342669716821156,0.0036122619836362847,0.0036122619836362847,1.3028262312942862,45.189998804457915,1.0568399259827637,14.653840357066684,both_positive,0.99394513715770139,-0.0060732678551449482,0.10736970130120026,0.52365234375000003
reach-wall,13,bfloat16,0,7.6518266928734136e-05,7.6518266928734068e-05,9.6993424246269962e-05,9.6993424246271778e-05,0.13723456041727786,7.2918416181517234,0.077920778809718719,1.8668492618733736,both_positive,1.2675852203579769,0.23711368921946274,0.01174897109450126,0.093535156250000001
reach-wall,13,bfloat16,1,0.00012945227220713241,0.00012945227220713238,0.00015409967283271992,0.00015409967283272168,0.16789107436110787,9.2217723972025656,0.11043038064706825,2.5307697939593643,both_positive,1.1903975898248429,0.1742873604179298,0.015519842094666156,0.028750000000000001
reach-wall,13,bfloat16,2,0.00021784044407934631,0.00021784044407934574,0.00028430991794227173,0.0002843099179422713,0.23545236355332802,12.27669308241278,0.16287920799513192,3.2671995154963307,both_positive,1.3051291698556884,0.26630201660871577,0.021177268080643265,0.015278320312500001
reach-wall,13,bfloat16,3,0.00045589809381228698,0.00045589809381228513,0.00058208879962232574,0.00058208879962232227,0.36580283048478335,17.403325134993917,0.27382906604838048,4.9544341899153705,both_positive,1.2767958618883739,0.24435370670594203,0.032576533156360485,0.0089819335937499998
reach-wall,13,bfloat16,4,0.0014620682786874828,0.001462068278687481,0.0019869838657583083,0.0019869838657583109,0.68102520016180268,31.845261976339344,0.49723452527545181,8.7565632768327308,both_positive,1.3590226220775741,0.30676578115082531,0.059247458074439166,0.0052563476562500003
reach-wall,13,bfloat16,5,0.0089124284116395801,0.0089124284116395645,0.01153102942132948,0.011531029421329411,1.7918740836085283,77.197766670633996,1.3084526453274048,21.935158086783261,both_positive,1.2938145350228027,0.25759485893069911,0.15093920343376072,0.00286865234375
reach-wall,14,float32,0,4.2439999931485612e-10,4.2439999923843746e-10,1.8073778176138061e-12,1.8073777405800589e-12,0.050952757100720412,0.0066992399428648869,0.050953244751125483,0.0065752092865653151,both_positive,0.0042586659296220668,-5.4587993298068831,0.0038215378902831929,4.6386718750000007e-05
reach-wall,14,float32_field_bfloat16_roundtrip,0,2.8650672560292142e-05,2.8650672560292145e-05,2.5604695896584455e-05,2.5604695896584482e-05,0.097757795896401073,3.7439116969930115,0.079185214613797794,1.4165470318881765,both_positive,0.89368568373751889,-0.11240114981505478,0.0086923451196064868,0.71808105468750005
reach-wall,14,float32,1,1.3939216434960126e-09,1.3939216433303879e-09,3.6082406042384968e-12,3.6082404662599586e-12,0.079904763543119026,0.01203257109127958,0.079904137391296065,0.011936752989164577,both_positive,0.0025885533961499309,-5.9566560936141286,0.0059929330783591098,2.685546875e-05
reach-wall,14,float32_field_bfloat16_roundtrip,1,7.2673792801773151e-05,7.2673792801773165e-05,6.8240444944904377e-05,6.8240444944904757e-05,0.16489803001910433,6.2843604453348183,0.12066145778641317,2.083809243414064,both_positive,0.93899660818637487,-0.062943411935483695,0.013662906355819645,0.65651855468750009
reach-wall,14,float32,2,6.940939084422789e-09,6.9409390834660438e-09,7.6071240772208183e-12,7.6071230952347128e-12,0.13678958633700686,0.026700924267166217,0.13678617720194974,0.026659952673615903,both_positive,0.0010959790865033114,-6.8161071722959328,0.010259320839442468,2.685546875e-05
reach-wall,14,float32_field_bfloat16_roundtrip,2,0.00016814671824386088,0.00016814671824386086,0.0001576968725071825,0.0001576968725071841,0.24982449383459709,9.3975187754506351,0.19468776011197125,3.2861246129741692,both_positive,0.93785281184302915,-0.064162259300371005,0.02130634118512665,0.59890136718749998
reach-wall,14,float32,3,1.3320504091015723e-08,1.3320504082954375e-08,1.6916906861671791e-11,1.691689953087276e-11,0.20296397319010887,0.037124184523030242,0.20296068536573084,0.036901101227728439,both_positive,0.0012699899903248957,-6.6687462601766399,0.015222508835960231,9.7656250000000002e-06
reach-wall,14,float32_field_bfloat16_roundtrip,3,0.00018784739017418587,0.00018784739017418587,0.00018621189855930122,0.0001862118985593009,0.29702634553916191,10.153037315498558,0.2456766258844004,3.4177011215272914,both_positive,0.99129350898424462,-0.008744613947932578,0.024687165687315705,0.58717773437499998
reach-wall,14,float32,4,7.8774305467824631e-08,7.877430543102993e-08,5.8053814409093398e-11,5.8053779430535191e-11,0.38733616930298803,0.090089979629351308,0.38732445613756261,0.089767699464310693,both_positive,0.00073696383693037427,-7.2129717349158824,0.029050792728115379,2.685546875e-05
reach-wall,14,float32_field_bfloat16_roundtrip,4,0.00053326150745614562,0.00053326150745614562,0.00052599402842542445,0.00052599402842542706,0.53137638207806626,17.089862687358362,0.44775723135547046,5.7544062537177938,both_positive,0.98637164143838219,-0.013722077100852381,0.043651938298335434,0.55479980468750001
reach-wall,14,float32,5,8.4825906409245274e-07,8.4825906378259517e-07,3.1315397028318746e-10,3.1315369047879571e-10,0.97886912798275261,0.29531945415274957,0.97884758324896248,0.29461213873400555,both_positive,0.00036917256005773307,-7.90424638080151,0.073418197049301914,7.3242187499999997e-06
reach-wall,14,float32_field_bfloat16_roundtrip,5,0.0039820479466763986,0.0039820479466763986,0.0039408040257256308,0.0039408040257256135,1.3873447335495728,47.318315749156227,1.1322603573674612,15.286735285619732,both_positive,0.98964253532276225,-0.010411476488484617,0.11384597687028411,0.52535400390624998
reach-wall,14,bfloat16,0,5.9420853937372559e-05,5.9420853937372538e-05,7.7579154328422868e-05,7.7579154328425158e-05,0.13421373857329891,6.4584971838924954,0.078177000269955083,1.6623844161455201,both_positive,1.3055880080449282,0.26665352017091415,0.01091211791158871,0.093879394531249993
reach-wall,14,bfloat16,1,0.00010962362901953674,0.0001096236290195367,0.00012913931254213024,0.00012913931254213159,0.16195058016597702,8.4114947104313273,0.11281051428432458,2.375193508249513,both_positive,1.1780244249997915,0.16383881930968158,0.014811816079882956,0.028413085937500002
reach-wall,14,bfloat16,2,0.00019842852626998395,0.00019842852626998343,0.00026320906368720387,0.00026320906368720512,0.22830876700124189,11.722891416834511,0.15804830520309779,3.1612273178804617,both_positive,1.3264678654574031,0.2825196692418448,0.020451840459928646,0.01490234375
reach-wall,14,bfloat16,3,0.0004318832398925232,0.00043188323989252185,0.00057214541516300481,0.00057214541516300177,0.35881832405707376,17.174680771729694,0.26186204481997782,4.7679250932951804,both_positive,1.3247687391281651,0.28123790769787238,0.031653391561931213,0.0091528320312500005
reach-wall,14,bfloat16,4,0.00144019597191058,0.0014401959719105789,0.0019430805876445147,0.0019430805876445162,0.65851821878843719,31.588517140077467,0.50433460387378493,8.6480219089522308,both_positive,1.3491779074113104,0.29949544948732498,0.05889583277508105,0.0050830078125000001
reach-wall,14,bfloat16,5,0.0090585191109185392,0.0090585191109185184,0.011575752939057273,0.011575752939057233,1.6698859201264908,77.503395705625493,1.3255834305548464,22.164173147988254,both_positive,1.2778857997997295,0.24520699343346841,0.15020063295737196,0.00266357421875
reach-wall,15,float32,0,4.0034976774090262e-10,4.0034976765952697e-10,1.7818435153477432e-12,1.7818434207771779e-12,0.052767552722213916,0.0065037377353837451,0.052768434086039241,0.0063873634522612771,both_positive,0.004450716995297253,-5.4146900732441203,0.0039576615941128261,7.0800781249999995e-05
reach-wall,15,float32_field_bfloat16_roundtrip,0,3.4906586986522676e-05,3.4906586986522676e-05,3.1813312214123656e-05,3.1813312214123263e-05,0.11015306999824252,4.2467638560737537,0.083836284096144659,1.4999502663015769,both_positive,0.91138421027546113,-0.092790724994703311,0.0094380729208837916,0.72065429687500004
reach-wall,15,float32,1,1.4574124135320325e-09,1.4574124134183553e-09,3.8113576063625693e-12,3.8113574446110065e-12,0.083748963279142247,0.012305070916704545,0.083748491937363403,0.012205306801284016,both_positive,0.002615153796532967,-5.9464323699889583,0.0062812547789525067,6.3476562500000002e-05
reach-wall,15,float32_field_bfloat16_roundtrip,1,6.9947550471162847e-05,6.9947550471162847e-05,6.5133131559627004e-05,6.5133131559626489e-05,0.16111290794546668,6.0911197933427639,0.12180148020039246,2.0898413452673741,both_positive,0.93117101486605058,-0.071312329136690167,0.013559852425847504,0.65584960937499992
reach-wall,15,float32,2,7.4420926295287898e-09,7.4420926286444915e-09,7.8383167018697075e-12,7.8383157869978186e-12,0.14368925009351399,0.027832800706283113,0.14368284018712332,0.027558773858669419,both_positive,0.0010532409487579847,-6.8558832507732319,0.010776640815904938,2.1972656249999999e-05
reach-wall,15,float32_field_bfloat16_roundtrip,2,0.00016491044521530166,0.00016491044521530166,0.00015686364211160716,0.00015686364211160584,0.25426439152639374,9.4969337640547682,0.1893837163506904,3.1392326275514142,both_positive,0.95120501255582168,-0.050025663901386963,0.020987400076776564,0.59677734374999991
reach-wall,15,float32,3,1.3944806607964123e-08,1.3944806600113626e-08,1.6333286833207212e-11,1.633327881853195e-11,0.2056416013887748,0.037929589008304281,0.20563375991343383,0.037768344044803899,both_positive,0.0011712809859893637,-6.749657269274401,0.015423114666499361,2.1972656250000003e-05
reach-wall,15,float32_field_bfloat16_roundtrip,3,0.00017449107363775936,0.00017449107363775936,0.00017577792470679449,0.00017577792470679449,0.29311182163700678,9.8909878964271982,0.24228984800126557,3.2454518349075929,both_positive,1.0073748819478674,0.0073478204746599829,0.024166104622234882,0.58873779296875006
reach-wall,15,float32,4,8.3181712911752112e-08,8.3181712877786223e-08,5.7215873729681622e-11,5.7215841168644492e-11,0.382921599933021,0.092377351680876962,0.38290051995105717,0.092292930496976011,both_positive,0.00068784197543974863,-7.2819514332738287,0.028719309500286758,1.4648437499999999e-05
reach-wall,15,float32_field_bfloat16_roundtrip,4,0.00049652363287215335,0.00049652363287215335,0.00048405593301958683,0.00048405593301958412,0.50797563380372202,16.210327020323803,0.442968261969097,5.719560879874054,both_positive,0.97489001725769464,-0.025430617159626578,0.04259055525960749,0.55861816406250009
reach-wall,15,float32,5,1.0655582678509119e-06,1.0655582675655486e-06,3.041479571073953e-10,3.041476941539454e-10,0.9395225890852078,0.33039611005902003,0.93950690428471306,0.33033764477015909,both_positive,0.00028543531244032384,-8.1614951309316766,0.070468808744424433,1.4648437500000001e-05
reach-wall,15,float32_field_bfloat16_roundtrip,5,0.0034730897697200797,0.0034730897697200802,0.0034681231071776847,0.0034681231071776635,1.3143820186399788,44.23495192673758,1.0675468651239812,14.320531109241923,both_positive,0.99856995848892349,-0.001431064996305409,0.10714738414122221,0.54799804687499998
reach-wall,15,bfloat16,0,7.1168790275304879e-05,7.1168790275304852e-05,9.1382140285139882e-05,9.1382140285141441e-05,0.13709745205330426,7.0570149961673492,0.074904756598486291,1.7996538810939438,both_positive,1.2840198622407792,0.24999567418299939,0.011385141017990156,0.091833496093749994
reach-wall,15,bfloat16,1,0.00012764315056435776,0.00012764315056435773,0.00014810333412085383,0.0001481033341208567,0.16401890226019281,9.0909095991466469,0.10820662229935306,2.5180555978721588,both_positive,1.1602920600598936,0.1486717493417391,0.015297600939592388,0.027990722656249998
reach-wall,15,bfloat16,2,0.00022156330162419362,0.00022156330162419316,0.00028519511695351141,0.00028519511695351455,0.23287174426655297,12.333303651357774,0.16011440566052734,3.2964460088709395,both_positive,1.2871947423732086,0.25246523214233108,0.021136049706740715,0.015163574218750002
reach-wall,15,bfloat16,3,0.00044270256916967239,0.00044270256916967136,0.00056376449486122927,0.00056376449486122461,0.37846165088030931,17.143868064205197,0.25180217128979476,4.8763633409547822,both_positive,1.2734610867938245,0.24173845886045608,0.031770599412574041,0.0091967773437500004
reach-wall,15,bfloat16,4,0.0013879519575951472,0.0013879519575951463,0.0018995175003995932,0.0018995175003995981,0.68471634452060048,31.07775552040577,0.46300259159081547,8.5420365577783759,both_positive,1.368575828583301,0.31377065796227832,0.057375656619862873,0.0054858398437499997
reach-wall,15,bfloat16,5,0.0083925725118122949,0.0083925725118122706,0.01168186379079268,0.01168186379079258,1.7403595375867924,77.095475111080177,1.2127176317293922,20.722340693035783,both_positive,1.3919288483180581,0.3306904458917872,0.14452603900356314,0.0027807617187500001
reach-wall,16,float32,0,3.9892791524562705e-10,3.9892791516303885e-10,1.7112642531513137e-12,1.7112641686425452e-12,0.051739866595580275,0.0064910414061658374,0.051740345743000973,0.0063759375423167496,both_positive,0.0042896578247668075,-5.4515483103499172,0.003880566806827039,2.1972656250000003e-05
reach-wall,16,float32_field_bfloat16_roundtrip,0,4.2553691731377802e-05,4.2553691731377802e-05,3.9052861260670439e-05,3.9052861260670107e-05,0.12204158564676917,4.7410685737546183,0.088564316091068504,1.624575559068796,both_positive,0.91773145106171938,-0.0858504681287382,0.010248183110438954,0.71942138671875
reach-wall,16,float32,1,1.550808905931483e-09,1.5508089057971055e-09,3.6666664237084263e-12,3.6666662860971522e-12,0.083202739547667076,0.012689734301433582,0.083202681721576882,0.012590083430283205,both_positive,0.0023643573425999043,-6.0472490307095867,0.0062403168733364267,3.4179687499999996e-05
reach-wall,16,float32_field_bfloat16_roundtrip,1,6.094147594120806e-05,6.094147594120806e-05,5.7129381075347494e-05,5.7129381075347772e-05,0.1515126579917033,5.6946193148331243,0.11604221694812643,1.9510643435525257,both_positive,0.93744662716180027,-0.064595453785615931,0.012769897529590856,0.65522460937499993
reach-wall,16,float32,2,8.0780216169354211e-09,8.0780216160459753e-09,7.7060419182853182e-12,7.7060409987253671e-12,0.14223475991764628,0.028794831134404439,0.14223032414918821,0.02876205880967397,both_positive,0.00095395163366853906,-6.9548975862618505,0.010667682922697317,3.9062500000000001e-05
reach-wall,16,float32_field_bfloat16_roundtrip,2,0.00016473686404263349,0.00016473686404263352,0.00015909472586107741,0.00015909472586107627,0.25380973617965175,9.5325160162614804,0.19020748706674537,3.1343138737822933,both_positive,0.96575060345876251,-0.034849652575715595,0.021026498458040589,0.59651855468750004
reach-wall,16,float32,3,1.2628909793407708e-08,1.2628909785696156e-08,1.60508105564291e-11,1.6050803138134655e-11,0.19973553280747522,0.036034841769830232,0.19972831564960167,0.035958707659926779,both_positive,0.0012709577326150215,-6.6679845425480693,0.014980180199707049,2.4414062500000001e-05
reach-wall,16,float32_field_bfloat16_roundtrip,3,0.00017469046403031428,0.00017469046403031425,0.00017559754545430642,0.00017559754545430541,0.28917001252908026,9.860718959870681,0.23877691048410085,3.270314674033973,both_positive,1.0051925068092711,0.0051790722318116877,0.02394803861149776,0.59106445312500011
reach-wall,16,float32,4,6.9420855381552781e-08,6.9420855352729586e-08,5.8301769611833641e-11,5.8301741436641489e-11,0.37209471962213114,0.084429110739486835,0.37207249090499667,0.084308946922528466,both_positive,0.00083983075822667238,-7.0823101647279749,0.027907110438057797,3.4179687500000003e-05
reach-wall,16,float32_field_bfloat16_roundtrip,4,0.00059680631773840391,0.00059680631773840402,0.0005927784421737042,0.0005927784421737043,0.54510324440062319,18.413032838223845,0.43924075902799181,5.8575858450085878,both_positive,0.99325095019107146,-0.0067719276394377914,0.044154839967261071,0.56240478515625003
reach-wall,16,float32,5,9.2402825264239271e-07,9.2402825234135042e-07,3.0027058268890173e-10,3.0027030370241527e-10,0.92754750795520102,0.30742980590988089,0.92751713884271936,0.30768322091029349,both_positive,0.00032495822701333481,-8.0318139161621804,0.069569404608601143,2.4414062500000001e-05
reach-wall,16,float32_field_bfloat16_roundtrip,5,0.003182727361107206,0.003182727361107206,0.0031424329379624071,0.0031424329379624045,1.2552812417792609,41.915269198028696,1.0427689042975417,13.943522717348442,both_positive,0.98733965603300022,-0.012741169028354093,0.10353633442072563,0.54348388671875003
reach-wall,16,bfloat16,0,6.3938014221216391e-05,6.3938014221216351e-05,8.1650636536667931e-05,8.1650636536669924e-05,0.13624328585764298,6.6655901204039099,0.077233357611391495,1.7191244101720451,both_positive,1.2770280330284953,0.2445355290635618,0.0111189401568909,0.094824218749999994
reach-wall,16,bfloat16,1,0.00011436796466541813,0.0001143679646654181,0.00013442723877329604,0.00013442723877329736,0.16416052171966497,8.6054819651263514,0.11026912883949595,2.4092074850087544,both_positive,1.1753924201288448,0.16160206641676744,0.014925104240916923,0.028835449218749996
reach-wall,16,bfloat16,2,0.00021726308246862032,0.00021726308246861981,0.00028133655721435737,0.00028133655721435742,0.23458133386890009,12.237670997971644,0.16343023343777166,3.2597175969350669,both_positive,1.2949119289743636,0.25844268432481243,0.021155319685525902,0.015087890624999999
reach-wall,16,bfloat16,3,0.00044056647196518165,0.00044056647196518052,0.00057300348656880965,0.0005730034865688052,0.34718127689308964,17.232055098236387,0.25900452282201541,4.83868047274603,both_positive,1.3006062036742883,0.26283046629721163,0.031526759160451973,0.0093920898437499997
reach-wall,16,bfloat16,4,0.0013575298175262911,0.0013575298175262898,0.0019026899924536368,0.0019026899924536374,0.63468432675125952,30.933837091692084,0.48108277989540166,8.457654922979021,both_positive,1.4015824683105258,0.33760193278166728,0.057022262656611193,0.0053002929687500002
reach-wall,16,bfloat16,5,0.0084765410558284883,0.0084765410558284709,0.012277640729514606,0.012277640729514552,1.6037348073453033,78.147285501872858,1.2665393278536192,21.029451486981053,both_positive,1.4484257964010536,0.37047730902488052,0.14547477011057924,0.0028466796875
reach-wall,17,float32,0,4.1753215065452255e-10,4.1753215056925884e-10,1.8743836112900605e-12,1.8743835244699698e-12,0.052408152645773427,0.0066202738357915196,0.052408872368143927,0.0065285576116461599,both_positive,0.0044891958819261715,-5.406081684151701,0.0039307009372008157,6.103515625e-05
reach-wall,17,float32_field_bfloat16_roundtrip,0,4.5957709697231749e-05,4.5957709697231749e-05,4.3506624306638551e-05,4.3506624306638782e-05,0.13023687849436921,5.0803238895965785,0.087589451158465878,1.6008251264651694,both_positive,0.94666650260117646,-0.054808409803627001,0.010460396841958021,0.71701904296874996
reach-wall,17,float32,1,1.4527304644434296e-09,1.4527304643105926e-09,3.5629355723586439e-12,3.5629354228155993e-12,0.081398954530309292,0.012282238047018472,0.081399073711368855,0.012185757586176838,both_positive,0.0024525785474758914,-6.0106153395245201,0.0061050371754434746,2.4414062499999998e-05
reach-wall,17,float32_field_bfloat16_roundtrip,1,7.0036312592827699e-05,7.0036312592827713e-05,6.3461650537204002e-05,6.3461650537204313e-05,0.15686453974058073,5.9417780520430767,0.12418976530466219,2.1697246935096279,both_positive,0.90612495415275474,-0.09857806395813995,0.013635866610877111,0.65617431640625001
reach-wall,17,float32,2,7.0567105869811345e-09,7.0567105860512851e-09,7.6054534297377529e-12,7.6054523509807198e-12,0.14339359213971717,0.027014591690262445,0.14338909854631846,0.026858136695099094,both_positive,0.0010777618461169415,-6.8328687528716259,0.010754560412259556,1.4648437500000001e-05
reach-wall,17,float32_field_bfloat16_roundtrip,2,0.00013237540582614529,0.00013237540582614526,0.00012841967939893807,0.00012841967939893875,0.22925121615995001,8.4869252917170037,0.18002740675492354,2.8606456676201164,both_positive,0.97011736128384407,-0.030338223789257768,0.019302428723206835,0.59665283203125008
reach-wall,17,float32,3,1.2070058845198128e-08,1.2070058837722229e-08,1.6768395157201593e-11,1.6768388137440929e-11,0.20074983648574768,0.035290251586441987,0.20074335850305877,0.035140068189718737,both_positive,0.0013892554603304704,-6.5789873153959348,0.015056275460869222,1.953125e-05
reach-wall,17,float32_field_bfloat16_roundtrip,3,0.00016521190467906337,0.00016521190467906334,0.00016171393912628007,0.00016171393912627971,0.27669097841978829,9.3180748617912617,0.24091115262234694,3.3292488091949033,both_positive,0.97882740012241631,-0.021399954218983552,0.023682699396603016,0.58687744140624998
reach-wall,17,float32,4,6.3222903593431523e-08,6.3222903562987491e-08,5.808396790718685e-11,5.8083937851145546e-11,0.37722710710859308,0.080623844118403593,0.37720376130717365,0.080446644712762014,both_positive,0.00091871718326491767,-6.9925322269704893,0.028291882577715234,1.4648437499999999e-05
reach-wall,17,float32_field_bfloat16_roundtrip,4,0.00048442627083536709,0.00048442627083536709,0.0005036919012364274,0.00050369190123642871,0.51628230378406348,16.844511565121913,0.42602908257167116,5.2285740971194388,both_positive,1.0397699950662003,0.038999530103922098,0.041596377571338217,0.55081542968749997
reach-wall,17,float32,5,5.0874755195394037e-07,5.0874755164968116e-07,3.1534360685833037e-10,3.1534331974373507e-10,0.91765150005364693,0.2287415911117921,0.91760897957101883,0.22817035853438419,both_positive,0.00061984299609343398,-7.3860443441011672,0.068824872975243451,1.4648437500000001e-05
reach-wall,17,float32_field_bfloat16_roundtrip,5,0.00350800259771617,0.0035080025977161705,0.0034999189046478131,0.0034999189046477871,1.289739364993693,44.494286658158408,1.0497719765650999,14.355594983758662,both_positive,0.99769564222283658,-0.0023070168953713832,0.10615444104959959,0.52052978515625004
reach-wall,17,bfloat16,0,6.663250965414134e-05,6.6632509654141313e-05,8.2219699514725556e-05,8.2219699514727657e-05,0.13148649724318776,6.7357550926682599,0.077538056462254035,1.7624359374708882,both_positive,1.2339277019804618,0.21020233542036593,0.011171221597234011,0.093288574218750003
reach-wall,17,bfloat16,1,0.00012560386058194477,0.00012560386058194472,0.00014040515043439936,0.00014040515043440156,0.16358159404871581,8.889673780008355,0.1100105266525785,2.5357227780307192,both_positive,1.1178410423364187,0.11139918424544604,0.015279319040174093,0.028427734375000003
reach-wall,17,bfloat16,2,0.00022263144838290626,0.00022263144838290577,0.00028562489123438165,0.00028562489123438225,0.23863121800536827,12.362823833176851,0.16142079859866976,3.2942319710891943,both_positive,1.2829494364297189,0.24916167443578097,0.02127913441894877,0.015253906250000001
reach-wall,17,bfloat16,3,0.00044794659067720394,0.00044794659067720264,0.00058884774299459378,0.00058884774299459075,0.36260036791676808,17.359281930544089,0.25634355598047776,4.9394365889506249,both_positive,1.3145490003716203,0.27349364130674481,0.031885982924376964,0.0090966796875000012
reach-wall,17,bfloat16,4,0.0015227611956720258,0.0015227611956720238,0.0020281772866074473,0.0020281772866074486,0.65281737510862814,31.98903493872012,0.4902407069918126,9.225920474624294,both_positive,1.3319076506361662,0.28661223836043881,0.059382746583269877,0.0052661132812500001
reach-wall,17,bfloat16,5,0.010088948961426614,0.010088948961426591,0.012205883542601034,0.012205883542601008,1.5268297118015071,80.197241357832624,1.2413978091791262,23.713070273127137,both_positive,1.2098270681384315,0.19047743050091359,0.14863230621921547,0.0026342773437499998
reach-wall,18,float32,0,4.2451847729291718e-10,4.2451847722135758e-10,1.6948529671177995e-12,1.6948528702787958e-12,0.051134429921513624,0.0066806441537785319,0.051134956676838997,0.0065804743696610268,both_positive,0.0039924127164631118,-5.5233595399893183,0.0038351650636832841,6.103515625e-05
reach-wall,18,float32_field_bfloat16_roundtrip,0,3.6709726597945687e-05,3.6709726597945687e-05,3.2991880712861712e-05,3.2991880712862105e-05,0.11133571923692276,4.3017028227435956,0.085797452389989565,1.5646400934601743,both_positive,0.8987231388072493,-0.10678025767334809,0.0096382146502245782,0.71739746093750001
reach-wall,18,float32,1,1.4853324933688248e-09,1.4853324932286117e-09,3.5276138791764022e-12,3.5276137050698306e-12,0.08048420755281728,0.012394601020795133,0.080482978206232139,0.012327611842296955,both_positive,0.0023749658039026391,-6.0427722399559727,0.0060363682037574869,3.4179687500000003e-05
reach-wall,18,float32_field_bfloat16_roundtrip,1,6.9401410681199763e-05,6.9401410681199763e-05,6.4899180993407737e-05,6.4899180993408862e-05,0.16078460531416072,6.1024324082131463,0.11955915826871819,2.0606312805828413,both_positive,0.93512769202238077,-0.067072190010254218,0.013432371411344287,0.65497070312500005
reach-wall,18,float32,2,7.1784228435809484e-09,7.1784228426800271e-09,7.4438501072540606e-12,7.4438491169308922e-12,0.14261385195473017,0.027111688179437408,0.14260666969293243,0.027122189664577388,both_positive,0.00103697570754145,-6.8714467757165103,0.01069594469037094,1.4648437499999999e-05
reach-wall,18,float32_field_bfloat16_roundtrip,2,0.00016130165733221929,0.00016130165733221929,0.00015333001076716239,0.00015333001076716171,0.2507385710000205,9.3154478097263631,0.19160261526258848,3.1610094811350677,both_positive,0.95057926436156581,-0.050683728251200932,0.020973244704062921,0.5958203125
reach-wall,18,float32,3,1.647558121062272e-08,1.6475581201323648e-08,1.6132917481745262e-11,1.6132908286914082e-11,0.22245065192948535,0.041078904600299643,0.22244375275348599,0.041087307824050498,both_positive,0.00097920172135374959,-6.9287728882893056,0.01668390342580937,1.953125e-05
reach-wall,18,float32_field_bfloat16_roundtrip,3,0.00016603381770297074,0.00016603381770297071,0.00016603543735294984,0.00016603543735294968,0.29347300686319489,9.4585591752266591,0.2567623401002842,3.2925362165929952,both_positive,1.0000097549402978,9.7548927175949984e-06,0.024632956814084745,0.57991699218750004
reach-wall,18,float32,4,1.2281089610387749e-07,1.2281089605888112e-07,5.596855603913108e-11,5.5968515014967281e-11,0.44054264941041205,0.11215391416204017,0.44051055058288235,0.11215702974786976,both_positive,0.00045572956321229862,-7.6936109875123133,0.033040790685332388,9.7656250000000002e-06
reach-wall,18,float32_field_bfloat16_roundtrip,4,0.00051087891068984643,0.00051087891068984643,0.00052336081440819849,0.00052336081440819784,0.56153265718331502,16.933435749848538,0.48926409290672873,5.6026036476024643,both_positive,1.0244322156526242,0.024138523162513081,0.045768664281941727,0.53188232421875004
reach-wall,18,float32,5,2.0506180437017848e-06,2.0506180433763467e-06,3.306033889405136e-10,3.3060309250048281e-10,1.1671178418908565,0.4591192689076708,1.1669496785419247,0.45804507121816423,both_positive,0.00016122134005204934,-8.7327323541966493,0.087534267110346786,1.4648437500000001e-05
reach-wall,18,float32_field_bfloat16_roundtrip,5,0.0035493196970624898,0.0035493196970624893,0.0035485782135789203,0.0035485782135788973,1.4652313398053101,44.360333079690662,1.2764990194598012,14.759768455717886,both_positive,0.99979109137895272,-0.00020893044549286088,0.11961791007154229,0.50979492187499997
reach-wall,18,bfloat16,0,7.6867658743920314e-05,7.6867658743920287e-05,9.3679108461720218e-05,9.3679108461723254e-05,0.13106705209288702,7.2597199119055453,0.076246007627349191,1.8460966466131739,both_positive,1.2187064103748257,0.19778997684401034,0.011540432305349624,0.091506347656250001
reach-wall,18,bfloat16,1,0.00012138424743932148,0.00012138424743932144,0.00014159707346417239,0.00014159707346417396,0.16362762974138415,8.8809750647344003,0.10835559209249385,2.4523954486471249,both_positive,1.1665193503379017,0.15402440071544632,0.015061749684066157,0.027875976562500002
reach-wall,18,bfloat16,2,0.0002161585821829819,0.00021615858218298144,0.0002787790368402039,0.00027877903684020476,0.2346325754024027,12.196281249812737,0.16259611255691056,3.2485489207926435,both_positive,1.2896968236228192,0.25440717030451943,0.021080766726264806,0.01488525390625
reach-wall,18,bfloat16,3,0.00046405456897933753,0.00046405456897933607,0.00058162576796169305,0.00058162576796168437,0.3706576768375392,17.558796146583159,0.27514637948462101,4.9191675711730669,both_positive,1.253356408581316,0.22582507966632459,0.032766375132362052,0.0088281249999999992
reach-wall,18,bfloat16,4,0.0014423577541657114,0.0014423577541657101,0.0018591267546960294,0.0018591267546960325,0.70197140862843532,31.052686118678061,0.54861772783205087,8.7983856516431675,both_positive,1.288949811048359,0.25382778685173335,0.061322944368064104,0.0050439453125
reach-wall,18,bfloat16,5,0.0090342540291062437,0.0090342540291062159,0.010908486964806468,0.010908486964806416,1.8909200758707068,75.686741337351364,1.441101508840976,22.575980014716535,both_positive,1.2074585161831719,0.18851775082663202,0.15830465151181067,0.0025610351562500001
reach-wall,19,float32,0,4.3328267892994667e-10,4.3328267885350195e-10,1.7772944942017353e-12,1.7772944283575686e-12,0.051478745711231046,0.0067563938998419113,0.051479097572128714,0.0066464978352632903,both_positive,0.0041019283267704522,-5.4962980922368025,0.0038609809823283159,8.0566406250000004e-05
reach-wall,19,float32_field_bfloat16_roundtrip,0,3.6950416730145309e-05,3.6950416730145309e-05,3.4464324605384788e-05,3.4464324605384619e-05,0.11562265489981122,4.478941704066874,0.082086764676634172,1.4818417648112505,both_positive,0.93271815733725438,-0.069652205938803391,0.0095356285236890565,0.71874755859374995
reach-wall,19,float32,1,1.5139029512229355e-09,1.5139029510553013e-09,3.6062522378488953e-12,3.6062520812626199e-12,0.080589088827348776,0.012572992296160245,0.080588459532670811,0.012430574970524553,both_positive,0.0023820894430093774,-6.0397772592118528,0.0060442666957659227,4.3945312500000005e-05
reach-wall,19,float32_field_bfloat16_roundtrip,1,7.6664290715389272e-05,7.6664290715389272e-05,7.102766051141284e-05,7.1027660511412474e-05,0.167209814796002,6.372803108272671,0.12545434189085627,2.1849178255003245,both_positive,0.92647645792612865,-0.076366643265329159,0.01407787363665134,0.65476074218750002
reach-wall,19,float32,2,7.5784429455674351e-09,7.5784429446129216e-09,7.5739419747544092e-12,7.5739410809693236e-12,0.1417904653906614,0.028084206158639529,0.14178517383558223,0.027810166521697478,both_positive,0.00099940608237795623,-6.9083493730431158,0.01063430285353828,2.9296874999999999e-05
reach-wall,19,float32_field_bfloat16_roundtrip,2,0.00013722464150797971,0.00013722464150797971,0.00012934136834941498,0.00012934136834941677,0.23164018096295161,8.5731804672449758,0.18128488295888012,2.9159006847270552,both_positive,0.94255205863950964,-0.05916412655456682,0.01948894861342516,0.59280273437499997
reach-wall,19,float32,3,1.5452921954832125e-08,1.5452921945740983e-08,1.6412304825533835e-11,1.6412296584169817e-11,0.21365029738148553,0.039985752806427147,0.21364481727702428,0.039742176453885648,both_positive,0.0010620842371110088,-6.8475220399944341,0.016023934680056338,3.1738281250000001e-05
reach-wall,19,float32_field_bfloat16_roundtrip,3,0.00018821294766790156,0.00018821294766790156,0.00019182553154140788,0.00019182553154140821,0.30867446923083219,10.44470334350445,0.24826656554610166,3.2603279879514457,both_positive,1.0191941304690719,0.019012246860262039,0.024953758254591604,0.58421142578125007
reach-wall,19,float32,4,1.0039195129410814e-07,1.0039195125269962e-07,5.8857564001499013e-11,5.8857526310783877e-11,0.41477918233599304,0.10169548541085736,0.41475767748151959,0.10133565301519738,both_positive,0.00058627771691646842,-7.4417169609990346,0.031108820787602291,2.4414062500000001e-05
reach-wall,19,float32_field_bfloat16_roundtrip,4,0.00053823392382272258,0.00053823392382272247,0.0005483053840024761,0.00054830538400247924,0.5488396748494474,17.467027900493317,0.47011139291742005,5.6654800307064885,both_positive,1.0187120501588278,0.018539133501247917,0.044969307363989859,0.54483642578125002
reach-wall,19,float32,5,1.1893880219091023e-06,1.1893880215775609e-06,3.3826055483448702e-10,3.3826029361786619e-10,1.0625427140745118,0.35004566116017455,1.0624437742517132,0.3487592727656818,both_positive,0.00028439882410413096,-8.165132994698693,0.079691326771903645,1.4648437500000001e-05
reach-wall,19,float32_field_bfloat16_roundtrip,5,0.0032855746880224757,0.0032855746880224761,0.0032862462214378958,0.0032862462214379015,1.3447514513704899,42.381342245366511,1.1708611415672043,14.426321269841583,both_positive,1.0002043884188261,0.000204367534358596,0.1114876379360368,0.52289794921874999
reach-wall,19,bfloat16,0,7.284883427878003e-05,7.2848834278780016e-05,9.9703409694686668e-05,9.9703409694689284e-05,0.13270797314193555,7.299920723396097,0.079537630285352615,1.7835598234246377,both_positive,1.3686342503867497,0.31381334507928571,0.011565113538932626,0.090600585937500006
reach-wall,19,bfloat16,1,0.00012250132891117541,0.00012250132891117535,0.00014676365153642681,0.0001467636515364286,0.16517128674241688,8.9568429729281593,0.10998404831102569,2.4881507190743424,both_positive,1.1980576279531121,0.1807016020030261,0.015250802784112543,0.027668457031250003
reach-wall,19,bfloat16,2,0.00020441663846663599,0.00020441663846663548,0.00027371329638023494,0.00027371329638023489,0.24347688435736284,11.939942439120079,0.16574582758210613,3.1987701856699862,both_positive,1.3389971502975735,0.29192093847493616,0.02113624573073767,0.014560546875
reach-wall,19,bfloat16,3,0.00044137026403744047,0.00044137026403743917,0.00057149865007451758,0.00057149865007451238,0.37700888654745324,17.159039273880978,0.27739692167271168,4.9025645739255719,both_positive,1.2948281672777997,0.2583779969867166,0.032757947547675741,0.0088647460937500006
reach-wall,19,bfloat16,4,0.0014625695363268559,0.0014625695363268548,0.0019399146585626068,0.0019399146585626101,0.69820509685314192,31.521185634749269,0.52791941568033796,8.8592590046382966,both_positive,1.3263743093094711,0.28244913647599645,0.060778080025592734,0.00482177734375
reach-wall,19,bfloat16,5,0.0092173441208338956,0.0092173441208338643,0.011926378271941703,0.011926378271941686,1.7350921714184657,78.593232932804668,1.4117038999056182,22.232751006994594,both_positive,1.293906152964887,0.25766566869200513,0.15529583549477494,0.0025878906250000003
reach-wall,20,float32,0,3.9982632632592153e-10,3.9982632625917891e-10,1.6944298591879939e-12,1.6944297753452364e-12,0.051870912455302773,0.0064981976001079076,0.051871442960309877,0.0063830342085140586,both_positive,0.0042379146835037724,-5.4636839506497132,0.0038903975007705239,3.9062500000000008e-05
reach-wall,20,float32_field_bfloat16_roundtrip,0,4.0177137397547717e-05,4.017713739754771e-05,3.7550570229750162e-05,3.7550570229750345e-05,0.11992494065626361,4.6596085355363659,0.086369761573470122,1.5550970121884009,both_positive,0.93462532828538769,-0.067609548413877008,0.0099863398144108446,0.71950195312499998
reach-wall,20,float32,1,1.3917990944863377e-09,1.3917990943688958e-09,3.6075846483453953e-12,3.6075845465331609e-12,0.081099071653698299,0.012039705501761698,0.081097808303607175,0.011923565030922898,both_positive,0.0025920297423938357,-5.9553140258689616,0.006082472620323711,2.685546875e-05
reach-wall,20,float32_field_bfloat16_roundtrip,1,8.1507158587729446e-05,8.1507158587729446e-05,7.7456602697547548e-05,7.7456602697547751e-05,0.17559891283072357,6.7348613697558024,0.1239244299015819,2.1610650790745645,both_positive,0.95030429277175543,-0.050973037494468798,0.014255335459656186,0.65695312500000003
reach-wall,20,float32,2,7.3386912294111764e-09,7.3386912285309462e-09,7.882129164602645e-12,7.8821280941148945e-12,0.14194515339518041,0.027502005456004012,0.14194120324136789,0.027401275784878307,both_positive,0.0010740510696258128,-6.8363177331639449,0.010645971568437523,2.9296875000000002e-05
reach-wall,20,float32_field_bfloat16_roundtrip,2,0.00015653765573831073,0.00015653765573831073,0.00015074815370256825,0.00015074815370256825,0.25004731257711721,9.3224689441383806,0.18628224327106974,3.0271405975743093,both_positive,0.96301527572751577,-0.037686004664426065,0.020540313731535104,0.59787109375000003
reach-wall,20,float32,3,1.4280944581294514e-08,1.4280944573229894e-08,1.7403994833851454e-11,1.7403986766833211e-11,0.20857193273836858,0.038354652691242032,0.20856907237074759,0.038228839222074977,both_positive,0.0012186865325874577,-6.7099816128338858,0.015643144731006274,2.9296874999999999e-05
reach-wall,20,float32_field_bfloat16_roundtrip,3,0.00016679488018686109,0.00016679488018686109,0.00016648385859082218,0.00016648385859082223,0.28630220550013125,9.5400940863426467,0.24399323451498597,3.2531882343925194,both_positive,0.99813530489850488,-0.0018664358096689426,0.023968085952201949,0.58650146484374999
reach-wall,20,float32,4,9.33357324715636e-08,9.3335732430623123e-08,6.1037028070245942e-11,6.103699085509802e-11,0.40479601856007613,0.097692090093309397,0.40477909744086948,0.097803028100776679,both_positive,0.00065395134804177991,-7.3324776006476746,0.03036014873403884,1.2207031250000001e-05
reach-wall,20,float32_field_bfloat16_roundtrip,4,0.00051383637086221652,0.00051383637086221652,0.00052332590070554633,0.00052332590070554232,0.53597609172082861,16.973782664981766,0.45819544910360432,5.6056396451835768,both_positive,1.0184679995061587,0.01829953695318931,0.043937088792782852,0.54967529296875006
reach-wall,20,float32,5,1.181129372524384e-06,1.1811293722161203e-06,3.2686253218181444e-10,3.2686222550930972e-10,1.0554107849347405,0.34732091746342558,1.0553285593203059,0.34792260469611558,both_positive,0.00027673728194839767,-8.1924419424508326,0.079156851692899932,2.1972656249999999e-05
reach-wall,20,float32_field_bfloat16_roundtrip,5,0.0036799599129986151,0.0036799599129986147,0.0036589729004895123,0.0036589729004895192,1.4015492518280444,45.282045241738395,1.1783876793787911,14.895133849024559,both_positive,0.99429694534579816,-0.0057193791663738835,0.11473100647908274,0.52697509765625006
reach-wall,20,bfloat16,0,6.628483584065635e-05,6.6284835840656309e-05,8.0524240358620584e-05,8.0524240358621532e-05,0.13304867957983463,6.687992343482275,0.076650921511954462,1.7606515546255541,both_positive,1.2148214495423157,0.19459711088434695,0.011154151714115943,0.094836425781249997
reach-wall,20,bfloat16,1,0.00012262856970290115,0.0001226285697029011,0.00014300363601834763,0.00014300363601834877,0.16418605914201984,8.908641157827569,0.10856260225609703,2.4802715366583596,both_positive,1.1661526866439873,0.15371002844954518,0.015152735619067489,0.028669433593750002
reach-wall,20,bfloat16,2,0.00021446197587323871,0.00021446197587323819,0.000282354140426685,0.00028235414042668576,0.23265347836263095,12.21907909471045,0.15721076171334089,3.2332889666403917,both_positive,1.3165697055480599,0.2750296461773587,0.020859541020209416,0.015332031250000001
reach-wall,20,bfloat16,3,0.00044749643318045708,0.00044749643318045578,0.00058890923208016453,0.0005889092320801603,0.37303327647358386,17.469173485863145,0.26359023023855316,4.8361144100480375,both_positive,1.3160087732870966,0.27460349951243668,0.032183675810438954,0.0091943359374999992
reach-wall,20,bfloat16,4,0.0014726682743659452,0.0014726682743659441,0.0020023478364433727,0.0020023478364433684,0.69784260206031512,31.905500668250919,0.5030600098246466,8.8419647205710969,both_positive,1.3596733706411106,0.30724450225661037,0.059974457509937823,0.0050170898437500002
reach-wall,20,bfloat16,5,0.0098435123133760547,0.0098435123133760252,0.013334012464814821,0.013334012464814745,1.8264204016129904,82.510099805434166,1.3377789468045127,22.760477391810657,both_positive,1.3545990537031818,0.30350550921816399,0.15642343158213912,0.0025097656250000003
reach-wall,21,float32,0,4.0444799682264274e-10,4.0444799673396541e-10,1.7428058265418002e-12,1.7428057181051518e-12,0.05201487461761025,0.0065050286462133245,0.052015600247206195,0.0064277504767060196,both_positive,0.0043090974370829926,-5.447026808145754,0.003901204863892639,5.37109375e-05
reach-wall,21,float32_field_bfloat16_roundtrip,0,4.3284461724908159e-05,4.3284461724908159e-05,3.7685726438173452e-05,3.7685726438173446e-05,0.11707452590254318,4.5358281239067049,0.095271406396281164,1.7636182160351419,both_positive,0.87065253757070749,-0.13851230529060565,0.010556964021500399,0.72051513671875012
reach-wall,21,float32,1,1.5733844686807775e-09,1.5733844685247607e-09,3.7807809469442047e-12,3.7807808122120136e-12,0.083061766633823628,0.012740052506294708,0.083060976331606307,0.012692052385391756,both_positive,0.0024029606381676337,-6.031053702650091,0.0062297098093630054,4.1503906249999996e-05
reach-wall,21,float32_field_bfloat16_roundtrip,1,7.2889986127243624e-05,7.2889986127243624e-05,6.9068499189620057e-05,6.9068499189620111e-05,0.16580537345803287,6.3075203190858034,0.12176189419870631,2.0872582547494596,both_positive,0.94757185258682286,-0.053852511036078354,0.013700483778420286,0.65617431640625001
reach-wall,21,float32,2,8.9364375651808548e-09,8.9364375641522838e-09,7.9622932903786437e-12,7.9622925051941961e-12,0.14283488837233249,0.030325140498162997,0.14282914705207517,0.03024125918181533,both_positive,0.00089099187817326885,-7.0231752459409904,0.01071265559762387,3.6621093750000005e-05
reach-wall,21,float32_field_bfloat16_roundtrip,2,0.00016381147557497665,0.00016381147557497668,0.00015563476210640672,0.00015563476210640707,0.25125760646937817,9.4051838640753882,0.19059368415476144,3.1716243261130885,both_positive,0.95008461135051891,-0.05120423377407235,0.0209969874695712,0.59775878906250002
reach-wall,21,float32,3,1.3945974218542537e-08,1.3945974211061231e-08,1.6871853725093855e-11,1.6871846191738871e-11,0.20001861232557619,0.037863213130260878,0.20001052415808543,0.037787481343756514,both_positive,0.0012098010121559721,-6.7172993856609864,0.015001388128264983,1.953125e-05
reach-wall,21,float32_field_bfloat16_roundtrip,3,0.00017813836844089479,0.00017813836844089479,0.00017883484873211424,0.00017883484873211443,0.29289743874155755,10.039208476169591,0.23767962645460247,3.2374980404855718,both_positive,1.0039097713609662,0.0039021480686773913,0.024019638266432476,0.59023925781249997
reach-wall,21,float32,4,6.673892831998397e-08,6.6738928298587058e-08,5.7833600820455595e-11,5.7833581691730163e-11,0.36517841156979469,0.082828184967435325,0.36516011230878387,0.08265361327834983,both_positive,0.00086656472131480412,-7.0509737587938233,0.027388498365146331,1.2207031250000001e-05
reach-wall,21,float32_field_bfloat16_roundtrip,4,0.00048816715448658533,0.00048816715448658533,0.00049559423735927094,0.00049559423735926996,0.50794103459271611,16.748701181612333,0.41694656710597172,5.2951329583320907,both_positive,1.0152142207938935,0.015099645194136535,0.041104536857570595,0.5636132812500001
reach-wall,21,float32,5,4.6483624973602014e-07,4.6483624946145664e-07,3.0630126483694695e-10,3.0630099238232786e-10,0.85058212005981726,0.21816398801324888,0.85055322791327559,0.218225141174928,both_positive,0.00065894444551365132,-7.3248713282085589,0.063795171444144802,1.7089843750000002e-05
reach-wall,21,float32_field_bfloat16_roundtrip,5,0.0034409524499970411,0.0034409524499970411,0.0034367910769598034,0.0034367910769597903,1.2515575816736939,44.147264080923009,0.98132159605900693,14.164944040942675,both_positive,0.99879063337906882,-0.0012100984948721916,0.10216413650448325,0.55086669921874998
reach-wall,21,bfloat16,0,6.7402569170672537e-05,6.740256917067251e-05,8.6880766489871419e-05,8.6880766489873398e-05,0.13672365301235198,6.8717110475771292,0.079854900121764535,1.7543776277553755,both_positive,1.2889830099781125,0.25385354309292296,0.011365469737478338,0.094521484374999992
reach-wall,21,bfloat16,1,0.00011950837188786269,0.00011950837188786265,0.00014452190078495229,0.00014452190078495346,0.16716414652505829,8.8706870783414882,0.11233536192639314,2.455682419959758,both_positive,1.2093035701344867,0.19004463203700617,0.015261624656682383,0.028454589843749999
reach-wall,21,bfloat16,2,0.00022608337110601394,0.00022608337110601337,0.00030688126714298119,0.00030688126714298206,0.23320269876394459,12.692908368535907,0.15981532486585587,3.2797320047303171,both_positive,1.3573809769453582,0.30555709085703597,0.021285293721043385,0.015385742187500001
reach-wall,21,bfloat16,3,0.00044005530417846233,0.00044005530417846108,0.00058496406966152849,0.00058496406966152361,0.36027972889699161,17.3312799139348,0.25153433378391404,4.8323054628906759,both_positive,1.3292967136337461,0.28465001563510395,0.031475497044580324,0.0092553710937499992
reach-wall,21,bfloat16,4,0.0015220595868842891,0.0015220595868842882,0.0019841137291590457,0.0019841137291590439,0.6541316245507941,32.068236607635804,0.46701186128133354,8.9770187612487593,both_positive,1.3035716513704947,0.2651079213275791,0.058249391333312667,0.0053198242187499998
reach-wall,21,bfloat16,5,0.0092321962086103111,0.0092321962086102834,0.01244864404464714,0.012448644044647093,1.6083325731082658,79.855547210933253,1.2109764497812217,21.995371804707357,both_positive,1.3483946574962351,0.29891474226389381,0.14576159832234192,0.0027709960937499999
reach-wall,22,float32,0,4.163303550403681e-10,4.1633035496379552e-10,1.7322268651387908e-12,1.7322267675907109e-12,0.051110848776162725,0.0066470216977159722,0.051111470055593432,0.0065091690266094885,both_positive,0.0041607027788565431,-5.4820712817521198,0.0038333999395645628,4.3945312500000005e-05
reach-wall,22,float32_field_bfloat16_roundtrip,0,3.8655312398834437e-05,3.8655312398834437e-05,3.534055595832454e-05,3.5340555958324662e-05,0.11592726704241621,4.491755329132201,0.085646447123240141,1.5647471143457337,both_positive,0.91424835980345498,-0.089653015989306084,0.0098304674894694188,0.71867187500000007
reach-wall,22,float32,1,1.5463171683877415e-09,1.546317168259804e-09,3.5308396400788989e-12,3.5308395227585914e-12,0.08080824516460125,0.01270437558851369,0.080807281689352459,0.012563141654626365,both_positive,0.0022833864308447844,-6.0820956612619135,0.0060606895451745116,4.8828124999999996e-05
reach-wall,22,float32_field_bfloat16_roundtrip,1,6.4520525554088908e-05,6.4520525554088908e-05,6.0015465594655909e-05,6.0015465594656376e-05,0.15473075634556091,5.8421787962868352,0.11755414486255825,2.0117100988444538,both_positive,0.93017632883885437,-0.072381109904819496,0.013047020521327276,0.65645751953124998
reach-wall,22,float32,2,7.1592965577137463e-09,7.1592965567863676e-09,7.6278379550306439e-12,7.6278367980688391e-12,0.14306437151173435,0.027193203670835903,0.14305693447115345,0.027056821362628658,both_positive,0.0010654451723768965,-6.8443625649275184,0.010729724857421257,9.7656250000000002e-06
reach-wall,22,float32_field_bfloat16_roundtrip,2,0.00013430931950817775,0.00013430931950817777,0.00012749248983204506,0.00012749248983204661,0.22913959781208337,8.4374139312225687,0.18134611430472539,2.9280648393191253,both_positive,0.94924529659524015,-0.052088034746613943,0.019436040538108681,0.5977783203125
reach-wall,22,float32,3,1.3270735779070301e-08,1.3270735770684552e-08,1.6210539493829946e-11,1.6210531063826876e-11,0.21150184607466688,0.037015816774104281,0.21149457651186152,0.036841263085038815,both_positive,0.0012215252992525179,-6.7076549558538474,0.015862669903788811,1.4648437500000001e-05
reach-wall,22,float32_field_bfloat16_roundtrip,3,0.00018816575086274599,0.00018816575086274599,0.00018889701626949648,0.00018889701626949515,0.30498752420351294,10.324915566825611,0.24942807572037629,3.3218715984088951,both_positive,1.003886283255043,0.0038787511645246298,0.02494980454050023,0.58497070312499999
reach-wall,22,float32,4,8.3560343531232438e-08,8.3560343491454619e-08,5.5526534870572411e-11,5.5526498908090815e-11,0.40561618000055621,0.092580219690091822,0.40559923676592025,0.092503770804448632,both_positive,0.00066450821674540143,-7.3164633145820765,0.030421681612317217,2.1972656250000003e-05
reach-wall,22,float32_field_bfloat16_roundtrip,4,0.00048044904357769146,0.00048044904357769146,0.00047841822331882235,0.00047841822331882544,0.52405312804632753,16.170093599645877,0.45553285971096108,5.5295214893852052,both_positive,0.99577307877699894,-0.0042358799085322474,0.043157959236460638,0.54243652343750004
reach-wall,22,float32,5,1.1389843837809451e-06,1.1389843834650154e-06,2.9823099829270275e-10,2.9823070749057656e-10,1.0083190076105626,0.34191614965803707,1.0083450461124543,0.34144517921123696,both_positive,0.00026183940933650234,-8.2477791835923231,0.07563131045197885,1.953125e-05
reach-wall,22,float32_field_bfloat16_roundtrip,5,0.0032063424336814584,0.003206342433681458,0.0032285639666075963,0.0032285639666075902,1.2942583642271741,41.974061772378377,1.1293395095866601,14.227191278995095,both_positive,1.0069304927298808,0.0069065872527431793,0.10836970625652745,0.51987792968750002
reach-wall,22,bfloat16,0,7.5808233848153762e-05,7.5808233848153722e-05,9.4584872247476179e-05,9.4584872247478402e-05,0.13665855238048599,7.2304217827558404,0.076671254876608974,1.8557518544365221,both_positive,1.247686002511714,0.22129063773899738,0.011646929616178938,0.092187500000000006
reach-wall,22,bfloat16,1,0.00012378340140056348,0.00012378340140056343,0.00014227759211560704,0.00014227759211560953,0.17101821887676597,8.883478712364159,0.10961907829852829,2.5217481046566128,both_positive,1.149407679105507,0.13924674803795867,0.01535183624420795,0.028347167968749996
reach-wall,22,bfloat16,2,0.00021979756436757905,0.00021979756436757851,0.00028623550778702253,0.00028623550778702209,0.24464443733351576,12.324315133272249,0.16473290942209246,3.281898676629873,both_positive,1.3022687881487887,0.26410796499064482,0.021425194689044778,0.014914550781249999
reach-wall,22,bfloat16,3,0.00044848299083536449,0.00044848299083536313,0.0005904944879196269,0.00059049448791962506,0.37470227342279444,17.354464634911221,0.26878916274942449,4.9625663991571685,both_positive,1.3166485685883995,0.27508954477455294,0.032529469680581208,0.0088549804687500008
reach-wall,22,bfloat16,4,0.0015121850378189128,0.0015121850378189111,0.0021020654776061787,0.0021020654776061744,0.69651193899659125,32.628845526943401,0.50594392678833677,8.8740075007395749,both_positive,1.3900848276068616,0.32936477233582195,0.060384142884839412,0.0050756835937499998
reach-wall,22,bfloat16,5,0.0093890712331994256,0.0093890712331994031,0.011929976698054677,0.011929976698054687,1.7359652598483106,79.04039187234487,1.2931014833017203,22.336372876454352,both_positive,1.2706237285612125,0.23950790475951056,0.15084923866026112,0.0026708984374999999
reach-wall,23,float32,0,4.0233485420787454e-10,4.0233485412417456e-10,1.7399622899408021e-12,1.7399621824790959e-12,0.052273841758616109,0.0065200959653160017,0.052274640005663488,0.0064028295131329021,both_positive,0.004324662086178134,-5.4434212720140671,0.0039206308082401706,5.1269531249999998e-05
reach-wall,23,float32_field_bfloat16_roundtrip,0,3.2988732843635802e-05,3.2988732843635809e-05,3.0231124793285212e-05,3.02311247932849e-05,0.10792514664566009,4.1519066825031201,0.080570045925453485,1.4455505920058207,both_positive,0.91640757881118218,-0.087294058237102234,0.0091298409232633843,0.71837402343750001
reach-wall,23,float32,1,1.4863180022512617e-09,1.4863180021091448e-09,3.6567987956957419e-12,3.6567986312178193e-12,0.08345886156171399,0.012466255106545083,0.083457603021061269,0.012315036122808801,both_positive,0.0024603071416459646,-6.0074690825038886,0.0062594618942592101,4.6386718750000001e-05
reach-wall,23,float32_field_bfloat16_roundtrip,1,5.6230050980277768e-05,5.6230050980277761e-05,4.9121787739217822e-05,4.9121787739217829e-05,0.13641447919170865,5.0394763218440213,0.12253735173974892,2.0940713557786417,both_positive,0.87358604310081256,-0.13514865042313495,0.012688916150699094,0.65491699218749999
reach-wall,23,float32,2,7.2628346915556734e-09,7.2628346906003452e-09,7.4009270295343581e-12,7.4009259436867586e-12,0.14399792920428939,0.027409020458082644,0.14399343625019145,0.027246322809644397,both_positive,0.0010190135592841238,-6.888920218368721,0.0107998824944712,1.4648437499999999e-05
reach-wall,23,float32_field_bfloat16_roundtrip,2,0.00013570169174141947,0.00013570169174141947,0.00012749918268993435,0.00012749918268993289,0.22832111911768102,8.4021101758986774,0.18552137861113097,2.9834365829680087,both_positive,0.93955485045009568,-0.062349079235586302,0.019657393038970905,0.59746826171875
reach-wall,23,float32,3,1.3944002896039419e-08,1.3944002888294612e-08,1.6821455825446855e-11,1.6821448259925903e-11,0.21014923353961268,0.037854952977834234,0.21014376586280481,0.037786163463283395,both_positive,0.001206357740374877,-6.7201495908542412,0.015761314453933993,1.7089843750000002e-05
reach-wall,23,float32_field_bfloat16_roundtrip,3,0.00018492977685828733,0.00018492977685828735,0.00018553790260503563,0.00018553790260503495,0.30129548822928909,10.201751947193111,0.24728180717696552,3.3182532645065943,both_positive,1.0032884144299505,0.0032830194193387285,0.024752898851694193,0.58679931640625005
reach-wall,23,float32,4,8.5988987090234376e-08,8.5988987053669353e-08,5.7589320478539539e-11,5.7589288752266232e-11,0.39739564111539172,0.094009944137063511,0.3973736450294108,0.093815080767758449,both_positive,0.00066972902492858717,-7.3086373677924357,0.029804878231758154,1.7089843749999998e-05
reach-wall,23,float32_field_bfloat16_roundtrip,4,0.00046833047119959354,0.00046833047119959354,0.00048347299407814351,0.00048347299407814297,0.51973683163619744,16.363219824727139,0.44610101773262012,5.2742407158839857,both_positive,1.0323329866616697,0.031821276509211849,0.042441284090108423,0.54865234374999994
reach-wall,23,float32,5,8.7049563969997959e-07,8.7049563940748333e-07,3.1943153515928574e-10,3.1943124664465805e-10,0.95174214471156104,0.29886049990497049,0.95174601875486564,0.29852477510462494,both_positive,0.00036695363031270247,-7.9102750658140657,0.071385665985864141,1.4648437500000001e-05
reach-wall,23,float32_field_bfloat16_roundtrip,5,0.003886198824601539,0.0038861988246015385,0.003906646532599067,0.0039066465325990982,1.3628574139505336,46.887430744019156,1.109170766139753,15.136188736017187,both_positive,1.0052616216823709,0.0052478277156069453,0.11204102542654973,0.53267333984374998
reach-wall,23,bfloat16,0,6.7326284117583517e-05,6.7326284117583476e-05,8.5735079400847027e-05,8.5735079400848843e-05,0.13346439395529505,6.8536790451249541,0.077093415716339472,1.7456978462825645,both_positive,1.2734265751413378,0.24171135782022901,0.011219128046386221,0.092858886718750006
reach-wall,23,bfloat16,1,0.00012334282958392884,0.00012334282958392881,0.00014363896745782606,0.00014363896745782788,0.16459663600699326,8.9409545702939202,0.10899385638582157,2.4788547127033418,both_positive,1.1645506102167591,0.15233527029675287,0.015188726344062806,0.028354492187500004
reach-wall,23,bfloat16,2,0.00021208794923319063,0.00021208794923319006,0.00028683703539852999,0.00028683703539853146,0.23829884183947739,12.2466908399159,0.16082588162448003,3.2100101118879278,both_positive,1.3524438160470531,0.30191319006016748,0.021049673911746971,0.0153125
reach-wall,23,bfloat16,3,0.00042940623668218331,0.00042940623668218233,0.00057691331046893319,0.00057691331046892734,0.36940303448949352,17.219512834788357,0.25140223076258406,4.7301005361643389,both_positive,1.3435140461081017,0.29528860388150502,0.031395924841511137,0.0092504882812500001
reach-wall,23,bfloat16,4,0.0014306712596156991,0.001430671259615698,0.0020928178455851092,0.0020928178455851178,0.69996369707178774,32.323903145629622,0.48023205726207441,8.5205708418466326,both_positive,1.4628223161114406,0.3803676629269539,0.05881321542302366,0.0051538085937499999
reach-wall,23,bfloat16,5,0.0088856546851362288,0.008885654685136208,0.012864272372857206,0.012864272372857149,1.7460122143724568,80.32419026283894,1.1780246084683148,21.227282567440575,both_positive,1.4477574054702285,0.37001574226884149,0.14573947803957196,0.0026757812500000002
reach-wall,24,float32,0,4.2829138029049303e-10,4.2829138020006141e-10,1.6120463921431374e-12,1.6120462810926643e-12,0.052130496391812185,0.0067123499634455632,0.052131154535302329,0.0066085893736461893,both_positive,0.0037639010877355281,-5.5822993361017588,0.0039098757031410759,7.5683593750000013e-05
reach-wall,24,float32_field_bfloat16_roundtrip,0,3.0088844946703744e-05,3.0088844946703747e-05,2.7432422379509655e-05,2.7432422379510048e-05,0.10220226967558368,3.9070526563860328,0.079907138065552885,1.4178298380128385,both_positive,0.91171403980779586,-0.092428890918105466,0.0088648308836959209,0.71909667968750002
reach-wall,24,float32,1,1.6405460727251401e-09,1.6405460725517887e-09,3.5223012479176669e-12,3.5223011302359183e-12,0.082726845267149254,0.013003945358020026,0.082725696217354761,0.012960241289423474,both_positive,0.0021470297643434726,-6.1436698969568688,0.0062045778279674509,2.685546875e-05
reach-wall,24,float32_field_bfloat16_roundtrip,1,7.2887072769402302e-05,7.2887072769402288e-05,6.7371659608652206e-05,6.7371659608651759e-05,0.16340227334792529,6.1750152004352001,0.12443992032145906,2.1558296836496553,both_positive,0.92432933644900828,-0.078686846116292841,0.013794937326078656,0.65544433593749996
reach-wall,24,float32,2,8.3638597401620023e-09,8.3638597391904853e-09,7.5140257045269987e-12,7.5140247191850021e-12,0.14566029128137392,0.029356517711144732,0.14565251912580215,0.029251731120743384,both_positive,0.00089839212253234855,-7.0149039229084593,0.010924420427134192,2.4414062499999998e-05
reach-wall,24,float32_field_bfloat16_roundtrip,2,0.00015683060362482084,0.00015683060362482086,0.00015015805437610841,0.0001501580543761089,0.24709482438510064,9.1879061695867623,0.19155839411427095,3.1275057527963526,both_positive,0.95745378073864407,-0.043477829861448214,0.020794525823799041,0.59638183593749994
reach-wall,24,float32,3,1.386724999382482e-08,1.3867249984885102e-08,1.7055196005142947e-11,1.705518736312152e-11,0.20924480347456065,0.037950359277147655,0.20923399379907542,0.03763214757366122,both_positive,0.0012298902819764365,-6.7008303152216868,0.015693215353786618,2.685546875e-05
reach-wall,24,float32_field_bfloat16_roundtrip,3,0.00017685713608884757,0.00017685713608884759,0.00017445246606053149,0.00017445246606053209,0.2911915744400046,9.7584658985528474,0.24834869695366393,3.3751113762994658,both_positive,0.98640331919030944,-0.013689962183985216,0.024507971094347266,0.58673339843750005
reach-wall,24,float32,4,8.1144633790923098e-08,8.1144633750259825e-08,5.8518565312725893e-11,5.851852785980064e-11,0.40091221359302731,0.091509023140816353,0.40088164669017218,0.091089248173942372,both_positive,0.00072116371198993352,-7.2346443840547359,0.030068133924362438,1.953125e-05
reach-wall,24,float32_field_bfloat16_roundtrip,4,0.00054005179105420949,0.00054005179105420949,0.00053905967560426388,0.00053905967560426149,0.53677190812888276,17.179768460475469,0.46348818844786199,5.8440409657666423,both_positive,0.99816292535941975,-0.0018387641316621739,0.044579428595161986,0.53858642578125004
reach-wall,24,float32,5,8.9758014015557216e-07,8.9758013985521078e-07,3.1306052986762555e-10,3.1306024179250658e-10,0.97111772669897278,0.30361621343599843,0.97109786054034986,0.3030958545291581,both_positive,0.00034878281711242482,-7.9610611300086589,0.072837800306741279,1.953125e-05
reach-wall,24,float32_field_bfloat16_roundtrip,5,0.0038434244411244406,0.0038434244411244406,0.00387977829973663,0.0038797782997366157,1.3733348258790117,46.858273106555878,1.1185804450394743,14.912341412830516,both_positive,1.0094587155722914,0.0094142620179926695,0.11231615120483444,0.5159912109375
reach-wall,24,bfloat16,0,7.2410452613335299e-05,7.2410452613335232e-05,9.8797545182298038e-05,9.8797545182300315e-05,0.13361855354045976,7.2660197101766419,0.079340291909187163,1.784152622525238,both_positive,1.3644099935387397,0.31072209602888989,0.011567490006270715,0.091821289062500006
reach-wall,24,bfloat16,1,0.00012016703269705553,0.0001201670326970555,0.00015055914916162663,0.00015055914916162899,0.16792370455320219,9.019407153799138,0.11233431409820663,2.4257395930642738,both_positive,1.2529155940896908,0.22547331058802733,0.01528495399994584,0.027797851562500003
reach-wall,24,bfloat16,2,0.00020904430850333174,0.00020904430850333122,0.0002797293437928774,0.00027972934379287865,0.2468128828110786,12.118411014604488,0.16726671222267089,3.1912713550859242,both_positive,1.3381342252062274,0.29127627446694149,0.021320522735966081,0.01462890625
reach-wall,24,bfloat16,3,0.00044139137210316058,0.00044139137210315917,0.00056927869141284472,0.00056927869141283919,0.36268726074811519,17.223986337003726,0.27051932093299796,4.8290511569672168,both_positive,1.2897367900516976,0.25443815883523513,0.032160561806924566,0.0090576171875000003
reach-wall,24,bfloat16,4,0.0014229492444198738,0.0014229492444198725,0.0019031616673727107,0.0019031616673727111,0.67161034361568861,31.024315034048318,0.52032977564588456,8.8621731253463096,both_positive,1.3374768459493549,0.29078488819844583,0.059801917100326257,0.0051025390624999997
reach-wall,24,bfloat16,5,0.0085502312215023843,0.0085502312215023669,0.011751253242530259,0.011751253242530225,1.7395000671092251,77.040192413673196,1.3286290156785543,21.37105561338829,both_positive,1.3743784159869088,0.31800156780768152,0.14995562855052463,0.0026171874999999997
reach-wall,25,float32,0,4.1381748484847172e-10,4.1381748478053119e-10,1.7959530369319282e-12,1.7959529395763687e-12,0.051880276044850453,0.0065769274499086266,0.051881278963524811,0.0065026112454089182,both_positive,0.0043399641211138177,-5.4398891979284585,0.0038911250908627887,6.103515625e-05
reach-wall,25,float32_field_bfloat16_roundtrip,0,3.3338369958732647e-05,3.3338369958732647e-05,2.9712254330457091e-05,2.9712254330457142e-05,0.10551343143290923,4.0576999467909527,0.083442121762741447,1.5133940174204024,both_positive,0.89123296571595778,-0.11514942023745256,0.0092900009773270904,0.71787109375000013
reach-wall,25,float32,1,1.371794629939809e-09,1.3717946298236972e-09,3.5622609156272067e-12,3.5622607701081199e-12,0.081555522892795884,0.011925057605791906,0.081555052175206144,0.011844595632306743,both_positive,0.0025967887888462648,-5.9534796785090691,0.006116743745160913,3.1738281250000001e-05
reach-wall,25,float32_field_bfloat16_roundtrip,1,6.6106293722463839e-05,6.6106293722463839e-05,6.2145085303742554e-05,6.2145085303742919e-05,0.15733944351172136,5.963898458426236,0.11764868776722517,2.0109775067713089,both_positive,0.94007819534775683,-0.061792220637729045,0.013144554623073864,0.65663330078125004
reach-wall,25,float32,2,6.7219076473133845e-09,6.7219076463575334e-09,7.7782949617952748e-12,7.7782940068809103e-12,0.14089094395340732,0.026268050561223489,0.14088753852080474,0.026238551713492399,both_positive,0.0011571558804298818,-6.7617901117298977,0.010566904779688189,1.953125e-05
reach-wall,25,float32_field_bfloat16_roundtrip,2,0.00015905718125337068,0.00015905718125337068,0.0001547239858703035,0.00015472398587030318,0.25155494202610851,9.4371614375085358,0.18508586731557858,3.0388224995372339,both_positive,0.9727569962643523,-0.027620974890083971,0.020593902171451659,0.59907714843750004
reach-wall,25,float32,3,1.2452166081682262e-08,1.245216607398558e-08,1.7156772076910458e-11,1.7156764823575955e-11,0.19878260793253391,0.035667696626115179,0.1987813019938576,0.035736065821404074,both_positive,0.0013778142665595264,-6.5872569002648476,0.014908971958628029,1.953125e-05
reach-wall,25,float32_field_bfloat16_roundtrip,3,0.00016496932281450405,0.00016496932281450402,0.0001648880004035324,0.0001648880004035336,0.28210458766998386,9.5797346231246578,0.23334831841003773,3.169413271717274,both_positive,0.9995070452519037,-0.00049307629023331856,0.023336405372306374,0.58762207031250002
reach-wall,25,float32,4,6.5494073617559113e-08,6.5494073589688712e-08,6.0727529722972769e-11,6.0727502218843839e-11,0.37164832459699937,0.081584588426143689,0.37164486275720837,0.081997576415536885,both_positive,0.00092722175257535934,-6.9833178057141865,0.027874415178698979,2.1972656250000003e-05
reach-wall,25,float32_field_bfloat16_roundtrip,4,0.00050151441199870685,0.00050151441199870685,0.00050820168468048853,0.00050820168468048744,0.51125970520839104,16.835944293721379,0.42567857017990762,5.4701106906082968,both_positive,1.0133341585441795,0.013246041102497941,0.041805978704577584,0.56006835937499999
reach-wall,25,float32,5,6.8085348737107747e-07,6.8085348706986419e-07,3.1749808792842667e-10,3.1749779874056655e-10,0.94172008216801495,0.26360409370061,0.94172398869865626,0.26419751454527085,both_positive,0.00046632365673025404,-7.6706306225819354,0.070632538331123235,1.2207031250000001e-05
reach-wall,25,float32_field_bfloat16_roundtrip,5,0.0035225412245180623,0.0035225412245180618,0.0034274816269484797,0.0034274816269484671,1.2875636659045333,43.593155516562838,1.0801482859502078,14.918885746120358,both_positive,0.97301391481015576,-0.027356895962976857,0.1077425149516773,0.5291284179687501
reach-wall,25,bfloat16,0,6.6757002790857333e-05,6.6757002790857306e-05,8.8798619935242314e-05,8.8798619935243642e-05,0.1320657590324763,6.9220052991683154,0.077733339916756891,1.7204236839042646,both_positive,1.3301768537068546,0.2853119061054965,0.011204074574740864,0.093056640625000006
reach-wall,25,bfloat16,1,0.00011818055856073118,0.00011818055856073115,0.00014248772923235287,0.00014248772923235409,0.1639699775989831,8.8261546586294592,0.10960450455028492,2.4312499842655968,both_positive,1.205678251716255,0.18704227308863253,0.015048732835228736,0.028737792968749998
reach-wall,25,bfloat16,2,0.00020344064660848292,0.00020344064660848241,0.00027522589340187162,0.00027522589340187216,0.24086644790407061,11.97799699503779,0.16569483586606171,3.1604689663936085,both_positive,1.35285597047643,0.30221789154620637,0.021053531458421749,0.015061035156249999
reach-wall,25,bfloat16,3,0.00043919404281027438,0.00043919404281027308,0.00058320418680458334,0.00058320418680457803,0.36116970430868273,17.245884590365716,0.26974110143079244,4.8838924131876125,both_positive,1.3278963964830446,0.28359603331443495,0.032250004039053842,0.0090722656249999992
reach-wall,25,bfloat16,4,0.0015879420325300975,0.0015879420325300955,0.0021827405853188054,0.0021827405853188102,0.65263913367796389,33.341037617316658,0.51656683435384598,9.0833751963119926,both_positive,1.374571955779144,0.31814237776521459,0.060814014061239499,0.0051391601562500002
reach-wall,25,bfloat16,5,0.0099296848762607786,0.0099296848762607543,0.013246153406309288,0.013246153406309238,1.7518526938814707,82.578237167874988,1.3518547367846308,22.802004209656527,both_positive,1.3339953454089262,0.28817845828863842,0.15606371072151848,0.0025585937500000001
reach-wall,26,float32,0,4.0982738837795308e-10,4.0982738830303378e-10,1.7395575791436804e-12,1.7395574582784333e-12,0.051671346376410986,0.0065592823843618623,0.051671810023085005,0.0064673879973770982,both_positive,0.0042446103615198525,-5.4621052510594019,0.0038754276808776866,5.1269531249999998e-05
reach-wall,26,float32_field_bfloat16_roundtrip,0,4.8703252295914274e-05,4.8703252295914274e-05,4.5153883869598117e-05,4.5153883869597493e-05,0.13148978148300844,5.1311754507152356,0.092673808583648723,1.7037768504068744,both_positive,0.92712255837144752,-0.075669512477274381,0.010777745438194392,0.71927246093749997
reach-wall,26,float32,1,1.436986305036776e-09,1.43698630490202e-09,3.6471465754628818e-12,3.6471464298977217e-12,0.080890130141151151,0.012180495560568777,0.080889230056896133,0.012128714835994767,both_positive,0.0025380524244937338,-5.9763582540743734,0.0060668230996456553,3.4179687500000003e-05
reach-wall,26,float32_field_bfloat16_roundtrip,1,6.2324866044023627e-05,6.2324866044023627e-05,5.8097213747868617e-05,5.8097213747868576e-05,0.15259197596780105,5.7463774810946306,0.11563825849677978,1.9762005729868841,both_positive,0.93216748683954209,-0.070242773532518399,0.012834718943628686,0.654912109375
reach-wall,26,float32,2,6.824865118041427e-09,6.8248651172242478e-09,7.5582231456424169e-12,7.5582219993884474e-12,0.14410887910956469,0.026460714633340474,0.14410215468651255,0.026440207496330758,both_positive,0.0011074538492581148,-6.8056917280120146,0.010808078264769263,1.4648437499999999e-05
reach-wall,26,float32_field_bfloat16_roundtrip,2,0.00014732155158133256,0.00014732155158133256,0.00014214612578407378,0.00014214612578407327,0.24222482163786857,8.9757049614825721,0.18716599582062168,2.9917987515820856,both_positive,0.96486986634537608,-0.035762040264813777,0.020219033064027465,0.59355468749999996
reach-wall,26,float32,3,1.507268875167671e-08,1.5072688743222388e-08,1.6714871847825009e-11,1.6714863488534946e-11,0.21636639985993611,0.03924876317267964,0.21636151014880256,0.039311464973228898,both_positive,0.0011089509060528847,-6.8043408402566534,0.01622764886082826,1.7089843749999998e-05
reach-wall,26,float32_field_bfloat16_roundtrip,3,0.00018378781600132679,0.00018378781600132682,0.00018756402651069352,0.0001875640265106951,0.30511788528384937,10.219623282649895,0.25239221997090538,3.3044326815839233,both_positive,1.020546576979507,0.020338343558425009,0.02501962575376061,0.57829101562500007
reach-wall,26,float32,4,9.7556288586181107e-08,9.7556288544192797e-08,6.0187541276160526e-11,6.0187504719726731e-11,0.41713936903632565,0.10010712688315226,0.417118623254149,0.099930872250787242,both_positive,0.00061695193768047994,-7.3907194338831452,0.031285817677365768,2.1972656249999999e-05
reach-wall,26,float32_field_bfloat16_roundtrip,4,0.00049667503110076966,0.00049667503110076966,0.00050167820679461439,0.00050167820679461483,0.53618262662844951,16.600767052129989,0.46551994289491094,5.5496728002954914,both_positive,1.0100733384618839,0.010022940555519,0.044014300490565775,0.54102539062499999
reach-wall,26,float32,5,1.0650192898485307e-06,1.0650192895457543e-06,3.3255108546861837e-10,3.3255078335167444e-10,1.0737250515576535,0.33068897106502165,1.073630728804067,0.33016301107597629,both_positive,0.00031224888472763203,-8.0717099806939281,0.08052959407365673,7.3242187499999997e-06
reach-wall,26,float32_field_bfloat16_roundtrip,5,0.0038029875152564376,0.0038029875152564372,0.0038081220919961595,0.0038081220919961361,1.4324758993630997,46.231490882233516,1.1953109146119247,15.054218853133339,both_positive,1.0013501429387091,0.0013492323152872743,0.11662961048326714,0.51101562499999997
reach-wall,26,bfloat16,0,7.4166020830526724e-05,7.416602083052667e-05,9.3738823648184842e-05,9.3738823648187349e-05,0.1313872454039654,7.1837785840516641,0.075748625510800929,1.8277793309935098,both_positive,1.263905257400596,0.23420633832729365,0.011463660859808451,0.094411621093750009
reach-wall,26,bfloat16,1,0.00011868907642338157,0.00011868907642338151,0.00014361794251569086,0.00014361794251569252,0.16214463106345364,8.8738336992938915,0.10822588536455208,2.4179459283949507,both_positive,1.2100350499264509,0.19064932607048135,0.014978444071063229,0.029189453125000001
reach-wall,26,bfloat16,2,0.00020695870859669012,0.00020695870859668947,0.00027304659682474077,0.0002730465968247405,0.23655262110533604,11.986608965896261,0.16233851406488881,3.1984951221522202,both_positive,1.3193288587668912,0.27712316697055428,0.020917675453486204,0.015148925781250001
reach-wall,26,bfloat16,3,0.00044841506461563437,0.00044841506461563307,0.00057597814928058973,0.00057597814928058333,0.37840402921146671,17.296401934459535,0.27033545458073288,4.9067479097065414,both_positive,1.284475466439331,0.25035043768849885,0.03258563682164127,0.0090917968749999988
reach-wall,26,bfloat16,4,0.0014456541352527914,0.0014456541352527896,0.0019202226253387568,0.0019202226253387654,0.69113870439458891,31.258790181869593,0.51894237405671695,8.889418846483272,both_positive,1.328272495137975,0.28387922212718664,0.060210907794098177,0.0051025390624999997
reach-wall,26,bfloat16,5,0.0089652904851241551,0.0089652904851241361,0.011890175064665618,0.01189017506466558,1.6253374858777772,77.6544582432212,1.3366953748149923,22.273214080813947,both_positive,1.3262453775920187,0.28235192561822497,0.15024136784319797,0.0025830078124999996
reach-wall,27,float32,0,3.9821143430149012e-10,3.982114342225986e-10,1.7431658928254724e-12,1.7431658014107377e-12,0.051431502588236519,0.0064442734079262027,0.051431650575673449,0.0063807841677843867,both_positive,0.0043774882955914893,-5.4312801675733482,0.0038574225113740266,5.37109375e-05
reach-wall,27,float32_field_bfloat16_roundtrip,0,4.1972420319993495e-05,4.1972420319993502e-05,3.7802360985200975e-05,3.7802360985200914e-05,0.11879480005598095,4.6160017778753906,0.090516440458861175,1.6635419106702545,both_positive,0.90064763234999534,-0.10464118293965718,0.010213969084433581,0.71838623046875005
reach-wall,27,float32,1,1.4859898409236169e-09,1.4859898408136118e-09,3.6298600927406021e-12,3.6298599375646607e-12,0.081525725543028421,0.012404552455371221,0.081524604079007593,0.012328820671921099,both_positive,0.0024427220111306164,-6.0146422831399171,0.0061144835273724803,4.1503906249999996e-05
reach-wall,27,float32_field_bfloat16_roundtrip,1,6.8393209580659584e-05,6.839320958065957e-05,6.2340900547932018e-05,6.2340900547933279e-05,0.15571633170258486,5.9062296224446493,0.12261815139382684,2.1264967852115251,both_positive,0.91150716467561343,-0.092655824580967661,0.013440464429060259,0.65665283203125002
reach-wall,27,float32,2,7.7169437103622627e-09,7.7169437093563118e-09,7.7574273351710319e-12,7.7574264218771387e-12,0.14475732329200711,0.028200199939769254,0.14474957881279041,0.028098300847805124,both_positive,0.0010052460697302233,-6.9025229219381572,0.010856682283627777,3.6621093749999999e-05
reach-wall,27,float32_field_bfloat16_roundtrip,2,0.00014561067946520601,0.00014561067946520601,0.00013763853356013497,0.00013763853356013451,0.23718914773860475,8.7623484838021088,0.18880180995137691,3.0583416503031136,both_positive,0.94525026643409082,-0.056305554344866948,0.020214999765532704,0.59437011718749999
reach-wall,27,float32,3,1.5396053909093326e-08,1.5396053900917658e-08,1.6715236870677228e-11,1.6715228864667177e-11,0.20798598013796785,0.03983913962574883,0.20797869822410278,0.039687644625105385,both_positive,0.0010856831867031042,-6.8255458249814964,0.015598985228564498,1.4648437499999999e-05
reach-wall,27,float32_field_bfloat16_roundtrip,3,0.00014684805490161896,0.00014684805490161896,0.0001459476455595327,0.00014594764555953243,0.27185206011256713,8.8639806200225113,0.23792525036256984,3.1084149336373819,both_positive,0.99386842854207713,-0.0061504467385038453,0.022975065247309266,0.58183349609375001
reach-wall,27,float32,4,8.3192575867712624e-08,8.3192575832798733e-08,5.7976244481364916e-11,5.7976212354509138e-11,0.38724839320271237,0.0924266388497854,0.38722988955283177,0.092288423479886167,both_positive,0.0006968920468763335,-7.2688800417296555,0.029043870102979125,2.1972656249999999e-05
reach-wall,27,float32_field_bfloat16_roundtrip,4,0.00044597014905675139,0.00044597014905675139,0.00044642025289833991,0.00044642025289833671,0.49585659436874285,15.620564776335902,0.43209187650066372,5.3128077609695152,both_positive,1.0010092689892822,0.0010087600197650204,0.041135527895615545,0.54676025390625005
reach-wall,27,float32,5,7.4608334029011594e-07,7.4608333999412208e-07,3.1496732787524876e-10,3.1496704434400872e-10,0.9374605679566087,0.27702513155064362,0.93743938126262949,0.2762890050781594,both_positive,0.00042216105207867676,-7.770123676737418,0.070312245511609708,1.4648437499999999e-05
reach-wall,27,float32_field_bfloat16_roundtrip,5,0.0035117833225354928,0.0035117833225354923,0.0035080792246716809,0.0035080792246716679,1.2997745060705557,44.38643015357129,1.0652332876936335,14.475882495255254,both_positive,0.99894523735560725,-0.0010553192979703141,0.1071157585060781,0.52326171874999994
reach-wall,27,bfloat16,0,6.3269872488095775e-05,6.3269872488095735e-05,7.6002769994940538e-05,7.6002769994942408e-05,0.12964614793682849,6.4965068987716714,0.075412364704094223,1.7376975129938863,both_positive,1.2012474026913909,0.18336051912844908,0.01091850280413636,0.093527832031249994
reach-wall,27,bfloat16,1,0.00011666616880591462,0.00011666616880591457,0.00013481293136295231,0.00013481293136295399,0.16223184611370428,8.628130422084423,0.10762777335595976,2.4553293099226177,both_positive,1.1555443428268102,0.14457152544107643,0.014904679992534737,0.028962402343750006
reach-wall,27,bfloat16,2,0.00022052103172235014,0.00022052103172234954,0.00028784837754426587,0.00028784837754426685,0.23662771501746724,12.314340225376892,0.16506936536308595,3.3228047560854774,both_positive,1.3053103157375261,0.26644080234431833,0.021403044369026146,0.014616699218750001
reach-wall,27,bfloat16,3,0.00047107593135689227,0.00047107593135689081,0.00059368231850948929,0.00059368231850948257,0.38130818315877485,17.621590702296285,0.26618750058283519,5.0411041872343265,both_positive,1.2602688420090584,0.23132506487781157,0.032864658161729496,0.0090600585937499999
reach-wall,27,bfloat16,4,0.0014821830754222038,0.0014821830754222021,0.001929145651131824,0.0019291456511318186,0.67892880685083923,31.573208227648514,0.48356359931900955,8.9107267430283379,both_positive,1.3015569285071626,0.26356118518521665,0.058894496117890244,0.0052392578125000002
reach-wall,27,bfloat16,5,0.0092146792242963193,0.0092146792242962967,0.011856396712260997,0.011856396712260948,1.7324673085991149,78.557059344316684,1.2345679933022029,22.143545578477145,both_positive,1.2866857785997876,0.25206974853234421,0.14809975879448872,0.0027343749999999998
reach-wall,28,float32,0,3.9315596509339839e-10,3.9315596499893669e-10,1.7702340216845136e-12,1.7702339194394868e-12,0.05223134263479548,0.0064180468472350011,0.052231929195001511,0.0063366859673008894,both_positive,0.0045026253671719713,-5.4030946373990822,0.003917431095258302,4.1503906250000003e-05
reach-wall,28,float32_field_bfloat16_roundtrip,0,3.9042324908546455e-05,3.9042324908546455e-05,3.5173425951210315e-05,3.5173425951210959e-05,0.11472543251129154,4.4417570803305937,0.088930588657476495,1.6117080277191627,both_positive,0.90090500587762823,-0.10435545881045627,0.009974039965743595,0.71928955078125001
reach-wall,28,float32,1,1.4301364963637969e-09,1.4301364961971388e-09,3.7033834989147575e-12,3.7033833550982573e-12,0.081872970016050248,0.0121437914992811,0.081872070678290124,0.012101908822659957,both_positive,0.0025895314946026622,-5.9562783097480825,0.0061405346318237075,4.1503906249999996e-05
reach-wall,28,float32_field_bfloat16_roundtrip,1,7.6202767709084116e-05,7.6202767709084116e-05,7.19130081808817e-05,7.1913008180880819e-05,0.16941528349492255,6.4443205041802001,0.12357334005688034,2.1329261978879726,both_positive,0.94370598789037119,-0.057940614854315342,0.013996045993199511,0.65580810546875012
reach-wall,28,float32,2,7.4161911106051757e-09,7.4161911096239533e-09,7.5070362751913172e-12,7.5070352856485905e-12,0.14295849588430626,0.027582128349023946,0.14294947739661062,0.027561195868535039,both_positive,0.0010122495716778702,-6.8955801261907759,0.010721702592056164,2.685546875e-05
reach-wall,28,float32_field_bfloat16_roundtrip,2,0.00014390487575853387,0.00014390487575853387,0.00013766197804618093,0.00013766197804618063,0.23764198599152181,8.8000793579294605,0.18588520884103688,2.9951856937347463,both_positive,0.95661788609005682,-0.044351250346387872,0.020005031512706491,0.59596679687499998
reach-wall,28,float32,3,1.5823465660753039e-08,1.5823465652579396e-08,1.6127572074624213e-11,1.6127563522569499e-11,0.21309214726262837,0.040273156067913686,0.2130804145058636,0.04026267520729504,both_positive,0.0010192186983806872,-6.8887189271797666,0.015981735429478245,2.1972656249999999e-05
reach-wall,28,float32_field_bfloat16_roundtrip,3,0.00017077133775762136,0.00017077133775762136,0.0001720364617670963,0.00017203646176709638,0.29275733587493996,9.6991373694355225,0.24893634881536977,3.2752160314109524,both_positive,1.0074082924341234,0.0073809858164022302,0.024386173239258183,0.58307617187500005
reach-wall,28,float32,4,9.6707322459358114e-08,9.6707322418843761e-08,5.6308890326984111e-11,5.6308854587897277e-11,0.40245850510966891,0.099540168554719824,0.40243047976726137,0.099526530261663665,both_positive,0.00058226087637415762,-7.4485919694702005,0.030184327230457018,2.685546875e-05
reach-wall,28,float32_field_bfloat16_roundtrip,4,0.00054490446448251292,0.00054490446448251292,0.00055162086760313046,0.00055162086760313003,0.55048680903528735,17.679475954812336,0.45475131861304274,5.5967406954396344,both_positive,1.01232583610229,0.012250491476366143,0.044343643039907996,0.54684326171875008
reach-wall,28,float32,5,1.0077056927601284e-06,1.0077056924666199e-06,3.1242984889801513e-10,3.1242957844688704e-10,0.99048725728849307,0.32103914272702361,0.99046116839359089,0.32131338414652372,both_positive,0.00031004076998142463,-8.0788067530634518,0.074290008222171355,2.685546875e-05
reach-wall,28,float32_field_bfloat16_roundtrip,5,0.0036120805322234339,0.0036120805322234339,0.0036115977651119519,0.0036115977651119333,1.3364929077399321,44.647641885732568,1.1215330680938875,14.967577149408763,both_positive,0.99986634652600481,-0.00013366240641676796,0.11080853382994481,0.52871582031249997
reach-wall,28,bfloat16,0,7.3534039672714161e-05,7.3534039672714134e-05,9.7963919551863728e-05,9.7963919551865151e-05,0.14202542254338571,7.2674284519550172,0.07719111581975506,1.8060676094128869,both_positive,1.3322254562360814,0.2868508192335959,0.011672633004526872,0.092929687499999997
reach-wall,28,bfloat16,1,0.00012933948763022414,0.00012933948763022411,0.00015526144160079195,0.00015526144160079403,0.16956871716360702,9.2423230957251601,0.10748632494661325,2.5256967673262358,both_positive,1.2004179423122312,0.18266978141691403,0.01544783159084543,0.0283544921875
reach-wall,28,bfloat16,2,0.00021244193563045244,0.00021244193563045203,0.00027990913896941812,0.00027990913896941828,0.24066031079444025,12.139089063957336,0.16088235963988021,3.2413970662083247,both_positive,1.3175794983167843,0.27579633989137342,0.021099819518809317,0.01537353515625
reach-wall,28,bfloat16,3,0.00044065194219286162,0.00044065194219286054,0.0005706542179938429,0.00057065421799383802,0.36476629471645855,17.214226279194079,0.26887095889508544,4.8381975671130633,both_positive,1.2950225866565743,0.25852813643304895,0.032183113134551952,0.0091088867187500006
reach-wall,28,bfloat16,4,0.0014782158123941807,0.0014782158123941797,0.0019529922679373858,0.0019529922679373888,0.65893117544401325,31.685515197962776,0.49391608214163113,8.8788568485962713,both_positive,1.3211820977440616,0.27852686444576946,0.058906970358726662,0.0052514648437500004
reach-wall,28,bfloat16,5,0.0094533596447727852,0.0094533596447727627,0.01221409600271276,0.012214096002712713,1.6629430358605575,79.815695854741193,1.3044579210554741,22.289204125138621,both_positive,1.2920375889291928,0.25622049853564643,0.15062351250060035,0.0027148437499999998
reach-wall,29,float32,0,3.9910926093038017e-10,3.9910926083720593e-10,1.80463985978598e-12,1.8046397686938175e-12,0.052786160314138457,0.0065436001360763872,0.052786694824334006,0.0063648443644575992,both_positive,0.0045216687169300687,-5.3988741681085521,0.0039590400062993678,7.5683593750000013e-05
reach-wall,29,float32_field_bfloat16_roundtrip,0,3.5789109212344482e-05,3.5789109212344482e-05,3.3238283921278052e-05,3.3238283921278607e-05,0.11269961408930786,4.3548834084289672,0.083767491116366222,1.4942924901971761,both_positive,0.92872621456064086,-0.073941293441622591,0.0094301518421360375,0.71869140625000005
reach-wall,29,float32,1,1.3979139242287159e-09,1.3979139240998685e-09,3.6176640652253086e-12,3.6176638986629223e-12,0.084344640827601375,0.012064457080166317,0.084343505404029684,0.011950132758851663,both_positive,0.0025879018747318912,-5.9569078185445612,0.0063258912726950585,2.4414062500000001e-05
reach-wall,29,float32_field_bfloat16_roundtrip,1,5.071473078575178e-05,5.0714730785751773e-05,4.7686503563604318e-05,4.7686503563605003e-05,0.13876368222135829,5.1521590352500066,0.11009391570582346,1.8134850746638957,both_positive,0.94028900133690074,-0.061568002739864625,0.011834330698031329,0.65541992187500009
reach-wall,29,float32,2,7.2723391007635045e-09,7.2723390996691487e-09,7.4721316546710717e-12,7.4721307293705921e-12,0.14431531903998734,0.027392448207468206,0.14430900511070771,0.027272895769924067,both_positive,0.0010274729424933707,-6.8806529452803957,0.010823595440019866,2.4414062499999998e-05
reach-wall,29,float32_field_bfloat16_roundtrip,2,0.00015587447636548552,0.00015587447636548552,0.00014781765355676522,0.00014781765355676606,0.24488980072609354,9.1344321150583134,0.18980803025836823,3.1201508801205615,both_positive,0.94831210986826919,-0.053071601092510079,0.020635520376947627,0.59506347656250003
reach-wall,29,float32,3,1.2914733554007729e-08,1.2914733546362818e-08,1.7111092516409748e-11,1.7111085118260079e-11,0.20356271244807264,0.036438196361304735,0.20355660986864083,0.036364575551736035,both_positive,0.0013249280323789411,-6.6263971362047798,0.015267264910632908,3.1738281250000001e-05
reach-wall,29,float32_field_bfloat16_roundtrip,3,0.00020306350016394549,0.00020306350016394549,0.00020418522279702211,0.00020418522279702078,0.30956153420249477,10.758820440433276,0.24706097020292764,3.42861630180446,both_positive,1.0055239993015535,0.0055087979731354153,0.025251804119975137,0.58712890625000003
reach-wall,29,float32,4,6.9332502832576368e-08,6.9332502800787353e-08,5.8073522255245607e-11,5.807349349670754e-11,0.37644330528035314,0.084367724523966375,0.37642936786756842,0.084257126825177858,both_positive,0.00083760891187616767,-7.0849592586887979,0.028233640490573156,2.1972656249999999e-05
reach-wall,29,float32_field_bfloat16_roundtrip,4,0.00061191340487717102,0.00061191340487717102,0.00059995009765414836,0.00059995009765414727,0.54797294841238398,18.384565835311946,0.4504701947254553,6.0846739943193899,both_positive,0.9804493460550614,-0.019744296021318775,0.045037837904956739,0.55558837890625001
reach-wall,29,float32,5,6.0926234007303362e-07,6.0926233978823288e-07,3.0856256699281e-10,3.0856230605914506e-10,0.90245083245601354,0.24999165985997177,0.90245507829196836,0.24976756902025082,both_positive,0.00050645271617448388,-7.588079592681698,0.067687543813750126,1.953125e-05
reach-wall,29,float32_field_bfloat16_roundtrip,5,0.0036052168589555023,0.0036052168589555023,0.0035620116697551813,0.0035620116697551857,1.28680276616212,44.584671743595486,1.0553382987318363,14.865542692671431,both_positive,0.98801592500795132,-0.012056462935069234,0.10708870997499628,0.53727050781249996
reach-wall,29,bfloat16,0,7.9641004699482996e-05,7.9641004699482955e-05,0.00010506366386721572,0.00010506366386721747,0.13480218394359911,7.5681094592281539,0.077873546105624331,1.8546056732520848,both_positive,1.319215701304403,0.27703739433341923,0.011788736640747699,0.091171874999999999
reach-wall,29,bfloat16,1,0.00012541755439695278,0.00012541755439695275,0.00015126753878052669,0.00015126753878052883,0.16827740254877793,9.129330755399101,0.11206242071984601,2.4715460231683046,both_positive,1.2061113733868341,0.18740144344970133,0.01541507645177069,0.028210449218750003
reach-wall,29,bfloat16,2,0.00022098250463087359,0.00022098250463087313,0.00029419932671453697,0.00029419932671453865,0.24189924930946999,12.45654875503558,0.16317212646193802,3.2675235874518256,both_positive,1.3313240666086388,0.28617398581704201,0.021394776042019323,0.015078125000000001
reach-wall,29,bfloat16,3,0.00045354357807887952,0.00045354357807887816,0.00060458798574483934,0.00060458798574483511,0.36203774629123303,17.620847847483311,0.26696873299056056,4.8949303622917411,both_positive,1.3330317415269199,0.28745585301128251,0.03232407434055188,0.0089038085937499997
reach-wall,29,bfloat16,4,0.0015067073873765513,0.0015067073873765502,0.0020586977123991817,0.00205869771239918,0.67337878454868338,32.439228072680798,0.49654395631530124,8.832264793873053,both_positive,1.3663553584772321,0.31214687261479757,0.059578146862383108,0.0051831054687500001
reach-wall,29,bfloat16,5,0.0096431601388127317,0.0096431601388127126,0.012850428454332482,0.012850428454332435,1.7681337360668874,81.346867734037886,1.2942544482405085,22.477257927629946,both_positive,1.332595152351647,0.28712828340266228,0.15297390055454324,0.0025781250000000001
reach-wall,30,float32,0,3.9433928026712692e-10,3.9433928017179983e-10,1.6311106577077027e-12,1.6311105586450146e-12,0.051827162457521295,0.00640050229653291,0.051827906295357641,0.0063522641970841648,both_positive,0.0041363129146119613,-5.4879504883002888,0.0038871260019604451,4.8828124999999996e-05
reach-wall,30,float32_field_bfloat16_roundtrip,0,4.2764014783964477e-05,4.2764014783964471e-05,3.9190249281327401e-05,3.9190249281326859e-05,0.12190169848135124,4.7398429039147452,0.089448504558817421,1.6367541514091979,both_positive,0.91643054281289893,-0.087268999830198979,0.010136520874939089,0.72077392578124999
reach-wall,30,float32,1,1.4510453249814823e-09,1.4510453248389174e-09,3.6335940488851092e-12,3.6335938688603318e-12,0.082496834056989252,0.012263272413361047,0.082495508994227099,0.012181890567480532,both_positive,0.0025041216744428568,-5.989817234894943,0.0061873033883293582,4.6386718749999994e-05
reach-wall,30,float32_field_bfloat16_roundtrip,1,6.1782071686674337e-05,6.1782071686674337e-05,5.6525123140674766e-05,5.6525123140675003e-05,0.14821124854244977,5.5810383233190715,0.11935708941127268,2.047172892169558,both_positive,0.91491142329023856,-0.088928023539816436,0.012949984308135128,0.65613769531249999
reach-wall,30,float32,2,8.2344404858567328e-09,8.2344404849837231e-09,7.8842086852644196e-12,7.8842077610295458e-12,0.14160921072952709,0.029108940175766228,0.14160297857319762,0.029030043845573436,both_positive,0.00095746744406084879,-6.9512188384683569,0.010620681242533304,4.3945312500000005e-05
reach-wall,30,float32_field_bfloat16_roundtrip,2,0.00013829008327734409,0.00013829008327734409,0.00012891382724201667,0.00012891382724201659,0.22736814116579515,8.3808123881775174,0.18739878857370068,3.0697592982948674,both_positive,0.93219863772499789,-0.070209356399425715,0.019832158803542034,0.59756347656249997
reach-wall,30,float32,3,1.4445061665866251e-08,1.4445061657526376e-08,1.6573492279957443e-11,1.6573484216422032e-11,0.20305155990104654,0.038564229269303391,0.20304649768862831,0.038449463453879278,both_positive,0.001147346592442778,-6.7703033134697037,0.015229009110668608,7.3242187499999997e-06
reach-wall,30,float32_field_bfloat16_roundtrip,3,0.00015062395952898495,0.00015062395952898498,0.00015253114944094984,0.00015253114944094919,0.27560086266484424,9.1280236523450959,0.23404732527179728,3.0711407701399058,both_positive,1.0126619292038852,0.012582437289017534,0.022939261946638048,0.5881298828125
reach-wall,30,float32,4,7.4385066787914695e-08,7.4385066755370763e-08,5.7127841197699774e-11,5.7127812643925822e-11,0.37628307592999621,0.087407206120558217,0.37626739375232521,0.087266241084218155,both_positive,0.00076800147750867261,-7.1717189009790374,0.028221550642744758,2.1972656249999999e-05
reach-wall,30,float32_field_bfloat16_roundtrip,4,0.000480229368493698,0.000480229368493698,0.00047944514964542252,0.00047944514964541639,0.50311042087616786,16.307089155573255,0.43021279658808714,5.4322298146994479,both_positive,0.99836699106775728,-0.0016343437447012832,0.041586426733077136,0.55630126953125003
reach-wall,30,float32,5,6.2145657769405533e-07,6.2145657741361914e-07,3.0963890636481478e-10,3.0963864588659518e-10,0.88845848520004289,0.2522630809818151,0.88845350710441917,0.25230848269427558,both_positive,0.00049824704971945897,-7.604414520174485,0.066637622601129848,1.7089843750000002e-05
reach-wall,30,float32_field_bfloat16_roundtrip,5,0.0034514516934243391,0.0034514516934243396,0.0033996144538902297,0.0033996144538902028,1.2609675190146719,43.946776854815013,1.0226670769780737,14.273340830257077,both_positive,0.98498103287006189,-0.015132893964926453,0.10413197522923349,0.54096435546874999
reach-wall,30,bfloat16,0,7.2828486542767082e-05,7.2828486542767055e-05,9.0933502073458253e-05,9.0933502073459324e-05,0.13081940319835247,7.0896629453829965,0.077388564448078595,1.8175335641960191,both_positive,1.2485979922164023,0.2220213156163453,0.011439536097994578,0.092753906250000004
reach-wall,30,bfloat16,1,0.00011985188676838291,0.00011985188676838287,0.00014160319469722234,0.00014160319469722326,0.16198552788470447,8.8187604692264046,0.11009155841157199,2.4685699242993939,both_positive,1.1814849020347458,0.16677203892140469,0.015102771561241499,0.028608398437500002
reach-wall,30,bfloat16,2,0.00022447116378658885,0.00022447116378658836,0.00028734552573379135,0.00028734552573379254,0.23161436630752916,12.399937866973424,0.16118280379615232,3.3138455065552082,both_positive,1.2800999508648645,0.24693816149610015,0.021205539301541742,0.014814453125
reach-wall,30,bfloat16,3,0.00044959147990427718,0.00044959147990427609,0.00056661567502355454,0.00056661567502354836,0.35907587923555595,17.244544672871147,0.2551812456054498,4.899026207909178,both_positive,1.2602900640915016,0.23134190406565303,0.031640440922903086,0.0090698242187499997
reach-wall,30,bfloat16,4,0.0014381684647522598,0.0014381684647522589,0.0019179828143479833,0.0019179828143479837,0.65393942845108421,31.308429041709875,0.48631662407244974,8.782134925882124,both_positive,1.3336287516764433,0.28790361166748912,0.058196928670287099,0.0053881835937500001
reach-wall,30,bfloat16,5,0.0089617631473857436,0.0089617631473857262,0.012994954940994737,0.01299495494099465,1.6782654724261896,80.81129340463248,1.169686374214334,21.21617668630692,both_positive,1.4500444530031487,0.37159421320611052,0.14423939723544621,0.0028759765625000003
reach-wall,31,float32,0,4.0735233131999862e-10,4.0735233125273948e-10,1.8368323410602283e-12,1.8368322593059067e-12,0.052039386701912112,0.0066120293365886278,0.052040071508661016,0.0064299002597654848,both_positive,0.0045091980573870611,-5.4016359556049878,0.0039030415738549582,4.8828124999999996e-05
reach-wall,31,float32_field_bfloat16_roundtrip,0,3.8520892616769531e-05,3.8520892616769531e-05,3.4298797902829721e-05,3.4298797902829897e-05,0.11294821472996938,4.3626488259304246,0.088713098892554909,1.6254265622759527,both_positive,0.89039468124625487,-0.1160904524817532,0.0099166039991217744,0.71897949218750001
reach-wall,31,float32,1,1.5096794872217389e-09,1.509679487112308e-09,3.688994991155556e-12,3.6889948448220905e-12,0.08354418017465727,0.012537450403241635,0.083543264889928748,0.012418037942859752,both_positive,0.0024435617111976584,-6.0142985863253138,0.0062658784233248863,5.6152343750000002e-05
reach-wall,31,float32_field_bfloat16_roundtrip,1,7.8524264333401761e-05,7.8524264333401761e-05,7.4991275033340301e-05,7.4991275033340531e-05,0.17450215497940147,6.6361297387451366,0.12282865453407603,2.107349795290649,both_positive,0.95500767399665232,-0.046035902935102513,0.014073409709158446,0.65456298828125015
reach-wall,31,float32,2,9.1805678058897915e-09,9.1805678050867894e-09,7.799270404954599e-12,7.7992698042964278e-12,0.14522922313484476,0.030681430165103583,0.14522168920273557,0.030664909707661243,both_positive,0.00084954117978966166,-7.070814142700911,0.010892152699533041,2.4414062500000001e-05
reach-wall,31,float32_field_bfloat16_roundtrip,2,0.00013336128180582875,0.00013336128180582878,0.0001261044995199169,0.00012610449951991806,0.22693172366118569,8.3460506786754305,0.18422423916302785,2.9556095063160037,both_positive,0.94558553886368923,-0.055950925527097795,0.019501930939218863,0.59252441406250012
reach-wall,31,float32,3,1.3330546475569738e-08,1.3330546468705678e-08,1.6553934241643048e-11,1.6553927454432358e-11,0.1942163031859884,0.036975119726357919,0.19420957836400193,0.036955540348420156,both_positive,0.0012418046230873326,-6.6911896161483746,0.014566283648960118,1.7089843750000002e-05
reach-wall,31,float32_field_bfloat16_roundtrip,3,0.00015666347375318704,0.00015666347375318704,0.00015462919047482627,0.00015462919047482676,0.27144496006514246,9.1882604053331036,0.23001927283784193,3.1749321308560994,both_positive,0.98701494847761606,-0.013070094295953183,0.022856004774651051,0.58734130859375
reach-wall,31,float32,4,5.8096341621682306e-08,5.8096341617116533e-08,5.7041533011099533e-11,5.7041529811194819e-11,0.34735325806824729,0.076990291518430287,0.3473329230345602,0.077191725404533687,both_positive,0.00098184380322169709,-6.9260783221168722,0.026051413883664068,1.9531249999999997e-05
reach-wall,31,float32_field_bfloat16_roundtrip,4,0.00048845220736118563,0.00048845220736118563,0.00048766808449258759,0.00048766808449258461,0.49368772606819911,16.592041528772828,0.40458196417253495,5.367497005361745,both_positive,0.99839467842138707,-0.0016066114879622617,0.040378335262996751,0.56737060546875007
reach-wall,31,float32,5,4.094214401835692e-07,4.0942143992705321e-07,2.9393248187562942e-10,2.9393222744355721e-10,0.81777483770730997,0.2043875548082415,0.81773631873262487,0.20489885149036074,both_positive,0.00071792156694051282,-7.2391502331273951,0.061333720900560287,2.1972656249999999e-05
reach-wall,31,float32_field_bfloat16_roundtrip,5,0.0033143657624180442,0.0033143657624180442,0.0031671899006414628,0.0031671899006414333,1.1739122750750328,41.73893268410923,0.97398326363355547,14.72215558379758,both_positive,0.95559456248147845,-0.045421553708372642,0.10022027158218677,0.54885009765625004
reach-wall,31,bfloat16,0,5.9674439204977209e-05,5.9674439204977182e-05,8.3632534361099126e-05,8.3632534361101457e-05,0.13705516125678568,6.6222863758821147,0.077896182874421876,1.6420114132331478,both_positive,1.4014800218537062,0.33752883668964273,0.010985236072260042,0.0927734375
reach-wall,31,bfloat16,1,0.00011251089814787413,0.00011251089814787407,0.00013498009239142859,0.00013498009239142929,0.16887907850259171,8.5620054649337849,0.11150322439792332,2.4068604487426768,both_positive,1.1997068249692842,0.18207721441918956,0.015011895195789257,0.028337402343750002
reach-wall,31,bfloat16,2,0.0002032105522764539,0.00020321055227645341,0.00027535504621768096,0.00027535504621768167,0.24369549021971409,11.958602386106286,0.16595915530808003,3.1756056527554715,both_positive,1.3550233643530454,0.30381869724798349,0.021125814969818343,0.015100097656250002
reach-wall,31,bfloat16,3,0.00043512616087238636,0.00043512616087238516,0.0005641060806259768,0.00056410608062597398,0.36356739702071961,17.047164581580322,0.26525745026816389,4.8641886609036957,both_positive,1.2964195935610905,0.25960630599477774,0.031979690720948459,0.0091528320312500005
reach-wall,31,bfloat16,4,0.0014034654688033605,0.0014034654688033599,0.0019176892281331248,0.0019176892281331285,0.66026775519996084,31.090847087469555,0.48390438895841592,8.7210670951616933,both_positive,1.3663957331050032,0.31217642131969026,0.058045078537179821,0.0052954101562500003
reach-wall,31,bfloat16,5,0.0088018095724662366,0.008801809572466214,0.012734819444208654,0.01273481944420859,1.7602210047750111,79.988376893712342,1.216944265183235,21.071390930265057,both_positive,1.4468410545992307,0.3693825968331268,0.14705460307939494,0.002705078125
