task,precision,arm,endpoint,horizon,n,native_mean,learned_mean,random_mean,reduction_vs_native_percent,advantage_vs_random_percent,source_sha256
reach,bfloat16,single_block0,proprio_mse,1,33,0.00022758262882115275,0.00022758262882115275,0.00022758262882115275,0.0,0.0,fe15e327d85f1c64697feb5b5d5b98db01a7a0593b5286dc39c45e9487352e70
reach,bfloat16,single_block1,proprio_mse,1,33,0.00022758262882115275,0.00022758262882115275,0.00022758262882115275,0.0,0.0,fe15e327d85f1c64697feb5b5d5b98db01a7a0593b5286dc39c45e9487352e70
reach,bfloat16,single_block2,proprio_mse,1,33,0.00022758262882115275,0.00022758262882115275,0.00022758262882115275,0.0,0.0,fe15e327d85f1c64697feb5b5d5b98db01a7a0593b5286dc39c45e9487352e70
reach,bfloat16,single_block3,proprio_mse,1,33,0.00022758262882115275,0.00022758262882115275,0.00022758262882115275,0.0,0.0,fe15e327d85f1c64697feb5b5d5b98db01a7a0593b5286dc39c45e9487352e70
reach,bfloat16,single_block4,proprio_mse,1,33,0.00022758262882115275,0.00022758262882115275,0.00022758262882115275,0.0,0.0,fe15e327d85f1c64697feb5b5d5b98db01a7a0593b5286dc39c45e9487352e70
reach,bfloat16,single_block5,proprio_mse,1,33,0.00022758262882115275,0.00022758262882115275,0.00022758262882115275,0.0,0.0,fe15e327d85f1c64697feb5b5d5b98db01a7a0593b5286dc39c45e9487352e70
reach,bfloat16,intermediate_blocks2_3,proprio_mse,1,33,0.00022758262882115275,0.00022758262882115275,0.00022758262882115275,0.0,0.0,fe15e327d85f1c64697feb5b5d5b98db01a7a0593b5286dc39c45e9487352e70
reach,bfloat16,all_six_blocks,proprio_mse,1,33,0.00022758262882115275,0.00022758262882115275,0.00022758262882115275,0.0,0.0,fe15e327d85f1c64697feb5b5d5b98db01a7a0593b5286dc39c45e9487352e70
reach,bfloat16,single_block0,proprio_mse,2,33,0.00030229441267279485,0.00030229441267279485,0.00030229441267279485,0.0,0.0,fe15e327d85f1c64697feb5b5d5b98db01a7a0593b5286dc39c45e9487352e70
reach,bfloat16,single_block1,proprio_mse,2,33,0.00030229441267279485,0.00030229441267279485,0.00030229441267279485,0.0,0.0,fe15e327d85f1c64697feb5b5d5b98db01a7a0593b5286dc39c45e9487352e70
reach,bfloat16,single_block2,proprio_mse,2,33,0.00030229441267279485,0.00030229441267279485,0.00030229441267279485,0.0,0.0,fe15e327d85f1c64697feb5b5d5b98db01a7a0593b5286dc39c45e9487352e70
reach,bfloat16,single_block3,proprio_mse,2,33,0.00030229441267279485,0.00030229441267279485,0.00030229441267279485,0.0,0.0,fe15e327d85f1c64697feb5b5d5b98db01a7a0593b5286dc39c45e9487352e70
reach,bfloat16,single_block4,proprio_mse,2,33,0.00030229441267279485,0.00030229441267279485,0.00030229441267279485,0.0,0.0,fe15e327d85f1c64697feb5b5d5b98db01a7a0593b5286dc39c45e9487352e70
reach,bfloat16,single_block5,proprio_mse,2,33,0.00030229441267279485,0.00030229441267279485,0.00030229441267279485,0.0,0.0,fe15e327d85f1c64697feb5b5d5b98db01a7a0593b5286dc39c45e9487352e70
reach,bfloat16,intermediate_blocks2_3,proprio_mse,2,33,0.00030229441267279485,0.00030229441267279485,0.00030229441267279485,0.0,0.0,fe15e327d85f1c64697feb5b5d5b98db01a7a0593b5286dc39c45e9487352e70
reach,bfloat16,all_six_blocks,proprio_mse,2,33,0.00030229441267279485,0.00030229441267279485,0.00030229441267279485,0.0,0.0,fe15e327d85f1c64697feb5b5d5b98db01a7a0593b5286dc39c45e9487352e70
reach,bfloat16,single_block0,proprio_mse,3,33,0.0004140300061647055,0.00039036232629410784,0.0004127832241548194,5.716416568412289,5.415283319294565,fe15e327d85f1c64697feb5b5d5b98db01a7a0593b5286dc39c45e9487352e70
reach,bfloat16,single_block1,proprio_mse,3,33,0.0004140300061647055,0.000391299927897041,0.000413587535469119,5.489959164607557,5.383089930736024,fe15e327d85f1c64697feb5b5d5b98db01a7a0593b5286dc39c45e9487352e70
reach,bfloat16,single_block2,proprio_mse,3,33,0.0004140300061647055,0.0003955420487332646,0.00041375951014660213,4.465366557052438,4.40003408982161,fe15e327d85f1c64697feb5b5d5b98db01a7a0593b5286dc39c45e9487352e70
reach,bfloat16,single_block3,proprio_mse,3,33,0.0004140300061647055,0.0003978440250170704,0.0004142353077376622,3.909373935858197,3.958960093841894,fe15e327d85f1c64697feb5b5d5b98db01a7a0593b5286dc39c45e9487352e70
reach,bfloat16,single_block4,proprio_mse,3,33,0.0004140300061647055,0.00040408499346930777,0.0004141258323822209,2.4020028856173004,2.425147637468286,fe15e327d85f1c64697feb5b5d5b98db01a7a0593b5286dc39c45e9487352e70
reach,bfloat16,single_block5,proprio_mse,3,33,0.0004140300061647055,0.000410646701658896,0.0004141532419728747,0.8171640836252757,0.8469290297244181,fe15e327d85f1c64697feb5b5d5b98db01a7a0593b5286dc39c45e9487352e70
reach,bfloat16,intermediate_blocks2_3,proprio_mse,3,33,0.0004140300061647055,0.0003907796445811541,0.00041374659498743686,5.615622355231461,5.547170510425827,fe15e327d85f1c64697feb5b5d5b98db01a7a0593b5286dc39c45e9487352e70
reach,bfloat16,all_six_blocks,proprio_mse,3,33,0.0004140300061647055,0.0003946235617508082,0.0004147690234340832,4.6872072373849205,4.865700887210799,fe15e327d85f1c64697feb5b5d5b98db01a7a0593b5286dc39c45e9487352e70
reach,bfloat16,single_block0,proprio_mse,4,33,0.0005330005390762858,0.0005147801480555731,0.000531659146587907,3.4184563963649146,3.1667882665908835,fe15e327d85f1c64697feb5b5d5b98db01a7a0593b5286dc39c45e9487352e70
reach,bfloat16,single_block1,proprio_mse,4,33,0.0005330005390762858,0.0005156732198847382,0.0005322974488815891,3.25090087555572,3.118989152555353,fe15e327d85f1c64697feb5b5d5b98db01a7a0593b5286dc39c45e9487352e70
reach,bfloat16,single_block2,proprio_mse,4,33,0.0005330005390762858,0.0005191884330611863,0.0005322512968981609,2.5913868753372324,2.4508162523837473,fe15e327d85f1c64697feb5b5d5b98db01a7a0593b5286dc39c45e9487352e70
reach,bfloat16,single_block3,proprio_mse,4,33,0.0005330005390762858,0.0005212853271972782,0.0005329355795049305,2.197973739259371,2.1857862147461824,fe15e327d85f1c64697feb5b5d5b98db01a7a0593b5286dc39c45e9487352e70
reach,bfloat16,single_block4,proprio_mse,4,33,0.0005330005390762858,0.0005259036534081326,0.0005327193887650437,1.3314969025082908,1.2787483045932848,fe15e327d85f1c64697feb5b5d5b98db01a7a0593b5286dc39c45e9487352e70
reach,bfloat16,single_block5,proprio_mse,4,33,0.0005330005390762858,0.0005305732068070093,0.000532860237911915,0.45540897078324993,0.4290860772616093,fe15e327d85f1c64697feb5b5d5b98db01a7a0593b5286dc39c45e9487352e70
reach,bfloat16,intermediate_blocks2_3,proprio_mse,4,33,0.0005330005390762858,0.0005155564349681502,0.0005323385438558292,3.27281171954668,3.1486101152473904,fe15e327d85f1c64697feb5b5d5b98db01a7a0593b5286dc39c45e9487352e70
reach,bfloat16,all_six_blocks,proprio_mse,4,33,0.0005330005390762858,0.0005186594900787712,0.0005329045034839033,2.690625608440914,2.6726076918832713,fe15e327d85f1c64697feb5b5d5b98db01a7a0593b5286dc39c45e9487352e70
reach,bfloat16,single_block0,proprio_mse,5,33,0.0006846950574485659,0.000659683864825932,0.000682107899114951,3.652895161217479,3.275039602677947,fe15e327d85f1c64697feb5b5d5b98db01a7a0593b5286dc39c45e9487352e70
reach,bfloat16,single_block1,proprio_mse,5,33,0.0006846950574485659,0.0006605579156482667,0.0006825879318388284,3.5252396724234214,3.2174930943205493,fe15e327d85f1c64697feb5b5d5b98db01a7a0593b5286dc39c45e9487352e70
reach,bfloat16,single_block2,proprio_mse,5,33,0.0006846950574485659,0.0006656039316011528,0.000683154732563928,2.7882669284270647,2.5633018336916416,fe15e327d85f1c64697feb5b5d5b98db01a7a0593b5286dc39c45e9487352e70
reach,bfloat16,single_block3,proprio_mse,5,33,0.0006846950574485659,0.0006683894283758657,0.0006835356605605363,2.38144395746935,2.2121135562320475,fe15e327d85f1c64697feb5b5d5b98db01a7a0593b5286dc39c45e9487352e70
reach,bfloat16,single_block4,proprio_mse,5,33,0.0006846950574485659,0.0006746086451562176,0.0006840703855020981,1.47312474109776,1.3818911416037614,fe15e327d85f1c64697feb5b5d5b98db01a7a0593b5286dc39c45e9487352e70
reach,bfloat16,single_block5,proprio_mse,5,33,0.0006846950574485659,0.0006811258269968823,0.0006843423373548013,0.5212876028321138,0.46977268536229205,fe15e327d85f1c64697feb5b5d5b98db01a7a0593b5286dc39c45e9487352e70
reach,bfloat16,intermediate_blocks2_3,proprio_mse,5,33,0.0006846950574485659,0.0006607151407231206,0.0006811655503759428,3.5022768843700365,2.9867908976922037,fe15e327d85f1c64697feb5b5d5b98db01a7a0593b5286dc39c45e9487352e70
reach,bfloat16,all_six_blocks,proprio_mse,5,33,0.0006846950574485659,0.0006646588773873365,0.0006823338889234672,2.926292492294566,2.5814428399694402,fe15e327d85f1c64697feb5b5d5b98db01a7a0593b5286dc39c45e9487352e70
reach,bfloat16,single_block0,proprio_mse,6,33,0.0008585703183038129,0.0008325878099291151,0.0008553134588712256,3.0262528089753604,2.6469176091490385,fe15e327d85f1c64697feb5b5d5b98db01a7a0593b5286dc39c45e9487352e70
reach,bfloat16,single_block1,proprio_mse,6,33,0.0008585703183038129,0.0008339156328282004,0.0008559145837591701,2.871597695611022,2.5622771323414355,fe15e327d85f1c64697feb5b5d5b98db01a7a0593b5286dc39c45e9487352e70
reach,bfloat16,single_block2,proprio_mse,6,33,0.0008585703183038129,0.0008391391064952871,0.0008563581688999553,2.263205633163977,2.005550627313333,fe15e327d85f1c64697feb5b5d5b98db01a7a0593b5286dc39c45e9487352e70
reach,bfloat16,single_block3,proprio_mse,6,33,0.0008585703183038129,0.0008422654496274789,0.0008568139461534553,1.899072018765542,1.6945026185762246,fe15e327d85f1c64697feb5b5d5b98db01a7a0593b5286dc39c45e9487352e70
reach,bfloat16,single_block4,proprio_mse,6,33,0.0008585703183038129,0.0008485348313427888,0.0008571188399318173,1.1688602257821017,0.9998026260664297,fe15e327d85f1c64697feb5b5d5b98db01a7a0593b5286dc39c45e9487352e70
reach,bfloat16,single_block5,proprio_mse,6,33,0.0008585703183038129,0.0008544910123115792,0.0008574852381828193,0.4751277682523091,0.34874556077776714,fe15e327d85f1c64697feb5b5d5b98db01a7a0593b5286dc39c45e9487352e70
reach,bfloat16,intermediate_blocks2_3,proprio_mse,6,33,0.0008585703183038129,0.0008343088888656407,0.0008548009488834515,2.825794104564782,2.3867654845435164,fe15e327d85f1c64697feb5b5d5b98db01a7a0593b5286dc39c45e9487352e70
reach,bfloat16,all_six_blocks,proprio_mse,6,33,0.0008585703183038129,0.0008383668266105815,0.0008558433334885671,2.353155153691463,2.0355358792873295,fe15e327d85f1c64697feb5b5d5b98db01a7a0593b5286dc39c45e9487352e70
reach,bfloat16,single_block0,visual_mse,1,33,0.12173197127483558,0.12173197127483558,0.12173197127483558,0.0,0.0,fe15e327d85f1c64697feb5b5d5b98db01a7a0593b5286dc39c45e9487352e70
reach,bfloat16,single_block1,visual_mse,1,33,0.12173197127483558,0.12173197127483558,0.12173197127483558,0.0,0.0,fe15e327d85f1c64697feb5b5d5b98db01a7a0593b5286dc39c45e9487352e70
reach,bfloat16,single_block2,visual_mse,1,33,0.12173197127483558,0.12173197127483558,0.12173197127483558,0.0,0.0,fe15e327d85f1c64697feb5b5d5b98db01a7a0593b5286dc39c45e9487352e70
reach,bfloat16,single_block3,visual_mse,1,33,0.12173197127483558,0.12173197127483558,0.12173197127483558,0.0,0.0,fe15e327d85f1c64697feb5b5d5b98db01a7a0593b5286dc39c45e9487352e70
reach,bfloat16,single_block4,visual_mse,1,33,0.12173197127483558,0.12173197127483558,0.12173197127483558,0.0,0.0,fe15e327d85f1c64697feb5b5d5b98db01a7a0593b5286dc39c45e9487352e70
reach,bfloat16,single_block5,visual_mse,1,33,0.12173197127483558,0.12173197127483558,0.12173197127483558,0.0,0.0,fe15e327d85f1c64697feb5b5d5b98db01a7a0593b5286dc39c45e9487352e70
reach,bfloat16,intermediate_blocks2_3,visual_mse,1,33,0.12173197127483558,0.12173197127483558,0.12173197127483558,0.0,0.0,fe15e327d85f1c64697feb5b5d5b98db01a7a0593b5286dc39c45e9487352e70
reach,bfloat16,all_six_blocks,visual_mse,1,33,0.12173197127483558,0.12173197127483558,0.12173197127483558,0.0,0.0,fe15e327d85f1c64697feb5b5d5b98db01a7a0593b5286dc39c45e9487352e70
reach,bfloat16,single_block0,visual_mse,2,33,0.13744648757644676,0.13744648757644676,0.13744648757644676,0.0,0.0,fe15e327d85f1c64697feb5b5d5b98db01a7a0593b5286dc39c45e9487352e70
reach,bfloat16,single_block1,visual_mse,2,33,0.13744648757644676,0.13744648757644676,0.13744648757644676,0.0,0.0,fe15e327d85f1c64697feb5b5d5b98db01a7a0593b5286dc39c45e9487352e70
reach,bfloat16,single_block2,visual_mse,2,33,0.13744648757644676,0.13744648757644676,0.13744648757644676,0.0,0.0,fe15e327d85f1c64697feb5b5d5b98db01a7a0593b5286dc39c45e9487352e70
reach,bfloat16,single_block3,visual_mse,2,33,0.13744648757644676,0.13744648757644676,0.13744648757644676,0.0,0.0,fe15e327d85f1c64697feb5b5d5b98db01a7a0593b5286dc39c45e9487352e70
reach,bfloat16,single_block4,visual_mse,2,33,0.13744648757644676,0.13744648757644676,0.13744648757644676,0.0,0.0,fe15e327d85f1c64697feb5b5d5b98db01a7a0593b5286dc39c45e9487352e70
reach,bfloat16,single_block5,visual_mse,2,33,0.13744648757644676,0.13744648757644676,0.13744648757644676,0.0,0.0,fe15e327d85f1c64697feb5b5d5b98db01a7a0593b5286dc39c45e9487352e70
reach,bfloat16,intermediate_blocks2_3,visual_mse,2,33,0.13744648757644676,0.13744648757644676,0.13744648757644676,0.0,0.0,fe15e327d85f1c64697feb5b5d5b98db01a7a0593b5286dc39c45e9487352e70
reach,bfloat16,all_six_blocks,visual_mse,2,33,0.13744648757644676,0.13744648757644676,0.13744648757644676,0.0,0.0,fe15e327d85f1c64697feb5b5d5b98db01a7a0593b5286dc39c45e9487352e70
reach,bfloat16,single_block0,visual_mse,3,33,0.15170718095444066,0.15129456508791808,0.15170703635297036,0.27198176376798805,0.27188644760075853,fe15e327d85f1c64697feb5b5d5b98db01a7a0593b5286dc39c45e9487352e70
reach,bfloat16,single_block1,visual_mse,3,33,0.15170718095444066,0.15133181707086887,0.15170230077523175,0.24742657612530197,0.24420973485371053,fe15e327d85f1c64697feb5b5d5b98db01a7a0593b5286dc39c45e9487352e70
reach,bfloat16,single_block2,visual_mse,3,33,0.15170718095444066,0.1514271387115422,0.15170162887020847,0.18459392702218838,0.18093418975908288,fe15e327d85f1c64697feb5b5d5b98db01a7a0593b5286dc39c45e9487352e70
reach,bfloat16,single_block3,visual_mse,3,33,0.15170718095444066,0.15156997485707205,0.15171296582604296,0.09044139934932843,0.09425458180114413,fe15e327d85f1c64697feb5b5d5b98db01a7a0593b5286dc39c45e9487352e70
reach,bfloat16,single_block4,visual_mse,3,33,0.15170718095444066,0.15166956589115088,0.15170671463464247,0.024794517341322916,0.024487135848068164,fe15e327d85f1c64697feb5b5d5b98db01a7a0593b5286dc39c45e9487352e70
reach,bfloat16,single_block5,visual_mse,3,33,0.15170718095444066,0.15169600075430642,0.15170918232714284,0.007369591909825002,0.008688825903618075,fe15e327d85f1c64697feb5b5d5b98db01a7a0593b5286dc39c45e9487352e70
reach,bfloat16,intermediate_blocks2_3,visual_mse,3,33,0.15170718095444066,0.15143697761714156,0.15169694539761602,0.17810846895918986,0.1713615524584389,fe15e327d85f1c64697feb5b5d5b98db01a7a0593b5286dc39c45e9487352e70
reach,bfloat16,all_six_blocks,visual_mse,3,33,0.15170718095444066,0.15150900566668224,0.15168778838382826,0.1306301300384306,0.11784723440330479,fe15e327d85f1c64697feb5b5d5b98db01a7a0593b5286dc39c45e9487352e70
reach,bfloat16,single_block0,visual_mse,4,33,0.16623134848972165,0.16572984755039216,0.16622445706767267,0.3016885466464827,0.29754286527434726,fe15e327d85f1c64697feb5b5d5b98db01a7a0593b5286dc39c45e9487352e70
reach,bfloat16,single_block1,visual_mse,4,33,0.16623134848972165,0.16576803169316717,0.16622267965829432,0.2787180641701454,0.27350314441758794,fe15e327d85f1c64697feb5b5d5b98db01a7a0593b5286dc39c45e9487352e70
reach,bfloat16,single_block2,visual_mse,4,33,0.16623134848972165,0.1658588441577975,0.16621193084301367,0.2240878963616078,0.2124067983711243,fe15e327d85f1c64697feb5b5d5b98db01a7a0593b5286dc39c45e9487352e70
reach,bfloat16,single_block3,visual_mse,4,33,0.16623134848972165,0.165984010773551,0.16622673466688756,0.1487912589399213,0.14601571577311703,fe15e327d85f1c64697feb5b5d5b98db01a7a0593b5286dc39c45e9487352e70
reach,bfloat16,single_block4,visual_mse,4,33,0.16623134848972165,0.1661063038358333,0.16622411153382724,0.07522326867009844,0.07086972407086153,fe15e327d85f1c64697feb5b5d5b98db01a7a0593b5286dc39c45e9487352e70
reach,bfloat16,single_block5,visual_mse,4,33,0.16623134848972165,0.1661850579722662,0.1662313355528044,0.027847044420930153,0.027839261943450894,fe15e327d85f1c64697feb5b5d5b98db01a7a0593b5286dc39c45e9487352e70
reach,bfloat16,intermediate_blocks2_3,visual_mse,4,33,0.16623134848972165,0.16583415604563376,0.166209754825692,0.2389395548412188,0.22594942739183088,fe15e327d85f1c64697feb5b5d5b98db01a7a0593b5286dc39c45e9487352e70
reach,bfloat16,all_six_blocks,visual_mse,4,33,0.16623134848972165,0.16592425101935263,0.16620795407116112,0.1847410089367205,0.17066759933433373,fe15e327d85f1c64697feb5b5d5b98db01a7a0593b5286dc39c45e9487352e70
reach,bfloat16,single_block0,visual_mse,5,33,0.18170994661485007,0.18088105653572562,0.18162366289532544,0.45616109330622384,0.40867678045927075,fe15e327d85f1c64697feb5b5d5b98db01a7a0593b5286dc39c45e9487352e70
reach,bfloat16,single_block1,visual_mse,5,33,0.18170994661485007,0.18092198071794377,0.18162634938654276,0.43363938605763974,0.38763352349222946,fe15e327d85f1c64697feb5b5d5b98db01a7a0593b5286dc39c45e9487352e70
reach,bfloat16,single_block2,visual_mse,5,33,0.18170994661485007,0.18106788061559204,0.18166260639149134,0.3533466445945026,0.3272940127817439,fe15e327d85f1c64697feb5b5d5b98db01a7a0593b5286dc39c45e9487352e70
reach,bfloat16,single_block3,visual_mse,5,33,0.18170994661485007,0.18122885358341112,0.18163315870545127,0.26475877650146956,0.22250027011295595,fe15e327d85f1c64697feb5b5d5b98db01a7a0593b5286dc39c45e9487352e70
reach,bfloat16,single_block4,visual_mse,5,33,0.18170994661485007,0.18141370046733304,0.18167952566285325,0.1630324333014888,0.14629094360125916,fe15e327d85f1c64697feb5b5d5b98db01a7a0593b5286dc39c45e9487352e70
reach,bfloat16,single_block5,visual_mse,5,33,0.18170994661485007,0.18160046187577522,0.18170096792769855,0.06025247440466881,0.05531125499494984,fe15e327d85f1c64697feb5b5d5b98db01a7a0593b5286dc39c45e9487352e70
reach,bfloat16,intermediate_blocks2_3,visual_mse,5,33,0.18170994661485007,0.1809709508799844,0.18159247544791662,0.40668975399130236,0.3420421278586298,fe15e327d85f1c64697feb5b5d5b98db01a7a0593b5286dc39c45e9487352e70
reach,bfloat16,all_six_blocks,visual_mse,5,33,0.18170994661485007,0.181113893819051,0.18160658929534634,0.3280243084669792,0.2711439222089819,fe15e327d85f1c64697feb5b5d5b98db01a7a0593b5286dc39c45e9487352e70
reach,bfloat16,single_block0,visual_mse,6,33,0.1980835786202189,0.19710088736857428,0.19791731440810242,0.49609930237008354,0.41216290881610945,fe15e327d85f1c64697feb5b5d5b98db01a7a0593b5286dc39c45e9487352e70
reach,bfloat16,single_block1,visual_mse,6,33,0.1980835786202189,0.19714335758389548,0.19792561776973683,0.4746587490354624,0.3949142030300042,fe15e327d85f1c64697feb5b5d5b98db01a7a0593b5286dc39c45e9487352e70
reach,bfloat16,single_block2,visual_mse,6,33,0.1980835786202189,0.19733109652356368,0.19797992547503626,0.37988110972991207,0.32755312479313103,fe15e327d85f1c64697feb5b5d5b98db01a7a0593b5286dc39c45e9487352e70
reach,bfloat16,single_block3,visual_mse,6,33,0.1980835786202189,0.1974866894892219,0.1979545446940594,0.30133196055660033,0.23619080798944236,fe15e327d85f1c64697feb5b5d5b98db01a7a0593b5286dc39c45e9487352e70
reach,bfloat16,single_block4,visual_mse,6,33,0.1980835786202189,0.19771339482242112,0.1980064208534631,0.18688262822003704,0.1479305013990021,fe15e327d85f1c64697feb5b5d5b98db01a7a0593b5286dc39c45e9487352e70
reach,bfloat16,single_block5,visual_mse,6,33,0.1980835786202189,0.19791823984547094,0.19800528690896252,0.08346919815344592,0.043944613732203014,fe15e327d85f1c64697feb5b5d5b98db01a7a0593b5286dc39c45e9487352e70
reach,bfloat16,intermediate_blocks2_3,visual_mse,6,33,0.1980835786202189,0.19719599705716276,0.19790581673421342,0.44808437389848843,0.3583435244834641,fe15e327d85f1c64697feb5b5d5b98db01a7a0593b5286dc39c45e9487352e70
reach,bfloat16,all_six_blocks,visual_mse,6,33,0.1980835786202189,0.19735524382141204,0.19793570565266744,0.3676906505224599,0.2930388451676291,fe15e327d85f1c64697feb5b5d5b98db01a7a0593b5286dc39c45e9487352e70
reach,float32,single_block0,proprio_mse,1,33,0.00021134850025503906,0.00021134850025503906,0.00021134850025503906,0.0,0.0,ee5e0b665d0caade3af2a48e69b6fae5c4d0eb908c259b1d9bbabb8b14b100a9
reach,float32,single_block1,proprio_mse,1,33,0.00021134850025503906,0.00021134850025503906,0.00021134850025503906,0.0,0.0,ee5e0b665d0caade3af2a48e69b6fae5c4d0eb908c259b1d9bbabb8b14b100a9
reach,float32,single_block2,proprio_mse,1,33,0.00021134850025503906,0.00021134850025503906,0.00021134850025503906,0.0,0.0,ee5e0b665d0caade3af2a48e69b6fae5c4d0eb908c259b1d9bbabb8b14b100a9
reach,float32,single_block3,proprio_mse,1,33,0.00021134850025503906,0.00021134850025503906,0.00021134850025503906,0.0,0.0,ee5e0b665d0caade3af2a48e69b6fae5c4d0eb908c259b1d9bbabb8b14b100a9
reach,float32,single_block4,proprio_mse,1,33,0.00021134850025503906,0.00021134850025503906,0.00021134850025503906,0.0,0.0,ee5e0b665d0caade3af2a48e69b6fae5c4d0eb908c259b1d9bbabb8b14b100a9
reach,float32,single_block5,proprio_mse,1,33,0.00021134850025503906,0.00021134850025503906,0.00021134850025503906,0.0,0.0,ee5e0b665d0caade3af2a48e69b6fae5c4d0eb908c259b1d9bbabb8b14b100a9
reach,float32,intermediate_blocks2_3,proprio_mse,1,33,0.00021134850025503906,0.00021134850025503906,0.00021134850025503906,0.0,0.0,ee5e0b665d0caade3af2a48e69b6fae5c4d0eb908c259b1d9bbabb8b14b100a9
reach,float32,all_six_blocks,proprio_mse,1,33,0.00021134850025503906,0.00021134850025503906,0.00021134850025503906,0.0,0.0,ee5e0b665d0caade3af2a48e69b6fae5c4d0eb908c259b1d9bbabb8b14b100a9
reach,float32,single_block0,proprio_mse,2,33,0.00028461674274428395,0.00028461674274428395,0.00028461674274428395,0.0,0.0,ee5e0b665d0caade3af2a48e69b6fae5c4d0eb908c259b1d9bbabb8b14b100a9
reach,float32,single_block1,proprio_mse,2,33,0.00028461674274428395,0.00028461674274428395,0.00028461674274428395,0.0,0.0,ee5e0b665d0caade3af2a48e69b6fae5c4d0eb908c259b1d9bbabb8b14b100a9
reach,float32,single_block2,proprio_mse,2,33,0.00028461674274428395,0.00028461674274428395,0.00028461674274428395,0.0,0.0,ee5e0b665d0caade3af2a48e69b6fae5c4d0eb908c259b1d9bbabb8b14b100a9
reach,float32,single_block3,proprio_mse,2,33,0.00028461674274428395,0.00028461674274428395,0.00028461674274428395,0.0,0.0,ee5e0b665d0caade3af2a48e69b6fae5c4d0eb908c259b1d9bbabb8b14b100a9
reach,float32,single_block4,proprio_mse,2,33,0.00028461674274428395,0.00028461674274428395,0.00028461674274428395,0.0,0.0,ee5e0b665d0caade3af2a48e69b6fae5c4d0eb908c259b1d9bbabb8b14b100a9
reach,float32,single_block5,proprio_mse,2,33,0.00028461674274428395,0.00028461674274428395,0.00028461674274428395,0.0,0.0,ee5e0b665d0caade3af2a48e69b6fae5c4d0eb908c259b1d9bbabb8b14b100a9
reach,float32,intermediate_blocks2_3,proprio_mse,2,33,0.00028461674274428395,0.00028461674274428395,0.00028461674274428395,0.0,0.0,ee5e0b665d0caade3af2a48e69b6fae5c4d0eb908c259b1d9bbabb8b14b100a9
reach,float32,all_six_blocks,proprio_mse,2,33,0.00028461674274428395,0.00028461674274428395,0.00028461674274428395,0.0,0.0,ee5e0b665d0caade3af2a48e69b6fae5c4d0eb908c259b1d9bbabb8b14b100a9
reach,float32,single_block0,proprio_mse,3,33,0.0003841091223196168,0.00036205191934990437,0.0003826161180547911,5.742431431076149,5.353738692978838,ee5e0b665d0caade3af2a48e69b6fae5c4d0eb908c259b1d9bbabb8b14b100a9
reach,float32,single_block1,proprio_mse,3,33,0.0003841091223196168,0.0003628077527463749,0.00038357221521547407,5.545655735694049,5.405875898938196,ee5e0b665d0caade3af2a48e69b6fae5c4d0eb908c259b1d9bbabb8b14b100a9
reach,float32,single_block2,proprio_mse,3,33,0.0003841091223196168,0.00036653695669791874,0.00038353949012253914,4.5747847683441005,4.426485193046942,ee5e0b665d0caade3af2a48e69b6fae5c4d0eb908c259b1d9bbabb8b14b100a9
reach,float32,single_block3,proprio_mse,3,33,0.0003841091223196168,0.000368562821629416,0.0003840786293049042,4.047365653884347,4.039427020579195,ee5e0b665d0caade3af2a48e69b6fae5c4d0eb908c259b1d9bbabb8b14b100a9
reach,float32,single_block4,proprio_mse,3,33,0.0003841091223196168,0.00037426147838517075,0.0003842918920230604,2.563762056724029,2.6113448119420957,ee5e0b665d0caade3af2a48e69b6fae5c4d0eb908c259b1d9bbabb8b14b100a9
reach,float32,single_block5,proprio_mse,3,33,0.0003841091223196168,0.0003799427152251045,0.00038421589860162283,1.0846936072102518,1.112492031095954,ee5e0b665d0caade3af2a48e69b6fae5c4d0eb908c259b1d9bbabb8b14b100a9
reach,float32,intermediate_blocks2_3,proprio_mse,3,33,0.0003841091223196168,0.0003619179142903033,0.000383782590565394,5.777318668013353,5.69230851458329,ee5e0b665d0caade3af2a48e69b6fae5c4d0eb908c259b1d9bbabb8b14b100a9
reach,float32,all_six_blocks,proprio_mse,3,33,0.0003841091223196168,0.00036569843453830206,0.000385060873460786,4.793087878291836,5.0408693252467165,ee5e0b665d0caade3af2a48e69b6fae5c4d0eb908c259b1d9bbabb8b14b100a9
reach,float32,single_block0,proprio_mse,4,33,0.00048644012430752747,0.0004696238803326839,0.00048501333712001627,3.4570018250000203,3.163689839369249,ee5e0b665d0caade3af2a48e69b6fae5c4d0eb908c259b1d9bbabb8b14b100a9
reach,float32,single_block1,proprio_mse,4,33,0.00048644012430752747,0.00047043689739641404,0.0004858390361209096,3.289865722712503,3.1662969304642177,ee5e0b665d0caade3af2a48e69b6fae5c4d0eb908c259b1d9bbabb8b14b100a9
reach,float32,single_block2,proprio_mse,4,33,0.00048644012430752747,0.0004734923711801072,0.0004856735961022258,2.661736250859662,2.5041571024715896,ee5e0b665d0caade3af2a48e69b6fae5c4d0eb908c259b1d9bbabb8b14b100a9
reach,float32,single_block3,proprio_mse,4,33,0.00048644012430752747,0.00047546152685882967,0.0004863592212701644,2.256926782988225,2.2402951291997506,ee5e0b665d0caade3af2a48e69b6fae5c4d0eb908c259b1d9bbabb8b14b100a9
reach,float32,single_block4,proprio_mse,4,33,0.00048644012430752747,0.0004795611710469162,0.00048631831279929635,1.4141418268905792,1.3891004081950054,ee5e0b665d0caade3af2a48e69b6fae5c4d0eb908c259b1d9bbabb8b14b100a9
reach,float32,single_block5,proprio_mse,4,33,0.00048644012430752747,0.00048368048005567734,0.000486412535063191,0.5673142723944956,0.5616426094378778,ee5e0b665d0caade3af2a48e69b6fae5c4d0eb908c259b1d9bbabb8b14b100a9
reach,float32,intermediate_blocks2_3,proprio_mse,4,33,0.00048644012430752747,0.00047011017623578544,0.00048578749677960666,3.357031473295619,3.222867473389184,ee5e0b665d0caade3af2a48e69b6fae5c4d0eb908c259b1d9bbabb8b14b100a9
reach,float32,all_six_blocks,proprio_mse,4,33,0.00048644012430752747,0.0004731211871532853,0.00048647815823127844,2.7380424616909176,2.7458612911522224,ee5e0b665d0caade3af2a48e69b6fae5c4d0eb908c259b1d9bbabb8b14b100a9
reach,float32,single_block0,proprio_mse,5,33,0.0006179472094292505,0.0005948420839816051,0.0006153174216605192,3.739012830721538,3.3134444765638698,ee5e0b665d0caade3af2a48e69b6fae5c4d0eb908c259b1d9bbabb8b14b100a9
reach,float32,single_block1,proprio_mse,5,33,0.0006179472094292505,0.0005958051861311142,0.0006157968913318443,3.5831577455600327,3.2351801085395064,ee5e0b665d0caade3af2a48e69b6fae5c4d0eb908c259b1d9bbabb8b14b100a9
reach,float32,single_block2,proprio_mse,5,33,0.0006179472094292505,0.0006003799383295406,0.0006164635161118408,2.8428433418989587,2.602743007312113,ee5e0b665d0caade3af2a48e69b6fae5c4d0eb908c259b1d9bbabb8b14b100a9
reach,float32,single_block3,proprio_mse,5,33,0.0006179472094292505,0.000602891555308356,0.0006167686385812675,2.4363981083109447,2.245674559438284,ee5e0b665d0caade3af2a48e69b6fae5c4d0eb908c259b1d9bbabb8b14b100a9
reach,float32,single_block4,proprio_mse,5,33,0.0006179472094292505,0.0006083146001640332,0.0006177101098103896,1.558807794295931,1.5204388826408497,ee5e0b665d0caade3af2a48e69b6fae5c4d0eb908c259b1d9bbabb8b14b100a9
reach,float32,single_block5,proprio_mse,5,33,0.0006179472094292505,0.0006139985359836965,0.0006179114400480892,0.6389985075264125,0.6332100873158308,ee5e0b665d0caade3af2a48e69b6fae5c4d0eb908c259b1d9bbabb8b14b100a9
reach,float32,intermediate_blocks2_3,proprio_mse,5,33,0.0006179472094292505,0.0005955883225452094,0.000614480778509607,3.6182519384936276,3.0572928684065226,ee5e0b665d0caade3af2a48e69b6fae5c4d0eb908c259b1d9bbabb8b14b100a9
reach,float32,all_six_blocks,proprio_mse,5,33,0.0006179472094292505,0.0005994610807068635,0.0006156463527352598,2.991538506899509,2.6191997927048405,ee5e0b665d0caade3af2a48e69b6fae5c4d0eb908c259b1d9bbabb8b14b100a9
reach,float32,single_block0,proprio_mse,6,33,0.0007675994573660182,0.0007441876036285646,0.0007648636792656922,3.0500091568316554,2.693602169558143,ee5e0b665d0caade3af2a48e69b6fae5c4d0eb908c259b1d9bbabb8b14b100a9
reach,float32,single_block1,proprio_mse,6,33,0.0007675994573660182,0.0007453508101253197,0.0007654899070213573,2.8984709443442975,2.6236465780140037,ee5e0b665d0caade3af2a48e69b6fae5c4d0eb908c259b1d9bbabb8b14b100a9
reach,float32,single_block2,proprio_mse,6,33,0.0007675994573660182,0.0007500019392414334,0.0007660109076768453,2.2925391564201876,2.085588816118493,ee5e0b665d0caade3af2a48e69b6fae5c4d0eb908c259b1d9bbabb8b14b100a9
reach,float32,single_block3,proprio_mse,6,33,0.0007675994573660182,0.0007527822952728125,0.0007664409609071408,1.930324722225586,1.7794001159403345,ee5e0b665d0caade3af2a48e69b6fae5c4d0eb908c259b1d9bbabb8b14b100a9
reach,float32,single_block4,proprio_mse,6,33,0.0007675994573660182,0.0007581505997369838,0.0007673152620297672,1.230961999563905,1.1939380890434101,ee5e0b665d0caade3af2a48e69b6fae5c4d0eb908c259b1d9bbabb8b14b100a9
reach,float32,single_block5,proprio_mse,6,33,0.0007675994573660182,0.0007638067371413909,0.0007675285299568475,0.49410147287516887,0.4848613140279846,ee5e0b665d0caade3af2a48e69b6fae5c4d0eb908c259b1d9bbabb8b14b100a9
reach,float32,intermediate_blocks2_3,proprio_mse,6,33,0.0007675994573660182,0.0007453093135384302,0.0007643998934869123,2.9038769652177145,2.4870496930769734,ee5e0b665d0caade3af2a48e69b6fae5c4d0eb908c259b1d9bbabb8b14b100a9
reach,float32,all_six_blocks,proprio_mse,6,33,0.0007675994573660182,0.0007492889024617416,0.0007652556654464187,2.3854309338764295,2.0800904471019743,ee5e0b665d0caade3af2a48e69b6fae5c4d0eb908c259b1d9bbabb8b14b100a9
reach,float32,single_block0,visual_mse,1,33,0.1200724427362509,0.1200724427362509,0.1200724427362509,0.0,0.0,ee5e0b665d0caade3af2a48e69b6fae5c4d0eb908c259b1d9bbabb8b14b100a9
reach,float32,single_block1,visual_mse,1,33,0.1200724427362509,0.1200724427362509,0.1200724427362509,0.0,0.0,ee5e0b665d0caade3af2a48e69b6fae5c4d0eb908c259b1d9bbabb8b14b100a9
reach,float32,single_block2,visual_mse,1,33,0.1200724427362509,0.1200724427362509,0.1200724427362509,0.0,0.0,ee5e0b665d0caade3af2a48e69b6fae5c4d0eb908c259b1d9bbabb8b14b100a9
reach,float32,single_block3,visual_mse,1,33,0.1200724427362509,0.1200724427362509,0.1200724427362509,0.0,0.0,ee5e0b665d0caade3af2a48e69b6fae5c4d0eb908c259b1d9bbabb8b14b100a9
reach,float32,single_block4,visual_mse,1,33,0.1200724427362509,0.1200724427362509,0.1200724427362509,0.0,0.0,ee5e0b665d0caade3af2a48e69b6fae5c4d0eb908c259b1d9bbabb8b14b100a9
reach,float32,single_block5,visual_mse,1,33,0.1200724427362509,0.1200724427362509,0.1200724427362509,0.0,0.0,ee5e0b665d0caade3af2a48e69b6fae5c4d0eb908c259b1d9bbabb8b14b100a9
reach,float32,intermediate_blocks2_3,visual_mse,1,33,0.1200724427362509,0.1200724427362509,0.1200724427362509,0.0,0.0,ee5e0b665d0caade3af2a48e69b6fae5c4d0eb908c259b1d9bbabb8b14b100a9
reach,float32,all_six_blocks,visual_mse,1,33,0.1200724427362509,0.1200724427362509,0.1200724427362509,0.0,0.0,ee5e0b665d0caade3af2a48e69b6fae5c4d0eb908c259b1d9bbabb8b14b100a9
reach,float32,single_block0,visual_mse,2,33,0.13569343623827504,0.13569343623827504,0.13569343623827504,0.0,0.0,ee5e0b665d0caade3af2a48e69b6fae5c4d0eb908c259b1d9bbabb8b14b100a9
reach,float32,single_block1,visual_mse,2,33,0.13569343623827504,0.13569343623827504,0.13569343623827504,0.0,0.0,ee5e0b665d0caade3af2a48e69b6fae5c4d0eb908c259b1d9bbabb8b14b100a9
reach,float32,single_block2,visual_mse,2,33,0.13569343623827504,0.13569343623827504,0.13569343623827504,0.0,0.0,ee5e0b665d0caade3af2a48e69b6fae5c4d0eb908c259b1d9bbabb8b14b100a9
reach,float32,single_block3,visual_mse,2,33,0.13569343623827504,0.13569343623827504,0.13569343623827504,0.0,0.0,ee5e0b665d0caade3af2a48e69b6fae5c4d0eb908c259b1d9bbabb8b14b100a9
reach,float32,single_block4,visual_mse,2,33,0.13569343623827504,0.13569343623827504,0.13569343623827504,0.0,0.0,ee5e0b665d0caade3af2a48e69b6fae5c4d0eb908c259b1d9bbabb8b14b100a9
reach,float32,single_block5,visual_mse,2,33,0.13569343623827504,0.13569343623827504,0.13569343623827504,0.0,0.0,ee5e0b665d0caade3af2a48e69b6fae5c4d0eb908c259b1d9bbabb8b14b100a9
reach,float32,intermediate_blocks2_3,visual_mse,2,33,0.13569343623827504,0.13569343623827504,0.13569343623827504,0.0,0.0,ee5e0b665d0caade3af2a48e69b6fae5c4d0eb908c259b1d9bbabb8b14b100a9
reach,float32,all_six_blocks,visual_mse,2,33,0.13569343623827504,0.13569343623827504,0.13569343623827504,0.0,0.0,ee5e0b665d0caade3af2a48e69b6fae5c4d0eb908c259b1d9bbabb8b14b100a9
reach,float32,single_block0,visual_mse,3,33,0.14985166340690068,0.14940727743498908,0.14984484618397975,0.2965505766225177,0.2920012624768263,ee5e0b665d0caade3af2a48e69b6fae5c4d0eb908c259b1d9bbabb8b14b100a9
reach,float32,single_block1,visual_mse,3,33,0.14985166340690068,0.1494515639701576,0.1498483800583265,0.2669969939917588,0.26480592817405957,ee5e0b665d0caade3af2a48e69b6fae5c4d0eb908c259b1d9bbabb8b14b100a9
reach,float32,single_block2,visual_mse,3,33,0.14985166340690068,0.14955227530815385,0.14985137751909214,0.19978963992804166,0.1995988593907837,ee5e0b665d0caade3af2a48e69b6fae5c4d0eb908c259b1d9bbabb8b14b100a9
reach,float32,single_block3,visual_mse,3,33,0.14985166340690068,0.14970706688296614,0.1498615350197963,0.09649310568004867,0.10308069548131289,ee5e0b665d0caade3af2a48e69b6fae5c4d0eb908c259b1d9bbabb8b14b100a9
reach,float32,single_block4,visual_mse,3,33,0.14985166340690068,0.14980866630947348,0.14985309087417342,0.028693106535922674,0.029645693407694983,ee5e0b665d0caade3af2a48e69b6fae5c4d0eb908c259b1d9bbabb8b14b100a9
reach,float32,single_block5,visual_mse,3,33,0.14985166340690068,0.14983579006158942,0.14985338263778072,0.01059270544641844,0.011739993932219304,ee5e0b665d0caade3af2a48e69b6fae5c4d0eb908c259b1d9bbabb8b14b100a9
reach,float32,intermediate_blocks2_3,visual_mse,3,33,0.14985166340690068,0.14956319418669953,0.1498394915645923,0.19250318190853294,0.18438058785008976,ee5e0b665d0caade3af2a48e69b6fae5c4d0eb908c259b1d9bbabb8b14b100a9
reach,float32,all_six_blocks,visual_mse,3,33,0.14985166340690068,0.14964374132793057,0.14984425729648632,0.138751932573164,0.13380963814280494,ee5e0b665d0caade3af2a48e69b6fae5c4d0eb908c259b1d9bbabb8b14b100a9
reach,float32,single_block0,visual_mse,4,33,0.16418566686298813,0.16365146020784824,0.16417285334507026,0.3253674119956452,0.31756312666264563,ee5e0b665d0caade3af2a48e69b6fae5c4d0eb908c259b1d9bbabb8b14b100a9
reach,float32,single_block1,visual_mse,4,33,0.16418566686298813,0.16369843720975852,0.16417400402703672,0.2967552908477723,0.28965184742652206,ee5e0b665d0caade3af2a48e69b6fae5c4d0eb908c259b1d9bbabb8b14b100a9
reach,float32,single_block2,visual_mse,4,33,0.16418566686298813,0.16380221013055007,0.16417687480347323,0.23355067452876446,0.22819572504816368,ee5e0b665d0caade3af2a48e69b6fae5c4d0eb908c259b1d9bbabb8b14b100a9
reach,float32,single_block3,visual_mse,4,33,0.16418566686298813,0.1639373245564374,0.1641803654155346,0.1512569953855849,0.14802806100000554,ee5e0b665d0caade3af2a48e69b6fae5c4d0eb908c259b1d9bbabb8b14b100a9
reach,float32,single_block4,visual_mse,4,33,0.16418566686298813,0.16405007577303682,0.1641797737265476,0.08258399928689543,0.07899468692295435,ee5e0b665d0caade3af2a48e69b6fae5c4d0eb908c259b1d9bbabb8b14b100a9
reach,float32,single_block5,visual_mse,4,33,0.16418566686298813,0.16413100434448383,0.16418342713191353,0.03329311233356407,0.0319289670233198,ee5e0b665d0caade3af2a48e69b6fae5c4d0eb908c259b1d9bbabb8b14b100a9
reach,float32,intermediate_blocks2_3,visual_mse,4,33,0.16418566686298813,0.1637646105554369,0.16416922383988747,0.25645131855669606,0.24643642297242638,ee5e0b665d0caade3af2a48e69b6fae5c4d0eb908c259b1d9bbabb8b14b100a9
reach,float32,all_six_blocks,visual_mse,4,33,0.16418566686298813,0.16386122299226547,0.1641687792057943,0.197607913602723,0.1873222062590284,ee5e0b665d0caade3af2a48e69b6fae5c4d0eb908c259b1d9bbabb8b14b100a9
reach,float32,single_block0,visual_mse,5,33,0.17929694761305745,0.17843895984456093,0.17920770752761103,0.47852893198614455,0.4287567040511726,ee5e0b665d0caade3af2a48e69b6fae5c4d0eb908c259b1d9bbabb8b14b100a9
reach,float32,single_block1,visual_mse,5,33,0.17929694761305745,0.1784913025928116,0.1792121935071367,0.4493356027368212,0.4020653580120501,ee5e0b665d0caade3af2a48e69b6fae5c4d0eb908c259b1d9bbabb8b14b100a9
reach,float32,single_block2,visual_mse,5,33,0.17929694761305745,0.17865792869430297,0.17924581075444665,0.35640256416051963,0.3278818005381741,ee5e0b665d0caade3af2a48e69b6fae5c4d0eb908c259b1d9bbabb8b14b100a9
reach,float32,single_block3,visual_mse,5,33,0.17929694761305745,0.17879974775844149,0.17922255255357183,0.2773052532321839,0.23581260069346444,ee5e0b665d0caade3af2a48e69b6fae5c4d0eb908c259b1d9bbabb8b14b100a9
reach,float32,single_block4,visual_mse,5,33,0.17929694761305745,0.17899062111785616,0.17928437850993087,0.17084869501648103,0.16383847911826832,ee5e0b665d0caade3af2a48e69b6fae5c4d0eb908c259b1d9bbabb8b14b100a9
reach,float32,single_block5,visual_mse,5,33,0.17929694761305745,0.17917045320224279,0.17929280547030044,0.07055023105449273,0.06824001729337931,ee5e0b665d0caade3af2a48e69b6fae5c4d0eb908c259b1d9bbabb8b14b100a9
reach,float32,intermediate_blocks2_3,visual_mse,5,33,0.17929694761305745,0.17852846860245924,0.17917598432136905,0.42860685629555034,0.36114151831921765,ee5e0b665d0caade3af2a48e69b6fae5c4d0eb908c259b1d9bbabb8b14b100a9
reach,float32,all_six_blocks,visual_mse,5,33,0.17929694761305745,0.17867481159140364,0.17918709716336292,0.34698639878490906,0.2857190703909,ee5e0b665d0caade3af2a48e69b6fae5c4d0eb908c259b1d9bbabb8b14b100a9
reach,float32,single_block0,visual_mse,6,33,0.1950258153293169,0.19405747278960367,0.19489875174682547,0.49652018532936504,0.43136799905245105,ee5e0b665d0caade3af2a48e69b6fae5c4d0eb908c259b1d9bbabb8b14b100a9
reach,float32,single_block1,visual_mse,6,33,0.1950258153293169,0.19411186950300074,0.19490969460269417,0.46862812739579224,0.4090869192605245,ee5e0b665d0caade3af2a48e69b6fae5c4d0eb908c259b1d9bbabb8b14b100a9
reach,float32,single_block2,visual_mse,6,33,0.1950258153293169,0.19429475168951532,0.19495789790055668,0.37485480502523044,0.3400299647108657,ee5e0b665d0caade3af2a48e69b6fae5c4d0eb908c259b1d9bbabb8b14b100a9
reach,float32,single_block3,visual_mse,6,33,0.1950258153293169,0.1944475940795559,0.19492704498986102,0.2964844673432765,0.24583971588352932,ee5e0b665d0caade3af2a48e69b6fae5c4d0eb908c259b1d9bbabb8b14b100a9
reach,float32,single_block4,visual_mse,6,33,0.1950258153293169,0.19466782175004482,0.19500682048236181,0.18356214979415647,0.17382249203499803,ee5e0b665d0caade3af2a48e69b6fae5c4d0eb908c259b1d9bbabb8b14b100a9
reach,float32,single_block5,visual_mse,6,33,0.1950258153293169,0.1948797617145259,0.19501765855973718,0.07488937530879161,0.07070697024311284,ee5e0b665d0caade3af2a48e69b6fae5c4d0eb908c259b1d9bbabb8b14b100a9
reach,float32,intermediate_blocks2_3,visual_mse,6,33,0.1950258153293169,0.1941362432683959,0.19488731183186925,0.45613041505242835,0.38511238227877925,ee5e0b665d0caade3af2a48e69b6fae5c4d0eb908c259b1d9bbabb8b14b100a9
reach,float32,all_six_blocks,visual_mse,6,33,0.1950258153293169,0.19430394724500605,0.19489364606525864,0.37013975975022473,0.3023696218148523,ee5e0b665d0caade3af2a48e69b6fae5c4d0eb908c259b1d9bbabb8b14b100a9
reach-wall,bfloat16,single_block0,proprio_mse,1,27,0.0002569185601658566,0.0002569185601658566,0.0002569185601658566,0.0,0.0,ba39a4f74ce097893077832c8e6d3c3acbcdd00f80b62e1ce3210c15e3e56ded
reach-wall,bfloat16,single_block1,proprio_mse,1,27,0.0002569185601658566,0.0002569185601658566,0.0002569185601658566,0.0,0.0,ba39a4f74ce097893077832c8e6d3c3acbcdd00f80b62e1ce3210c15e3e56ded
reach-wall,bfloat16,single_block2,proprio_mse,1,27,0.0002569185601658566,0.0002569185601658566,0.0002569185601658566,0.0,0.0,ba39a4f74ce097893077832c8e6d3c3acbcdd00f80b62e1ce3210c15e3e56ded
reach-wall,bfloat16,single_block3,proprio_mse,1,27,0.0002569185601658566,0.0002569185601658566,0.0002569185601658566,0.0,0.0,ba39a4f74ce097893077832c8e6d3c3acbcdd00f80b62e1ce3210c15e3e56ded
reach-wall,bfloat16,single_block4,proprio_mse,1,27,0.0002569185601658566,0.0002569185601658566,0.0002569185601658566,0.0,0.0,ba39a4f74ce097893077832c8e6d3c3acbcdd00f80b62e1ce3210c15e3e56ded
reach-wall,bfloat16,single_block5,proprio_mse,1,27,0.0002569185601658566,0.0002569185601658566,0.0002569185601658566,0.0,0.0,ba39a4f74ce097893077832c8e6d3c3acbcdd00f80b62e1ce3210c15e3e56ded
reach-wall,bfloat16,intermediate_blocks2_3,proprio_mse,1,27,0.0002569185601658566,0.0002569185601658566,0.0002569185601658566,0.0,0.0,ba39a4f74ce097893077832c8e6d3c3acbcdd00f80b62e1ce3210c15e3e56ded
reach-wall,bfloat16,all_six_blocks,proprio_mse,1,27,0.0002569185601658566,0.0002569185601658566,0.0002569185601658566,0.0,0.0,ba39a4f74ce097893077832c8e6d3c3acbcdd00f80b62e1ce3210c15e3e56ded
reach-wall,bfloat16,single_block0,proprio_mse,2,27,0.00034604592516570626,0.00034604592516570626,0.00034604592516570626,0.0,0.0,ba39a4f74ce097893077832c8e6d3c3acbcdd00f80b62e1ce3210c15e3e56ded
reach-wall,bfloat16,single_block1,proprio_mse,2,27,0.00034604592516570626,0.00034604592516570626,0.00034604592516570626,0.0,0.0,ba39a4f74ce097893077832c8e6d3c3acbcdd00f80b62e1ce3210c15e3e56ded
reach-wall,bfloat16,single_block2,proprio_mse,2,27,0.00034604592516570626,0.00034604592516570626,0.00034604592516570626,0.0,0.0,ba39a4f74ce097893077832c8e6d3c3acbcdd00f80b62e1ce3210c15e3e56ded
reach-wall,bfloat16,single_block3,proprio_mse,2,27,0.00034604592516570626,0.00034604592516570626,0.00034604592516570626,0.0,0.0,ba39a4f74ce097893077832c8e6d3c3acbcdd00f80b62e1ce3210c15e3e56ded
reach-wall,bfloat16,single_block4,proprio_mse,2,27,0.00034604592516570626,0.00034604592516570626,0.00034604592516570626,0.0,0.0,ba39a4f74ce097893077832c8e6d3c3acbcdd00f80b62e1ce3210c15e3e56ded
reach-wall,bfloat16,single_block5,proprio_mse,2,27,0.00034604592516570626,0.00034604592516570626,0.00034604592516570626,0.0,0.0,ba39a4f74ce097893077832c8e6d3c3acbcdd00f80b62e1ce3210c15e3e56ded
reach-wall,bfloat16,intermediate_blocks2_3,proprio_mse,2,27,0.00034604592516570626,0.00034604592516570626,0.00034604592516570626,0.0,0.0,ba39a4f74ce097893077832c8e6d3c3acbcdd00f80b62e1ce3210c15e3e56ded
reach-wall,bfloat16,all_six_blocks,proprio_mse,2,27,0.00034604592516570626,0.00034604592516570626,0.00034604592516570626,0.0,0.0,ba39a4f74ce097893077832c8e6d3c3acbcdd00f80b62e1ce3210c15e3e56ded
reach-wall,bfloat16,single_block0,proprio_mse,3,27,0.0004585782681232682,0.00044879064964424076,0.00045780076931277794,2.134339797453387,1.964794298999622,ba39a4f74ce097893077832c8e6d3c3acbcdd00f80b62e1ce3210c15e3e56ded
reach-wall,bfloat16,single_block1,proprio_mse,3,27,0.0004585782681232682,0.00044991585333421276,0.00045873762934251665,1.8889719359154011,1.923723085354005,ba39a4f74ce097893077832c8e6d3c3acbcdd00f80b62e1ce3210c15e3e56ded
reach-wall,bfloat16,single_block2,proprio_mse,3,27,0.0004585782681232682,0.0004514664679879422,0.00045803748953515835,1.550836712003604,1.432911675930053,ba39a4f74ce097893077832c8e6d3c3acbcdd00f80b62e1ce3210c15e3e56ded
reach-wall,bfloat16,single_block3,proprio_mse,3,27,0.0004585782681232682,0.0004526007976869831,0.0004574716683764788,1.3034787847116893,1.0621677973162085,ba39a4f74ce097893077832c8e6d3c3acbcdd00f80b62e1ce3210c15e3e56ded
reach-wall,bfloat16,single_block4,proprio_mse,3,27,0.0004585782681232682,0.0004546460637199889,0.0004586931625161935,0.8574772675931301,0.8825317459476206,ba39a4f74ce097893077832c8e6d3c3acbcdd00f80b62e1ce3210c15e3e56ded
reach-wall,bfloat16,single_block5,proprio_mse,3,27,0.0004585782681232682,0.0004573143865091418,0.0004587032034252821,0.2756087023702196,0.30285275441071347,ba39a4f74ce097893077832c8e6d3c3acbcdd00f80b62e1ce3210c15e3e56ded
reach-wall,bfloat16,intermediate_blocks2_3,proprio_mse,3,27,0.0004585782681232682,0.00044993568046467977,0.0004590076879398067,1.8846483270910768,1.9782898810826997,ba39a4f74ce097893077832c8e6d3c3acbcdd00f80b62e1ce3210c15e3e56ded
reach-wall,bfloat16,all_six_blocks,proprio_mse,3,27,0.0004585782681232682,0.0004507238274392741,0.00045859160255295805,1.7127808337142498,1.7156886099035678,ba39a4f74ce097893077832c8e6d3c3acbcdd00f80b62e1ce3210c15e3e56ded
reach-wall,bfloat16,single_block0,proprio_mse,4,27,0.0005705656631893542,0.0005620712677059432,0.0005698147937392257,1.4887673814664883,1.3571664985932863,ba39a4f74ce097893077832c8e6d3c3acbcdd00f80b62e1ce3210c15e3e56ded
reach-wall,bfloat16,single_block1,proprio_mse,4,27,0.0005705656631893542,0.0005631675487457858,0.0005703782241327622,1.2966280519255777,1.263776608404732,ba39a4f74ce097893077832c8e6d3c3acbcdd00f80b62e1ce3210c15e3e56ded
reach-wall,bfloat16,single_block2,proprio_mse,4,27,0.0005705656631893542,0.000564508372026242,0.0005695438839784065,1.061629108427789,0.882547316993619,ba39a4f74ce097893077832c8e6d3c3acbcdd00f80b62e1ce3210c15e3e56ded
reach-wall,bfloat16,single_block3,proprio_mse,4,27,0.0005705656631893542,0.0005654604081922307,0.000569483462061692,0.8947708084265166,0.705099189981608,ba39a4f74ce097893077832c8e6d3c3acbcdd00f80b62e1ce3210c15e3e56ded
reach-wall,bfloat16,single_block4,proprio_mse,4,27,0.0005705656631893542,0.0005675579859486373,0.0005704182241386683,0.527139544974469,0.5012986891014094,ba39a4f74ce097893077832c8e6d3c3acbcdd00f80b62e1ce3210c15e3e56ded
reach-wall,bfloat16,single_block5,proprio_mse,4,27,0.0005705656631893542,0.0005694876629436126,0.0005704950169016274,0.18893535228107144,0.17655355430677616,ba39a4f74ce097893077832c8e6d3c3acbcdd00f80b62e1ce3210c15e3e56ded
reach-wall,bfloat16,intermediate_blocks2_3,proprio_mse,4,27,0.0005705656631893542,0.0005629137741683127,0.0005702641289296738,1.3411057683122503,1.2882574672078881,ba39a4f74ce097893077832c8e6d3c3acbcdd00f80b62e1ce3210c15e3e56ded
reach-wall,bfloat16,all_six_blocks,proprio_mse,4,27,0.0005705656631893542,0.0005639256302598414,0.0005702327708728082,1.1637631490819553,1.1054188886360719,ba39a4f74ce097893077832c8e6d3c3acbcdd00f80b62e1ce3210c15e3e56ded
reach-wall,bfloat16,single_block0,proprio_mse,5,27,0.0006885690914871555,0.0006769251308974668,0.0006870118429992825,1.691037360468848,1.4648801734667902,ba39a4f74ce097893077832c8e6d3c3acbcdd00f80b62e1ce3210c15e3e56ded
reach-wall,bfloat16,single_block1,proprio_mse,5,27,0.0006885690914871555,0.0006785433139112335,0.0006875168319086777,1.4560307309566565,1.3032124311684417,ba39a4f74ce097893077832c8e6d3c3acbcdd00f80b62e1ce3210c15e3e56ded
reach-wall,bfloat16,single_block2,proprio_mse,5,27,0.0006885690914871555,0.0006804833205136178,0.0006868314858478205,1.1742860772437924,0.9219358540320298,ba39a4f74ce097893077832c8e6d3c3acbcdd00f80b62e1ce3210c15e3e56ded
reach-wall,bfloat16,single_block3,proprio_mse,5,27,0.0006885690914871555,0.0006814295254150272,0.0006866874753339087,1.0368699612566699,0.7636052770718261,ba39a4f74ce097893077832c8e6d3c3acbcdd00f80b62e1ce3210c15e3e56ded
reach-wall,bfloat16,single_block4,proprio_mse,5,27,0.0006885690914871555,0.0006842857164344793,0.0006882678460537991,0.6220690277318525,0.5783195424469673,ba39a4f74ce097893077832c8e6d3c3acbcdd00f80b62e1ce3210c15e3e56ded
reach-wall,bfloat16,single_block5,proprio_mse,5,27,0.0006885690914871555,0.0006868677463820477,0.0006884403757390424,0.2470841526495578,0.2283909307631266,ba39a4f74ce097893077832c8e6d3c3acbcdd00f80b62e1ce3210c15e3e56ded
reach-wall,bfloat16,intermediate_blocks2_3,proprio_mse,5,27,0.0006885690914871555,0.0006782886961872585,0.0006875704261655761,1.4930085342189283,1.3479736591532319,ba39a4f74ce097893077832c8e6d3c3acbcdd00f80b62e1ce3210c15e3e56ded
reach-wall,bfloat16,all_six_blocks,proprio_mse,5,27,0.0006885690914871555,0.0006796886294304622,0.0006874516826271393,1.2896980370573274,1.1274181912392665,ba39a4f74ce097893077832c8e6d3c3acbcdd00f80b62e1ce3210c15e3e56ded
reach-wall,bfloat16,single_block0,proprio_mse,6,27,0.0008200658456908172,0.0008075476124455841,0.000817851740080018,1.5264912337237821,1.2565000345495136,ba39a4f74ce097893077832c8e6d3c3acbcdd00f80b62e1ce3210c15e3e56ded
reach-wall,bfloat16,single_block1,proprio_mse,6,27,0.0008200658456908172,0.000809296014078966,0.0008181820975831798,1.3132886424234362,1.0835817088234208,ba39a4f74ce097893077832c8e6d3c3acbcdd00f80b62e1ce3210c15e3e56ded
reach-wall,bfloat16,single_block2,proprio_mse,6,27,0.0008200658456908172,0.000811488030376495,0.0008175971149453459,1.045991045645403,0.7449504940307092,ba39a4f74ce097893077832c8e6d3c3acbcdd00f80b62e1ce3210c15e3e56ded
reach-wall,bfloat16,single_block3,proprio_mse,6,27,0.0008200658456908172,0.0008123328987988507,0.0008174062546997986,0.9429665840372049,0.6186522615966454,ba39a4f74ce097893077832c8e6d3c3acbcdd00f80b62e1ce3210c15e3e56ded
reach-wall,bfloat16,single_block4,proprio_mse,6,27,0.0008200658456908172,0.0008152948279642673,0.0008191096026379971,0.581784712973975,0.4651790699216643,ba39a4f74ce097893077832c8e6d3c3acbcdd00f80b62e1ce3210c15e3e56ded
reach-wall,bfloat16,single_block5,proprio_mse,6,27,0.0008200658456908172,0.0008176212337320415,0.0008191352405840097,0.2980994723315692,0.184620157018344,ba39a4f74ce097893077832c8e6d3c3acbcdd00f80b62e1ce3210c15e3e56ded
reach-wall,bfloat16,intermediate_blocks2_3,proprio_mse,6,27,0.0008200658456908172,0.0008091139606951828,0.0008184527556048482,1.3354884919525756,1.138785983922854,ba39a4f74ce097893077832c8e6d3c3acbcdd00f80b62e1ce3210c15e3e56ded
reach-wall,bfloat16,all_six_blocks,proprio_mse,6,27,0.0008200658456908172,0.0008102376908892089,0.0008181768898591851,1.1984592277866588,0.9681172568878673,ba39a4f74ce097893077832c8e6d3c3acbcdd00f80b62e1ce3210c15e3e56ded
reach-wall,bfloat16,single_block0,visual_mse,1,27,0.1264569773764154,0.1264569773764154,0.1264569773764154,0.0,0.0,ba39a4f74ce097893077832c8e6d3c3acbcdd00f80b62e1ce3210c15e3e56ded
reach-wall,bfloat16,single_block1,visual_mse,1,27,0.1264569773764154,0.1264569773764154,0.1264569773764154,0.0,0.0,ba39a4f74ce097893077832c8e6d3c3acbcdd00f80b62e1ce3210c15e3e56ded
reach-wall,bfloat16,single_block2,visual_mse,1,27,0.1264569773764154,0.1264569773764154,0.1264569773764154,0.0,0.0,ba39a4f74ce097893077832c8e6d3c3acbcdd00f80b62e1ce3210c15e3e56ded
reach-wall,bfloat16,single_block3,visual_mse,1,27,0.1264569773764154,0.1264569773764154,0.1264569773764154,0.0,0.0,ba39a4f74ce097893077832c8e6d3c3acbcdd00f80b62e1ce3210c15e3e56ded
reach-wall,bfloat16,single_block4,visual_mse,1,27,0.1264569773764154,0.1264569773764154,0.1264569773764154,0.0,0.0,ba39a4f74ce097893077832c8e6d3c3acbcdd00f80b62e1ce3210c15e3e56ded
reach-wall,bfloat16,single_block5,visual_mse,1,27,0.1264569773764154,0.1264569773764154,0.1264569773764154,0.0,0.0,ba39a4f74ce097893077832c8e6d3c3acbcdd00f80b62e1ce3210c15e3e56ded
reach-wall,bfloat16,intermediate_blocks2_3,visual_mse,1,27,0.1264569773764154,0.1264569773764154,0.1264569773764154,0.0,0.0,ba39a4f74ce097893077832c8e6d3c3acbcdd00f80b62e1ce3210c15e3e56ded
reach-wall,bfloat16,all_six_blocks,visual_mse,1,27,0.1264569773764154,0.1264569773764154,0.1264569773764154,0.0,0.0,ba39a4f74ce097893077832c8e6d3c3acbcdd00f80b62e1ce3210c15e3e56ded
reach-wall,bfloat16,single_block0,visual_mse,2,27,0.143563647572825,0.143563647572825,0.143563647572825,0.0,0.0,ba39a4f74ce097893077832c8e6d3c3acbcdd00f80b62e1ce3210c15e3e56ded
reach-wall,bfloat16,single_block1,visual_mse,2,27,0.143563647572825,0.143563647572825,0.143563647572825,0.0,0.0,ba39a4f74ce097893077832c8e6d3c3acbcdd00f80b62e1ce3210c15e3e56ded
reach-wall,bfloat16,single_block2,visual_mse,2,27,0.143563647572825,0.143563647572825,0.143563647572825,0.0,0.0,ba39a4f74ce097893077832c8e6d3c3acbcdd00f80b62e1ce3210c15e3e56ded
reach-wall,bfloat16,single_block3,visual_mse,2,27,0.143563647572825,0.143563647572825,0.143563647572825,0.0,0.0,ba39a4f74ce097893077832c8e6d3c3acbcdd00f80b62e1ce3210c15e3e56ded
reach-wall,bfloat16,single_block4,visual_mse,2,27,0.143563647572825,0.143563647572825,0.143563647572825,0.0,0.0,ba39a4f74ce097893077832c8e6d3c3acbcdd00f80b62e1ce3210c15e3e56ded
reach-wall,bfloat16,single_block5,visual_mse,2,27,0.143563647572825,0.143563647572825,0.143563647572825,0.0,0.0,ba39a4f74ce097893077832c8e6d3c3acbcdd00f80b62e1ce3210c15e3e56ded
reach-wall,bfloat16,intermediate_blocks2_3,visual_mse,2,27,0.143563647572825,0.143563647572825,0.143563647572825,0.0,0.0,ba39a4f74ce097893077832c8e6d3c3acbcdd00f80b62e1ce3210c15e3e56ded
reach-wall,bfloat16,all_six_blocks,visual_mse,2,27,0.143563647572825,0.143563647572825,0.143563647572825,0.0,0.0,ba39a4f74ce097893077832c8e6d3c3acbcdd00f80b62e1ce3210c15e3e56ded
reach-wall,bfloat16,single_block0,visual_mse,3,27,0.16012056307568226,0.15992489187621772,0.16014960212747992,0.12220241779442846,0.14033815953793735,ba39a4f74ce097893077832c8e6d3c3acbcdd00f80b62e1ce3210c15e3e56ded
reach-wall,bfloat16,single_block1,visual_mse,3,27,0.16012056307568226,0.1599710928529133,0.16012395357506146,0.09334854930425553,0.09546601586449621,ba39a4f74ce097893077832c8e6d3c3acbcdd00f80b62e1ce3210c15e3e56ded
reach-wall,bfloat16,single_block2,visual_mse,3,27,0.16012056307568226,0.16001686982488558,0.16012038736385695,0.06475948423168208,0.06464974702995302,ba39a4f74ce097893077832c8e6d3c3acbcdd00f80b62e1ce3210c15e3e56ded
reach-wall,bfloat16,single_block3,visual_mse,3,27,0.16012056307568226,0.16006520624605963,0.16012701472658433,0.034571967871773066,0.03860121357147965,ba39a4f74ce097893077832c8e6d3c3acbcdd00f80b62e1ce3210c15e3e56ded
reach-wall,bfloat16,single_block4,visual_mse,3,27,0.16012056307568226,0.1601057666066436,0.16012362876194128,0.009240830006111674,0.011155441221642656,ba39a4f74ce097893077832c8e6d3c3acbcdd00f80b62e1ce3210c15e3e56ded
reach-wall,bfloat16,single_block5,visual_mse,3,27,0.16012056307568226,0.1601146740149017,0.16012271466538494,0.003677891625807402,0.0050216226628163095,ba39a4f74ce097893077832c8e6d3c3acbcdd00f80b62e1ce3210c15e3e56ded
reach-wall,bfloat16,intermediate_blocks2_3,visual_mse,3,27,0.16012056307568226,0.16004068312453637,0.16012225107830244,0.049887378367594985,0.05094158563976382,ba39a4f74ce097893077832c8e6d3c3acbcdd00f80b62e1ce3210c15e3e56ded
reach-wall,bfloat16,all_six_blocks,visual_mse,3,27,0.16012056307568226,0.16003263063820794,0.16013026724305046,0.05491639286376828,0.060976930737105105,ba39a4f74ce097893077832c8e6d3c3acbcdd00f80b62e1ce3210c15e3e56ded
reach-wall,bfloat16,single_block0,visual_mse,4,27,0.17598046060467573,0.17567446336932022,0.17595861354773795,0.17388136972939877,0.16146689094992975,ba39a4f74ce097893077832c8e6d3c3acbcdd00f80b62e1ce3210c15e3e56ded
reach-wall,bfloat16,single_block1,visual_mse,4,27,0.17598046060467573,0.17572040142560447,0.17595208822117173,0.14777730333111486,0.13165484098130828,ba39a4f74ce097893077832c8e6d3c3acbcdd00f80b62e1ce3210c15e3e56ded
reach-wall,bfloat16,single_block2,visual_mse,4,27,0.17598046060467573,0.17578703817899952,0.17594478610949016,0.10991130777337901,0.08963945766968365,ba39a4f74ce097893077832c8e6d3c3acbcdd00f80b62e1ce3210c15e3e56ded
reach-wall,bfloat16,single_block3,visual_mse,4,27,0.17598046060467573,0.17585597451730275,0.17594513259598138,0.07073858480949413,0.05066362388885356,ba39a4f74ce097893077832c8e6d3c3acbcdd00f80b62e1ce3210c15e3e56ded
reach-wall,bfloat16,single_block4,visual_mse,4,27,0.17598046060467573,0.175911725429749,0.17597297755196506,0.039058412900244414,0.03480620632858318,ba39a4f74ce097893077832c8e6d3c3acbcdd00f80b62e1ce3210c15e3e56ded
reach-wall,bfloat16,single_block5,visual_mse,4,27,0.17598046060467573,0.17594647810644942,0.17597198465862024,0.019310381453454598,0.014493968298057656,ba39a4f74ce097893077832c8e6d3c3acbcdd00f80b62e1ce3210c15e3e56ded
reach-wall,bfloat16,intermediate_blocks2_3,visual_mse,4,27,0.17598046060467573,0.17578997893695844,0.17595405464325056,0.1082402370483564,0.09323518402460769,ba39a4f74ce097893077832c8e6d3c3acbcdd00f80b62e1ce3210c15e3e56ded
reach-wall,bfloat16,all_six_blocks,visual_mse,4,27,0.17598046060467573,0.17579907413434098,0.17595618936336704,0.10307193748186473,0.08927992828647413,ba39a4f74ce097893077832c8e6d3c3acbcdd00f80b62e1ce3210c15e3e56ded
reach-wall,bfloat16,single_block0,visual_mse,5,27,0.19257885116485898,0.19205627565582595,0.1924895882100603,0.2713566447572581,0.22500526491530615,ba39a4f74ce097893077832c8e6d3c3acbcdd00f80b62e1ce3210c15e3e56ded
reach-wall,bfloat16,single_block1,visual_mse,5,27,0.19257885116485898,0.19208777275304367,0.1924943593894074,0.25500121578506957,0.21112735583600695,ba39a4f74ce097893077832c8e6d3c3acbcdd00f80b62e1ce3210c15e3e56ded
reach-wall,bfloat16,single_block2,visual_mse,5,27,0.19257885116485898,0.19218371606167453,0.192504313275402,0.20518094317957722,0.16647581589995458,ba39a4f74ce097893077832c8e6d3c3acbcdd00f80b62e1ce3210c15e3e56ded
reach-wall,bfloat16,single_block3,visual_mse,5,27,0.19257885116485898,0.19229552268430042,0.19248230995403398,0.14712336211623697,0.09699261814250912,ba39a4f74ce097893077832c8e6d3c3acbcdd00f80b62e1ce3210c15e3e56ded
reach-wall,bfloat16,single_block4,visual_mse,5,27,0.19257885116485898,0.1924090374675062,0.1925473033852968,0.0881787882343357,0.07179704155168533,ba39a4f74ce097893077832c8e6d3c3acbcdd00f80b62e1ce3210c15e3e56ded
reach-wall,bfloat16,single_block5,visual_mse,5,27,0.19257885116485898,0.19249713512850397,0.19253330807902935,0.04243250796270354,0.018783449120493196,ba39a4f74ce097893077832c8e6d3c3acbcdd00f80b62e1ce3210c15e3e56ded
reach-wall,bfloat16,intermediate_blocks2_3,visual_mse,5,27,0.19257885116485898,0.19214230241644897,0.19249073925807522,0.22668571640626192,0.18093203875640826,ba39a4f74ce097893077832c8e6d3c3acbcdd00f80b62e1ce3210c15e3e56ded
reach-wall,bfloat16,all_six_blocks,visual_mse,5,27,0.19257885116485898,0.1921816723720159,0.19251368277372768,0.20624216545101623,0.17240231713064677,ba39a4f74ce097893077832c8e6d3c3acbcdd00f80b62e1ce3210c15e3e56ded
reach-wall,bfloat16,single_block0,visual_mse,6,27,0.20909702720833412,0.20841889452235204,0.20896243471882225,0.3243148384440761,0.2599464008298182,ba39a4f74ce097893077832c8e6d3c3acbcdd00f80b62e1ce3210c15e3e56ded
reach-wall,bfloat16,single_block1,visual_mse,6,27,0.20909702720833412,0.20844411338782973,0.20895986872506728,0.312253994818329,0.24665837870744883,ba39a4f74ce097893077832c8e6d3c3acbcdd00f80b62e1ce3210c15e3e56ded
reach-wall,bfloat16,single_block2,visual_mse,6,27,0.20909702720833412,0.20857657071800878,0.20896119636334015,0.2489066904843084,0.18394601322961368,ba39a4f74ce097893077832c8e6d3c3acbcdd00f80b62e1ce3210c15e3e56ded
reach-wall,bfloat16,single_block3,visual_mse,6,27,0.20909702720833412,0.20870090384082296,0.2089477886112384,0.18944476294083346,0.11807187013206298,ba39a4f74ce097893077832c8e6d3c3acbcdd00f80b62e1ce3210c15e3e56ded
reach-wall,bfloat16,single_block4,visual_mse,6,27,0.20909702720833412,0.20883643376284547,0.20902483347159476,0.12462800115709284,0.09010157210966703,ba39a4f74ce097893077832c8e6d3c3acbcdd00f80b62e1ce3210c15e3e56ded
reach-wall,bfloat16,single_block5,visual_mse,6,27,0.20909702720833412,0.20896372570207827,0.2090257356311252,0.06375102890536555,0.02965605483484029,ba39a4f74ce097893077832c8e6d3c3acbcdd00f80b62e1ce3210c15e3e56ded
reach-wall,bfloat16,intermediate_blocks2_3,visual_mse,6,27,0.20909702720833412,0.2085138142246891,0.2089452696642206,0.2789197873501765,0.20634221599986607,ba39a4f74ce097893077832c8e6d3c3acbcdd00f80b62e1ce3210c15e3e56ded
reach-wall,bfloat16,all_six_blocks,visual_mse,6,27,0.20909702720833412,0.20854537511175425,0.2089902058174765,0.2638258917140077,0.2127388952684775,ba39a4f74ce097893077832c8e6d3c3acbcdd00f80b62e1ce3210c15e3e56ded
reach-wall,float32,single_block0,proprio_mse,1,27,0.00023939391225055406,0.00023939391225055406,0.00023939391225055406,0.0,0.0,985a62fd1265121309cdc4dee0bfb6c2b9e985e8229b19365eae5e1b77a111a6
reach-wall,float32,single_block1,proprio_mse,1,27,0.00023939391225055406,0.00023939391225055406,0.00023939391225055406,0.0,0.0,985a62fd1265121309cdc4dee0bfb6c2b9e985e8229b19365eae5e1b77a111a6
reach-wall,float32,single_block2,proprio_mse,1,27,0.00023939391225055406,0.00023939391225055406,0.00023939391225055406,0.0,0.0,985a62fd1265121309cdc4dee0bfb6c2b9e985e8229b19365eae5e1b77a111a6
reach-wall,float32,single_block3,proprio_mse,1,27,0.00023939391225055406,0.00023939391225055406,0.00023939391225055406,0.0,0.0,985a62fd1265121309cdc4dee0bfb6c2b9e985e8229b19365eae5e1b77a111a6
reach-wall,float32,single_block4,proprio_mse,1,27,0.00023939391225055406,0.00023939391225055406,0.00023939391225055406,0.0,0.0,985a62fd1265121309cdc4dee0bfb6c2b9e985e8229b19365eae5e1b77a111a6
reach-wall,float32,single_block5,proprio_mse,1,27,0.00023939391225055406,0.00023939391225055406,0.00023939391225055406,0.0,0.0,985a62fd1265121309cdc4dee0bfb6c2b9e985e8229b19365eae5e1b77a111a6
reach-wall,float32,intermediate_blocks2_3,proprio_mse,1,27,0.00023939391225055406,0.00023939391225055406,0.00023939391225055406,0.0,0.0,985a62fd1265121309cdc4dee0bfb6c2b9e985e8229b19365eae5e1b77a111a6
reach-wall,float32,all_six_blocks,proprio_mse,1,27,0.00023939391225055406,0.00023939391225055406,0.00023939391225055406,0.0,0.0,985a62fd1265121309cdc4dee0bfb6c2b9e985e8229b19365eae5e1b77a111a6
reach-wall,float32,single_block0,proprio_mse,2,27,0.0003249146141154787,0.0003249146141154787,0.0003249146141154787,0.0,0.0,985a62fd1265121309cdc4dee0bfb6c2b9e985e8229b19365eae5e1b77a111a6
reach-wall,float32,single_block1,proprio_mse,2,27,0.0003249146141154787,0.0003249146141154787,0.0003249146141154787,0.0,0.0,985a62fd1265121309cdc4dee0bfb6c2b9e985e8229b19365eae5e1b77a111a6
reach-wall,float32,single_block2,proprio_mse,2,27,0.0003249146141154787,0.0003249146141154787,0.0003249146141154787,0.0,0.0,985a62fd1265121309cdc4dee0bfb6c2b9e985e8229b19365eae5e1b77a111a6
reach-wall,float32,single_block3,proprio_mse,2,27,0.0003249146141154787,0.0003249146141154787,0.0003249146141154787,0.0,0.0,985a62fd1265121309cdc4dee0bfb6c2b9e985e8229b19365eae5e1b77a111a6
reach-wall,float32,single_block4,proprio_mse,2,27,0.0003249146141154787,0.0003249146141154787,0.0003249146141154787,0.0,0.0,985a62fd1265121309cdc4dee0bfb6c2b9e985e8229b19365eae5e1b77a111a6
reach-wall,float32,single_block5,proprio_mse,2,27,0.0003249146141154787,0.0003249146141154787,0.0003249146141154787,0.0,0.0,985a62fd1265121309cdc4dee0bfb6c2b9e985e8229b19365eae5e1b77a111a6
reach-wall,float32,intermediate_blocks2_3,proprio_mse,2,27,0.0003249146141154787,0.0003249146141154787,0.0003249146141154787,0.0,0.0,985a62fd1265121309cdc4dee0bfb6c2b9e985e8229b19365eae5e1b77a111a6
reach-wall,float32,all_six_blocks,proprio_mse,2,27,0.0003249146141154787,0.0003249146141154787,0.0003249146141154787,0.0,0.0,985a62fd1265121309cdc4dee0bfb6c2b9e985e8229b19365eae5e1b77a111a6
reach-wall,float32,single_block0,proprio_mse,3,27,0.00042530259950715986,0.0004173619887498919,0.00042443220698731713,1.8670496645140489,1.6623971369133854,985a62fd1265121309cdc4dee0bfb6c2b9e985e8229b19365eae5e1b77a111a6
reach-wall,float32,single_block1,proprio_mse,3,27,0.00042530259950715986,0.00041805102235140324,0.00042536344000702094,1.705039462293374,1.7193446887207664,985a62fd1265121309cdc4dee0bfb6c2b9e985e8229b19365eae5e1b77a111a6
reach-wall,float32,single_block2,proprio_mse,3,27,0.00042530259950715986,0.00041936781143266235,0.0004244253722514079,1.3954271808765646,1.189167624323538,985a62fd1265121309cdc4dee0bfb6c2b9e985e8229b19365eae5e1b77a111a6
reach-wall,float32,single_block3,proprio_mse,3,27,0.00042530259950715986,0.0004195581114384558,0.00042381068635873867,1.3506825670383331,0.9998939402699993,985a62fd1265121309cdc4dee0bfb6c2b9e985e8229b19365eae5e1b77a111a6
reach-wall,float32,single_block4,proprio_mse,3,27,0.00042530259950715986,0.00042155614327732757,0.0004254349986953412,0.8808919188769778,0.9120225040967154,985a62fd1265121309cdc4dee0bfb6c2b9e985e8229b19365eae5e1b77a111a6
reach-wall,float32,single_block5,proprio_mse,3,27,0.00042530259950715986,0.00042362070879688776,0.0004254613129775447,0.39545742542393875,0.43277520118377044,985a62fd1265121309cdc4dee0bfb6c2b9e985e8229b19365eae5e1b77a111a6
reach-wall,float32,intermediate_blocks2_3,proprio_mse,3,27,0.00042530259950715986,0.0004179018258829823,0.00042576596411823554,1.7401195367142237,1.8490689321829146,985a62fd1265121309cdc4dee0bfb6c2b9e985e8229b19365eae5e1b77a111a6
reach-wall,float32,all_six_blocks,proprio_mse,3,27,0.00042530259950715986,0.0004190894102425829,0.0004250007365560942,1.4608867361207771,1.3899106942589448,985a62fd1265121309cdc4dee0bfb6c2b9e985e8229b19365eae5e1b77a111a6
reach-wall,float32,single_block0,proprio_mse,4,27,0.0005224395171634244,0.0005152935936424865,0.0005213413366629853,1.3677991970700283,1.1575967785390506,985a62fd1265121309cdc4dee0bfb6c2b9e985e8229b19365eae5e1b77a111a6
reach-wall,float32,single_block1,proprio_mse,4,27,0.0005224395171634244,0.0005159299748822691,0.0005219716006346668,1.245989644217319,1.1564258739845188,985a62fd1265121309cdc4dee0bfb6c2b9e985e8229b19365eae5e1b77a111a6
reach-wall,float32,single_block2,proprio_mse,4,27,0.0005224395171634244,0.0005172355425145972,0.0005212665612985061,0.9960913135135889,0.7715761636476649,985a62fd1265121309cdc4dee0bfb6c2b9e985e8229b19365eae5e1b77a111a6
reach-wall,float32,single_block3,proprio_mse,4,27,0.0005224395171634244,0.0005174942481590048,0.000520965924988559,0.9465725393955272,0.6645126785974423,985a62fd1265121309cdc4dee0bfb6c2b9e985e8229b19365eae5e1b77a111a6
reach-wall,float32,single_block4,proprio_mse,4,27,0.0005224395171634244,0.000519403312958915,0.0005223918251633425,0.5811589867846186,0.572030274557635,985a62fd1265121309cdc4dee0bfb6c2b9e985e8229b19365eae5e1b77a111a6
reach-wall,float32,single_block5,proprio_mse,4,27,0.0005224395171634244,0.0005211161470323992,0.0005224655633220983,0.25330590193680996,0.2582913897910576,985a62fd1265121309cdc4dee0bfb6c2b9e985e8229b19365eae5e1b77a111a6
reach-wall,float32,intermediate_blocks2_3,proprio_mse,4,27,0.0005224395171634244,0.0005155779363099381,0.0005220080239976394,1.3133732476327697,1.2307812629896955,985a62fd1265121309cdc4dee0bfb6c2b9e985e8229b19365eae5e1b77a111a6
reach-wall,float32,all_six_blocks,proprio_mse,4,27,0.0005224395171634244,0.0005167366724722173,0.0005219309134460033,1.091579887021288,0.994228193530999,985a62fd1265121309cdc4dee0bfb6c2b9e985e8229b19365eae5e1b77a111a6
reach-wall,float32,single_block0,proprio_mse,5,27,0.0006237532027480035,0.0006140570003705684,0.0006222040667215665,1.5544934013513036,1.3061361953903405,985a62fd1265121309cdc4dee0bfb6c2b9e985e8229b19365eae5e1b77a111a6
reach-wall,float32,single_block1,proprio_mse,5,27,0.0006237532027480035,0.000615024717720829,0.0006227436447901441,1.3993491317912838,1.2374969836320855,985a62fd1265121309cdc4dee0bfb6c2b9e985e8229b19365eae5e1b77a111a6
reach-wall,float32,single_block2,proprio_mse,5,27,0.0006237532027480035,0.0006167909337482006,0.0006221371426857522,1.1161896995686715,0.8571032443598567,985a62fd1265121309cdc4dee0bfb6c2b9e985e8229b19365eae5e1b77a111a6
reach-wall,float32,single_block3,proprio_mse,5,27,0.0006237532027480035,0.0006171524151144649,0.0006217102710577842,1.0582370726848755,0.7307146357308119,985a62fd1265121309cdc4dee0bfb6c2b9e985e8229b19365eae5e1b77a111a6
reach-wall,float32,single_block4,proprio_mse,5,27,0.0006237532027480035,0.000619632623721249,0.0006236332675873627,0.6606104800105124,0.6413824968735264,985a62fd1265121309cdc4dee0bfb6c2b9e985e8229b19365eae5e1b77a111a6
reach-wall,float32,single_block5,proprio_mse,5,27,0.0006237532027480035,0.0006220197804182528,0.0006237272428700602,0.2779019525854001,0.2737400696757993,985a62fd1265121309cdc4dee0bfb6c2b9e985e8229b19365eae5e1b77a111a6
reach-wall,float32,intermediate_blocks2_3,proprio_mse,5,27,0.0006237532027480035,0.0006144215527141861,0.0006224422562629543,1.4960484359368258,1.2858777339229974,985a62fd1265121309cdc4dee0bfb6c2b9e985e8229b19365eae5e1b77a111a6
reach-wall,float32,all_six_blocks,proprio_mse,5,27,0.0006237532027480035,0.0006160068435736006,0.0006226569252855066,1.2418948937296943,1.0661398903618329,985a62fd1265121309cdc4dee0bfb6c2b9e985e8229b19365eae5e1b77a111a6
reach-wall,float32,single_block0,proprio_mse,6,27,0.0007344741649595325,0.0007246791496364482,0.0007327584966310778,1.3336092391519314,1.1000178604069368,985a62fd1265121309cdc4dee0bfb6c2b9e985e8229b19365eae5e1b77a111a6
reach-wall,float32,single_block1,proprio_mse,6,27,0.0007344741649595325,0.000725804499723628,0.0007332847829892683,1.1803907679151961,1.0184542387617541,985a62fd1265121309cdc4dee0bfb6c2b9e985e8229b19365eae5e1b77a111a6
reach-wall,float32,single_block2,proprio_mse,6,27,0.0007344741649595325,0.0007276542626394434,0.0007327496373240318,0.9285421660086407,0.6937445764166669,985a62fd1265121309cdc4dee0bfb6c2b9e985e8229b19365eae5e1b77a111a6
reach-wall,float32,single_block3,proprio_mse,6,27,0.0007344741649595325,0.0007280286575526893,0.0007323217886158001,0.8775676142670504,0.5845176410455996,985a62fd1265121309cdc4dee0bfb6c2b9e985e8229b19365eae5e1b77a111a6
reach-wall,float32,single_block4,proprio_mse,6,27,0.0007344741649595325,0.0007304004906899661,0.0007343089530574312,0.5546381974907039,0.532144295052293,985a62fd1265121309cdc4dee0bfb6c2b9e985e8229b19365eae5e1b77a111a6
reach-wall,float32,single_block5,proprio_mse,6,27,0.0007344741649595325,0.0007327985747502277,0.0007344111381466918,0.2281346695696466,0.21955345380364705,985a62fd1265121309cdc4dee0bfb6c2b9e985e8229b19365eae5e1b77a111a6
reach-wall,float32,intermediate_blocks2_3,proprio_mse,6,27,0.0007344741649595325,0.0007252050626100103,0.0007331013145035903,1.2620052265599984,1.0750891277455654,985a62fd1265121309cdc4dee0bfb6c2b9e985e8229b19365eae5e1b77a111a6
reach-wall,float32,all_six_blocks,proprio_mse,6,27,0.0007344741649595325,0.0007268307149893696,0.0007333108558870864,1.0406696838116882,0.882283027351115,985a62fd1265121309cdc4dee0bfb6c2b9e985e8229b19365eae5e1b77a111a6
reach-wall,float32,single_block0,visual_mse,1,27,0.12490850815342532,0.12490850815342532,0.12490850815342532,0.0,0.0,985a62fd1265121309cdc4dee0bfb6c2b9e985e8229b19365eae5e1b77a111a6
reach-wall,float32,single_block1,visual_mse,1,27,0.12490850815342532,0.12490850815342532,0.12490850815342532,0.0,0.0,985a62fd1265121309cdc4dee0bfb6c2b9e985e8229b19365eae5e1b77a111a6
reach-wall,float32,single_block2,visual_mse,1,27,0.12490850815342532,0.12490850815342532,0.12490850815342532,0.0,0.0,985a62fd1265121309cdc4dee0bfb6c2b9e985e8229b19365eae5e1b77a111a6
reach-wall,float32,single_block3,visual_mse,1,27,0.12490850815342532,0.12490850815342532,0.12490850815342532,0.0,0.0,985a62fd1265121309cdc4dee0bfb6c2b9e985e8229b19365eae5e1b77a111a6
reach-wall,float32,single_block4,visual_mse,1,27,0.12490850815342532,0.12490850815342532,0.12490850815342532,0.0,0.0,985a62fd1265121309cdc4dee0bfb6c2b9e985e8229b19365eae5e1b77a111a6
reach-wall,float32,single_block5,visual_mse,1,27,0.12490850815342532,0.12490850815342532,0.12490850815342532,0.0,0.0,985a62fd1265121309cdc4dee0bfb6c2b9e985e8229b19365eae5e1b77a111a6
reach-wall,float32,intermediate_blocks2_3,visual_mse,1,27,0.12490850815342532,0.12490850815342532,0.12490850815342532,0.0,0.0,985a62fd1265121309cdc4dee0bfb6c2b9e985e8229b19365eae5e1b77a111a6
reach-wall,float32,all_six_blocks,visual_mse,1,27,0.12490850815342532,0.12490850815342532,0.12490850815342532,0.0,0.0,985a62fd1265121309cdc4dee0bfb6c2b9e985e8229b19365eae5e1b77a111a6
reach-wall,float32,single_block0,visual_mse,2,27,0.14207141652335356,0.14207141652335356,0.14207141652335356,0.0,0.0,985a62fd1265121309cdc4dee0bfb6c2b9e985e8229b19365eae5e1b77a111a6
reach-wall,float32,single_block1,visual_mse,2,27,0.14207141652335356,0.14207141652335356,0.14207141652335356,0.0,0.0,985a62fd1265121309cdc4dee0bfb6c2b9e985e8229b19365eae5e1b77a111a6
reach-wall,float32,single_block2,visual_mse,2,27,0.14207141652335356,0.14207141652335356,0.14207141652335356,0.0,0.0,985a62fd1265121309cdc4dee0bfb6c2b9e985e8229b19365eae5e1b77a111a6
reach-wall,float32,single_block3,visual_mse,2,27,0.14207141652335356,0.14207141652335356,0.14207141652335356,0.0,0.0,985a62fd1265121309cdc4dee0bfb6c2b9e985e8229b19365eae5e1b77a111a6
reach-wall,float32,single_block4,visual_mse,2,27,0.14207141652335356,0.14207141652335356,0.14207141652335356,0.0,0.0,985a62fd1265121309cdc4dee0bfb6c2b9e985e8229b19365eae5e1b77a111a6
reach-wall,float32,single_block5,visual_mse,2,27,0.14207141652335356,0.14207141652335356,0.14207141652335356,0.0,0.0,985a62fd1265121309cdc4dee0bfb6c2b9e985e8229b19365eae5e1b77a111a6
reach-wall,float32,intermediate_blocks2_3,visual_mse,2,27,0.14207141652335356,0.14207141652335356,0.14207141652335356,0.0,0.0,985a62fd1265121309cdc4dee0bfb6c2b9e985e8229b19365eae5e1b77a111a6
reach-wall,float32,all_six_blocks,visual_mse,2,27,0.14207141652335356,0.14207141652335356,0.14207141652335356,0.0,0.0,985a62fd1265121309cdc4dee0bfb6c2b9e985e8229b19365eae5e1b77a111a6
reach-wall,float32,single_block0,visual_mse,3,27,0.15853108795888632,0.15833733673724865,0.1585300154271133,0.12221654700806707,0.12154000350684317,985a62fd1265121309cdc4dee0bfb6c2b9e985e8229b19365eae5e1b77a111a6
reach-wall,float32,single_block1,visual_mse,3,27,0.15853108795888632,0.1583715078777369,0.15853245873464109,0.10066169557279438,0.10152636872454995,985a62fd1265121309cdc4dee0bfb6c2b9e985e8229b19365eae5e1b77a111a6
reach-wall,float32,single_block2,visual_mse,3,27,0.15853108795888632,0.15844548227104505,0.15852391154815754,0.05399930634644584,0.04947249029971368,985a62fd1265121309cdc4dee0bfb6c2b9e985e8229b19365eae5e1b77a111a6
reach-wall,float32,single_block3,visual_mse,3,27,0.15853108795888632,0.15847839623873614,0.15853659915105428,0.03323746832788294,0.03671387932014907,985a62fd1265121309cdc4dee0bfb6c2b9e985e8229b19365eae5e1b77a111a6
reach-wall,float32,single_block4,visual_mse,3,27,0.15853108795888632,0.1585122245375389,0.1585309974803233,0.01189887837791243,0.011841805305245352,985a62fd1265121309cdc4dee0bfb6c2b9e985e8229b19365eae5e1b77a111a6
reach-wall,float32,single_block5,visual_mse,3,27,0.15853108795888632,0.15852323610013652,0.158533445948068,0.00495288264963713,0.006440281248895413,985a62fd1265121309cdc4dee0bfb6c2b9e985e8229b19365eae5e1b77a111a6
reach-wall,float32,intermediate_blocks2_3,visual_mse,3,27,0.15853108795888632,0.1584385942828692,0.1585246846861677,0.05834418801258568,0.05430506054487142,985a62fd1265121309cdc4dee0bfb6c2b9e985e8229b19365eae5e1b77a111a6
reach-wall,float32,all_six_blocks,visual_mse,3,27,0.15853108795888632,0.15844426260410266,0.15851495695518858,0.05476866140360868,0.044593367771660244,985a62fd1265121309cdc4dee0bfb6c2b9e985e8229b19365eae5e1b77a111a6
reach-wall,float32,single_block0,visual_mse,4,27,0.17420188192232156,0.17391493753012685,0.17416287993115412,0.16471945597158136,0.14233049510787033,985a62fd1265121309cdc4dee0bfb6c2b9e985e8229b19365eae5e1b77a111a6
reach-wall,float32,single_block1,visual_mse,4,27,0.17420188192232156,0.17394838016020295,0.17416943564183182,0.14552182750335993,0.12689615013886268,985a62fd1265121309cdc4dee0bfb6c2b9e985e8229b19365eae5e1b77a111a6
reach-wall,float32,single_block2,visual_mse,4,27,0.17420188192232156,0.17402138644714413,0.1741723152935321,0.10361281588100911,0.08664019281679336,985a62fd1265121309cdc4dee0bfb6c2b9e985e8229b19365eae5e1b77a111a6
reach-wall,float32,single_block3,visual_mse,4,27,0.17420188192232156,0.17406393911367582,0.17416681945093992,0.07918560185661247,0.05905810897610199,985a62fd1265121309cdc4dee0bfb6c2b9e985e8229b19365eae5e1b77a111a6
reach-wall,float32,single_block4,visual_mse,4,27,0.17420188192232156,0.17413287992232743,0.1741968924087691,0.03961036426971379,0.03674615092287622,985a62fd1265121309cdc4dee0bfb6c2b9e985e8229b19365eae5e1b77a111a6
reach-wall,float32,single_block5,visual_mse,4,27,0.17420188192232156,0.17416939559036201,0.1741990151711636,0.01864866877501784,0.017003019987344156,985a62fd1265121309cdc4dee0bfb6c2b9e985e8229b19365eae5e1b77a111a6
reach-wall,float32,intermediate_blocks2_3,visual_mse,4,27,0.17420188192232156,0.17399270559580607,0.17417323724309236,0.12007696140088808,0.103633580357526,985a62fd1265121309cdc4dee0bfb6c2b9e985e8229b19365eae5e1b77a111a6
reach-wall,float32,all_six_blocks,visual_mse,4,27,0.17420188192232156,0.17401920107917654,0.17416693007366527,0.10486731895725211,0.08480332867735674,985a62fd1265121309cdc4dee0bfb6c2b9e985e8229b19365eae5e1b77a111a6
reach-wall,float32,single_block0,visual_mse,5,27,0.19049417050210415,0.18998303100650696,0.19039795546344032,0.26832290681123494,0.21781477923429687,985a62fd1265121309cdc4dee0bfb6c2b9e985e8229b19365eae5e1b77a111a6
reach-wall,float32,single_block1,visual_mse,5,27,0.19049417050210415,0.19000755902609703,0.19040594532809876,0.2554469119577313,0.2091330674065584,985a62fd1265121309cdc4dee0bfb6c2b9e985e8229b19365eae5e1b77a111a6
reach-wall,float32,single_block2,visual_mse,5,27,0.19049417050210415,0.19012016352312064,0.1904146503059216,0.19633513088495494,0.15459096833502345,985a62fd1265121309cdc4dee0bfb6c2b9e985e8229b19365eae5e1b77a111a6
reach-wall,float32,single_block3,visual_mse,5,27,0.19049417050210415,0.19017457492235632,0.19038383176113355,0.16777184252171576,0.10984947110227801,985a62fd1265121309cdc4dee0bfb6c2b9e985e8229b19365eae5e1b77a111a6
reach-wall,float32,single_block4,visual_mse,5,27,0.19049417050210415,0.19031332105996063,0.19048597252019397,0.09493699553474226,0.09063346126460088,985a62fd1265121309cdc4dee0bfb6c2b9e985e8229b19365eae5e1b77a111a6
reach-wall,float32,single_block5,visual_mse,5,27,0.19049417050210415,0.19041168602114472,0.1904866080754149,0.04330026516928066,0.0393303658966032,985a62fd1265121309cdc4dee0bfb6c2b9e985e8229b19365eae5e1b77a111a6
reach-wall,float32,intermediate_blocks2_3,visual_mse,5,27,0.19049417050210415,0.19002797274079952,0.19037723239557242,0.24473072329501153,0.1833440119728154,985a62fd1265121309cdc4dee0bfb6c2b9e985e8229b19365eae5e1b77a111a6
reach-wall,float32,all_six_blocks,visual_mse,5,27,0.19049417050210415,0.1900895102087546,0.1904082845574544,0.21242660197053023,0.16734073691577445,985a62fd1265121309cdc4dee0bfb6c2b9e985e8229b19365eae5e1b77a111a6
reach-wall,float32,single_block0,visual_mse,6,27,0.20658586503087004,0.2059598157343305,0.2064562659365711,0.3030455624086296,0.24031179585612522,985a62fd1265121309cdc4dee0bfb6c2b9e985e8229b19365eae5e1b77a111a6
reach-wall,float32,single_block1,visual_mse,6,27,0.20658586503087004,0.2059955222785105,0.20647497469168385,0.28576144465223446,0.2320838422811278,985a62fd1265121309cdc4dee0bfb6c2b9e985e8229b19365eae5e1b77a111a6
reach-wall,float32,single_block2,visual_mse,6,27,0.20658586503087004,0.2061262355542477,0.2064901743176175,0.22248834718370478,0.17616827913923777,985a62fd1265121309cdc4dee0bfb6c2b9e985e8229b19365eae5e1b77a111a6
reach-wall,float32,single_block3,visual_mse,6,27,0.20658586503087004,0.20618013231152738,0.20645107439730637,0.1963990708086598,0.1311522865993298,985a62fd1265121309cdc4dee0bfb6c2b9e985e8229b19365eae5e1b77a111a6
reach-wall,float32,single_block4,visual_mse,6,27,0.20658586503087004,0.2063526619064771,0.20657206571856399,0.11288435651591185,0.1062046583168173,985a62fd1265121309cdc4dee0bfb6c2b9e985e8229b19365eae5e1b77a111a6
reach-wall,float32,single_block5,visual_mse,6,27,0.20658586503087004,0.20648138733511723,0.206575884906874,0.05057349675748441,0.04574251570535042,985a62fd1265121309cdc4dee0bfb6c2b9e985e8229b19365eae5e1b77a111a6
reach-wall,float32,intermediate_blocks2_3,visual_mse,6,27,0.20658586503087004,0.20599607800673922,0.20643524763944707,0.28549243872163527,0.2125845505655591,985a62fd1265121309cdc4dee0bfb6c2b9e985e8229b19365eae5e1b77a111a6
reach-wall,float32,all_six_blocks,visual_mse,6,27,0.20658586503087004,0.2060816497553462,0.20648007224095455,0.24407055896514682,0.19286047743334453,985a62fd1265121309cdc4dee0bfb6c2b9e985e8229b19365eae5e1b77a111a6
pusht,bfloat16,single_block0,proprio_mse,1,21,0.00016826928547397443,0.00016826928547397443,0.00016826928547397443,0.0,0.0,87c80bba69e39d37d6e72685e26af0899d73700a17561a34424467864a2eb963
pusht,bfloat16,single_block1,proprio_mse,1,21,0.00016826928547397443,0.00016826928547397443,0.00016826928547397443,0.0,0.0,87c80bba69e39d37d6e72685e26af0899d73700a17561a34424467864a2eb963
pusht,bfloat16,single_block2,proprio_mse,1,21,0.00016826928547397443,0.00016826928547397443,0.00016826928547397443,0.0,0.0,87c80bba69e39d37d6e72685e26af0899d73700a17561a34424467864a2eb963
pusht,bfloat16,single_block3,proprio_mse,1,21,0.00016826928547397443,0.00016826928547397443,0.00016826928547397443,0.0,0.0,87c80bba69e39d37d6e72685e26af0899d73700a17561a34424467864a2eb963
pusht,bfloat16,single_block4,proprio_mse,1,21,0.00016826928547397443,0.00016826928547397443,0.00016826928547397443,0.0,0.0,87c80bba69e39d37d6e72685e26af0899d73700a17561a34424467864a2eb963
pusht,bfloat16,single_block5,proprio_mse,1,21,0.00016826928547397443,0.00016826928547397443,0.00016826928547397443,0.0,0.0,87c80bba69e39d37d6e72685e26af0899d73700a17561a34424467864a2eb963
pusht,bfloat16,intermediate_blocks2_3,proprio_mse,1,21,0.00016826928547397443,0.00016826928547397443,0.00016826928547397443,0.0,0.0,87c80bba69e39d37d6e72685e26af0899d73700a17561a34424467864a2eb963
pusht,bfloat16,all_six_blocks,proprio_mse,1,21,0.00016826928547397443,0.00016826928547397443,0.00016826928547397443,0.0,0.0,87c80bba69e39d37d6e72685e26af0899d73700a17561a34424467864a2eb963
pusht,bfloat16,single_block0,proprio_mse,2,21,0.00016300569097626823,0.00016300569097626823,0.00016300569097626823,0.0,0.0,87c80bba69e39d37d6e72685e26af0899d73700a17561a34424467864a2eb963
pusht,bfloat16,single_block1,proprio_mse,2,21,0.00016300569097626823,0.00016300569097626823,0.00016300569097626823,0.0,0.0,87c80bba69e39d37d6e72685e26af0899d73700a17561a34424467864a2eb963
pusht,bfloat16,single_block2,proprio_mse,2,21,0.00016300569097626823,0.00016300569097626823,0.00016300569097626823,0.0,0.0,87c80bba69e39d37d6e72685e26af0899d73700a17561a34424467864a2eb963
pusht,bfloat16,single_block3,proprio_mse,2,21,0.00016300569097626823,0.00016300569097626823,0.00016300569097626823,0.0,0.0,87c80bba69e39d37d6e72685e26af0899d73700a17561a34424467864a2eb963
pusht,bfloat16,single_block4,proprio_mse,2,21,0.00016300569097626823,0.00016300569097626823,0.00016300569097626823,0.0,0.0,87c80bba69e39d37d6e72685e26af0899d73700a17561a34424467864a2eb963
pusht,bfloat16,single_block5,proprio_mse,2,21,0.00016300569097626823,0.00016300569097626823,0.00016300569097626823,0.0,0.0,87c80bba69e39d37d6e72685e26af0899d73700a17561a34424467864a2eb963
pusht,bfloat16,intermediate_blocks2_3,proprio_mse,2,21,0.00016300569097626823,0.00016300569097626823,0.00016300569097626823,0.0,0.0,87c80bba69e39d37d6e72685e26af0899d73700a17561a34424467864a2eb963
pusht,bfloat16,all_six_blocks,proprio_mse,2,21,0.00016300569097626823,0.00016300569097626823,0.00016300569097626823,0.0,0.0,87c80bba69e39d37d6e72685e26af0899d73700a17561a34424467864a2eb963
pusht,bfloat16,single_block0,proprio_mse,3,21,0.00017871694756372628,0.00018273623329828585,0.00018042697349364713,-2.248967313593123,-1.2921325235902952,87c80bba69e39d37d6e72685e26af0899d73700a17561a34424467864a2eb963
pusht,bfloat16,single_block1,proprio_mse,3,21,0.00017871694756372628,0.00018104390197684782,0.00017930638144534288,-1.302033436024191,-0.9722192300119635,87c80bba69e39d37d6e72685e26af0899d73700a17561a34424467864a2eb963
pusht,bfloat16,single_block2,proprio_mse,3,21,0.00017871694756372628,0.0001824020810839886,0.00017877954044834895,-2.061994438970761,-2.026970964434109,87c80bba69e39d37d6e72685e26af0899d73700a17561a34424467864a2eb963
pusht,bfloat16,single_block3,proprio_mse,3,21,0.00017871694756372628,0.00018099669943260775,0.000178782727327866,-1.275621534476221,-1.2388148605505316,87c80bba69e39d37d6e72685e26af0899d73700a17561a34424467864a2eb963
pusht,bfloat16,single_block4,proprio_mse,3,21,0.00017871694756372628,0.0001795780918347422,0.00017882462519030134,-0.4818481306641968,-0.421597758193696,87c80bba69e39d37d6e72685e26af0899d73700a17561a34424467864a2eb963
pusht,bfloat16,single_block5,proprio_mse,3,21,0.00017871694756372628,0.00017880464874323187,0.00017880134553398649,-0.0490726708916699,-0.0018482909933349304,87c80bba69e39d37d6e72685e26af0899d73700a17561a34424467864a2eb963
pusht,bfloat16,intermediate_blocks2_3,proprio_mse,3,21,0.00017871694756372628,0.00018587770189818642,0.00017875958907825448,-4.006757295307306,-3.9828974906779826,87c80bba69e39d37d6e72685e26af0899d73700a17561a34424467864a2eb963
pusht,bfloat16,all_six_blocks,proprio_mse,3,21,0.00017871694756372628,0.000183208507136612,0.00017895500621110589,-2.5132253175285078,-2.380021024021471,87c80bba69e39d37d6e72685e26af0899d73700a17561a34424467864a2eb963
pusht,bfloat16,single_block0,proprio_mse,4,21,0.00019340917325125171,0.00019419292071820896,0.00019340364868543282,-0.40522765998234594,-0.408084073525729,87c80bba69e39d37d6e72685e26af0899d73700a17561a34424467864a2eb963
pusht,bfloat16,single_block1,proprio_mse,4,21,0.00019340917325125171,0.00019392630261130768,0.0001934384677323679,-0.2673758185110352,-0.2522294422436924,87c80bba69e39d37d6e72685e26af0899d73700a17561a34424467864a2eb963
pusht,bfloat16,single_block2,proprio_mse,4,21,0.00019340917325125171,0.00019439591082430791,0.00019337987671117293,-0.5101813716841447,-0.5253288125145368,87c80bba69e39d37d6e72685e26af0899d73700a17561a34424467864a2eb963
pusht,bfloat16,single_block3,proprio_mse,4,21,0.00019340917325125171,0.0001938703876275825,0.0001933502779132689,-0.23846561596725976,-0.2689167765780855,87c80bba69e39d37d6e72685e26af0899d73700a17561a34424467864a2eb963
pusht,bfloat16,single_block4,proprio_mse,4,21,0.00019340917325125171,0.00019345939811763802,0.0001933481810107784,-0.025968192481265348,-0.05750353253159885,87c80bba69e39d37d6e72685e26af0899d73700a17561a34424467864a2eb963
pusht,bfloat16,single_block5,proprio_mse,4,21,0.00019340917325125171,0.00019331319112076586,0.00019339143023036073,0.04962646231943181,0.04045263638722716,87c80bba69e39d37d6e72685e26af0899d73700a17561a34424467864a2eb963
pusht,bfloat16,intermediate_blocks2_3,proprio_mse,4,21,0.00019340917325125171,0.00019525218970501763,0.00019335804701871935,-0.9529105692270894,-0.9793448027605468,87c80bba69e39d37d6e72685e26af0899d73700a17561a34424467864a2eb963
pusht,bfloat16,all_six_blocks,proprio_mse,4,21,0.00019340917325125171,0.00019407385087393333,0.00019328221148554882,-0.3436639594225228,-0.40930808765524046,87c80bba69e39d37d6e72685e26af0899d73700a17561a34424467864a2eb963
pusht,bfloat16,single_block0,proprio_mse,5,21,0.00020663478997262375,0.0002069117279538586,0.00020669182643638482,-0.13402292095708443,-0.10642037456659824,87c80bba69e39d37d6e72685e26af0899d73700a17561a34424467864a2eb963
pusht,bfloat16,single_block1,proprio_mse,5,21,0.00020663478997262375,0.00020680664787053809,0.00020663928556439765,-0.08316987567152029,-0.08099425375688761,87c80bba69e39d37d6e72685e26af0899d73700a17561a34424467864a2eb963
pusht,bfloat16,single_block2,proprio_mse,5,21,0.00020663478997262375,0.00020735691312389026,0.00020663202865774731,-0.3494683307502011,-0.3508046569694208,87c80bba69e39d37d6e72685e26af0899d73700a17561a34424467864a2eb963
pusht,bfloat16,single_block3,proprio_mse,5,21,0.00020663478997262375,0.0002069686587368953,0.00020656195375237638,-0.16157432362468388,-0.19682309284549884,87c80bba69e39d37d6e72685e26af0899d73700a17561a34424467864a2eb963
pusht,bfloat16,single_block4,proprio_mse,5,21,0.00020663478997262375,0.00020653568133772844,0.0002066930077784738,0.047963189019835595,0.07613744073116398,87c80bba69e39d37d6e72685e26af0899d73700a17561a34424467864a2eb963
pusht,bfloat16,single_block5,proprio_mse,5,21,0.00020663478997262375,0.00020664984052578064,0.00020663774402620346,-0.007283649166187748,-0.005854047897154182,87c80bba69e39d37d6e72685e26af0899d73700a17561a34424467864a2eb963
pusht,bfloat16,intermediate_blocks2_3,proprio_mse,5,21,0.00020663478997262375,0.00020765210359943286,0.00020665638368194298,-0.4923244662449602,-0.48187428536201415,87c80bba69e39d37d6e72685e26af0899d73700a17561a34424467864a2eb963
pusht,bfloat16,all_six_blocks,proprio_mse,5,21,0.00020663478997262375,0.00020699374487913959,0.00020654272614083587,-0.17371465209870735,-0.2182685395636756,87c80bba69e39d37d6e72685e26af0899d73700a17561a34424467864a2eb963
pusht,bfloat16,single_block0,proprio_mse,6,21,0.00021926158162634135,0.00021931595597614103,0.0002193131997431734,-0.024798849573355694,-0.0012570523970464474,87c80bba69e39d37d6e72685e26af0899d73700a17561a34424467864a2eb963
pusht,bfloat16,single_block1,proprio_mse,6,21,0.00021926158162634135,0.00021933593425696804,0.000219364444645626,-0.03391046898192748,0.013002911155932929,87c80bba69e39d37d6e72685e26af0899d73700a17561a34424467864a2eb963
pusht,bfloat16,single_block2,proprio_mse,6,21,0.00021926158162634135,0.0002195563148001727,0.00021933213309776467,-0.13442080078288476,-0.10224395023751871,87c80bba69e39d37d6e72685e26af0899d73700a17561a34424467864a2eb963
pusht,bfloat16,single_block3,proprio_mse,6,21,0.00021926158162634135,0.00021934642977903892,0.00021929756292686286,-0.03869722733376975,-0.022287010708211184,87c80bba69e39d37d6e72685e26af0899d73700a17561a34424467864a2eb963
pusht,bfloat16,single_block4,proprio_mse,6,21,0.00021926158162634135,0.00021914769515408436,0.00021936752940483346,0.051940915235703086,0.10026118078621873,87c80bba69e39d37d6e72685e26af0899d73700a17561a34424467864a2eb963
pusht,bfloat16,single_block5,proprio_mse,6,21,0.00021926158162634135,0.00021931522715024836,0.00021934780948774233,-0.02446644939304561,0.014860030312786864,87c80bba69e39d37d6e72685e26af0899d73700a17561a34424467864a2eb963
pusht,bfloat16,intermediate_blocks2_3,proprio_mse,6,21,0.00021926158162634135,0.00021993780083265184,0.0002192879359481373,-0.30840752004739047,-0.2963879397814513,87c80bba69e39d37d6e72685e26af0899d73700a17561a34424467864a2eb963
pusht,bfloat16,all_six_blocks,proprio_mse,6,21,0.00021926158162634135,0.00021935650185487483,0.00021926736417537357,-0.0432908619145296,-0.04065357863429115,87c80bba69e39d37d6e72685e26af0899d73700a17561a34424467864a2eb963
pusht,bfloat16,single_block0,visual_mse,1,21,0.06946783175518122,0.06946783175518122,0.06946783175518122,0.0,0.0,87c80bba69e39d37d6e72685e26af0899d73700a17561a34424467864a2eb963
pusht,bfloat16,single_block1,visual_mse,1,21,0.06946783175518122,0.06946783175518122,0.06946783175518122,0.0,0.0,87c80bba69e39d37d6e72685e26af0899d73700a17561a34424467864a2eb963
pusht,bfloat16,single_block2,visual_mse,1,21,0.06946783175518122,0.06946783175518122,0.06946783175518122,0.0,0.0,87c80bba69e39d37d6e72685e26af0899d73700a17561a34424467864a2eb963
pusht,bfloat16,single_block3,visual_mse,1,21,0.06946783175518122,0.06946783175518122,0.06946783175518122,0.0,0.0,87c80bba69e39d37d6e72685e26af0899d73700a17561a34424467864a2eb963
pusht,bfloat16,single_block4,visual_mse,1,21,0.06946783175518122,0.06946783175518122,0.06946783175518122,0.0,0.0,87c80bba69e39d37d6e72685e26af0899d73700a17561a34424467864a2eb963
pusht,bfloat16,single_block5,visual_mse,1,21,0.06946783175518122,0.06946783175518122,0.06946783175518122,0.0,0.0,87c80bba69e39d37d6e72685e26af0899d73700a17561a34424467864a2eb963
pusht,bfloat16,intermediate_blocks2_3,visual_mse,1,21,0.06946783175518122,0.06946783175518122,0.06946783175518122,0.0,0.0,87c80bba69e39d37d6e72685e26af0899d73700a17561a34424467864a2eb963
pusht,bfloat16,all_six_blocks,visual_mse,1,21,0.06946783175518122,0.06946783175518122,0.06946783175518122,0.0,0.0,87c80bba69e39d37d6e72685e26af0899d73700a17561a34424467864a2eb963
pusht,bfloat16,single_block0,visual_mse,2,21,0.07740164316989867,0.07740164316989867,0.07740164316989867,0.0,0.0,87c80bba69e39d37d6e72685e26af0899d73700a17561a34424467864a2eb963
pusht,bfloat16,single_block1,visual_mse,2,21,0.07740164316989867,0.07740164316989867,0.07740164316989867,0.0,0.0,87c80bba69e39d37d6e72685e26af0899d73700a17561a34424467864a2eb963
pusht,bfloat16,single_block2,visual_mse,2,21,0.07740164316989867,0.07740164316989867,0.07740164316989867,0.0,0.0,87c80bba69e39d37d6e72685e26af0899d73700a17561a34424467864a2eb963
pusht,bfloat16,single_block3,visual_mse,2,21,0.07740164316989867,0.07740164316989867,0.07740164316989867,0.0,0.0,87c80bba69e39d37d6e72685e26af0899d73700a17561a34424467864a2eb963
pusht,bfloat16,single_block4,visual_mse,2,21,0.07740164316989867,0.07740164316989867,0.07740164316989867,0.0,0.0,87c80bba69e39d37d6e72685e26af0899d73700a17561a34424467864a2eb963
pusht,bfloat16,single_block5,visual_mse,2,21,0.07740164316989867,0.07740164316989867,0.07740164316989867,0.0,0.0,87c80bba69e39d37d6e72685e26af0899d73700a17561a34424467864a2eb963
pusht,bfloat16,intermediate_blocks2_3,visual_mse,2,21,0.07740164316989867,0.07740164316989867,0.07740164316989867,0.0,0.0,87c80bba69e39d37d6e72685e26af0899d73700a17561a34424467864a2eb963
pusht,bfloat16,all_six_blocks,visual_mse,2,21,0.07740164316989867,0.07740164316989867,0.07740164316989867,0.0,0.0,87c80bba69e39d37d6e72685e26af0899d73700a17561a34424467864a2eb963
pusht,bfloat16,single_block0,visual_mse,3,21,0.08362012926078144,0.08359049174040163,0.08361843344344008,0.035443045402834564,0.03341504406350559,87c80bba69e39d37d6e72685e26af0899d73700a17561a34424467864a2eb963
pusht,bfloat16,single_block1,visual_mse,3,21,0.08362012926078144,0.08360427062041516,0.08362518027733089,0.018965099081375388,0.025005530487186733,87c80bba69e39d37d6e72685e26af0899d73700a17561a34424467864a2eb963
pusht,bfloat16,single_block2,visual_mse,3,21,0.08362012926078144,0.08361997257590133,0.08362175105745882,0.00018737698864763522,0.0021268581778314494,87c80bba69e39d37d6e72685e26af0899d73700a17561a34424467864a2eb963
pusht,bfloat16,single_block3,visual_mse,3,21,0.08362012926078144,0.08362258419613697,0.08361963446563109,-0.0029358186566203794,-0.003527536410139883,87c80bba69e39d37d6e72685e26af0899d73700a17561a34424467864a2eb963
pusht,bfloat16,single_block4,visual_mse,3,21,0.08362012926078144,0.0836184270256698,0.08362137970939038,0.002035676250076132,0.0035310681132437525,87c80bba69e39d37d6e72685e26af0899d73700a17561a34424467864a2eb963
pusht,bfloat16,single_block5,visual_mse,3,21,0.08362012926078144,0.08362171392164755,0.08362118595466435,-0.0018950710554019362,-0.0006313874277274427,87c80bba69e39d37d6e72685e26af0899d73700a17561a34424467864a2eb963
pusht,bfloat16,intermediate_blocks2_3,visual_mse,3,21,0.08362012926078144,0.08362323525805064,0.08362015068552217,-0.0037144133794801025,-0.0036887918683428645,87c80bba69e39d37d6e72685e26af0899d73700a17561a34424467864a2eb963
pusht,bfloat16,all_six_blocks,visual_mse,3,21,0.08362012926078144,0.08361127557897417,0.08362067984536997,0.010587979097299706,0.011246414564213684,87c80bba69e39d37d6e72685e26af0899d73700a17561a34424467864a2eb963
pusht,bfloat16,single_block0,visual_mse,4,21,0.09221706647984097,0.09218052530734902,0.092218502884816,0.03962517339449349,0.04118280803834456,87c80bba69e39d37d6e72685e26af0899d73700a17561a34424467864a2eb963
pusht,bfloat16,single_block1,visual_mse,4,21,0.09221706647984097,0.09217256063814842,0.09219382177943876,0.048262044534108435,0.023055538526573015,87c80bba69e39d37d6e72685e26af0899d73700a17561a34424467864a2eb963
pusht,bfloat16,single_block2,visual_mse,4,21,0.09221706647984097,0.09221497508089369,0.09222789998134392,0.0022679087799271865,0.014015735854127475,87c80bba69e39d37d6e72685e26af0899d73700a17561a34424467864a2eb963
pusht,bfloat16,single_block3,visual_mse,4,21,0.09221706647984097,0.09221475298775669,0.09219968673787442,0.00250874612757892,-0.016337810838484238,87c80bba69e39d37d6e72685e26af0899d73700a17561a34424467864a2eb963
pusht,bfloat16,single_block4,visual_mse,4,21,0.09221706647984097,0.0922025774087325,0.09220897184333636,0.015711919345905587,0.006934111925212388,87c80bba69e39d37d6e72685e26af0899d73700a17561a34424467864a2eb963
pusht,bfloat16,single_block5,visual_mse,4,21,0.09221706647984097,0.09222908756390871,0.09224205193586608,-0.013035639200654564,0.014058538676467162,87c80bba69e39d37d6e72685e26af0899d73700a17561a34424467864a2eb963
pusht,bfloat16,intermediate_blocks2_3,visual_mse,4,21,0.09221706647984097,0.09222345687993497,0.0922013716501655,-0.006929736910891191,-0.023949178403219192,87c80bba69e39d37d6e72685e26af0899d73700a17561a34424467864a2eb963
pusht,bfloat16,all_six_blocks,visual_mse,4,21,0.09221706647984097,0.09217393401312043,0.09218589711019709,0.046772759497795816,0.012972758225041972,87c80bba69e39d37d6e72685e26af0899d73700a17561a34424467864a2eb963
pusht,bfloat16,single_block0,visual_mse,5,21,0.101547821141488,0.10148354045556747,0.101485015600318,0.0633009011891702,0.0014526601693171215,87c80bba69e39d37d6e72685e26af0899d73700a17561a34424467864a2eb963
pusht,bfloat16,single_block1,visual_mse,5,21,0.101547821141488,0.10152199065638841,0.10154931485160923,0.025436769405027395,0.02690771196631553,87c80bba69e39d37d6e72685e26af0899d73700a17561a34424467864a2eb963
pusht,bfloat16,single_block2,visual_mse,5,21,0.101547821141488,0.10147628879410905,0.10158941951262596,0.07044203073473845,0.11140634751707286,87c80bba69e39d37d6e72685e26af0899d73700a17561a34424467864a2eb963
pusht,bfloat16,single_block3,visual_mse,5,21,0.101547821141488,0.10158705056588985,0.10155328078353078,-0.03863147821477118,-0.03325505360870072,87c80bba69e39d37d6e72685e26af0899d73700a17561a34424467864a2eb963
pusht,bfloat16,single_block4,visual_mse,5,21,0.101547821141488,0.10157085806290678,0.10155873231738359,-0.022685786026547042,-0.011940921417005689,87c80bba69e39d37d6e72685e26af0899d73700a17561a34424467864a2eb963
pusht,bfloat16,single_block5,visual_mse,5,21,0.101547821141488,0.10156425457312093,0.10157508589577911,-0.01618294853420543,0.010666228518177,87c80bba69e39d37d6e72685e26af0899d73700a17561a34424467864a2eb963
pusht,bfloat16,intermediate_blocks2_3,visual_mse,5,21,0.101547821141488,0.10155212877159932,0.10156978616759037,-0.0042419719723157945,0.01738825687500224,87c80bba69e39d37d6e72685e26af0899d73700a17561a34424467864a2eb963
pusht,bfloat16,all_six_blocks,visual_mse,5,21,0.101547821141488,0.10159110823627335,0.1015549159780697,-0.04262730041744243,-0.03564060537863848,87c80bba69e39d37d6e72685e26af0899d73700a17561a34424467864a2eb963
pusht,bfloat16,single_block0,visual_mse,6,21,0.11169447091696534,0.1114732442823139,0.11157828787428653,0.1980640875374299,0.09404547164266262,87c80bba69e39d37d6e72685e26af0899d73700a17561a34424467864a2eb963
pusht,bfloat16,single_block1,visual_mse,6,21,0.11169447091696534,0.11163736089083595,0.11163755856796309,0.05113057581144328,0.00017698022607262964,87c80bba69e39d37d6e72685e26af0899d73700a17561a34424467864a2eb963
pusht,bfloat16,single_block2,visual_mse,6,21,0.11169447091696534,0.11171801206991101,0.11176040797185534,-0.021076381626063335,0.037957028307912304,87c80bba69e39d37d6e72685e26af0899d73700a17561a34424467864a2eb963
pusht,bfloat16,single_block3,visual_mse,6,21,0.11169447091696534,0.11171549660687059,0.11176513996192124,-0.018824288912996034,0.0444456691930158,87c80bba69e39d37d6e72685e26af0899d73700a17561a34424467864a2eb963
pusht,bfloat16,single_block4,visual_mse,6,21,0.11169447091696534,0.11166145922707951,0.11169686473591056,0.02955534827714942,0.03169853309692451,87c80bba69e39d37d6e72685e26af0899d73700a17561a34424467864a2eb963
pusht,bfloat16,single_block5,visual_mse,6,21,0.11169447091696534,0.11176699543008638,0.11168759912902833,-0.06493115776066614,-0.07108346582085776,87c80bba69e39d37d6e72685e26af0899d73700a17561a34424467864a2eb963
pusht,bfloat16,intermediate_blocks2_3,visual_mse,6,21,0.11169447091696534,0.11170592865231092,0.11175351547377385,-0.010258104319326835,0.04260445577319952,87c80bba69e39d37d6e72685e26af0899d73700a17561a34424467864a2eb963
pusht,bfloat16,all_six_blocks,visual_mse,6,21,0.11169447091696534,0.11157526755505828,0.11163439424041852,0.10672270608244788,0.05293608974090469,87c80bba69e39d37d6e72685e26af0899d73700a17561a34424467864a2eb963
pusht,float32,single_block0,proprio_mse,1,21,0.0001093436174808874,0.0001093436174808874,0.0001093436174808874,0.0,0.0,37b9eb3ee5911b7cb16b204e2a45420009d34dcb55eafddf43e2475da5d85711
pusht,float32,single_block1,proprio_mse,1,21,0.0001093436174808874,0.0001093436174808874,0.0001093436174808874,0.0,0.0,37b9eb3ee5911b7cb16b204e2a45420009d34dcb55eafddf43e2475da5d85711
pusht,float32,single_block2,proprio_mse,1,21,0.0001093436174808874,0.0001093436174808874,0.0001093436174808874,0.0,0.0,37b9eb3ee5911b7cb16b204e2a45420009d34dcb55eafddf43e2475da5d85711
pusht,float32,single_block3,proprio_mse,1,21,0.0001093436174808874,0.0001093436174808874,0.0001093436174808874,0.0,0.0,37b9eb3ee5911b7cb16b204e2a45420009d34dcb55eafddf43e2475da5d85711
pusht,float32,single_block4,proprio_mse,1,21,0.0001093436174808874,0.0001093436174808874,0.0001093436174808874,0.0,0.0,37b9eb3ee5911b7cb16b204e2a45420009d34dcb55eafddf43e2475da5d85711
pusht,float32,single_block5,proprio_mse,1,21,0.0001093436174808874,0.0001093436174808874,0.0001093436174808874,0.0,0.0,37b9eb3ee5911b7cb16b204e2a45420009d34dcb55eafddf43e2475da5d85711
pusht,float32,intermediate_blocks2_3,proprio_mse,1,21,0.0001093436174808874,0.0001093436174808874,0.0001093436174808874,0.0,0.0,37b9eb3ee5911b7cb16b204e2a45420009d34dcb55eafddf43e2475da5d85711
pusht,float32,all_six_blocks,proprio_mse,1,21,0.0001093436174808874,0.0001093436174808874,0.0001093436174808874,0.0,0.0,37b9eb3ee5911b7cb16b204e2a45420009d34dcb55eafddf43e2475da5d85711
pusht,float32,single_block0,proprio_mse,2,21,0.00012482582176307112,0.00012482582176307112,0.00012482582176307112,0.0,0.0,37b9eb3ee5911b7cb16b204e2a45420009d34dcb55eafddf43e2475da5d85711
pusht,float32,single_block1,proprio_mse,2,21,0.00012482582176307112,0.00012482582176307112,0.00012482582176307112,0.0,0.0,37b9eb3ee5911b7cb16b204e2a45420009d34dcb55eafddf43e2475da5d85711
pusht,float32,single_block2,proprio_mse,2,21,0.00012482582176307112,0.00012482582176307112,0.00012482582176307112,0.0,0.0,37b9eb3ee5911b7cb16b204e2a45420009d34dcb55eafddf43e2475da5d85711
pusht,float32,single_block3,proprio_mse,2,21,0.00012482582176307112,0.00012482582176307112,0.00012482582176307112,0.0,0.0,37b9eb3ee5911b7cb16b204e2a45420009d34dcb55eafddf43e2475da5d85711
pusht,float32,single_block4,proprio_mse,2,21,0.00012482582176307112,0.00012482582176307112,0.00012482582176307112,0.0,0.0,37b9eb3ee5911b7cb16b204e2a45420009d34dcb55eafddf43e2475da5d85711
pusht,float32,single_block5,proprio_mse,2,21,0.00012482582176307112,0.00012482582176307112,0.00012482582176307112,0.0,0.0,37b9eb3ee5911b7cb16b204e2a45420009d34dcb55eafddf43e2475da5d85711
pusht,float32,intermediate_blocks2_3,proprio_mse,2,21,0.00012482582176307112,0.00012482582176307112,0.00012482582176307112,0.0,0.0,37b9eb3ee5911b7cb16b204e2a45420009d34dcb55eafddf43e2475da5d85711
pusht,float32,all_six_blocks,proprio_mse,2,21,0.00012482582176307112,0.00012482582176307112,0.00012482582176307112,0.0,0.0,37b9eb3ee5911b7cb16b204e2a45420009d34dcb55eafddf43e2475da5d85711
pusht,float32,single_block0,proprio_mse,3,21,0.00014007975598431916,0.00014463091066606388,0.00014239511342600618,-3.248973879033736,-1.5960887598262075,37b9eb3ee5911b7cb16b204e2a45420009d34dcb55eafddf43e2475da5d85711
pusht,float32,single_block1,proprio_mse,3,21,0.00014007975598431916,0.00014290532351003324,0.0001406875782676659,-2.0171133979062525,-1.5832018172673081,37b9eb3ee5911b7cb16b204e2a45420009d34dcb55eafddf43e2475da5d85711
pusht,float32,single_block2,proprio_mse,3,21,0.00014007975598431916,0.00014402181509007232,0.00014017093171790702,-2.81415332147955,-2.7490648774376663,37b9eb3ee5911b7cb16b204e2a45420009d34dcb55eafddf43e2475da5d85711
pusht,float32,single_block3,proprio_mse,3,21,0.00014007975598431916,0.0001425311919291854,0.00014016787206286361,-1.750028708745513,-1.6871244882710559,37b9eb3ee5911b7cb16b204e2a45420009d34dcb55eafddf43e2475da5d85711
pusht,float32,single_block4,proprio_mse,3,21,0.00014007975598431916,0.0001409383253784342,0.00014016147286115158,-0.6129146842682603,-0.5545787196899327,37b9eb3ee5911b7cb16b204e2a45420009d34dcb55eafddf43e2475da5d85711
pusht,float32,single_block5,proprio_mse,3,21,0.00014007975598431916,0.00014013024734984224,0.00014016557988477308,-0.03604472692595116,0.02522315568195973,37b9eb3ee5911b7cb16b204e2a45420009d34dcb55eafddf43e2475da5d85711
pusht,float32,intermediate_blocks2_3,proprio_mse,3,21,0.00014007975598431916,0.0001467239355968679,0.00014016002502091537,-4.743140481550036,-4.6858380997517735,37b9eb3ee5911b7cb16b204e2a45420009d34dcb55eafddf43e2475da5d85711
pusht,float32,all_six_blocks,proprio_mse,3,21,0.00014007975598431916,0.00014558276592062952,0.00014036270086305793,-3.928483382656937,-3.7264949677353334,37b9eb3ee5911b7cb16b204e2a45420009d34dcb55eafddf43e2475da5d85711
pusht,float32,single_block0,proprio_mse,4,21,0.00015483346773662962,0.00015584736943252735,0.00015533523577270682,-0.6548336808049582,-0.3307641863913185,37b9eb3ee5911b7cb16b204e2a45420009d34dcb55eafddf43e2475da5d85711
pusht,float32,single_block1,proprio_mse,4,21,0.00015483346773662962,0.00015544438803854525,0.00015492815400007583,-0.3945660527056077,-0.3334124372564812,37b9eb3ee5911b7cb16b204e2a45420009d34dcb55eafddf43e2475da5d85711
pusht,float32,single_block2,proprio_mse,4,21,0.00015483346773662962,0.00015560088353510764,0.0001548357019297953,-0.495639482662358,-0.4941965173924212,37b9eb3ee5911b7cb16b204e2a45420009d34dcb55eafddf43e2475da5d85711
pusht,float32,single_block3,proprio_mse,4,21,0.00015483346773662962,0.00015507698297067226,0.00015482039541487444,-0.15727557975828185,-0.16571840671699622,37b9eb3ee5911b7cb16b204e2a45420009d34dcb55eafddf43e2475da5d85711
pusht,float32,single_block4,proprio_mse,4,21,0.00015483346773662962,0.00015478739269335598,0.00015483984776026388,0.02975780620764566,0.03387837763676143,37b9eb3ee5911b7cb16b204e2a45420009d34dcb55eafddf43e2475da5d85711
pusht,float32,single_block5,proprio_mse,4,21,0.00015483346773662962,0.00015464822424010615,0.00015482432177243914,0.11964047517075864,0.113733506655378,37b9eb3ee5911b7cb16b204e2a45420009d34dcb55eafddf43e2475da5d85711
pusht,float32,intermediate_blocks2_3,proprio_mse,4,21,0.00015483346773662962,0.0001560709013366815,0.0001548305271814952,-0.7992029230765139,-0.8011020958958128,37b9eb3ee5911b7cb16b204e2a45420009d34dcb55eafddf43e2475da5d85711
pusht,float32,all_six_blocks,proprio_mse,4,21,0.00015483346773662962,0.00015587951131086053,0.00015485955899230254,-0.6755926800078011,-0.6587415069027095,37b9eb3ee5911b7cb16b204e2a45420009d34dcb55eafddf43e2475da5d85711
pusht,float32,single_block0,proprio_mse,5,21,0.0001678369304191939,0.00016871073996420458,0.0001681159161582305,-0.5206300799402283,-0.3544057940576133,37b9eb3ee5911b7cb16b204e2a45420009d34dcb55eafddf43e2475da5d85711
pusht,float32,single_block1,proprio_mse,5,21,0.0001678369304191939,0.0001682632810280432,0.00016791933493756883,-0.2540266959032319,-0.20492873029512212,37b9eb3ee5911b7cb16b204e2a45420009d34dcb55eafddf43e2475da5d85711
pusht,float32,single_block2,proprio_mse,5,21,0.0001678369304191939,0.00016836463063676685,0.00016783696166074706,-0.31441245752943,-0.31439384329889314,37b9eb3ee5911b7cb16b204e2a45420009d34dcb55eafddf43e2475da5d85711
pusht,float32,single_block3,proprio_mse,5,21,0.0001678369304191939,0.00016813863412272,0.0001678300287012674,-0.17976002228625565,-0.18387217919311627,37b9eb3ee5911b7cb16b204e2a45420009d34dcb55eafddf43e2475da5d85711
pusht,float32,single_block4,proprio_mse,5,21,0.0001678369304191939,0.00016781515320456517,0.00016783285773746198,0.01297522218402271,0.010548651511076439,37b9eb3ee5911b7cb16b204e2a45420009d34dcb55eafddf43e2475da5d85711
pusht,float32,single_block5,proprio_mse,5,21,0.0001678369304191939,0.00016769476907842114,0.00016782443430407107,0.08470206194649374,0.07725667129759321,37b9eb3ee5911b7cb16b204e2a45420009d34dcb55eafddf43e2475da5d85711
pusht,float32,intermediate_blocks2_3,proprio_mse,5,21,0.0001678369304191939,0.00016872132327148322,0.00016783533055970642,-0.5269357882561555,-0.5278890108177737,37b9eb3ee5911b7cb16b204e2a45420009d34dcb55eafddf43e2475da5d85711
pusht,float32,all_six_blocks,proprio_mse,5,21,0.0001678369304191939,0.00016863262065270896,0.00016783875954541353,-0.47408531097877155,-0.4729954875322511,37b9eb3ee5911b7cb16b204e2a45420009d34dcb55eafddf43e2475da5d85711
pusht,float32,single_block0,proprio_mse,6,21,0.00017907270897569714,0.00017952288140821716,0.0001792215708337634,-0.2513908652496625,-0.16826158278236403,37b9eb3ee5911b7cb16b204e2a45420009d34dcb55eafddf43e2475da5d85711
pusht,float32,single_block1,proprio_mse,6,21,0.00017907270897569714,0.00017919672482656412,0.00017912802220343657,-0.06925446740396954,-0.03836576970356637,37b9eb3ee5911b7cb16b204e2a45420009d34dcb55eafddf43e2475da5d85711
pusht,float32,single_block2,proprio_mse,6,21,0.00017907270897569714,0.00017929707445011169,0.00017908342591106306,-0.12529294703694496,-0.11930826325837528,37b9eb3ee5911b7cb16b204e2a45420009d34dcb55eafddf43e2475da5d85711
pusht,float32,single_block3,proprio_mse,6,21,0.00017907270897569714,0.00017912420853227027,0.00017906771198297994,-0.028759020214585714,-0.0315495027765515,37b9eb3ee5911b7cb16b204e2a45420009d34dcb55eafddf43e2475da5d85711
pusht,float32,single_block4,proprio_mse,6,21,0.00017907270897569714,0.00017897043278348844,0.00017907000997415023,0.0571143379656947,0.05560712809415476,37b9eb3ee5911b7cb16b204e2a45420009d34dcb55eafddf43e2475da5d85711
pusht,float32,single_block5,proprio_mse,6,21,0.00017907270897569714,0.00017892391620689507,0.00017906124312694802,0.08309070078471184,0.07668779951923613,37b9eb3ee5911b7cb16b204e2a45420009d34dcb55eafddf43e2475da5d85711
pusht,float32,intermediate_blocks2_3,proprio_mse,6,21,0.00017907270897569714,0.00017944331632662272,0.00017907151728508114,-0.20695914695514517,-0.2076246255882782,37b9eb3ee5911b7cb16b204e2a45420009d34dcb55eafddf43e2475da5d85711
pusht,float32,all_six_blocks,proprio_mse,6,21,0.00017907270897569714,0.00017938267494933097,0.00017907705767297158,-0.1730950379914669,-0.17066658459993253,37b9eb3ee5911b7cb16b204e2a45420009d34dcb55eafddf43e2475da5d85711
pusht,float32,single_block0,visual_mse,1,21,0.06855955649566889,0.06855955649566889,0.06855955649566889,0.0,0.0,37b9eb3ee5911b7cb16b204e2a45420009d34dcb55eafddf43e2475da5d85711
pusht,float32,single_block1,visual_mse,1,21,0.06855955649566889,0.06855955649566889,0.06855955649566889,0.0,0.0,37b9eb3ee5911b7cb16b204e2a45420009d34dcb55eafddf43e2475da5d85711
pusht,float32,single_block2,visual_mse,1,21,0.06855955649566889,0.06855955649566889,0.06855955649566889,0.0,0.0,37b9eb3ee5911b7cb16b204e2a45420009d34dcb55eafddf43e2475da5d85711
pusht,float32,single_block3,visual_mse,1,21,0.06855955649566889,0.06855955649566889,0.06855955649566889,0.0,0.0,37b9eb3ee5911b7cb16b204e2a45420009d34dcb55eafddf43e2475da5d85711
pusht,float32,single_block4,visual_mse,1,21,0.06855955649566889,0.06855955649566889,0.06855955649566889,0.0,0.0,37b9eb3ee5911b7cb16b204e2a45420009d34dcb55eafddf43e2475da5d85711
pusht,float32,single_block5,visual_mse,1,21,0.06855955649566889,0.06855955649566889,0.06855955649566889,0.0,0.0,37b9eb3ee5911b7cb16b204e2a45420009d34dcb55eafddf43e2475da5d85711
pusht,float32,intermediate_blocks2_3,visual_mse,1,21,0.06855955649566889,0.06855955649566889,0.06855955649566889,0.0,0.0,37b9eb3ee5911b7cb16b204e2a45420009d34dcb55eafddf43e2475da5d85711
pusht,float32,all_six_blocks,visual_mse,1,21,0.06855955649566889,0.06855955649566889,0.06855955649566889,0.0,0.0,37b9eb3ee5911b7cb16b204e2a45420009d34dcb55eafddf43e2475da5d85711
pusht,float32,single_block0,visual_mse,2,21,0.07747725355288676,0.07747725355288676,0.07747725355288676,0.0,0.0,37b9eb3ee5911b7cb16b204e2a45420009d34dcb55eafddf43e2475da5d85711
pusht,float32,single_block1,visual_mse,2,21,0.07747725355288676,0.07747725355288676,0.07747725355288676,0.0,0.0,37b9eb3ee5911b7cb16b204e2a45420009d34dcb55eafddf43e2475da5d85711
pusht,float32,single_block2,visual_mse,2,21,0.07747725355288676,0.07747725355288676,0.07747725355288676,0.0,0.0,37b9eb3ee5911b7cb16b204e2a45420009d34dcb55eafddf43e2475da5d85711
pusht,float32,single_block3,visual_mse,2,21,0.07747725355288676,0.07747725355288676,0.07747725355288676,0.0,0.0,37b9eb3ee5911b7cb16b204e2a45420009d34dcb55eafddf43e2475da5d85711
pusht,float32,single_block4,visual_mse,2,21,0.07747725355288676,0.07747725355288676,0.07747725355288676,0.0,0.0,37b9eb3ee5911b7cb16b204e2a45420009d34dcb55eafddf43e2475da5d85711
pusht,float32,single_block5,visual_mse,2,21,0.07747725355288676,0.07747725355288676,0.07747725355288676,0.0,0.0,37b9eb3ee5911b7cb16b204e2a45420009d34dcb55eafddf43e2475da5d85711
pusht,float32,intermediate_blocks2_3,visual_mse,2,21,0.07747725355288676,0.07747725355288676,0.07747725355288676,0.0,0.0,37b9eb3ee5911b7cb16b204e2a45420009d34dcb55eafddf43e2475da5d85711
pusht,float32,all_six_blocks,visual_mse,2,21,0.07747725355288676,0.07747725355288676,0.07747725355288676,0.0,0.0,37b9eb3ee5911b7cb16b204e2a45420009d34dcb55eafddf43e2475da5d85711
pusht,float32,single_block0,visual_mse,3,21,0.08514810101473717,0.08516761601695425,0.08515782496845366,-0.02291889306338597,-0.011498845404541595,37b9eb3ee5911b7cb16b204e2a45420009d34dcb55eafddf43e2475da5d85711
pusht,float32,single_block1,visual_mse,3,21,0.08514810101473717,0.08514905200625689,0.08514440017461175,-0.001116867561789221,-0.005463224181982551,37b9eb3ee5911b7cb16b204e2a45420009d34dcb55eafddf43e2475da5d85711
pusht,float32,single_block2,visual_mse,3,21,0.08514810101473717,0.0851502297317994,0.08514414538280364,-0.0025000170724472437,-0.007145607386726339,37b9eb3ee5911b7cb16b204e2a45420009d34dcb55eafddf43e2475da5d85711
pusht,float32,single_block3,visual_mse,3,21,0.08514810101473717,0.0851592483467248,0.08514970330180234,-0.013091697706436953,-0.011209932821405273,37b9eb3ee5911b7cb16b204e2a45420009d34dcb55eafddf43e2475da5d85711
pusht,float32,single_block4,visual_mse,3,21,0.08514810101473717,0.08515633219976174,0.08514930494398143,-0.009666903814023898,-0.008252980038967786,37b9eb3ee5911b7cb16b204e2a45420009d34dcb55eafddf43e2475da5d85711
pusht,float32,single_block5,visual_mse,3,21,0.08514810101473717,0.0851516524200355,0.08514903035720303,-0.004170856726108814,-0.003079414339511002,37b9eb3ee5911b7cb16b204e2a45420009d34dcb55eafddf43e2475da5d85711
pusht,float32,intermediate_blocks2_3,visual_mse,3,21,0.08514810101473717,0.08515876658731239,0.08514844359180007,-0.01252590773970452,-0.012123576908111961,37b9eb3ee5911b7cb16b204e2a45420009d34dcb55eafddf43e2475da5d85711
pusht,float32,all_six_blocks,visual_mse,3,21,0.08514810101473717,0.08516221822147349,0.08513210224867333,-0.016579590816562302,-0.03536893065289232,37b9eb3ee5911b7cb16b204e2a45420009d34dcb55eafddf43e2475da5d85711
pusht,float32,single_block0,visual_mse,4,21,0.09412814384156165,0.09412760489053189,0.09412799325722832,0.0005725716111754786,0.00041259359908432224,37b9eb3ee5911b7cb16b204e2a45420009d34dcb55eafddf43e2475da5d85711
pusht,float32,single_block1,visual_mse,4,21,0.09412814384156165,0.09411886198441052,0.09412071851868246,0.009860873456456478,0.0019723476913192004,37b9eb3ee5911b7cb16b204e2a45420009d34dcb55eafddf43e2475da5d85711
pusht,float32,single_block2,visual_mse,4,21,0.09412814384156165,0.0941408680360353,0.09411229778731482,-0.013517948994159234,-0.030352504101823483,37b9eb3ee5911b7cb16b204e2a45420009d34dcb55eafddf43e2475da5d85711
pusht,float32,single_block3,visual_mse,4,21,0.09412814384156165,0.09413315598224983,0.094130454789148,-0.005324805614587008,-0.0028696976181540584,37b9eb3ee5911b7cb16b204e2a45420009d34dcb55eafddf43e2475da5d85711
pusht,float32,single_block4,visual_mse,4,21,0.09412814384156165,0.09412937490730666,0.09412775214620173,-0.001307861490483789,-0.0017239914001355625,37b9eb3ee5911b7cb16b204e2a45420009d34dcb55eafddf43e2475da5d85711
pusht,float32,single_block5,visual_mse,4,21,0.09412814384156165,0.09412801686639297,0.09412455164848291,0.0001348960719959709,-0.003681383450938842,37b9eb3ee5911b7cb16b204e2a45420009d34dcb55eafddf43e2475da5d85711
pusht,float32,intermediate_blocks2_3,visual_mse,4,21,0.09412814384156165,0.09414500821236073,0.09412624600344775,-0.01791639578855795,-0.019932623918045886,37b9eb3ee5911b7cb16b204e2a45420009d34dcb55eafddf43e2475da5d85711
pusht,float32,all_six_blocks,visual_mse,4,21,0.09412814384156165,0.09413537925286823,0.09412078733317422,-0.007686767221033413,-0.015502185742206024,37b9eb3ee5911b7cb16b204e2a45420009d34dcb55eafddf43e2475da5d85711
pusht,float32,single_block0,visual_mse,5,21,0.10423501003178991,0.10422637516284541,0.10427053614972794,0.008284039059294646,0.042366750738598496,37b9eb3ee5911b7cb16b204e2a45420009d34dcb55eafddf43e2475da5d85711
pusht,float32,single_block1,visual_mse,5,21,0.10423501003178991,0.10423191420210183,0.10423924721009659,0.0029700478631244733,0.007035071990226171,37b9eb3ee5911b7cb16b204e2a45420009d34dcb55eafddf43e2475da5d85711
pusht,float32,single_block2,visual_mse,5,21,0.10423501003178991,0.10423750870395584,0.1042271045901112,-0.0023971525163911087,-0.00998140053085282,37b9eb3ee5911b7cb16b204e2a45420009d34dcb55eafddf43e2475da5d85711
pusht,float32,single_block3,visual_mse,5,21,0.10423501003178991,0.1042453640361645,0.10423381829177189,-0.00993332698047452,-0.011076647269553245,37b9eb3ee5911b7cb16b204e2a45420009d34dcb55eafddf43e2475da5d85711
pusht,float32,single_block4,visual_mse,5,21,0.10423501003178991,0.10423526931396215,0.10424051868765567,-0.0002487476829208142,0.0050360945827303515,37b9eb3ee5911b7cb16b204e2a45420009d34dcb55eafddf43e2475da5d85711
pusht,float32,single_block5,visual_mse,5,21,0.10423501003178991,0.10423504863173315,0.1042356261888512,-3.703164918386122e-05,0.0005540912960737467,37b9eb3ee5911b7cb16b204e2a45420009d34dcb55eafddf43e2475da5d85711
pusht,float32,intermediate_blocks2_3,visual_mse,5,21,0.10423501003178991,0.10423655681243477,0.10423494644783018,-0.0014839358142601188,-0.0015449363933390662,37b9eb3ee5911b7cb16b204e2a45420009d34dcb55eafddf43e2475da5d85711
pusht,float32,all_six_blocks,visual_mse,5,21,0.10423501003178991,0.10424205427334288,0.10420585999235661,-0.006758037967110488,-0.034723727637409614,37b9eb3ee5911b7cb16b204e2a45420009d34dcb55eafddf43e2475da5d85711
pusht,float32,single_block0,visual_mse,6,21,0.11404859688807234,0.113997024103341,0.11400084358313228,0.0452200080830007,0.003348993232268109,37b9eb3ee5911b7cb16b204e2a45420009d34dcb55eafddf43e2475da5d85711
pusht,float32,single_block1,visual_mse,6,21,0.11404859688807234,0.11401980083772525,0.1140099172622144,0.025248929958643637,-0.008666108817234534,37b9eb3ee5911b7cb16b204e2a45420009d34dcb55eafddf43e2475da5d85711
pusht,float32,single_block2,visual_mse,6,21,0.11404859688807234,0.11405238691574567,0.11400975963376728,-0.0033231690496333117,-0.03737641947513221,37b9eb3ee5911b7cb16b204e2a45420009d34dcb55eafddf43e2475da5d85711
pusht,float32,single_block3,visual_mse,6,21,0.11404859688807234,0.11405686683665021,0.11403873267745276,-0.007251249733471403,-0.015900379042143583,37b9eb3ee5911b7cb16b204e2a45420009d34dcb55eafddf43e2475da5d85711
pusht,float32,single_block4,visual_mse,6,21,0.11404859688807234,0.11403674589122696,0.11404157337689351,0.010391181626730956,0.004232832141973013,37b9eb3ee5911b7cb16b204e2a45420009d34dcb55eafddf43e2475da5d85711
pusht,float32,single_block5,visual_mse,6,21,0.11404859688807234,0.11404118113177665,0.11404298008228225,0.006502277536099208,0.001577354351292526,37b9eb3ee5911b7cb16b204e2a45420009d34dcb55eafddf43e2475da5d85711
pusht,float32,intermediate_blocks2_3,visual_mse,6,21,0.11404859688807234,0.11405877234135592,0.11404175868730716,-0.008922032853735778,-0.014917898609005362,37b9eb3ee5911b7cb16b204e2a45420009d34dcb55eafddf43e2475da5d85711
pusht,float32,all_six_blocks,visual_mse,6,21,0.11404859688807234,0.11402258632349808,0.11399993381461754,0.022806562539109686,-0.01986215481701898,37b9eb3ee5911b7cb16b204e2a45420009d34dcb55eafddf43e2475da5d85711
