task,bank,arm,modality,metric,n,n_defined,mean,marginal_95_low,marginal_95_high,horizon
reach,fresh,all_blocks_h3_donor,official,reference_spearman,100,100,0.886131985070491,0.8816728265371069,0.8904877920230367,
reach,fresh,all_blocks_h3_donor,official,reference_top10_overlap,100,100,5.77,5.520000000000001,6.010000000000002,
reach,fresh,all_blocks_h3_donor,official,winner_changed,100,100,0.56,0.46,0.6599999999999999,
reach,fresh,all_blocks_h3_donor,official,selected_in_reference_minimum_set,100,100,0.44,0.34,0.54,
reach,fresh,all_blocks_h3_donor,official,excess_reference_cost,100,100,0.04839953184127808,0.034810603588819496,0.06377227386832235,
reach,fresh,all_blocks_h3_donor,official,excess_reference_cost_percent,100,100,2.5551445500474865,1.788935992724674,3.4583341990011065,
reach,fresh,all_blocks_h3_donor,official,reference_minimum_ties,100,100,1.0,1.0,1.0000000000000002,
reach,fresh,all_blocks_h3_donor,official,selected_minimum_ties,100,100,1.0,1.0,1.0000000000000002,
reach,fresh,all_blocks_h3_donor,official,reference_top10_cutoff_ties,100,100,1.0,1.0,1.0000000000000002,
reach,fresh,all_blocks_h3_donor,official,selected_top10_cutoff_ties,100,100,1.0,1.0,1.0000000000000002,
reach,fresh,all_blocks_h3_donor,proprio,reference_spearman,100,100,0.9021688596539963,0.8993034237047078,0.9049684026489182,
reach,fresh,all_blocks_h3_donor,proprio,reference_top10_overlap,100,100,6.39,6.15,6.630000000000001,
reach,fresh,all_blocks_h3_donor,proprio,winner_changed,100,100,0.51,0.41000000000000003,0.61,
reach,fresh,all_blocks_h3_donor,proprio,selected_in_reference_minimum_set,100,100,0.49,0.39,0.59,
reach,fresh,all_blocks_h3_donor,proprio,excess_reference_cost,100,100,0.010085307136178017,0.007159129379782826,0.013403985381592062,
reach,fresh,all_blocks_h3_donor,proprio,excess_reference_cost_percent,100,100,14.662058620245045,10.222249572749245,19.815748406594082,
reach,fresh,all_blocks_h3_donor,proprio,reference_minimum_ties,100,100,1.0,1.0,1.0000000000000002,
reach,fresh,all_blocks_h3_donor,proprio,selected_minimum_ties,100,100,1.0,1.0,1.0000000000000002,
reach,fresh,all_blocks_h3_donor,proprio,reference_top10_cutoff_ties,100,100,1.0,1.0,1.0000000000000002,
reach,fresh,all_blocks_h3_donor,proprio,selected_top10_cutoff_ties,100,100,1.0,1.0,1.0000000000000002,
reach,fresh,all_blocks_h3_donor,visual,reference_spearman,100,100,0.8850404043121867,0.8805212086305862,0.8894551354418468,
reach,fresh,all_blocks_h3_donor,visual,reference_top10_overlap,100,100,5.74,5.48,6.0,
reach,fresh,all_blocks_h3_donor,visual,winner_changed,100,100,0.58,0.48000000000000004,0.6799999999999999,
reach,fresh,all_blocks_h3_donor,visual,selected_in_reference_minimum_set,100,100,0.42,0.32000000000000006,0.52,
reach,fresh,all_blocks_h3_donor,visual,excess_reference_cost,100,100,0.0468009352684021,0.03354063260555267,0.06186734017729759,
reach,fresh,all_blocks_h3_donor,visual,excess_reference_cost_percent,100,100,2.4939683531516303,1.7400794533327542,3.3881806525259948,
reach,fresh,all_blocks_h3_donor,visual,reference_minimum_ties,100,100,1.0,1.0,1.0000000000000002,
reach,fresh,all_blocks_h3_donor,visual,selected_minimum_ties,100,100,1.0,1.0,1.0000000000000002,
reach,fresh,all_blocks_h3_donor,visual,reference_top10_cutoff_ties,100,100,1.0,1.0,1.0000000000000002,
reach,fresh,all_blocks_h3_donor,visual,selected_top10_cutoff_ties,100,100,1.0,1.0,1.0000000000000002,
reach,fresh,all_blocks_persistent_donor,official,reference_spearman,100,100,1.0,1.0,1.0000000000000002,
reach,fresh,all_blocks_persistent_donor,official,reference_top10_overlap,100,100,10.0,10.0,10.000000000000004,
reach,fresh,all_blocks_persistent_donor,official,winner_changed,100,100,0.0,0.0,0.0,
reach,fresh,all_blocks_persistent_donor,official,selected_in_reference_minimum_set,100,100,1.0,1.0,1.0000000000000002,
reach,fresh,all_blocks_persistent_donor,official,excess_reference_cost,100,100,0.0,0.0,0.0,
reach,fresh,all_blocks_persistent_donor,official,excess_reference_cost_percent,100,100,0.0,0.0,0.0,
reach,fresh,all_blocks_persistent_donor,official,reference_minimum_ties,100,100,1.0,1.0,1.0000000000000002,
reach,fresh,all_blocks_persistent_donor,official,selected_minimum_ties,100,100,1.0,1.0,1.0000000000000002,
reach,fresh,all_blocks_persistent_donor,official,reference_top10_cutoff_ties,100,100,1.0,1.0,1.0000000000000002,
reach,fresh,all_blocks_persistent_donor,official,selected_top10_cutoff_ties,100,100,1.0,1.0,1.0000000000000002,
reach,fresh,all_blocks_persistent_donor,proprio,reference_spearman,100,100,1.0,1.0,1.0000000000000002,
reach,fresh,all_blocks_persistent_donor,proprio,reference_top10_overlap,100,100,10.0,10.0,10.000000000000004,
reach,fresh,all_blocks_persistent_donor,proprio,winner_changed,100,100,0.0,0.0,0.0,
reach,fresh,all_blocks_persistent_donor,proprio,selected_in_reference_minimum_set,100,100,1.0,1.0,1.0000000000000002,
reach,fresh,all_blocks_persistent_donor,proprio,excess_reference_cost,100,100,0.0,0.0,0.0,
reach,fresh,all_blocks_persistent_donor,proprio,excess_reference_cost_percent,100,100,0.0,0.0,0.0,
reach,fresh,all_blocks_persistent_donor,proprio,reference_minimum_ties,100,100,1.0,1.0,1.0000000000000002,
reach,fresh,all_blocks_persistent_donor,proprio,selected_minimum_ties,100,100,1.0,1.0,1.0000000000000002,
reach,fresh,all_blocks_persistent_donor,proprio,reference_top10_cutoff_ties,100,100,1.0,1.0,1.0000000000000002,
reach,fresh,all_blocks_persistent_donor,proprio,selected_top10_cutoff_ties,100,100,1.0,1.0,1.0000000000000002,
reach,fresh,all_blocks_persistent_donor,visual,reference_spearman,100,100,1.0,1.0,1.0000000000000002,
reach,fresh,all_blocks_persistent_donor,visual,reference_top10_overlap,100,100,10.0,10.0,10.000000000000004,
reach,fresh,all_blocks_persistent_donor,visual,winner_changed,100,100,0.0,0.0,0.0,
reach,fresh,all_blocks_persistent_donor,visual,selected_in_reference_minimum_set,100,100,1.0,1.0,1.0000000000000002,
reach,fresh,all_blocks_persistent_donor,visual,excess_reference_cost,100,100,0.0,0.0,0.0,
reach,fresh,all_blocks_persistent_donor,visual,excess_reference_cost_percent,100,100,0.0,0.0,0.0,
reach,fresh,all_blocks_persistent_donor,visual,reference_minimum_ties,100,100,1.0,1.0,1.0000000000000002,
reach,fresh,all_blocks_persistent_donor,visual,selected_minimum_ties,100,100,1.0,1.0,1.0000000000000002,
reach,fresh,all_blocks_persistent_donor,visual,reference_top10_cutoff_ties,100,100,1.0,1.0,1.0000000000000002,
reach,fresh,all_blocks_persistent_donor,visual,selected_top10_cutoff_ties,100,100,1.0,1.0,1.0000000000000002,
reach,fresh,coherent_raw_h3,official,reference_spearman,100,100,1.0,1.0,1.0000000000000002,
reach,fresh,coherent_raw_h3,official,reference_top10_overlap,100,100,10.0,10.0,10.000000000000004,
reach,fresh,coherent_raw_h3,official,winner_changed,100,100,0.0,0.0,0.0,
reach,fresh,coherent_raw_h3,official,selected_in_reference_minimum_set,100,100,1.0,1.0,1.0000000000000002,
reach,fresh,coherent_raw_h3,official,excess_reference_cost,100,100,0.0,0.0,0.0,
reach,fresh,coherent_raw_h3,official,excess_reference_cost_percent,100,100,0.0,0.0,0.0,
reach,fresh,coherent_raw_h3,official,reference_minimum_ties,100,100,1.0,1.0,1.0000000000000002,
reach,fresh,coherent_raw_h3,official,selected_minimum_ties,100,100,1.0,1.0,1.0000000000000002,
reach,fresh,coherent_raw_h3,official,reference_top10_cutoff_ties,100,100,1.0,1.0,1.0000000000000002,
reach,fresh,coherent_raw_h3,official,selected_top10_cutoff_ties,100,100,1.0,1.0,1.0000000000000002,
reach,fresh,coherent_raw_h3,proprio,reference_spearman,100,100,1.0,1.0,1.0000000000000002,
reach,fresh,coherent_raw_h3,proprio,reference_top10_overlap,100,100,10.0,10.0,10.000000000000004,
reach,fresh,coherent_raw_h3,proprio,winner_changed,100,100,0.0,0.0,0.0,
reach,fresh,coherent_raw_h3,proprio,selected_in_reference_minimum_set,100,100,1.0,1.0,1.0000000000000002,
reach,fresh,coherent_raw_h3,proprio,excess_reference_cost,100,100,0.0,0.0,0.0,
reach,fresh,coherent_raw_h3,proprio,excess_reference_cost_percent,100,100,0.0,0.0,0.0,
reach,fresh,coherent_raw_h3,proprio,reference_minimum_ties,100,100,1.0,1.0,1.0000000000000002,
reach,fresh,coherent_raw_h3,proprio,selected_minimum_ties,100,100,1.0,1.0,1.0000000000000002,
reach,fresh,coherent_raw_h3,proprio,reference_top10_cutoff_ties,100,100,1.0,1.0,1.0000000000000002,
reach,fresh,coherent_raw_h3,proprio,selected_top10_cutoff_ties,100,100,1.0,1.0,1.0000000000000002,
reach,fresh,coherent_raw_h3,visual,reference_spearman,100,100,1.0,1.0,1.0000000000000002,
reach,fresh,coherent_raw_h3,visual,reference_top10_overlap,100,100,10.0,10.0,10.000000000000004,
reach,fresh,coherent_raw_h3,visual,winner_changed,100,100,0.0,0.0,0.0,
reach,fresh,coherent_raw_h3,visual,selected_in_reference_minimum_set,100,100,1.0,1.0,1.0000000000000002,
reach,fresh,coherent_raw_h3,visual,excess_reference_cost,100,100,0.0,0.0,0.0,
reach,fresh,coherent_raw_h3,visual,excess_reference_cost_percent,100,100,0.0,0.0,0.0,
reach,fresh,coherent_raw_h3,visual,reference_minimum_ties,100,100,1.0,1.0,1.0000000000000002,
reach,fresh,coherent_raw_h3,visual,selected_minimum_ties,100,100,1.0,1.0,1.0000000000000002,
reach,fresh,coherent_raw_h3,visual,reference_top10_cutoff_ties,100,100,1.0,1.0,1.0000000000000002,
reach,fresh,coherent_raw_h3,visual,selected_top10_cutoff_ties,100,100,1.0,1.0,1.0000000000000002,
reach,fresh,donor_h3_B0,official,reference_spearman,100,100,0.7670159836063221,0.7611671052901031,0.7728143366192627,
reach,fresh,donor_h3_B0,official,reference_top10_overlap,100,100,4.21,3.95,4.470000000000001,
reach,fresh,donor_h3_B0,official,winner_changed,100,100,0.71,0.62,0.7999999999999999,
reach,fresh,donor_h3_B0,official,selected_in_reference_minimum_set,100,100,0.29,0.2,0.38,
reach,fresh,donor_h3_B0,official,excess_reference_cost,100,100,0.10745092272758484,0.0832010038793087,0.13375096419453622,
reach,fresh,donor_h3_B0,official,excess_reference_cost_percent,100,100,5.952445432953471,4.428002138394596,7.6557939971397175,
reach,fresh,donor_h3_B0,official,reference_minimum_ties,100,100,1.0,1.0,1.0000000000000002,
reach,fresh,donor_h3_B0,official,selected_minimum_ties,100,100,1.0,1.0,1.0000000000000002,
reach,fresh,donor_h3_B0,official,reference_top10_cutoff_ties,100,100,1.0,1.0,1.0000000000000002,
reach,fresh,donor_h3_B0,official,selected_top10_cutoff_ties,100,100,1.0,1.0,1.0000000000000002,
reach,fresh,donor_h3_B0,proprio,reference_spearman,100,100,0.7819857909532328,0.7767045038278203,0.787199474771942,
reach,fresh,donor_h3_B0,proprio,reference_top10_overlap,100,100,4.75,4.48,5.0200000000000005,
reach,fresh,donor_h3_B0,proprio,winner_changed,100,100,0.67,0.58,0.76,
reach,fresh,donor_h3_B0,proprio,selected_in_reference_minimum_set,100,100,0.33,0.24,0.42000000000000004,
reach,fresh,donor_h3_B0,proprio,excess_reference_cost,100,100,0.02455377032980323,0.01912765363976359,0.030357971918303504,
reach,fresh,donor_h3_B0,proprio,excess_reference_cost_percent,100,100,34.91515132975823,26.859807349902894,43.6565240998003,
reach,fresh,donor_h3_B0,proprio,reference_minimum_ties,100,100,1.0,1.0,1.0000000000000002,
reach,fresh,donor_h3_B0,proprio,selected_minimum_ties,100,100,1.0,1.0,1.0000000000000002,
reach,fresh,donor_h3_B0,proprio,reference_top10_cutoff_ties,100,100,1.0,1.0,1.0000000000000002,
reach,fresh,donor_h3_B0,proprio,selected_top10_cutoff_ties,100,100,1.0,1.0,1.0000000000000002,
reach,fresh,donor_h3_B0,visual,reference_spearman,100,100,0.7654748265123053,0.7595050604444201,0.7713927734716983,
reach,fresh,donor_h3_B0,visual,reference_top10_overlap,100,100,4.22,3.960000000000001,4.48,
reach,fresh,donor_h3_B0,visual,winner_changed,100,100,0.73,0.64,0.81,
reach,fresh,donor_h3_B0,visual,selected_in_reference_minimum_set,100,100,0.27,0.19,0.36,
reach,fresh,donor_h3_B0,visual,excess_reference_cost,100,100,0.10116299748420715,0.0780880671441555,0.1263158033788204,
reach,fresh,donor_h3_B0,visual,excess_reference_cost_percent,100,100,5.556808225860258,4.137824537726932,7.1673746439026536,
reach,fresh,donor_h3_B0,visual,reference_minimum_ties,100,100,1.0,1.0,1.0000000000000002,
reach,fresh,donor_h3_B0,visual,selected_minimum_ties,100,100,1.0,1.0,1.0000000000000002,
reach,fresh,donor_h3_B0,visual,reference_top10_cutoff_ties,100,100,1.0,1.0,1.0000000000000002,
reach,fresh,donor_h3_B0,visual,selected_top10_cutoff_ties,100,100,1.0,1.0,1.0000000000000002,
reach,fresh,donor_h3_B1,official,reference_spearman,100,100,0.8091207132826734,0.8040109819846797,0.8141156584873237,
reach,fresh,donor_h3_B1,official,reference_top10_overlap,100,100,4.58,4.330000000000001,4.83,
reach,fresh,donor_h3_B1,official,winner_changed,100,100,0.66,0.57,0.75,
reach,fresh,donor_h3_B1,official,selected_in_reference_minimum_set,100,100,0.34,0.25,0.43000000000000005,
reach,fresh,donor_h3_B1,official,excess_reference_cost,100,100,0.08538497328758239,0.06576099175214768,0.10643943059444426,
reach,fresh,donor_h3_B1,official,excess_reference_cost_percent,100,100,4.623112180617023,3.440330767293291,5.9215302099964,
reach,fresh,donor_h3_B1,official,reference_minimum_ties,100,100,1.0,1.0,1.0000000000000002,
reach,fresh,donor_h3_B1,official,selected_minimum_ties,100,100,1.0,1.0,1.0000000000000002,
reach,fresh,donor_h3_B1,official,reference_top10_cutoff_ties,100,100,1.0,1.0,1.0000000000000002,
reach,fresh,donor_h3_B1,official,selected_top10_cutoff_ties,100,100,1.0,1.0,1.0000000000000002,
reach,fresh,donor_h3_B1,proprio,reference_spearman,100,100,0.826627121173361,0.8222285029763374,0.8309554958219681,
reach,fresh,donor_h3_B1,proprio,reference_top10_overlap,100,100,5.25,4.990000000000001,5.510000000000002,
reach,fresh,donor_h3_B1,proprio,winner_changed,100,100,0.64,0.5499999999999999,0.73,
reach,fresh,donor_h3_B1,proprio,selected_in_reference_minimum_set,100,100,0.36,0.27,0.45000000000000007,
reach,fresh,donor_h3_B1,proprio,excess_reference_cost,100,100,0.021732065733522175,0.01656034520175308,0.02728512921463697,
reach,fresh,donor_h3_B1,proprio,excess_reference_cost_percent,100,100,30.584494792802644,22.910322005650173,39.03024558655663,
reach,fresh,donor_h3_B1,proprio,reference_minimum_ties,100,100,1.0,1.0,1.0000000000000002,
reach,fresh,donor_h3_B1,proprio,selected_minimum_ties,100,100,1.0,1.0,1.0000000000000002,
reach,fresh,donor_h3_B1,proprio,reference_top10_cutoff_ties,100,100,1.0,1.0,1.0000000000000002,
reach,fresh,donor_h3_B1,proprio,selected_top10_cutoff_ties,100,100,1.0,1.0,1.0000000000000002,
reach,fresh,donor_h3_B1,visual,reference_spearman,100,100,0.8074712744972562,0.8022522083206177,0.81258591793464,
reach,fresh,donor_h3_B1,visual,reference_top10_overlap,100,100,4.56,4.300000000000001,4.82,
reach,fresh,donor_h3_B1,visual,winner_changed,100,100,0.68,0.59,0.77,
reach,fresh,donor_h3_B1,visual,selected_in_reference_minimum_set,100,100,0.32,0.23,0.41000000000000003,
reach,fresh,donor_h3_B1,visual,excess_reference_cost,100,100,0.08452152609825134,0.06524382162094117,0.1052002637386322,
reach,fresh,donor_h3_B1,visual,excess_reference_cost_percent,100,100,4.600426166658757,3.432580610478371,5.879241550109349,
reach,fresh,donor_h3_B1,visual,reference_minimum_ties,100,100,1.0,1.0,1.0000000000000002,
reach,fresh,donor_h3_B1,visual,selected_minimum_ties,100,100,1.0,1.0,1.0000000000000002,
reach,fresh,donor_h3_B1,visual,reference_top10_cutoff_ties,100,100,1.0,1.0,1.0000000000000002,
reach,fresh,donor_h3_B1,visual,selected_top10_cutoff_ties,100,100,1.0,1.0,1.0000000000000002,
reach,fresh,donor_h3_B2,official,reference_spearman,100,100,0.7715134764511472,0.7652848714662842,0.7775490824024008,
reach,fresh,donor_h3_B2,official,reference_top10_overlap,100,100,4.32,4.08,4.57,
reach,fresh,donor_h3_B2,official,winner_changed,100,100,0.71,0.62,0.7999999999999999,
reach,fresh,donor_h3_B2,official,selected_in_reference_minimum_set,100,100,0.29,0.2,0.38,
reach,fresh,donor_h3_B2,official,excess_reference_cost,100,100,0.10077743172645569,0.07804213160276413,0.12531587257981303,
reach,fresh,donor_h3_B2,official,excess_reference_cost_percent,100,100,5.4935191386381765,4.082376855018679,7.0825112733106055,
reach,fresh,donor_h3_B2,official,reference_minimum_ties,100,100,1.0,1.0,1.0000000000000002,
reach,fresh,donor_h3_B2,official,selected_minimum_ties,100,100,1.0,1.0,1.0000000000000002,
reach,fresh,donor_h3_B2,official,reference_top10_cutoff_ties,100,100,1.0,1.0,1.0000000000000002,
reach,fresh,donor_h3_B2,official,selected_top10_cutoff_ties,100,100,1.0,1.0,1.0000000000000002,
reach,fresh,donor_h3_B2,proprio,reference_spearman,100,100,0.792886236513739,0.7878862590695452,0.7978028633651485,
reach,fresh,donor_h3_B2,proprio,reference_top10_overlap,100,100,5.0,4.730000000000001,5.270000000000001,
reach,fresh,donor_h3_B2,proprio,winner_changed,100,100,0.64,0.55,0.73,
reach,fresh,donor_h3_B2,proprio,selected_in_reference_minimum_set,100,100,0.36,0.27,0.45,
reach,fresh,donor_h3_B2,proprio,excess_reference_cost,100,100,0.023499320056289436,0.018130485629662872,0.02931180004589259,
reach,fresh,donor_h3_B2,proprio,excess_reference_cost_percent,100,100,33.338594201710606,25.367289027342252,41.96747949392297,
reach,fresh,donor_h3_B2,proprio,reference_minimum_ties,100,100,1.0,1.0,1.0000000000000002,
reach,fresh,donor_h3_B2,proprio,selected_minimum_ties,100,100,1.0,1.0,1.0000000000000002,
reach,fresh,donor_h3_B2,proprio,reference_top10_cutoff_ties,100,100,1.0,1.0,1.0000000000000002,
reach,fresh,donor_h3_B2,proprio,selected_top10_cutoff_ties,100,100,1.0,1.0,1.0000000000000002,
reach,fresh,donor_h3_B2,visual,reference_spearman,100,100,0.7695783773101845,0.7632329469463207,0.775774317514847,
reach,fresh,donor_h3_B2,visual,reference_top10_overlap,100,100,4.33,4.07,4.590000000000001,
reach,fresh,donor_h3_B2,visual,winner_changed,100,100,0.72,0.63,0.8,
reach,fresh,donor_h3_B2,visual,selected_in_reference_minimum_set,100,100,0.28,0.19999999999999998,0.37,
reach,fresh,donor_h3_B2,visual,excess_reference_cost,100,100,0.09442229151725769,0.07241860032081604,0.11839943462610246,
reach,fresh,donor_h3_B2,visual,excess_reference_cost_percent,100,100,5.225693176354055,3.8349730055220674,6.813154160245781,
reach,fresh,donor_h3_B2,visual,reference_minimum_ties,100,100,1.0,1.0,1.0000000000000002,
reach,fresh,donor_h3_B2,visual,selected_minimum_ties,100,100,1.0,1.0,1.0000000000000002,
reach,fresh,donor_h3_B2,visual,reference_top10_cutoff_ties,100,100,1.0,1.0,1.0000000000000002,
reach,fresh,donor_h3_B2,visual,selected_top10_cutoff_ties,100,100,1.0,1.0,1.0000000000000002,
reach,fresh,donor_h3_B3,official,reference_spearman,100,100,0.7481291881965468,0.7419795729382594,0.7541856060923154,
reach,fresh,donor_h3_B3,official,reference_top10_overlap,100,100,4.05,3.8000000000000007,4.300000000000001,
reach,fresh,donor_h3_B3,official,winner_changed,100,100,0.74,0.65,0.8200000000000001,
reach,fresh,donor_h3_B3,official,selected_in_reference_minimum_set,100,100,0.26,0.18,0.35,
reach,fresh,donor_h3_B3,official,excess_reference_cost,100,100,0.1178723394870758,0.09282744804024695,0.1444510431587695,
reach,fresh,donor_h3_B3,official,excess_reference_cost_percent,100,100,6.52354483257201,4.9577564606382625,8.263016602870103,
reach,fresh,donor_h3_B3,official,reference_minimum_ties,100,100,1.0,1.0,1.0000000000000002,
reach,fresh,donor_h3_B3,official,selected_minimum_ties,100,100,1.0,1.0,1.0000000000000002,
reach,fresh,donor_h3_B3,official,reference_top10_cutoff_ties,100,100,1.0,1.0,1.0000000000000002,
reach,fresh,donor_h3_B3,official,selected_top10_cutoff_ties,100,100,1.0,1.0,1.0000000000000002,
reach,fresh,donor_h3_B3,proprio,reference_spearman,100,100,0.7640256180624229,0.7585893926599184,0.7693642303803376,
reach,fresh,donor_h3_B3,proprio,reference_top10_overlap,100,100,4.54,4.260000000000001,4.82,
reach,fresh,donor_h3_B3,proprio,winner_changed,100,100,0.68,0.59,0.77,
reach,fresh,donor_h3_B3,proprio,selected_in_reference_minimum_set,100,100,0.32,0.23,0.41000000000000003,
reach,fresh,donor_h3_B3,proprio,excess_reference_cost,100,100,0.02977446688339114,0.023134489592630415,0.0370095397834666,
reach,fresh,donor_h3_B3,proprio,excess_reference_cost_percent,100,100,40.85124306319042,31.677788924808794,51.02477996795454,
reach,fresh,donor_h3_B3,proprio,reference_minimum_ties,100,100,1.0,1.0,1.0000000000000002,
reach,fresh,donor_h3_B3,proprio,selected_minimum_ties,100,100,1.0,1.0,1.0000000000000002,
reach,fresh,donor_h3_B3,proprio,reference_top10_cutoff_ties,100,100,1.0,1.0,1.0000000000000002,
reach,fresh,donor_h3_B3,proprio,selected_top10_cutoff_ties,100,100,1.0,1.0,1.0000000000000002,
reach,fresh,donor_h3_B3,visual,reference_spearman,100,100,0.7463070529176465,0.7400644704159942,0.7524673096033735,
reach,fresh,donor_h3_B3,visual,reference_top10_overlap,100,100,4.0,3.74,4.260000000000001,
reach,fresh,donor_h3_B3,visual,winner_changed,100,100,0.76,0.67,0.8400000000000001,
reach,fresh,donor_h3_B3,visual,selected_in_reference_minimum_set,100,100,0.24,0.16,0.32999999999999996,
reach,fresh,donor_h3_B3,visual,excess_reference_cost,100,100,0.11520429253578186,0.09067390760779381,0.1414225963354111,
reach,fresh,donor_h3_B3,visual,excess_reference_cost_percent,100,100,6.415205707016152,4.87036332240348,8.133098061388216,
reach,fresh,donor_h3_B3,visual,reference_minimum_ties,100,100,1.0,1.0,1.0000000000000002,
reach,fresh,donor_h3_B3,visual,selected_minimum_ties,100,100,1.0,1.0,1.0000000000000002,
reach,fresh,donor_h3_B3,visual,reference_top10_cutoff_ties,100,100,1.0,1.0,1.0000000000000002,
reach,fresh,donor_h3_B3,visual,selected_top10_cutoff_ties,100,100,1.0,1.0,1.0000000000000002,
reach,fresh,donor_h3_B4,official,reference_spearman,100,100,0.7951838200572584,0.7876356979524936,0.802369054604625,
reach,fresh,donor_h3_B4,official,reference_top10_overlap,100,100,4.45,4.1800000000000015,4.720000000000001,
reach,fresh,donor_h3_B4,official,winner_changed,100,100,0.69,0.6,0.78,
reach,fresh,donor_h3_B4,official,selected_in_reference_minimum_set,100,100,0.31,0.22000000000000003,0.4,
reach,fresh,donor_h3_B4,official,excess_reference_cost,100,100,0.09245489120483398,0.07196192753314973,0.11402254325151442,
reach,fresh,donor_h3_B4,official,excess_reference_cost_percent,100,100,4.954268959195875,3.740236745596825,6.256423951561616,
reach,fresh,donor_h3_B4,official,reference_minimum_ties,100,100,1.0,1.0,1.0000000000000002,
reach,fresh,donor_h3_B4,official,selected_minimum_ties,100,100,1.0,1.0,1.0000000000000002,
reach,fresh,donor_h3_B4,official,reference_top10_cutoff_ties,100,100,1.0,1.0,1.0000000000000002,
reach,fresh,donor_h3_B4,official,selected_top10_cutoff_ties,100,100,1.0,1.0,1.0000000000000002,
reach,fresh,donor_h3_B4,proprio,reference_spearman,100,100,0.8282935632618141,0.8233801715574617,0.8330346738297092,
reach,fresh,donor_h3_B4,proprio,reference_top10_overlap,100,100,5.2,4.950000000000001,5.450000000000001,
reach,fresh,donor_h3_B4,proprio,winner_changed,100,100,0.66,0.57,0.75,
reach,fresh,donor_h3_B4,proprio,selected_in_reference_minimum_set,100,100,0.34,0.25,0.43000000000000005,
reach,fresh,donor_h3_B4,proprio,excess_reference_cost,100,100,0.0199747053720057,0.015121062228921803,0.025149557169992474,
reach,fresh,donor_h3_B4,proprio,excess_reference_cost_percent,100,100,30.010746733814198,22.409792633157785,38.414414209117176,
reach,fresh,donor_h3_B4,proprio,reference_minimum_ties,100,100,1.0,1.0,1.0000000000000002,
reach,fresh,donor_h3_B4,proprio,selected_minimum_ties,100,100,1.0,1.0,1.0000000000000002,
reach,fresh,donor_h3_B4,proprio,reference_top10_cutoff_ties,100,100,1.0,1.0,1.0000000000000002,
reach,fresh,donor_h3_B4,proprio,selected_top10_cutoff_ties,100,100,1.0,1.0,1.0000000000000002,
reach,fresh,donor_h3_B4,visual,reference_spearman,100,100,0.7925706360133573,0.7849531761104473,0.7998810434560384,
reach,fresh,donor_h3_B4,visual,reference_top10_overlap,100,100,4.42,4.15,4.690000000000001,
reach,fresh,donor_h3_B4,visual,winner_changed,100,100,0.71,0.62,0.7999999999999999,
reach,fresh,donor_h3_B4,visual,selected_in_reference_minimum_set,100,100,0.29,0.2,0.38,
reach,fresh,donor_h3_B4,visual,excess_reference_cost,100,100,0.0889100182056427,0.06912218913435936,0.10985970386862756,
reach,fresh,donor_h3_B4,visual,excess_reference_cost_percent,100,100,4.8090922263329094,3.616010704102021,6.095980104264609,
reach,fresh,donor_h3_B4,visual,reference_minimum_ties,100,100,1.0,1.0,1.0000000000000002,
reach,fresh,donor_h3_B4,visual,selected_minimum_ties,100,100,1.0,1.0,1.0000000000000002,
reach,fresh,donor_h3_B4,visual,reference_top10_cutoff_ties,100,100,1.0,1.0,1.0000000000000002,
reach,fresh,donor_h3_B4,visual,selected_top10_cutoff_ties,100,100,1.0,1.0,1.0000000000000002,
reach,fresh,donor_h3_B5,official,reference_spearman,100,100,0.7513204706001143,0.7448165586411538,0.7576580262711201,
reach,fresh,donor_h3_B5,official,reference_top10_overlap,100,100,3.98,3.7200000000000006,4.24,
reach,fresh,donor_h3_B5,official,winner_changed,100,100,0.75,0.66,0.8300000000000001,
reach,fresh,donor_h3_B5,official,selected_in_reference_minimum_set,100,100,0.25,0.16999999999999998,0.33999999999999997,
reach,fresh,donor_h3_B5,official,excess_reference_cost,100,100,0.11709676742553711,0.09216210609674454,0.14348721083998678,
reach,fresh,donor_h3_B5,official,excess_reference_cost_percent,100,100,6.492508878211001,4.914569362587993,8.238979462106126,
reach,fresh,donor_h3_B5,official,reference_minimum_ties,100,100,1.0,1.0,1.0000000000000002,
reach,fresh,donor_h3_B5,official,selected_minimum_ties,100,100,1.0,1.0,1.0000000000000002,
reach,fresh,donor_h3_B5,official,reference_top10_cutoff_ties,100,100,1.0,1.0,1.0000000000000002,
reach,fresh,donor_h3_B5,official,selected_top10_cutoff_ties,100,100,1.0,1.0,1.0000000000000002,
reach,fresh,donor_h3_B5,proprio,reference_spearman,100,100,0.7736410893454372,0.7682529205880065,0.7789435159279547,
reach,fresh,donor_h3_B5,proprio,reference_top10_overlap,100,100,4.59,4.3100000000000005,4.870000000000001,
reach,fresh,donor_h3_B5,proprio,winner_changed,100,100,0.69,0.6,0.78,
reach,fresh,donor_h3_B5,proprio,selected_in_reference_minimum_set,100,100,0.31,0.22,0.4,
reach,fresh,donor_h3_B5,proprio,excess_reference_cost,100,100,0.030070769228041173,0.023556375983636826,0.03720863703452049,
reach,fresh,donor_h3_B5,proprio,excess_reference_cost_percent,100,100,43.562832450480684,33.96824350071302,53.92332238876604,
reach,fresh,donor_h3_B5,proprio,reference_minimum_ties,100,100,1.0,1.0,1.0000000000000002,
reach,fresh,donor_h3_B5,proprio,selected_minimum_ties,100,100,1.0,1.0,1.0000000000000002,
reach,fresh,donor_h3_B5,proprio,reference_top10_cutoff_ties,100,100,1.0,1.0,1.0000000000000002,
reach,fresh,donor_h3_B5,proprio,selected_top10_cutoff_ties,100,100,1.0,1.0,1.0000000000000002,
reach,fresh,donor_h3_B5,visual,reference_spearman,100,100,0.7492270968760977,0.7426344550091711,0.7556980168745122,
reach,fresh,donor_h3_B5,visual,reference_top10_overlap,100,100,3.95,3.690000000000001,4.210000000000001,
reach,fresh,donor_h3_B5,visual,winner_changed,100,100,0.77,0.68,0.8500000000000001,
reach,fresh,donor_h3_B5,visual,selected_in_reference_minimum_set,100,100,0.23,0.15000000000000002,0.31999999999999995,
reach,fresh,donor_h3_B5,visual,excess_reference_cost,100,100,0.11601633548736573,0.09169109076261521,0.14205720362067223,
reach,fresh,donor_h3_B5,visual,excess_reference_cost_percent,100,100,6.474119905594935,4.912291465665146,8.212429736671725,
reach,fresh,donor_h3_B5,visual,reference_minimum_ties,100,100,1.0,1.0,1.0000000000000002,
reach,fresh,donor_h3_B5,visual,selected_minimum_ties,100,100,1.0,1.0,1.0000000000000002,
reach,fresh,donor_h3_B5,visual,reference_top10_cutoff_ties,100,100,1.0,1.0,1.0000000000000002,
reach,fresh,donor_h3_B5,visual,selected_top10_cutoff_ties,100,100,1.0,1.0,1.0000000000000002,
reach,fresh,donor_persistent_B0,official,reference_spearman,100,100,0.7969130667979583,0.7917333178275652,0.8020621581421807,
reach,fresh,donor_persistent_B0,official,reference_top10_overlap,100,100,4.6,4.360000000000001,4.840000000000001,
reach,fresh,donor_persistent_B0,official,winner_changed,100,100,0.69,0.6,0.78,
reach,fresh,donor_persistent_B0,official,selected_in_reference_minimum_set,100,100,0.31,0.22000000000000003,0.4,
reach,fresh,donor_persistent_B0,official,excess_reference_cost,100,100,0.08874845027923584,0.06876463082432747,0.10991135111451147,
reach,fresh,donor_persistent_B0,official,excess_reference_cost_percent,100,100,4.829894504990974,3.626075522427783,6.131954418011258,
reach,fresh,donor_persistent_B0,official,reference_minimum_ties,100,100,1.0,1.0,1.0000000000000002,
reach,fresh,donor_persistent_B0,official,selected_minimum_ties,100,100,1.0,1.0,1.0000000000000002,
reach,fresh,donor_persistent_B0,official,reference_top10_cutoff_ties,100,100,1.0,1.0,1.0000000000000002,
reach,fresh,donor_persistent_B0,official,selected_top10_cutoff_ties,100,100,1.0,1.0,1.0000000000000002,
reach,fresh,donor_persistent_B0,proprio,reference_spearman,100,100,0.8078039400437782,0.8030134895943288,0.8126016287958754,
reach,fresh,donor_persistent_B0,proprio,reference_top10_overlap,100,100,5.24,4.98,5.500000000000001,
reach,fresh,donor_persistent_B0,proprio,winner_changed,100,100,0.64,0.5499999999999999,0.73,
reach,fresh,donor_persistent_B0,proprio,selected_in_reference_minimum_set,100,100,0.36,0.27,0.45000000000000007,
reach,fresh,donor_persistent_B0,proprio,excess_reference_cost,100,100,0.023256216030567885,0.017764078523498025,0.029065946161281313,
reach,fresh,donor_persistent_B0,proprio,excess_reference_cost_percent,100,100,31.790582787535733,24.026517017074994,40.29655909830355,
reach,fresh,donor_persistent_B0,proprio,reference_minimum_ties,100,100,1.0,1.0,1.0000000000000002,
reach,fresh,donor_persistent_B0,proprio,selected_minimum_ties,100,100,1.0,1.0,1.0000000000000002,
reach,fresh,donor_persistent_B0,proprio,reference_top10_cutoff_ties,100,100,1.0,1.0,1.0000000000000002,
reach,fresh,donor_persistent_B0,proprio,selected_top10_cutoff_ties,100,100,1.0,1.0,1.0000000000000002,
reach,fresh,donor_persistent_B0,visual,reference_spearman,100,100,0.7957717422984172,0.7905494493383767,0.8010217262102046,
reach,fresh,donor_persistent_B0,visual,reference_top10_overlap,100,100,4.56,4.32,4.8100000000000005,
reach,fresh,donor_persistent_B0,visual,winner_changed,100,100,0.71,0.62,0.7999999999999999,
reach,fresh,donor_persistent_B0,visual,selected_in_reference_minimum_set,100,100,0.29,0.2,0.38,
reach,fresh,donor_persistent_B0,visual,excess_reference_cost,100,100,0.0857647705078125,0.06632557773590088,0.10627623349428175,
reach,fresh,donor_persistent_B0,visual,excess_reference_cost_percent,100,100,4.7083077493186885,3.5238348925720158,5.9950753330814175,
reach,fresh,donor_persistent_B0,visual,reference_minimum_ties,100,100,1.0,1.0,1.0000000000000002,
reach,fresh,donor_persistent_B0,visual,selected_minimum_ties,100,100,1.0,1.0,1.0000000000000002,
reach,fresh,donor_persistent_B0,visual,reference_top10_cutoff_ties,100,100,1.0,1.0,1.0000000000000002,
reach,fresh,donor_persistent_B0,visual,selected_top10_cutoff_ties,100,100,1.0,1.0,1.0000000000000002,
reach,fresh,donor_persistent_B1,official,reference_spearman,100,100,0.943665268142662,0.9418071561350385,0.945465689199661,
reach,fresh,donor_persistent_B1,official,reference_top10_overlap,100,100,6.8,6.6000000000000005,7.000000000000001,
reach,fresh,donor_persistent_B1,official,winner_changed,100,100,0.45,0.35000000000000003,0.55,
reach,fresh,donor_persistent_B1,official,selected_in_reference_minimum_set,100,100,0.55,0.45,0.6499999999999999,
reach,fresh,donor_persistent_B1,official,excess_reference_cost,100,100,0.029484394788742065,0.020392762660980224,0.03957207894325256,
reach,fresh,donor_persistent_B1,official,excess_reference_cost_percent,100,100,1.5610231385227769,1.070986150001472,2.1035037093506226,
reach,fresh,donor_persistent_B1,official,reference_minimum_ties,100,100,1.0,1.0,1.0000000000000002,
reach,fresh,donor_persistent_B1,official,selected_minimum_ties,100,100,1.0,1.0,1.0000000000000002,
reach,fresh,donor_persistent_B1,official,reference_top10_cutoff_ties,100,100,1.0,1.0,1.0000000000000002,
reach,fresh,donor_persistent_B1,official,selected_top10_cutoff_ties,100,100,1.0,1.0,1.0000000000000002,
reach,fresh,donor_persistent_B1,proprio,reference_spearman,100,100,0.952275994177713,0.950707734308159,0.9537921910243448,
reach,fresh,donor_persistent_B1,proprio,reference_top10_overlap,100,100,7.26,7.0600000000000005,7.460000000000001,
reach,fresh,donor_persistent_B1,proprio,winner_changed,100,100,0.4,0.31,0.5,
reach,fresh,donor_persistent_B1,proprio,selected_in_reference_minimum_set,100,100,0.6,0.5,0.6900000000000001,
reach,fresh,donor_persistent_B1,proprio,excess_reference_cost,100,100,0.004649302903562785,0.0029621024113148453,0.006640597237739711,
reach,fresh,donor_persistent_B1,proprio,excess_reference_cost_percent,100,100,6.947525220545925,4.560457513913966,9.654560395697619,
reach,fresh,donor_persistent_B1,proprio,reference_minimum_ties,100,100,1.0,1.0,1.0000000000000002,
reach,fresh,donor_persistent_B1,proprio,selected_minimum_ties,100,100,1.0,1.0,1.0000000000000002,
reach,fresh,donor_persistent_B1,proprio,reference_top10_cutoff_ties,100,100,1.0,1.0,1.0000000000000002,
reach,fresh,donor_persistent_B1,proprio,selected_top10_cutoff_ties,100,100,1.0,1.0,1.0000000000000002,
reach,fresh,donor_persistent_B1,visual,reference_spearman,100,100,0.9427296145009688,0.9407993814792919,0.9446156013947277,
reach,fresh,donor_persistent_B1,visual,reference_top10_overlap,100,100,6.75,6.5200000000000005,6.980000000000001,
reach,fresh,donor_persistent_B1,visual,winner_changed,100,100,0.49,0.39,0.59,
reach,fresh,donor_persistent_B1,visual,selected_in_reference_minimum_set,100,100,0.51,0.41000000000000003,0.61,
reach,fresh,donor_persistent_B1,visual,excess_reference_cost,100,100,0.030007349252700807,0.02113809704780579,0.039774451851844785,
reach,fresh,donor_persistent_B1,visual,excess_reference_cost_percent,100,100,1.568079064529947,1.0966990845951676,2.094242589882473,
reach,fresh,donor_persistent_B1,visual,reference_minimum_ties,100,100,1.0,1.0,1.0000000000000002,
reach,fresh,donor_persistent_B1,visual,selected_minimum_ties,100,100,1.0,1.0,1.0000000000000002,
reach,fresh,donor_persistent_B1,visual,reference_top10_cutoff_ties,100,100,1.0,1.0,1.0000000000000002,
reach,fresh,donor_persistent_B1,visual,selected_top10_cutoff_ties,100,100,1.0,1.0,1.0000000000000002,
reach,fresh,donor_persistent_B2,official,reference_spearman,100,100,0.7933609038150968,0.7876771456740677,0.7988982082142737,
reach,fresh,donor_persistent_B2,official,reference_top10_overlap,100,100,4.51,4.26975,4.76,
reach,fresh,donor_persistent_B2,official,winner_changed,100,100,0.67,0.58,0.76,
reach,fresh,donor_persistent_B2,official,selected_in_reference_minimum_set,100,100,0.33,0.24,0.42000000000000004,
reach,fresh,donor_persistent_B2,official,excess_reference_cost,100,100,0.08402572631835938,0.06477441090345383,0.10486758583784102,
reach,fresh,donor_persistent_B2,official,excess_reference_cost_percent,100,100,4.446705797446395,3.3605842911650448,5.652195784717891,
reach,fresh,donor_persistent_B2,official,reference_minimum_ties,100,100,1.0,1.0,1.0000000000000002,
reach,fresh,donor_persistent_B2,official,selected_minimum_ties,100,100,1.0,1.0,1.0000000000000002,
reach,fresh,donor_persistent_B2,official,reference_top10_cutoff_ties,100,100,1.0,1.0,1.0000000000000002,
reach,fresh,donor_persistent_B2,official,selected_top10_cutoff_ties,100,100,1.0,1.0,1.0000000000000002,
reach,fresh,donor_persistent_B2,proprio,reference_spearman,100,100,0.8117178990877677,0.8071721805797842,0.8161731424793609,
reach,fresh,donor_persistent_B2,proprio,reference_top10_overlap,100,100,5.28,5.02,5.550000000000001,
reach,fresh,donor_persistent_B2,proprio,winner_changed,100,100,0.63,0.5399999999999999,0.7200000000000001,
reach,fresh,donor_persistent_B2,proprio,selected_in_reference_minimum_set,100,100,0.37,0.27999999999999997,0.46,
reach,fresh,donor_persistent_B2,proprio,excess_reference_cost,100,100,0.023155586402863262,0.01774085342977196,0.028990018795244384,
reach,fresh,donor_persistent_B2,proprio,excess_reference_cost_percent,100,100,32.15919848785704,24.33897579033407,40.70085604497247,
reach,fresh,donor_persistent_B2,proprio,reference_minimum_ties,100,100,1.0,1.0,1.0000000000000002,
reach,fresh,donor_persistent_B2,proprio,selected_minimum_ties,100,100,1.0,1.0,1.0000000000000002,
reach,fresh,donor_persistent_B2,proprio,reference_top10_cutoff_ties,100,100,1.0,1.0,1.0000000000000002,
reach,fresh,donor_persistent_B2,proprio,selected_top10_cutoff_ties,100,100,1.0,1.0,1.0000000000000002,
reach,fresh,donor_persistent_B2,visual,reference_spearman,100,100,0.7914566871253544,0.7856200545231872,0.7971374676192289,
reach,fresh,donor_persistent_B2,visual,reference_top10_overlap,100,100,4.45,4.2,4.700000000000001,
reach,fresh,donor_persistent_B2,visual,winner_changed,100,100,0.69,0.6,0.78,
reach,fresh,donor_persistent_B2,visual,selected_in_reference_minimum_set,100,100,0.31,0.22000000000000003,0.4,
reach,fresh,donor_persistent_B2,visual,excess_reference_cost,100,100,0.08186853170394898,0.06300609210133552,0.10217287430167195,
reach,fresh,donor_persistent_B2,visual,excess_reference_cost_percent,100,100,4.3609633421134735,3.2889064393209253,5.54613930832673,
reach,fresh,donor_persistent_B2,visual,reference_minimum_ties,100,100,1.0,1.0,1.0000000000000002,
reach,fresh,donor_persistent_B2,visual,selected_minimum_ties,100,100,1.0,1.0,1.0000000000000002,
reach,fresh,donor_persistent_B2,visual,reference_top10_cutoff_ties,100,100,1.0,1.0,1.0000000000000002,
reach,fresh,donor_persistent_B2,visual,selected_top10_cutoff_ties,100,100,1.0,1.0,1.0000000000000002,
reach,fresh,donor_persistent_B3,official,reference_spearman,100,100,0.7577531635229487,0.7518528947770182,0.763571780806875,
reach,fresh,donor_persistent_B3,official,reference_top10_overlap,100,100,4.15,3.890000000000001,4.4,
reach,fresh,donor_persistent_B3,official,winner_changed,100,100,0.74,0.65,0.8200000000000001,
reach,fresh,donor_persistent_B3,official,selected_in_reference_minimum_set,100,100,0.26,0.18,0.35,
reach,fresh,donor_persistent_B3,official,excess_reference_cost,100,100,0.1178723394870758,0.09282744804024695,0.1444510431587695,
reach,fresh,donor_persistent_B3,official,excess_reference_cost_percent,100,100,6.52354483257201,4.9577564606382625,8.263016602870103,
reach,fresh,donor_persistent_B3,official,reference_minimum_ties,100,100,1.0,1.0,1.0000000000000002,
reach,fresh,donor_persistent_B3,official,selected_minimum_ties,100,100,1.0,1.0,1.0000000000000002,
reach,fresh,donor_persistent_B3,official,reference_top10_cutoff_ties,100,100,1.0,1.0,1.0000000000000002,
reach,fresh,donor_persistent_B3,official,selected_top10_cutoff_ties,100,100,1.0,1.0,1.0000000000000002,
reach,fresh,donor_persistent_B3,proprio,reference_spearman,100,100,0.772583850931677,0.7673340591562129,0.7777525200280002,
reach,fresh,donor_persistent_B3,proprio,reference_top10_overlap,100,100,4.72,4.450000000000001,4.990000000000001,
reach,fresh,donor_persistent_B3,proprio,winner_changed,100,100,0.69,0.6,0.78,
reach,fresh,donor_persistent_B3,proprio,selected_in_reference_minimum_set,100,100,0.31,0.22000000000000003,0.4,
reach,fresh,donor_persistent_B3,proprio,excess_reference_cost,100,100,0.029546257089823485,0.022895619244780393,0.03676596570061519,
reach,fresh,donor_persistent_B3,proprio,excess_reference_cost_percent,100,100,40.37864450629348,31.201897796214862,50.36164889085139,
reach,fresh,donor_persistent_B3,proprio,reference_minimum_ties,100,100,1.0,1.0,1.0000000000000002,
reach,fresh,donor_persistent_B3,proprio,selected_minimum_ties,100,100,1.0,1.0,1.0000000000000002,
reach,fresh,donor_persistent_B3,proprio,reference_top10_cutoff_ties,100,100,1.0,1.0,1.0000000000000002,
reach,fresh,donor_persistent_B3,proprio,selected_top10_cutoff_ties,100,100,1.0,1.0,1.0000000000000002,
reach,fresh,donor_persistent_B3,visual,reference_spearman,100,100,0.7558814032999982,0.7498222482797479,0.7618702140802831,
reach,fresh,donor_persistent_B3,visual,reference_top10_overlap,100,100,4.12,3.860000000000001,4.380000000000001,
reach,fresh,donor_persistent_B3,visual,winner_changed,100,100,0.76,0.67,0.8400000000000001,
reach,fresh,donor_persistent_B3,visual,selected_in_reference_minimum_set,100,100,0.24,0.16,0.32999999999999996,
reach,fresh,donor_persistent_B3,visual,excess_reference_cost,100,100,0.11520429253578186,0.09067390760779381,0.1414225963354111,
reach,fresh,donor_persistent_B3,visual,excess_reference_cost_percent,100,100,6.415205707016152,4.87036332240348,8.133098061388216,
reach,fresh,donor_persistent_B3,visual,reference_minimum_ties,100,100,1.0,1.0,1.0000000000000002,
reach,fresh,donor_persistent_B3,visual,selected_minimum_ties,100,100,1.0,1.0,1.0000000000000002,
reach,fresh,donor_persistent_B3,visual,reference_top10_cutoff_ties,100,100,1.0,1.0,1.0000000000000002,
reach,fresh,donor_persistent_B3,visual,selected_top10_cutoff_ties,100,100,1.0,1.0,1.0000000000000002,
reach,fresh,donor_persistent_B4,official,reference_spearman,100,100,0.7976836642699041,0.7901035152159888,0.8049128542581687,
reach,fresh,donor_persistent_B4,official,reference_top10_overlap,100,100,4.47,4.200000000000001,4.740000000000001,
reach,fresh,donor_persistent_B4,official,winner_changed,100,100,0.69,0.6,0.78,
reach,fresh,donor_persistent_B4,official,selected_in_reference_minimum_set,100,100,0.31,0.22000000000000003,0.4,
reach,fresh,donor_persistent_B4,official,excess_reference_cost,100,100,0.09226154565811157,0.07178098231554031,0.1138029488325119,
reach,fresh,donor_persistent_B4,official,excess_reference_cost_percent,100,100,4.946696567429393,3.7290836283160353,6.248973486551507,
reach,fresh,donor_persistent_B4,official,reference_minimum_ties,100,100,1.0,1.0,1.0000000000000002,
reach,fresh,donor_persistent_B4,official,selected_minimum_ties,100,100,1.0,1.0,1.0000000000000002,
reach,fresh,donor_persistent_B4,official,reference_top10_cutoff_ties,100,100,1.0,1.0,1.0000000000000002,
reach,fresh,donor_persistent_B4,official,selected_top10_cutoff_ties,100,100,1.0,1.0,1.0000000000000002,
reach,fresh,donor_persistent_B4,proprio,reference_spearman,100,100,0.8313390193224369,0.8264734164824054,0.8360251958355094,
reach,fresh,donor_persistent_B4,proprio,reference_top10_overlap,100,100,5.26,4.999750000000001,5.520000000000001,
reach,fresh,donor_persistent_B4,proprio,winner_changed,100,100,0.65,0.5599999999999999,0.74,
reach,fresh,donor_persistent_B4,proprio,selected_in_reference_minimum_set,100,100,0.35,0.26,0.44000000000000006,
reach,fresh,donor_persistent_B4,proprio,excess_reference_cost,100,100,0.019053778816014527,0.014392758634407074,0.024093176495283843,
reach,fresh,donor_persistent_B4,proprio,excess_reference_cost_percent,100,100,28.968967844979915,21.472432210716846,37.21210522090485,
reach,fresh,donor_persistent_B4,proprio,reference_minimum_ties,100,100,1.0,1.0,1.0000000000000002,
reach,fresh,donor_persistent_B4,proprio,selected_minimum_ties,100,100,1.0,1.0,1.0000000000000002,
reach,fresh,donor_persistent_B4,proprio,reference_top10_cutoff_ties,100,100,1.0,1.0,1.0000000000000002,
reach,fresh,donor_persistent_B4,proprio,selected_top10_cutoff_ties,100,100,1.0,1.0,1.0000000000000002,
reach,fresh,donor_persistent_B4,visual,reference_spearman,100,100,0.7951020756818754,0.7874454037517107,0.8024374779767145,
reach,fresh,donor_persistent_B4,visual,reference_top10_overlap,100,100,4.42,4.15,4.690000000000001,
reach,fresh,donor_persistent_B4,visual,winner_changed,100,100,0.71,0.62,0.7999999999999999,
reach,fresh,donor_persistent_B4,visual,selected_in_reference_minimum_set,100,100,0.29,0.2,0.38,
reach,fresh,donor_persistent_B4,visual,excess_reference_cost,100,100,0.08812259554862976,0.0682972438633442,0.10903676250576973,
reach,fresh,donor_persistent_B4,visual,excess_reference_cost_percent,100,100,4.776203023558166,3.585647767352488,6.05915752916193,
reach,fresh,donor_persistent_B4,visual,reference_minimum_ties,100,100,1.0,1.0,1.0000000000000002,
reach,fresh,donor_persistent_B4,visual,selected_minimum_ties,100,100,1.0,1.0,1.0000000000000002,
reach,fresh,donor_persistent_B4,visual,reference_top10_cutoff_ties,100,100,1.0,1.0,1.0000000000000002,
reach,fresh,donor_persistent_B4,visual,selected_top10_cutoff_ties,100,100,1.0,1.0,1.0000000000000002,
reach,fresh,donor_persistent_B5,official,reference_spearman,100,100,0.7512245856330314,0.7447153571806368,0.7575653624654165,
reach,fresh,donor_persistent_B5,official,reference_top10_overlap,100,100,3.98,3.7200000000000006,4.24,
reach,fresh,donor_persistent_B5,official,winner_changed,100,100,0.75,0.66,0.8300000000000001,
reach,fresh,donor_persistent_B5,official,selected_in_reference_minimum_set,100,100,0.25,0.16999999999999998,0.33999999999999997,
reach,fresh,donor_persistent_B5,official,excess_reference_cost,100,100,0.11709676742553711,0.09216210609674454,0.14348721083998678,
reach,fresh,donor_persistent_B5,official,excess_reference_cost_percent,100,100,6.492508878211001,4.914569362587993,8.238979462106126,
reach,fresh,donor_persistent_B5,official,reference_minimum_ties,100,100,1.0,1.0,1.0000000000000002,
reach,fresh,donor_persistent_B5,official,selected_minimum_ties,100,100,1.0,1.0,1.0000000000000002,
reach,fresh,donor_persistent_B5,official,reference_top10_cutoff_ties,100,100,1.0,1.0,1.0000000000000002,
reach,fresh,donor_persistent_B5,official,selected_top10_cutoff_ties,100,100,1.0,1.0,1.0000000000000002,
reach,fresh,donor_persistent_B5,proprio,reference_spearman,100,100,0.773552958050127,0.7681616744273696,0.778858121276779,
reach,fresh,donor_persistent_B5,proprio,reference_top10_overlap,100,100,4.59,4.3100000000000005,4.870000000000001,
reach,fresh,donor_persistent_B5,proprio,winner_changed,100,100,0.69,0.6,0.78,
reach,fresh,donor_persistent_B5,proprio,selected_in_reference_minimum_set,100,100,0.31,0.22,0.4,
reach,fresh,donor_persistent_B5,proprio,excess_reference_cost,100,100,0.030070769228041173,0.023556375983636826,0.03720863703452049,
reach,fresh,donor_persistent_B5,proprio,excess_reference_cost_percent,100,100,43.562832450480684,33.96824350071302,53.92332238876604,
reach,fresh,donor_persistent_B5,proprio,reference_minimum_ties,100,100,1.0,1.0,1.0000000000000002,
reach,fresh,donor_persistent_B5,proprio,selected_minimum_ties,100,100,1.0,1.0,1.0000000000000002,
reach,fresh,donor_persistent_B5,proprio,reference_top10_cutoff_ties,100,100,1.0,1.0,1.0000000000000002,
reach,fresh,donor_persistent_B5,proprio,selected_top10_cutoff_ties,100,100,1.0,1.0,1.0000000000000002,
reach,fresh,donor_persistent_B5,visual,reference_spearman,100,100,0.7491475309126733,0.7425511677579875,0.7556284339502765,
reach,fresh,donor_persistent_B5,visual,reference_top10_overlap,100,100,3.95,3.690000000000001,4.210000000000001,
reach,fresh,donor_persistent_B5,visual,winner_changed,100,100,0.77,0.68,0.8500000000000001,
reach,fresh,donor_persistent_B5,visual,selected_in_reference_minimum_set,100,100,0.23,0.15000000000000002,0.31999999999999995,
reach,fresh,donor_persistent_B5,visual,excess_reference_cost,100,100,0.11601633548736573,0.09169109076261521,0.14205720362067223,
reach,fresh,donor_persistent_B5,visual,excess_reference_cost_percent,100,100,6.474119905594935,4.912291465665146,8.212429736671725,
reach,fresh,donor_persistent_B5,visual,reference_minimum_ties,100,100,1.0,1.0,1.0000000000000002,
reach,fresh,donor_persistent_B5,visual,selected_minimum_ties,100,100,1.0,1.0,1.0000000000000002,
reach,fresh,donor_persistent_B5,visual,reference_top10_cutoff_ties,100,100,1.0,1.0,1.0000000000000002,
reach,fresh,donor_persistent_B5,visual,selected_top10_cutoff_ties,100,100,1.0,1.0,1.0000000000000002,
reach,fresh,native,official,reference_spearman,100,100,0.7476335623244807,0.7410988810564769,0.7540123454061614,
reach,fresh,native,official,reference_top10_overlap,100,100,3.97,3.7100000000000004,4.23,
reach,fresh,native,official,winner_changed,100,100,0.75,0.66,0.8300000000000001,
reach,fresh,native,official,selected_in_reference_minimum_set,100,100,0.25,0.16999999999999998,0.33999999999999997,
reach,fresh,native,official,excess_reference_cost,100,100,0.12031949043273926,0.0950175814628601,0.14736294183135032,
reach,fresh,native,official,excess_reference_cost_percent,100,100,6.648844812154515,5.0459277791509445,8.397616854752918,
reach,fresh,native,official,reference_minimum_ties,100,100,1.0,1.0,1.0000000000000002,
reach,fresh,native,official,selected_minimum_ties,100,100,1.0,1.0,1.0000000000000002,
reach,fresh,native,official,reference_top10_cutoff_ties,100,100,1.0,1.0,1.0000000000000002,
reach,fresh,native,official,selected_top10_cutoff_ties,100,100,1.0,1.0,1.0000000000000002,
reach,fresh,native,proprio,reference_spearman,100,100,0.7701274276304716,0.7646697222103003,0.7755317204327284,
reach,fresh,native,proprio,reference_top10_overlap,100,100,4.54,4.260000000000001,4.82,
reach,fresh,native,proprio,winner_changed,100,100,0.7,0.61,0.79,
reach,fresh,native,proprio,selected_in_reference_minimum_set,100,100,0.3,0.21000000000000002,0.39,
reach,fresh,native,proprio,excess_reference_cost,100,100,0.031737884543836116,0.024980210362002254,0.03904016541456804,
reach,fresh,native,proprio,excess_reference_cost_percent,100,100,47.07041072901227,36.5942674964537,58.48371538805881,
reach,fresh,native,proprio,reference_minimum_ties,100,100,1.0,1.0,1.0000000000000002,
reach,fresh,native,proprio,selected_minimum_ties,100,100,1.0,1.0,1.0000000000000002,
reach,fresh,native,proprio,reference_top10_cutoff_ties,100,100,1.0,1.0,1.0000000000000002,
reach,fresh,native,proprio,selected_top10_cutoff_ties,100,100,1.0,1.0,1.0000000000000002,
reach,fresh,native,visual,reference_spearman,100,100,0.745629430761608,0.7390053506595333,0.7521425503815035,
reach,fresh,native,visual,reference_top10_overlap,100,100,3.95,3.6800000000000006,4.220000000000001,
reach,fresh,native,visual,winner_changed,100,100,0.77,0.68,0.8500000000000001,
reach,fresh,native,visual,selected_in_reference_minimum_set,100,100,0.23,0.15000000000000002,0.31999999999999995,
reach,fresh,native,visual,excess_reference_cost,100,100,0.11865215539932251,0.09377988266944885,0.14525987833738324,
reach,fresh,native,visual,excess_reference_cost_percent,100,100,6.604005994892328,5.021597516777477,8.337454933589502,
reach,fresh,native,visual,reference_minimum_ties,100,100,1.0,1.0,1.0000000000000002,
reach,fresh,native,visual,selected_minimum_ties,100,100,1.0,1.0,1.0000000000000002,
reach,fresh,native,visual,reference_top10_cutoff_ties,100,100,1.0,1.0,1.0000000000000002,
reach,fresh,native,visual,selected_top10_cutoff_ties,100,100,1.0,1.0,1.0000000000000002,
reach,fresh,random_isotropic_B0,official,reference_spearman,100,100,0.7468650195932937,0.7403051024690915,0.7532722644393676,
reach,fresh,random_isotropic_B0,official,reference_top10_overlap,100,100,4.01,3.7500000000000004,4.28,
reach,fresh,random_isotropic_B0,official,winner_changed,100,100,0.73,0.64,0.81,
reach,fresh,random_isotropic_B0,official,selected_in_reference_minimum_set,100,100,0.27,0.19,0.36,
reach,fresh,random_isotropic_B0,official,excess_reference_cost,100,100,0.11831929802894592,0.09278613144159317,0.1451975594460964,
reach,fresh,random_isotropic_B0,official,excess_reference_cost_percent,100,100,6.580501292784712,4.965315449045508,8.354827627198757,
reach,fresh,random_isotropic_B0,official,reference_minimum_ties,100,100,1.0,1.0,1.0000000000000002,
reach,fresh,random_isotropic_B0,official,selected_minimum_ties,100,100,1.0,1.0,1.0000000000000002,
reach,fresh,random_isotropic_B0,official,reference_top10_cutoff_ties,100,100,1.0,1.0,1.0000000000000002,
reach,fresh,random_isotropic_B0,official,selected_top10_cutoff_ties,100,100,1.0,1.0,1.0000000000000002,
reach,fresh,random_isotropic_B0,proprio,reference_spearman,100,100,0.7695288703207814,0.7640868819653552,0.7749124881387571,
reach,fresh,random_isotropic_B0,proprio,reference_top10_overlap,100,100,4.54,4.270000000000001,4.800000000000002,
reach,fresh,random_isotropic_B0,proprio,winner_changed,100,100,0.71,0.62,0.7999999999999999,
reach,fresh,random_isotropic_B0,proprio,selected_in_reference_minimum_set,100,100,0.29,0.2,0.38,
reach,fresh,random_isotropic_B0,proprio,excess_reference_cost,100,100,0.032132894694805146,0.02515839882288128,0.039621520933695115,
reach,fresh,random_isotropic_B0,proprio,excess_reference_cost_percent,100,100,50.13718685592373,38.32768994951763,62.96199446761205,
reach,fresh,random_isotropic_B0,proprio,reference_minimum_ties,100,100,1.0,1.0,1.0000000000000002,
reach,fresh,random_isotropic_B0,proprio,selected_minimum_ties,100,100,1.0,1.0,1.0000000000000002,
reach,fresh,random_isotropic_B0,proprio,reference_top10_cutoff_ties,100,100,1.0,1.0,1.0000000000000002,
reach,fresh,random_isotropic_B0,proprio,selected_top10_cutoff_ties,100,100,1.0,1.0,1.0000000000000002,
reach,fresh,random_isotropic_B0,visual,reference_spearman,100,100,0.7449069873744594,0.7382378275598351,0.7514681836860667,
reach,fresh,random_isotropic_B0,visual,reference_top10_overlap,100,100,3.97,3.710000000000001,4.23,
reach,fresh,random_isotropic_B0,visual,winner_changed,100,100,0.75,0.66,0.8300000000000001,
reach,fresh,random_isotropic_B0,visual,selected_in_reference_minimum_set,100,100,0.25,0.16999999999999998,0.33999999999999997,
reach,fresh,random_isotropic_B0,visual,excess_reference_cost,100,100,0.11708636283874511,0.09202300396561622,0.1436376191675663,
reach,fresh,random_isotropic_B0,visual,excess_reference_cost_percent,100,100,6.556048421411139,4.962752161974682,8.304212648689516,
reach,fresh,random_isotropic_B0,visual,reference_minimum_ties,100,100,1.0,1.0,1.0000000000000002,
reach,fresh,random_isotropic_B0,visual,selected_minimum_ties,100,100,1.0,1.0,1.0000000000000002,
reach,fresh,random_isotropic_B0,visual,reference_top10_cutoff_ties,100,100,1.0,1.0,1.0000000000000002,
reach,fresh,random_isotropic_B0,visual,selected_top10_cutoff_ties,100,100,1.0,1.0,1.0000000000000002,
reach,fresh,random_isotropic_B1,official,reference_spearman,100,100,0.7468237569242215,0.7402316882700698,0.7532424684030513,
reach,fresh,random_isotropic_B1,official,reference_top10_overlap,100,100,3.97,3.710000000000001,4.23,
reach,fresh,random_isotropic_B1,official,winner_changed,100,100,0.74,0.65,0.8200000000000001,
reach,fresh,random_isotropic_B1,official,selected_in_reference_minimum_set,100,100,0.26,0.18,0.35,
reach,fresh,random_isotropic_B1,official,excess_reference_cost,100,100,0.11969327211380004,0.09408993530273439,0.146548846244812,
reach,fresh,random_isotropic_B1,official,excess_reference_cost_percent,100,100,6.682031701443801,5.034146728600402,8.471426182466594,
reach,fresh,random_isotropic_B1,official,reference_minimum_ties,100,100,1.0,1.0,1.0000000000000002,
reach,fresh,random_isotropic_B1,official,selected_minimum_ties,100,100,1.0,1.0,1.0000000000000002,
reach,fresh,random_isotropic_B1,official,reference_top10_cutoff_ties,100,100,1.0,1.0,1.0000000000000002,
reach,fresh,random_isotropic_B1,official,selected_top10_cutoff_ties,100,100,1.0,1.0,1.0000000000000002,
reach,fresh,random_isotropic_B1,proprio,reference_spearman,100,100,0.769521088012089,0.7640034870387449,0.7749549452771698,
reach,fresh,random_isotropic_B1,proprio,reference_top10_overlap,100,100,4.5,4.23,4.7700000000000005,
reach,fresh,random_isotropic_B1,proprio,winner_changed,100,100,0.69,0.6,0.78,
reach,fresh,random_isotropic_B1,proprio,selected_in_reference_minimum_set,100,100,0.31,0.22000000000000003,0.4,
reach,fresh,random_isotropic_B1,proprio,excess_reference_cost,100,100,0.029656339045614002,0.023205357500351968,0.03669216478569431,
reach,fresh,random_isotropic_B1,proprio,excess_reference_cost_percent,100,100,42.57535092200671,33.15378915421627,52.81756596617447,
reach,fresh,random_isotropic_B1,proprio,reference_minimum_ties,100,100,1.0,1.0,1.0000000000000002,
reach,fresh,random_isotropic_B1,proprio,selected_minimum_ties,100,100,1.0,1.0,1.0000000000000002,
reach,fresh,random_isotropic_B1,proprio,reference_top10_cutoff_ties,100,100,1.0,1.0,1.0000000000000002,
reach,fresh,random_isotropic_B1,proprio,selected_top10_cutoff_ties,100,100,1.0,1.0,1.0000000000000002,
reach,fresh,random_isotropic_B1,visual,reference_spearman,100,100,0.7448423103933,0.7381721809613,0.751411954096251,
reach,fresh,random_isotropic_B1,visual,reference_top10_overlap,100,100,3.94,3.6900000000000004,4.190000000000001,
reach,fresh,random_isotropic_B1,visual,winner_changed,100,100,0.76,0.67,0.8400000000000001,
reach,fresh,random_isotropic_B1,visual,selected_in_reference_minimum_set,100,100,0.24,0.16,0.32999999999999996,
reach,fresh,random_isotropic_B1,visual,excess_reference_cost,100,100,0.11640977621078491,0.0912459203004837,0.14293370959162707,
reach,fresh,random_isotropic_B1,visual,excess_reference_cost_percent,100,100,6.545774582727096,4.920716682444462,8.315577069421051,
reach,fresh,random_isotropic_B1,visual,reference_minimum_ties,100,100,1.0,1.0,1.0000000000000002,
reach,fresh,random_isotropic_B1,visual,selected_minimum_ties,100,100,1.0,1.0,1.0000000000000002,
reach,fresh,random_isotropic_B1,visual,reference_top10_cutoff_ties,100,100,1.0,1.0,1.0000000000000002,
reach,fresh,random_isotropic_B1,visual,selected_top10_cutoff_ties,100,100,1.0,1.0,1.0000000000000002,
reach,fresh,random_isotropic_B2,official,reference_spearman,100,100,0.7474152227267298,0.7408295116051812,0.7538370412332493,
reach,fresh,random_isotropic_B2,official,reference_top10_overlap,100,100,4.01,3.740000000000001,4.270000000000001,
reach,fresh,random_isotropic_B2,official,winner_changed,100,100,0.73,0.64,0.81,
reach,fresh,random_isotropic_B2,official,selected_in_reference_minimum_set,100,100,0.27,0.19,0.36,
reach,fresh,random_isotropic_B2,official,excess_reference_cost,100,100,0.12021571636199951,0.0942319906949997,0.1474388660788536,
reach,fresh,random_isotropic_B2,official,excess_reference_cost_percent,100,100,6.682743681825287,5.033519405970841,8.47443445267289,
reach,fresh,random_isotropic_B2,official,reference_minimum_ties,100,100,1.0,1.0,1.0000000000000002,
reach,fresh,random_isotropic_B2,official,selected_minimum_ties,100,100,1.0,1.0,1.0000000000000002,
reach,fresh,random_isotropic_B2,official,reference_top10_cutoff_ties,100,100,1.0,1.0,1.0000000000000002,
reach,fresh,random_isotropic_B2,official,selected_top10_cutoff_ties,100,100,1.0,1.0,1.0000000000000002,
reach,fresh,random_isotropic_B2,proprio,reference_spearman,100,100,0.7698553526040706,0.7643028674763053,0.7753389953565104,
reach,fresh,random_isotropic_B2,proprio,reference_top10_overlap,100,100,4.56,4.280000000000001,4.840000000000001,
reach,fresh,random_isotropic_B2,proprio,winner_changed,100,100,0.68,0.59,0.77,
reach,fresh,random_isotropic_B2,proprio,selected_in_reference_minimum_set,100,100,0.32,0.23,0.41000000000000003,
reach,fresh,random_isotropic_B2,proprio,excess_reference_cost,100,100,0.029468918852508068,0.022842172143515197,0.0366825272985734,
reach,fresh,random_isotropic_B2,proprio,excess_reference_cost_percent,100,100,43.05067956522048,33.409031803967046,53.519856239261365,
reach,fresh,random_isotropic_B2,proprio,reference_minimum_ties,100,100,1.0,1.0,1.0000000000000002,
reach,fresh,random_isotropic_B2,proprio,selected_minimum_ties,100,100,1.0,1.0,1.0000000000000002,
reach,fresh,random_isotropic_B2,proprio,reference_top10_cutoff_ties,100,100,1.0,1.0,1.0000000000000002,
reach,fresh,random_isotropic_B2,proprio,selected_top10_cutoff_ties,100,100,1.0,1.0,1.0000000000000002,
reach,fresh,random_isotropic_B2,visual,reference_spearman,100,100,0.7453125339914934,0.7386156532820146,0.7518704410487317,
reach,fresh,random_isotropic_B2,visual,reference_top10_overlap,100,100,3.98,3.7200000000000006,4.23,
reach,fresh,random_isotropic_B2,visual,winner_changed,100,100,0.75,0.66,0.8300000000000001,
reach,fresh,random_isotropic_B2,visual,selected_in_reference_minimum_set,100,100,0.25,0.16999999999999998,0.33999999999999997,
reach,fresh,random_isotropic_B2,visual,excess_reference_cost,100,100,0.11586720585823058,0.090528534501791,0.1425220229923725,
reach,fresh,random_isotropic_B2,visual,excess_reference_cost_percent,100,100,6.500224347099666,4.880615995385675,8.27281293367629,
reach,fresh,random_isotropic_B2,visual,reference_minimum_ties,100,100,1.0,1.0,1.0000000000000002,
reach,fresh,random_isotropic_B2,visual,selected_minimum_ties,100,100,1.0,1.0,1.0000000000000002,
reach,fresh,random_isotropic_B2,visual,reference_top10_cutoff_ties,100,100,1.0,1.0,1.0000000000000002,
reach,fresh,random_isotropic_B2,visual,selected_top10_cutoff_ties,100,100,1.0,1.0,1.0000000000000002,
reach,fresh,random_isotropic_B3,official,reference_spearman,100,100,0.7472573829355068,0.7407637093173524,0.7536339202397156,
reach,fresh,random_isotropic_B3,official,reference_top10_overlap,100,100,3.92,3.6600000000000006,4.170000000000001,
reach,fresh,random_isotropic_B3,official,winner_changed,100,100,0.75,0.66,0.8300000000000001,
reach,fresh,random_isotropic_B3,official,selected_in_reference_minimum_set,100,100,0.25,0.16999999999999998,0.33999999999999997,
reach,fresh,random_isotropic_B3,official,excess_reference_cost,100,100,0.12125056505203247,0.09595523762702943,0.1481134484708309,
reach,fresh,random_isotropic_B3,official,excess_reference_cost_percent,100,100,6.768242584608589,5.14682104806024,8.549986307592032,
reach,fresh,random_isotropic_B3,official,reference_minimum_ties,100,100,1.0,1.0,1.0000000000000002,
reach,fresh,random_isotropic_B3,official,selected_minimum_ties,100,100,1.0,1.0,1.0000000000000002,
reach,fresh,random_isotropic_B3,official,reference_top10_cutoff_ties,100,100,1.0,1.0,1.0000000000000002,
reach,fresh,random_isotropic_B3,official,selected_top10_cutoff_ties,100,100,1.0,1.0,1.0000000000000002,
reach,fresh,random_isotropic_B3,proprio,reference_spearman,100,100,0.7694428338092645,0.7639956870631897,0.7747721954688385,
reach,fresh,random_isotropic_B3,proprio,reference_top10_overlap,100,100,4.58,4.300000000000001,4.860000000000001,
reach,fresh,random_isotropic_B3,proprio,winner_changed,100,100,0.69,0.6,0.78,
reach,fresh,random_isotropic_B3,proprio,selected_in_reference_minimum_set,100,100,0.31,0.22000000000000003,0.4,
reach,fresh,random_isotropic_B3,proprio,excess_reference_cost,100,100,0.028689633402973414,0.022615334258414804,0.03517262622900306,
reach,fresh,random_isotropic_B3,proprio,excess_reference_cost_percent,100,100,43.180615097399006,33.452901077942,53.82139378798648,
reach,fresh,random_isotropic_B3,proprio,reference_minimum_ties,100,100,1.0,1.0,1.0000000000000002,
reach,fresh,random_isotropic_B3,proprio,selected_minimum_ties,100,100,1.0,1.0,1.0000000000000002,
reach,fresh,random_isotropic_B3,proprio,reference_top10_cutoff_ties,100,100,1.0,1.0,1.0000000000000002,
reach,fresh,random_isotropic_B3,proprio,selected_top10_cutoff_ties,100,100,1.0,1.0,1.0000000000000002,
reach,fresh,random_isotropic_B3,visual,reference_spearman,100,100,0.7451995743423171,0.7385884150172243,0.7517334991212858,
reach,fresh,random_isotropic_B3,visual,reference_top10_overlap,100,100,3.91,3.6600000000000006,4.16,
reach,fresh,random_isotropic_B3,visual,winner_changed,100,100,0.77,0.68,0.8500000000000001,
reach,fresh,random_isotropic_B3,visual,selected_in_reference_minimum_set,100,100,0.23,0.15000000000000002,0.31999999999999995,
reach,fresh,random_isotropic_B3,visual,excess_reference_cost,100,100,0.11748197913169861,0.09264935275912284,0.14396799442172048,
reach,fresh,random_isotropic_B3,visual,excess_reference_cost_percent,100,100,6.6124755075088615,4.999040174072983,8.38223696096253,
reach,fresh,random_isotropic_B3,visual,reference_minimum_ties,100,100,1.0,1.0,1.0000000000000002,
reach,fresh,random_isotropic_B3,visual,selected_minimum_ties,100,100,1.0,1.0,1.0000000000000002,
reach,fresh,random_isotropic_B3,visual,reference_top10_cutoff_ties,100,100,1.0,1.0,1.0000000000000002,
reach,fresh,random_isotropic_B3,visual,selected_top10_cutoff_ties,100,100,1.0,1.0,1.0000000000000002,
reach,fresh,random_isotropic_B4,official,reference_spearman,100,100,0.7469358351622125,0.7403344143796613,0.7533758275319983,
reach,fresh,random_isotropic_B4,official,reference_top10_overlap,100,100,4.03,3.7600000000000007,4.290000000000001,
reach,fresh,random_isotropic_B4,official,winner_changed,100,100,0.74,0.65,0.8200000000000001,
reach,fresh,random_isotropic_B4,official,selected_in_reference_minimum_set,100,100,0.26,0.18,0.35,
reach,fresh,random_isotropic_B4,official,excess_reference_cost,100,100,0.11877472996711731,0.09333774241805076,0.14538072821497913,
reach,fresh,random_isotropic_B4,official,excess_reference_cost_percent,100,100,6.52493097284202,4.935059875669137,8.24015396978025,
reach,fresh,random_isotropic_B4,official,reference_minimum_ties,100,100,1.0,1.0,1.0000000000000002,
reach,fresh,random_isotropic_B4,official,selected_minimum_ties,100,100,1.0,1.0,1.0000000000000002,
reach,fresh,random_isotropic_B4,official,reference_top10_cutoff_ties,100,100,1.0,1.0,1.0000000000000002,
reach,fresh,random_isotropic_B4,official,selected_top10_cutoff_ties,100,100,1.0,1.0,1.0000000000000002,
reach,fresh,random_isotropic_B4,proprio,reference_spearman,100,100,0.7685012233469259,0.7629686964299603,0.7738982483138702,
reach,fresh,random_isotropic_B4,proprio,reference_top10_overlap,100,100,4.65,4.380000000000001,4.920000000000002,
reach,fresh,random_isotropic_B4,proprio,winner_changed,100,100,0.69,0.6,0.78,
reach,fresh,random_isotropic_B4,proprio,selected_in_reference_minimum_set,100,100,0.31,0.22000000000000003,0.4,
reach,fresh,random_isotropic_B4,proprio,excess_reference_cost,100,100,0.02912996765226126,0.022844830504152924,0.03598410335602238,
reach,fresh,random_isotropic_B4,proprio,excess_reference_cost_percent,100,100,44.14583526308083,33.7042250670914,55.5805820473835,
reach,fresh,random_isotropic_B4,proprio,reference_minimum_ties,100,100,1.0,1.0,1.0000000000000002,
reach,fresh,random_isotropic_B4,proprio,selected_minimum_ties,100,100,1.0,1.0,1.0000000000000002,
reach,fresh,random_isotropic_B4,proprio,reference_top10_cutoff_ties,100,100,1.0,1.0,1.0000000000000002,
reach,fresh,random_isotropic_B4,proprio,selected_top10_cutoff_ties,100,100,1.0,1.0,1.0000000000000002,
reach,fresh,random_isotropic_B4,visual,reference_spearman,100,100,0.744918169828592,0.738212408813999,0.7515187674644108,
reach,fresh,random_isotropic_B4,visual,reference_top10_overlap,100,100,3.9,3.6300000000000003,4.17,
reach,fresh,random_isotropic_B4,visual,winner_changed,100,100,0.76,0.67,0.8400000000000001,
reach,fresh,random_isotropic_B4,visual,selected_in_reference_minimum_set,100,100,0.24,0.16,0.32999999999999996,
reach,fresh,random_isotropic_B4,visual,excess_reference_cost,100,100,0.11494341492652893,0.0900293415784836,0.1410102311372757,
reach,fresh,random_isotropic_B4,visual,excess_reference_cost_percent,100,100,6.366844124183415,4.801822001839369,8.0702268138976,
reach,fresh,random_isotropic_B4,visual,reference_minimum_ties,100,100,1.0,1.0,1.0000000000000002,
reach,fresh,random_isotropic_B4,visual,selected_minimum_ties,100,100,1.0,1.0,1.0000000000000002,
reach,fresh,random_isotropic_B4,visual,reference_top10_cutoff_ties,100,100,1.0,1.0,1.0000000000000002,
reach,fresh,random_isotropic_B4,visual,selected_top10_cutoff_ties,100,100,1.0,1.0,1.0000000000000002,
reach,fresh,random_isotropic_B5,official,reference_spearman,100,100,0.7473982831440867,0.740948886458161,0.7537336142049732,
reach,fresh,random_isotropic_B5,official,reference_top10_overlap,100,100,4.01,3.76,4.260000000000001,
reach,fresh,random_isotropic_B5,official,winner_changed,100,100,0.76,0.67,0.8400000000000001,
reach,fresh,random_isotropic_B5,official,selected_in_reference_minimum_set,100,100,0.24,0.16,0.32999999999999996,
reach,fresh,random_isotropic_B5,official,excess_reference_cost,100,100,0.12360536694526672,0.0976751549243927,0.15090676102042194,
reach,fresh,random_isotropic_B5,official,excess_reference_cost_percent,100,100,6.872454256052805,5.223031979271847,8.657058306337424,
reach,fresh,random_isotropic_B5,official,reference_minimum_ties,100,100,1.0,1.0,1.0000000000000002,
reach,fresh,random_isotropic_B5,official,selected_minimum_ties,100,100,1.0,1.0,1.0000000000000002,
reach,fresh,random_isotropic_B5,official,reference_top10_cutoff_ties,100,100,1.0,1.0,1.0000000000000002,
reach,fresh,random_isotropic_B5,official,selected_top10_cutoff_ties,100,100,1.0,1.0,1.0000000000000002,
reach,fresh,random_isotropic_B5,proprio,reference_spearman,100,100,0.7696382582028689,0.764103836153735,0.7750686902076689,
reach,fresh,random_isotropic_B5,proprio,reference_top10_overlap,100,100,4.56,4.280000000000001,4.840000000000001,
reach,fresh,random_isotropic_B5,proprio,winner_changed,100,100,0.7,0.61,0.79,
reach,fresh,random_isotropic_B5,proprio,selected_in_reference_minimum_set,100,100,0.3,0.21000000000000002,0.39,
reach,fresh,random_isotropic_B5,proprio,excess_reference_cost,100,100,0.030195501763373614,0.02407058690721169,0.036824443952646065,
reach,fresh,random_isotropic_B5,proprio,excess_reference_cost_percent,100,100,45.42231167640491,35.48098093097428,56.18618258230494,
reach,fresh,random_isotropic_B5,proprio,reference_minimum_ties,100,100,1.0,1.0,1.0000000000000002,
reach,fresh,random_isotropic_B5,proprio,selected_minimum_ties,100,100,1.0,1.0,1.0000000000000002,
reach,fresh,random_isotropic_B5,proprio,reference_top10_cutoff_ties,100,100,1.0,1.0,1.0000000000000002,
reach,fresh,random_isotropic_B5,proprio,selected_top10_cutoff_ties,100,100,1.0,1.0,1.0000000000000002,
reach,fresh,random_isotropic_B5,visual,reference_spearman,100,100,0.7453575952135705,0.7387543989043766,0.7518595662570815,
reach,fresh,random_isotropic_B5,visual,reference_top10_overlap,100,100,3.96,3.7000000000000006,4.210000000000001,
reach,fresh,random_isotropic_B5,visual,winner_changed,100,100,0.78,0.7,0.86,
reach,fresh,random_isotropic_B5,visual,selected_in_reference_minimum_set,100,100,0.22,0.14,0.30000000000000004,
reach,fresh,random_isotropic_B5,visual,excess_reference_cost,100,100,0.11876950621604919,0.09365102455019951,0.14509976264834404,
reach,fresh,random_isotropic_B5,visual,excess_reference_cost_percent,100,100,6.656992654347169,5.048817834324657,8.401326790435094,
reach,fresh,random_isotropic_B5,visual,reference_minimum_ties,100,100,1.0,1.0,1.0000000000000002,
reach,fresh,random_isotropic_B5,visual,selected_minimum_ties,100,100,1.0,1.0,1.0000000000000002,
reach,fresh,random_isotropic_B5,visual,reference_top10_cutoff_ties,100,100,1.0,1.0,1.0000000000000002,
reach,fresh,random_isotropic_B5,visual,selected_top10_cutoff_ties,100,100,1.0,1.0,1.0000000000000002,
reach,fresh,random_off_range_B0,official,reference_spearman,100,100,0.7469126279808224,0.7403582957486375,0.7532921394813515,
reach,fresh,random_off_range_B0,official,reference_top10_overlap,100,100,4.0,3.7400000000000007,4.260000000000001,
reach,fresh,random_off_range_B0,official,winner_changed,100,100,0.73,0.64,0.81,
reach,fresh,random_off_range_B0,official,selected_in_reference_minimum_set,100,100,0.27,0.19,0.36,
reach,fresh,random_off_range_B0,official,excess_reference_cost,100,100,0.12042052865028381,0.0944052212536335,0.14799875554442402,
reach,fresh,random_off_range_B0,official,excess_reference_cost_percent,100,100,6.678449781204985,5.035493296099461,8.466331112260812,
reach,fresh,random_off_range_B0,official,reference_minimum_ties,100,100,1.0,1.0,1.0000000000000002,
reach,fresh,random_off_range_B0,official,selected_minimum_ties,100,100,1.0,1.0,1.0000000000000002,
reach,fresh,random_off_range_B0,official,reference_top10_cutoff_ties,100,100,1.0,1.0,1.0000000000000002,
reach,fresh,random_off_range_B0,official,selected_top10_cutoff_ties,100,100,1.0,1.0,1.0000000000000002,
reach,fresh,random_off_range_B0,proprio,reference_spearman,100,100,0.7695455193946599,0.7640851373904154,0.7749396056622851,
reach,fresh,random_off_range_B0,proprio,reference_top10_overlap,100,100,4.56,4.290000000000001,4.83,
reach,fresh,random_off_range_B0,proprio,winner_changed,100,100,0.72,0.63,0.8,
reach,fresh,random_off_range_B0,proprio,selected_in_reference_minimum_set,100,100,0.28,0.19999999999999998,0.37,
reach,fresh,random_off_range_B0,proprio,excess_reference_cost,100,100,0.032287339568138125,0.025332358681131154,0.03976391113502904,
reach,fresh,random_off_range_B0,proprio,excess_reference_cost_percent,100,100,50.30735163285482,38.55037808955025,63.1260166081202,
reach,fresh,random_off_range_B0,proprio,reference_minimum_ties,100,100,1.0,1.0,1.0000000000000002,
reach,fresh,random_off_range_B0,proprio,selected_minimum_ties,100,100,1.0,1.0,1.0000000000000002,
reach,fresh,random_off_range_B0,proprio,reference_top10_cutoff_ties,100,100,1.0,1.0,1.0000000000000002,
reach,fresh,random_off_range_B0,proprio,selected_top10_cutoff_ties,100,100,1.0,1.0,1.0000000000000002,
reach,fresh,random_off_range_B0,visual,reference_spearman,100,100,0.7448875278624638,0.7382179645983825,0.7514203606806934,
reach,fresh,random_off_range_B0,visual,reference_top10_overlap,100,100,3.99,3.7300000000000004,4.250000000000001,
reach,fresh,random_off_range_B0,visual,winner_changed,100,100,0.76,0.67,0.8400000000000001,
reach,fresh,random_off_range_B0,visual,selected_in_reference_minimum_set,100,100,0.24,0.16,0.32999999999999996,
reach,fresh,random_off_range_B0,visual,excess_reference_cost,100,100,0.12058106541633606,0.09524800896644592,0.14764187449216845,
reach,fresh,random_off_range_B0,visual,excess_reference_cost_percent,100,100,6.750017173785588,5.136041875471267,8.513200318939665,
reach,fresh,random_off_range_B0,visual,reference_minimum_ties,100,100,1.0,1.0,1.0000000000000002,
reach,fresh,random_off_range_B0,visual,selected_minimum_ties,100,100,1.0,1.0,1.0000000000000002,
reach,fresh,random_off_range_B0,visual,reference_top10_cutoff_ties,100,100,1.0,1.0,1.0000000000000002,
reach,fresh,random_off_range_B0,visual,selected_top10_cutoff_ties,100,100,1.0,1.0,1.0000000000000002,
reach,fresh,random_off_range_B1,official,reference_spearman,100,100,0.746892888864803,0.7403199618812659,0.7532761865038059,
reach,fresh,random_off_range_B1,official,reference_top10_overlap,100,100,3.97,3.700000000000001,4.24,
reach,fresh,random_off_range_B1,official,winner_changed,100,100,0.74,0.65,0.8200000000000001,
reach,fresh,random_off_range_B1,official,selected_in_reference_minimum_set,100,100,0.26,0.18,0.35,
reach,fresh,random_off_range_B1,official,excess_reference_cost,100,100,0.11959589004516602,0.09405560046434402,0.14641787886619564,
reach,fresh,random_off_range_B1,official,excess_reference_cost_percent,100,100,6.676884255374784,5.034146728600402,8.46463063757244,
reach,fresh,random_off_range_B1,official,reference_minimum_ties,100,100,1.0,1.0,1.0000000000000002,
reach,fresh,random_off_range_B1,official,selected_minimum_ties,100,100,1.0,1.0,1.0000000000000002,
reach,fresh,random_off_range_B1,official,reference_top10_cutoff_ties,100,100,1.0,1.0,1.0000000000000002,
reach,fresh,random_off_range_B1,official,selected_top10_cutoff_ties,100,100,1.0,1.0,1.0000000000000002,
reach,fresh,random_off_range_B1,proprio,reference_spearman,100,100,0.7695514669963366,0.7640836657073967,0.7749666100317582,
reach,fresh,random_off_range_B1,proprio,reference_top10_overlap,100,100,4.49,4.220000000000001,4.750000000000002,
reach,fresh,random_off_range_B1,proprio,winner_changed,100,100,0.71,0.62,0.7999999999999999,
reach,fresh,random_off_range_B1,proprio,selected_in_reference_minimum_set,100,100,0.29,0.2,0.38,
reach,fresh,random_off_range_B1,proprio,excess_reference_cost,100,100,0.031959401797503235,0.025262474805116654,0.039212844482623035,
reach,fresh,random_off_range_B1,proprio,excess_reference_cost_percent,100,100,46.77560854737558,36.45596453372173,58.02797713278253,
reach,fresh,random_off_range_B1,proprio,reference_minimum_ties,100,100,1.0,1.0,1.0000000000000002,
reach,fresh,random_off_range_B1,proprio,selected_minimum_ties,100,100,1.0,1.0,1.0000000000000002,
reach,fresh,random_off_range_B1,proprio,reference_top10_cutoff_ties,100,100,1.0,1.0,1.0000000000000002,
reach,fresh,random_off_range_B1,proprio,selected_top10_cutoff_ties,100,100,1.0,1.0,1.0000000000000002,
reach,fresh,random_off_range_B1,visual,reference_spearman,100,100,0.7448845048196295,0.7381962502296663,0.7514147745307836,
reach,fresh,random_off_range_B1,visual,reference_top10_overlap,100,100,3.95,3.7000000000000006,4.200000000000001,
reach,fresh,random_off_range_B1,visual,winner_changed,100,100,0.76,0.67,0.8400000000000001,
reach,fresh,random_off_range_B1,visual,selected_in_reference_minimum_set,100,100,0.24,0.16,0.32999999999999996,
reach,fresh,random_off_range_B1,visual,excess_reference_cost,100,100,0.11640977621078491,0.0912459203004837,0.14293370959162707,
reach,fresh,random_off_range_B1,visual,excess_reference_cost_percent,100,100,6.545774582727096,4.920716682444462,8.315577069421051,
reach,fresh,random_off_range_B1,visual,reference_minimum_ties,100,100,1.0,1.0,1.0000000000000002,
reach,fresh,random_off_range_B1,visual,selected_minimum_ties,100,100,1.0,1.0,1.0000000000000002,
reach,fresh,random_off_range_B1,visual,reference_top10_cutoff_ties,100,100,1.0,1.0,1.0000000000000002,
reach,fresh,random_off_range_B1,visual,selected_top10_cutoff_ties,100,100,1.0,1.0,1.0000000000000002,
reach,fresh,random_off_range_B2,official,reference_spearman,100,100,0.7473978713802952,0.7407914501246984,0.7538297386236729,
reach,fresh,random_off_range_B2,official,reference_top10_overlap,100,100,4.03,3.7700000000000005,4.290000000000001,
reach,fresh,random_off_range_B2,official,winner_changed,100,100,0.73,0.64,0.81,
reach,fresh,random_off_range_B2,official,selected_in_reference_minimum_set,100,100,0.27,0.19,0.36,
reach,fresh,random_off_range_B2,official,excess_reference_cost,100,100,0.12021571636199951,0.0942319906949997,0.1474388660788536,
reach,fresh,random_off_range_B2,official,excess_reference_cost_percent,100,100,6.682743681825287,5.033519405970841,8.47443445267289,
reach,fresh,random_off_range_B2,official,reference_minimum_ties,100,100,1.0,1.0,1.0000000000000002,
reach,fresh,random_off_range_B2,official,selected_minimum_ties,100,100,1.0,1.0,1.0000000000000002,
reach,fresh,random_off_range_B2,official,reference_top10_cutoff_ties,100,100,1.0,1.0,1.0000000000000002,
reach,fresh,random_off_range_B2,official,selected_top10_cutoff_ties,100,100,1.0,1.0,1.0000000000000002,
reach,fresh,random_off_range_B2,proprio,reference_spearman,100,100,0.7697851006901102,0.76423869256242,0.7752850591127013,
reach,fresh,random_off_range_B2,proprio,reference_top10_overlap,100,100,4.56,4.280000000000001,4.840000000000001,
reach,fresh,random_off_range_B2,proprio,winner_changed,100,100,0.68,0.59,0.77,
reach,fresh,random_off_range_B2,proprio,selected_in_reference_minimum_set,100,100,0.32,0.23,0.41000000000000003,
reach,fresh,random_off_range_B2,proprio,excess_reference_cost,100,100,0.029468918852508068,0.022842172143515197,0.0366825272985734,
reach,fresh,random_off_range_B2,proprio,excess_reference_cost_percent,100,100,43.05067956522048,33.409031803967046,53.519856239261365,
reach,fresh,random_off_range_B2,proprio,reference_minimum_ties,100,100,1.0,1.0,1.0000000000000002,
reach,fresh,random_off_range_B2,proprio,selected_minimum_ties,100,100,1.0,1.0,1.0000000000000002,
reach,fresh,random_off_range_B2,proprio,reference_top10_cutoff_ties,100,100,1.0,1.0,1.0000000000000002,
reach,fresh,random_off_range_B2,proprio,selected_top10_cutoff_ties,100,100,1.0,1.0,1.0000000000000002,
reach,fresh,random_off_range_B2,visual,reference_spearman,100,100,0.7453525018657287,0.7386521593523918,0.7519209363887174,
reach,fresh,random_off_range_B2,visual,reference_top10_overlap,100,100,4.01,3.7500000000000004,4.270000000000001,
reach,fresh,random_off_range_B2,visual,winner_changed,100,100,0.75,0.66,0.8300000000000001,
reach,fresh,random_off_range_B2,visual,selected_in_reference_minimum_set,100,100,0.25,0.16999999999999998,0.33999999999999997,
reach,fresh,random_off_range_B2,visual,excess_reference_cost,100,100,0.11698724389076233,0.09143689978122711,0.14374233555793758,
reach,fresh,random_off_range_B2,visual,excess_reference_cost_percent,100,100,6.550944497924144,4.918641275804752,8.326851171922057,
reach,fresh,random_off_range_B2,visual,reference_minimum_ties,100,100,1.0,1.0,1.0000000000000002,
reach,fresh,random_off_range_B2,visual,selected_minimum_ties,100,100,1.0,1.0,1.0000000000000002,
reach,fresh,random_off_range_B2,visual,reference_top10_cutoff_ties,100,100,1.0,1.0,1.0000000000000002,
reach,fresh,random_off_range_B2,visual,selected_top10_cutoff_ties,100,100,1.0,1.0,1.0000000000000002,
reach,fresh,random_off_range_B3,official,reference_spearman,100,100,0.7473629724816666,0.7408786623945459,0.753711502401692,
reach,fresh,random_off_range_B3,official,reference_top10_overlap,100,100,3.94,3.670000000000001,4.200000000000001,
reach,fresh,random_off_range_B3,official,winner_changed,100,100,0.75,0.66,0.8300000000000001,
reach,fresh,random_off_range_B3,official,selected_in_reference_minimum_set,100,100,0.25,0.16999999999999998,0.33999999999999997,
reach,fresh,random_off_range_B3,official,excess_reference_cost,100,100,0.11792484641075135,0.0933725692629814,0.1442440948486328,
reach,fresh,random_off_range_B3,official,excess_reference_cost_percent,100,100,6.546710234626222,4.97655705138123,8.293052327478946,
reach,fresh,random_off_range_B3,official,reference_minimum_ties,100,100,1.0,1.0,1.0000000000000002,
reach,fresh,random_off_range_B3,official,selected_minimum_ties,100,100,1.0,1.0,1.0000000000000002,
reach,fresh,random_off_range_B3,official,reference_top10_cutoff_ties,100,100,1.0,1.0,1.0000000000000002,
reach,fresh,random_off_range_B3,official,selected_top10_cutoff_ties,100,100,1.0,1.0,1.0000000000000002,
reach,fresh,random_off_range_B3,proprio,reference_spearman,100,100,0.76942960207175,0.7639931339820046,0.7747587955051624,
reach,fresh,random_off_range_B3,proprio,reference_top10_overlap,100,100,4.57,4.290000000000001,4.850000000000001,
reach,fresh,random_off_range_B3,proprio,winner_changed,100,100,0.68,0.59,0.77,
reach,fresh,random_off_range_B3,proprio,selected_in_reference_minimum_set,100,100,0.32,0.23,0.41000000000000003,
reach,fresh,random_off_range_B3,proprio,excess_reference_cost,100,100,0.02848898643627763,0.022387226185761392,0.035007434909231964,
reach,fresh,random_off_range_B3,proprio,excess_reference_cost_percent,100,100,42.79908832615799,33.07642635824741,53.378423836370104,
reach,fresh,random_off_range_B3,proprio,reference_minimum_ties,100,100,1.0,1.0,1.0000000000000002,
reach,fresh,random_off_range_B3,proprio,selected_minimum_ties,100,100,1.0,1.0,1.0000000000000002,
reach,fresh,random_off_range_B3,proprio,reference_top10_cutoff_ties,100,100,1.0,1.0,1.0000000000000002,
reach,fresh,random_off_range_B3,proprio,selected_top10_cutoff_ties,100,100,1.0,1.0,1.0000000000000002,
reach,fresh,random_off_range_B3,visual,reference_spearman,100,100,0.7452461726028864,0.7386438560258732,0.7517573712737995,
reach,fresh,random_off_range_B3,visual,reference_top10_overlap,100,100,3.92,3.6700000000000004,4.170000000000001,
reach,fresh,random_off_range_B3,visual,winner_changed,100,100,0.77,0.68,0.8500000000000001,
reach,fresh,random_off_range_B3,visual,selected_in_reference_minimum_set,100,100,0.23,0.15000000000000002,0.31999999999999995,
reach,fresh,random_off_range_B3,visual,excess_reference_cost,100,100,0.11458157539367676,0.09040949189662932,0.1405015459060669,
reach,fresh,random_off_range_B3,visual,excess_reference_cost_percent,100,100,6.40886471068491,4.855302972335683,8.139863697203886,
reach,fresh,random_off_range_B3,visual,reference_minimum_ties,100,100,1.0,1.0,1.0000000000000002,
reach,fresh,random_off_range_B3,visual,selected_minimum_ties,100,100,1.0,1.0,1.0000000000000002,
reach,fresh,random_off_range_B3,visual,reference_top10_cutoff_ties,100,100,1.0,1.0,1.0000000000000002,
reach,fresh,random_off_range_B3,visual,selected_top10_cutoff_ties,100,100,1.0,1.0,1.0000000000000002,
reach,fresh,random_off_range_B4,official,reference_spearman,100,100,0.7471905705072863,0.7406487092610977,0.7536201051127377,
reach,fresh,random_off_range_B4,official,reference_top10_overlap,100,100,4.03,3.7600000000000007,4.300000000000001,
reach,fresh,random_off_range_B4,official,winner_changed,100,100,0.74,0.65,0.8200000000000001,
reach,fresh,random_off_range_B4,official,selected_in_reference_minimum_set,100,100,0.26,0.18,0.35,
reach,fresh,random_off_range_B4,official,excess_reference_cost,100,100,0.12011100172996521,0.09428489509224894,0.14717245909571647,
reach,fresh,random_off_range_B4,official,excess_reference_cost_percent,100,100,6.678374572425766,5.028576897538313,8.472065890553548,
reach,fresh,random_off_range_B4,official,reference_minimum_ties,100,100,1.0,1.0,1.0000000000000002,
reach,fresh,random_off_range_B4,official,selected_minimum_ties,100,100,1.0,1.0,1.0000000000000002,
reach,fresh,random_off_range_B4,official,reference_top10_cutoff_ties,100,100,1.0,1.0,1.0000000000000002,
reach,fresh,random_off_range_B4,official,selected_top10_cutoff_ties,100,100,1.0,1.0,1.0000000000000002,
reach,fresh,random_off_range_B4,proprio,reference_spearman,100,100,0.7686090765134922,0.7630636782700697,0.77407867850907,
reach,fresh,random_off_range_B4,proprio,reference_top10_overlap,100,100,4.61,4.340000000000002,4.880000000000001,
reach,fresh,random_off_range_B4,proprio,winner_changed,100,100,0.7,0.61,0.79,
reach,fresh,random_off_range_B4,proprio,selected_in_reference_minimum_set,100,100,0.3,0.21000000000000002,0.39,
reach,fresh,random_off_range_B4,proprio,excess_reference_cost,100,100,0.028844791539013384,0.02296095615113154,0.03507212806632742,
reach,fresh,random_off_range_B4,proprio,excess_reference_cost_percent,100,100,44.018036162375545,34.12550612369588,54.723493848927276,
reach,fresh,random_off_range_B4,proprio,reference_minimum_ties,100,100,1.0,1.0,1.0000000000000002,
reach,fresh,random_off_range_B4,proprio,selected_minimum_ties,100,100,1.0,1.0,1.0000000000000002,
reach,fresh,random_off_range_B4,proprio,reference_top10_cutoff_ties,100,100,1.0,1.0,1.0000000000000002,
reach,fresh,random_off_range_B4,proprio,selected_top10_cutoff_ties,100,100,1.0,1.0,1.0000000000000002,
reach,fresh,random_off_range_B4,visual,reference_spearman,100,100,0.7450943657462917,0.7384619790338841,0.7516482724296871,
reach,fresh,random_off_range_B4,visual,reference_top10_overlap,100,100,3.9,3.630000000000001,4.17,
reach,fresh,random_off_range_B4,visual,winner_changed,100,100,0.76,0.67,0.8400000000000001,
reach,fresh,random_off_range_B4,visual,selected_in_reference_minimum_set,100,100,0.24,0.16,0.32999999999999996,
reach,fresh,random_off_range_B4,visual,excess_reference_cost,100,100,0.1169159483909607,0.09144258990883827,0.1435161952972412,
reach,fresh,random_off_range_B4,visual,excess_reference_cost_percent,100,100,6.547730327594008,4.921520719143569,8.319149757743022,
reach,fresh,random_off_range_B4,visual,reference_minimum_ties,100,100,1.0,1.0,1.0000000000000002,
reach,fresh,random_off_range_B4,visual,selected_minimum_ties,100,100,1.0,1.0,1.0000000000000002,
reach,fresh,random_off_range_B4,visual,reference_top10_cutoff_ties,100,100,1.0,1.0,1.0000000000000002,
reach,fresh,random_off_range_B4,visual,selected_top10_cutoff_ties,100,100,1.0,1.0,1.0000000000000002,
reach,fresh,random_off_range_B5,official,reference_spearman,100,100,0.747346535036293,0.7408962079643051,0.7536836429417044,
reach,fresh,random_off_range_B5,official,reference_top10_overlap,100,100,4.0,3.7400000000000007,4.250000000000002,
reach,fresh,random_off_range_B5,official,winner_changed,100,100,0.76,0.67,0.8400000000000001,
reach,fresh,random_off_range_B5,official,selected_in_reference_minimum_set,100,100,0.24,0.16,0.32999999999999996,
reach,fresh,random_off_range_B5,official,excess_reference_cost,100,100,0.12360536694526672,0.0976751549243927,0.15090676102042194,
reach,fresh,random_off_range_B5,official,excess_reference_cost_percent,100,100,6.872454256052805,5.223031979271847,8.657058306337424,
reach,fresh,random_off_range_B5,official,reference_minimum_ties,100,100,1.0,1.0,1.0000000000000002,
reach,fresh,random_off_range_B5,official,selected_minimum_ties,100,100,1.0,1.0,1.0000000000000002,
reach,fresh,random_off_range_B5,official,reference_top10_cutoff_ties,100,100,1.0,1.0,1.0000000000000002,
reach,fresh,random_off_range_B5,official,selected_top10_cutoff_ties,100,100,1.0,1.0,1.0000000000000002,
reach,fresh,random_off_range_B5,proprio,reference_spearman,100,100,0.7696125379170878,0.7640793303258926,0.7750424086934299,
reach,fresh,random_off_range_B5,proprio,reference_top10_overlap,100,100,4.56,4.280000000000001,4.840000000000001,
reach,fresh,random_off_range_B5,proprio,winner_changed,100,100,0.7,0.61,0.79,
reach,fresh,random_off_range_B5,proprio,selected_in_reference_minimum_set,100,100,0.3,0.21000000000000002,0.39,
reach,fresh,random_off_range_B5,proprio,excess_reference_cost,100,100,0.030195501763373614,0.02407058690721169,0.036824443952646065,
reach,fresh,random_off_range_B5,proprio,excess_reference_cost_percent,100,100,45.42231167640491,35.48098093097428,56.18618258230494,
reach,fresh,random_off_range_B5,proprio,reference_minimum_ties,100,100,1.0,1.0,1.0000000000000002,
reach,fresh,random_off_range_B5,proprio,selected_minimum_ties,100,100,1.0,1.0,1.0000000000000002,
reach,fresh,random_off_range_B5,proprio,reference_top10_cutoff_ties,100,100,1.0,1.0,1.0000000000000002,
reach,fresh,random_off_range_B5,proprio,selected_top10_cutoff_ties,100,100,1.0,1.0,1.0000000000000002,
reach,fresh,random_off_range_B5,visual,reference_spearman,100,100,0.7453250703876018,0.7387377447071967,0.7518137934579617,
reach,fresh,random_off_range_B5,visual,reference_top10_overlap,100,100,3.96,3.7000000000000006,4.210000000000001,
reach,fresh,random_off_range_B5,visual,winner_changed,100,100,0.78,0.7,0.86,
reach,fresh,random_off_range_B5,visual,selected_in_reference_minimum_set,100,100,0.22,0.14,0.30000000000000004,
reach,fresh,random_off_range_B5,visual,excess_reference_cost,100,100,0.11976582884788513,0.09427587684988975,0.1465812832713127,
reach,fresh,random_off_range_B5,visual,excess_reference_cost_percent,100,100,6.714438429662303,5.080931210454468,8.487834099483042,
reach,fresh,random_off_range_B5,visual,reference_minimum_ties,100,100,1.0,1.0,1.0000000000000002,
reach,fresh,random_off_range_B5,visual,selected_minimum_ties,100,100,1.0,1.0,1.0000000000000002,
reach,fresh,random_off_range_B5,visual,reference_top10_cutoff_ties,100,100,1.0,1.0,1.0000000000000002,
reach,fresh,random_off_range_B5,visual,selected_top10_cutoff_ties,100,100,1.0,1.0,1.0000000000000002,
reach,fresh,random_range_B0,official,reference_spearman,100,100,0.7467766224345085,0.7401985386288915,0.7531957153905734,
reach,fresh,random_range_B0,official,reference_top10_overlap,100,100,3.98,3.7200000000000006,4.240000000000001,
reach,fresh,random_range_B0,official,winner_changed,100,100,0.73,0.64,0.81,
reach,fresh,random_range_B0,official,selected_in_reference_minimum_set,100,100,0.27,0.19,0.36,
reach,fresh,random_range_B0,official,excess_reference_cost,100,100,0.11939586877822876,0.09357285597920417,0.14651517257094382,
reach,fresh,random_range_B0,official,excess_reference_cost_percent,100,100,6.643794900178486,4.996841691530656,8.441192169066372,
reach,fresh,random_range_B0,official,reference_minimum_ties,100,100,1.0,1.0,1.0000000000000002,
reach,fresh,random_range_B0,official,selected_minimum_ties,100,100,1.0,1.0,1.0000000000000002,
reach,fresh,random_range_B0,official,reference_top10_cutoff_ties,100,100,1.0,1.0,1.0000000000000002,
reach,fresh,random_range_B0,official,selected_top10_cutoff_ties,100,100,1.0,1.0,1.0000000000000002,
reach,fresh,random_range_B0,proprio,reference_spearman,100,100,0.7694958699541103,0.764065963288481,0.7748564139601553,
reach,fresh,random_range_B0,proprio,reference_top10_overlap,100,100,4.58,4.300000000000001,4.850000000000001,
reach,fresh,random_range_B0,proprio,winner_changed,100,100,0.69,0.6,0.78,
reach,fresh,random_range_B0,proprio,selected_in_reference_minimum_set,100,100,0.31,0.22000000000000003,0.4,
reach,fresh,random_range_B0,proprio,excess_reference_cost,100,100,0.03031233061105013,0.023684864767827093,0.03749198476504533,
reach,fresh,random_range_B0,proprio,excess_reference_cost_percent,100,100,44.32198759875912,34.545927379264995,54.86855855429956,
reach,fresh,random_range_B0,proprio,reference_minimum_ties,100,100,1.0,1.0,1.0000000000000002,
reach,fresh,random_range_B0,proprio,selected_minimum_ties,100,100,1.0,1.0,1.0000000000000002,
reach,fresh,random_range_B0,proprio,reference_top10_cutoff_ties,100,100,1.0,1.0,1.0000000000000002,
reach,fresh,random_range_B0,proprio,selected_top10_cutoff_ties,100,100,1.0,1.0,1.0000000000000002,
reach,fresh,random_range_B0,visual,reference_spearman,100,100,0.7447552460669558,0.7380452318767875,0.7513109542769552,
reach,fresh,random_range_B0,visual,reference_top10_overlap,100,100,3.91,3.6500000000000004,4.170000000000001,
reach,fresh,random_range_B0,visual,winner_changed,100,100,0.75,0.66,0.8300000000000001,
reach,fresh,random_range_B0,visual,selected_in_reference_minimum_set,100,100,0.25,0.16999999999999998,0.33999999999999997,
reach,fresh,random_range_B0,visual,excess_reference_cost,100,100,0.11887960314750672,0.0934198470711708,0.14561145043373105,
reach,fresh,random_range_B0,visual,excess_reference_cost_percent,100,100,6.648072286124115,5.030013139274963,8.422059308640389,
reach,fresh,random_range_B0,visual,reference_minimum_ties,100,100,1.0,1.0,1.0000000000000002,
reach,fresh,random_range_B0,visual,selected_minimum_ties,100,100,1.0,1.0,1.0000000000000002,
reach,fresh,random_range_B0,visual,reference_top10_cutoff_ties,100,100,1.0,1.0,1.0000000000000002,
reach,fresh,random_range_B0,visual,selected_top10_cutoff_ties,100,100,1.0,1.0,1.0000000000000002,
reach,fresh,random_range_B1,official,reference_spearman,100,100,0.7461824192681515,0.7395182468931955,0.7526847521038214,
reach,fresh,random_range_B1,official,reference_top10_overlap,100,100,4.01,3.7600000000000007,4.26,
reach,fresh,random_range_B1,official,winner_changed,100,100,0.74,0.65,0.8200000000000001,
reach,fresh,random_range_B1,official,selected_in_reference_minimum_set,100,100,0.26,0.18,0.35,
reach,fresh,random_range_B1,official,excess_reference_cost,100,100,0.12305776834487915,0.09762849199771881,0.1503530015945434,
reach,fresh,random_range_B1,official,excess_reference_cost_percent,100,100,6.929710691262137,5.266746009583977,8.71935764567407,
reach,fresh,random_range_B1,official,reference_minimum_ties,100,100,1.0,1.0,1.0000000000000002,
reach,fresh,random_range_B1,official,selected_minimum_ties,100,100,1.0,1.0,1.0000000000000002,
reach,fresh,random_range_B1,official,reference_top10_cutoff_ties,100,100,1.0,1.0,1.0000000000000002,
reach,fresh,random_range_B1,official,selected_top10_cutoff_ties,100,100,1.0,1.0,1.0000000000000002,
reach,fresh,random_range_B1,proprio,reference_spearman,100,100,0.7690380337559307,0.7634448679429773,0.7745347237191524,
reach,fresh,random_range_B1,proprio,reference_top10_overlap,100,100,4.54,4.260000000000002,4.810000000000001,
reach,fresh,random_range_B1,proprio,winner_changed,100,100,0.7,0.61,0.79,
reach,fresh,random_range_B1,proprio,selected_in_reference_minimum_set,100,100,0.3,0.21000000000000002,0.39,
reach,fresh,random_range_B1,proprio,excess_reference_cost,100,100,0.02917406363412738,0.02305669694393873,0.03566873241541907,
reach,fresh,random_range_B1,proprio,excess_reference_cost_percent,100,100,42.47459241641896,33.021025341373026,52.68797379627866,
reach,fresh,random_range_B1,proprio,reference_minimum_ties,100,100,1.0,1.0,1.0000000000000002,
reach,fresh,random_range_B1,proprio,selected_minimum_ties,100,100,1.0,1.0,1.0000000000000002,
reach,fresh,random_range_B1,proprio,reference_top10_cutoff_ties,100,100,1.0,1.0,1.0000000000000002,
reach,fresh,random_range_B1,proprio,selected_top10_cutoff_ties,100,100,1.0,1.0,1.0000000000000002,
reach,fresh,random_range_B1,visual,reference_spearman,100,100,0.7440965702204764,0.7373217298432854,0.7507202148332306,
reach,fresh,random_range_B1,visual,reference_top10_overlap,100,100,3.96,3.72,4.21,
reach,fresh,random_range_B1,visual,winner_changed,100,100,0.75,0.66,0.8300000000000001,
reach,fresh,random_range_B1,visual,selected_in_reference_minimum_set,100,100,0.25,0.16999999999999998,0.33999999999999997,
reach,fresh,random_range_B1,visual,excess_reference_cost,100,100,0.11561875343322754,0.09069638031721115,0.14184156879782672,
reach,fresh,random_range_B1,visual,excess_reference_cost_percent,100,100,6.4805747767410615,4.899186345301601,8.198105132065372,
reach,fresh,random_range_B1,visual,reference_minimum_ties,100,100,1.0,1.0,1.0000000000000002,
reach,fresh,random_range_B1,visual,selected_minimum_ties,100,100,1.0,1.0,1.0000000000000002,
reach,fresh,random_range_B1,visual,reference_top10_cutoff_ties,100,100,1.0,1.0,1.0000000000000002,
reach,fresh,random_range_B1,visual,selected_top10_cutoff_ties,100,100,1.0,1.0,1.0000000000000002,
reach,fresh,random_range_B2,official,reference_spearman,100,100,0.7469853043529827,0.7404154651706554,0.7533685149164363,
reach,fresh,random_range_B2,official,reference_top10_overlap,100,100,4.01,3.7600000000000007,4.260000000000001,
reach,fresh,random_range_B2,official,winner_changed,100,100,0.74,0.65,0.8200000000000001,
reach,fresh,random_range_B2,official,selected_in_reference_minimum_set,100,100,0.26,0.18,0.35,
reach,fresh,random_range_B2,official,excess_reference_cost,100,100,0.12322606086730957,0.09723597440123559,0.15037702578306192,
reach,fresh,random_range_B2,official,excess_reference_cost_percent,100,100,6.834130451498855,5.197595156888378,8.621643935874307,
reach,fresh,random_range_B2,official,reference_minimum_ties,100,100,1.0,1.0,1.0000000000000002,
reach,fresh,random_range_B2,official,selected_minimum_ties,100,100,1.0,1.0,1.0000000000000002,
reach,fresh,random_range_B2,official,reference_top10_cutoff_ties,100,100,1.0,1.0,1.0000000000000002,
reach,fresh,random_range_B2,official,selected_top10_cutoff_ties,100,100,1.0,1.0,1.0000000000000002,
reach,fresh,random_range_B2,proprio,reference_spearman,100,100,0.7700076934188157,0.7644985413171256,0.7754447818309091,
reach,fresh,random_range_B2,proprio,reference_top10_overlap,100,100,4.61,4.340000000000001,4.880000000000001,
reach,fresh,random_range_B2,proprio,winner_changed,100,100,0.7,0.61,0.79,
reach,fresh,random_range_B2,proprio,selected_in_reference_minimum_set,100,100,0.3,0.21000000000000002,0.39,
reach,fresh,random_range_B2,proprio,excess_reference_cost,100,100,0.0330211116373539,0.025997861159034078,0.0408177900435403,
reach,fresh,random_range_B2,proprio,excess_reference_cost_percent,100,100,51.19416425480539,39.2183189989992,64.27250343334967,
reach,fresh,random_range_B2,proprio,reference_minimum_ties,100,100,1.0,1.0,1.0000000000000002,
reach,fresh,random_range_B2,proprio,selected_minimum_ties,100,100,1.0,1.0,1.0000000000000002,
reach,fresh,random_range_B2,proprio,reference_top10_cutoff_ties,100,100,1.0,1.0,1.0000000000000002,
reach,fresh,random_range_B2,proprio,selected_top10_cutoff_ties,100,100,1.0,1.0,1.0000000000000002,
reach,fresh,random_range_B2,visual,reference_spearman,100,100,0.7450164367744868,0.7383588647577365,0.7515335754204953,
reach,fresh,random_range_B2,visual,reference_top10_overlap,100,100,3.97,3.7200000000000006,4.220000000000001,
reach,fresh,random_range_B2,visual,winner_changed,100,100,0.76,0.67,0.8400000000000001,
reach,fresh,random_range_B2,visual,selected_in_reference_minimum_set,100,100,0.24,0.16,0.32999999999999996,
reach,fresh,random_range_B2,visual,excess_reference_cost,100,100,0.1189197051525116,0.09371198815107346,0.1452321614027023,
reach,fresh,random_range_B2,visual,excess_reference_cost_percent,100,100,6.642167580441142,5.044879779029605,8.389692407897252,
reach,fresh,random_range_B2,visual,reference_minimum_ties,100,100,1.0,1.0,1.0000000000000002,
reach,fresh,random_range_B2,visual,selected_minimum_ties,100,100,1.0,1.0,1.0000000000000002,
reach,fresh,random_range_B2,visual,reference_top10_cutoff_ties,100,100,1.0,1.0,1.0000000000000002,
reach,fresh,random_range_B2,visual,selected_top10_cutoff_ties,100,100,1.0,1.0,1.0000000000000002,
reach,fresh,random_range_B3,official,reference_spearman,100,100,0.746988445027224,0.7404534262529858,0.753406039555075,
reach,fresh,random_range_B3,official,reference_top10_overlap,100,100,3.96,3.7100000000000004,4.210000000000001,
reach,fresh,random_range_B3,official,winner_changed,100,100,0.75,0.66,0.8300000000000001,
reach,fresh,random_range_B3,official,selected_in_reference_minimum_set,100,100,0.25,0.16999999999999998,0.33999999999999997,
reach,fresh,random_range_B3,official,excess_reference_cost,100,100,0.12186443209648132,0.09607730349898339,0.14897361934185027,
reach,fresh,random_range_B3,official,excess_reference_cost_percent,100,100,6.791540660772285,5.149673923916131,8.57923387083478,
reach,fresh,random_range_B3,official,reference_minimum_ties,100,100,1.0,1.0,1.0000000000000002,
reach,fresh,random_range_B3,official,selected_minimum_ties,100,100,1.0,1.0,1.0000000000000002,
reach,fresh,random_range_B3,official,reference_top10_cutoff_ties,100,100,1.0,1.0,1.0000000000000002,
reach,fresh,random_range_B3,official,selected_top10_cutoff_ties,100,100,1.0,1.0,1.0000000000000002,
reach,fresh,random_range_B3,proprio,reference_spearman,100,100,0.7695545772730809,0.7640283415371282,0.7750123584706496,
reach,fresh,random_range_B3,proprio,reference_top10_overlap,100,100,4.6,4.320000000000001,4.870000000000001,
reach,fresh,random_range_B3,proprio,winner_changed,100,100,0.71,0.62,0.7999999999999999,
reach,fresh,random_range_B3,proprio,selected_in_reference_minimum_set,100,100,0.29,0.2,0.38,
reach,fresh,random_range_B3,proprio,excess_reference_cost,100,100,0.03071788791567087,0.02419752151798457,0.037879335901699965,
reach,fresh,random_range_B3,proprio,excess_reference_cost_percent,100,100,45.30327732157581,35.16147528554463,56.50528056051826,
reach,fresh,random_range_B3,proprio,reference_minimum_ties,100,100,1.0,1.0,1.0000000000000002,
reach,fresh,random_range_B3,proprio,selected_minimum_ties,100,100,1.0,1.0,1.0000000000000002,
reach,fresh,random_range_B3,proprio,reference_top10_cutoff_ties,100,100,1.0,1.0,1.0000000000000002,
reach,fresh,random_range_B3,proprio,selected_top10_cutoff_ties,100,100,1.0,1.0,1.0000000000000002,
reach,fresh,random_range_B3,visual,reference_spearman,100,100,0.7450553935727171,0.7383973955942721,0.7516088045781854,
reach,fresh,random_range_B3,visual,reference_top10_overlap,100,100,3.96,3.710000000000001,4.210000000000001,
reach,fresh,random_range_B3,visual,winner_changed,100,100,0.77,0.68,0.8500000000000001,
reach,fresh,random_range_B3,visual,selected_in_reference_minimum_set,100,100,0.23,0.15000000000000002,0.31999999999999995,
reach,fresh,random_range_B3,visual,excess_reference_cost,100,100,0.1187048614025116,0.0933986658155918,0.14550780045986172,
reach,fresh,random_range_B3,visual,excess_reference_cost_percent,100,100,6.661935778592287,5.044283356327544,8.429106419663285,
reach,fresh,random_range_B3,visual,reference_minimum_ties,100,100,1.0,1.0,1.0000000000000002,
reach,fresh,random_range_B3,visual,selected_minimum_ties,100,100,1.0,1.0,1.0000000000000002,
reach,fresh,random_range_B3,visual,reference_top10_cutoff_ties,100,100,1.0,1.0,1.0000000000000002,
reach,fresh,random_range_B3,visual,selected_top10_cutoff_ties,100,100,1.0,1.0,1.0000000000000002,
reach,fresh,random_range_B4,official,reference_spearman,100,100,0.7451457967035406,0.7385785008363944,0.7516435878332324,
reach,fresh,random_range_B4,official,reference_top10_overlap,100,100,3.99,3.7400000000000007,4.24,
reach,fresh,random_range_B4,official,winner_changed,100,100,0.75,0.66,0.8300000000000001,
reach,fresh,random_range_B4,official,selected_in_reference_minimum_set,100,100,0.25,0.16999999999999998,0.33999999999999997,
reach,fresh,random_range_B4,official,excess_reference_cost,100,100,0.12686309456825257,0.10047814893722533,0.15504962745308873,
reach,fresh,random_range_B4,official,excess_reference_cost_percent,100,100,7.024838063584483,5.3791617531031495,8.838005888249594,
reach,fresh,random_range_B4,official,reference_minimum_ties,100,100,1.0,1.0,1.0000000000000002,
reach,fresh,random_range_B4,official,selected_minimum_ties,100,100,1.0,1.0,1.0000000000000002,
reach,fresh,random_range_B4,official,reference_top10_cutoff_ties,100,100,1.0,1.0,1.0000000000000002,
reach,fresh,random_range_B4,official,selected_top10_cutoff_ties,100,100,1.0,1.0,1.0000000000000002,
reach,fresh,random_range_B4,proprio,reference_spearman,100,100,0.7663200924454716,0.7607693881043122,0.7716950920565785,
reach,fresh,random_range_B4,proprio,reference_top10_overlap,100,100,4.48,4.210000000000001,4.75,
reach,fresh,random_range_B4,proprio,winner_changed,100,100,0.73,0.64,0.81,
reach,fresh,random_range_B4,proprio,selected_in_reference_minimum_set,100,100,0.27,0.19,0.36,
reach,fresh,random_range_B4,proprio,excess_reference_cost,100,100,0.033870003186166286,0.02659435301180929,0.04181621878361329,
reach,fresh,random_range_B4,proprio,excess_reference_cost_percent,100,100,50.923951612578996,39.30080028184764,63.720567057025356,
reach,fresh,random_range_B4,proprio,reference_minimum_ties,100,100,1.0,1.0,1.0000000000000002,
reach,fresh,random_range_B4,proprio,selected_minimum_ties,100,100,1.0,1.0,1.0000000000000002,
reach,fresh,random_range_B4,proprio,reference_top10_cutoff_ties,100,100,1.0,1.0,1.0000000000000002,
reach,fresh,random_range_B4,proprio,selected_top10_cutoff_ties,100,100,1.0,1.0,1.0000000000000002,
reach,fresh,random_range_B4,visual,reference_spearman,100,100,0.7431563420405226,0.7364486537488794,0.7497996217524096,
reach,fresh,random_range_B4,visual,reference_top10_overlap,100,100,3.99,3.750000000000001,4.23,
reach,fresh,random_range_B4,visual,winner_changed,100,100,0.77,0.6800000000000002,0.8500000000000001,
reach,fresh,random_range_B4,visual,selected_in_reference_minimum_set,100,100,0.23,0.15000000000000002,0.31999999999999995,
reach,fresh,random_range_B4,visual,excess_reference_cost,100,100,0.1233806049823761,0.09759389758110047,0.15109847581386568,
reach,fresh,random_range_B4,visual,excess_reference_cost_percent,100,100,6.879270204601924,5.261277466377114,8.669060094127774,
reach,fresh,random_range_B4,visual,reference_minimum_ties,100,100,1.0,1.0,1.0000000000000002,
reach,fresh,random_range_B4,visual,selected_minimum_ties,100,100,1.0,1.0,1.0000000000000002,
reach,fresh,random_range_B4,visual,reference_top10_cutoff_ties,100,100,1.0,1.0,1.0000000000000002,
reach,fresh,random_range_B4,visual,selected_top10_cutoff_ties,100,100,1.0,1.0,1.0000000000000002,
reach,fresh,random_range_B5,official,reference_spearman,100,100,0.7474179818910975,0.7408801786200109,0.7537706516422085,
reach,fresh,random_range_B5,official,reference_top10_overlap,100,100,4.03,3.7800000000000002,4.29,
reach,fresh,random_range_B5,official,winner_changed,100,100,0.75,0.66,0.8300000000000001,
reach,fresh,random_range_B5,official,selected_in_reference_minimum_set,100,100,0.25,0.16999999999999998,0.33999999999999997,
reach,fresh,random_range_B5,official,excess_reference_cost,100,100,0.12290866255760192,0.0968693501353264,0.15021435472369193,
reach,fresh,random_range_B5,official,excess_reference_cost_percent,100,100,6.839145972056814,5.183048760079954,8.63228377858916,
reach,fresh,random_range_B5,official,reference_minimum_ties,100,100,1.0,1.0,1.0000000000000002,
reach,fresh,random_range_B5,official,selected_minimum_ties,100,100,1.0,1.0,1.0000000000000002,
reach,fresh,random_range_B5,official,reference_top10_cutoff_ties,100,100,1.0,1.0,1.0000000000000002,
reach,fresh,random_range_B5,official,selected_top10_cutoff_ties,100,100,1.0,1.0,1.0000000000000002,
reach,fresh,random_range_B5,proprio,reference_spearman,100,100,0.769950363892932,0.7644773583039812,0.7753356087289859,
reach,fresh,random_range_B5,proprio,reference_top10_overlap,100,100,4.54,4.2700000000000005,4.8100000000000005,
reach,fresh,random_range_B5,proprio,winner_changed,100,100,0.72,0.63,0.8,
reach,fresh,random_range_B5,proprio,selected_in_reference_minimum_set,100,100,0.28,0.19999999999999998,0.37,
reach,fresh,random_range_B5,proprio,excess_reference_cost,100,100,0.03197609979659319,0.025280558327212925,0.03924065685737878,
reach,fresh,random_range_B5,proprio,excess_reference_cost_percent,100,100,46.852041932865724,36.5415384899139,58.07327535157376,
reach,fresh,random_range_B5,proprio,reference_minimum_ties,100,100,1.0,1.0,1.0000000000000002,
reach,fresh,random_range_B5,proprio,selected_minimum_ties,100,100,1.0,1.0,1.0000000000000002,
reach,fresh,random_range_B5,proprio,reference_top10_cutoff_ties,100,100,1.0,1.0,1.0000000000000002,
reach,fresh,random_range_B5,proprio,selected_top10_cutoff_ties,100,100,1.0,1.0,1.0000000000000002,
reach,fresh,random_range_B5,visual,reference_spearman,100,100,0.7454599888666976,0.7388330937914698,0.7519613604991717,
reach,fresh,random_range_B5,visual,reference_top10_overlap,100,100,3.95,3.6900000000000004,4.210000000000001,
reach,fresh,random_range_B5,visual,winner_changed,100,100,0.77,0.68,0.8500000000000001,
reach,fresh,random_range_B5,visual,selected_in_reference_minimum_set,100,100,0.23,0.15000000000000002,0.31999999999999995,
reach,fresh,random_range_B5,visual,excess_reference_cost,100,100,0.12200295805931091,0.0963524248600006,0.14880445963144298,
reach,fresh,random_range_B5,visual,excess_reference_cost_percent,100,100,6.826429130099172,5.193068480841228,8.59321330383038,
reach,fresh,random_range_B5,visual,reference_minimum_ties,100,100,1.0,1.0,1.0000000000000002,
reach,fresh,random_range_B5,visual,selected_minimum_ties,100,100,1.0,1.0,1.0000000000000002,
reach,fresh,random_range_B5,visual,reference_top10_cutoff_ties,100,100,1.0,1.0,1.0000000000000002,
reach,fresh,random_range_B5,visual,selected_top10_cutoff_ties,100,100,1.0,1.0,1.0000000000000002,
reach,fresh,zero_capture,official,reference_spearman,100,100,0.7476335623244807,0.7410988810564769,0.7540123454061614,
reach,fresh,zero_capture,official,reference_top10_overlap,100,100,3.97,3.7100000000000004,4.23,
reach,fresh,zero_capture,official,winner_changed,100,100,0.75,0.66,0.8300000000000001,
reach,fresh,zero_capture,official,selected_in_reference_minimum_set,100,100,0.25,0.16999999999999998,0.33999999999999997,
reach,fresh,zero_capture,official,excess_reference_cost,100,100,0.12031949043273926,0.0950175814628601,0.14736294183135032,
reach,fresh,zero_capture,official,excess_reference_cost_percent,100,100,6.648844812154515,5.0459277791509445,8.397616854752918,
reach,fresh,zero_capture,official,reference_minimum_ties,100,100,1.0,1.0,1.0000000000000002,
reach,fresh,zero_capture,official,selected_minimum_ties,100,100,1.0,1.0,1.0000000000000002,
reach,fresh,zero_capture,official,reference_top10_cutoff_ties,100,100,1.0,1.0,1.0000000000000002,
reach,fresh,zero_capture,official,selected_top10_cutoff_ties,100,100,1.0,1.0,1.0000000000000002,
reach,fresh,zero_capture,proprio,reference_spearman,100,100,0.7701274276304716,0.7646697222103003,0.7755317204327284,
reach,fresh,zero_capture,proprio,reference_top10_overlap,100,100,4.54,4.260000000000001,4.82,
reach,fresh,zero_capture,proprio,winner_changed,100,100,0.7,0.61,0.79,
reach,fresh,zero_capture,proprio,selected_in_reference_minimum_set,100,100,0.3,0.21000000000000002,0.39,
reach,fresh,zero_capture,proprio,excess_reference_cost,100,100,0.031737884543836116,0.024980210362002254,0.03904016541456804,
reach,fresh,zero_capture,proprio,excess_reference_cost_percent,100,100,47.07041072901227,36.5942674964537,58.48371538805881,
reach,fresh,zero_capture,proprio,reference_minimum_ties,100,100,1.0,1.0,1.0000000000000002,
reach,fresh,zero_capture,proprio,selected_minimum_ties,100,100,1.0,1.0,1.0000000000000002,
reach,fresh,zero_capture,proprio,reference_top10_cutoff_ties,100,100,1.0,1.0,1.0000000000000002,
reach,fresh,zero_capture,proprio,selected_top10_cutoff_ties,100,100,1.0,1.0,1.0000000000000002,
reach,fresh,zero_capture,visual,reference_spearman,100,100,0.745629430761608,0.7390053506595333,0.7521425503815035,
reach,fresh,zero_capture,visual,reference_top10_overlap,100,100,3.95,3.6800000000000006,4.220000000000001,
reach,fresh,zero_capture,visual,winner_changed,100,100,0.77,0.68,0.8500000000000001,
reach,fresh,zero_capture,visual,selected_in_reference_minimum_set,100,100,0.23,0.15000000000000002,0.31999999999999995,
reach,fresh,zero_capture,visual,excess_reference_cost,100,100,0.11865215539932251,0.09377988266944885,0.14525987833738324,
reach,fresh,zero_capture,visual,excess_reference_cost_percent,100,100,6.604005994892328,5.021597516777477,8.337454933589502,
reach,fresh,zero_capture,visual,reference_minimum_ties,100,100,1.0,1.0,1.0000000000000002,
reach,fresh,zero_capture,visual,selected_minimum_ties,100,100,1.0,1.0,1.0000000000000002,
reach,fresh,zero_capture,visual,reference_top10_cutoff_ties,100,100,1.0,1.0,1.0000000000000002,
reach,fresh,zero_capture,visual,selected_top10_cutoff_ties,100,100,1.0,1.0,1.0000000000000002,
reach,original,all_blocks_h3_donor,official,reference_spearman,100,100,0.8878011306525541,0.8829640983223777,0.8925370093031606,
reach,original,all_blocks_h3_donor,official,reference_top10_overlap,100,100,5.86,5.5600000000000005,6.15,
reach,original,all_blocks_h3_donor,official,winner_changed,100,100,0.42,0.32,0.52,
reach,original,all_blocks_h3_donor,official,selected_in_reference_minimum_set,100,100,0.58,0.48,0.6799999999999999,
reach,original,all_blocks_h3_donor,official,excess_reference_cost,100,100,0.03352989077568054,0.02290317723155022,0.04522870555520058,
reach,original,all_blocks_h3_donor,official,excess_reference_cost_percent,100,100,1.8086686326173589,1.2354763636779587,2.4383287575782027,
reach,original,all_blocks_h3_donor,official,reference_minimum_ties,100,100,1.0,1.0,1.0000000000000002,
reach,original,all_blocks_h3_donor,official,selected_minimum_ties,100,100,1.0,1.0,1.0000000000000002,
reach,original,all_blocks_h3_donor,official,reference_top10_cutoff_ties,100,100,1.0,1.0,1.0000000000000002,
reach,original,all_blocks_h3_donor,official,selected_top10_cutoff_ties,100,100,1.0,1.0,1.0000000000000002,
reach,original,all_blocks_h3_donor,proprio,reference_spearman,100,100,0.9036711207902308,0.901117455638396,0.906257536305959,
reach,original,all_blocks_h3_donor,proprio,reference_top10_overlap,100,100,6.29,6.03,6.540249999999981,
reach,original,all_blocks_h3_donor,proprio,winner_changed,100,100,0.48,0.38,0.5800000000000001,
reach,original,all_blocks_h3_donor,proprio,selected_in_reference_minimum_set,100,100,0.52,0.42,0.62,
reach,original,all_blocks_h3_donor,proprio,excess_reference_cost,100,100,0.010400273762643337,0.007294379347935319,0.013774744198191911,
reach,original,all_blocks_h3_donor,proprio,excess_reference_cost_percent,100,100,12.717853452349168,9.078710583929618,16.73313269848325,
reach,original,all_blocks_h3_donor,proprio,reference_minimum_ties,100,100,1.0,1.0,1.0000000000000002,
reach,original,all_blocks_h3_donor,proprio,selected_minimum_ties,100,100,1.0,1.0,1.0000000000000002,
reach,original,all_blocks_h3_donor,proprio,reference_top10_cutoff_ties,100,100,1.0,1.0,1.0000000000000002,
reach,original,all_blocks_h3_donor,proprio,selected_top10_cutoff_ties,100,100,1.0,1.0,1.0000000000000002,
reach,original,all_blocks_h3_donor,visual,reference_spearman,100,100,0.8867281567769458,0.8817722441505242,0.891578483718107,
reach,original,all_blocks_h3_donor,visual,reference_top10_overlap,100,100,5.87,5.580000000000001,6.15,
reach,original,all_blocks_h3_donor,visual,winner_changed,100,100,0.41,0.31000000000000005,0.51,
reach,original,all_blocks_h3_donor,visual,selected_in_reference_minimum_set,100,100,0.59,0.49000000000000005,0.69,
reach,original,all_blocks_h3_donor,visual,excess_reference_cost,100,100,0.03272001266479492,0.02245076736807823,0.04399941003322601,
reach,original,all_blocks_h3_donor,visual,excess_reference_cost_percent,100,100,1.7800694090114377,1.2177596653278273,2.396585009851717,
reach,original,all_blocks_h3_donor,visual,reference_minimum_ties,100,100,1.0,1.0,1.0000000000000002,
reach,original,all_blocks_h3_donor,visual,selected_minimum_ties,100,100,1.0,1.0,1.0000000000000002,
reach,original,all_blocks_h3_donor,visual,reference_top10_cutoff_ties,100,100,1.0,1.0,1.0000000000000002,
reach,original,all_blocks_h3_donor,visual,selected_top10_cutoff_ties,100,100,1.0,1.0,1.0000000000000002,
reach,original,all_blocks_persistent_donor,official,reference_spearman,100,100,1.0,1.0,1.0000000000000002,
reach,original,all_blocks_persistent_donor,official,reference_top10_overlap,100,100,10.0,10.0,10.000000000000004,
reach,original,all_blocks_persistent_donor,official,winner_changed,100,100,0.0,0.0,0.0,
reach,original,all_blocks_persistent_donor,official,selected_in_reference_minimum_set,100,100,1.0,1.0,1.0000000000000002,
reach,original,all_blocks_persistent_donor,official,excess_reference_cost,100,100,0.0,0.0,0.0,
reach,original,all_blocks_persistent_donor,official,excess_reference_cost_percent,100,100,0.0,0.0,0.0,
reach,original,all_blocks_persistent_donor,official,reference_minimum_ties,100,100,1.0,1.0,1.0000000000000002,
reach,original,all_blocks_persistent_donor,official,selected_minimum_ties,100,100,1.0,1.0,1.0000000000000002,
reach,original,all_blocks_persistent_donor,official,reference_top10_cutoff_ties,100,100,1.0,1.0,1.0000000000000002,
reach,original,all_blocks_persistent_donor,official,selected_top10_cutoff_ties,100,100,1.0,1.0,1.0000000000000002,
reach,original,all_blocks_persistent_donor,proprio,reference_spearman,100,100,1.0,1.0,1.0000000000000002,
reach,original,all_blocks_persistent_donor,proprio,reference_top10_overlap,100,100,10.0,10.0,10.000000000000004,
reach,original,all_blocks_persistent_donor,proprio,winner_changed,100,100,0.0,0.0,0.0,
reach,original,all_blocks_persistent_donor,proprio,selected_in_reference_minimum_set,100,100,1.0,1.0,1.0000000000000002,
reach,original,all_blocks_persistent_donor,proprio,excess_reference_cost,100,100,0.0,0.0,0.0,
reach,original,all_blocks_persistent_donor,proprio,excess_reference_cost_percent,100,100,0.0,0.0,0.0,
reach,original,all_blocks_persistent_donor,proprio,reference_minimum_ties,100,100,1.0,1.0,1.0000000000000002,
reach,original,all_blocks_persistent_donor,proprio,selected_minimum_ties,100,100,1.0,1.0,1.0000000000000002,
reach,original,all_blocks_persistent_donor,proprio,reference_top10_cutoff_ties,100,100,1.0,1.0,1.0000000000000002,
reach,original,all_blocks_persistent_donor,proprio,selected_top10_cutoff_ties,100,100,1.0,1.0,1.0000000000000002,
reach,original,all_blocks_persistent_donor,visual,reference_spearman,100,100,1.0,1.0,1.0000000000000002,
reach,original,all_blocks_persistent_donor,visual,reference_top10_overlap,100,100,10.0,10.0,10.000000000000004,
reach,original,all_blocks_persistent_donor,visual,winner_changed,100,100,0.0,0.0,0.0,
reach,original,all_blocks_persistent_donor,visual,selected_in_reference_minimum_set,100,100,1.0,1.0,1.0000000000000002,
reach,original,all_blocks_persistent_donor,visual,excess_reference_cost,100,100,0.0,0.0,0.0,
reach,original,all_blocks_persistent_donor,visual,excess_reference_cost_percent,100,100,0.0,0.0,0.0,
reach,original,all_blocks_persistent_donor,visual,reference_minimum_ties,100,100,1.0,1.0,1.0000000000000002,
reach,original,all_blocks_persistent_donor,visual,selected_minimum_ties,100,100,1.0,1.0,1.0000000000000002,
reach,original,all_blocks_persistent_donor,visual,reference_top10_cutoff_ties,100,100,1.0,1.0,1.0000000000000002,
reach,original,all_blocks_persistent_donor,visual,selected_top10_cutoff_ties,100,100,1.0,1.0,1.0000000000000002,
reach,original,coherent_raw_h3,official,reference_spearman,100,100,1.0,1.0,1.0000000000000002,
reach,original,coherent_raw_h3,official,reference_top10_overlap,100,100,10.0,10.0,10.000000000000004,
reach,original,coherent_raw_h3,official,winner_changed,100,100,0.0,0.0,0.0,
reach,original,coherent_raw_h3,official,selected_in_reference_minimum_set,100,100,1.0,1.0,1.0000000000000002,
reach,original,coherent_raw_h3,official,excess_reference_cost,100,100,0.0,0.0,0.0,
reach,original,coherent_raw_h3,official,excess_reference_cost_percent,100,100,0.0,0.0,0.0,
reach,original,coherent_raw_h3,official,reference_minimum_ties,100,100,1.0,1.0,1.0000000000000002,
reach,original,coherent_raw_h3,official,selected_minimum_ties,100,100,1.0,1.0,1.0000000000000002,
reach,original,coherent_raw_h3,official,reference_top10_cutoff_ties,100,100,1.0,1.0,1.0000000000000002,
reach,original,coherent_raw_h3,official,selected_top10_cutoff_ties,100,100,1.0,1.0,1.0000000000000002,
reach,original,coherent_raw_h3,proprio,reference_spearman,100,100,1.0,1.0,1.0000000000000002,
reach,original,coherent_raw_h3,proprio,reference_top10_overlap,100,100,10.0,10.0,10.000000000000004,
reach,original,coherent_raw_h3,proprio,winner_changed,100,100,0.0,0.0,0.0,
reach,original,coherent_raw_h3,proprio,selected_in_reference_minimum_set,100,100,1.0,1.0,1.0000000000000002,
reach,original,coherent_raw_h3,proprio,excess_reference_cost,100,100,0.0,0.0,0.0,
reach,original,coherent_raw_h3,proprio,excess_reference_cost_percent,100,100,0.0,0.0,0.0,
reach,original,coherent_raw_h3,proprio,reference_minimum_ties,100,100,1.0,1.0,1.0000000000000002,
reach,original,coherent_raw_h3,proprio,selected_minimum_ties,100,100,1.0,1.0,1.0000000000000002,
reach,original,coherent_raw_h3,proprio,reference_top10_cutoff_ties,100,100,1.0,1.0,1.0000000000000002,
reach,original,coherent_raw_h3,proprio,selected_top10_cutoff_ties,100,100,1.0,1.0,1.0000000000000002,
reach,original,coherent_raw_h3,visual,reference_spearman,100,100,1.0,1.0,1.0000000000000002,
reach,original,coherent_raw_h3,visual,reference_top10_overlap,100,100,10.0,10.0,10.000000000000004,
reach,original,coherent_raw_h3,visual,winner_changed,100,100,0.0,0.0,0.0,
reach,original,coherent_raw_h3,visual,selected_in_reference_minimum_set,100,100,1.0,1.0,1.0000000000000002,
reach,original,coherent_raw_h3,visual,excess_reference_cost,100,100,0.0,0.0,0.0,
reach,original,coherent_raw_h3,visual,excess_reference_cost_percent,100,100,0.0,0.0,0.0,
reach,original,coherent_raw_h3,visual,reference_minimum_ties,100,100,1.0,1.0,1.0000000000000002,
reach,original,coherent_raw_h3,visual,selected_minimum_ties,100,100,1.0,1.0,1.0000000000000002,
reach,original,coherent_raw_h3,visual,reference_top10_cutoff_ties,100,100,1.0,1.0,1.0000000000000002,
reach,original,coherent_raw_h3,visual,selected_top10_cutoff_ties,100,100,1.0,1.0,1.0000000000000002,
reach,original,donor_h3_B0,official,reference_spearman,100,100,0.7712446452213058,0.7652731150828146,0.7772162681091013,
reach,original,donor_h3_B0,official,reference_top10_overlap,100,100,4.31,4.000000000000002,4.610000000000001,
reach,original,donor_h3_B0,official,winner_changed,100,100,0.69,0.6,0.78,
reach,original,donor_h3_B0,official,selected_in_reference_minimum_set,100,100,0.31,0.22,0.4,
reach,original,donor_h3_B0,official,excess_reference_cost,100,100,0.09363900184631348,0.07164481899142265,0.11759950047731399,
reach,original,donor_h3_B0,official,excess_reference_cost_percent,100,100,5.453516331059038,4.043935363602724,7.055830507838134,
reach,original,donor_h3_B0,official,reference_minimum_ties,100,100,1.0,1.0,1.0000000000000002,
reach,original,donor_h3_B0,official,selected_minimum_ties,100,100,1.0,1.0,1.0000000000000002,
reach,original,donor_h3_B0,official,reference_top10_cutoff_ties,100,100,1.0,1.0,1.0000000000000002,
reach,original,donor_h3_B0,official,selected_top10_cutoff_ties,100,100,1.0,1.0,1.0000000000000002,
reach,original,donor_h3_B0,proprio,reference_spearman,100,100,0.7842210424560272,0.7792689406548962,0.7891995818842431,
reach,original,donor_h3_B0,proprio,reference_top10_overlap,100,100,4.52,4.240000000000001,4.800000000000001,
reach,original,donor_h3_B0,proprio,winner_changed,100,100,0.66,0.57,0.75,
reach,original,donor_h3_B0,proprio,selected_in_reference_minimum_set,100,100,0.34,0.25,0.43000000000000005,
reach,original,donor_h3_B0,proprio,excess_reference_cost,100,100,0.02397289637476206,0.018661265454720705,0.029783789552282534,
reach,original,donor_h3_B0,proprio,excess_reference_cost_percent,100,100,38.87954410024128,28.944256836382248,50.242718187031294,
reach,original,donor_h3_B0,proprio,reference_minimum_ties,100,100,1.0,1.0,1.0000000000000002,
reach,original,donor_h3_B0,proprio,selected_minimum_ties,100,100,1.0,1.0,1.0000000000000002,
reach,original,donor_h3_B0,proprio,reference_top10_cutoff_ties,100,100,1.0,1.0,1.0000000000000002,
reach,original,donor_h3_B0,proprio,selected_top10_cutoff_ties,100,100,1.0,1.0,1.0000000000000002,
reach,original,donor_h3_B0,visual,reference_spearman,100,100,0.7701142877228813,0.7640724777636893,0.7761526068672553,
reach,original,donor_h3_B0,visual,reference_top10_overlap,100,100,4.27,3.9600000000000004,4.58,
reach,original,donor_h3_B0,visual,winner_changed,100,100,0.68,0.59,0.77,
reach,original,donor_h3_B0,visual,selected_in_reference_minimum_set,100,100,0.32,0.23,0.41000000000000003,
reach,original,donor_h3_B0,visual,excess_reference_cost,100,100,0.09013141632080078,0.06925879853963851,0.11317795965075493,
reach,original,donor_h3_B0,visual,excess_reference_cost_percent,100,100,5.260331485449654,3.9121194428218247,6.807949130773855,
reach,original,donor_h3_B0,visual,reference_minimum_ties,100,100,1.0,1.0,1.0000000000000002,
reach,original,donor_h3_B0,visual,selected_minimum_ties,100,100,1.0,1.0,1.0000000000000002,
reach,original,donor_h3_B0,visual,reference_top10_cutoff_ties,100,100,1.0,1.0,1.0000000000000002,
reach,original,donor_h3_B0,visual,selected_top10_cutoff_ties,100,100,1.0,1.0,1.0000000000000002,
reach,original,donor_h3_B1,official,reference_spearman,100,100,0.8124823395026989,0.8071965701090283,0.8177395331059234,
reach,original,donor_h3_B1,official,reference_top10_overlap,100,100,4.69,4.390000000000001,4.99,
reach,original,donor_h3_B1,official,winner_changed,100,100,0.62,0.52,0.7100000000000001,
reach,original,donor_h3_B1,official,selected_in_reference_minimum_set,100,100,0.38,0.29,0.48,
reach,original,donor_h3_B1,official,excess_reference_cost,100,100,0.07026337623596192,0.05348892852663994,0.08809581622481344,
reach,original,donor_h3_B1,official,excess_reference_cost_percent,100,100,3.9556115629406348,2.9684156291844546,5.02892163605946,
reach,original,donor_h3_B1,official,reference_minimum_ties,100,100,1.0,1.0,1.0000000000000002,
reach,original,donor_h3_B1,official,selected_minimum_ties,100,100,1.0,1.0,1.0000000000000002,
reach,original,donor_h3_B1,official,reference_top10_cutoff_ties,100,100,1.0,1.0,1.0000000000000002,
reach,original,donor_h3_B1,official,selected_top10_cutoff_ties,100,100,1.0,1.0,1.0000000000000002,
reach,original,donor_h3_B1,proprio,reference_spearman,100,100,0.8289676818631316,0.8249704246713853,0.8329792567695196,
reach,original,donor_h3_B1,proprio,reference_top10_overlap,100,100,4.97,4.710000000000001,5.23,
reach,original,donor_h3_B1,proprio,winner_changed,100,100,0.63,0.53,0.73,
reach,original,donor_h3_B1,proprio,selected_in_reference_minimum_set,100,100,0.37,0.27,0.47,
reach,original,donor_h3_B1,proprio,excess_reference_cost,100,100,0.01990724079310894,0.015316330880392345,0.024951581592205913,
reach,original,donor_h3_B1,proprio,excess_reference_cost_percent,100,100,30.336268907801486,22.81789303073555,38.69793595613203,
reach,original,donor_h3_B1,proprio,reference_minimum_ties,100,100,1.0,1.0,1.0000000000000002,
reach,original,donor_h3_B1,proprio,selected_minimum_ties,100,100,1.0,1.0,1.0000000000000002,
reach,original,donor_h3_B1,proprio,reference_top10_cutoff_ties,100,100,1.0,1.0,1.0000000000000002,
reach,original,donor_h3_B1,proprio,selected_top10_cutoff_ties,100,100,1.0,1.0,1.0000000000000002,
reach,original,donor_h3_B1,visual,reference_spearman,100,100,0.8111931649827384,0.8057921452846882,0.816551098637797,
reach,original,donor_h3_B1,visual,reference_top10_overlap,100,100,4.66,4.350000000000001,4.960000000000001,
reach,original,donor_h3_B1,visual,winner_changed,100,100,0.63,0.53,0.7200000000000001,
reach,original,donor_h3_B1,visual,selected_in_reference_minimum_set,100,100,0.37,0.27999999999999997,0.47,
reach,original,donor_h3_B1,visual,excess_reference_cost,100,100,0.06929380059242249,0.052869370937347414,0.08663257500529288,
reach,original,donor_h3_B1,visual,excess_reference_cost_percent,100,100,3.923979352892646,2.9497629467039874,4.985393779002664,
reach,original,donor_h3_B1,visual,reference_minimum_ties,100,100,1.0,1.0,1.0000000000000002,
reach,original,donor_h3_B1,visual,selected_minimum_ties,100,100,1.0,1.0,1.0000000000000002,
reach,original,donor_h3_B1,visual,reference_top10_cutoff_ties,100,100,1.0,1.0,1.0000000000000002,
reach,original,donor_h3_B1,visual,selected_top10_cutoff_ties,100,100,1.0,1.0,1.0000000000000002,
reach,original,donor_h3_B2,official,reference_spearman,100,100,0.7759200600125198,0.7698890320010974,0.781935253292445,
reach,original,donor_h3_B2,official,reference_top10_overlap,100,100,4.38,4.0600000000000005,4.69,
reach,original,donor_h3_B2,official,winner_changed,100,100,0.64,0.54,0.73,
reach,original,donor_h3_B2,official,selected_in_reference_minimum_set,100,100,0.36,0.27,0.45999999999999996,
reach,original,donor_h3_B2,official,excess_reference_cost,100,100,0.08157702803611755,0.06253874060511588,0.10208673644065856,
reach,original,donor_h3_B2,official,excess_reference_cost_percent,100,100,4.728994823638984,3.505098036537323,6.1575678290365055,
reach,original,donor_h3_B2,official,reference_minimum_ties,100,100,1.0,1.0,1.0000000000000002,
reach,original,donor_h3_B2,official,selected_minimum_ties,100,100,1.0,1.0,1.0000000000000002,
reach,original,donor_h3_B2,official,reference_top10_cutoff_ties,100,100,1.0,1.0,1.0000000000000002,
reach,original,donor_h3_B2,official,selected_top10_cutoff_ties,100,100,1.0,1.0,1.0000000000000002,
reach,original,donor_h3_B2,proprio,reference_spearman,100,100,0.7955767801833056,0.7910505910586997,0.8001091517102018,
reach,original,donor_h3_B2,proprio,reference_top10_overlap,100,100,4.74,4.470000000000001,5.01,
reach,original,donor_h3_B2,proprio,winner_changed,100,100,0.65,0.5599999999999999,0.7400000000000001,
reach,original,donor_h3_B2,proprio,selected_in_reference_minimum_set,100,100,0.35,0.26,0.44000000000000006,
reach,original,donor_h3_B2,proprio,excess_reference_cost,100,100,0.02247222114354372,0.017265174641739583,0.028233194101601834,
reach,original,donor_h3_B2,proprio,excess_reference_cost_percent,100,100,34.78538267150724,26.02421279283976,44.768830596730155,
reach,original,donor_h3_B2,proprio,reference_minimum_ties,100,100,1.0,1.0,1.0000000000000002,
reach,original,donor_h3_B2,proprio,selected_minimum_ties,100,100,1.0,1.0,1.0000000000000002,
reach,original,donor_h3_B2,proprio,reference_top10_cutoff_ties,100,100,1.0,1.0,1.0000000000000002,
reach,original,donor_h3_B2,proprio,selected_top10_cutoff_ties,100,100,1.0,1.0,1.0000000000000002,
reach,original,donor_h3_B2,visual,reference_spearman,100,100,0.7741568411522788,0.7679674130530668,0.7802834200442408,
reach,original,donor_h3_B2,visual,reference_top10_overlap,100,100,4.34,4.03,4.65,
reach,original,donor_h3_B2,visual,winner_changed,100,100,0.64,0.54,0.73,
reach,original,donor_h3_B2,visual,selected_in_reference_minimum_set,100,100,0.36,0.27,0.45999999999999996,
reach,original,donor_h3_B2,visual,excess_reference_cost,100,100,0.07975932240486144,0.061346376657485956,0.09978086456656453,
reach,original,donor_h3_B2,visual,excess_reference_cost_percent,100,100,4.656939759852291,3.4482241106108327,6.07464278079635,
reach,original,donor_h3_B2,visual,reference_minimum_ties,100,100,1.0,1.0,1.0000000000000002,
reach,original,donor_h3_B2,visual,selected_minimum_ties,100,100,1.0,1.0,1.0000000000000002,
reach,original,donor_h3_B2,visual,reference_top10_cutoff_ties,100,100,1.0,1.0,1.0000000000000002,
reach,original,donor_h3_B2,visual,selected_top10_cutoff_ties,100,100,1.0,1.0,1.0000000000000002,
reach,original,donor_h3_B3,official,reference_spearman,100,100,0.7533947975887301,0.7471868833032315,0.7596180983780165,
reach,original,donor_h3_B3,official,reference_top10_overlap,100,100,4.18,3.8700000000000006,4.49,
reach,original,donor_h3_B3,official,winner_changed,100,100,0.7,0.61,0.79,
reach,original,donor_h3_B3,official,selected_in_reference_minimum_set,100,100,0.3,0.21000000000000002,0.39,
reach,original,donor_h3_B3,official,excess_reference_cost,100,100,0.09772997498512268,0.07550682932138443,0.12181512004137038,
reach,original,donor_h3_B3,official,excess_reference_cost_percent,100,100,5.693224829766252,4.263221951009533,7.3178540939090375,
reach,original,donor_h3_B3,official,reference_minimum_ties,100,100,1.0,1.0,1.0000000000000002,
reach,original,donor_h3_B3,official,selected_minimum_ties,100,100,1.0,1.0,1.0000000000000002,
reach,original,donor_h3_B3,official,reference_top10_cutoff_ties,100,100,1.0,1.0,1.0000000000000002,
reach,original,donor_h3_B3,official,selected_top10_cutoff_ties,100,100,1.0,1.0,1.0000000000000002,
reach,original,donor_h3_B3,proprio,reference_spearman,100,100,0.766648522761364,0.7614251647240524,0.77190591539906,
reach,original,donor_h3_B3,proprio,reference_top10_overlap,100,100,4.34,4.050000000000001,4.630000000000001,
reach,original,donor_h3_B3,proprio,winner_changed,100,100,0.67,0.58,0.76,
reach,original,donor_h3_B3,proprio,selected_in_reference_minimum_set,100,100,0.33,0.24,0.42000000000000004,
reach,original,donor_h3_B3,proprio,excess_reference_cost,100,100,0.025546764954924583,0.0202118949922733,0.031511883817147465,
reach,original,donor_h3_B3,proprio,excess_reference_cost_percent,100,100,43.11315630611708,32.04218565228357,55.780034710118215,
reach,original,donor_h3_B3,proprio,reference_minimum_ties,100,100,1.0,1.0,1.0000000000000002,
reach,original,donor_h3_B3,proprio,selected_minimum_ties,100,100,1.0,1.0,1.0000000000000002,
reach,original,donor_h3_B3,proprio,reference_top10_cutoff_ties,100,100,1.0,1.0,1.0000000000000002,
reach,original,donor_h3_B3,proprio,selected_top10_cutoff_ties,100,100,1.0,1.0,1.0000000000000002,
reach,original,donor_h3_B3,visual,reference_spearman,100,100,0.7518414472678105,0.7455617527070545,0.7581599992405762,
reach,original,donor_h3_B3,visual,reference_top10_overlap,100,100,4.09,3.7700000000000005,4.400000000000001,
reach,original,donor_h3_B3,visual,winner_changed,100,100,0.69,0.6,0.78,
reach,original,donor_h3_B3,visual,selected_in_reference_minimum_set,100,100,0.31,0.22,0.4,
reach,original,donor_h3_B3,visual,excess_reference_cost,100,100,0.09505791306495666,0.07318188557028771,0.11872392952442168,
reach,original,donor_h3_B3,visual,excess_reference_cost_percent,100,100,5.581136327000446,4.18360437037923,7.1893096159392895,
reach,original,donor_h3_B3,visual,reference_minimum_ties,100,100,1.0,1.0,1.0000000000000002,
reach,original,donor_h3_B3,visual,selected_minimum_ties,100,100,1.0,1.0,1.0000000000000002,
reach,original,donor_h3_B3,visual,reference_top10_cutoff_ties,100,100,1.0,1.0,1.0000000000000002,
reach,original,donor_h3_B3,visual,selected_top10_cutoff_ties,100,100,1.0,1.0,1.0000000000000002,
reach,original,donor_h3_B4,official,reference_spearman,100,100,0.7983721787676821,0.7910494793745435,0.8056106016232363,
reach,original,donor_h3_B4,official,reference_top10_overlap,100,100,4.52,4.210000000000001,4.83,
reach,original,donor_h3_B4,official,winner_changed,100,100,0.64,0.54,0.73,
reach,original,donor_h3_B4,official,selected_in_reference_minimum_set,100,100,0.36,0.27,0.45999999999999996,
reach,original,donor_h3_B4,official,excess_reference_cost,100,100,0.07331225633621216,0.05635592466592789,0.09096016365289689,
reach,original,donor_h3_B4,official,excess_reference_cost_percent,100,100,4.0320291303574365,3.054193545914293,5.051301210611975,
reach,original,donor_h3_B4,official,reference_minimum_ties,100,100,1.0,1.0,1.0000000000000002,
reach,original,donor_h3_B4,official,selected_minimum_ties,100,100,1.0,1.0,1.0000000000000002,
reach,original,donor_h3_B4,official,reference_top10_cutoff_ties,100,100,1.0,1.0,1.0000000000000002,
reach,original,donor_h3_B4,official,selected_top10_cutoff_ties,100,100,1.0,1.0,1.0000000000000002,
reach,original,donor_h3_B4,proprio,reference_spearman,100,100,0.8311005188946544,0.8266549658329537,0.8355832481472016,
reach,original,donor_h3_B4,proprio,reference_top10_overlap,100,100,5.04,4.7700000000000005,5.3100000000000005,
reach,original,donor_h3_B4,proprio,winner_changed,100,100,0.63,0.53,0.7200000000000001,
reach,original,donor_h3_B4,proprio,selected_in_reference_minimum_set,100,100,0.37,0.27999999999999997,0.47,
reach,original,donor_h3_B4,proprio,excess_reference_cost,100,100,0.01793862683698535,0.013786492093000563,0.022424131102394308,
reach,original,donor_h3_B4,proprio,excess_reference_cost_percent,100,100,26.880044749258676,20.291001643347435,33.992931366074714,
reach,original,donor_h3_B4,proprio,reference_minimum_ties,100,100,1.0,1.0,1.0000000000000002,
reach,original,donor_h3_B4,proprio,selected_minimum_ties,100,100,1.0,1.0,1.0000000000000002,
reach,original,donor_h3_B4,proprio,reference_top10_cutoff_ties,100,100,1.0,1.0,1.0000000000000002,
reach,original,donor_h3_B4,proprio,selected_top10_cutoff_ties,100,100,1.0,1.0,1.0000000000000002,
reach,original,donor_h3_B4,visual,reference_spearman,100,100,0.7957528514622065,0.788269245891389,0.8031772275200141,
reach,original,donor_h3_B4,visual,reference_top10_overlap,100,100,4.47,4.15,4.790000000000001,
reach,original,donor_h3_B4,visual,winner_changed,100,100,0.64,0.54,0.73,
reach,original,donor_h3_B4,visual,selected_in_reference_minimum_set,100,100,0.36,0.27,0.45999999999999996,
reach,original,donor_h3_B4,visual,excess_reference_cost,100,100,0.0719366717338562,0.05529882076382637,0.08921294644474981,
reach,original,donor_h3_B4,visual,excess_reference_cost_percent,100,100,3.982404282287175,3.0240947527578257,4.9848879621219,
reach,original,donor_h3_B4,visual,reference_minimum_ties,100,100,1.0,1.0,1.0000000000000002,
reach,original,donor_h3_B4,visual,selected_minimum_ties,100,100,1.0,1.0,1.0000000000000002,
reach,original,donor_h3_B4,visual,reference_top10_cutoff_ties,100,100,1.0,1.0,1.0000000000000002,
reach,original,donor_h3_B4,visual,selected_top10_cutoff_ties,100,100,1.0,1.0,1.0000000000000002,
reach,original,donor_h3_B5,official,reference_spearman,100,100,0.7561721555483555,0.7498711039984862,0.7624990489132909,
reach,original,donor_h3_B5,official,reference_top10_overlap,100,100,4.14,3.8400000000000007,4.430000000000001,
reach,original,donor_h3_B5,official,winner_changed,100,100,0.71,0.62,0.8,
reach,original,donor_h3_B5,official,selected_in_reference_minimum_set,100,100,0.29,0.2,0.38,
reach,original,donor_h3_B5,official,excess_reference_cost,100,100,0.10016852855682373,0.07780390006303788,0.1243308929502964,
reach,original,donor_h3_B5,official,excess_reference_cost_percent,100,100,5.819464390319336,4.382926188954551,7.447300865054739,
reach,original,donor_h3_B5,official,reference_minimum_ties,100,100,1.0,1.0,1.0000000000000002,
reach,original,donor_h3_B5,official,selected_minimum_ties,100,100,1.0,1.0,1.0000000000000002,
reach,original,donor_h3_B5,official,reference_top10_cutoff_ties,100,100,1.0,1.0,1.0000000000000002,
reach,original,donor_h3_B5,official,selected_top10_cutoff_ties,100,100,1.0,1.0,1.0000000000000002,
reach,original,donor_h3_B5,proprio,reference_spearman,100,100,0.7761252378181429,0.7710934293714374,0.7811894381484211,
reach,original,donor_h3_B5,proprio,reference_top10_overlap,100,100,4.38,4.1000000000000005,4.66,
reach,original,donor_h3_B5,proprio,winner_changed,100,100,0.68,0.59,0.77,
reach,original,donor_h3_B5,proprio,selected_in_reference_minimum_set,100,100,0.32,0.22999999999999998,0.41000000000000003,
reach,original,donor_h3_B5,proprio,excess_reference_cost,100,100,0.025783868785947562,0.020434266217052938,0.031736419655848294,
reach,original,donor_h3_B5,proprio,excess_reference_cost_percent,100,100,45.04236829468433,33.53647430823662,58.03656886056459,
reach,original,donor_h3_B5,proprio,reference_minimum_ties,100,100,1.0,1.0,1.0000000000000002,
reach,original,donor_h3_B5,proprio,selected_minimum_ties,100,100,1.0,1.0,1.0000000000000002,
reach,original,donor_h3_B5,proprio,reference_top10_cutoff_ties,100,100,1.0,1.0,1.0000000000000002,
reach,original,donor_h3_B5,proprio,selected_top10_cutoff_ties,100,100,1.0,1.0,1.0000000000000002,
reach,original,donor_h3_B5,visual,reference_spearman,100,100,0.7543909489342764,0.7479929436853807,0.7607972801379719,
reach,original,donor_h3_B5,visual,reference_top10_overlap,100,100,4.11,3.8100000000000005,4.41,
reach,original,donor_h3_B5,visual,winner_changed,100,100,0.7,0.61,0.79,
reach,original,donor_h3_B5,visual,selected_in_reference_minimum_set,100,100,0.3,0.21000000000000002,0.39,
reach,original,donor_h3_B5,visual,excess_reference_cost,100,100,0.09624248385429382,0.07426932427287102,0.12009793063998221,
reach,original,donor_h3_B5,visual,excess_reference_cost_percent,100,100,5.660718308357692,4.23550912508529,7.282223453931263,
reach,original,donor_h3_B5,visual,reference_minimum_ties,100,100,1.0,1.0,1.0000000000000002,
reach,original,donor_h3_B5,visual,selected_minimum_ties,100,100,1.0,1.0,1.0000000000000002,
reach,original,donor_h3_B5,visual,reference_top10_cutoff_ties,100,100,1.0,1.0,1.0000000000000002,
reach,original,donor_h3_B5,visual,selected_top10_cutoff_ties,100,100,1.0,1.0,1.0000000000000002,
reach,original,donor_persistent_B0,official,reference_spearman,100,100,0.8006784115663595,0.795367320948356,0.8061106292391075,
reach,original,donor_persistent_B0,official,reference_top10_overlap,100,100,4.59,4.270000000000001,4.9,
reach,original,donor_persistent_B0,official,winner_changed,100,100,0.64,0.54,0.73,
reach,original,donor_persistent_B0,official,selected_in_reference_minimum_set,100,100,0.36,0.27,0.45999999999999996,
reach,original,donor_persistent_B0,official,excess_reference_cost,100,100,0.07496015310287475,0.05687380981445312,0.09490117996931076,
reach,original,donor_persistent_B0,official,excess_reference_cost_percent,100,100,4.353653178985933,3.1528469158092025,5.751742716660746,
reach,original,donor_persistent_B0,official,reference_minimum_ties,100,100,1.0,1.0,1.0000000000000002,
reach,original,donor_persistent_B0,official,selected_minimum_ties,100,100,1.0,1.0,1.0000000000000002,
reach,original,donor_persistent_B0,official,reference_top10_cutoff_ties,100,100,1.0,1.0,1.0000000000000002,
reach,original,donor_persistent_B0,official,selected_top10_cutoff_ties,100,100,1.0,1.0,1.0000000000000002,
reach,original,donor_persistent_B0,proprio,reference_spearman,100,100,0.8098332124157298,0.805235900311171,0.8144227367905579,
reach,original,donor_persistent_B0,proprio,reference_top10_overlap,100,100,4.87,4.6000000000000005,5.140000000000001,
reach,original,donor_persistent_B0,proprio,winner_changed,100,100,0.63,0.5399999999999999,0.73,
reach,original,donor_persistent_B0,proprio,selected_in_reference_minimum_set,100,100,0.37,0.27,0.4600000000000001,
reach,original,donor_persistent_B0,proprio,excess_reference_cost,100,100,0.020633304826915264,0.015887378729879855,0.025832695207092908,
reach,original,donor_persistent_B0,proprio,excess_reference_cost_percent,100,100,32.46069566348566,23.85785946403047,42.474151024978255,
reach,original,donor_persistent_B0,proprio,reference_minimum_ties,100,100,1.0,1.0,1.0000000000000002,
reach,original,donor_persistent_B0,proprio,selected_minimum_ties,100,100,1.0,1.0,1.0000000000000002,
reach,original,donor_persistent_B0,proprio,reference_top10_cutoff_ties,100,100,1.0,1.0,1.0000000000000002,
reach,original,donor_persistent_B0,proprio,selected_top10_cutoff_ties,100,100,1.0,1.0,1.0000000000000002,
reach,original,donor_persistent_B0,visual,reference_spearman,100,100,0.7996277651764069,0.7942077582632165,0.8051363783259753,
reach,original,donor_persistent_B0,visual,reference_top10_overlap,100,100,4.6,4.290000000000001,4.900000000000001,
reach,original,donor_persistent_B0,visual,winner_changed,100,100,0.63,0.53,0.7200000000000001,
reach,original,donor_persistent_B0,visual,selected_in_reference_minimum_set,100,100,0.37,0.27999999999999997,0.47,
reach,original,donor_persistent_B0,visual,excess_reference_cost,100,100,0.07386025309562683,0.055701952517032624,0.09359232306480407,
reach,original,donor_persistent_B0,visual,excess_reference_cost_percent,100,100,4.319797156306438,3.122312954753926,5.7099599546993955,
reach,original,donor_persistent_B0,visual,reference_minimum_ties,100,100,1.0,1.0,1.0000000000000002,
reach,original,donor_persistent_B0,visual,selected_minimum_ties,100,100,1.0,1.0,1.0000000000000002,
reach,original,donor_persistent_B0,visual,reference_top10_cutoff_ties,100,100,1.0,1.0,1.0000000000000002,
reach,original,donor_persistent_B0,visual,selected_top10_cutoff_ties,100,100,1.0,1.0,1.0000000000000002,
reach,original,donor_persistent_B1,official,reference_spearman,100,100,0.9444829707312296,0.9423836776243406,0.9465291889508393,
reach,original,donor_persistent_B1,official,reference_top10_overlap,100,100,6.92,6.670000000000001,7.170000000000001,
reach,original,donor_persistent_B1,official,winner_changed,100,100,0.37,0.28,0.47,
reach,original,donor_persistent_B1,official,selected_in_reference_minimum_set,100,100,0.63,0.53,0.7200000000000001,
reach,original,donor_persistent_B1,official,excess_reference_cost,100,100,0.019814231395721436,0.012590572237968445,0.027777777284383763,
reach,original,donor_persistent_B1,official,excess_reference_cost_percent,100,100,1.0692066020789788,0.6775679133944126,1.5034788764810891,
reach,original,donor_persistent_B1,official,reference_minimum_ties,100,100,1.0,1.0,1.0000000000000002,
reach,original,donor_persistent_B1,official,selected_minimum_ties,100,100,1.0,1.0,1.0000000000000002,
reach,original,donor_persistent_B1,official,reference_top10_cutoff_ties,100,100,1.0,1.0,1.0000000000000002,
reach,original,donor_persistent_B1,official,selected_top10_cutoff_ties,100,100,1.0,1.0,1.0000000000000002,
reach,original,donor_persistent_B1,proprio,reference_spearman,100,100,0.9523855331725909,0.9509373695263281,0.9537862522916921,
reach,original,donor_persistent_B1,proprio,reference_top10_overlap,100,100,7.11,6.870000000000001,7.340000000000001,
reach,original,donor_persistent_B1,proprio,winner_changed,100,100,0.39,0.3,0.48999999999999994,
reach,original,donor_persistent_B1,proprio,selected_in_reference_minimum_set,100,100,0.61,0.51,0.7000000000000001,
reach,original,donor_persistent_B1,proprio,excess_reference_cost,100,100,0.006248644646257162,0.0042406640686094765,0.008479529031552373,
reach,original,donor_persistent_B1,proprio,excess_reference_cost_percent,100,100,8.553603157658804,5.948383902408242,11.372498709171929,
reach,original,donor_persistent_B1,proprio,reference_minimum_ties,100,100,1.0,1.0,1.0000000000000002,
reach,original,donor_persistent_B1,proprio,selected_minimum_ties,100,100,1.0,1.0,1.0000000000000002,
reach,original,donor_persistent_B1,proprio,reference_top10_cutoff_ties,100,100,1.0,1.0,1.0000000000000002,
reach,original,donor_persistent_B1,proprio,selected_top10_cutoff_ties,100,100,1.0,1.0,1.0000000000000002,
reach,original,donor_persistent_B1,visual,reference_spearman,100,100,0.9434739333873439,0.9413132962829338,0.9455764737483735,
reach,original,donor_persistent_B1,visual,reference_top10_overlap,100,100,6.83,6.5600000000000005,7.090000000000001,
reach,original,donor_persistent_B1,visual,winner_changed,100,100,0.36,0.27,0.45000000000000007,
reach,original,donor_persistent_B1,visual,selected_in_reference_minimum_set,100,100,0.64,0.5499999999999999,0.73,
reach,original,donor_persistent_B1,visual,excess_reference_cost,100,100,0.020021499395370485,0.0129170940220356,0.027887701809406272,
reach,original,donor_persistent_B1,visual,excess_reference_cost_percent,100,100,1.0770463365285305,0.6934173759368076,1.5089526323560702,
reach,original,donor_persistent_B1,visual,reference_minimum_ties,100,100,1.0,1.0,1.0000000000000002,
reach,original,donor_persistent_B1,visual,selected_minimum_ties,100,100,1.0,1.0,1.0000000000000002,
reach,original,donor_persistent_B1,visual,reference_top10_cutoff_ties,100,100,1.0,1.0,1.0000000000000002,
reach,original,donor_persistent_B1,visual,selected_top10_cutoff_ties,100,100,1.0,1.0,1.0000000000000002,
reach,original,donor_persistent_B2,official,reference_spearman,100,100,0.7972024648343797,0.7915323811418957,0.8028062511295226,
reach,original,donor_persistent_B2,official,reference_top10_overlap,100,100,4.6,4.29,4.910000000000001,
reach,original,donor_persistent_B2,official,winner_changed,100,100,0.63,0.53,0.7200000000000001,
reach,original,donor_persistent_B2,official,selected_in_reference_minimum_set,100,100,0.37,0.27999999999999997,0.47,
reach,original,donor_persistent_B2,official,excess_reference_cost,100,100,0.07511317729949951,0.056967850327491756,0.09469275560975071,
reach,original,donor_persistent_B2,official,excess_reference_cost_percent,100,100,4.431698852679843,3.222333466313568,5.840193407713223,
reach,original,donor_persistent_B2,official,reference_minimum_ties,100,100,1.0,1.0,1.0000000000000002,
reach,original,donor_persistent_B2,official,selected_minimum_ties,100,100,1.0,1.0,1.0000000000000002,
reach,original,donor_persistent_B2,official,reference_top10_cutoff_ties,100,100,1.0,1.0,1.0000000000000002,
reach,original,donor_persistent_B2,official,selected_top10_cutoff_ties,100,100,1.0,1.0,1.0000000000000002,
reach,original,donor_persistent_B2,proprio,reference_spearman,100,100,0.81403508927877,0.8098722501361126,0.8182030710341226,
reach,original,donor_persistent_B2,proprio,reference_top10_overlap,100,100,4.96,4.700000000000001,5.220000000000001,
reach,original,donor_persistent_B2,proprio,winner_changed,100,100,0.63,0.53,0.73,
reach,original,donor_persistent_B2,proprio,selected_in_reference_minimum_set,100,100,0.37,0.27,0.47,
reach,original,donor_persistent_B2,proprio,excess_reference_cost,100,100,0.019501283802092075,0.015100029467605056,0.024247854587621985,
reach,original,donor_persistent_B2,proprio,excess_reference_cost_percent,100,100,30.914043645306805,22.9880348047687,40.0380899459942,
reach,original,donor_persistent_B2,proprio,reference_minimum_ties,100,100,1.0,1.0,1.0000000000000002,
reach,original,donor_persistent_B2,proprio,selected_minimum_ties,100,100,1.0,1.0,1.0000000000000002,
reach,original,donor_persistent_B2,proprio,reference_top10_cutoff_ties,100,100,1.0,1.0,1.0000000000000002,
reach,original,donor_persistent_B2,proprio,selected_top10_cutoff_ties,100,100,1.0,1.0,1.0000000000000002,
reach,original,donor_persistent_B2,visual,reference_spearman,100,100,0.7955496536965759,0.7897161035155978,0.801336856788186,
reach,original,donor_persistent_B2,visual,reference_top10_overlap,100,100,4.61,4.300000000000001,4.920000000000001,
reach,original,donor_persistent_B2,visual,winner_changed,100,100,0.64,0.54,0.73,
reach,original,donor_persistent_B2,visual,selected_in_reference_minimum_set,100,100,0.36,0.27,0.45999999999999996,
reach,original,donor_persistent_B2,visual,excess_reference_cost,100,100,0.07478524208068847,0.05719437909126282,0.09412464278936386,
reach,original,donor_persistent_B2,visual,excess_reference_cost_percent,100,100,4.419778365181711,3.2314048645384057,5.8107314340380904,
reach,original,donor_persistent_B2,visual,reference_minimum_ties,100,100,1.0,1.0,1.0000000000000002,
reach,original,donor_persistent_B2,visual,selected_minimum_ties,100,100,1.0,1.0,1.0000000000000002,
reach,original,donor_persistent_B2,visual,reference_top10_cutoff_ties,100,100,1.0,1.0,1.0000000000000002,
reach,original,donor_persistent_B2,visual,selected_top10_cutoff_ties,100,100,1.0,1.0,1.0000000000000002,
reach,original,donor_persistent_B3,official,reference_spearman,100,100,0.7629983685988466,0.75695656759433,0.7690324322808559,
reach,original,donor_persistent_B3,official,reference_top10_overlap,100,100,4.21,3.900000000000001,4.510000000000001,
reach,original,donor_persistent_B3,official,winner_changed,100,100,0.67,0.5700000000000001,0.76,
reach,original,donor_persistent_B3,official,selected_in_reference_minimum_set,100,100,0.33,0.24,0.42999999999999994,
reach,original,donor_persistent_B3,official,excess_reference_cost,100,100,0.0921631920337677,0.07061783668398858,0.11594637650251385,
reach,original,donor_persistent_B3,official,excess_reference_cost_percent,100,100,5.367070696914996,3.9720612257217534,6.957624360639708,
reach,original,donor_persistent_B3,official,reference_minimum_ties,100,100,1.0,1.0,1.0000000000000002,
reach,original,donor_persistent_B3,official,selected_minimum_ties,100,100,1.0,1.0,1.0000000000000002,
reach,original,donor_persistent_B3,official,reference_top10_cutoff_ties,100,100,1.0,1.0,1.0000000000000002,
reach,original,donor_persistent_B3,official,selected_top10_cutoff_ties,100,100,1.0,1.0,1.0000000000000002,
reach,original,donor_persistent_B3,proprio,reference_spearman,100,100,0.775324645829398,0.7702619247991644,0.7804261388459872,
reach,original,donor_persistent_B3,proprio,reference_top10_overlap,100,100,4.38,4.1,4.660000000000001,
reach,original,donor_persistent_B3,proprio,winner_changed,100,100,0.66,0.57,0.75,
reach,original,donor_persistent_B3,proprio,selected_in_reference_minimum_set,100,100,0.34,0.25,0.43000000000000005,
reach,original,donor_persistent_B3,proprio,excess_reference_cost,100,100,0.025234593115746974,0.01989344778191298,0.03125705403648317,
reach,original,donor_persistent_B3,proprio,excess_reference_cost_percent,100,100,42.37117058605447,31.246661509474663,55.00493686257652,
reach,original,donor_persistent_B3,proprio,reference_minimum_ties,100,100,1.0,1.0,1.0000000000000002,
reach,original,donor_persistent_B3,proprio,selected_minimum_ties,100,100,1.0,1.0,1.0000000000000002,
reach,original,donor_persistent_B3,proprio,reference_top10_cutoff_ties,100,100,1.0,1.0,1.0000000000000002,
reach,original,donor_persistent_B3,proprio,selected_top10_cutoff_ties,100,100,1.0,1.0,1.0000000000000002,
reach,original,donor_persistent_B3,visual,reference_spearman,100,100,0.7613928670949559,0.7552474294317868,0.7675592138465721,
reach,original,donor_persistent_B3,visual,reference_top10_overlap,100,100,4.19,3.880000000000001,4.5,
reach,original,donor_persistent_B3,visual,winner_changed,100,100,0.67,0.5700000000000001,0.76,
reach,original,donor_persistent_B3,visual,selected_in_reference_minimum_set,100,100,0.33,0.24,0.42999999999999994,
reach,original,donor_persistent_B3,visual,excess_reference_cost,100,100,0.09044970989227295,0.06927399832010268,0.1136486538350582,
reach,original,donor_persistent_B3,visual,excess_reference_cost_percent,100,100,5.312865477437487,3.9408650586813123,6.888000949961023,
reach,original,donor_persistent_B3,visual,reference_minimum_ties,100,100,1.0,1.0,1.0000000000000002,
reach,original,donor_persistent_B3,visual,selected_minimum_ties,100,100,1.0,1.0,1.0000000000000002,
reach,original,donor_persistent_B3,visual,reference_top10_cutoff_ties,100,100,1.0,1.0,1.0000000000000002,
reach,original,donor_persistent_B3,visual,selected_top10_cutoff_ties,100,100,1.0,1.0,1.0000000000000002,
reach,original,donor_persistent_B4,official,reference_spearman,100,100,0.8008158730305902,0.793438753255377,0.8080945771322082,
reach,original,donor_persistent_B4,official,reference_top10_overlap,100,100,4.52,4.210000000000001,4.83,
reach,original,donor_persistent_B4,official,winner_changed,100,100,0.63,0.53,0.72,
reach,original,donor_persistent_B4,official,selected_in_reference_minimum_set,100,100,0.37,0.28,0.47,
reach,original,donor_persistent_B4,official,excess_reference_cost,100,100,0.06974436521530152,0.053758023232221605,0.08623198539018631,
reach,original,donor_persistent_B4,official,excess_reference_cost_percent,100,100,3.8131094276032065,2.9140593316566497,4.749560328201918,
reach,original,donor_persistent_B4,official,reference_minimum_ties,100,100,1.0,1.0,1.0000000000000002,
reach,original,donor_persistent_B4,official,selected_minimum_ties,100,100,1.0,1.0,1.0000000000000002,
reach,original,donor_persistent_B4,official,reference_top10_cutoff_ties,100,100,1.0,1.0,1.0000000000000002,
reach,original,donor_persistent_B4,official,selected_top10_cutoff_ties,100,100,1.0,1.0,1.0000000000000002,
reach,original,donor_persistent_B4,proprio,reference_spearman,100,100,0.8341333348148312,0.8297060186224291,0.8385842511583461,
reach,original,donor_persistent_B4,proprio,reference_top10_overlap,100,100,5.09,4.810000000000001,5.360000000000001,
reach,original,donor_persistent_B4,proprio,winner_changed,100,100,0.63,0.53,0.7200000000000001,
reach,original,donor_persistent_B4,proprio,selected_in_reference_minimum_set,100,100,0.37,0.27999999999999997,0.47,
reach,original,donor_persistent_B4,proprio,excess_reference_cost,100,100,0.01762843260541558,0.01352035713614896,0.022109830236062403,
reach,original,donor_persistent_B4,proprio,excess_reference_cost_percent,100,100,25.29405628887952,19.42049778400454,31.646715420893628,
reach,original,donor_persistent_B4,proprio,reference_minimum_ties,100,100,1.0,1.0,1.0000000000000002,
reach,original,donor_persistent_B4,proprio,selected_minimum_ties,100,100,1.0,1.0,1.0000000000000002,
reach,original,donor_persistent_B4,proprio,reference_top10_cutoff_ties,100,100,1.0,1.0,1.0000000000000002,
reach,original,donor_persistent_B4,proprio,selected_top10_cutoff_ties,100,100,1.0,1.0,1.0000000000000002,
reach,original,donor_persistent_B4,visual,reference_spearman,100,100,0.7981777890632523,0.7906670411777901,0.8055857204482759,
reach,original,donor_persistent_B4,visual,reference_top10_overlap,100,100,4.5,4.180000000000001,4.820000000000001,
reach,original,donor_persistent_B4,visual,winner_changed,100,100,0.63,0.53,0.72,
reach,original,donor_persistent_B4,visual,selected_in_reference_minimum_set,100,100,0.37,0.28,0.47,
reach,original,donor_persistent_B4,visual,excess_reference_cost,100,100,0.06840474128723145,0.052756285995244984,0.08454442775249474,
reach,original,donor_persistent_B4,visual,excess_reference_cost_percent,100,100,3.7652551471684017,2.8787892622078197,4.690064907179282,
reach,original,donor_persistent_B4,visual,reference_minimum_ties,100,100,1.0,1.0,1.0000000000000002,
reach,original,donor_persistent_B4,visual,selected_minimum_ties,100,100,1.0,1.0,1.0000000000000002,
reach,original,donor_persistent_B4,visual,reference_top10_cutoff_ties,100,100,1.0,1.0,1.0000000000000002,
reach,original,donor_persistent_B4,visual,selected_top10_cutoff_ties,100,100,1.0,1.0,1.0000000000000002,
reach,original,donor_persistent_B5,official,reference_spearman,100,100,0.7560858293400068,0.749777065822906,0.7624246051193629,
reach,original,donor_persistent_B5,official,reference_top10_overlap,100,100,4.14,3.8400000000000007,4.430000000000001,
reach,original,donor_persistent_B5,official,winner_changed,100,100,0.71,0.62,0.8,
reach,original,donor_persistent_B5,official,selected_in_reference_minimum_set,100,100,0.29,0.2,0.38,
reach,original,donor_persistent_B5,official,excess_reference_cost,100,100,0.10016852855682373,0.07780390006303788,0.1243308929502964,
reach,original,donor_persistent_B5,official,excess_reference_cost_percent,100,100,5.819464390319336,4.382926188954551,7.447300865054739,
reach,original,donor_persistent_B5,official,reference_minimum_ties,100,100,1.0,1.0,1.0000000000000002,
reach,original,donor_persistent_B5,official,selected_minimum_ties,100,100,1.0,1.0,1.0000000000000002,
reach,original,donor_persistent_B5,official,reference_top10_cutoff_ties,100,100,1.0,1.0,1.0000000000000002,
reach,original,donor_persistent_B5,official,selected_top10_cutoff_ties,100,100,1.0,1.0,1.0000000000000002,
reach,original,donor_persistent_B5,proprio,reference_spearman,100,100,0.7760541961577352,0.7710149904998944,0.7811265906287848,
reach,original,donor_persistent_B5,proprio,reference_top10_overlap,100,100,4.39,4.110000000000001,4.67,
reach,original,donor_persistent_B5,proprio,winner_changed,100,100,0.68,0.59,0.77,
reach,original,donor_persistent_B5,proprio,selected_in_reference_minimum_set,100,100,0.32,0.22999999999999998,0.41000000000000003,
reach,original,donor_persistent_B5,proprio,excess_reference_cost,100,100,0.025783868785947562,0.020434266217052938,0.031736419655848294,
reach,original,donor_persistent_B5,proprio,excess_reference_cost_percent,100,100,45.04236829468433,33.53647430823662,58.03656886056459,
reach,original,donor_persistent_B5,proprio,reference_minimum_ties,100,100,1.0,1.0,1.0000000000000002,
reach,original,donor_persistent_B5,proprio,selected_minimum_ties,100,100,1.0,1.0,1.0000000000000002,
reach,original,donor_persistent_B5,proprio,reference_top10_cutoff_ties,100,100,1.0,1.0,1.0000000000000002,
reach,original,donor_persistent_B5,proprio,selected_top10_cutoff_ties,100,100,1.0,1.0,1.0000000000000002,
reach,original,donor_persistent_B5,visual,reference_spearman,100,100,0.7542938890869137,0.7478857152355884,0.7606869994226929,
reach,original,donor_persistent_B5,visual,reference_top10_overlap,100,100,4.11,3.8100000000000005,4.41,
reach,original,donor_persistent_B5,visual,winner_changed,100,100,0.7,0.61,0.79,
reach,original,donor_persistent_B5,visual,selected_in_reference_minimum_set,100,100,0.3,0.21000000000000002,0.39,
reach,original,donor_persistent_B5,visual,excess_reference_cost,100,100,0.09624248385429382,0.07426932427287102,0.12009793063998221,
reach,original,donor_persistent_B5,visual,excess_reference_cost_percent,100,100,5.660718308357692,4.23550912508529,7.282223453931263,
reach,original,donor_persistent_B5,visual,reference_minimum_ties,100,100,1.0,1.0,1.0000000000000002,
reach,original,donor_persistent_B5,visual,selected_minimum_ties,100,100,1.0,1.0,1.0000000000000002,
reach,original,donor_persistent_B5,visual,reference_top10_cutoff_ties,100,100,1.0,1.0,1.0000000000000002,
reach,original,donor_persistent_B5,visual,selected_top10_cutoff_ties,100,100,1.0,1.0,1.0000000000000002,
reach,original,native,official,reference_spearman,100,100,0.7527372195353034,0.7463951111573991,0.7591143015846022,
reach,original,native,official,reference_top10_overlap,100,100,4.1,3.8000000000000003,4.4,
reach,original,native,official,winner_changed,100,100,0.71,0.62,0.8,
reach,original,native,official,selected_in_reference_minimum_set,100,100,0.29,0.2,0.38,
reach,original,native,official,excess_reference_cost,100,100,0.10016852855682373,0.07780390006303788,0.1243308929502964,
reach,original,native,official,excess_reference_cost_percent,100,100,5.819464390319336,4.382926188954551,7.447300865054739,
reach,original,native,official,reference_minimum_ties,100,100,1.0,1.0,1.0000000000000002,
reach,original,native,official,selected_minimum_ties,100,100,1.0,1.0,1.0000000000000002,
reach,original,native,official,reference_top10_cutoff_ties,100,100,1.0,1.0,1.0000000000000002,
reach,original,native,official,selected_top10_cutoff_ties,100,100,1.0,1.0,1.0000000000000002,
reach,original,native,proprio,reference_spearman,100,100,0.7724895017876738,0.7673860572295709,0.7776268921876909,
reach,original,native,proprio,reference_top10_overlap,100,100,4.32,4.040000000000001,4.6000000000000005,
reach,original,native,proprio,winner_changed,100,100,0.68,0.59,0.77,
reach,original,native,proprio,selected_in_reference_minimum_set,100,100,0.32,0.22999999999999998,0.41000000000000003,
reach,original,native,proprio,excess_reference_cost,100,100,0.025783868785947562,0.020434266217052938,0.031736419655848294,
reach,original,native,proprio,excess_reference_cost_percent,100,100,45.04236829468433,33.53647430823662,58.03656886056459,
reach,original,native,proprio,reference_minimum_ties,100,100,1.0,1.0,1.0000000000000002,
reach,original,native,proprio,selected_minimum_ties,100,100,1.0,1.0,1.0000000000000002,
reach,original,native,proprio,reference_top10_cutoff_ties,100,100,1.0,1.0,1.0000000000000002,
reach,original,native,proprio,selected_top10_cutoff_ties,100,100,1.0,1.0,1.0000000000000002,
reach,original,native,visual,reference_spearman,100,100,0.7508962793496629,0.7444612924501945,0.7573388634722388,
reach,original,native,visual,reference_top10_overlap,100,100,4.04,3.7300000000000004,4.3500000000000005,
reach,original,native,visual,winner_changed,100,100,0.7,0.61,0.79,
reach,original,native,visual,selected_in_reference_minimum_set,100,100,0.3,0.21000000000000002,0.39,
reach,original,native,visual,excess_reference_cost,100,100,0.09687524676322937,0.07480737745761872,0.12089544084668156,
reach,original,native,visual,excess_reference_cost_percent,100,100,5.698706387695006,4.266435417109825,7.318485841700721,
reach,original,native,visual,reference_minimum_ties,100,100,1.0,1.0,1.0000000000000002,
reach,original,native,visual,selected_minimum_ties,100,100,1.0,1.0,1.0000000000000002,
reach,original,native,visual,reference_top10_cutoff_ties,100,100,1.0,1.0,1.0000000000000002,
reach,original,native,visual,selected_top10_cutoff_ties,100,100,1.0,1.0,1.0000000000000002,
reach,original,random_isotropic_B0,official,reference_spearman,100,100,0.7517205924510273,0.745384632940366,0.7581037389304325,
reach,original,random_isotropic_B0,official,reference_top10_overlap,100,100,4.15,3.8497500000000002,4.450000000000001,
reach,original,random_isotropic_B0,official,winner_changed,100,100,0.7,0.61,0.79,
reach,original,random_isotropic_B0,official,selected_in_reference_minimum_set,100,100,0.3,0.21000000000000002,0.39,
reach,original,random_isotropic_B0,official,excess_reference_cost,100,100,0.09511240720748901,0.07311284220218658,0.11899317866563795,
reach,original,random_isotropic_B0,official,excess_reference_cost_percent,100,100,5.51298530651863,4.107191435991121,7.111797913002933,
reach,original,random_isotropic_B0,official,reference_minimum_ties,100,100,1.0,1.0,1.0000000000000002,
reach,original,random_isotropic_B0,official,selected_minimum_ties,100,100,1.0,1.0,1.0000000000000002,
reach,original,random_isotropic_B0,official,reference_top10_cutoff_ties,100,100,1.0,1.0,1.0000000000000002,
reach,original,random_isotropic_B0,official,selected_top10_cutoff_ties,100,100,1.0,1.0,1.0000000000000002,
reach,original,random_isotropic_B0,proprio,reference_spearman,100,100,0.771834980388671,0.7667296215513507,0.7769793373259701,
reach,original,random_isotropic_B0,proprio,reference_top10_overlap,100,100,4.33,4.050000000000001,4.62,
reach,original,random_isotropic_B0,proprio,winner_changed,100,100,0.68,0.59,0.77,
reach,original,random_isotropic_B0,proprio,selected_in_reference_minimum_set,100,100,0.32,0.22999999999999998,0.41000000000000003,
reach,original,random_isotropic_B0,proprio,excess_reference_cost,100,100,0.026170599665492775,0.02079183731647208,0.03216498960880563,
reach,original,random_isotropic_B0,proprio,excess_reference_cost_percent,100,100,45.406856255294514,33.95074165893029,58.38371698683748,
reach,original,random_isotropic_B0,proprio,reference_minimum_ties,100,100,1.0,1.0,1.0000000000000002,
reach,original,random_isotropic_B0,proprio,selected_minimum_ties,100,100,1.0,1.0,1.0000000000000002,
reach,original,random_isotropic_B0,proprio,reference_top10_cutoff_ties,100,100,1.0,1.0,1.0000000000000002,
reach,original,random_isotropic_B0,proprio,selected_top10_cutoff_ties,100,100,1.0,1.0,1.0000000000000002,
reach,original,random_isotropic_B0,visual,reference_spearman,100,100,0.7498497695533618,0.743413056687683,0.7562978002639219,
reach,original,random_isotropic_B0,visual,reference_top10_overlap,100,100,4.11,3.8000000000000007,4.42,
reach,original,random_isotropic_B0,visual,winner_changed,100,100,0.7,0.61,0.79,
reach,original,random_isotropic_B0,visual,selected_in_reference_minimum_set,100,100,0.3,0.21000000000000002,0.39,
reach,original,random_isotropic_B0,visual,excess_reference_cost,100,100,0.09740776181221009,0.07535400930047036,0.12139007431268692,
reach,original,random_isotropic_B0,visual,excess_reference_cost_percent,100,100,5.723676945527651,4.292169238117665,7.346449067472813,
reach,original,random_isotropic_B0,visual,reference_minimum_ties,100,100,1.0,1.0,1.0000000000000002,
reach,original,random_isotropic_B0,visual,selected_minimum_ties,100,100,1.0,1.0,1.0000000000000002,
reach,original,random_isotropic_B0,visual,reference_top10_cutoff_ties,100,100,1.0,1.0,1.0000000000000002,
reach,original,random_isotropic_B0,visual,selected_top10_cutoff_ties,100,100,1.0,1.0,1.0000000000000002,
reach,original,random_isotropic_B1,official,reference_spearman,100,100,0.7525786783539856,0.746251821242458,0.7589063571967558,
reach,original,random_isotropic_B1,official,reference_top10_overlap,100,100,4.1,3.8100000000000005,4.390000000000001,
reach,original,random_isotropic_B1,official,winner_changed,100,100,0.71,0.62,0.8,
reach,original,random_isotropic_B1,official,selected_in_reference_minimum_set,100,100,0.29,0.2,0.38,
reach,original,random_isotropic_B1,official,excess_reference_cost,100,100,0.10184522867202758,0.07910403653979302,0.1262687753140926,
reach,original,random_isotropic_B1,official,excess_reference_cost_percent,100,100,5.901995372177892,4.447926668242784,7.527076271856034,
reach,original,random_isotropic_B1,official,reference_minimum_ties,100,100,1.0,1.0,1.0000000000000002,
reach,original,random_isotropic_B1,official,selected_minimum_ties,100,100,1.0,1.0,1.0000000000000002,
reach,original,random_isotropic_B1,official,reference_top10_cutoff_ties,100,100,1.0,1.0,1.0000000000000002,
reach,original,random_isotropic_B1,official,selected_top10_cutoff_ties,100,100,1.0,1.0,1.0000000000000002,
reach,original,random_isotropic_B1,proprio,reference_spearman,100,100,0.7720201602240023,0.7668273734152603,0.7772314671274125,
reach,original,random_isotropic_B1,proprio,reference_top10_overlap,100,100,4.32,4.05,4.6000000000000005,
reach,original,random_isotropic_B1,proprio,winner_changed,100,100,0.68,0.59,0.77,
reach,original,random_isotropic_B1,proprio,selected_in_reference_minimum_set,100,100,0.32,0.22999999999999998,0.41000000000000003,
reach,original,random_isotropic_B1,proprio,excess_reference_cost,100,100,0.025816524755209683,0.020444877763278784,0.031817870705854144,
reach,original,random_isotropic_B1,proprio,excess_reference_cost_percent,100,100,45.1351644191532,33.63161940420843,58.11808172412435,
reach,original,random_isotropic_B1,proprio,reference_minimum_ties,100,100,1.0,1.0,1.0000000000000002,
reach,original,random_isotropic_B1,proprio,selected_minimum_ties,100,100,1.0,1.0,1.0000000000000002,
reach,original,random_isotropic_B1,proprio,reference_top10_cutoff_ties,100,100,1.0,1.0,1.0000000000000002,
reach,original,random_isotropic_B1,proprio,selected_top10_cutoff_ties,100,100,1.0,1.0,1.0000000000000002,
reach,original,random_isotropic_B1,visual,reference_spearman,100,100,0.7507447405493777,0.7443497371592281,0.7571578162855481,
reach,original,random_isotropic_B1,visual,reference_top10_overlap,100,100,4.11,3.790000000000001,4.420000000000001,
reach,original,random_isotropic_B1,visual,winner_changed,100,100,0.71,0.62,0.8,
reach,original,random_isotropic_B1,visual,selected_in_reference_minimum_set,100,100,0.29,0.2,0.38,
reach,original,random_isotropic_B1,visual,excess_reference_cost,100,100,0.09884880185127258,0.07648265564441681,0.12288379290699956,
reach,original,random_isotropic_B1,visual,excess_reference_cost_percent,100,100,5.7798428891196485,4.344280284837279,7.388202560556743,
reach,original,random_isotropic_B1,visual,reference_minimum_ties,100,100,1.0,1.0,1.0000000000000002,
reach,original,random_isotropic_B1,visual,selected_minimum_ties,100,100,1.0,1.0,1.0000000000000002,
reach,original,random_isotropic_B1,visual,reference_top10_cutoff_ties,100,100,1.0,1.0,1.0000000000000002,
reach,original,random_isotropic_B1,visual,selected_top10_cutoff_ties,100,100,1.0,1.0,1.0000000000000002,
reach,original,random_isotropic_B2,official,reference_spearman,100,100,0.752231258313129,0.7459176950957447,0.7585746974664548,
reach,original,random_isotropic_B2,official,reference_top10_overlap,100,100,4.15,3.8500000000000005,4.440000000000001,
reach,original,random_isotropic_B2,official,winner_changed,100,100,0.71,0.62,0.8,
reach,original,random_isotropic_B2,official,selected_in_reference_minimum_set,100,100,0.29,0.2,0.38,
reach,original,random_isotropic_B2,official,excess_reference_cost,100,100,0.10058266282081604,0.07832248774170877,0.12463175824284552,
reach,original,random_isotropic_B2,official,excess_reference_cost_percent,100,100,5.832022696407584,4.398019673113911,7.456219840429223,
reach,original,random_isotropic_B2,official,reference_minimum_ties,100,100,1.0,1.0,1.0000000000000002,
reach,original,random_isotropic_B2,official,selected_minimum_ties,100,100,1.0,1.0,1.0000000000000002,
reach,original,random_isotropic_B2,official,reference_top10_cutoff_ties,100,100,1.0,1.0,1.0000000000000002,
reach,original,random_isotropic_B2,official,selected_top10_cutoff_ties,100,100,1.0,1.0,1.0000000000000002,
reach,original,random_isotropic_B2,proprio,reference_spearman,100,100,0.7719165990733231,0.766819113545706,0.7770883166479627,
reach,original,random_isotropic_B2,proprio,reference_top10_overlap,100,100,4.35,4.0600000000000005,4.640000000000001,
reach,original,random_isotropic_B2,proprio,winner_changed,100,100,0.67,0.58,0.76,
reach,original,random_isotropic_B2,proprio,selected_in_reference_minimum_set,100,100,0.33,0.24,0.42000000000000004,
reach,original,random_isotropic_B2,proprio,excess_reference_cost,100,100,0.025279327929019928,0.0199626355455257,0.031215268321335317,
reach,original,random_isotropic_B2,proprio,excess_reference_cost_percent,100,100,41.18427191882669,31.120721301311747,52.740574657746095,
reach,original,random_isotropic_B2,proprio,reference_minimum_ties,100,100,1.0,1.0,1.0000000000000002,
reach,original,random_isotropic_B2,proprio,selected_minimum_ties,100,100,1.0,1.0,1.0000000000000002,
reach,original,random_isotropic_B2,proprio,reference_top10_cutoff_ties,100,100,1.0,1.0,1.0000000000000002,
reach,original,random_isotropic_B2,proprio,selected_top10_cutoff_ties,100,100,1.0,1.0,1.0000000000000002,
reach,original,random_isotropic_B2,visual,reference_spearman,100,100,0.7504765493281511,0.7440480586692106,0.7569139263389295,
reach,original,random_isotropic_B2,visual,reference_top10_overlap,100,100,4.11,3.8000000000000007,4.42,
reach,original,random_isotropic_B2,visual,winner_changed,100,100,0.7,0.61,0.79,
reach,original,random_isotropic_B2,visual,selected_in_reference_minimum_set,100,100,0.3,0.21000000000000002,0.39,
reach,original,random_isotropic_B2,visual,excess_reference_cost,100,100,0.09813576698303222,0.07609465524554251,0.12172844308614728,
reach,original,random_isotropic_B2,visual,excess_reference_cost_percent,100,100,5.7471627362281765,4.3199401884189035,7.3577959820153245,
reach,original,random_isotropic_B2,visual,reference_minimum_ties,100,100,1.0,1.0,1.0000000000000002,
reach,original,random_isotropic_B2,visual,selected_minimum_ties,100,100,1.0,1.0,1.0000000000000002,
reach,original,random_isotropic_B2,visual,reference_top10_cutoff_ties,100,100,1.0,1.0,1.0000000000000002,
reach,original,random_isotropic_B2,visual,selected_top10_cutoff_ties,100,100,1.0,1.0,1.0000000000000002,
reach,original,random_isotropic_B3,official,reference_spearman,100,100,0.7523012280285392,0.7459326375800865,0.7586712951669342,
reach,original,random_isotropic_B3,official,reference_top10_overlap,100,100,4.13,3.820000000000001,4.430000000000001,
reach,original,random_isotropic_B3,official,winner_changed,100,100,0.7,0.61,0.79,
reach,original,random_isotropic_B3,official,selected_in_reference_minimum_set,100,100,0.3,0.21000000000000002,0.39,
reach,original,random_isotropic_B3,official,excess_reference_cost,100,100,0.09511240720748901,0.07311284220218658,0.11899317866563795,
reach,original,random_isotropic_B3,official,excess_reference_cost_percent,100,100,5.51298530651863,4.107191435991121,7.111797913002933,
reach,original,random_isotropic_B3,official,reference_minimum_ties,100,100,1.0,1.0,1.0000000000000002,
reach,original,random_isotropic_B3,official,selected_minimum_ties,100,100,1.0,1.0,1.0000000000000002,
reach,original,random_isotropic_B3,official,reference_top10_cutoff_ties,100,100,1.0,1.0,1.0000000000000002,
reach,original,random_isotropic_B3,official,selected_top10_cutoff_ties,100,100,1.0,1.0,1.0000000000000002,
reach,original,random_isotropic_B3,proprio,reference_spearman,100,100,0.7720333945940909,0.7669035723746618,0.777179880555046,
reach,original,random_isotropic_B3,proprio,reference_top10_overlap,100,100,4.35,4.07,4.620000000000001,
reach,original,random_isotropic_B3,proprio,winner_changed,100,100,0.66,0.57,0.75,
reach,original,random_isotropic_B3,proprio,selected_in_reference_minimum_set,100,100,0.34,0.25,0.43000000000000005,
reach,original,random_isotropic_B3,proprio,excess_reference_cost,100,100,0.02563917886465788,0.02001331308064982,0.031941647626925265,
reach,original,random_isotropic_B3,proprio,excess_reference_cost_percent,100,100,43.11946309617883,31.806861124636313,56.00821824375066,
reach,original,random_isotropic_B3,proprio,reference_minimum_ties,100,100,1.0,1.0,1.0000000000000002,
reach,original,random_isotropic_B3,proprio,selected_minimum_ties,100,100,1.0,1.0,1.0000000000000002,
reach,original,random_isotropic_B3,proprio,reference_top10_cutoff_ties,100,100,1.0,1.0,1.0000000000000002,
reach,original,random_isotropic_B3,proprio,selected_top10_cutoff_ties,100,100,1.0,1.0,1.0000000000000002,
reach,original,random_isotropic_B3,visual,reference_spearman,100,100,0.7505789201425883,0.7441333890495374,0.7570403762741015,
reach,original,random_isotropic_B3,visual,reference_top10_overlap,100,100,4.1,3.7800000000000007,4.410000000000001,
reach,original,random_isotropic_B3,visual,winner_changed,100,100,0.69,0.6,0.78,
reach,original,random_isotropic_B3,visual,selected_in_reference_minimum_set,100,100,0.31,0.22,0.4,
reach,original,random_isotropic_B3,visual,excess_reference_cost,100,100,0.09081137776374817,0.06929381269216538,0.11436319661140437,
reach,original,random_isotropic_B3,visual,excess_reference_cost_percent,100,100,5.336901669000651,3.9453866321411577,6.929240309913446,
reach,original,random_isotropic_B3,visual,reference_minimum_ties,100,100,1.0,1.0,1.0000000000000002,
reach,original,random_isotropic_B3,visual,selected_minimum_ties,100,100,1.0,1.0,1.0000000000000002,
reach,original,random_isotropic_B3,visual,reference_top10_cutoff_ties,100,100,1.0,1.0,1.0000000000000002,
reach,original,random_isotropic_B3,visual,selected_top10_cutoff_ties,100,100,1.0,1.0,1.0000000000000002,
reach,original,random_isotropic_B4,official,reference_spearman,100,100,0.7517084931824057,0.7453391422343639,0.7580930568658699,
reach,original,random_isotropic_B4,official,reference_top10_overlap,100,100,4.14,3.830000000000001,4.45,
reach,original,random_isotropic_B4,official,winner_changed,100,100,0.71,0.62,0.8,
reach,original,random_isotropic_B4,official,selected_in_reference_minimum_set,100,100,0.29,0.2,0.38,
reach,original,random_isotropic_B4,official,excess_reference_cost,100,100,0.10107992887496949,0.07857945823669435,0.1250172621309757,
reach,original,random_isotropic_B4,official,excess_reference_cost_percent,100,100,5.859651137468932,4.418170587012041,7.486013737435859,
reach,original,random_isotropic_B4,official,reference_minimum_ties,100,100,1.0,1.0,1.0000000000000002,
reach,original,random_isotropic_B4,official,selected_minimum_ties,100,100,1.0,1.0,1.0000000000000002,
reach,original,random_isotropic_B4,official,reference_top10_cutoff_ties,100,100,1.0,1.0,1.0000000000000002,
reach,original,random_isotropic_B4,official,selected_top10_cutoff_ties,100,100,1.0,1.0,1.0000000000000002,
reach,original,random_isotropic_B4,proprio,reference_spearman,100,100,0.7700351337237079,0.7647943309370104,0.7752573989710997,
reach,original,random_isotropic_B4,proprio,reference_top10_overlap,100,100,4.31,4.030000000000001,4.59,
reach,original,random_isotropic_B4,proprio,winner_changed,100,100,0.68,0.59,0.77,
reach,original,random_isotropic_B4,proprio,selected_in_reference_minimum_set,100,100,0.32,0.22999999999999998,0.41000000000000003,
reach,original,random_isotropic_B4,proprio,excess_reference_cost,100,100,0.02584906043484807,0.02050067265378311,0.0317916657035239,
reach,original,random_isotropic_B4,proprio,excess_reference_cost_percent,100,100,44.56478019775004,33.195176586310154,57.469913334843724,
reach,original,random_isotropic_B4,proprio,reference_minimum_ties,100,100,1.0,1.0,1.0000000000000002,
reach,original,random_isotropic_B4,proprio,selected_minimum_ties,100,100,1.0,1.0,1.0000000000000002,
reach,original,random_isotropic_B4,proprio,reference_top10_cutoff_ties,100,100,1.0,1.0,1.0000000000000002,
reach,original,random_isotropic_B4,proprio,selected_top10_cutoff_ties,100,100,1.0,1.0,1.0000000000000002,
reach,original,random_isotropic_B4,visual,reference_spearman,100,100,0.7499417997978252,0.7434703096454759,0.7564182122093364,
reach,original,random_isotropic_B4,visual,reference_top10_overlap,100,100,4.11,3.7900000000000005,4.420000000000001,
reach,original,random_isotropic_B4,visual,winner_changed,100,100,0.7,0.61,0.79,
reach,original,random_isotropic_B4,visual,selected_in_reference_minimum_set,100,100,0.3,0.21000000000000002,0.39,
reach,original,random_isotropic_B4,visual,excess_reference_cost,100,100,0.09901926636695862,0.07666183331608771,0.12272991338372224,
reach,original,random_isotropic_B4,visual,excess_reference_cost_percent,100,100,5.780261090366146,4.347188490585519,7.39189408638115,
reach,original,random_isotropic_B4,visual,reference_minimum_ties,100,100,1.0,1.0,1.0000000000000002,
reach,original,random_isotropic_B4,visual,selected_minimum_ties,100,100,1.0,1.0,1.0000000000000002,
reach,original,random_isotropic_B4,visual,reference_top10_cutoff_ties,100,100,1.0,1.0,1.0000000000000002,
reach,original,random_isotropic_B4,visual,selected_top10_cutoff_ties,100,100,1.01,1.0,1.0300000000000002,
reach,original,random_isotropic_B5,official,reference_spearman,100,100,0.75216608347978,0.745845674773363,0.7585303347908136,
reach,original,random_isotropic_B5,official,reference_top10_overlap,100,100,4.11,3.8000000000000007,4.410000000000001,
reach,original,random_isotropic_B5,official,winner_changed,100,100,0.71,0.62,0.8,
reach,original,random_isotropic_B5,official,selected_in_reference_minimum_set,100,100,0.29,0.2,0.38,
reach,original,random_isotropic_B5,official,excess_reference_cost,100,100,0.09847787261009217,0.07636878725886344,0.12241302162408826,
reach,original,random_isotropic_B5,official,excess_reference_cost_percent,100,100,5.728900226182475,4.303084822668843,7.351818269178928,
reach,original,random_isotropic_B5,official,reference_minimum_ties,100,100,1.0,1.0,1.0000000000000002,
reach,original,random_isotropic_B5,official,selected_minimum_ties,100,100,1.0,1.0,1.0000000000000002,
reach,original,random_isotropic_B5,official,reference_top10_cutoff_ties,100,100,1.0,1.0,1.0000000000000002,
reach,original,random_isotropic_B5,official,selected_top10_cutoff_ties,100,100,1.0,1.0,1.0000000000000002,
reach,original,random_isotropic_B5,proprio,reference_spearman,100,100,0.7719728849959521,0.7668784787460912,0.7771134649449728,
reach,original,random_isotropic_B5,proprio,reference_top10_overlap,100,100,4.29,4.02,4.560000000000001,
reach,original,random_isotropic_B5,proprio,winner_changed,100,100,0.65,0.5599999999999999,0.7400000000000001,
reach,original,random_isotropic_B5,proprio,selected_in_reference_minimum_set,100,100,0.35,0.26,0.44000000000000006,
reach,original,random_isotropic_B5,proprio,excess_reference_cost,100,100,0.02445476721972227,0.019214462556410582,0.030254491792060433,
reach,original,random_isotropic_B5,proprio,excess_reference_cost_percent,100,100,39.73893998216791,29.816573377082406,51.10696224846887,
reach,original,random_isotropic_B5,proprio,reference_minimum_ties,100,100,1.0,1.0,1.0000000000000002,
reach,original,random_isotropic_B5,proprio,selected_minimum_ties,100,100,1.0,1.0,1.0000000000000002,
reach,original,random_isotropic_B5,proprio,reference_top10_cutoff_ties,100,100,1.0,1.0,1.0000000000000002,
reach,original,random_isotropic_B5,proprio,selected_top10_cutoff_ties,100,100,1.0,1.0,1.0000000000000002,
reach,original,random_isotropic_B5,visual,reference_spearman,100,100,0.7503556887845682,0.7439054393207694,0.7567955882336578,
reach,original,random_isotropic_B5,visual,reference_top10_overlap,100,100,4.09,3.7800000000000002,4.4,
reach,original,random_isotropic_B5,visual,winner_changed,100,100,0.7,0.61,0.79,
reach,original,random_isotropic_B5,visual,selected_in_reference_minimum_set,100,100,0.3,0.21000000000000002,0.39,
reach,original,random_isotropic_B5,visual,excess_reference_cost,100,100,0.09640112400054932,0.07472772833704949,0.12013284760713576,
reach,original,random_isotropic_B5,visual,excess_reference_cost_percent,100,100,5.655192713181032,4.2423841014642845,7.256290079078417,
reach,original,random_isotropic_B5,visual,reference_minimum_ties,100,100,1.0,1.0,1.0000000000000002,
reach,original,random_isotropic_B5,visual,selected_minimum_ties,100,100,1.0,1.0,1.0000000000000002,
reach,original,random_isotropic_B5,visual,reference_top10_cutoff_ties,100,100,1.0,1.0,1.0000000000000002,
reach,original,random_isotropic_B5,visual,selected_top10_cutoff_ties,100,100,1.0,1.0,1.0000000000000002,
reach,original,random_off_range_B0,official,reference_spearman,100,100,0.7517605864344027,0.7454321398055423,0.7581270948012768,
reach,original,random_off_range_B0,official,reference_top10_overlap,100,100,4.16,3.8600000000000003,4.460000000000001,
reach,original,random_off_range_B0,official,winner_changed,100,100,0.7,0.61,0.79,
reach,original,random_off_range_B0,official,selected_in_reference_minimum_set,100,100,0.3,0.21000000000000002,0.39,
reach,original,random_off_range_B0,official,excess_reference_cost,100,100,0.09687077760696411,0.07471346050500871,0.12075174841284748,
reach,original,random_off_range_B0,official,excess_reference_cost_percent,100,100,5.5942914542381255,4.182855401813485,7.186931200028752,
reach,original,random_off_range_B0,official,reference_minimum_ties,100,100,1.0,1.0,1.0000000000000002,
reach,original,random_off_range_B0,official,selected_minimum_ties,100,100,1.0,1.0,1.0000000000000002,
reach,original,random_off_range_B0,official,reference_top10_cutoff_ties,100,100,1.0,1.0,1.0000000000000002,
reach,original,random_off_range_B0,official,selected_top10_cutoff_ties,100,100,1.0,1.0,1.0000000000000002,
reach,original,random_off_range_B0,proprio,reference_spearman,100,100,0.7717369001593177,0.7666147941289662,0.7769017014848605,
reach,original,random_off_range_B0,proprio,reference_top10_overlap,100,100,4.3,4.0200000000000005,4.580000000000002,
reach,original,random_off_range_B0,proprio,winner_changed,100,100,0.68,0.59,0.77,
reach,original,random_off_range_B0,proprio,selected_in_reference_minimum_set,100,100,0.32,0.22999999999999998,0.41000000000000003,
reach,original,random_off_range_B0,proprio,excess_reference_cost,100,100,0.026059098783880474,0.020680349928792564,0.032064447107724846,
reach,original,random_off_range_B0,proprio,excess_reference_cost_percent,100,100,44.891120038877105,33.531240151775094,57.819238822166035,
reach,original,random_off_range_B0,proprio,reference_minimum_ties,100,100,1.0,1.0,1.0000000000000002,
reach,original,random_off_range_B0,proprio,selected_minimum_ties,100,100,1.0,1.0,1.0000000000000002,
reach,original,random_off_range_B0,proprio,reference_top10_cutoff_ties,100,100,1.0,1.0,1.0000000000000002,
reach,original,random_off_range_B0,proprio,selected_top10_cutoff_ties,100,100,1.0,1.0,1.0000000000000002,
reach,original,random_off_range_B0,visual,reference_spearman,100,100,0.7499351952043293,0.7435287746669819,0.7563681230134207,
reach,original,random_off_range_B0,visual,reference_top10_overlap,100,100,4.14,3.830000000000001,4.45,
reach,original,random_off_range_B0,visual,winner_changed,100,100,0.7,0.61,0.79,
reach,original,random_off_range_B0,visual,selected_in_reference_minimum_set,100,100,0.3,0.21000000000000002,0.39,
reach,original,random_off_range_B0,visual,excess_reference_cost,100,100,0.09740776181221009,0.07535400930047036,0.12139007431268692,
reach,original,random_off_range_B0,visual,excess_reference_cost_percent,100,100,5.723676945527651,4.292169238117665,7.346449067472813,
reach,original,random_off_range_B0,visual,reference_minimum_ties,100,100,1.0,1.0,1.0000000000000002,
reach,original,random_off_range_B0,visual,selected_minimum_ties,100,100,1.0,1.0,1.0000000000000002,
reach,original,random_off_range_B0,visual,reference_top10_cutoff_ties,100,100,1.0,1.0,1.0000000000000002,
reach,original,random_off_range_B0,visual,selected_top10_cutoff_ties,100,100,1.0,1.0,1.0000000000000002,
reach,original,random_off_range_B1,official,reference_spearman,100,100,0.7525560959035181,0.7462273901239018,0.7588978820553699,
reach,original,random_off_range_B1,official,reference_top10_overlap,100,100,4.13,3.830000000000001,4.420000000000001,
reach,original,random_off_range_B1,official,winner_changed,100,100,0.71,0.62,0.8,
reach,original,random_off_range_B1,official,selected_in_reference_minimum_set,100,100,0.29,0.2,0.38,
reach,original,random_off_range_B1,official,excess_reference_cost,100,100,0.10184522867202758,0.07910403653979302,0.1262687753140926,
reach,original,random_off_range_B1,official,excess_reference_cost_percent,100,100,5.901995372177892,4.447926668242784,7.527076271856034,
reach,original,random_off_range_B1,official,reference_minimum_ties,100,100,1.0,1.0,1.0000000000000002,
reach,original,random_off_range_B1,official,selected_minimum_ties,100,100,1.0,1.0,1.0000000000000002,
reach,original,random_off_range_B1,official,reference_top10_cutoff_ties,100,100,1.0,1.0,1.0000000000000002,
reach,original,random_off_range_B1,official,selected_top10_cutoff_ties,100,100,1.0,1.0,1.0000000000000002,
reach,original,random_off_range_B1,proprio,reference_spearman,100,100,0.7720883618065887,0.7669328158618512,0.7772655373101408,
reach,original,random_off_range_B1,proprio,reference_top10_overlap,100,100,4.37,4.090000000000001,4.650000000000001,
reach,original,random_off_range_B1,proprio,winner_changed,100,100,0.68,0.59,0.77,
reach,original,random_off_range_B1,proprio,selected_in_reference_minimum_set,100,100,0.32,0.22999999999999998,0.41000000000000003,
reach,original,random_off_range_B1,proprio,excess_reference_cost,100,100,0.025783868785947562,0.020434266217052938,0.031736419655848294,
reach,original,random_off_range_B1,proprio,excess_reference_cost_percent,100,100,45.04236829468433,33.53647430823662,58.03656886056459,
reach,original,random_off_range_B1,proprio,reference_minimum_ties,100,100,1.0,1.0,1.0000000000000002,
reach,original,random_off_range_B1,proprio,selected_minimum_ties,100,100,1.0,1.0,1.0000000000000002,
reach,original,random_off_range_B1,proprio,reference_top10_cutoff_ties,100,100,1.0,1.0,1.0000000000000002,
reach,original,random_off_range_B1,proprio,selected_top10_cutoff_ties,100,100,1.0,1.0,1.0000000000000002,
reach,original,random_off_range_B1,visual,reference_spearman,100,100,0.7507529318407663,0.744328790888237,0.75720496612235,
reach,original,random_off_range_B1,visual,reference_top10_overlap,100,100,4.1,3.7900000000000005,4.41,
reach,original,random_off_range_B1,visual,winner_changed,100,100,0.71,0.62,0.8,
reach,original,random_off_range_B1,visual,selected_in_reference_minimum_set,100,100,0.29,0.2,0.38,
reach,original,random_off_range_B1,visual,excess_reference_cost,100,100,0.09884880185127258,0.07648265564441681,0.12288379290699956,
reach,original,random_off_range_B1,visual,excess_reference_cost_percent,100,100,5.7798428891196485,4.344280284837279,7.388202560556743,
reach,original,random_off_range_B1,visual,reference_minimum_ties,100,100,1.0,1.0,1.0000000000000002,
reach,original,random_off_range_B1,visual,selected_minimum_ties,100,100,1.0,1.0,1.0000000000000002,
reach,original,random_off_range_B1,visual,reference_top10_cutoff_ties,100,100,1.0,1.0,1.0000000000000002,
reach,original,random_off_range_B1,visual,selected_top10_cutoff_ties,100,100,1.0,1.0,1.0000000000000002,
reach,original,random_off_range_B2,official,reference_spearman,100,100,0.7522532000573195,0.745903480303103,0.7586140952884087,
reach,original,random_off_range_B2,official,reference_top10_overlap,100,100,4.15,3.8500000000000005,4.449999999999999,
reach,original,random_off_range_B2,official,winner_changed,100,100,0.71,0.62,0.8,
reach,original,random_off_range_B2,official,selected_in_reference_minimum_set,100,100,0.29,0.2,0.38,
reach,original,random_off_range_B2,official,excess_reference_cost,100,100,0.10114338278770446,0.07891435196995734,0.12506842589378353,
reach,original,random_off_range_B2,official,excess_reference_cost_percent,100,100,5.858132316111026,4.421604489333721,7.474300846966397,
reach,original,random_off_range_B2,official,reference_minimum_ties,100,100,1.0,1.0,1.0000000000000002,
reach,original,random_off_range_B2,official,selected_minimum_ties,100,100,1.0,1.0,1.0000000000000002,
reach,original,random_off_range_B2,official,reference_top10_cutoff_ties,100,100,1.0,1.0,1.0000000000000002,
reach,original,random_off_range_B2,official,selected_top10_cutoff_ties,100,100,1.0,1.0,1.0000000000000002,
reach,original,random_off_range_B2,proprio,reference_spearman,100,100,0.7718932774585441,0.7667901576576769,0.7770422707150465,
reach,original,random_off_range_B2,proprio,reference_top10_overlap,100,100,4.35,4.07,4.630000000000001,
reach,original,random_off_range_B2,proprio,winner_changed,100,100,0.67,0.58,0.76,
reach,original,random_off_range_B2,proprio,selected_in_reference_minimum_set,100,100,0.33,0.24,0.42000000000000004,
reach,original,random_off_range_B2,proprio,excess_reference_cost,100,100,0.025279327929019928,0.0199626355455257,0.031215268321335317,
reach,original,random_off_range_B2,proprio,excess_reference_cost_percent,100,100,41.18427191882669,31.120721301311747,52.740574657746095,
reach,original,random_off_range_B2,proprio,reference_minimum_ties,100,100,1.0,1.0,1.0000000000000002,
reach,original,random_off_range_B2,proprio,selected_minimum_ties,100,100,1.0,1.0,1.0000000000000002,
reach,original,random_off_range_B2,proprio,reference_top10_cutoff_ties,100,100,1.0,1.0,1.0000000000000002,
reach,original,random_off_range_B2,proprio,selected_top10_cutoff_ties,100,100,1.0,1.0,1.0000000000000002,
reach,original,random_off_range_B2,visual,reference_spearman,100,100,0.7504449733926378,0.7440022632839169,0.7569031829550147,
reach,original,random_off_range_B2,visual,reference_top10_overlap,100,100,4.09,3.7800000000000002,4.4,
reach,original,random_off_range_B2,visual,winner_changed,100,100,0.7,0.61,0.79,
reach,original,random_off_range_B2,visual,selected_in_reference_minimum_set,100,100,0.3,0.21000000000000002,0.39,
reach,original,random_off_range_B2,visual,excess_reference_cost,100,100,0.09726225852966308,0.07556279674172403,0.12088175871968268,
reach,original,random_off_range_B2,visual,excess_reference_cost_percent,100,100,5.702113613050858,4.2827189433600426,7.306165477430612,
reach,original,random_off_range_B2,visual,reference_minimum_ties,100,100,1.0,1.0,1.0000000000000002,
reach,original,random_off_range_B2,visual,selected_minimum_ties,100,100,1.0,1.0,1.0000000000000002,
reach,original,random_off_range_B2,visual,reference_top10_cutoff_ties,100,100,1.0,1.0,1.0000000000000002,
reach,original,random_off_range_B2,visual,selected_top10_cutoff_ties,100,100,1.0,1.0,1.0000000000000002,
reach,original,random_off_range_B3,official,reference_spearman,100,100,0.7523051175654296,0.7459403802560626,0.758684306381182,
reach,original,random_off_range_B3,official,reference_top10_overlap,100,100,4.12,3.8200000000000003,4.42,
reach,original,random_off_range_B3,official,winner_changed,100,100,0.7,0.61,0.79,
reach,original,random_off_range_B3,official,selected_in_reference_minimum_set,100,100,0.3,0.21000000000000002,0.39,
reach,original,random_off_range_B3,official,excess_reference_cost,100,100,0.09687077760696411,0.07471346050500871,0.12075174841284748,
reach,original,random_off_range_B3,official,excess_reference_cost_percent,100,100,5.5942914542381255,4.182855401813485,7.186931200028752,
reach,original,random_off_range_B3,official,reference_minimum_ties,100,100,1.0,1.0,1.0000000000000002,
reach,original,random_off_range_B3,official,selected_minimum_ties,100,100,1.0,1.0,1.0000000000000002,
reach,original,random_off_range_B3,official,reference_top10_cutoff_ties,100,100,1.0,1.0,1.0000000000000002,
reach,original,random_off_range_B3,official,selected_top10_cutoff_ties,100,100,1.0,1.0,1.0000000000000002,
reach,original,random_off_range_B3,proprio,reference_spearman,100,100,0.7719623915463196,0.7668509623835204,0.7770945260571349,
reach,original,random_off_range_B3,proprio,reference_top10_overlap,100,100,4.36,4.08975,4.630000000000001,
reach,original,random_off_range_B3,proprio,winner_changed,100,100,0.66,0.57,0.75,
reach,original,random_off_range_B3,proprio,selected_in_reference_minimum_set,100,100,0.34,0.25,0.43000000000000005,
reach,original,random_off_range_B3,proprio,excess_reference_cost,100,100,0.025779612176120282,0.020164718250744045,0.032076620929874476,
reach,original,random_off_range_B3,proprio,excess_reference_cost_percent,100,100,43.3452285141349,32.03267394742103,56.24330996021374,
reach,original,random_off_range_B3,proprio,reference_minimum_ties,100,100,1.0,1.0,1.0000000000000002,
reach,original,random_off_range_B3,proprio,selected_minimum_ties,100,100,1.0,1.0,1.0000000000000002,
reach,original,random_off_range_B3,proprio,reference_top10_cutoff_ties,100,100,1.0,1.0,1.0000000000000002,
reach,original,random_off_range_B3,proprio,selected_top10_cutoff_ties,100,100,1.0,1.0,1.0000000000000002,
reach,original,random_off_range_B3,visual,reference_spearman,100,100,0.7505591029662338,0.7441191431974018,0.7570176796236745,
reach,original,random_off_range_B3,visual,reference_top10_overlap,100,100,4.09,3.7700000000000014,4.4,
reach,original,random_off_range_B3,visual,winner_changed,100,100,0.69,0.6,0.78,
reach,original,random_off_range_B3,visual,selected_in_reference_minimum_set,100,100,0.31,0.22,0.4,
reach,original,random_off_range_B3,visual,excess_reference_cost,100,100,0.09300835967063904,0.07131004428863524,0.11655828481912607,
reach,original,random_off_range_B3,visual,excess_reference_cost_percent,100,100,5.439382993081037,4.047779771299744,7.021519827513821,
reach,original,random_off_range_B3,visual,reference_minimum_ties,100,100,1.0,1.0,1.0000000000000002,
reach,original,random_off_range_B3,visual,selected_minimum_ties,100,100,1.0,1.0,1.0000000000000002,
reach,original,random_off_range_B3,visual,reference_top10_cutoff_ties,100,100,1.0,1.0,1.0000000000000002,
reach,original,random_off_range_B3,visual,selected_top10_cutoff_ties,100,100,1.0,1.0,1.0000000000000002,
reach,original,random_off_range_B4,official,reference_spearman,100,100,0.7518711855662911,0.745458311169049,0.7582763139170334,
reach,original,random_off_range_B4,official,reference_top10_overlap,100,100,4.11,3.81,4.41,
reach,original,random_off_range_B4,official,winner_changed,100,100,0.7,0.61,0.79,
reach,original,random_off_range_B4,official,selected_in_reference_minimum_set,100,100,0.3,0.21000000000000002,0.39,
reach,original,random_off_range_B4,official,excess_reference_cost,100,100,0.10091970086097718,0.07812515723705292,0.1252577246725559,
reach,original,random_off_range_B4,official,excess_reference_cost_percent,100,100,5.868250025618468,4.411483509438659,7.494512161647943,
reach,original,random_off_range_B4,official,reference_minimum_ties,100,100,1.0,1.0,1.0000000000000002,
reach,original,random_off_range_B4,official,selected_minimum_ties,100,100,1.0,1.0,1.0000000000000002,
reach,original,random_off_range_B4,official,reference_top10_cutoff_ties,100,100,1.0,1.0,1.0000000000000002,
reach,original,random_off_range_B4,official,selected_top10_cutoff_ties,100,100,1.0,1.0,1.0000000000000002,
reach,original,random_off_range_B4,proprio,reference_spearman,100,100,0.7704753238917936,0.7651996761075123,0.7757063235695678,
reach,original,random_off_range_B4,proprio,reference_top10_overlap,100,100,4.37,4.1000000000000005,4.640000000000001,
reach,original,random_off_range_B4,proprio,winner_changed,100,100,0.69,0.6,0.78,
reach,original,random_off_range_B4,proprio,selected_in_reference_minimum_set,100,100,0.31,0.22,0.4,
reach,original,random_off_range_B4,proprio,excess_reference_cost,100,100,0.02615498347207904,0.020803080535959452,0.032057887778151765,
reach,original,random_off_range_B4,proprio,excess_reference_cost_percent,100,100,44.927245121225226,33.62692836910875,57.79855864962225,
reach,original,random_off_range_B4,proprio,reference_minimum_ties,100,100,1.0,1.0,1.0000000000000002,
reach,original,random_off_range_B4,proprio,selected_minimum_ties,100,100,1.0,1.0,1.0000000000000002,
reach,original,random_off_range_B4,proprio,reference_top10_cutoff_ties,100,100,1.0,1.0,1.0000000000000002,
reach,original,random_off_range_B4,proprio,selected_top10_cutoff_ties,100,100,1.0,1.0,1.0000000000000002,
reach,original,random_off_range_B4,visual,reference_spearman,100,100,0.750060583463419,0.7435667086910965,0.7565402002145002,
reach,original,random_off_range_B4,visual,reference_top10_overlap,100,100,4.06,3.740000000000001,4.370000000000001,
reach,original,random_off_range_B4,visual,winner_changed,100,100,0.7,0.61,0.79,
reach,original,random_off_range_B4,visual,selected_in_reference_minimum_set,100,100,0.3,0.21000000000000002,0.39,
reach,original,random_off_range_B4,visual,excess_reference_cost,100,100,0.10195536851882935,0.07933655428886413,0.1262287342250347,
reach,original,random_off_range_B4,visual,excess_reference_cost_percent,100,100,5.924142199732978,4.486829401468161,7.5377940800586645,
reach,original,random_off_range_B4,visual,reference_minimum_ties,100,100,1.0,1.0,1.0000000000000002,
reach,original,random_off_range_B4,visual,selected_minimum_ties,100,100,1.0,1.0,1.0000000000000002,
reach,original,random_off_range_B4,visual,reference_top10_cutoff_ties,100,100,1.0,1.0,1.0000000000000002,
reach,original,random_off_range_B4,visual,selected_top10_cutoff_ties,100,100,1.0,1.0,1.0000000000000002,
reach,original,random_off_range_B5,official,reference_spearman,100,100,0.7521567516878404,0.7458607173563517,0.7585226338138038,
reach,original,random_off_range_B5,official,reference_top10_overlap,100,100,4.11,3.8000000000000007,4.410000000000001,
reach,original,random_off_range_B5,official,winner_changed,100,100,0.71,0.62,0.8,
reach,original,random_off_range_B5,official,selected_in_reference_minimum_set,100,100,0.29,0.2,0.38,
reach,original,random_off_range_B5,official,excess_reference_cost,100,100,0.09847787261009217,0.07636878725886344,0.12241302162408826,
reach,original,random_off_range_B5,official,excess_reference_cost_percent,100,100,5.728900226182475,4.303084822668843,7.351818269178928,
reach,original,random_off_range_B5,official,reference_minimum_ties,100,100,1.0,1.0,1.0000000000000002,
reach,original,random_off_range_B5,official,selected_minimum_ties,100,100,1.0,1.0,1.0000000000000002,
reach,original,random_off_range_B5,official,reference_top10_cutoff_ties,100,100,1.0,1.0,1.0000000000000002,
reach,original,random_off_range_B5,official,selected_top10_cutoff_ties,100,100,1.0,1.0,1.0000000000000002,
reach,original,random_off_range_B5,proprio,reference_spearman,100,100,0.7719560306225624,0.7668549958332871,0.7771164555161724,
reach,original,random_off_range_B5,proprio,reference_top10_overlap,100,100,4.28,4.000000000000001,4.5600000000000005,
reach,original,random_off_range_B5,proprio,winner_changed,100,100,0.65,0.5599999999999999,0.7400000000000001,
reach,original,random_off_range_B5,proprio,selected_in_reference_minimum_set,100,100,0.35,0.26,0.44000000000000006,
reach,original,random_off_range_B5,proprio,excess_reference_cost,100,100,0.024068036340177058,0.01879560989141464,0.02987292072502895,
reach,original,random_off_range_B5,proprio,excess_reference_cost_percent,100,100,39.37445202155773,29.426150108963093,50.80208131785745,
reach,original,random_off_range_B5,proprio,reference_minimum_ties,100,100,1.0,1.0,1.0000000000000002,
reach,original,random_off_range_B5,proprio,selected_minimum_ties,100,100,1.0,1.0,1.0000000000000002,
reach,original,random_off_range_B5,proprio,reference_top10_cutoff_ties,100,100,1.0,1.0,1.0000000000000002,
reach,original,random_off_range_B5,proprio,selected_top10_cutoff_ties,100,100,1.0,1.0,1.0000000000000002,
reach,original,random_off_range_B5,visual,reference_spearman,100,100,0.7503133985691564,0.7438605131311569,0.7567732372236006,
reach,original,random_off_range_B5,visual,reference_top10_overlap,100,100,4.1,3.7800000000000007,4.410000000000001,
reach,original,random_off_range_B5,visual,winner_changed,100,100,0.7,0.61,0.79,
reach,original,random_off_range_B5,visual,selected_in_reference_minimum_set,100,100,0.3,0.21000000000000002,0.39,
reach,original,random_off_range_B5,visual,excess_reference_cost,100,100,0.09640112400054932,0.07472772833704949,0.12013284760713576,
reach,original,random_off_range_B5,visual,excess_reference_cost_percent,100,100,5.655192713181032,4.2423841014642845,7.256290079078417,
reach,original,random_off_range_B5,visual,reference_minimum_ties,100,100,1.0,1.0,1.0000000000000002,
reach,original,random_off_range_B5,visual,selected_minimum_ties,100,100,1.0,1.0,1.0000000000000002,
reach,original,random_off_range_B5,visual,reference_top10_cutoff_ties,100,100,1.0,1.0,1.0000000000000002,
reach,original,random_off_range_B5,visual,selected_top10_cutoff_ties,100,100,1.0,1.0,1.0000000000000002,
reach,original,random_range_B0,official,reference_spearman,100,100,0.7518445384619499,0.7454753421348013,0.7582237772896065,
reach,original,random_range_B0,official,reference_top10_overlap,100,100,4.12,3.8100000000000005,4.420000000000001,
reach,original,random_range_B0,official,winner_changed,100,100,0.71,0.62,0.8,
reach,original,random_range_B0,official,selected_in_reference_minimum_set,100,100,0.29,0.2,0.38,
reach,original,random_range_B0,official,excess_reference_cost,100,100,0.09930300831794739,0.07700055620074271,0.12332154658436775,
reach,original,random_range_B0,official,excess_reference_cost_percent,100,100,5.7803755237533165,4.345405654245882,7.400574461297074,
reach,original,random_range_B0,official,reference_minimum_ties,100,100,1.0,1.0,1.0000000000000002,
reach,original,random_range_B0,official,selected_minimum_ties,100,100,1.0,1.0,1.0000000000000002,
reach,original,random_range_B0,official,reference_top10_cutoff_ties,100,100,1.0,1.0,1.0000000000000002,
reach,original,random_range_B0,official,selected_top10_cutoff_ties,100,100,1.0,1.0,1.0000000000000002,
reach,original,random_range_B0,proprio,reference_spearman,100,100,0.7717611613147087,0.766632100366522,0.7768893596921053,
reach,original,random_range_B0,proprio,reference_top10_overlap,100,100,4.36,4.09,4.630000000000001,
reach,original,random_range_B0,proprio,winner_changed,100,100,0.69,0.6,0.78,
reach,original,random_range_B0,proprio,selected_in_reference_minimum_set,100,100,0.31,0.22,0.4,
reach,original,random_range_B0,proprio,excess_reference_cost,100,100,0.02735029539093375,0.021721555083524434,0.033555511431302865,
reach,original,random_range_B0,proprio,excess_reference_cost_percent,100,100,47.71744115699318,35.85630237443898,61.161554221471036,
reach,original,random_range_B0,proprio,reference_minimum_ties,100,100,1.0,1.0,1.0000000000000002,
reach,original,random_range_B0,proprio,selected_minimum_ties,100,100,1.0,1.0,1.0000000000000002,
reach,original,random_range_B0,proprio,reference_top10_cutoff_ties,100,100,1.0,1.0,1.0000000000000002,
reach,original,random_range_B0,proprio,selected_top10_cutoff_ties,100,100,1.0,1.0,1.0000000000000002,
reach,original,random_range_B0,visual,reference_spearman,100,100,0.7499524294858813,0.7435442747035115,0.756397454222085,
reach,original,random_range_B0,visual,reference_top10_overlap,100,100,4.07,3.750000000000001,4.380000000000001,
reach,original,random_range_B0,visual,winner_changed,100,100,0.71,0.62,0.8,
reach,original,random_range_B0,visual,selected_in_reference_minimum_set,100,100,0.29,0.2,0.38,
reach,original,random_range_B0,visual,excess_reference_cost,100,100,0.0966111159324646,0.07484515181183814,0.12024507206678382,
reach,original,random_range_B0,visual,excess_reference_cost_percent,100,100,5.671532079508281,4.259090663918448,7.278130025604109,
reach,original,random_range_B0,visual,reference_minimum_ties,100,100,1.0,1.0,1.0000000000000002,
reach,original,random_range_B0,visual,selected_minimum_ties,100,100,1.0,1.0,1.0000000000000002,
reach,original,random_range_B0,visual,reference_top10_cutoff_ties,100,100,1.0,1.0,1.0000000000000002,
reach,original,random_range_B0,visual,selected_top10_cutoff_ties,100,100,1.0,1.0,1.0000000000000002,
reach,original,random_range_B1,official,reference_spearman,100,100,0.7512981715118885,0.7450178969694059,0.7576006912699443,
reach,original,random_range_B1,official,reference_top10_overlap,100,100,4.14,3.8400000000000003,4.440000000000001,
reach,original,random_range_B1,official,winner_changed,100,100,0.71,0.62,0.8,
reach,original,random_range_B1,official,selected_in_reference_minimum_set,100,100,0.29,0.2,0.38,
reach,original,random_range_B1,official,excess_reference_cost,100,100,0.10110503435134888,0.07815389800071718,0.12578546890616416,
reach,original,random_range_B1,official,excess_reference_cost_percent,100,100,5.952400483265466,4.464921406688934,7.618730297368843,
reach,original,random_range_B1,official,reference_minimum_ties,100,100,1.0,1.0,1.0000000000000002,
reach,original,random_range_B1,official,selected_minimum_ties,100,100,1.0,1.0,1.0000000000000002,
reach,original,random_range_B1,official,reference_top10_cutoff_ties,100,100,1.0,1.0,1.0000000000000002,
reach,original,random_range_B1,official,selected_top10_cutoff_ties,100,100,1.0,1.0,1.0000000000000002,
reach,original,random_range_B1,proprio,reference_spearman,100,100,0.7714162779586441,0.7662186412071245,0.7766941680463116,
reach,original,random_range_B1,proprio,reference_top10_overlap,100,100,4.32,4.04,4.600000000000001,
reach,original,random_range_B1,proprio,winner_changed,100,100,0.69,0.6,0.78,
reach,original,random_range_B1,proprio,selected_in_reference_minimum_set,100,100,0.31,0.22,0.4,
reach,original,random_range_B1,proprio,excess_reference_cost,100,100,0.02548636944964528,0.02011705904267728,0.03125816482119262,
reach,original,random_range_B1,proprio,excess_reference_cost_percent,100,100,43.19114848952301,32.5597128516458,55.198669215651016,
reach,original,random_range_B1,proprio,reference_minimum_ties,100,100,1.0,1.0,1.0000000000000002,
reach,original,random_range_B1,proprio,selected_minimum_ties,100,100,1.0,1.0,1.0000000000000002,
reach,original,random_range_B1,proprio,reference_top10_cutoff_ties,100,100,1.0,1.0,1.0000000000000002,
reach,original,random_range_B1,proprio,selected_top10_cutoff_ties,100,100,1.0,1.0,1.0000000000000002,
reach,original,random_range_B1,visual,reference_spearman,100,100,0.7495594598499683,0.7432034958916812,0.7559523272057093,
reach,original,random_range_B1,visual,reference_top10_overlap,100,100,4.1,3.8000000000000003,4.4,
reach,original,random_range_B1,visual,winner_changed,100,100,0.72,0.63,0.81,
reach,original,random_range_B1,visual,selected_in_reference_minimum_set,100,100,0.28,0.19,0.37,
reach,original,random_range_B1,visual,excess_reference_cost,100,100,0.10349372029304504,0.08109205392003059,0.1279826271533966,
reach,original,random_range_B1,visual,excess_reference_cost_percent,100,100,6.095041052352866,4.620998999059391,7.761707508404457,
reach,original,random_range_B1,visual,reference_minimum_ties,100,100,1.0,1.0,1.0000000000000002,
reach,original,random_range_B1,visual,selected_minimum_ties,100,100,1.0,1.0,1.0000000000000002,
reach,original,random_range_B1,visual,reference_top10_cutoff_ties,100,100,1.0,1.0,1.0000000000000002,
reach,original,random_range_B1,visual,selected_top10_cutoff_ties,100,100,1.0,1.0,1.0000000000000002,
reach,original,random_range_B2,official,reference_spearman,100,100,0.7522127356970634,0.7459210281225347,0.7585306972299694,
reach,original,random_range_B2,official,reference_top10_overlap,100,100,4.09,3.7900000000000005,4.390000000000001,
reach,original,random_range_B2,official,winner_changed,100,100,0.69,0.6,0.78,
reach,original,random_range_B2,official,selected_in_reference_minimum_set,100,100,0.31,0.22000000000000003,0.4,
reach,original,random_range_B2,official,excess_reference_cost,100,100,0.100252445936203,0.0773663353919983,0.12496654775738715,
reach,original,random_range_B2,official,excess_reference_cost_percent,100,100,5.764350894354102,4.293860716477826,7.3950828371782045,
reach,original,random_range_B2,official,reference_minimum_ties,100,100,1.0,1.0,1.0000000000000002,
reach,original,random_range_B2,official,selected_minimum_ties,100,100,1.0,1.0,1.0000000000000002,
reach,original,random_range_B2,official,reference_top10_cutoff_ties,100,100,1.0,1.0,1.0000000000000002,
reach,original,random_range_B2,official,selected_top10_cutoff_ties,100,100,1.0,1.0,1.0000000000000002,
reach,original,random_range_B2,proprio,reference_spearman,100,100,0.7722186197147081,0.7670734137556706,0.7773752461323878,
reach,original,random_range_B2,proprio,reference_top10_overlap,100,100,4.38,4.1000000000000005,4.67,
reach,original,random_range_B2,proprio,winner_changed,100,100,0.67,0.58,0.76,
reach,original,random_range_B2,proprio,selected_in_reference_minimum_set,100,100,0.33,0.24,0.42000000000000004,
reach,original,random_range_B2,proprio,excess_reference_cost,100,100,0.025641638915985823,0.020257251888047903,0.031634866503998625,
reach,original,random_range_B2,proprio,excess_reference_cost_percent,100,100,44.001074164452454,32.57833157206983,56.943211157322764,
reach,original,random_range_B2,proprio,reference_minimum_ties,100,100,1.0,1.0,1.0000000000000002,
reach,original,random_range_B2,proprio,selected_minimum_ties,100,100,1.0,1.0,1.0000000000000002,
reach,original,random_range_B2,proprio,reference_top10_cutoff_ties,100,100,1.0,1.0,1.0000000000000002,
reach,original,random_range_B2,proprio,selected_top10_cutoff_ties,100,100,1.0,1.0,1.0000000000000002,
reach,original,random_range_B2,visual,reference_spearman,100,100,0.750438360825668,0.7440407702962761,0.7568501368871718,
reach,original,random_range_B2,visual,reference_top10_overlap,100,100,4.09,3.7800000000000007,4.4,
reach,original,random_range_B2,visual,winner_changed,100,100,0.69,0.6,0.78,
reach,original,random_range_B2,visual,selected_in_reference_minimum_set,100,100,0.31,0.22000000000000003,0.4,
reach,original,random_range_B2,visual,excess_reference_cost,100,100,0.09751923084259033,0.07506735253334045,0.12175504598021501,
reach,original,random_range_B2,visual,excess_reference_cost_percent,100,100,5.655671451865949,4.202476361071601,7.273574305921287,
reach,original,random_range_B2,visual,reference_minimum_ties,100,100,1.0,1.0,1.0000000000000002,
reach,original,random_range_B2,visual,selected_minimum_ties,100,100,1.0,1.0,1.0000000000000002,
reach,original,random_range_B2,visual,reference_top10_cutoff_ties,100,100,1.0,1.0,1.0000000000000002,
reach,original,random_range_B2,visual,selected_top10_cutoff_ties,100,100,1.0,1.0,1.0000000000000002,
reach,original,random_range_B3,official,reference_spearman,100,100,0.7522121004736171,0.745842698028998,0.7586157962459139,
reach,original,random_range_B3,official,reference_top10_overlap,100,100,4.13,3.830000000000001,4.420000000000001,
reach,original,random_range_B3,official,winner_changed,100,100,0.71,0.62,0.8,
reach,original,random_range_B3,official,selected_in_reference_minimum_set,100,100,0.29,0.2,0.38,
reach,original,random_range_B3,official,excess_reference_cost,100,100,0.0975288438796997,0.07519170919060708,0.12163247063755989,
reach,original,random_range_B3,official,excess_reference_cost_percent,100,100,5.700425242038706,4.254047114059881,7.335423302241729,
reach,original,random_range_B3,official,reference_minimum_ties,100,100,1.0,1.0,1.0000000000000002,
reach,original,random_range_B3,official,selected_minimum_ties,100,100,1.0,1.0,1.0000000000000002,
reach,original,random_range_B3,official,reference_top10_cutoff_ties,100,100,1.0,1.0,1.0000000000000002,
reach,original,random_range_B3,official,selected_top10_cutoff_ties,100,100,1.0,1.0,1.0000000000000002,
reach,original,random_range_B3,proprio,reference_spearman,100,100,0.7721712515851418,0.7670097291634543,0.7773305689150466,
reach,original,random_range_B3,proprio,reference_top10_overlap,100,100,4.33,4.050000000000001,4.600000000000001,
reach,original,random_range_B3,proprio,winner_changed,100,100,0.68,0.59,0.77,
reach,original,random_range_B3,proprio,selected_in_reference_minimum_set,100,100,0.32,0.22999999999999998,0.41000000000000003,
reach,original,random_range_B3,proprio,excess_reference_cost,100,100,0.026123346854001285,0.020507498475257305,0.03241156266629695,
reach,original,random_range_B3,proprio,excess_reference_cost_percent,100,100,44.988208273062426,33.32288995299263,58.116292869438105,
reach,original,random_range_B3,proprio,reference_minimum_ties,100,100,1.0,1.0,1.0000000000000002,
reach,original,random_range_B3,proprio,selected_minimum_ties,100,100,1.0,1.0,1.0000000000000002,
reach,original,random_range_B3,proprio,reference_top10_cutoff_ties,100,100,1.0,1.0,1.0000000000000002,
reach,original,random_range_B3,proprio,selected_top10_cutoff_ties,100,100,1.0,1.0,1.0000000000000002,
reach,original,random_range_B3,visual,reference_spearman,100,100,0.7504658669223967,0.7440263659084654,0.756932402489969,
reach,original,random_range_B3,visual,reference_top10_overlap,100,100,4.1,3.7900000000000005,4.4,
reach,original,random_range_B3,visual,winner_changed,100,100,0.71,0.62,0.8,
reach,original,random_range_B3,visual,selected_in_reference_minimum_set,100,100,0.29,0.2,0.38,
reach,original,random_range_B3,visual,excess_reference_cost,100,100,0.09477578997611999,0.07300306764245033,0.11833295240998268,
reach,original,random_range_B3,visual,excess_reference_cost_percent,100,100,5.588227949459765,4.161558669375677,7.2017414405250175,
reach,original,random_range_B3,visual,reference_minimum_ties,100,100,1.0,1.0,1.0000000000000002,
reach,original,random_range_B3,visual,selected_minimum_ties,100,100,1.0,1.0,1.0000000000000002,
reach,original,random_range_B3,visual,reference_top10_cutoff_ties,100,100,1.0,1.0,1.0000000000000002,
reach,original,random_range_B3,visual,selected_top10_cutoff_ties,100,100,1.0,1.0,1.0000000000000002,
reach,original,random_range_B4,official,reference_spearman,100,100,0.7503447081039631,0.7441512332041915,0.7565736379703416,
reach,original,random_range_B4,official,reference_top10_overlap,100,100,4.07,3.7800000000000002,4.37,
reach,original,random_range_B4,official,winner_changed,100,100,0.69,0.6,0.78,
reach,original,random_range_B4,official,selected_in_reference_minimum_set,100,100,0.31,0.22,0.4,
reach,original,random_range_B4,official,excess_reference_cost,100,100,0.10075919270515442,0.07789182284474373,0.12515907552838323,
reach,original,random_range_B4,official,excess_reference_cost_percent,100,100,5.8307774693468115,4.355499454908656,7.455874317733763,
reach,original,random_range_B4,official,reference_minimum_ties,100,100,1.0,1.0,1.0000000000000002,
reach,original,random_range_B4,official,selected_minimum_ties,100,100,1.0,1.0,1.0000000000000002,
reach,original,random_range_B4,official,reference_top10_cutoff_ties,100,100,1.0,1.0,1.0000000000000002,
reach,original,random_range_B4,official,selected_top10_cutoff_ties,100,100,1.0,1.0,1.0000000000000002,
reach,original,random_range_B4,proprio,reference_spearman,100,100,0.7681031642057546,0.7629762874796813,0.7732508803261133,
reach,original,random_range_B4,proprio,reference_top10_overlap,100,100,4.23,3.9400000000000004,4.5200000000000005,
reach,original,random_range_B4,proprio,winner_changed,100,100,0.68,0.59,0.77,
reach,original,random_range_B4,proprio,selected_in_reference_minimum_set,100,100,0.32,0.23,0.41000000000000003,
reach,original,random_range_B4,proprio,excess_reference_cost,100,100,0.024946708325296642,0.01961787475226447,0.030820242789108297,
reach,original,random_range_B4,proprio,excess_reference_cost_percent,100,100,43.99638531581652,32.51718228247245,56.95304634743778,
reach,original,random_range_B4,proprio,reference_minimum_ties,100,100,1.0,1.0,1.0000000000000002,
reach,original,random_range_B4,proprio,selected_minimum_ties,100,100,1.0,1.0,1.0000000000000002,
reach,original,random_range_B4,proprio,reference_top10_cutoff_ties,100,100,1.0,1.0,1.0000000000000002,
reach,original,random_range_B4,proprio,selected_top10_cutoff_ties,100,100,1.0,1.0,1.0000000000000002,
reach,original,random_range_B4,visual,reference_spearman,100,100,0.7485629725125652,0.7422987780992051,0.7548513221932572,
reach,original,random_range_B4,visual,reference_top10_overlap,100,100,4.09,3.8000000000000003,4.390000000000001,
reach,original,random_range_B4,visual,winner_changed,100,100,0.7,0.61,0.79,
reach,original,random_range_B4,visual,selected_in_reference_minimum_set,100,100,0.3,0.21000000000000002,0.39,
reach,original,random_range_B4,visual,excess_reference_cost,100,100,0.09740782737731933,0.0750886447429657,0.12121551898121834,
reach,original,random_range_B4,visual,excess_reference_cost_percent,100,100,5.692995774831736,4.245356420097856,7.311845266710399,
reach,original,random_range_B4,visual,reference_minimum_ties,100,100,1.0,1.0,1.0000000000000002,
reach,original,random_range_B4,visual,selected_minimum_ties,100,100,1.0,1.0,1.0000000000000002,
reach,original,random_range_B4,visual,reference_top10_cutoff_ties,100,100,1.0,1.0,1.0000000000000002,
reach,original,random_range_B4,visual,selected_top10_cutoff_ties,100,100,1.0,1.0,1.0000000000000002,
reach,original,random_range_B5,official,reference_spearman,100,100,0.7525599538739718,0.746198821170646,0.7589554013656992,
reach,original,random_range_B5,official,reference_top10_overlap,100,100,4.13,3.830000000000001,4.420000000000001,
reach,original,random_range_B5,official,winner_changed,100,100,0.71,0.62,0.8,
reach,original,random_range_B5,official,selected_in_reference_minimum_set,100,100,0.29,0.2,0.38,
reach,original,random_range_B5,official,excess_reference_cost,100,100,0.0997243046760559,0.07734210947155953,0.12399217948317522,
reach,original,random_range_B5,official,excess_reference_cost_percent,100,100,5.798269663762082,4.3622432542943645,7.428695886637181,
reach,original,random_range_B5,official,reference_minimum_ties,100,100,1.0,1.0,1.0000000000000002,
reach,original,random_range_B5,official,selected_minimum_ties,100,100,1.0,1.0,1.0000000000000002,
reach,original,random_range_B5,official,reference_top10_cutoff_ties,100,100,1.0,1.0,1.0000000000000002,
reach,original,random_range_B5,official,selected_top10_cutoff_ties,100,100,1.0,1.0,1.0000000000000002,
reach,original,random_range_B5,proprio,reference_spearman,100,100,0.7722210646784964,0.7670780427560306,0.7773966318514649,
reach,original,random_range_B5,proprio,reference_top10_overlap,100,100,4.34,4.0600000000000005,4.630000000000001,
reach,original,random_range_B5,proprio,winner_changed,100,100,0.68,0.59,0.77,
reach,original,random_range_B5,proprio,selected_in_reference_minimum_set,100,100,0.32,0.22999999999999998,0.41000000000000003,
reach,original,random_range_B5,proprio,excess_reference_cost,100,100,0.026170599665492775,0.02079183731647208,0.03216498960880563,
reach,original,random_range_B5,proprio,excess_reference_cost_percent,100,100,45.406856255294514,33.95074165893029,58.38371698683748,
reach,original,random_range_B5,proprio,reference_minimum_ties,100,100,1.0,1.0,1.0000000000000002,
reach,original,random_range_B5,proprio,selected_minimum_ties,100,100,1.0,1.0,1.0000000000000002,
reach,original,random_range_B5,proprio,reference_top10_cutoff_ties,100,100,1.0,1.0,1.0000000000000002,
reach,original,random_range_B5,proprio,selected_top10_cutoff_ties,100,100,1.0,1.0,1.0000000000000002,
reach,original,random_range_B5,visual,reference_spearman,100,100,0.750776833110272,0.7443133854361307,0.757235559283216,
reach,original,random_range_B5,visual,reference_top10_overlap,100,100,4.05,3.7500000000000004,4.3500000000000005,
reach,original,random_range_B5,visual,winner_changed,100,100,0.71,0.62,0.8,
reach,original,random_range_B5,visual,selected_in_reference_minimum_set,100,100,0.29,0.2,0.38,
reach,original,random_range_B5,visual,excess_reference_cost,100,100,0.09687944531440734,0.07493158042430878,0.12059085750579833,
reach,original,random_range_B5,visual,excess_reference_cost_percent,100,100,5.682747498717069,4.254466547410455,7.290591440709849,
reach,original,random_range_B5,visual,reference_minimum_ties,100,100,1.0,1.0,1.0000000000000002,
reach,original,random_range_B5,visual,selected_minimum_ties,100,100,1.0,1.0,1.0000000000000002,
reach,original,random_range_B5,visual,reference_top10_cutoff_ties,100,100,1.0,1.0,1.0000000000000002,
reach,original,random_range_B5,visual,selected_top10_cutoff_ties,100,100,1.0,1.0,1.0000000000000002,
reach,original,zero_capture,official,reference_spearman,100,100,0.7527372195353034,0.7463951111573991,0.7591143015846022,
reach,original,zero_capture,official,reference_top10_overlap,100,100,4.1,3.8000000000000003,4.4,
reach,original,zero_capture,official,winner_changed,100,100,0.71,0.62,0.8,
reach,original,zero_capture,official,selected_in_reference_minimum_set,100,100,0.29,0.2,0.38,
reach,original,zero_capture,official,excess_reference_cost,100,100,0.10016852855682373,0.07780390006303788,0.1243308929502964,
reach,original,zero_capture,official,excess_reference_cost_percent,100,100,5.819464390319336,4.382926188954551,7.447300865054739,
reach,original,zero_capture,official,reference_minimum_ties,100,100,1.0,1.0,1.0000000000000002,
reach,original,zero_capture,official,selected_minimum_ties,100,100,1.0,1.0,1.0000000000000002,
reach,original,zero_capture,official,reference_top10_cutoff_ties,100,100,1.0,1.0,1.0000000000000002,
reach,original,zero_capture,official,selected_top10_cutoff_ties,100,100,1.0,1.0,1.0000000000000002,
reach,original,zero_capture,proprio,reference_spearman,100,100,0.7724895017876738,0.7673860572295709,0.7776268921876909,
reach,original,zero_capture,proprio,reference_top10_overlap,100,100,4.32,4.040000000000001,4.6000000000000005,
reach,original,zero_capture,proprio,winner_changed,100,100,0.68,0.59,0.77,
reach,original,zero_capture,proprio,selected_in_reference_minimum_set,100,100,0.32,0.22999999999999998,0.41000000000000003,
reach,original,zero_capture,proprio,excess_reference_cost,100,100,0.025783868785947562,0.020434266217052938,0.031736419655848294,
reach,original,zero_capture,proprio,excess_reference_cost_percent,100,100,45.04236829468433,33.53647430823662,58.03656886056459,
reach,original,zero_capture,proprio,reference_minimum_ties,100,100,1.0,1.0,1.0000000000000002,
reach,original,zero_capture,proprio,selected_minimum_ties,100,100,1.0,1.0,1.0000000000000002,
reach,original,zero_capture,proprio,reference_top10_cutoff_ties,100,100,1.0,1.0,1.0000000000000002,
reach,original,zero_capture,proprio,selected_top10_cutoff_ties,100,100,1.0,1.0,1.0000000000000002,
reach,original,zero_capture,visual,reference_spearman,100,100,0.7508962793496629,0.7444612924501945,0.7573388634722388,
reach,original,zero_capture,visual,reference_top10_overlap,100,100,4.04,3.7300000000000004,4.3500000000000005,
reach,original,zero_capture,visual,winner_changed,100,100,0.7,0.61,0.79,
reach,original,zero_capture,visual,selected_in_reference_minimum_set,100,100,0.3,0.21000000000000002,0.39,
reach,original,zero_capture,visual,excess_reference_cost,100,100,0.09687524676322937,0.07480737745761872,0.12089544084668156,
reach,original,zero_capture,visual,excess_reference_cost_percent,100,100,5.698706387695006,4.266435417109825,7.318485841700721,
reach,original,zero_capture,visual,reference_minimum_ties,100,100,1.0,1.0,1.0000000000000002,
reach,original,zero_capture,visual,selected_minimum_ties,100,100,1.0,1.0,1.0000000000000002,
reach,original,zero_capture,visual,reference_top10_cutoff_ties,100,100,1.0,1.0,1.0000000000000002,
reach,original,zero_capture,visual,selected_top10_cutoff_ties,100,100,1.0,1.0,1.0000000000000002,
reach-wall,fresh,all_blocks_h3_donor,official,reference_spearman,100,100,0.8900785246864966,0.8862573667437855,0.8939075547560337,
reach-wall,fresh,all_blocks_h3_donor,official,reference_top10_overlap,100,100,5.86,5.61,6.110000000000001,
reach-wall,fresh,all_blocks_h3_donor,official,winner_changed,100,100,0.53,0.43000000000000005,0.63,
reach-wall,fresh,all_blocks_h3_donor,official,selected_in_reference_minimum_set,100,100,0.47,0.37,0.57,
reach-wall,fresh,all_blocks_h3_donor,official,excess_reference_cost,100,100,0.038499559164047244,0.02791723376512528,0.05000901123881339,
reach-wall,fresh,all_blocks_h3_donor,official,excess_reference_cost_percent,100,100,1.8432428648277694,1.3102263607673712,2.4269733168193275,
reach-wall,fresh,all_blocks_h3_donor,official,reference_minimum_ties,100,100,1.0,1.0,1.0000000000000002,
reach-wall,fresh,all_blocks_h3_donor,official,selected_minimum_ties,100,100,1.0,1.0,1.0000000000000002,
reach-wall,fresh,all_blocks_h3_donor,official,reference_top10_cutoff_ties,100,100,1.0,1.0,1.0000000000000002,
reach-wall,fresh,all_blocks_h3_donor,official,selected_top10_cutoff_ties,100,100,1.0,1.0,1.0000000000000002,
reach-wall,fresh,all_blocks_h3_donor,proprio,reference_spearman,100,100,0.9047503570292964,0.9021250526630324,0.9073685743083507,
reach-wall,fresh,all_blocks_h3_donor,proprio,reference_top10_overlap,100,100,6.14,5.9,6.390000000000001,
reach-wall,fresh,all_blocks_h3_donor,proprio,winner_changed,100,100,0.49,0.39,0.59,
reach-wall,fresh,all_blocks_h3_donor,proprio,selected_in_reference_minimum_set,100,100,0.51,0.41000000000000003,0.61,
reach-wall,fresh,all_blocks_h3_donor,proprio,excess_reference_cost,100,100,0.011077788174152375,0.007931712244637311,0.014537764230743051,
reach-wall,fresh,all_blocks_h3_donor,proprio,excess_reference_cost_percent,100,100,12.960173848631948,9.226729206074118,17.037101828520942,
reach-wall,fresh,all_blocks_h3_donor,proprio,reference_minimum_ties,100,100,1.0,1.0,1.0000000000000002,
reach-wall,fresh,all_blocks_h3_donor,proprio,selected_minimum_ties,100,100,1.0,1.0,1.0000000000000002,
reach-wall,fresh,all_blocks_h3_donor,proprio,reference_top10_cutoff_ties,100,100,1.0,1.0,1.0000000000000002,
reach-wall,fresh,all_blocks_h3_donor,proprio,selected_top10_cutoff_ties,100,100,1.0,1.0,1.0000000000000002,
reach-wall,fresh,all_blocks_h3_donor,visual,reference_spearman,100,100,0.8886742198140951,0.8848175414984981,0.8925319093717969,
reach-wall,fresh,all_blocks_h3_donor,visual,reference_top10_overlap,100,100,5.87,5.600000000000001,6.130000000000001,
reach-wall,fresh,all_blocks_h3_donor,visual,winner_changed,100,100,0.55,0.45,0.6499999999999999,
reach-wall,fresh,all_blocks_h3_donor,visual,selected_in_reference_minimum_set,100,100,0.45,0.35,0.55,
reach-wall,fresh,all_blocks_h3_donor,visual,excess_reference_cost,100,100,0.03681644201278687,0.026804521054029466,0.04757517382502555,
reach-wall,fresh,all_blocks_h3_donor,visual,excess_reference_cost_percent,100,100,1.781410808997301,1.2695312240590233,2.3396082086505503,
reach-wall,fresh,all_blocks_h3_donor,visual,reference_minimum_ties,100,100,1.0,1.0,1.0000000000000002,
reach-wall,fresh,all_blocks_h3_donor,visual,selected_minimum_ties,100,100,1.0,1.0,1.0000000000000002,
reach-wall,fresh,all_blocks_h3_donor,visual,reference_top10_cutoff_ties,100,100,1.0,1.0,1.0000000000000002,
reach-wall,fresh,all_blocks_h3_donor,visual,selected_top10_cutoff_ties,100,100,1.0,1.0,1.0000000000000002,
reach-wall,fresh,all_blocks_persistent_donor,official,reference_spearman,100,100,1.0,1.0,1.0000000000000002,
reach-wall,fresh,all_blocks_persistent_donor,official,reference_top10_overlap,100,100,10.0,10.0,10.000000000000004,
reach-wall,fresh,all_blocks_persistent_donor,official,winner_changed,100,100,0.0,0.0,0.0,
reach-wall,fresh,all_blocks_persistent_donor,official,selected_in_reference_minimum_set,100,100,1.0,1.0,1.0000000000000002,
reach-wall,fresh,all_blocks_persistent_donor,official,excess_reference_cost,100,100,0.0,0.0,0.0,
reach-wall,fresh,all_blocks_persistent_donor,official,excess_reference_cost_percent,100,100,0.0,0.0,0.0,
reach-wall,fresh,all_blocks_persistent_donor,official,reference_minimum_ties,100,100,1.0,1.0,1.0000000000000002,
reach-wall,fresh,all_blocks_persistent_donor,official,selected_minimum_ties,100,100,1.0,1.0,1.0000000000000002,
reach-wall,fresh,all_blocks_persistent_donor,official,reference_top10_cutoff_ties,100,100,1.0,1.0,1.0000000000000002,
reach-wall,fresh,all_blocks_persistent_donor,official,selected_top10_cutoff_ties,100,100,1.0,1.0,1.0000000000000002,
reach-wall,fresh,all_blocks_persistent_donor,proprio,reference_spearman,100,100,1.0,1.0,1.0000000000000002,
reach-wall,fresh,all_blocks_persistent_donor,proprio,reference_top10_overlap,100,100,10.0,10.0,10.000000000000004,
reach-wall,fresh,all_blocks_persistent_donor,proprio,winner_changed,100,100,0.0,0.0,0.0,
reach-wall,fresh,all_blocks_persistent_donor,proprio,selected_in_reference_minimum_set,100,100,1.0,1.0,1.0000000000000002,
reach-wall,fresh,all_blocks_persistent_donor,proprio,excess_reference_cost,100,100,0.0,0.0,0.0,
reach-wall,fresh,all_blocks_persistent_donor,proprio,excess_reference_cost_percent,100,100,0.0,0.0,0.0,
reach-wall,fresh,all_blocks_persistent_donor,proprio,reference_minimum_ties,100,100,1.0,1.0,1.0000000000000002,
reach-wall,fresh,all_blocks_persistent_donor,proprio,selected_minimum_ties,100,100,1.0,1.0,1.0000000000000002,
reach-wall,fresh,all_blocks_persistent_donor,proprio,reference_top10_cutoff_ties,100,100,1.0,1.0,1.0000000000000002,
reach-wall,fresh,all_blocks_persistent_donor,proprio,selected_top10_cutoff_ties,100,100,1.0,1.0,1.0000000000000002,
reach-wall,fresh,all_blocks_persistent_donor,visual,reference_spearman,100,100,1.0,1.0,1.0000000000000002,
reach-wall,fresh,all_blocks_persistent_donor,visual,reference_top10_overlap,100,100,10.0,10.0,10.000000000000004,
reach-wall,fresh,all_blocks_persistent_donor,visual,winner_changed,100,100,0.0,0.0,0.0,
reach-wall,fresh,all_blocks_persistent_donor,visual,selected_in_reference_minimum_set,100,100,1.0,1.0,1.0000000000000002,
reach-wall,fresh,all_blocks_persistent_donor,visual,excess_reference_cost,100,100,0.0,0.0,0.0,
reach-wall,fresh,all_blocks_persistent_donor,visual,excess_reference_cost_percent,100,100,0.0,0.0,0.0,
reach-wall,fresh,all_blocks_persistent_donor,visual,reference_minimum_ties,100,100,1.0,1.0,1.0000000000000002,
reach-wall,fresh,all_blocks_persistent_donor,visual,selected_minimum_ties,100,100,1.0,1.0,1.0000000000000002,
reach-wall,fresh,all_blocks_persistent_donor,visual,reference_top10_cutoff_ties,100,100,1.0,1.0,1.0000000000000002,
reach-wall,fresh,all_blocks_persistent_donor,visual,selected_top10_cutoff_ties,100,100,1.0,1.0,1.0000000000000002,
reach-wall,fresh,coherent_raw_h3,official,reference_spearman,100,100,1.0,1.0,1.0000000000000002,
reach-wall,fresh,coherent_raw_h3,official,reference_top10_overlap,100,100,10.0,10.0,10.000000000000004,
reach-wall,fresh,coherent_raw_h3,official,winner_changed,100,100,0.0,0.0,0.0,
reach-wall,fresh,coherent_raw_h3,official,selected_in_reference_minimum_set,100,100,1.0,1.0,1.0000000000000002,
reach-wall,fresh,coherent_raw_h3,official,excess_reference_cost,100,100,0.0,0.0,0.0,
reach-wall,fresh,coherent_raw_h3,official,excess_reference_cost_percent,100,100,0.0,0.0,0.0,
reach-wall,fresh,coherent_raw_h3,official,reference_minimum_ties,100,100,1.0,1.0,1.0000000000000002,
reach-wall,fresh,coherent_raw_h3,official,selected_minimum_ties,100,100,1.0,1.0,1.0000000000000002,
reach-wall,fresh,coherent_raw_h3,official,reference_top10_cutoff_ties,100,100,1.0,1.0,1.0000000000000002,
reach-wall,fresh,coherent_raw_h3,official,selected_top10_cutoff_ties,100,100,1.0,1.0,1.0000000000000002,
reach-wall,fresh,coherent_raw_h3,proprio,reference_spearman,100,100,1.0,1.0,1.0000000000000002,
reach-wall,fresh,coherent_raw_h3,proprio,reference_top10_overlap,100,100,10.0,10.0,10.000000000000004,
reach-wall,fresh,coherent_raw_h3,proprio,winner_changed,100,100,0.0,0.0,0.0,
reach-wall,fresh,coherent_raw_h3,proprio,selected_in_reference_minimum_set,100,100,1.0,1.0,1.0000000000000002,
reach-wall,fresh,coherent_raw_h3,proprio,excess_reference_cost,100,100,0.0,0.0,0.0,
reach-wall,fresh,coherent_raw_h3,proprio,excess_reference_cost_percent,100,100,0.0,0.0,0.0,
reach-wall,fresh,coherent_raw_h3,proprio,reference_minimum_ties,100,100,1.0,1.0,1.0000000000000002,
reach-wall,fresh,coherent_raw_h3,proprio,selected_minimum_ties,100,100,1.0,1.0,1.0000000000000002,
reach-wall,fresh,coherent_raw_h3,proprio,reference_top10_cutoff_ties,100,100,1.0,1.0,1.0000000000000002,
reach-wall,fresh,coherent_raw_h3,proprio,selected_top10_cutoff_ties,100,100,1.0,1.0,1.0000000000000002,
reach-wall,fresh,coherent_raw_h3,visual,reference_spearman,100,100,1.0,1.0,1.0000000000000002,
reach-wall,fresh,coherent_raw_h3,visual,reference_top10_overlap,100,100,10.0,10.0,10.000000000000004,
reach-wall,fresh,coherent_raw_h3,visual,winner_changed,100,100,0.0,0.0,0.0,
reach-wall,fresh,coherent_raw_h3,visual,selected_in_reference_minimum_set,100,100,1.0,1.0,1.0000000000000002,
reach-wall,fresh,coherent_raw_h3,visual,excess_reference_cost,100,100,0.0,0.0,0.0,
reach-wall,fresh,coherent_raw_h3,visual,excess_reference_cost_percent,100,100,0.0,0.0,0.0,
reach-wall,fresh,coherent_raw_h3,visual,reference_minimum_ties,100,100,1.0,1.0,1.0000000000000002,
reach-wall,fresh,coherent_raw_h3,visual,selected_minimum_ties,100,100,1.0,1.0,1.0000000000000002,
reach-wall,fresh,coherent_raw_h3,visual,reference_top10_cutoff_ties,100,100,1.0,1.0,1.0000000000000002,
reach-wall,fresh,coherent_raw_h3,visual,selected_top10_cutoff_ties,100,100,1.0,1.0,1.0000000000000002,
reach-wall,fresh,donor_h3_B0,official,reference_spearman,100,100,0.7729058833758677,0.7672965116320042,0.7783507217397273,
reach-wall,fresh,donor_h3_B0,official,reference_top10_overlap,100,100,4.51,4.280000000000001,4.74,
reach-wall,fresh,donor_h3_B0,official,winner_changed,100,100,0.69,0.6,0.78,
reach-wall,fresh,donor_h3_B0,official,selected_in_reference_minimum_set,100,100,0.31,0.22000000000000003,0.4,
reach-wall,fresh,donor_h3_B0,official,excess_reference_cost,100,100,0.07865444779396057,0.06256983733177185,0.09590334618091582,
reach-wall,fresh,donor_h3_B0,official,excess_reference_cost_percent,100,100,3.7366562168620248,2.9435543457274447,4.5874582020323125,
reach-wall,fresh,donor_h3_B0,official,reference_minimum_ties,100,100,1.0,1.0,1.0000000000000002,
reach-wall,fresh,donor_h3_B0,official,selected_minimum_ties,100,100,1.0,1.0,1.0000000000000002,
reach-wall,fresh,donor_h3_B0,official,reference_top10_cutoff_ties,100,100,1.0,1.0,1.0000000000000002,
reach-wall,fresh,donor_h3_B0,official,selected_top10_cutoff_ties,100,100,1.0,1.0,1.0000000000000002,
reach-wall,fresh,donor_h3_B0,proprio,reference_spearman,100,100,0.7837498461094011,0.7782922481360904,0.7891154840609341,
reach-wall,fresh,donor_h3_B0,proprio,reference_top10_overlap,100,100,4.39,4.140000000000001,4.65,
reach-wall,fresh,donor_h3_B0,proprio,winner_changed,100,100,0.66,0.57,0.75,
reach-wall,fresh,donor_h3_B0,proprio,selected_in_reference_minimum_set,100,100,0.34,0.25,0.43000000000000005,
reach-wall,fresh,donor_h3_B0,proprio,excess_reference_cost,100,100,0.0283779364451766,0.02212086044345051,0.03500045728404069,
reach-wall,fresh,donor_h3_B0,proprio,excess_reference_cost_percent,100,100,32.92245392965211,25.577930755569728,40.696674550220756,
reach-wall,fresh,donor_h3_B0,proprio,reference_minimum_ties,100,100,1.0,1.0,1.0000000000000002,
reach-wall,fresh,donor_h3_B0,proprio,selected_minimum_ties,100,100,1.0,1.0,1.0000000000000002,
reach-wall,fresh,donor_h3_B0,proprio,reference_top10_cutoff_ties,100,100,1.0,1.0,1.0000000000000002,
reach-wall,fresh,donor_h3_B0,proprio,selected_top10_cutoff_ties,100,100,1.0,1.0,1.0000000000000002,
reach-wall,fresh,donor_h3_B0,visual,reference_spearman,100,100,0.7712637188084939,0.7656302862487707,0.7767487185354968,
reach-wall,fresh,donor_h3_B0,visual,reference_top10_overlap,100,100,4.54,4.3100000000000005,4.7700000000000005,
reach-wall,fresh,donor_h3_B0,visual,winner_changed,100,100,0.69,0.6,0.78,
reach-wall,fresh,donor_h3_B0,visual,selected_in_reference_minimum_set,100,100,0.31,0.22000000000000003,0.4,
reach-wall,fresh,donor_h3_B0,visual,excess_reference_cost,100,100,0.07548179149627686,0.060517126172780995,0.09149147546291345,
reach-wall,fresh,donor_h3_B0,visual,excess_reference_cost_percent,100,100,3.602121094631404,2.8641964678504093,4.405795867687396,
reach-wall,fresh,donor_h3_B0,visual,reference_minimum_ties,100,100,1.0,1.0,1.0000000000000002,
reach-wall,fresh,donor_h3_B0,visual,selected_minimum_ties,100,100,1.0,1.0,1.0000000000000002,
reach-wall,fresh,donor_h3_B0,visual,reference_top10_cutoff_ties,100,100,1.0,1.0,1.0000000000000002,
reach-wall,fresh,donor_h3_B0,visual,selected_top10_cutoff_ties,100,100,1.0,1.0,1.0000000000000002,
reach-wall,fresh,donor_h3_B1,official,reference_spearman,100,100,0.8197171263329832,0.8150310293254585,0.8242802823005624,
reach-wall,fresh,donor_h3_B1,official,reference_top10_overlap,100,100,4.86,4.620000000000001,5.100000000000001,
reach-wall,fresh,donor_h3_B1,official,winner_changed,100,100,0.67,0.58,0.76,
reach-wall,fresh,donor_h3_B1,official,selected_in_reference_minimum_set,100,100,0.33,0.24,0.42000000000000004,
reach-wall,fresh,donor_h3_B1,official,excess_reference_cost,100,100,0.07156314849853515,0.05662771174311638,0.08759616005420683,
reach-wall,fresh,donor_h3_B1,official,excess_reference_cost_percent,100,100,3.4158842987826374,2.675820519419925,4.221600378440564,
reach-wall,fresh,donor_h3_B1,official,reference_minimum_ties,100,100,1.0,1.0,1.0000000000000002,
reach-wall,fresh,donor_h3_B1,official,selected_minimum_ties,100,100,1.0,1.0,1.0000000000000002,
reach-wall,fresh,donor_h3_B1,official,reference_top10_cutoff_ties,100,100,1.0,1.0,1.0000000000000002,
reach-wall,fresh,donor_h3_B1,official,selected_top10_cutoff_ties,100,100,1.0,1.0,1.0000000000000002,
reach-wall,fresh,donor_h3_B1,proprio,reference_spearman,100,100,0.8322815631284791,0.8278077977533083,0.8366617006855631,
reach-wall,fresh,donor_h3_B1,proprio,reference_top10_overlap,100,100,4.86,4.600000000000001,5.130000000000001,
reach-wall,fresh,donor_h3_B1,proprio,winner_changed,100,100,0.61,0.51,0.7000000000000001,
reach-wall,fresh,donor_h3_B1,proprio,selected_in_reference_minimum_set,100,100,0.39,0.3,0.49,
reach-wall,fresh,donor_h3_B1,proprio,excess_reference_cost,100,100,0.023441253043711186,0.017866038182750343,0.029397698258049783,
reach-wall,fresh,donor_h3_B1,proprio,excess_reference_cost_percent,100,100,27.2639325217809,20.647341788823095,34.31143161808455,
reach-wall,fresh,donor_h3_B1,proprio,reference_minimum_ties,100,100,1.0,1.0,1.0000000000000002,
reach-wall,fresh,donor_h3_B1,proprio,selected_minimum_ties,100,100,1.0,1.0,1.0000000000000002,
reach-wall,fresh,donor_h3_B1,proprio,reference_top10_cutoff_ties,100,100,1.0,1.0,1.0000000000000002,
reach-wall,fresh,donor_h3_B1,proprio,selected_top10_cutoff_ties,100,100,1.0,1.0,1.0000000000000002,
reach-wall,fresh,donor_h3_B1,visual,reference_spearman,100,100,0.8179734882383605,0.8132464784005836,0.8225639231852981,
reach-wall,fresh,donor_h3_B1,visual,reference_top10_overlap,100,100,4.82,4.580000000000001,5.050000000000001,
reach-wall,fresh,donor_h3_B1,visual,winner_changed,100,100,0.67,0.58,0.76,
reach-wall,fresh,donor_h3_B1,visual,selected_in_reference_minimum_set,100,100,0.33,0.24,0.42000000000000004,
reach-wall,fresh,donor_h3_B1,visual,excess_reference_cost,100,100,0.06915436506271362,0.05442426541447639,0.08501840519905089,
reach-wall,fresh,donor_h3_B1,visual,excess_reference_cost_percent,100,100,3.322584081471521,2.591988766325122,4.1189087559008986,
reach-wall,fresh,donor_h3_B1,visual,reference_minimum_ties,100,100,1.0,1.0,1.0000000000000002,
reach-wall,fresh,donor_h3_B1,visual,selected_minimum_ties,100,100,1.0,1.0,1.0000000000000002,
reach-wall,fresh,donor_h3_B1,visual,reference_top10_cutoff_ties,100,100,1.0,1.0,1.0000000000000002,
reach-wall,fresh,donor_h3_B1,visual,selected_top10_cutoff_ties,100,100,1.0,1.0,1.0000000000000002,
reach-wall,fresh,donor_h3_B2,official,reference_spearman,100,100,0.7818314021657737,0.776173147569478,0.7872642267871766,
reach-wall,fresh,donor_h3_B2,official,reference_top10_overlap,100,100,4.51,4.28,4.75,
reach-wall,fresh,donor_h3_B2,official,winner_changed,100,100,0.68,0.59,0.77,
reach-wall,fresh,donor_h3_B2,official,selected_in_reference_minimum_set,100,100,0.32,0.23,0.41000000000000003,
reach-wall,fresh,donor_h3_B2,official,excess_reference_cost,100,100,0.07746122360229492,0.06185081467032432,0.09399867075681684,
reach-wall,fresh,donor_h3_B2,official,excess_reference_cost_percent,100,100,3.673182079115945,2.9089197544257117,4.499054009168103,
reach-wall,fresh,donor_h3_B2,official,reference_minimum_ties,100,100,1.0,1.0,1.0000000000000002,
reach-wall,fresh,donor_h3_B2,official,selected_minimum_ties,100,100,1.0,1.0,1.0000000000000002,
reach-wall,fresh,donor_h3_B2,official,reference_top10_cutoff_ties,100,100,1.0,1.0,1.0000000000000002,
reach-wall,fresh,donor_h3_B2,official,selected_top10_cutoff_ties,100,100,1.0,1.0,1.0000000000000002,
reach-wall,fresh,donor_h3_B2,proprio,reference_spearman,100,100,0.7987991244347161,0.7937786470960789,0.8037912836809298,
reach-wall,fresh,donor_h3_B2,proprio,reference_top10_overlap,100,100,4.63,4.36,4.900000000000001,
reach-wall,fresh,donor_h3_B2,proprio,winner_changed,100,100,0.63,0.53,0.7200000000000001,
reach-wall,fresh,donor_h3_B2,proprio,selected_in_reference_minimum_set,100,100,0.37,0.28,0.47,
reach-wall,fresh,donor_h3_B2,proprio,excess_reference_cost,100,100,0.025364683605730534,0.019533391279168432,0.031577690907753996,
reach-wall,fresh,donor_h3_B2,proprio,excess_reference_cost_percent,100,100,29.527111734009033,22.574302661107378,37.010508457546806,
reach-wall,fresh,donor_h3_B2,proprio,reference_minimum_ties,100,100,1.0,1.0,1.0000000000000002,
reach-wall,fresh,donor_h3_B2,proprio,selected_minimum_ties,100,100,1.0,1.0,1.0000000000000002,
reach-wall,fresh,donor_h3_B2,proprio,reference_top10_cutoff_ties,100,100,1.0,1.0,1.0000000000000002,
reach-wall,fresh,donor_h3_B2,proprio,selected_top10_cutoff_ties,100,100,1.0,1.0,1.0000000000000002,
reach-wall,fresh,donor_h3_B2,visual,reference_spearman,100,100,0.7796005876848148,0.7739514770629884,0.7850794570425185,
reach-wall,fresh,donor_h3_B2,visual,reference_top10_overlap,100,100,4.48,4.25,4.710000000000001,
reach-wall,fresh,donor_h3_B2,visual,winner_changed,100,100,0.68,0.59,0.77,
reach-wall,fresh,donor_h3_B2,visual,selected_in_reference_minimum_set,100,100,0.32,0.23,0.41000000000000003,
reach-wall,fresh,donor_h3_B2,visual,excess_reference_cost,100,100,0.07405272483825684,0.05892772376537323,0.09027999752759931,
reach-wall,fresh,donor_h3_B2,visual,excess_reference_cost_percent,100,100,3.5394044449530035,2.7951625530589856,4.353236042753904,
reach-wall,fresh,donor_h3_B2,visual,reference_minimum_ties,100,100,1.0,1.0,1.0000000000000002,
reach-wall,fresh,donor_h3_B2,visual,selected_minimum_ties,100,100,1.0,1.0,1.0000000000000002,
reach-wall,fresh,donor_h3_B2,visual,reference_top10_cutoff_ties,100,100,1.0,1.0,1.0000000000000002,
reach-wall,fresh,donor_h3_B2,visual,selected_top10_cutoff_ties,100,100,1.0,1.0,1.0000000000000002,
reach-wall,fresh,donor_h3_B3,official,reference_spearman,100,100,0.7592484341853214,0.7532712960619861,0.7649770087376214,
reach-wall,fresh,donor_h3_B3,official,reference_top10_overlap,100,100,4.29,4.040000000000001,4.530000000000001,
reach-wall,fresh,donor_h3_B3,official,winner_changed,100,100,0.69,0.6,0.78,
reach-wall,fresh,donor_h3_B3,official,selected_in_reference_minimum_set,100,100,0.31,0.22000000000000003,0.4,
reach-wall,fresh,donor_h3_B3,official,excess_reference_cost,100,100,0.08258772134780884,0.06594287702441215,0.10008259305357932,
reach-wall,fresh,donor_h3_B3,official,excess_reference_cost_percent,100,100,3.919159995870797,3.108560722284862,4.780809299853298,
reach-wall,fresh,donor_h3_B3,official,reference_minimum_ties,100,100,1.0,1.0,1.0000000000000002,
reach-wall,fresh,donor_h3_B3,official,selected_minimum_ties,100,100,1.0,1.0,1.0000000000000002,
reach-wall,fresh,donor_h3_B3,official,reference_top10_cutoff_ties,100,100,1.0,1.0,1.0000000000000002,
reach-wall,fresh,donor_h3_B3,official,selected_top10_cutoff_ties,100,100,1.0,1.0,1.0000000000000002,
reach-wall,fresh,donor_h3_B3,proprio,reference_spearman,100,100,0.7681831975910843,0.7624811401237791,0.7738531682574251,
reach-wall,fresh,donor_h3_B3,proprio,reference_top10_overlap,100,100,4.21,3.9600000000000004,4.460000000000001,
reach-wall,fresh,donor_h3_B3,proprio,winner_changed,100,100,0.71,0.62,0.8,
reach-wall,fresh,donor_h3_B3,proprio,selected_in_reference_minimum_set,100,100,0.29,0.2,0.38,
reach-wall,fresh,donor_h3_B3,proprio,excess_reference_cost,100,100,0.03257323205471039,0.025930347749032082,0.03957674925122409,
reach-wall,fresh,donor_h3_B3,proprio,excess_reference_cost_percent,100,100,39.001334765578235,30.591565382956844,48.0043577098557,
reach-wall,fresh,donor_h3_B3,proprio,reference_minimum_ties,100,100,1.0,1.0,1.0000000000000002,
reach-wall,fresh,donor_h3_B3,proprio,selected_minimum_ties,100,100,1.0,1.0,1.0000000000000002,
reach-wall,fresh,donor_h3_B3,proprio,reference_top10_cutoff_ties,100,100,1.0,1.0,1.0000000000000002,
reach-wall,fresh,donor_h3_B3,proprio,selected_top10_cutoff_ties,100,100,1.0,1.0,1.0000000000000002,
reach-wall,fresh,donor_h3_B3,visual,reference_spearman,100,100,0.7572443282838617,0.7512685255684453,0.763037212949525,
reach-wall,fresh,donor_h3_B3,visual,reference_top10_overlap,100,100,4.28,4.020000000000001,4.530000000000001,
reach-wall,fresh,donor_h3_B3,visual,winner_changed,100,100,0.69,0.6,0.78,
reach-wall,fresh,donor_h3_B3,visual,selected_in_reference_minimum_set,100,100,0.31,0.22000000000000003,0.4,
reach-wall,fresh,donor_h3_B3,visual,excess_reference_cost,100,100,0.07948062181472779,0.06339473685622216,0.09662738618254661,
reach-wall,fresh,donor_h3_B3,visual,excess_reference_cost_percent,100,100,3.7984376814079184,3.0104236314580093,4.6396845383172165,
reach-wall,fresh,donor_h3_B3,visual,reference_minimum_ties,100,100,1.0,1.0,1.0000000000000002,
reach-wall,fresh,donor_h3_B3,visual,selected_minimum_ties,100,100,1.0,1.0,1.0000000000000002,
reach-wall,fresh,donor_h3_B3,visual,reference_top10_cutoff_ties,100,100,1.0,1.0,1.0000000000000002,
reach-wall,fresh,donor_h3_B3,visual,selected_top10_cutoff_ties,100,100,1.0,1.0,1.0000000000000002,
reach-wall,fresh,donor_h3_B4,official,reference_spearman,100,100,0.8021946871187475,0.796389376767665,0.8079451885031353,
reach-wall,fresh,donor_h3_B4,official,reference_top10_overlap,100,100,4.65,4.390000000000001,4.91,
reach-wall,fresh,donor_h3_B4,official,winner_changed,100,100,0.66,0.57,0.75,
reach-wall,fresh,donor_h3_B4,official,selected_in_reference_minimum_set,100,100,0.34,0.25,0.43000000000000005,
reach-wall,fresh,donor_h3_B4,official,excess_reference_cost,100,100,0.07142017364501953,0.05572058108448982,0.0883032707870006,
reach-wall,fresh,donor_h3_B4,official,excess_reference_cost_percent,100,100,3.4008138940419186,2.631757373244857,4.232156841268193,
reach-wall,fresh,donor_h3_B4,official,reference_minimum_ties,100,100,1.0,1.0,1.0000000000000002,
reach-wall,fresh,donor_h3_B4,official,selected_minimum_ties,100,100,1.0,1.0,1.0000000000000002,
reach-wall,fresh,donor_h3_B4,official,reference_top10_cutoff_ties,100,100,1.0,1.0,1.0000000000000002,
reach-wall,fresh,donor_h3_B4,official,selected_top10_cutoff_ties,100,100,1.0,1.0,1.0000000000000002,
reach-wall,fresh,donor_h3_B4,proprio,reference_spearman,100,100,0.8327772708585652,0.8281978135312614,0.8372959166212958,
reach-wall,fresh,donor_h3_B4,proprio,reference_top10_overlap,100,100,4.86,4.590000000000002,5.130000000000001,
reach-wall,fresh,donor_h3_B4,proprio,winner_changed,100,100,0.63,0.53,0.72,
reach-wall,fresh,donor_h3_B4,proprio,selected_in_reference_minimum_set,100,100,0.37,0.28,0.47,
reach-wall,fresh,donor_h3_B4,proprio,excess_reference_cost,100,100,0.022944657281041145,0.01730343699362129,0.029005280257202684,
reach-wall,fresh,donor_h3_B4,proprio,excess_reference_cost_percent,100,100,27.62110963570072,20.59247965695494,35.20266411674354,
reach-wall,fresh,donor_h3_B4,proprio,reference_minimum_ties,100,100,1.0,1.0,1.0000000000000002,
reach-wall,fresh,donor_h3_B4,proprio,selected_minimum_ties,100,100,1.0,1.0,1.0000000000000002,
reach-wall,fresh,donor_h3_B4,proprio,reference_top10_cutoff_ties,100,100,1.0,1.0,1.0000000000000002,
reach-wall,fresh,donor_h3_B4,proprio,selected_top10_cutoff_ties,100,100,1.0,1.0,1.0000000000000002,
reach-wall,fresh,donor_h3_B4,visual,reference_spearman,100,100,0.7989629934075011,0.7931042654504482,0.8047970412888533,
reach-wall,fresh,donor_h3_B4,visual,reference_top10_overlap,100,100,4.55,4.290000000000001,4.8100000000000005,
reach-wall,fresh,donor_h3_B4,visual,winner_changed,100,100,0.67,0.58,0.76,
reach-wall,fresh,donor_h3_B4,visual,selected_in_reference_minimum_set,100,100,0.33,0.24,0.42000000000000004,
reach-wall,fresh,donor_h3_B4,visual,excess_reference_cost,100,100,0.07111210465431213,0.05576427188515663,0.08765249964594837,
reach-wall,fresh,donor_h3_B4,visual,excess_reference_cost_percent,100,100,3.4002907662521107,2.6425540072886244,4.223626537762725,
reach-wall,fresh,donor_h3_B4,visual,reference_minimum_ties,100,100,1.0,1.0,1.0000000000000002,
reach-wall,fresh,donor_h3_B4,visual,selected_minimum_ties,100,100,1.0,1.0,1.0000000000000002,
reach-wall,fresh,donor_h3_B4,visual,reference_top10_cutoff_ties,100,100,1.0,1.0,1.0000000000000002,
reach-wall,fresh,donor_h3_B4,visual,selected_top10_cutoff_ties,100,100,1.0,1.0,1.0000000000000002,
reach-wall,fresh,donor_h3_B5,official,reference_spearman,100,100,0.7615066215536571,0.7555844225817752,0.7672420432156409,
reach-wall,fresh,donor_h3_B5,official,reference_top10_overlap,100,100,4.32,4.08,4.5600000000000005,
reach-wall,fresh,donor_h3_B5,official,winner_changed,100,100,0.69,0.6,0.78,
reach-wall,fresh,donor_h3_B5,official,selected_in_reference_minimum_set,100,100,0.31,0.22000000000000003,0.4,
reach-wall,fresh,donor_h3_B5,official,excess_reference_cost,100,100,0.07957582712173462,0.06318248668313027,0.09714304706454276,
reach-wall,fresh,donor_h3_B5,official,excess_reference_cost_percent,100,100,3.7791476838298195,2.9795225748538967,4.638570338979104,
reach-wall,fresh,donor_h3_B5,official,reference_minimum_ties,100,100,1.0,1.0,1.0000000000000002,
reach-wall,fresh,donor_h3_B5,official,selected_minimum_ties,100,100,1.0,1.0,1.0000000000000002,
reach-wall,fresh,donor_h3_B5,official,reference_top10_cutoff_ties,100,100,1.0,1.0,1.0000000000000002,
reach-wall,fresh,donor_h3_B5,official,selected_top10_cutoff_ties,100,100,1.0,1.0,1.0000000000000002,
reach-wall,fresh,donor_h3_B5,proprio,reference_spearman,100,100,0.7776570104065124,0.772132749448175,0.7831421094230846,
reach-wall,fresh,donor_h3_B5,proprio,reference_top10_overlap,100,100,4.24,3.980000000000001,4.5,
reach-wall,fresh,donor_h3_B5,proprio,winner_changed,100,100,0.69,0.6,0.78,
reach-wall,fresh,donor_h3_B5,proprio,selected_in_reference_minimum_set,100,100,0.31,0.22000000000000003,0.4,
reach-wall,fresh,donor_h3_B5,proprio,excess_reference_cost,100,100,0.031326905228197574,0.02472626457549632,0.038307282794266935,
reach-wall,fresh,donor_h3_B5,proprio,excess_reference_cost_percent,100,100,37.59397572432236,29.086659858645007,46.788554258629055,
reach-wall,fresh,donor_h3_B5,proprio,reference_minimum_ties,100,100,1.0,1.0,1.0000000000000002,
reach-wall,fresh,donor_h3_B5,proprio,selected_minimum_ties,100,100,1.0,1.0,1.0000000000000002,
reach-wall,fresh,donor_h3_B5,proprio,reference_top10_cutoff_ties,100,100,1.0,1.0,1.0000000000000002,
reach-wall,fresh,donor_h3_B5,proprio,selected_top10_cutoff_ties,100,100,1.0,1.0,1.0000000000000002,
reach-wall,fresh,donor_h3_B5,visual,reference_spearman,100,100,0.7592333880150166,0.7532934063267569,0.765028376861792,
reach-wall,fresh,donor_h3_B5,visual,reference_top10_overlap,100,100,4.31,4.0600000000000005,4.5600000000000005,
reach-wall,fresh,donor_h3_B5,visual,winner_changed,100,100,0.69,0.6,0.78,
reach-wall,fresh,donor_h3_B5,visual,selected_in_reference_minimum_set,100,100,0.31,0.22000000000000003,0.4,
reach-wall,fresh,donor_h3_B5,visual,excess_reference_cost,100,100,0.07940691947937012,0.06340814235806465,0.09641794261336326,
reach-wall,fresh,donor_h3_B5,visual,excess_reference_cost_percent,100,100,3.791727116083568,3.006193885526814,4.629908964636057,
reach-wall,fresh,donor_h3_B5,visual,reference_minimum_ties,100,100,1.0,1.0,1.0000000000000002,
reach-wall,fresh,donor_h3_B5,visual,selected_minimum_ties,100,100,1.0,1.0,1.0000000000000002,
reach-wall,fresh,donor_h3_B5,visual,reference_top10_cutoff_ties,100,100,1.0,1.0,1.0000000000000002,
reach-wall,fresh,donor_h3_B5,visual,selected_top10_cutoff_ties,100,100,1.0,1.0,1.0000000000000002,
reach-wall,fresh,donor_persistent_B0,official,reference_spearman,100,100,0.8050109740143485,0.799869610707446,0.80993107151221,
reach-wall,fresh,donor_persistent_B0,official,reference_top10_overlap,100,100,4.84,4.61,5.07,
reach-wall,fresh,donor_persistent_B0,official,winner_changed,100,100,0.68,0.59,0.77,
reach-wall,fresh,donor_persistent_B0,official,selected_in_reference_minimum_set,100,100,0.32,0.23,0.41000000000000003,
reach-wall,fresh,donor_persistent_B0,official,excess_reference_cost,100,100,0.07167158126831055,0.05673543825745583,0.08772293254733085,
reach-wall,fresh,donor_persistent_B0,official,excess_reference_cost_percent,100,100,3.4239082080289656,2.680622444428173,4.226205564814262,
reach-wall,fresh,donor_persistent_B0,official,reference_minimum_ties,100,100,1.0,1.0,1.0000000000000002,
reach-wall,fresh,donor_persistent_B0,official,selected_minimum_ties,100,100,1.0,1.0,1.0000000000000002,
reach-wall,fresh,donor_persistent_B0,official,reference_top10_cutoff_ties,100,100,1.0,1.0,1.0000000000000002,
reach-wall,fresh,donor_persistent_B0,official,selected_top10_cutoff_ties,100,100,1.0,1.0,1.0000000000000002,
reach-wall,fresh,donor_persistent_B0,proprio,reference_spearman,100,100,0.8124130721765411,0.8074804756719519,0.8172702445180412,
reach-wall,fresh,donor_persistent_B0,proprio,reference_top10_overlap,100,100,4.97,4.710000000000001,5.23,
reach-wall,fresh,donor_persistent_B0,proprio,winner_changed,100,100,0.61,0.51,0.7000000000000001,
reach-wall,fresh,donor_persistent_B0,proprio,selected_in_reference_minimum_set,100,100,0.39,0.3,0.49,
reach-wall,fresh,donor_persistent_B0,proprio,excess_reference_cost,100,100,0.02289582435041666,0.01741579221189022,0.028757396118715407,
reach-wall,fresh,donor_persistent_B0,proprio,excess_reference_cost_percent,100,100,26.980810004073415,20.4314169442898,34.102056772627606,
reach-wall,fresh,donor_persistent_B0,proprio,reference_minimum_ties,100,100,1.0,1.0,1.0000000000000002,
reach-wall,fresh,donor_persistent_B0,proprio,selected_minimum_ties,100,100,1.0,1.0,1.0000000000000002,
reach-wall,fresh,donor_persistent_B0,proprio,reference_top10_cutoff_ties,100,100,1.0,1.0,1.0000000000000002,
reach-wall,fresh,donor_persistent_B0,proprio,selected_top10_cutoff_ties,100,100,1.0,1.0,1.0000000000000002,
reach-wall,fresh,donor_persistent_B0,visual,reference_spearman,100,100,0.803574855270736,0.7984102268984204,0.808531342586902,
reach-wall,fresh,donor_persistent_B0,visual,reference_top10_overlap,100,100,4.82,4.580000000000001,5.0600000000000005,
reach-wall,fresh,donor_persistent_B0,visual,winner_changed,100,100,0.68,0.59,0.77,
reach-wall,fresh,donor_persistent_B0,visual,selected_in_reference_minimum_set,100,100,0.32,0.23,0.41000000000000003,
reach-wall,fresh,donor_persistent_B0,visual,excess_reference_cost,100,100,0.07092402935028076,0.05615634006261826,0.08674815380573271,
reach-wall,fresh,donor_persistent_B0,visual,excess_reference_cost_percent,100,100,3.4060549444059047,2.669593754911677,4.199530586316047,
reach-wall,fresh,donor_persistent_B0,visual,reference_minimum_ties,100,100,1.0,1.0,1.0000000000000002,
reach-wall,fresh,donor_persistent_B0,visual,selected_minimum_ties,100,100,1.0,1.0,1.0000000000000002,
reach-wall,fresh,donor_persistent_B0,visual,reference_top10_cutoff_ties,100,100,1.0,1.0,1.0000000000000002,
reach-wall,fresh,donor_persistent_B0,visual,selected_top10_cutoff_ties,100,100,1.0,1.0,1.0000000000000002,
reach-wall,fresh,donor_persistent_B1,official,reference_spearman,100,100,0.9482215623522887,0.9462551100461855,0.9500714677913487,
reach-wall,fresh,donor_persistent_B1,official,reference_top10_overlap,100,100,7.03,6.800000000000001,7.260000000000001,
reach-wall,fresh,donor_persistent_B1,official,winner_changed,100,100,0.39,0.3,0.49,
reach-wall,fresh,donor_persistent_B1,official,selected_in_reference_minimum_set,100,100,0.61,0.51,0.7000000000000001,
reach-wall,fresh,donor_persistent_B1,official,excess_reference_cost,100,100,0.026219944953918457,0.017100805968046192,0.03670042771100995,
reach-wall,fresh,donor_persistent_B1,official,excess_reference_cost_percent,100,100,1.2675528772029374,0.8002764766788064,1.8138562919152648,
reach-wall,fresh,donor_persistent_B1,official,reference_minimum_ties,100,100,1.0,1.0,1.0000000000000002,
reach-wall,fresh,donor_persistent_B1,official,selected_minimum_ties,100,100,1.0,1.0,1.0000000000000002,
reach-wall,fresh,donor_persistent_B1,official,reference_top10_cutoff_ties,100,100,1.0,1.0,1.0000000000000002,
reach-wall,fresh,donor_persistent_B1,official,selected_top10_cutoff_ties,100,100,1.0,1.0,1.0000000000000002,
reach-wall,fresh,donor_persistent_B1,proprio,reference_spearman,100,100,0.953109940054388,0.9515183031764909,0.9546239960175225,
reach-wall,fresh,donor_persistent_B1,proprio,reference_top10_overlap,100,100,7.08,6.8500000000000005,7.31,
reach-wall,fresh,donor_persistent_B1,proprio,winner_changed,100,100,0.37,0.27999999999999997,0.47,
reach-wall,fresh,donor_persistent_B1,proprio,selected_in_reference_minimum_set,100,100,0.63,0.53,0.7200000000000001,
reach-wall,fresh,donor_persistent_B1,proprio,excess_reference_cost,100,100,0.005927202329039574,0.003834033385850489,0.008244613158516587,
reach-wall,fresh,donor_persistent_B1,proprio,excess_reference_cost_percent,100,100,6.833495513879203,4.2871601882769745,9.696140235830969,
reach-wall,fresh,donor_persistent_B1,proprio,reference_minimum_ties,100,100,1.0,1.0,1.0000000000000002,
reach-wall,fresh,donor_persistent_B1,proprio,selected_minimum_ties,100,100,1.0,1.0,1.0000000000000002,
reach-wall,fresh,donor_persistent_B1,proprio,reference_top10_cutoff_ties,100,100,1.0,1.0,1.0000000000000002,
reach-wall,fresh,donor_persistent_B1,proprio,selected_top10_cutoff_ties,100,100,1.0,1.0,1.0000000000000002,
reach-wall,fresh,donor_persistent_B1,visual,reference_spearman,100,100,0.94721671091542,0.9451764977507854,0.9491299508902158,
reach-wall,fresh,donor_persistent_B1,visual,reference_top10_overlap,100,100,7.04,6.790000000000001,7.29,
reach-wall,fresh,donor_persistent_B1,visual,winner_changed,100,100,0.4,0.30000000000000004,0.5,
reach-wall,fresh,donor_persistent_B1,visual,selected_in_reference_minimum_set,100,100,0.6,0.5,0.7,
reach-wall,fresh,donor_persistent_B1,visual,excess_reference_cost,100,100,0.023758050203323364,0.014956945955753326,0.033843794405460356,
reach-wall,fresh,donor_persistent_B1,visual,excess_reference_cost_percent,100,100,1.165532606874233,0.7093837470543097,1.6970560458606334,
reach-wall,fresh,donor_persistent_B1,visual,reference_minimum_ties,100,100,1.0,1.0,1.0000000000000002,
reach-wall,fresh,donor_persistent_B1,visual,selected_minimum_ties,100,100,1.0,1.0,1.0000000000000002,
reach-wall,fresh,donor_persistent_B1,visual,reference_top10_cutoff_ties,100,100,1.0,1.0,1.0000000000000002,
reach-wall,fresh,donor_persistent_B1,visual,selected_top10_cutoff_ties,100,100,1.0,1.0,1.0000000000000002,
reach-wall,fresh,donor_persistent_B2,official,reference_spearman,100,100,0.8030564873839003,0.7978057754074007,0.8081152614747109,
reach-wall,fresh,donor_persistent_B2,official,reference_top10_overlap,100,100,4.62,4.380000000000001,4.86,
reach-wall,fresh,donor_persistent_B2,official,winner_changed,100,100,0.68,0.59,0.77,
reach-wall,fresh,donor_persistent_B2,official,selected_in_reference_minimum_set,100,100,0.32,0.23,0.41000000000000003,
reach-wall,fresh,donor_persistent_B2,official,excess_reference_cost,100,100,0.07372921466827392,0.058330496191978456,0.09016530594229695,
reach-wall,fresh,donor_persistent_B2,official,excess_reference_cost_percent,100,100,3.505125036366564,2.7473683493146974,4.320540887441886,
reach-wall,fresh,donor_persistent_B2,official,reference_minimum_ties,100,100,1.0,1.0,1.0000000000000002,
reach-wall,fresh,donor_persistent_B2,official,selected_minimum_ties,100,100,1.0,1.0,1.0000000000000002,
reach-wall,fresh,donor_persistent_B2,official,reference_top10_cutoff_ties,100,100,1.0,1.0,1.0000000000000002,
reach-wall,fresh,donor_persistent_B2,official,selected_top10_cutoff_ties,100,100,1.0,1.0,1.0000000000000002,
reach-wall,fresh,donor_persistent_B2,proprio,reference_spearman,100,100,0.8178460569536555,0.8131957507897595,0.8224416240155119,
reach-wall,fresh,donor_persistent_B2,proprio,reference_top10_overlap,100,100,4.85,4.590000000000001,5.110000000000001,
reach-wall,fresh,donor_persistent_B2,proprio,winner_changed,100,100,0.61,0.51,0.7000000000000001,
reach-wall,fresh,donor_persistent_B2,proprio,selected_in_reference_minimum_set,100,100,0.39,0.3,0.49,
reach-wall,fresh,donor_persistent_B2,proprio,excess_reference_cost,100,100,0.023186243660748004,0.01753155894484371,0.02932100186217575,
reach-wall,fresh,donor_persistent_B2,proprio,excess_reference_cost_percent,100,100,27.256607303334786,20.4310480567672,34.6209872239941,
reach-wall,fresh,donor_persistent_B2,proprio,reference_minimum_ties,100,100,1.0,1.0,1.0000000000000002,
reach-wall,fresh,donor_persistent_B2,proprio,selected_minimum_ties,100,100,1.0,1.0,1.0000000000000002,
reach-wall,fresh,donor_persistent_B2,proprio,reference_top10_cutoff_ties,100,100,1.0,1.0,1.0000000000000002,
reach-wall,fresh,donor_persistent_B2,proprio,selected_top10_cutoff_ties,100,100,1.0,1.0,1.0000000000000002,
reach-wall,fresh,donor_persistent_B2,visual,reference_spearman,100,100,0.8009144736949766,0.7956229016732348,0.8060674504883192,
reach-wall,fresh,donor_persistent_B2,visual,reference_top10_overlap,100,100,4.65,4.410000000000001,4.890000000000001,
reach-wall,fresh,donor_persistent_B2,visual,winner_changed,100,100,0.68,0.59,0.77,
reach-wall,fresh,donor_persistent_B2,visual,selected_in_reference_minimum_set,100,100,0.32,0.23,0.41000000000000003,
reach-wall,fresh,donor_persistent_B2,visual,excess_reference_cost,100,100,0.07150500297546386,0.056474097430706034,0.08755520427227018,
reach-wall,fresh,donor_persistent_B2,visual,excess_reference_cost_percent,100,100,3.4213998080692063,2.6792509365476893,4.225784466202676,
reach-wall,fresh,donor_persistent_B2,visual,reference_minimum_ties,100,100,1.0,1.0,1.0000000000000002,
reach-wall,fresh,donor_persistent_B2,visual,selected_minimum_ties,100,100,1.0,1.0,1.0000000000000002,
reach-wall,fresh,donor_persistent_B2,visual,reference_top10_cutoff_ties,100,100,1.0,1.0,1.0000000000000002,
reach-wall,fresh,donor_persistent_B2,visual,selected_top10_cutoff_ties,100,100,1.0,1.0,1.0000000000000002,
reach-wall,fresh,donor_persistent_B3,official,reference_spearman,100,100,0.7689584105545092,0.7630735348411687,0.7745868217583056,
reach-wall,fresh,donor_persistent_B3,official,reference_top10_overlap,100,100,4.38,4.15,4.610000000000001,
reach-wall,fresh,donor_persistent_B3,official,winner_changed,100,100,0.69,0.6,0.78,
reach-wall,fresh,donor_persistent_B3,official,selected_in_reference_minimum_set,100,100,0.31,0.22000000000000003,0.4,
reach-wall,fresh,donor_persistent_B3,official,excess_reference_cost,100,100,0.07949563264846801,0.06313978415727615,0.09700996160507197,
reach-wall,fresh,donor_persistent_B3,official,excess_reference_cost_percent,100,100,3.776385717158779,2.9747668030111063,4.635827523987694,
reach-wall,fresh,donor_persistent_B3,official,reference_minimum_ties,100,100,1.0,1.0,1.0000000000000002,
reach-wall,fresh,donor_persistent_B3,official,selected_minimum_ties,100,100,1.0,1.0,1.0000000000000002,
reach-wall,fresh,donor_persistent_B3,official,reference_top10_cutoff_ties,100,100,1.0,1.0,1.0000000000000002,
reach-wall,fresh,donor_persistent_B3,official,selected_top10_cutoff_ties,100,100,1.0,1.0,1.0000000000000002,
reach-wall,fresh,donor_persistent_B3,proprio,reference_spearman,100,100,0.7762905765619615,0.7707091427682531,0.7818245991622129,
reach-wall,fresh,donor_persistent_B3,proprio,reference_top10_overlap,100,100,4.32,4.060000000000001,4.57,
reach-wall,fresh,donor_persistent_B3,proprio,winner_changed,100,100,0.69,0.6,0.78,
reach-wall,fresh,donor_persistent_B3,proprio,selected_in_reference_minimum_set,100,100,0.31,0.22000000000000003,0.4,
reach-wall,fresh,donor_persistent_B3,proprio,excess_reference_cost,100,100,0.030975449942052365,0.024591246700845656,0.03768391790241001,
reach-wall,fresh,donor_persistent_B3,proprio,excess_reference_cost_percent,100,100,36.0412790475175,28.478773895451187,43.90696676215731,
reach-wall,fresh,donor_persistent_B3,proprio,reference_minimum_ties,100,100,1.0,1.0,1.0000000000000002,
reach-wall,fresh,donor_persistent_B3,proprio,selected_minimum_ties,100,100,1.0,1.0,1.0000000000000002,
reach-wall,fresh,donor_persistent_B3,proprio,reference_top10_cutoff_ties,100,100,1.0,1.0,1.0000000000000002,
reach-wall,fresh,donor_persistent_B3,proprio,selected_top10_cutoff_ties,100,100,1.0,1.0,1.0000000000000002,
reach-wall,fresh,donor_persistent_B3,visual,reference_spearman,100,100,0.7669400155348458,0.7610336737606868,0.7725965171213102,
reach-wall,fresh,donor_persistent_B3,visual,reference_top10_overlap,100,100,4.36,4.12,4.6000000000000005,
reach-wall,fresh,donor_persistent_B3,visual,winner_changed,100,100,0.69,0.6,0.78,
reach-wall,fresh,donor_persistent_B3,visual,selected_in_reference_minimum_set,100,100,0.31,0.22000000000000003,0.4,
reach-wall,fresh,donor_persistent_B3,visual,excess_reference_cost,100,100,0.07694613695144653,0.061639266192913045,0.09334215748310089,
reach-wall,fresh,donor_persistent_B3,visual,excess_reference_cost_percent,100,100,3.678352895476129,2.91630847078516,4.499205591846742,
reach-wall,fresh,donor_persistent_B3,visual,reference_minimum_ties,100,100,1.0,1.0,1.0000000000000002,
reach-wall,fresh,donor_persistent_B3,visual,selected_minimum_ties,100,100,1.0,1.0,1.0000000000000002,
reach-wall,fresh,donor_persistent_B3,visual,reference_top10_cutoff_ties,100,100,1.0,1.0,1.0000000000000002,
reach-wall,fresh,donor_persistent_B3,visual,selected_top10_cutoff_ties,100,100,1.0,1.0,1.0000000000000002,
reach-wall,fresh,donor_persistent_B4,official,reference_spearman,100,100,0.8040211324005191,0.7981995181702076,0.8097920940476347,
reach-wall,fresh,donor_persistent_B4,official,reference_top10_overlap,100,100,4.65,4.390000000000001,4.910000000000001,
reach-wall,fresh,donor_persistent_B4,official,winner_changed,100,100,0.66,0.57,0.75,
reach-wall,fresh,donor_persistent_B4,official,selected_in_reference_minimum_set,100,100,0.34,0.25,0.43000000000000005,
reach-wall,fresh,donor_persistent_B4,official,excess_reference_cost,100,100,0.07142017364501953,0.05572058108448982,0.0883032707870006,
reach-wall,fresh,donor_persistent_B4,official,excess_reference_cost_percent,100,100,3.4008138940419186,2.631757373244857,4.232156841268193,
reach-wall,fresh,donor_persistent_B4,official,reference_minimum_ties,100,100,1.0,1.0,1.0000000000000002,
reach-wall,fresh,donor_persistent_B4,official,selected_minimum_ties,100,100,1.0,1.0,1.0000000000000002,
reach-wall,fresh,donor_persistent_B4,official,reference_top10_cutoff_ties,100,100,1.0,1.0,1.0000000000000002,
reach-wall,fresh,donor_persistent_B4,official,selected_top10_cutoff_ties,100,100,1.0,1.0,1.0000000000000002,
reach-wall,fresh,donor_persistent_B4,proprio,reference_spearman,100,100,0.8355223991377682,0.8310047353859488,0.839991088678763,
reach-wall,fresh,donor_persistent_B4,proprio,reference_top10_overlap,100,100,4.89,4.630000000000001,5.150000000000001,
reach-wall,fresh,donor_persistent_B4,proprio,winner_changed,100,100,0.63,0.53,0.72,
reach-wall,fresh,donor_persistent_B4,proprio,selected_in_reference_minimum_set,100,100,0.37,0.28,0.47,
reach-wall,fresh,donor_persistent_B4,proprio,excess_reference_cost,100,100,0.02289417155086994,0.017281150284223258,0.028935914987698198,
reach-wall,fresh,donor_persistent_B4,proprio,excess_reference_cost_percent,100,100,27.54935512303475,20.54702773832462,35.0873947702296,
reach-wall,fresh,donor_persistent_B4,proprio,reference_minimum_ties,100,100,1.0,1.0,1.0000000000000002,
reach-wall,fresh,donor_persistent_B4,proprio,selected_minimum_ties,100,100,1.0,1.0,1.0000000000000002,
reach-wall,fresh,donor_persistent_B4,proprio,reference_top10_cutoff_ties,100,100,1.0,1.0,1.0000000000000002,
reach-wall,fresh,donor_persistent_B4,proprio,selected_top10_cutoff_ties,100,100,1.0,1.0,1.0000000000000002,
reach-wall,fresh,donor_persistent_B4,visual,reference_spearman,100,100,0.800776406384796,0.7948868641838137,0.8066005371747895,
reach-wall,fresh,donor_persistent_B4,visual,reference_top10_overlap,100,100,4.58,4.3100000000000005,4.8500000000000005,
reach-wall,fresh,donor_persistent_B4,visual,winner_changed,100,100,0.67,0.58,0.76,
reach-wall,fresh,donor_persistent_B4,visual,selected_in_reference_minimum_set,100,100,0.33,0.24,0.42000000000000004,
reach-wall,fresh,donor_persistent_B4,visual,excess_reference_cost,100,100,0.06967814326286316,0.054384206354618075,0.0861245102584362,
reach-wall,fresh,donor_persistent_B4,visual,excess_reference_cost_percent,100,100,3.3413984236950554,2.5856674472724737,4.163302146341727,
reach-wall,fresh,donor_persistent_B4,visual,reference_minimum_ties,100,100,1.0,1.0,1.0000000000000002,
reach-wall,fresh,donor_persistent_B4,visual,selected_minimum_ties,100,100,1.0,1.0,1.0000000000000002,
reach-wall,fresh,donor_persistent_B4,visual,reference_top10_cutoff_ties,100,100,1.0,1.0,1.0000000000000002,
reach-wall,fresh,donor_persistent_B4,visual,selected_top10_cutoff_ties,100,100,1.0,1.0,1.0000000000000002,
reach-wall,fresh,donor_persistent_B5,official,reference_spearman,100,100,0.7614475239224011,0.7555219711862623,0.7671865388968644,
reach-wall,fresh,donor_persistent_B5,official,reference_top10_overlap,100,100,4.32,4.08,4.5600000000000005,
reach-wall,fresh,donor_persistent_B5,official,winner_changed,100,100,0.69,0.6,0.78,
reach-wall,fresh,donor_persistent_B5,official,selected_in_reference_minimum_set,100,100,0.31,0.22000000000000003,0.4,
reach-wall,fresh,donor_persistent_B5,official,excess_reference_cost,100,100,0.07957582712173462,0.06318248668313027,0.09714304706454276,
reach-wall,fresh,donor_persistent_B5,official,excess_reference_cost_percent,100,100,3.7791476838298195,2.9795225748538967,4.638570338979104,
reach-wall,fresh,donor_persistent_B5,official,reference_minimum_ties,100,100,1.0,1.0,1.0000000000000002,
reach-wall,fresh,donor_persistent_B5,official,selected_minimum_ties,100,100,1.0,1.0,1.0000000000000002,
reach-wall,fresh,donor_persistent_B5,official,reference_top10_cutoff_ties,100,100,1.0,1.0,1.0000000000000002,
reach-wall,fresh,donor_persistent_B5,official,selected_top10_cutoff_ties,100,100,1.0,1.0,1.0000000000000002,
reach-wall,fresh,donor_persistent_B5,proprio,reference_spearman,100,100,0.7776081809414075,0.7720890894988823,0.7830883233874346,
reach-wall,fresh,donor_persistent_B5,proprio,reference_top10_overlap,100,100,4.25,3.9900000000000007,4.51,
reach-wall,fresh,donor_persistent_B5,proprio,winner_changed,100,100,0.69,0.6,0.78,
reach-wall,fresh,donor_persistent_B5,proprio,selected_in_reference_minimum_set,100,100,0.31,0.22000000000000003,0.4,
reach-wall,fresh,donor_persistent_B5,proprio,excess_reference_cost,100,100,0.031326905228197574,0.02472626457549632,0.038307282794266935,
reach-wall,fresh,donor_persistent_B5,proprio,excess_reference_cost_percent,100,100,37.59397572432236,29.086659858645007,46.788554258629055,
reach-wall,fresh,donor_persistent_B5,proprio,reference_minimum_ties,100,100,1.0,1.0,1.0000000000000002,
reach-wall,fresh,donor_persistent_B5,proprio,selected_minimum_ties,100,100,1.0,1.0,1.0000000000000002,
reach-wall,fresh,donor_persistent_B5,proprio,reference_top10_cutoff_ties,100,100,1.0,1.0,1.0000000000000002,
reach-wall,fresh,donor_persistent_B5,proprio,selected_top10_cutoff_ties,100,100,1.0,1.0,1.0000000000000002,
reach-wall,fresh,donor_persistent_B5,visual,reference_spearman,100,100,0.7591894330541694,0.7532403014192092,0.7649829374336634,
reach-wall,fresh,donor_persistent_B5,visual,reference_top10_overlap,100,100,4.31,4.0600000000000005,4.5600000000000005,
reach-wall,fresh,donor_persistent_B5,visual,winner_changed,100,100,0.69,0.6,0.78,
reach-wall,fresh,donor_persistent_B5,visual,selected_in_reference_minimum_set,100,100,0.31,0.22000000000000003,0.4,
reach-wall,fresh,donor_persistent_B5,visual,excess_reference_cost,100,100,0.07940691947937012,0.06340814235806465,0.09641794261336326,
reach-wall,fresh,donor_persistent_B5,visual,excess_reference_cost_percent,100,100,3.791727116083568,3.006193885526814,4.629908964636057,
reach-wall,fresh,donor_persistent_B5,visual,reference_minimum_ties,100,100,1.0,1.0,1.0000000000000002,
reach-wall,fresh,donor_persistent_B5,visual,selected_minimum_ties,100,100,1.0,1.0,1.0000000000000002,
reach-wall,fresh,donor_persistent_B5,visual,reference_top10_cutoff_ties,100,100,1.0,1.0,1.0000000000000002,
reach-wall,fresh,donor_persistent_B5,visual,selected_top10_cutoff_ties,100,100,1.0,1.0,1.0000000000000002,
reach-wall,fresh,native,official,reference_spearman,100,100,0.7578454083762509,0.7518675256951471,0.7636235738209698,
reach-wall,fresh,native,official,reference_top10_overlap,100,100,4.28,4.040000000000001,4.52,
reach-wall,fresh,native,official,winner_changed,100,100,0.69,0.6,0.78,
reach-wall,fresh,native,official,selected_in_reference_minimum_set,100,100,0.31,0.22000000000000003,0.4,
reach-wall,fresh,native,official,excess_reference_cost,100,100,0.08104978442192078,0.06447804120182991,0.09873520323634143,
reach-wall,fresh,native,official,excess_reference_cost_percent,100,100,3.8480849361222282,3.039744799474008,4.717920080508326,
reach-wall,fresh,native,official,reference_minimum_ties,100,100,1.0,1.0,1.0000000000000002,
reach-wall,fresh,native,official,selected_minimum_ties,100,100,1.0,1.0,1.0000000000000002,
reach-wall,fresh,native,official,reference_top10_cutoff_ties,100,100,1.0,1.0,1.0000000000000002,
reach-wall,fresh,native,official,selected_top10_cutoff_ties,100,100,1.0,1.0,1.0000000000000002,
reach-wall,fresh,native,proprio,reference_spearman,100,100,0.7742687558152138,0.7686666499052376,0.7798512181051906,
reach-wall,fresh,native,proprio,reference_top10_overlap,100,100,4.23,3.9700000000000015,4.480000000000001,
reach-wall,fresh,native,proprio,winner_changed,100,100,0.69,0.6,0.78,
reach-wall,fresh,native,proprio,selected_in_reference_minimum_set,100,100,0.31,0.22000000000000003,0.4,
reach-wall,fresh,native,proprio,excess_reference_cost,100,100,0.03186930861324072,0.025162875801324848,0.03889378403685986,
reach-wall,fresh,native,proprio,excess_reference_cost_percent,100,100,38.29391706589755,29.74650781872429,47.41475517588778,
reach-wall,fresh,native,proprio,reference_minimum_ties,100,100,1.0,1.0,1.0000000000000002,
reach-wall,fresh,native,proprio,selected_minimum_ties,100,100,1.0,1.0,1.0000000000000002,
reach-wall,fresh,native,proprio,reference_top10_cutoff_ties,100,100,1.0,1.0,1.0000000000000002,
reach-wall,fresh,native,proprio,selected_top10_cutoff_ties,100,100,1.0,1.0,1.0000000000000002,
reach-wall,fresh,native,visual,reference_spearman,100,100,0.7555670371216283,0.7495534960717706,0.7613977579202214,
reach-wall,fresh,native,visual,reference_top10_overlap,100,100,4.24,3.99,4.49,
reach-wall,fresh,native,visual,winner_changed,100,100,0.69,0.6,0.78,
reach-wall,fresh,native,visual,selected_in_reference_minimum_set,100,100,0.31,0.22000000000000003,0.4,
reach-wall,fresh,native,visual,excess_reference_cost,100,100,0.08064181327819825,0.06452850851416587,0.09766869032382962,
reach-wall,fresh,native,visual,excess_reference_cost_percent,100,100,3.8470199647532994,3.057888476932996,4.6877822681282,
reach-wall,fresh,native,visual,reference_minimum_ties,100,100,1.0,1.0,1.0000000000000002,
reach-wall,fresh,native,visual,selected_minimum_ties,100,100,1.0,1.0,1.0000000000000002,
reach-wall,fresh,native,visual,reference_top10_cutoff_ties,100,100,1.0,1.0,1.0000000000000002,
reach-wall,fresh,native,visual,selected_top10_cutoff_ties,100,100,1.0,1.0,1.0000000000000002,
reach-wall,fresh,random_isotropic_B0,official,reference_spearman,100,100,0.7570245340174095,0.7510231836965581,0.762778084889841,
reach-wall,fresh,random_isotropic_B0,official,reference_top10_overlap,100,100,4.25,4.010000000000001,4.49,
reach-wall,fresh,random_isotropic_B0,official,winner_changed,100,100,0.69,0.6,0.78,
reach-wall,fresh,random_isotropic_B0,official,selected_in_reference_minimum_set,100,100,0.31,0.22000000000000003,0.4,
reach-wall,fresh,random_isotropic_B0,official,excess_reference_cost,100,100,0.08266791582107544,0.06605357185006142,0.10017247059941288,
reach-wall,fresh,random_isotropic_B0,official,excess_reference_cost_percent,100,100,3.921921962541837,3.110442110096105,4.782204879926424,
reach-wall,fresh,random_isotropic_B0,official,reference_minimum_ties,100,100,1.0,1.0,1.0000000000000002,
reach-wall,fresh,random_isotropic_B0,official,selected_minimum_ties,100,100,1.0,1.0,1.0000000000000002,
reach-wall,fresh,random_isotropic_B0,official,reference_top10_cutoff_ties,100,100,1.0,1.0,1.0000000000000002,
reach-wall,fresh,random_isotropic_B0,official,selected_top10_cutoff_ties,100,100,1.0,1.0,1.0000000000000002,
reach-wall,fresh,random_isotropic_B0,proprio,reference_spearman,100,100,0.7736307309554463,0.7680108348593704,0.7791970083607406,
reach-wall,fresh,random_isotropic_B0,proprio,reference_top10_overlap,100,100,4.2,3.95,4.460000000000001,
reach-wall,fresh,random_isotropic_B0,proprio,winner_changed,100,100,0.71,0.62,0.8,
reach-wall,fresh,random_isotropic_B0,proprio,selected_in_reference_minimum_set,100,100,0.29,0.2,0.38,
reach-wall,fresh,random_isotropic_B0,proprio,excess_reference_cost,100,100,0.032807625234127044,0.02600519905891269,0.0400282445512712,
reach-wall,fresh,random_isotropic_B0,proprio,excess_reference_cost_percent,100,100,39.223023401927975,30.592806803007466,48.468899812321375,
reach-wall,fresh,random_isotropic_B0,proprio,reference_minimum_ties,100,100,1.0,1.0,1.0000000000000002,
reach-wall,fresh,random_isotropic_B0,proprio,selected_minimum_ties,100,100,1.0,1.0,1.0000000000000002,
reach-wall,fresh,random_isotropic_B0,proprio,reference_top10_cutoff_ties,100,100,1.0,1.0,1.0000000000000002,
reach-wall,fresh,random_isotropic_B0,proprio,selected_top10_cutoff_ties,100,100,1.0,1.0,1.0000000000000002,
reach-wall,fresh,random_isotropic_B0,visual,reference_spearman,100,100,0.7547020308539885,0.7486987380003021,0.760487360328372,
reach-wall,fresh,random_isotropic_B0,visual,reference_top10_overlap,100,100,4.23,3.9800000000000004,4.48,
reach-wall,fresh,random_isotropic_B0,visual,winner_changed,100,100,0.69,0.6,0.78,
reach-wall,fresh,random_isotropic_B0,visual,selected_in_reference_minimum_set,100,100,0.31,0.22000000000000003,0.4,
reach-wall,fresh,random_isotropic_B0,visual,excess_reference_cost,100,100,0.08064181327819825,0.06452850851416587,0.09766869032382962,
reach-wall,fresh,random_isotropic_B0,visual,excess_reference_cost_percent,100,100,3.8470199647532994,3.057888476932996,4.6877822681282,
reach-wall,fresh,random_isotropic_B0,visual,reference_minimum_ties,100,100,1.0,1.0,1.0000000000000002,
reach-wall,fresh,random_isotropic_B0,visual,selected_minimum_ties,100,100,1.0,1.0,1.0000000000000002,
reach-wall,fresh,random_isotropic_B0,visual,reference_top10_cutoff_ties,100,100,1.0,1.0,1.0000000000000002,
reach-wall,fresh,random_isotropic_B0,visual,selected_top10_cutoff_ties,100,100,1.0,1.0,1.0000000000000002,
reach-wall,fresh,random_isotropic_B1,official,reference_spearman,100,100,0.7572300548730334,0.7512272242852982,0.7629981154025941,
reach-wall,fresh,random_isotropic_B1,official,reference_top10_overlap,100,100,4.26,4.020000000000001,4.5,
reach-wall,fresh,random_isotropic_B1,official,winner_changed,100,100,0.69,0.6,0.78,
reach-wall,fresh,random_isotropic_B1,official,selected_in_reference_minimum_set,100,100,0.31,0.22000000000000003,0.4,
reach-wall,fresh,random_isotropic_B1,official,excess_reference_cost,100,100,0.08222726106643677,0.06562351861596108,0.09987149536609648,
reach-wall,fresh,random_isotropic_B1,official,excess_reference_cost_percent,100,100,3.9014560566494048,3.092676598230833,4.765503695823657,
reach-wall,fresh,random_isotropic_B1,official,reference_minimum_ties,100,100,1.0,1.0,1.0000000000000002,
reach-wall,fresh,random_isotropic_B1,official,selected_minimum_ties,100,100,1.0,1.0,1.0000000000000002,
reach-wall,fresh,random_isotropic_B1,official,reference_top10_cutoff_ties,100,100,1.0,1.0,1.0000000000000002,
reach-wall,fresh,random_isotropic_B1,official,selected_top10_cutoff_ties,100,100,1.0,1.0,1.0000000000000002,
reach-wall,fresh,random_isotropic_B1,proprio,reference_spearman,100,100,0.7736463249591662,0.7680624601384461,0.7791807497861089,
reach-wall,fresh,random_isotropic_B1,proprio,reference_top10_overlap,100,100,4.18,3.9300000000000006,4.430000000000001,
reach-wall,fresh,random_isotropic_B1,proprio,winner_changed,100,100,0.7,0.61,0.79,
reach-wall,fresh,random_isotropic_B1,proprio,selected_in_reference_minimum_set,100,100,0.3,0.21000000000000002,0.39,
reach-wall,fresh,random_isotropic_B1,proprio,excess_reference_cost,100,100,0.032081647962331775,0.025409361115656795,0.039088518962264056,
reach-wall,fresh,random_isotropic_B1,proprio,excess_reference_cost_percent,100,100,38.668846461686,30.08947768916398,47.8086343435785,
reach-wall,fresh,random_isotropic_B1,proprio,reference_minimum_ties,100,100,1.0,1.0,1.0000000000000002,
reach-wall,fresh,random_isotropic_B1,proprio,selected_minimum_ties,100,100,1.0,1.0,1.0000000000000002,
reach-wall,fresh,random_isotropic_B1,proprio,reference_top10_cutoff_ties,100,100,1.0,1.0,1.0000000000000002,
reach-wall,fresh,random_isotropic_B1,proprio,selected_top10_cutoff_ties,100,100,1.0,1.0,1.0000000000000002,
reach-wall,fresh,random_isotropic_B1,visual,reference_spearman,100,100,0.7549548920263968,0.7489320077254108,0.760790670827216,
reach-wall,fresh,random_isotropic_B1,visual,reference_top10_overlap,100,100,4.24,3.9900000000000007,4.49,
reach-wall,fresh,random_isotropic_B1,visual,winner_changed,100,100,0.69,0.6,0.78,
reach-wall,fresh,random_isotropic_B1,visual,selected_in_reference_minimum_set,100,100,0.31,0.22000000000000003,0.4,
reach-wall,fresh,random_isotropic_B1,visual,excess_reference_cost,100,100,0.08059501886367798,0.06442982172966003,0.09778758177161215,
reach-wall,fresh,random_isotropic_B1,visual,excess_reference_cost_percent,100,100,3.8428505476320134,3.0492616820164598,4.685822023120531,
reach-wall,fresh,random_isotropic_B1,visual,reference_minimum_ties,100,100,1.0,1.0,1.0000000000000002,
reach-wall,fresh,random_isotropic_B1,visual,selected_minimum_ties,100,100,1.0,1.0,1.0000000000000002,
reach-wall,fresh,random_isotropic_B1,visual,reference_top10_cutoff_ties,100,100,1.0,1.0,1.0000000000000002,
reach-wall,fresh,random_isotropic_B1,visual,selected_top10_cutoff_ties,100,100,1.0,1.0,1.0000000000000002,
reach-wall,fresh,random_isotropic_B2,official,reference_spearman,100,100,0.7573350199661902,0.7514166734453115,0.763083331947005,
reach-wall,fresh,random_isotropic_B2,official,reference_top10_overlap,100,100,4.26,4.0200000000000005,4.5,
reach-wall,fresh,random_isotropic_B2,official,winner_changed,100,100,0.69,0.6,0.78,
reach-wall,fresh,random_isotropic_B2,official,selected_in_reference_minimum_set,100,100,0.31,0.22000000000000003,0.4,
reach-wall,fresh,random_isotropic_B2,official,excess_reference_cost,100,100,0.08113088011741638,0.06452382227778435,0.0988866699039936,
reach-wall,fresh,random_isotropic_B2,official,excess_reference_cost_percent,100,100,3.8517131735246255,3.0429457679705814,4.7224395440100775,
reach-wall,fresh,random_isotropic_B2,official,reference_minimum_ties,100,100,1.0,1.0,1.0000000000000002,
reach-wall,fresh,random_isotropic_B2,official,selected_minimum_ties,100,100,1.0,1.0,1.0000000000000002,
reach-wall,fresh,random_isotropic_B2,official,reference_top10_cutoff_ties,100,100,1.0,1.0,1.0000000000000002,
reach-wall,fresh,random_isotropic_B2,official,selected_top10_cutoff_ties,100,100,1.0,1.0,1.0000000000000002,
reach-wall,fresh,random_isotropic_B2,proprio,reference_spearman,100,100,0.7738730430338115,0.7682914233491482,0.7794149272769697,
reach-wall,fresh,random_isotropic_B2,proprio,reference_top10_overlap,100,100,4.27,4.010000000000002,4.53,
reach-wall,fresh,random_isotropic_B2,proprio,winner_changed,100,100,0.68,0.59,0.77,
reach-wall,fresh,random_isotropic_B2,proprio,selected_in_reference_minimum_set,100,100,0.32,0.23,0.41000000000000003,
reach-wall,fresh,random_isotropic_B2,proprio,excess_reference_cost,100,100,0.031111264266073704,0.024458441556431357,0.03810250512696802,
reach-wall,fresh,random_isotropic_B2,proprio,excess_reference_cost_percent,100,100,37.2412704443737,28.812210254983533,46.3797777874384,
reach-wall,fresh,random_isotropic_B2,proprio,reference_minimum_ties,100,100,1.0,1.0,1.0000000000000002,
reach-wall,fresh,random_isotropic_B2,proprio,selected_minimum_ties,100,100,1.0,1.0,1.0000000000000002,
reach-wall,fresh,random_isotropic_B2,proprio,reference_top10_cutoff_ties,100,100,1.0,1.0,1.0000000000000002,
reach-wall,fresh,random_isotropic_B2,proprio,selected_top10_cutoff_ties,100,100,1.0,1.0,1.0000000000000002,
reach-wall,fresh,random_isotropic_B2,visual,reference_spearman,100,100,0.7551160580817458,0.7491777381681167,0.7608907153814983,
reach-wall,fresh,random_isotropic_B2,visual,reference_top10_overlap,100,100,4.21,3.9700000000000006,4.460000000000001,
reach-wall,fresh,random_isotropic_B2,visual,winner_changed,100,100,0.69,0.6,0.78,
reach-wall,fresh,random_isotropic_B2,visual,selected_in_reference_minimum_set,100,100,0.31,0.22000000000000003,0.4,
reach-wall,fresh,random_isotropic_B2,visual,excess_reference_cost,100,100,0.08184914112091064,0.06574647423624992,0.09899786156415939,
reach-wall,fresh,random_isotropic_B2,visual,excess_reference_cost_percent,100,100,3.9015244867932894,3.10727003717212,4.749474507236564,
reach-wall,fresh,random_isotropic_B2,visual,reference_minimum_ties,100,100,1.0,1.0,1.0000000000000002,
reach-wall,fresh,random_isotropic_B2,visual,selected_minimum_ties,100,100,1.0,1.0,1.0000000000000002,
reach-wall,fresh,random_isotropic_B2,visual,reference_top10_cutoff_ties,100,100,1.0,1.0,1.0000000000000002,
reach-wall,fresh,random_isotropic_B2,visual,selected_top10_cutoff_ties,100,100,1.0,1.0,1.0000000000000002,
reach-wall,fresh,random_isotropic_B3,official,reference_spearman,100,100,0.7577460241822296,0.7517597818162912,0.7635224081023151,
reach-wall,fresh,random_isotropic_B3,official,reference_top10_overlap,100,100,4.24,4.0,4.48,
reach-wall,fresh,random_isotropic_B3,official,winner_changed,100,100,0.7,0.61,0.79,
reach-wall,fresh,random_isotropic_B3,official,selected_in_reference_minimum_set,100,100,0.3,0.21000000000000002,0.39,
reach-wall,fresh,random_isotropic_B3,official,excess_reference_cost,100,100,0.08426774501800537,0.06775575318932535,0.1018083706498146,
reach-wall,fresh,random_isotropic_B3,official,excess_reference_cost_percent,100,100,3.986938273728175,3.1838179830502713,4.8383540015280575,
reach-wall,fresh,random_isotropic_B3,official,reference_minimum_ties,100,100,1.0,1.0,1.0000000000000002,
reach-wall,fresh,random_isotropic_B3,official,selected_minimum_ties,100,100,1.0,1.0,1.0000000000000002,
reach-wall,fresh,random_isotropic_B3,official,reference_top10_cutoff_ties,100,100,1.0,1.0,1.0000000000000002,
reach-wall,fresh,random_isotropic_B3,official,selected_top10_cutoff_ties,100,100,1.0,1.0,1.0000000000000002,
reach-wall,fresh,random_isotropic_B3,proprio,reference_spearman,100,100,0.7736869476327513,0.7680367230747008,0.7793113233480372,
reach-wall,fresh,random_isotropic_B3,proprio,reference_top10_overlap,100,100,4.19,3.9400000000000004,4.45,
reach-wall,fresh,random_isotropic_B3,proprio,winner_changed,100,100,0.7,0.61,0.79,
reach-wall,fresh,random_isotropic_B3,proprio,selected_in_reference_minimum_set,100,100,0.3,0.21000000000000002,0.39,
reach-wall,fresh,random_isotropic_B3,proprio,excess_reference_cost,100,100,0.03256056878715754,0.025854178905487066,0.03954682450462132,
reach-wall,fresh,random_isotropic_B3,proprio,excess_reference_cost_percent,100,100,38.977404327333794,30.410680836264802,48.09556271865633,
reach-wall,fresh,random_isotropic_B3,proprio,reference_minimum_ties,100,100,1.0,1.0,1.0000000000000002,
reach-wall,fresh,random_isotropic_B3,proprio,selected_minimum_ties,100,100,1.0,1.0,1.0000000000000002,
reach-wall,fresh,random_isotropic_B3,proprio,reference_top10_cutoff_ties,100,100,1.0,1.0,1.0000000000000002,
reach-wall,fresh,random_isotropic_B3,proprio,selected_top10_cutoff_ties,100,100,1.0,1.0,1.0000000000000002,
reach-wall,fresh,random_isotropic_B3,visual,reference_spearman,100,100,0.7554056392515923,0.749375705380769,0.7612369331733728,
reach-wall,fresh,random_isotropic_B3,visual,reference_top10_overlap,100,100,4.17,3.920000000000001,4.420000000000001,
reach-wall,fresh,random_isotropic_B3,visual,winner_changed,100,100,0.7,0.61,0.79,
reach-wall,fresh,random_isotropic_B3,visual,selected_in_reference_minimum_set,100,100,0.3,0.21000000000000002,0.39,
reach-wall,fresh,random_isotropic_B3,visual,excess_reference_cost,100,100,0.08007564783096313,0.06471259048581124,0.09641148737072944,
reach-wall,fresh,random_isotropic_B3,visual,excess_reference_cost_percent,100,100,3.808062635264361,3.054004600178398,4.609408363088473,
reach-wall,fresh,random_isotropic_B3,visual,reference_minimum_ties,100,100,1.0,1.0,1.0000000000000002,
reach-wall,fresh,random_isotropic_B3,visual,selected_minimum_ties,100,100,1.0,1.0,1.0000000000000002,
reach-wall,fresh,random_isotropic_B3,visual,reference_top10_cutoff_ties,100,100,1.0,1.0,1.0000000000000002,
reach-wall,fresh,random_isotropic_B3,visual,selected_top10_cutoff_ties,100,100,1.0,1.0,1.0000000000000002,
reach-wall,fresh,random_isotropic_B4,official,reference_spearman,100,100,0.7573770345695469,0.75149498237329,0.7630829730258301,
reach-wall,fresh,random_isotropic_B4,official,reference_top10_overlap,100,100,4.18,3.9400000000000004,4.43,
reach-wall,fresh,random_isotropic_B4,official,winner_changed,100,100,0.69,0.6,0.78,
reach-wall,fresh,random_isotropic_B4,official,selected_in_reference_minimum_set,100,100,0.31,0.22000000000000003,0.4,
reach-wall,fresh,random_isotropic_B4,official,excess_reference_cost,100,100,0.0813679313659668,0.06486064368486405,0.09904939150810241,
reach-wall,fresh,random_isotropic_B4,official,excess_reference_cost_percent,100,100,3.8594730166334186,3.053251656012425,4.729184547606284,
reach-wall,fresh,random_isotropic_B4,official,reference_minimum_ties,100,100,1.0,1.0,1.0000000000000002,
reach-wall,fresh,random_isotropic_B4,official,selected_minimum_ties,100,100,1.0,1.0,1.0000000000000002,
reach-wall,fresh,random_isotropic_B4,official,reference_top10_cutoff_ties,100,100,1.0,1.0,1.0000000000000002,
reach-wall,fresh,random_isotropic_B4,official,selected_top10_cutoff_ties,100,100,1.0,1.0,1.0000000000000002,
reach-wall,fresh,random_isotropic_B4,proprio,reference_spearman,100,100,0.7728075645284948,0.7673168699652219,0.7782907903421149,
reach-wall,fresh,random_isotropic_B4,proprio,reference_top10_overlap,100,100,4.23,3.970000000000001,4.49,
reach-wall,fresh,random_isotropic_B4,proprio,winner_changed,100,100,0.69,0.6,0.78,
reach-wall,fresh,random_isotropic_B4,proprio,selected_in_reference_minimum_set,100,100,0.31,0.22000000000000003,0.4,
reach-wall,fresh,random_isotropic_B4,proprio,excess_reference_cost,100,100,0.030846989415585994,0.02428734429366887,0.037842105871066435,
reach-wall,fresh,random_isotropic_B4,proprio,excess_reference_cost_percent,100,100,36.61457795795725,28.38655693828365,45.627539889898294,
reach-wall,fresh,random_isotropic_B4,proprio,reference_minimum_ties,100,100,1.0,1.0,1.0000000000000002,
reach-wall,fresh,random_isotropic_B4,proprio,selected_minimum_ties,100,100,1.0,1.0,1.0000000000000002,
reach-wall,fresh,random_isotropic_B4,proprio,reference_top10_cutoff_ties,100,100,1.0,1.0,1.0000000000000002,
reach-wall,fresh,random_isotropic_B4,proprio,selected_top10_cutoff_ties,100,100,1.0,1.0,1.0000000000000002,
reach-wall,fresh,random_isotropic_B4,visual,reference_spearman,100,100,0.7550320283071577,0.7491012959004266,0.7608240934487674,
reach-wall,fresh,random_isotropic_B4,visual,reference_top10_overlap,100,100,4.17,3.920000000000001,4.420000000000001,
reach-wall,fresh,random_isotropic_B4,visual,winner_changed,100,100,0.7,0.61,0.79,
reach-wall,fresh,random_isotropic_B4,visual,selected_in_reference_minimum_set,100,100,0.3,0.21000000000000002,0.39,
reach-wall,fresh,random_isotropic_B4,visual,excess_reference_cost,100,100,0.08097815752029419,0.06445112720131875,0.09861291876435276,
reach-wall,fresh,random_isotropic_B4,visual,excess_reference_cost_percent,100,100,3.8593362358661096,3.0509525319579054,4.721198654964358,
reach-wall,fresh,random_isotropic_B4,visual,reference_minimum_ties,100,100,1.0,1.0,1.0000000000000002,
reach-wall,fresh,random_isotropic_B4,visual,selected_minimum_ties,100,100,1.0,1.0,1.0000000000000002,
reach-wall,fresh,random_isotropic_B4,visual,reference_top10_cutoff_ties,100,100,1.0,1.0,1.0000000000000002,
reach-wall,fresh,random_isotropic_B4,visual,selected_top10_cutoff_ties,100,100,1.0,1.0,1.0000000000000002,
reach-wall,fresh,random_isotropic_B5,official,reference_spearman,100,100,0.7575580468541709,0.7515324816327537,0.7633776410651266,
reach-wall,fresh,random_isotropic_B5,official,reference_top10_overlap,100,100,4.26,4.03,4.5,
reach-wall,fresh,random_isotropic_B5,official,winner_changed,100,100,0.69,0.6,0.78,
reach-wall,fresh,random_isotropic_B5,official,selected_in_reference_minimum_set,100,100,0.31,0.22000000000000003,0.4,
reach-wall,fresh,random_isotropic_B5,official,excess_reference_cost,100,100,0.08096466660499572,0.0643629670739174,0.09870674523711201,
reach-wall,fresh,random_isotropic_B5,official,excess_reference_cost_percent,100,100,3.8446190178425352,3.033971826040259,4.715931225786455,
reach-wall,fresh,random_isotropic_B5,official,reference_minimum_ties,100,100,1.0,1.0,1.0000000000000002,
reach-wall,fresh,random_isotropic_B5,official,selected_minimum_ties,100,100,1.0,1.0,1.0000000000000002,
reach-wall,fresh,random_isotropic_B5,official,reference_top10_cutoff_ties,100,100,1.0,1.0,1.0000000000000002,
reach-wall,fresh,random_isotropic_B5,official,selected_top10_cutoff_ties,100,100,1.0,1.0,1.0000000000000002,
reach-wall,fresh,random_isotropic_B5,proprio,reference_spearman,100,100,0.7739477100193404,0.7683343086263051,0.7795129104320885,
reach-wall,fresh,random_isotropic_B5,proprio,reference_top10_overlap,100,100,4.22,3.97,4.48,
reach-wall,fresh,random_isotropic_B5,proprio,winner_changed,100,100,0.7,0.61,0.79,
reach-wall,fresh,random_isotropic_B5,proprio,selected_in_reference_minimum_set,100,100,0.3,0.21000000000000002,0.39,
reach-wall,fresh,random_isotropic_B5,proprio,excess_reference_cost,100,100,0.032081647962331775,0.025409361115656795,0.039088518962264056,
reach-wall,fresh,random_isotropic_B5,proprio,excess_reference_cost_percent,100,100,38.668846461686,30.08947768916398,47.8086343435785,
reach-wall,fresh,random_isotropic_B5,proprio,reference_minimum_ties,100,100,1.0,1.0,1.0000000000000002,
reach-wall,fresh,random_isotropic_B5,proprio,selected_minimum_ties,100,100,1.0,1.0,1.0000000000000002,
reach-wall,fresh,random_isotropic_B5,proprio,reference_top10_cutoff_ties,100,100,1.0,1.0,1.0000000000000002,
reach-wall,fresh,random_isotropic_B5,proprio,selected_top10_cutoff_ties,100,100,1.0,1.0,1.0000000000000002,
reach-wall,fresh,random_isotropic_B5,visual,reference_spearman,100,100,0.7553700874196286,0.7493033594450365,0.7612741566647425,
reach-wall,fresh,random_isotropic_B5,visual,reference_top10_overlap,100,100,4.26,4.010000000000001,4.500000000000001,
reach-wall,fresh,random_isotropic_B5,visual,winner_changed,100,100,0.69,0.6,0.78,
reach-wall,fresh,random_isotropic_B5,visual,selected_in_reference_minimum_set,100,100,0.31,0.22000000000000003,0.4,
reach-wall,fresh,random_isotropic_B5,visual,excess_reference_cost,100,100,0.07926735520362854,0.06315713045001031,0.09654570701718332,
reach-wall,fresh,random_isotropic_B5,visual,excess_reference_cost_percent,100,100,3.7843956628868924,2.9945038346297133,4.6432438745272515,
reach-wall,fresh,random_isotropic_B5,visual,reference_minimum_ties,100,100,1.0,1.0,1.0000000000000002,
reach-wall,fresh,random_isotropic_B5,visual,selected_minimum_ties,100,100,1.0,1.0,1.0000000000000002,
reach-wall,fresh,random_isotropic_B5,visual,reference_top10_cutoff_ties,100,100,1.0,1.0,1.0000000000000002,
reach-wall,fresh,random_isotropic_B5,visual,selected_top10_cutoff_ties,100,100,1.0,1.0,1.0000000000000002,
reach-wall,fresh,random_off_range_B0,official,reference_spearman,100,100,0.757134619872884,0.7511293930619627,0.7629065837035705,
reach-wall,fresh,random_off_range_B0,official,reference_top10_overlap,100,100,4.26,4.010000000000001,4.500000000000001,
reach-wall,fresh,random_off_range_B0,official,winner_changed,100,100,0.69,0.6,0.78,
reach-wall,fresh,random_off_range_B0,official,selected_in_reference_minimum_set,100,100,0.31,0.22000000000000003,0.4,
reach-wall,fresh,random_off_range_B0,official,excess_reference_cost,100,100,0.08266791582107544,0.06605357185006142,0.10017247059941288,
reach-wall,fresh,random_off_range_B0,official,excess_reference_cost_percent,100,100,3.921921962541837,3.110442110096105,4.782204879926424,
reach-wall,fresh,random_off_range_B0,official,reference_minimum_ties,100,100,1.0,1.0,1.0000000000000002,
reach-wall,fresh,random_off_range_B0,official,selected_minimum_ties,100,100,1.0,1.0,1.0000000000000002,
reach-wall,fresh,random_off_range_B0,official,reference_top10_cutoff_ties,100,100,1.0,1.0,1.0000000000000002,
reach-wall,fresh,random_off_range_B0,official,selected_top10_cutoff_ties,100,100,1.0,1.0,1.0000000000000002,
reach-wall,fresh,random_off_range_B0,proprio,reference_spearman,100,100,0.7736320536894854,0.7680131585906509,0.7792304833387037,
reach-wall,fresh,random_off_range_B0,proprio,reference_top10_overlap,100,100,4.17,3.920000000000001,4.420000000000001,
reach-wall,fresh,random_off_range_B0,proprio,winner_changed,100,100,0.7,0.61,0.79,
reach-wall,fresh,random_off_range_B0,proprio,selected_in_reference_minimum_set,100,100,0.3,0.21000000000000002,0.39,
reach-wall,fresh,random_off_range_B0,proprio,excess_reference_cost,100,100,0.03153924457728863,0.024938273835927244,0.03850941166561096,
reach-wall,fresh,random_off_range_B0,proprio,excess_reference_cost_percent,100,100,37.96890512011081,29.49351920420743,47.10401499262924,
reach-wall,fresh,random_off_range_B0,proprio,reference_minimum_ties,100,100,1.0,1.0,1.0000000000000002,
reach-wall,fresh,random_off_range_B0,proprio,selected_minimum_ties,100,100,1.0,1.0,1.0000000000000002,
reach-wall,fresh,random_off_range_B0,proprio,reference_top10_cutoff_ties,100,100,1.0,1.0,1.0000000000000002,
reach-wall,fresh,random_off_range_B0,proprio,selected_top10_cutoff_ties,100,100,1.0,1.0,1.0000000000000002,
reach-wall,fresh,random_off_range_B0,visual,reference_spearman,100,100,0.7547887351634769,0.748764242355062,0.760600381280728,
reach-wall,fresh,random_off_range_B0,visual,reference_top10_overlap,100,100,4.22,3.97,4.470000000000001,
reach-wall,fresh,random_off_range_B0,visual,winner_changed,100,100,0.7,0.61,0.79,
reach-wall,fresh,random_off_range_B0,visual,selected_in_reference_minimum_set,100,100,0.3,0.21000000000000002,0.39,
reach-wall,fresh,random_off_range_B0,visual,excess_reference_cost,100,100,0.0810946273803711,0.06502786093950272,0.0980148168802261,
reach-wall,fresh,random_off_range_B0,visual,excess_reference_cost_percent,100,100,3.8692074516107144,3.0780241429115205,4.708614610330701,
reach-wall,fresh,random_off_range_B0,visual,reference_minimum_ties,100,100,1.0,1.0,1.0000000000000002,
reach-wall,fresh,random_off_range_B0,visual,selected_minimum_ties,100,100,1.0,1.0,1.0000000000000002,
reach-wall,fresh,random_off_range_B0,visual,reference_top10_cutoff_ties,100,100,1.0,1.0,1.0000000000000002,
reach-wall,fresh,random_off_range_B0,visual,selected_top10_cutoff_ties,100,100,1.0,1.0,1.0000000000000002,
reach-wall,fresh,random_off_range_B1,official,reference_spearman,100,100,0.7573364730161505,0.7513782773742896,0.7631045583383985,
reach-wall,fresh,random_off_range_B1,official,reference_top10_overlap,100,100,4.25,4.010000000000001,4.49,
reach-wall,fresh,random_off_range_B1,official,winner_changed,100,100,0.69,0.6,0.78,
reach-wall,fresh,random_off_range_B1,official,selected_in_reference_minimum_set,100,100,0.31,0.22000000000000003,0.4,
reach-wall,fresh,random_off_range_B1,official,excess_reference_cost,100,100,0.08138316631317138,0.06483238616585732,0.09874237969517703,
reach-wall,fresh,random_off_range_B1,official,excess_reference_cost_percent,100,100,3.8586318863262012,3.051315377345855,4.705311452269412,
reach-wall,fresh,random_off_range_B1,official,reference_minimum_ties,100,100,1.0,1.0,1.0000000000000002,
reach-wall,fresh,random_off_range_B1,official,selected_minimum_ties,100,100,1.0,1.0,1.0000000000000002,
reach-wall,fresh,random_off_range_B1,official,reference_top10_cutoff_ties,100,100,1.0,1.0,1.0000000000000002,
reach-wall,fresh,random_off_range_B1,official,selected_top10_cutoff_ties,100,100,1.0,1.0,1.0000000000000002,
reach-wall,fresh,random_off_range_B1,proprio,reference_spearman,100,100,0.7735845464949611,0.7679843253813932,0.7791586608740098,
reach-wall,fresh,random_off_range_B1,proprio,reference_top10_overlap,100,100,4.21,3.960000000000001,4.460000000000001,
reach-wall,fresh,random_off_range_B1,proprio,winner_changed,100,100,0.7,0.61,0.79,
reach-wall,fresh,random_off_range_B1,proprio,selected_in_reference_minimum_set,100,100,0.3,0.21000000000000002,0.39,
reach-wall,fresh,random_off_range_B1,proprio,excess_reference_cost,100,100,0.032081647962331775,0.025409361115656795,0.039088518962264056,
reach-wall,fresh,random_off_range_B1,proprio,excess_reference_cost_percent,100,100,38.668846461686,30.08947768916398,47.8086343435785,
reach-wall,fresh,random_off_range_B1,proprio,reference_minimum_ties,100,100,1.0,1.0,1.0000000000000002,
reach-wall,fresh,random_off_range_B1,proprio,selected_minimum_ties,100,100,1.0,1.0,1.0000000000000002,
reach-wall,fresh,random_off_range_B1,proprio,reference_top10_cutoff_ties,100,100,1.0,1.0,1.0000000000000002,
reach-wall,fresh,random_off_range_B1,proprio,selected_top10_cutoff_ties,100,100,1.0,1.0,1.0000000000000002,
reach-wall,fresh,random_off_range_B1,visual,reference_spearman,100,100,0.7550268311991295,0.7490177092131131,0.7608513872717471,
reach-wall,fresh,random_off_range_B1,visual,reference_top10_overlap,100,100,4.23,3.980000000000001,4.48,
reach-wall,fresh,random_off_range_B1,visual,winner_changed,100,100,0.69,0.6,0.78,
reach-wall,fresh,random_off_range_B1,visual,selected_in_reference_minimum_set,100,100,0.31,0.22000000000000003,0.4,
reach-wall,fresh,random_off_range_B1,visual,excess_reference_cost,100,100,0.08115881204605102,0.06494196030497551,0.09833120775222777,
reach-wall,fresh,random_off_range_B1,visual,excess_reference_cost_percent,100,100,3.8682529412612627,3.0755804990065068,4.708927925580803,
reach-wall,fresh,random_off_range_B1,visual,reference_minimum_ties,100,100,1.0,1.0,1.0000000000000002,
reach-wall,fresh,random_off_range_B1,visual,selected_minimum_ties,100,100,1.0,1.0,1.0000000000000002,
reach-wall,fresh,random_off_range_B1,visual,reference_top10_cutoff_ties,100,100,1.0,1.0,1.0000000000000002,
reach-wall,fresh,random_off_range_B1,visual,selected_top10_cutoff_ties,100,100,1.0,1.0,1.0000000000000002,
reach-wall,fresh,random_off_range_B2,official,reference_spearman,100,100,0.7575025490546317,0.7515790589630255,0.7632418511128227,
reach-wall,fresh,random_off_range_B2,official,reference_top10_overlap,100,100,4.25,4.010000000000001,4.49,
reach-wall,fresh,random_off_range_B2,official,winner_changed,100,100,0.69,0.6,0.78,
reach-wall,fresh,random_off_range_B2,official,selected_in_reference_minimum_set,100,100,0.31,0.22000000000000003,0.4,
reach-wall,fresh,random_off_range_B2,official,excess_reference_cost,100,100,0.08113088011741638,0.06452382227778435,0.0988866699039936,
reach-wall,fresh,random_off_range_B2,official,excess_reference_cost_percent,100,100,3.8517131735246255,3.0429457679705814,4.7224395440100775,
reach-wall,fresh,random_off_range_B2,official,reference_minimum_ties,100,100,1.0,1.0,1.0000000000000002,
reach-wall,fresh,random_off_range_B2,official,selected_minimum_ties,100,100,1.0,1.0,1.0000000000000002,
reach-wall,fresh,random_off_range_B2,official,reference_top10_cutoff_ties,100,100,1.0,1.0,1.0000000000000002,
reach-wall,fresh,random_off_range_B2,official,selected_top10_cutoff_ties,100,100,1.0,1.0,1.0000000000000002,
reach-wall,fresh,random_off_range_B2,proprio,reference_spearman,100,100,0.7739435104834496,0.7683513241258236,0.7794858063978488,
reach-wall,fresh,random_off_range_B2,proprio,reference_top10_overlap,100,100,4.25,4.0,4.500000000000001,
reach-wall,fresh,random_off_range_B2,proprio,winner_changed,100,100,0.68,0.59,0.77,
reach-wall,fresh,random_off_range_B2,proprio,selected_in_reference_minimum_set,100,100,0.32,0.23,0.41000000000000003,
reach-wall,fresh,random_off_range_B2,proprio,excess_reference_cost,100,100,0.02976160753518343,0.02344447660725564,0.03634281709790228,
reach-wall,fresh,random_off_range_B2,proprio,excess_reference_cost_percent,100,100,36.069361370798696,27.755173849777997,45.02672131518182,
reach-wall,fresh,random_off_range_B2,proprio,reference_minimum_ties,100,100,1.0,1.0,1.0000000000000002,
reach-wall,fresh,random_off_range_B2,proprio,selected_minimum_ties,100,100,1.0,1.0,1.0000000000000002,
reach-wall,fresh,random_off_range_B2,proprio,reference_top10_cutoff_ties,100,100,1.0,1.0,1.0000000000000002,
reach-wall,fresh,random_off_range_B2,proprio,selected_top10_cutoff_ties,100,100,1.0,1.0,1.0000000000000002,
reach-wall,fresh,random_off_range_B2,visual,reference_spearman,100,100,0.7552095487102737,0.7492779345656196,0.7609829094054145,
reach-wall,fresh,random_off_range_B2,visual,reference_top10_overlap,100,100,4.23,3.9900000000000007,4.470000000000001,
reach-wall,fresh,random_off_range_B2,visual,winner_changed,100,100,0.68,0.59,0.77,
reach-wall,fresh,random_off_range_B2,visual,selected_in_reference_minimum_set,100,100,0.32,0.23,0.41000000000000003,
reach-wall,fresh,random_off_range_B2,visual,excess_reference_cost,100,100,0.0813963270187378,0.06528159758448601,0.09859406799077987,
reach-wall,fresh,random_off_range_B2,visual,excess_reference_cost_percent,100,100,3.8793369999358736,3.088100700894129,4.7264968264164695,
reach-wall,fresh,random_off_range_B2,visual,reference_minimum_ties,100,100,1.0,1.0,1.0000000000000002,
reach-wall,fresh,random_off_range_B2,visual,selected_minimum_ties,100,100,1.0,1.0,1.0000000000000002,
reach-wall,fresh,random_off_range_B2,visual,reference_top10_cutoff_ties,100,100,1.0,1.0,1.0000000000000002,
reach-wall,fresh,random_off_range_B2,visual,selected_top10_cutoff_ties,100,100,1.0,1.0,1.0000000000000002,
reach-wall,fresh,random_off_range_B3,official,reference_spearman,100,100,0.7577776064739824,0.7517889560940053,0.7635656217303297,
reach-wall,fresh,random_off_range_B3,official,reference_top10_overlap,100,100,4.26,4.03,4.5,
reach-wall,fresh,random_off_range_B3,official,winner_changed,100,100,0.7,0.61,0.79,
reach-wall,fresh,random_off_range_B3,official,selected_in_reference_minimum_set,100,100,0.3,0.21000000000000002,0.39,
reach-wall,fresh,random_off_range_B3,official,excess_reference_cost,100,100,0.08426774501800537,0.06775575318932535,0.1018083706498146,
reach-wall,fresh,random_off_range_B3,official,excess_reference_cost_percent,100,100,3.986938273728175,3.1838179830502713,4.8383540015280575,
reach-wall,fresh,random_off_range_B3,official,reference_minimum_ties,100,100,1.0,1.0,1.0000000000000002,
reach-wall,fresh,random_off_range_B3,official,selected_minimum_ties,100,100,1.0,1.0,1.0000000000000002,
reach-wall,fresh,random_off_range_B3,official,reference_top10_cutoff_ties,100,100,1.0,1.0,1.0000000000000002,
reach-wall,fresh,random_off_range_B3,official,selected_top10_cutoff_ties,100,100,1.0,1.0,1.0000000000000002,
reach-wall,fresh,random_off_range_B3,proprio,reference_spearman,100,100,0.7736988722096911,0.7680576265291837,0.7793180106445627,
reach-wall,fresh,random_off_range_B3,proprio,reference_top10_overlap,100,100,4.19,3.940000000000001,4.440000000000001,
reach-wall,fresh,random_off_range_B3,proprio,winner_changed,100,100,0.69,0.6,0.78,
reach-wall,fresh,random_off_range_B3,proprio,selected_in_reference_minimum_set,100,100,0.31,0.22,0.4,
reach-wall,fresh,random_off_range_B3,proprio,excess_reference_cost,100,100,0.03158550430089235,0.02491119929216802,0.03860728853289036,
reach-wall,fresh,random_off_range_B3,proprio,excess_reference_cost_percent,100,100,37.79170913188078,29.27157966832387,46.979699763804255,
reach-wall,fresh,random_off_range_B3,proprio,reference_minimum_ties,100,100,1.0,1.0,1.0000000000000002,
reach-wall,fresh,random_off_range_B3,proprio,selected_minimum_ties,100,100,1.0,1.0,1.0000000000000002,
reach-wall,fresh,random_off_range_B3,proprio,reference_top10_cutoff_ties,100,100,1.0,1.0,1.0000000000000002,
reach-wall,fresh,random_off_range_B3,proprio,selected_top10_cutoff_ties,100,100,1.0,1.0,1.0000000000000002,
reach-wall,fresh,random_off_range_B3,visual,reference_spearman,100,100,0.7554922629464847,0.7494631592893319,0.7613478216029212,
reach-wall,fresh,random_off_range_B3,visual,reference_top10_overlap,100,100,4.17,3.920000000000001,4.420000000000001,
reach-wall,fresh,random_off_range_B3,visual,winner_changed,100,100,0.7,0.61,0.79,
reach-wall,fresh,random_off_range_B3,visual,selected_in_reference_minimum_set,100,100,0.3,0.21000000000000002,0.39,
reach-wall,fresh,random_off_range_B3,visual,excess_reference_cost,100,100,0.08007564783096313,0.06471259048581124,0.09641148737072944,
reach-wall,fresh,random_off_range_B3,visual,excess_reference_cost_percent,100,100,3.808062635264361,3.054004600178398,4.609408363088473,
reach-wall,fresh,random_off_range_B3,visual,reference_minimum_ties,100,100,1.0,1.0,1.0000000000000002,
reach-wall,fresh,random_off_range_B3,visual,selected_minimum_ties,100,100,1.0,1.0,1.0000000000000002,
reach-wall,fresh,random_off_range_B3,visual,reference_top10_cutoff_ties,100,100,1.0,1.0,1.0000000000000002,
reach-wall,fresh,random_off_range_B3,visual,selected_top10_cutoff_ties,100,100,1.0,1.0,1.0000000000000002,
reach-wall,fresh,random_off_range_B4,official,reference_spearman,100,100,0.7574787731237419,0.7515460670666175,0.7632273089467062,
reach-wall,fresh,random_off_range_B4,official,reference_top10_overlap,100,100,4.2,3.960000000000001,4.440000000000001,
reach-wall,fresh,random_off_range_B4,official,winner_changed,100,100,0.69,0.6,0.78,
reach-wall,fresh,random_off_range_B4,official,selected_in_reference_minimum_set,100,100,0.31,0.22000000000000003,0.4,
reach-wall,fresh,random_off_range_B4,official,excess_reference_cost,100,100,0.08134599566459656,0.06478587368130684,0.09900657755136487,
reach-wall,fresh,random_off_range_B4,official,excess_reference_cost_percent,100,100,3.8626810051522034,3.0511347639717608,4.73286453788059,
reach-wall,fresh,random_off_range_B4,official,reference_minimum_ties,100,100,1.0,1.0,1.0000000000000002,
reach-wall,fresh,random_off_range_B4,official,selected_minimum_ties,100,100,1.0,1.0,1.0000000000000002,
reach-wall,fresh,random_off_range_B4,official,reference_top10_cutoff_ties,100,100,1.0,1.0,1.0000000000000002,
reach-wall,fresh,random_off_range_B4,official,selected_top10_cutoff_ties,100,100,1.0,1.0,1.0000000000000002,
reach-wall,fresh,random_off_range_B4,proprio,reference_spearman,100,100,0.7728971344126044,0.7673551670574118,0.7784141594906612,
reach-wall,fresh,random_off_range_B4,proprio,reference_top10_overlap,100,100,4.23,3.980000000000001,4.48,
reach-wall,fresh,random_off_range_B4,proprio,winner_changed,100,100,0.69,0.6,0.78,
reach-wall,fresh,random_off_range_B4,proprio,selected_in_reference_minimum_set,100,100,0.31,0.22000000000000003,0.4,
reach-wall,fresh,random_off_range_B4,proprio,excess_reference_cost,100,100,0.031308018676936625,0.0247295545861125,0.038272986070252944,
reach-wall,fresh,random_off_range_B4,proprio,excess_reference_cost_percent,100,100,37.40150523728825,29.038446922722898,46.545956475193485,
reach-wall,fresh,random_off_range_B4,proprio,reference_minimum_ties,100,100,1.0,1.0,1.0000000000000002,
reach-wall,fresh,random_off_range_B4,proprio,selected_minimum_ties,100,100,1.0,1.0,1.0000000000000002,
reach-wall,fresh,random_off_range_B4,proprio,reference_top10_cutoff_ties,100,100,1.0,1.0,1.0000000000000002,
reach-wall,fresh,random_off_range_B4,proprio,selected_top10_cutoff_ties,100,100,1.0,1.0,1.0000000000000002,
reach-wall,fresh,random_off_range_B4,visual,reference_spearman,100,100,0.7551798172233394,0.7492130004975972,0.7609932916663863,
reach-wall,fresh,random_off_range_B4,visual,reference_top10_overlap,100,100,4.2,3.96,4.45,
reach-wall,fresh,random_off_range_B4,visual,winner_changed,100,100,0.7,0.61,0.79,
reach-wall,fresh,random_off_range_B4,visual,selected_in_reference_minimum_set,100,100,0.3,0.21000000000000002,0.39,
reach-wall,fresh,random_off_range_B4,visual,excess_reference_cost,100,100,0.08073418140411377,0.06419517919421197,0.09839016559720037,
reach-wall,fresh,random_off_range_B4,visual,excess_reference_cost_percent,100,100,3.849316213642696,3.0434511422896735,4.711593404634687,
reach-wall,fresh,random_off_range_B4,visual,reference_minimum_ties,100,100,1.0,1.0,1.0000000000000002,
reach-wall,fresh,random_off_range_B4,visual,selected_minimum_ties,100,100,1.0,1.0,1.0000000000000002,
reach-wall,fresh,random_off_range_B4,visual,reference_top10_cutoff_ties,100,100,1.0,1.0,1.0000000000000002,
reach-wall,fresh,random_off_range_B4,visual,selected_top10_cutoff_ties,100,100,1.0,1.0,1.0000000000000002,
reach-wall,fresh,random_off_range_B5,official,reference_spearman,100,100,0.7575171174445026,0.751497990276793,0.7633252134839548,
reach-wall,fresh,random_off_range_B5,official,reference_top10_overlap,100,100,4.25,4.0200000000000005,4.49,
reach-wall,fresh,random_off_range_B5,official,winner_changed,100,100,0.69,0.6,0.78,
reach-wall,fresh,random_off_range_B5,official,selected_in_reference_minimum_set,100,100,0.31,0.22000000000000003,0.4,
reach-wall,fresh,random_off_range_B5,official,excess_reference_cost,100,100,0.08096466660499572,0.0643629670739174,0.09870674523711201,
reach-wall,fresh,random_off_range_B5,official,excess_reference_cost_percent,100,100,3.8446190178425352,3.033971826040259,4.715931225786455,
reach-wall,fresh,random_off_range_B5,official,reference_minimum_ties,100,100,1.0,1.0,1.0000000000000002,
reach-wall,fresh,random_off_range_B5,official,selected_minimum_ties,100,100,1.0,1.0,1.0000000000000002,
reach-wall,fresh,random_off_range_B5,official,reference_top10_cutoff_ties,100,100,1.0,1.0,1.0000000000000002,
reach-wall,fresh,random_off_range_B5,official,selected_top10_cutoff_ties,100,100,1.0,1.0,1.0000000000000002,
reach-wall,fresh,random_off_range_B5,proprio,reference_spearman,100,100,0.7739685374281936,0.7683671459682886,0.7795275476394182,
reach-wall,fresh,random_off_range_B5,proprio,reference_top10_overlap,100,100,4.21,3.9600000000000004,4.460000000000001,
reach-wall,fresh,random_off_range_B5,proprio,winner_changed,100,100,0.7,0.61,0.79,
reach-wall,fresh,random_off_range_B5,proprio,selected_in_reference_minimum_set,100,100,0.3,0.21000000000000002,0.39,
reach-wall,fresh,random_off_range_B5,proprio,excess_reference_cost,100,100,0.032081647962331775,0.025409361115656795,0.039088518962264056,
reach-wall,fresh,random_off_range_B5,proprio,excess_reference_cost_percent,100,100,38.668846461686,30.08947768916398,47.8086343435785,
reach-wall,fresh,random_off_range_B5,proprio,reference_minimum_ties,100,100,1.0,1.0,1.0000000000000002,
reach-wall,fresh,random_off_range_B5,proprio,selected_minimum_ties,100,100,1.0,1.0,1.0000000000000002,
reach-wall,fresh,random_off_range_B5,proprio,reference_top10_cutoff_ties,100,100,1.0,1.0,1.0000000000000002,
reach-wall,fresh,random_off_range_B5,proprio,selected_top10_cutoff_ties,100,100,1.0,1.0,1.0000000000000002,
reach-wall,fresh,random_off_range_B5,visual,reference_spearman,100,100,0.7552810608889822,0.7492170693377341,0.7611943346603364,
reach-wall,fresh,random_off_range_B5,visual,reference_top10_overlap,100,100,4.25,4.000000000000001,4.5,
reach-wall,fresh,random_off_range_B5,visual,winner_changed,100,100,0.69,0.6,0.78,
reach-wall,fresh,random_off_range_B5,visual,selected_in_reference_minimum_set,100,100,0.31,0.22000000000000003,0.4,
reach-wall,fresh,random_off_range_B5,visual,excess_reference_cost,100,100,0.07926735520362854,0.06315713045001031,0.09654570701718332,
reach-wall,fresh,random_off_range_B5,visual,excess_reference_cost_percent,100,100,3.7843956628868924,2.9945038346297133,4.6432438745272515,
reach-wall,fresh,random_off_range_B5,visual,reference_minimum_ties,100,100,1.0,1.0,1.0000000000000002,
reach-wall,fresh,random_off_range_B5,visual,selected_minimum_ties,100,100,1.0,1.0,1.0000000000000002,
reach-wall,fresh,random_off_range_B5,visual,reference_top10_cutoff_ties,100,100,1.0,1.0,1.0000000000000002,
reach-wall,fresh,random_off_range_B5,visual,selected_top10_cutoff_ties,100,100,1.0,1.0,1.0000000000000002,
reach-wall,fresh,random_range_B0,official,reference_spearman,100,100,0.756727951496606,0.750671976878569,0.762539893133333,
reach-wall,fresh,random_range_B0,official,reference_top10_overlap,100,100,4.25,4.010000000000001,4.49,
reach-wall,fresh,random_range_B0,official,winner_changed,100,100,0.69,0.6,0.78,
reach-wall,fresh,random_range_B0,official,selected_in_reference_minimum_set,100,100,0.31,0.22000000000000003,0.4,
reach-wall,fresh,random_range_B0,official,excess_reference_cost,100,100,0.08138968348503113,0.0648673158288002,0.09917900356650351,
reach-wall,fresh,random_range_B0,official,excess_reference_cost_percent,100,100,3.861275933044527,3.05260280509001,4.737535036933791,
reach-wall,fresh,random_range_B0,official,reference_minimum_ties,100,100,1.0,1.0,1.0000000000000002,
reach-wall,fresh,random_range_B0,official,selected_minimum_ties,100,100,1.0,1.0,1.0000000000000002,
reach-wall,fresh,random_range_B0,official,reference_top10_cutoff_ties,100,100,1.0,1.0,1.0000000000000002,
reach-wall,fresh,random_range_B0,official,selected_top10_cutoff_ties,100,100,1.0,1.0,1.0000000000000002,
reach-wall,fresh,random_range_B0,proprio,reference_spearman,100,100,0.7737034455938399,0.768101423238036,0.7792578249758331,
reach-wall,fresh,random_range_B0,proprio,reference_top10_overlap,100,100,4.21,3.9700000000000006,4.460000000000001,
reach-wall,fresh,random_range_B0,proprio,winner_changed,100,100,0.69,0.6,0.78,
reach-wall,fresh,random_range_B0,proprio,selected_in_reference_minimum_set,100,100,0.31,0.22000000000000003,0.4,
reach-wall,fresh,random_range_B0,proprio,excess_reference_cost,100,100,0.03186930861324072,0.025162875801324848,0.03889378403685986,
reach-wall,fresh,random_range_B0,proprio,excess_reference_cost_percent,100,100,38.29391706589755,29.74650781872429,47.41475517588778,
reach-wall,fresh,random_range_B0,proprio,reference_minimum_ties,100,100,1.0,1.0,1.0000000000000002,
reach-wall,fresh,random_range_B0,proprio,selected_minimum_ties,100,100,1.0,1.0,1.0000000000000002,
reach-wall,fresh,random_range_B0,proprio,reference_top10_cutoff_ties,100,100,1.0,1.0,1.0000000000000002,
reach-wall,fresh,random_range_B0,proprio,selected_top10_cutoff_ties,100,100,1.0,1.0,1.0000000000000002,
reach-wall,fresh,random_range_B0,visual,reference_spearman,100,100,0.7544180642590241,0.7483510044777865,0.7602733688223818,
reach-wall,fresh,random_range_B0,visual,reference_top10_overlap,100,100,4.23,3.98,4.48,
reach-wall,fresh,random_range_B0,visual,winner_changed,100,100,0.69,0.6,0.78,
reach-wall,fresh,random_range_B0,visual,selected_in_reference_minimum_set,100,100,0.31,0.22000000000000003,0.4,
reach-wall,fresh,random_range_B0,visual,excess_reference_cost,100,100,0.08067475557327271,0.06453495767712594,0.09787754583358763,
reach-wall,fresh,random_range_B0,visual,excess_reference_cost_percent,100,100,3.8484363557292562,3.0547252282007435,4.697214173128178,
reach-wall,fresh,random_range_B0,visual,reference_minimum_ties,100,100,1.0,1.0,1.0000000000000002,
reach-wall,fresh,random_range_B0,visual,selected_minimum_ties,100,100,1.0,1.0,1.0000000000000002,
reach-wall,fresh,random_range_B0,visual,reference_top10_cutoff_ties,100,100,1.0,1.0,1.0000000000000002,
reach-wall,fresh,random_range_B0,visual,selected_top10_cutoff_ties,100,100,1.0,1.0,1.0000000000000002,
reach-wall,fresh,random_range_B1,official,reference_spearman,100,100,0.7565937369732032,0.7504743025948569,0.7624901557250855,
reach-wall,fresh,random_range_B1,official,reference_top10_overlap,100,100,4.21,3.960000000000001,4.460000000000001,
reach-wall,fresh,random_range_B1,official,winner_changed,100,100,0.71,0.62,0.7999999999999999,
reach-wall,fresh,random_range_B1,official,selected_in_reference_minimum_set,100,100,0.29,0.2,0.38,
reach-wall,fresh,random_range_B1,official,excess_reference_cost,100,100,0.08475173473358154,0.06796124967932701,0.1023609346151352,
reach-wall,fresh,random_range_B1,official,excess_reference_cost_percent,100,100,4.018151818665545,3.1965586840571647,4.8799512240842935,
reach-wall,fresh,random_range_B1,official,reference_minimum_ties,100,100,1.0,1.0,1.0000000000000002,
reach-wall,fresh,random_range_B1,official,selected_minimum_ties,100,100,1.0,1.0,1.0000000000000002,
reach-wall,fresh,random_range_B1,official,reference_top10_cutoff_ties,100,100,1.0,1.0,1.0000000000000002,
reach-wall,fresh,random_range_B1,official,selected_top10_cutoff_ties,100,100,1.0,1.0,1.0000000000000002,
reach-wall,fresh,random_range_B1,proprio,reference_spearman,100,100,0.7733355259502883,0.7677725175835287,0.7788195324392494,
reach-wall,fresh,random_range_B1,proprio,reference_top10_overlap,100,100,4.22,3.9600000000000004,4.480000000000001,
reach-wall,fresh,random_range_B1,proprio,winner_changed,100,100,0.69,0.6,0.78,
reach-wall,fresh,random_range_B1,proprio,selected_in_reference_minimum_set,100,100,0.31,0.22000000000000003,0.4,
reach-wall,fresh,random_range_B1,proprio,excess_reference_cost,100,100,0.03131942648440599,0.024684783929027617,0.03824972835648805,
reach-wall,fresh,random_range_B1,proprio,excess_reference_cost_percent,100,100,37.11903850872191,28.78881774914062,46.06624922225281,
reach-wall,fresh,random_range_B1,proprio,reference_minimum_ties,100,100,1.0,1.0,1.0000000000000002,
reach-wall,fresh,random_range_B1,proprio,selected_minimum_ties,100,100,1.0,1.0,1.0000000000000002,
reach-wall,fresh,random_range_B1,proprio,reference_top10_cutoff_ties,100,100,1.0,1.0,1.0000000000000002,
reach-wall,fresh,random_range_B1,proprio,selected_top10_cutoff_ties,100,100,1.0,1.0,1.0000000000000002,
reach-wall,fresh,random_range_B1,visual,reference_spearman,100,100,0.7540854526485506,0.7479767093795912,0.7599936871517514,
reach-wall,fresh,random_range_B1,visual,reference_top10_overlap,100,100,4.17,3.9100000000000006,4.420000000000001,
reach-wall,fresh,random_range_B1,visual,winner_changed,100,100,0.72,0.63,0.8,
reach-wall,fresh,random_range_B1,visual,selected_in_reference_minimum_set,100,100,0.28,0.19999999999999998,0.37,
reach-wall,fresh,random_range_B1,visual,excess_reference_cost,100,100,0.08458904266357421,0.06795036095380783,0.10209405148029323,
reach-wall,fresh,random_range_B1,visual,excess_reference_cost_percent,100,100,4.024421304094695,3.2161773773261957,4.875724768594273,
reach-wall,fresh,random_range_B1,visual,reference_minimum_ties,100,100,1.0,1.0,1.0000000000000002,
reach-wall,fresh,random_range_B1,visual,selected_minimum_ties,100,100,1.0,1.0,1.0000000000000002,
reach-wall,fresh,random_range_B1,visual,reference_top10_cutoff_ties,100,100,1.0,1.0,1.0000000000000002,
reach-wall,fresh,random_range_B1,visual,selected_top10_cutoff_ties,100,100,1.0,1.0,1.0000000000000002,
reach-wall,fresh,random_range_B2,official,reference_spearman,100,100,0.7569886616304977,0.7510338500427783,0.7627797545836233,
reach-wall,fresh,random_range_B2,official,reference_top10_overlap,100,100,4.25,4.010000000000001,4.49,
reach-wall,fresh,random_range_B2,official,winner_changed,100,100,0.69,0.6,0.78,
reach-wall,fresh,random_range_B2,official,selected_in_reference_minimum_set,100,100,0.31,0.22000000000000003,0.4,
reach-wall,fresh,random_range_B2,official,excess_reference_cost,100,100,0.08068554401397705,0.06424634549021721,0.09835568785667419,
reach-wall,fresh,random_range_B2,official,excess_reference_cost_percent,100,100,3.828989548248452,3.024495196489802,4.697574540267478,
reach-wall,fresh,random_range_B2,official,reference_minimum_ties,100,100,1.0,1.0,1.0000000000000002,
reach-wall,fresh,random_range_B2,official,selected_minimum_ties,100,100,1.0,1.0,1.0000000000000002,
reach-wall,fresh,random_range_B2,official,reference_top10_cutoff_ties,100,100,1.0,1.0,1.0000000000000002,
reach-wall,fresh,random_range_B2,official,selected_top10_cutoff_ties,100,100,1.0,1.0,1.0000000000000002,
reach-wall,fresh,random_range_B2,proprio,reference_spearman,100,100,0.7735449268916511,0.7678979590018197,0.7791473458074171,
reach-wall,fresh,random_range_B2,proprio,reference_top10_overlap,100,100,4.28,4.03,4.530000000000001,
reach-wall,fresh,random_range_B2,proprio,winner_changed,100,100,0.7,0.61,0.79,
reach-wall,fresh,random_range_B2,proprio,selected_in_reference_minimum_set,100,100,0.3,0.21000000000000002,0.39,
reach-wall,fresh,random_range_B2,proprio,excess_reference_cost,100,100,0.03313768927007914,0.026312332984060053,0.04039269832335411,
reach-wall,fresh,random_range_B2,proprio,excess_reference_cost_percent,100,100,39.548035347714716,30.84724145073418,48.84121296062259,
reach-wall,fresh,random_range_B2,proprio,reference_minimum_ties,100,100,1.0,1.0,1.0000000000000002,
reach-wall,fresh,random_range_B2,proprio,selected_minimum_ties,100,100,1.0,1.0,1.0000000000000002,
reach-wall,fresh,random_range_B2,proprio,reference_top10_cutoff_ties,100,100,1.0,1.0,1.0000000000000002,
reach-wall,fresh,random_range_B2,proprio,selected_top10_cutoff_ties,100,100,1.0,1.0,1.0000000000000002,
reach-wall,fresh,random_range_B2,visual,reference_spearman,100,100,0.754704523078439,0.7487098482316366,0.7605121847574451,
reach-wall,fresh,random_range_B2,visual,reference_top10_overlap,100,100,4.2,3.950000000000001,4.450000000000001,
reach-wall,fresh,random_range_B2,visual,winner_changed,100,100,0.7,0.61,0.79,
reach-wall,fresh,random_range_B2,visual,selected_in_reference_minimum_set,100,100,0.3,0.21000000000000002,0.39,
reach-wall,fresh,random_range_B2,visual,excess_reference_cost,100,100,0.07817565202713013,0.06272839757800103,0.09442082542181014,
reach-wall,fresh,random_range_B2,visual,excess_reference_cost_percent,100,100,3.728994644128408,2.9672935955545143,4.540459418297257,
reach-wall,fresh,random_range_B2,visual,reference_minimum_ties,100,100,1.0,1.0,1.0000000000000002,
reach-wall,fresh,random_range_B2,visual,selected_minimum_ties,100,100,1.0,1.0,1.0000000000000002,
reach-wall,fresh,random_range_B2,visual,reference_top10_cutoff_ties,100,100,1.0,1.0,1.0000000000000002,
reach-wall,fresh,random_range_B2,visual,selected_top10_cutoff_ties,100,100,1.0,1.0,1.0000000000000002,
reach-wall,fresh,random_range_B3,official,reference_spearman,100,100,0.7572827940685058,0.7513043656526299,0.7630636549018464,
reach-wall,fresh,random_range_B3,official,reference_top10_overlap,100,100,4.27,4.03,4.510000000000002,
reach-wall,fresh,random_range_B3,official,winner_changed,100,100,0.69,0.6,0.78,
reach-wall,fresh,random_range_B3,official,selected_in_reference_minimum_set,100,100,0.31,0.22000000000000003,0.4,
reach-wall,fresh,random_range_B3,official,excess_reference_cost,100,100,0.0859342622756958,0.0683197917342186,0.10493329849839202,
reach-wall,fresh,random_range_B3,official,excess_reference_cost_percent,100,100,4.123425553014951,3.2349373427691748,5.10315645150655,
reach-wall,fresh,random_range_B3,official,reference_minimum_ties,100,100,1.0,1.0,1.0000000000000002,
reach-wall,fresh,random_range_B3,official,selected_minimum_ties,100,100,1.0,1.0,1.0000000000000002,
reach-wall,fresh,random_range_B3,official,reference_top10_cutoff_ties,100,100,1.0,1.0,1.0000000000000002,
reach-wall,fresh,random_range_B3,official,selected_top10_cutoff_ties,100,100,1.0,1.0,1.0000000000000002,
reach-wall,fresh,random_range_B3,proprio,reference_spearman,100,100,0.7736123868042978,0.7679991693241035,0.7791771623018033,
reach-wall,fresh,random_range_B3,proprio,reference_top10_overlap,100,100,4.25,3.990000000000001,4.500000000000001,
reach-wall,fresh,random_range_B3,proprio,winner_changed,100,100,0.71,0.62,0.8,
reach-wall,fresh,random_range_B3,proprio,selected_in_reference_minimum_set,100,100,0.29,0.2,0.38,
reach-wall,fresh,random_range_B3,proprio,excess_reference_cost,100,100,0.0321569861844182,0.025762052265927197,0.03881962016038596,
reach-wall,fresh,random_range_B3,proprio,excess_reference_cost_percent,100,100,39.15536362858338,30.561558024181732,48.31923105720983,
reach-wall,fresh,random_range_B3,proprio,reference_minimum_ties,100,100,1.0,1.0,1.0000000000000002,
reach-wall,fresh,random_range_B3,proprio,selected_minimum_ties,100,100,1.0,1.0,1.0000000000000002,
reach-wall,fresh,random_range_B3,proprio,reference_top10_cutoff_ties,100,100,1.0,1.0,1.0000000000000002,
reach-wall,fresh,random_range_B3,proprio,selected_top10_cutoff_ties,100,100,1.0,1.0,1.0000000000000002,
reach-wall,fresh,random_range_B3,visual,reference_spearman,100,100,0.7548929799236721,0.7488878612614415,0.7607291357298768,
reach-wall,fresh,random_range_B3,visual,reference_top10_overlap,100,100,4.21,3.96,4.470000000000001,
reach-wall,fresh,random_range_B3,visual,winner_changed,100,100,0.69,0.6,0.78,
reach-wall,fresh,random_range_B3,visual,selected_in_reference_minimum_set,100,100,0.31,0.22000000000000003,0.4,
reach-wall,fresh,random_range_B3,visual,excess_reference_cost,100,100,0.08465834259986878,0.06737788987159729,0.10318792700767516,
reach-wall,fresh,random_range_B3,visual,excess_reference_cost_percent,100,100,4.086241748343911,3.207846806115188,5.045433535570924,
reach-wall,fresh,random_range_B3,visual,reference_minimum_ties,100,100,1.0,1.0,1.0000000000000002,
reach-wall,fresh,random_range_B3,visual,selected_minimum_ties,100,100,1.0,1.0,1.0000000000000002,
reach-wall,fresh,random_range_B3,visual,reference_top10_cutoff_ties,100,100,1.0,1.0,1.0000000000000002,
reach-wall,fresh,random_range_B3,visual,selected_top10_cutoff_ties,100,100,1.0,1.0,1.0000000000000002,
reach-wall,fresh,random_range_B4,official,reference_spearman,100,100,0.755596034526007,0.7497545878877281,0.7612455633370928,
reach-wall,fresh,random_range_B4,official,reference_top10_overlap,100,100,4.24,3.9900000000000007,4.48,
reach-wall,fresh,random_range_B4,official,winner_changed,100,100,0.71,0.62,0.7999999999999999,
reach-wall,fresh,random_range_B4,official,selected_in_reference_minimum_set,100,100,0.29,0.2,0.38,
reach-wall,fresh,random_range_B4,official,excess_reference_cost,100,100,0.0840837037563324,0.06679400825500488,0.10243433031439779,
reach-wall,fresh,random_range_B4,official,excess_reference_cost_percent,100,100,4.015316543961045,3.1517418396162937,4.939329298429264,
reach-wall,fresh,random_range_B4,official,reference_minimum_ties,100,100,1.0,1.0,1.0000000000000002,
reach-wall,fresh,random_range_B4,official,selected_minimum_ties,100,100,1.0,1.0,1.0000000000000002,
reach-wall,fresh,random_range_B4,official,reference_top10_cutoff_ties,100,100,1.0,1.0,1.0000000000000002,
reach-wall,fresh,random_range_B4,official,selected_top10_cutoff_ties,100,100,1.0,1.0,1.0000000000000002,
reach-wall,fresh,random_range_B4,proprio,reference_spearman,100,100,0.7707770086334292,0.7652630367004079,0.7762432111467905,
reach-wall,fresh,random_range_B4,proprio,reference_top10_overlap,100,100,4.25,3.99,4.510000000000001,
reach-wall,fresh,random_range_B4,proprio,winner_changed,100,100,0.72,0.63,0.8099999999999999,
reach-wall,fresh,random_range_B4,proprio,selected_in_reference_minimum_set,100,100,0.28,0.19,0.37,
reach-wall,fresh,random_range_B4,proprio,excess_reference_cost,100,100,0.030428479239344598,0.0241927201859653,0.03698467997647822,
reach-wall,fresh,random_range_B4,proprio,excess_reference_cost_percent,100,100,37.1580843117737,29.009611988402586,46.20181571565721,
reach-wall,fresh,random_range_B4,proprio,reference_minimum_ties,100,100,1.0,1.0,1.0000000000000002,
reach-wall,fresh,random_range_B4,proprio,selected_minimum_ties,100,100,1.0,1.0,1.0000000000000002,
reach-wall,fresh,random_range_B4,proprio,reference_top10_cutoff_ties,100,100,1.0,1.0,1.0000000000000002,
reach-wall,fresh,random_range_B4,proprio,selected_top10_cutoff_ties,100,100,1.0,1.0,1.0000000000000002,
reach-wall,fresh,random_range_B4,visual,reference_spearman,100,100,0.7533066202929386,0.7474207813247101,0.7590097812240911,
reach-wall,fresh,random_range_B4,visual,reference_top10_overlap,100,100,4.17,3.910000000000001,4.420000000000001,
reach-wall,fresh,random_range_B4,visual,winner_changed,100,100,0.71,0.62,0.7999999999999999,
reach-wall,fresh,random_range_B4,visual,selected_in_reference_minimum_set,100,100,0.29,0.2,0.38,
reach-wall,fresh,random_range_B4,visual,excess_reference_cost,100,100,0.08106799483299255,0.06421711385250091,0.09909026533365249,
reach-wall,fresh,random_range_B4,visual,excess_reference_cost_percent,100,100,3.9002407817841807,3.053657637249482,4.807451411421998,
reach-wall,fresh,random_range_B4,visual,reference_minimum_ties,100,100,1.0,1.0,1.0000000000000002,
reach-wall,fresh,random_range_B4,visual,selected_minimum_ties,100,100,1.0,1.0,1.0000000000000002,
reach-wall,fresh,random_range_B4,visual,reference_top10_cutoff_ties,100,100,1.0,1.0,1.0000000000000002,
reach-wall,fresh,random_range_B4,visual,selected_top10_cutoff_ties,100,100,1.0,1.0,1.0000000000000002,
reach-wall,fresh,random_range_B5,official,reference_spearman,100,100,0.7578942350776926,0.7519203493995141,0.7636762789846192,
reach-wall,fresh,random_range_B5,official,reference_top10_overlap,100,100,4.28,4.040000000000001,4.5200000000000005,
reach-wall,fresh,random_range_B5,official,winner_changed,100,100,0.69,0.6,0.78,
reach-wall,fresh,random_range_B5,official,selected_in_reference_minimum_set,100,100,0.31,0.22000000000000003,0.4,
reach-wall,fresh,random_range_B5,official,excess_reference_cost,100,100,0.08266791582107544,0.06605357185006142,0.10017247059941288,
reach-wall,fresh,random_range_B5,official,excess_reference_cost_percent,100,100,3.921921962541837,3.110442110096105,4.782204879926424,
reach-wall,fresh,random_range_B5,official,reference_minimum_ties,100,100,1.0,1.0,1.0000000000000002,
reach-wall,fresh,random_range_B5,official,selected_minimum_ties,100,100,1.0,1.0,1.0000000000000002,
reach-wall,fresh,random_range_B5,official,reference_top10_cutoff_ties,100,100,1.0,1.0,1.0000000000000002,
reach-wall,fresh,random_range_B5,official,selected_top10_cutoff_ties,100,100,1.0,1.0,1.0000000000000002,
reach-wall,fresh,random_range_B5,proprio,reference_spearman,100,100,0.7740202432657582,0.7684033437797433,0.7795948178720457,
reach-wall,fresh,random_range_B5,proprio,reference_top10_overlap,100,100,4.21,3.9600000000000004,4.460000000000001,
reach-wall,fresh,random_range_B5,proprio,winner_changed,100,100,0.69,0.6,0.78,
reach-wall,fresh,random_range_B5,proprio,selected_in_reference_minimum_set,100,100,0.31,0.22000000000000003,0.4,
reach-wall,fresh,random_range_B5,proprio,excess_reference_cost,100,100,0.030285803563892842,0.02392048282362521,0.03691855875216423,
reach-wall,fresh,random_range_B5,proprio,excess_reference_cost_percent,100,100,36.7144105118846,28.316010530703327,45.79590040576196,
reach-wall,fresh,random_range_B5,proprio,reference_minimum_ties,100,100,1.0,1.0,1.0000000000000002,
reach-wall,fresh,random_range_B5,proprio,selected_minimum_ties,100,100,1.0,1.0,1.0000000000000002,
reach-wall,fresh,random_range_B5,proprio,reference_top10_cutoff_ties,100,100,1.0,1.0,1.0000000000000002,
reach-wall,fresh,random_range_B5,proprio,selected_top10_cutoff_ties,100,100,1.0,1.0,1.0000000000000002,
reach-wall,fresh,random_range_B5,visual,reference_spearman,100,100,0.7556086313691295,0.7495909837168246,0.7614438626309585,
reach-wall,fresh,random_range_B5,visual,reference_top10_overlap,100,100,4.22,3.9700000000000006,4.470000000000001,
reach-wall,fresh,random_range_B5,visual,winner_changed,100,100,0.69,0.6,0.78,
reach-wall,fresh,random_range_B5,visual,selected_in_reference_minimum_set,100,100,0.31,0.22000000000000003,0.4,
reach-wall,fresh,random_range_B5,visual,excess_reference_cost,100,100,0.08201032876968384,0.06583001005649566,0.0992335656285286,
reach-wall,fresh,random_range_B5,visual,excess_reference_cost_percent,100,100,3.9055359670622454,3.1184501726324982,4.750237218938924,
reach-wall,fresh,random_range_B5,visual,reference_minimum_ties,100,100,1.0,1.0,1.0000000000000002,
reach-wall,fresh,random_range_B5,visual,selected_minimum_ties,100,100,1.0,1.0,1.0000000000000002,
reach-wall,fresh,random_range_B5,visual,reference_top10_cutoff_ties,100,100,1.0,1.0,1.0000000000000002,
reach-wall,fresh,random_range_B5,visual,selected_top10_cutoff_ties,100,100,1.0,1.0,1.0000000000000002,
reach-wall,fresh,zero_capture,official,reference_spearman,100,100,0.7578454083762509,0.7518675256951471,0.7636235738209698,
reach-wall,fresh,zero_capture,official,reference_top10_overlap,100,100,4.28,4.040000000000001,4.52,
reach-wall,fresh,zero_capture,official,winner_changed,100,100,0.69,0.6,0.78,
reach-wall,fresh,zero_capture,official,selected_in_reference_minimum_set,100,100,0.31,0.22000000000000003,0.4,
reach-wall,fresh,zero_capture,official,excess_reference_cost,100,100,0.08104978442192078,0.06447804120182991,0.09873520323634143,
reach-wall,fresh,zero_capture,official,excess_reference_cost_percent,100,100,3.8480849361222282,3.039744799474008,4.717920080508326,
reach-wall,fresh,zero_capture,official,reference_minimum_ties,100,100,1.0,1.0,1.0000000000000002,
reach-wall,fresh,zero_capture,official,selected_minimum_ties,100,100,1.0,1.0,1.0000000000000002,
reach-wall,fresh,zero_capture,official,reference_top10_cutoff_ties,100,100,1.0,1.0,1.0000000000000002,
reach-wall,fresh,zero_capture,official,selected_top10_cutoff_ties,100,100,1.0,1.0,1.0000000000000002,
reach-wall,fresh,zero_capture,proprio,reference_spearman,100,100,0.7742687558152138,0.7686666499052376,0.7798512181051906,
reach-wall,fresh,zero_capture,proprio,reference_top10_overlap,100,100,4.23,3.9700000000000015,4.480000000000001,
reach-wall,fresh,zero_capture,proprio,winner_changed,100,100,0.69,0.6,0.78,
reach-wall,fresh,zero_capture,proprio,selected_in_reference_minimum_set,100,100,0.31,0.22000000000000003,0.4,
reach-wall,fresh,zero_capture,proprio,excess_reference_cost,100,100,0.03186930861324072,0.025162875801324848,0.03889378403685986,
reach-wall,fresh,zero_capture,proprio,excess_reference_cost_percent,100,100,38.29391706589755,29.74650781872429,47.41475517588778,
reach-wall,fresh,zero_capture,proprio,reference_minimum_ties,100,100,1.0,1.0,1.0000000000000002,
reach-wall,fresh,zero_capture,proprio,selected_minimum_ties,100,100,1.0,1.0,1.0000000000000002,
reach-wall,fresh,zero_capture,proprio,reference_top10_cutoff_ties,100,100,1.0,1.0,1.0000000000000002,
reach-wall,fresh,zero_capture,proprio,selected_top10_cutoff_ties,100,100,1.0,1.0,1.0000000000000002,
reach-wall,fresh,zero_capture,visual,reference_spearman,100,100,0.7555670371216283,0.7495534960717706,0.7613977579202214,
reach-wall,fresh,zero_capture,visual,reference_top10_overlap,100,100,4.24,3.99,4.49,
reach-wall,fresh,zero_capture,visual,winner_changed,100,100,0.69,0.6,0.78,
reach-wall,fresh,zero_capture,visual,selected_in_reference_minimum_set,100,100,0.31,0.22000000000000003,0.4,
reach-wall,fresh,zero_capture,visual,excess_reference_cost,100,100,0.08064181327819825,0.06452850851416587,0.09766869032382962,
reach-wall,fresh,zero_capture,visual,excess_reference_cost_percent,100,100,3.8470199647532994,3.057888476932996,4.6877822681282,
reach-wall,fresh,zero_capture,visual,reference_minimum_ties,100,100,1.0,1.0,1.0000000000000002,
reach-wall,fresh,zero_capture,visual,selected_minimum_ties,100,100,1.0,1.0,1.0000000000000002,
reach-wall,fresh,zero_capture,visual,reference_top10_cutoff_ties,100,100,1.0,1.0,1.0000000000000002,
reach-wall,fresh,zero_capture,visual,selected_top10_cutoff_ties,100,100,1.0,1.0,1.0000000000000002,
reach-wall,original,all_blocks_h3_donor,official,reference_spearman,100,100,0.889393781718515,0.8850701309332438,0.8934481747413925,
reach-wall,original,all_blocks_h3_donor,official,reference_top10_overlap,100,100,5.94,5.640000000000001,6.240000000000001,
reach-wall,original,all_blocks_h3_donor,official,winner_changed,100,100,0.59,0.49,0.69,
reach-wall,original,all_blocks_h3_donor,official,selected_in_reference_minimum_set,100,100,0.41,0.31000000000000005,0.51,
reach-wall,original,all_blocks_h3_donor,official,excess_reference_cost,100,100,0.03972155570983887,0.030253937274217605,0.04980064469575882,
reach-wall,original,all_blocks_h3_donor,official,excess_reference_cost_percent,100,100,1.8720460953309643,1.4135570776628203,2.3594464037201495,
reach-wall,original,all_blocks_h3_donor,official,reference_minimum_ties,100,100,1.0,1.0,1.0000000000000002,
reach-wall,original,all_blocks_h3_donor,official,selected_minimum_ties,100,100,1.0,1.0,1.0000000000000002,
reach-wall,original,all_blocks_h3_donor,official,reference_top10_cutoff_ties,100,100,1.0,1.0,1.0000000000000002,
reach-wall,original,all_blocks_h3_donor,official,selected_top10_cutoff_ties,100,100,1.0,1.0,1.0000000000000002,
reach-wall,original,all_blocks_h3_donor,proprio,reference_spearman,100,100,0.9050678494185473,0.9021123717398883,0.9079078000852602,
reach-wall,original,all_blocks_h3_donor,proprio,reference_top10_overlap,100,100,6.36,6.120000000000001,6.590000000000002,
reach-wall,original,all_blocks_h3_donor,proprio,winner_changed,100,100,0.56,0.46,0.6599999999999999,
reach-wall,original,all_blocks_h3_donor,proprio,selected_in_reference_minimum_set,100,100,0.44,0.3400000000000001,0.54,
reach-wall,original,all_blocks_h3_donor,proprio,excess_reference_cost,100,100,0.010878232158720493,0.008363399936817586,0.013466774815693494,
reach-wall,original,all_blocks_h3_donor,proprio,excess_reference_cost_percent,100,100,11.923735305590323,9.075686047101707,14.912684270142567,
reach-wall,original,all_blocks_h3_donor,proprio,reference_minimum_ties,100,100,1.0,1.0,1.0000000000000002,
reach-wall,original,all_blocks_h3_donor,proprio,selected_minimum_ties,100,100,1.0,1.0,1.0000000000000002,
reach-wall,original,all_blocks_h3_donor,proprio,reference_top10_cutoff_ties,100,100,1.0,1.0,1.0000000000000002,
reach-wall,original,all_blocks_h3_donor,proprio,selected_top10_cutoff_ties,100,100,1.0,1.0,1.0000000000000002,
reach-wall,original,all_blocks_h3_donor,visual,reference_spearman,100,100,0.888050937116315,0.8836672917959308,0.8921572843999876,
reach-wall,original,all_blocks_h3_donor,visual,reference_top10_overlap,100,100,5.88,5.590000000000001,6.170000000000001,
reach-wall,original,all_blocks_h3_donor,visual,winner_changed,100,100,0.59,0.49,0.6802499999999784,
reach-wall,original,all_blocks_h3_donor,visual,selected_in_reference_minimum_set,100,100,0.41,0.3197500000000002,0.51,
reach-wall,original,all_blocks_h3_donor,visual,excess_reference_cost,100,100,0.037550302743911745,0.028560210913419724,0.04709734234213828,
reach-wall,original,all_blocks_h3_donor,visual,excess_reference_cost_percent,100,100,1.7780424477599401,1.3393129353614817,2.2439614196389033,
reach-wall,original,all_blocks_h3_donor,visual,reference_minimum_ties,100,100,1.0,1.0,1.0000000000000002,
reach-wall,original,all_blocks_h3_donor,visual,selected_minimum_ties,100,100,1.0,1.0,1.0000000000000002,
reach-wall,original,all_blocks_h3_donor,visual,reference_top10_cutoff_ties,100,100,1.0,1.0,1.0000000000000002,
reach-wall,original,all_blocks_h3_donor,visual,selected_top10_cutoff_ties,100,100,1.0,1.0,1.0000000000000002,
reach-wall,original,all_blocks_persistent_donor,official,reference_spearman,100,100,1.0,1.0,1.0000000000000002,
reach-wall,original,all_blocks_persistent_donor,official,reference_top10_overlap,100,100,10.0,10.0,10.000000000000004,
reach-wall,original,all_blocks_persistent_donor,official,winner_changed,100,100,0.0,0.0,0.0,
reach-wall,original,all_blocks_persistent_donor,official,selected_in_reference_minimum_set,100,100,1.0,1.0,1.0000000000000002,
reach-wall,original,all_blocks_persistent_donor,official,excess_reference_cost,100,100,0.0,0.0,0.0,
reach-wall,original,all_blocks_persistent_donor,official,excess_reference_cost_percent,100,100,0.0,0.0,0.0,
reach-wall,original,all_blocks_persistent_donor,official,reference_minimum_ties,100,100,1.0,1.0,1.0000000000000002,
reach-wall,original,all_blocks_persistent_donor,official,selected_minimum_ties,100,100,1.0,1.0,1.0000000000000002,
reach-wall,original,all_blocks_persistent_donor,official,reference_top10_cutoff_ties,100,100,1.0,1.0,1.0000000000000002,
reach-wall,original,all_blocks_persistent_donor,official,selected_top10_cutoff_ties,100,100,1.0,1.0,1.0000000000000002,
reach-wall,original,all_blocks_persistent_donor,proprio,reference_spearman,100,100,1.0,1.0,1.0000000000000002,
reach-wall,original,all_blocks_persistent_donor,proprio,reference_top10_overlap,100,100,10.0,10.0,10.000000000000004,
reach-wall,original,all_blocks_persistent_donor,proprio,winner_changed,100,100,0.0,0.0,0.0,
reach-wall,original,all_blocks_persistent_donor,proprio,selected_in_reference_minimum_set,100,100,1.0,1.0,1.0000000000000002,
reach-wall,original,all_blocks_persistent_donor,proprio,excess_reference_cost,100,100,0.0,0.0,0.0,
reach-wall,original,all_blocks_persistent_donor,proprio,excess_reference_cost_percent,100,100,0.0,0.0,0.0,
reach-wall,original,all_blocks_persistent_donor,proprio,reference_minimum_ties,100,100,1.0,1.0,1.0000000000000002,
reach-wall,original,all_blocks_persistent_donor,proprio,selected_minimum_ties,100,100,1.0,1.0,1.0000000000000002,
reach-wall,original,all_blocks_persistent_donor,proprio,reference_top10_cutoff_ties,100,100,1.0,1.0,1.0000000000000002,
reach-wall,original,all_blocks_persistent_donor,proprio,selected_top10_cutoff_ties,100,100,1.0,1.0,1.0000000000000002,
reach-wall,original,all_blocks_persistent_donor,visual,reference_spearman,100,100,1.0,1.0,1.0000000000000002,
reach-wall,original,all_blocks_persistent_donor,visual,reference_top10_overlap,100,100,10.0,10.0,10.000000000000004,
reach-wall,original,all_blocks_persistent_donor,visual,winner_changed,100,100,0.0,0.0,0.0,
reach-wall,original,all_blocks_persistent_donor,visual,selected_in_reference_minimum_set,100,100,1.0,1.0,1.0000000000000002,
reach-wall,original,all_blocks_persistent_donor,visual,excess_reference_cost,100,100,0.0,0.0,0.0,
reach-wall,original,all_blocks_persistent_donor,visual,excess_reference_cost_percent,100,100,0.0,0.0,0.0,
reach-wall,original,all_blocks_persistent_donor,visual,reference_minimum_ties,100,100,1.0,1.0,1.0000000000000002,
reach-wall,original,all_blocks_persistent_donor,visual,selected_minimum_ties,100,100,1.0,1.0,1.0000000000000002,
reach-wall,original,all_blocks_persistent_donor,visual,reference_top10_cutoff_ties,100,100,1.0,1.0,1.0000000000000002,
reach-wall,original,all_blocks_persistent_donor,visual,selected_top10_cutoff_ties,100,100,1.0,1.0,1.0000000000000002,
reach-wall,original,coherent_raw_h3,official,reference_spearman,100,100,1.0,1.0,1.0000000000000002,
reach-wall,original,coherent_raw_h3,official,reference_top10_overlap,100,100,10.0,10.0,10.000000000000004,
reach-wall,original,coherent_raw_h3,official,winner_changed,100,100,0.0,0.0,0.0,
reach-wall,original,coherent_raw_h3,official,selected_in_reference_minimum_set,100,100,1.0,1.0,1.0000000000000002,
reach-wall,original,coherent_raw_h3,official,excess_reference_cost,100,100,0.0,0.0,0.0,
reach-wall,original,coherent_raw_h3,official,excess_reference_cost_percent,100,100,0.0,0.0,0.0,
reach-wall,original,coherent_raw_h3,official,reference_minimum_ties,100,100,1.0,1.0,1.0000000000000002,
reach-wall,original,coherent_raw_h3,official,selected_minimum_ties,100,100,1.0,1.0,1.0000000000000002,
reach-wall,original,coherent_raw_h3,official,reference_top10_cutoff_ties,100,100,1.0,1.0,1.0000000000000002,
reach-wall,original,coherent_raw_h3,official,selected_top10_cutoff_ties,100,100,1.0,1.0,1.0000000000000002,
reach-wall,original,coherent_raw_h3,proprio,reference_spearman,100,100,1.0,1.0,1.0000000000000002,
reach-wall,original,coherent_raw_h3,proprio,reference_top10_overlap,100,100,10.0,10.0,10.000000000000004,
reach-wall,original,coherent_raw_h3,proprio,winner_changed,100,100,0.0,0.0,0.0,
reach-wall,original,coherent_raw_h3,proprio,selected_in_reference_minimum_set,100,100,1.0,1.0,1.0000000000000002,
reach-wall,original,coherent_raw_h3,proprio,excess_reference_cost,100,100,0.0,0.0,0.0,
reach-wall,original,coherent_raw_h3,proprio,excess_reference_cost_percent,100,100,0.0,0.0,0.0,
reach-wall,original,coherent_raw_h3,proprio,reference_minimum_ties,100,100,1.0,1.0,1.0000000000000002,
reach-wall,original,coherent_raw_h3,proprio,selected_minimum_ties,100,100,1.0,1.0,1.0000000000000002,
reach-wall,original,coherent_raw_h3,proprio,reference_top10_cutoff_ties,100,100,1.0,1.0,1.0000000000000002,
reach-wall,original,coherent_raw_h3,proprio,selected_top10_cutoff_ties,100,100,1.0,1.0,1.0000000000000002,
reach-wall,original,coherent_raw_h3,visual,reference_spearman,100,100,1.0,1.0,1.0000000000000002,
reach-wall,original,coherent_raw_h3,visual,reference_top10_overlap,100,100,10.0,10.0,10.000000000000004,
reach-wall,original,coherent_raw_h3,visual,winner_changed,100,100,0.0,0.0,0.0,
reach-wall,original,coherent_raw_h3,visual,selected_in_reference_minimum_set,100,100,1.0,1.0,1.0000000000000002,
reach-wall,original,coherent_raw_h3,visual,excess_reference_cost,100,100,0.0,0.0,0.0,
reach-wall,original,coherent_raw_h3,visual,excess_reference_cost_percent,100,100,0.0,0.0,0.0,
reach-wall,original,coherent_raw_h3,visual,reference_minimum_ties,100,100,1.0,1.0,1.0000000000000002,
reach-wall,original,coherent_raw_h3,visual,selected_minimum_ties,100,100,1.0,1.0,1.0000000000000002,
reach-wall,original,coherent_raw_h3,visual,reference_top10_cutoff_ties,100,100,1.0,1.0,1.0000000000000002,
reach-wall,original,coherent_raw_h3,visual,selected_top10_cutoff_ties,100,100,1.0,1.0,1.0000000000000002,
reach-wall,original,donor_h3_B0,official,reference_spearman,100,100,0.772285677211268,0.7665176781625535,0.7777006634419276,
reach-wall,original,donor_h3_B0,official,reference_top10_overlap,100,100,4.32,4.03,4.610000000000001,
reach-wall,original,donor_h3_B0,official,winner_changed,100,100,0.78,0.6900000000000001,0.86,
reach-wall,original,donor_h3_B0,official,selected_in_reference_minimum_set,100,100,0.22,0.14,0.31,
reach-wall,original,donor_h3_B0,official,excess_reference_cost,100,100,0.09124362349510193,0.0712314474582672,0.11263487395644182,
reach-wall,original,donor_h3_B0,official,excess_reference_cost_percent,100,100,4.4873652526005605,3.3920912540261763,5.704852983899441,
reach-wall,original,donor_h3_B0,official,reference_minimum_ties,100,100,1.0,1.0,1.0000000000000002,
reach-wall,original,donor_h3_B0,official,selected_minimum_ties,100,100,1.0,1.0,1.0000000000000002,
reach-wall,original,donor_h3_B0,official,reference_top10_cutoff_ties,100,100,1.0,1.0,1.0000000000000002,
reach-wall,original,donor_h3_B0,official,selected_top10_cutoff_ties,100,100,1.0,1.0,1.0000000000000002,
reach-wall,original,donor_h3_B0,proprio,reference_spearman,100,100,0.7814042951039424,0.7763162505138946,0.7865524750378485,
reach-wall,original,donor_h3_B0,proprio,reference_top10_overlap,100,100,4.62,4.380000000000001,4.850000000000001,
reach-wall,original,donor_h3_B0,proprio,winner_changed,100,100,0.69,0.6,0.78,
reach-wall,original,donor_h3_B0,proprio,selected_in_reference_minimum_set,100,100,0.31,0.22000000000000003,0.4,
reach-wall,original,donor_h3_B0,proprio,excess_reference_cost,100,100,0.02656515721231699,0.02071939667221159,0.03262191796023397,
reach-wall,original,donor_h3_B0,proprio,excess_reference_cost_percent,100,100,34.52887601296199,25.52193908075312,44.5217291917005,
reach-wall,original,donor_h3_B0,proprio,reference_minimum_ties,100,100,1.0,1.0,1.0000000000000002,
reach-wall,original,donor_h3_B0,proprio,selected_minimum_ties,100,100,1.0,1.0,1.0000000000000002,
reach-wall,original,donor_h3_B0,proprio,reference_top10_cutoff_ties,100,100,1.0,1.0,1.0000000000000002,
reach-wall,original,donor_h3_B0,proprio,selected_top10_cutoff_ties,100,100,1.0,1.0,1.0000000000000002,
reach-wall,original,donor_h3_B0,visual,reference_spearman,100,100,0.7707237657056746,0.7648747764203523,0.7762149733664897,
reach-wall,original,donor_h3_B0,visual,reference_top10_overlap,100,100,4.25,3.9800000000000004,4.520000000000001,
reach-wall,original,donor_h3_B0,visual,winner_changed,100,100,0.75,0.66,0.8300000000000001,
reach-wall,original,donor_h3_B0,visual,selected_in_reference_minimum_set,100,100,0.25,0.16999999999999998,0.33999999999999997,
reach-wall,original,donor_h3_B0,visual,excess_reference_cost,100,100,0.08720501065254212,0.06838846245408059,0.10796081465482708,
reach-wall,original,donor_h3_B0,visual,excess_reference_cost_percent,100,100,4.295452559167959,3.2627456123480414,5.473843816588837,
reach-wall,original,donor_h3_B0,visual,reference_minimum_ties,100,100,1.0,1.0,1.0000000000000002,
reach-wall,original,donor_h3_B0,visual,selected_minimum_ties,100,100,1.0,1.0,1.0000000000000002,
reach-wall,original,donor_h3_B0,visual,reference_top10_cutoff_ties,100,100,1.0,1.0,1.0000000000000002,
reach-wall,original,donor_h3_B0,visual,selected_top10_cutoff_ties,100,100,1.0,1.0,1.0000000000000002,
reach-wall,original,donor_h3_B1,official,reference_spearman,100,100,0.8183136236883635,0.8132134354712702,0.8230759909982502,
reach-wall,original,donor_h3_B1,official,reference_top10_overlap,100,100,4.79,4.500000000000001,5.070000000000002,
reach-wall,original,donor_h3_B1,official,winner_changed,100,100,0.74,0.65,0.8200000000000001,
reach-wall,original,donor_h3_B1,official,selected_in_reference_minimum_set,100,100,0.26,0.18,0.35,
reach-wall,original,donor_h3_B1,official,excess_reference_cost,100,100,0.08130032658576965,0.06357599660754203,0.10045785990357396,
reach-wall,original,donor_h3_B1,official,excess_reference_cost_percent,100,100,3.978362550046042,3.030419476194087,5.050525525931826,
reach-wall,original,donor_h3_B1,official,reference_minimum_ties,100,100,1.0,1.0,1.0000000000000002,
reach-wall,original,donor_h3_B1,official,selected_minimum_ties,100,100,1.0,1.0,1.0000000000000002,
reach-wall,original,donor_h3_B1,official,reference_top10_cutoff_ties,100,100,1.0,1.0,1.0000000000000002,
reach-wall,original,donor_h3_B1,official,selected_top10_cutoff_ties,100,100,1.0,1.0,1.0000000000000002,
reach-wall,original,donor_h3_B1,proprio,reference_spearman,100,100,0.8303254934427613,0.8260430602887581,0.8346324408532882,
reach-wall,original,donor_h3_B1,proprio,reference_top10_overlap,100,100,5.06,4.800000000000001,5.3100000000000005,
reach-wall,original,donor_h3_B1,proprio,winner_changed,100,100,0.64,0.54,0.73,
reach-wall,original,donor_h3_B1,proprio,selected_in_reference_minimum_set,100,100,0.36,0.27,0.45999999999999996,
reach-wall,original,donor_h3_B1,proprio,excess_reference_cost,100,100,0.021623472534120083,0.016271789092570543,0.02750440488196909,
reach-wall,original,donor_h3_B1,proprio,excess_reference_cost_percent,100,100,26.07200872547989,19.05813496917277,33.83803457539757,
reach-wall,original,donor_h3_B1,proprio,reference_minimum_ties,100,100,1.0,1.0,1.0000000000000002,
reach-wall,original,donor_h3_B1,proprio,selected_minimum_ties,100,100,1.0,1.0,1.0000000000000002,
reach-wall,original,donor_h3_B1,proprio,reference_top10_cutoff_ties,100,100,1.0,1.0,1.0000000000000002,
reach-wall,original,donor_h3_B1,proprio,selected_top10_cutoff_ties,100,100,1.0,1.0,1.0000000000000002,
reach-wall,original,donor_h3_B1,visual,reference_spearman,100,100,0.8167190655869934,0.811549779261516,0.8215667578662605,
reach-wall,original,donor_h3_B1,visual,reference_top10_overlap,100,100,4.77,4.500000000000001,5.040000000000001,
reach-wall,original,donor_h3_B1,visual,winner_changed,100,100,0.73,0.64,0.81,
reach-wall,original,donor_h3_B1,visual,selected_in_reference_minimum_set,100,100,0.27,0.19,0.36,
reach-wall,original,donor_h3_B1,visual,excess_reference_cost,100,100,0.07935800790786743,0.06219441053271293,0.09807554769515987,
reach-wall,original,donor_h3_B1,visual,excess_reference_cost_percent,100,100,3.9015422879326622,2.975123933575785,4.9594747863335344,
reach-wall,original,donor_h3_B1,visual,reference_minimum_ties,100,100,1.0,1.0,1.0000000000000002,
reach-wall,original,donor_h3_B1,visual,selected_minimum_ties,100,100,1.0,1.0,1.0000000000000002,
reach-wall,original,donor_h3_B1,visual,reference_top10_cutoff_ties,100,100,1.0,1.0,1.0000000000000002,
reach-wall,original,donor_h3_B1,visual,selected_top10_cutoff_ties,100,100,1.0,1.0,1.0000000000000002,
reach-wall,original,donor_h3_B2,official,reference_spearman,100,100,0.7804296815044373,0.7744364772410426,0.7859691288194588,
reach-wall,original,donor_h3_B2,official,reference_top10_overlap,100,100,4.39,4.090000000000001,4.6800000000000015,
reach-wall,original,donor_h3_B2,official,winner_changed,100,100,0.77,0.6800000000000002,0.8500000000000001,
reach-wall,original,donor_h3_B2,official,selected_in_reference_minimum_set,100,100,0.23,0.15000000000000002,0.31999999999999995,
reach-wall,original,donor_h3_B2,official,excess_reference_cost,100,100,0.08620454668998719,0.06796768575906753,0.10625006818771363,
reach-wall,original,donor_h3_B2,official,excess_reference_cost_percent,100,100,4.223719797497116,3.2217433481944306,5.377699229816679,
reach-wall,original,donor_h3_B2,official,reference_minimum_ties,100,100,1.0,1.0,1.0000000000000002,
reach-wall,original,donor_h3_B2,official,selected_minimum_ties,100,100,1.0,1.0,1.0000000000000002,
reach-wall,original,donor_h3_B2,official,reference_top10_cutoff_ties,100,100,1.0,1.0,1.0000000000000002,
reach-wall,original,donor_h3_B2,official,selected_top10_cutoff_ties,100,100,1.0,1.0,1.0000000000000002,
reach-wall,original,donor_h3_B2,proprio,reference_spearman,100,100,0.7965627214102251,0.7916937970993188,0.8014559125793171,
reach-wall,original,donor_h3_B2,proprio,reference_top10_overlap,100,100,4.78,4.520000000000001,5.03,
reach-wall,original,donor_h3_B2,proprio,winner_changed,100,100,0.68,0.59,0.77,
reach-wall,original,donor_h3_B2,proprio,selected_in_reference_minimum_set,100,100,0.32,0.23,0.41000000000000003,
reach-wall,original,donor_h3_B2,proprio,excess_reference_cost,100,100,0.024762274138629435,0.0190806590532884,0.030848422252573067,
reach-wall,original,donor_h3_B2,proprio,excess_reference_cost_percent,100,100,32.075865809942954,23.32652329286216,42.13399809984769,
reach-wall,original,donor_h3_B2,proprio,reference_minimum_ties,100,100,1.0,1.0,1.0000000000000002,
reach-wall,original,donor_h3_B2,proprio,selected_minimum_ties,100,100,1.0,1.0,1.0000000000000002,
reach-wall,original,donor_h3_B2,proprio,reference_top10_cutoff_ties,100,100,1.0,1.0,1.0000000000000002,
reach-wall,original,donor_h3_B2,proprio,selected_top10_cutoff_ties,100,100,1.0,1.0,1.0000000000000002,
reach-wall,original,donor_h3_B2,visual,reference_spearman,100,100,0.7783502841595085,0.7722384410120608,0.783987921177415,
reach-wall,original,donor_h3_B2,visual,reference_top10_overlap,100,100,4.38,4.1000000000000005,4.660000000000002,
reach-wall,original,donor_h3_B2,visual,winner_changed,100,100,0.76,0.67,0.8400000000000001,
reach-wall,original,donor_h3_B2,visual,selected_in_reference_minimum_set,100,100,0.24,0.16,0.32999999999999996,
reach-wall,original,donor_h3_B2,visual,excess_reference_cost,100,100,0.0837714684009552,0.06595457699894905,0.1033382284939289,
reach-wall,original,donor_h3_B2,visual,excess_reference_cost_percent,100,100,4.130269021690106,3.143679814738315,5.263698225258049,
reach-wall,original,donor_h3_B2,visual,reference_minimum_ties,100,100,1.0,1.0,1.0000000000000002,
reach-wall,original,donor_h3_B2,visual,selected_minimum_ties,100,100,1.0,1.0,1.0000000000000002,
reach-wall,original,donor_h3_B2,visual,reference_top10_cutoff_ties,100,100,1.0,1.0,1.0000000000000002,
reach-wall,original,donor_h3_B2,visual,selected_top10_cutoff_ties,100,100,1.0,1.0,1.0000000000000002,
reach-wall,original,donor_h3_B3,official,reference_spearman,100,100,0.7576805679108136,0.751503513248697,0.7634871563640333,
reach-wall,original,donor_h3_B3,official,reference_top10_overlap,100,100,4.09,3.7900000000000005,4.390000000000001,
reach-wall,original,donor_h3_B3,official,winner_changed,100,100,0.78,0.6900000000000001,0.86,
reach-wall,original,donor_h3_B3,official,selected_in_reference_minimum_set,100,100,0.22,0.14,0.31,
reach-wall,original,donor_h3_B3,official,excess_reference_cost,100,100,0.09667937517166138,0.07634149026870728,0.11835870295763015,
reach-wall,original,donor_h3_B3,official,excess_reference_cost_percent,100,100,4.753712153920208,3.6454409605422056,5.975636518799279,
reach-wall,original,donor_h3_B3,official,reference_minimum_ties,100,100,1.0,1.0,1.0000000000000002,
reach-wall,original,donor_h3_B3,official,selected_minimum_ties,100,100,1.0,1.0,1.0000000000000002,
reach-wall,original,donor_h3_B3,official,reference_top10_cutoff_ties,100,100,1.0,1.0,1.0000000000000002,
reach-wall,original,donor_h3_B3,official,selected_top10_cutoff_ties,100,100,1.0,1.0,1.0000000000000002,
reach-wall,original,donor_h3_B3,proprio,reference_spearman,100,100,0.7658100374567453,0.7605517928292114,0.7712083983770077,
reach-wall,original,donor_h3_B3,proprio,reference_top10_overlap,100,100,4.48,4.23,4.720000000000001,
reach-wall,original,donor_h3_B3,proprio,winner_changed,100,100,0.7,0.61,0.79,
reach-wall,original,donor_h3_B3,proprio,selected_in_reference_minimum_set,100,100,0.3,0.21000000000000002,0.39,
reach-wall,original,donor_h3_B3,proprio,excess_reference_cost,100,100,0.028160452730953692,0.022017639637924732,0.034511001323349756,
reach-wall,original,donor_h3_B3,proprio,excess_reference_cost_percent,100,100,36.58954206925136,27.173645485879387,46.887652957510525,
reach-wall,original,donor_h3_B3,proprio,reference_minimum_ties,100,100,1.0,1.0,1.0000000000000002,
reach-wall,original,donor_h3_B3,proprio,selected_minimum_ties,100,100,1.0,1.0,1.0000000000000002,
reach-wall,original,donor_h3_B3,proprio,reference_top10_cutoff_ties,100,100,1.0,1.0,1.0000000000000002,
reach-wall,original,donor_h3_B3,proprio,selected_top10_cutoff_ties,100,100,1.0,1.0,1.0000000000000002,
reach-wall,original,donor_h3_B3,visual,reference_spearman,100,100,0.7558597885516217,0.749544035932741,0.7617871549366418,
reach-wall,original,donor_h3_B3,visual,reference_top10_overlap,100,100,4.05,3.7600000000000007,4.340000000000001,
reach-wall,original,donor_h3_B3,visual,winner_changed,100,100,0.77,0.68,0.85,
reach-wall,original,donor_h3_B3,visual,selected_in_reference_minimum_set,100,100,0.23,0.15000000000000002,0.32,
reach-wall,original,donor_h3_B3,visual,excess_reference_cost,100,100,0.09382313370704651,0.07388579994440078,0.11495295208692549,
reach-wall,original,donor_h3_B3,visual,excess_reference_cost_percent,100,100,4.6371015061934875,3.5465330503200345,5.840196509693241,
reach-wall,original,donor_h3_B3,visual,reference_minimum_ties,100,100,1.0,1.0,1.0000000000000002,
reach-wall,original,donor_h3_B3,visual,selected_minimum_ties,100,100,1.0,1.0,1.0000000000000002,
reach-wall,original,donor_h3_B3,visual,reference_top10_cutoff_ties,100,100,1.0,1.0,1.0000000000000002,
reach-wall,original,donor_h3_B3,visual,selected_top10_cutoff_ties,100,100,1.0,1.0,1.0000000000000002,
reach-wall,original,donor_h3_B4,official,reference_spearman,100,100,0.8009009101229552,0.7943881436963295,0.8069430802761066,
reach-wall,original,donor_h3_B4,official,reference_top10_overlap,100,100,4.57,4.250000000000001,4.890000000000001,
reach-wall,original,donor_h3_B4,official,winner_changed,100,100,0.77,0.6800000000000002,0.8500000000000001,
reach-wall,original,donor_h3_B4,official,selected_in_reference_minimum_set,100,100,0.23,0.15000000000000002,0.31999999999999995,
reach-wall,original,donor_h3_B4,official,excess_reference_cost,100,100,0.08221352696418763,0.06554188644886018,0.10031563207507134,
reach-wall,original,donor_h3_B4,official,excess_reference_cost_percent,100,100,3.9406724470704626,3.0632995847307742,4.9328692522150694,
reach-wall,original,donor_h3_B4,official,reference_minimum_ties,100,100,1.0,1.0,1.0000000000000002,
reach-wall,original,donor_h3_B4,official,selected_minimum_ties,100,100,1.0,1.0,1.0000000000000002,
reach-wall,original,donor_h3_B4,official,reference_top10_cutoff_ties,100,100,1.0,1.0,1.0000000000000002,
reach-wall,original,donor_h3_B4,official,selected_top10_cutoff_ties,100,100,1.0,1.0,1.0000000000000002,
reach-wall,original,donor_h3_B4,proprio,reference_spearman,100,100,0.832078168478797,0.8275617275503079,0.8365299879434577,
reach-wall,original,donor_h3_B4,proprio,reference_top10_overlap,100,100,4.99,4.74,5.240000000000001,
reach-wall,original,donor_h3_B4,proprio,winner_changed,100,100,0.66,0.57,0.75,
reach-wall,original,donor_h3_B4,proprio,selected_in_reference_minimum_set,100,100,0.34,0.25,0.43000000000000005,
reach-wall,original,donor_h3_B4,proprio,excess_reference_cost,100,100,0.02129369828850031,0.016520553150214255,0.0265204209331423,
reach-wall,original,donor_h3_B4,proprio,excess_reference_cost_percent,100,100,26.551449822168614,19.667960652950615,34.23682989544885,
reach-wall,original,donor_h3_B4,proprio,reference_minimum_ties,100,100,1.0,1.0,1.0000000000000002,
reach-wall,original,donor_h3_B4,proprio,selected_minimum_ties,100,100,1.0,1.0,1.0000000000000002,
reach-wall,original,donor_h3_B4,proprio,reference_top10_cutoff_ties,100,100,1.0,1.0,1.0000000000000002,
reach-wall,original,donor_h3_B4,proprio,selected_top10_cutoff_ties,100,100,1.0,1.0,1.0000000000000002,
reach-wall,original,donor_h3_B4,visual,reference_spearman,100,100,0.7979728984096998,0.7913802882796629,0.8040577724977293,
reach-wall,original,donor_h3_B4,visual,reference_top10_overlap,100,100,4.57,4.26,4.880000000000001,
reach-wall,original,donor_h3_B4,visual,winner_changed,100,100,0.76,0.67,0.8400000000000001,
reach-wall,original,donor_h3_B4,visual,selected_in_reference_minimum_set,100,100,0.24,0.16,0.32999999999999996,
reach-wall,original,donor_h3_B4,visual,excess_reference_cost,100,100,0.07877622604370117,0.062496967971324924,0.09649358710646626,
reach-wall,original,donor_h3_B4,visual,excess_reference_cost_percent,100,100,3.8072936035587235,2.947312509624687,4.780009543995641,
reach-wall,original,donor_h3_B4,visual,reference_minimum_ties,100,100,1.0,1.0,1.0000000000000002,
reach-wall,original,donor_h3_B4,visual,selected_minimum_ties,100,100,1.0,1.0,1.0000000000000002,
reach-wall,original,donor_h3_B4,visual,reference_top10_cutoff_ties,100,100,1.0,1.0,1.0000000000000002,
reach-wall,original,donor_h3_B4,visual,selected_top10_cutoff_ties,100,100,1.0,1.0,1.0000000000000002,
reach-wall,original,donor_h3_B5,official,reference_spearman,100,100,0.7600839302340354,0.7538279008063125,0.7659456928058297,
reach-wall,original,donor_h3_B5,official,reference_top10_overlap,100,100,4.16,3.87,4.450249999999979,
reach-wall,original,donor_h3_B5,official,winner_changed,100,100,0.8,0.72,0.8700000000000001,
reach-wall,original,donor_h3_B5,official,selected_in_reference_minimum_set,100,100,0.2,0.13,0.28,
reach-wall,original,donor_h3_B5,official,excess_reference_cost,100,100,0.09972495794296264,0.07954025024175644,0.12132036340236664,
reach-wall,original,donor_h3_B5,official,excess_reference_cost_percent,100,100,4.891425536640312,3.792589565808039,6.110429066799172,
reach-wall,original,donor_h3_B5,official,reference_minimum_ties,100,100,1.0,1.0,1.0000000000000002,
reach-wall,original,donor_h3_B5,official,selected_minimum_ties,100,100,1.0,1.0,1.0000000000000002,
reach-wall,original,donor_h3_B5,official,reference_top10_cutoff_ties,100,100,1.0,1.0,1.0000000000000002,
reach-wall,original,donor_h3_B5,official,selected_top10_cutoff_ties,100,100,1.0,1.0,1.0000000000000002,
reach-wall,original,donor_h3_B5,proprio,reference_spearman,100,100,0.7753972564090981,0.7702567392922411,0.780662973885245,
reach-wall,original,donor_h3_B5,proprio,reference_top10_overlap,100,100,4.47,4.23,4.710000000000001,
reach-wall,original,donor_h3_B5,proprio,winner_changed,100,100,0.7,0.61,0.79,
reach-wall,original,donor_h3_B5,proprio,selected_in_reference_minimum_set,100,100,0.3,0.21000000000000002,0.39,
reach-wall,original,donor_h3_B5,proprio,excess_reference_cost,100,100,0.02780249509960413,0.02166258798725903,0.034151706709526476,
reach-wall,original,donor_h3_B5,proprio,excess_reference_cost_percent,100,100,36.16524178568457,26.791624791238373,46.332470221176216,
reach-wall,original,donor_h3_B5,proprio,reference_minimum_ties,100,100,1.0,1.0,1.0000000000000002,
reach-wall,original,donor_h3_B5,proprio,selected_minimum_ties,100,100,1.0,1.0,1.0000000000000002,
reach-wall,original,donor_h3_B5,proprio,reference_top10_cutoff_ties,100,100,1.0,1.0,1.0000000000000002,
reach-wall,original,donor_h3_B5,proprio,selected_top10_cutoff_ties,100,100,1.0,1.0,1.0000000000000002,
reach-wall,original,donor_h3_B5,visual,reference_spearman,100,100,0.7579753394987163,0.7515548359728668,0.7639537122211596,
reach-wall,original,donor_h3_B5,visual,reference_top10_overlap,100,100,4.08,3.8000000000000003,4.370000000000001,
reach-wall,original,donor_h3_B5,visual,winner_changed,100,100,0.79,0.71,0.87,
reach-wall,original,donor_h3_B5,visual,selected_in_reference_minimum_set,100,100,0.21,0.13,0.29000000000000004,
reach-wall,original,donor_h3_B5,visual,excess_reference_cost,100,100,0.09661837220191956,0.07688825717568397,0.1177024855613708,
reach-wall,original,donor_h3_B5,visual,excess_reference_cost_percent,100,100,4.76510046526966,3.6858048251663367,5.963158004868938,
reach-wall,original,donor_h3_B5,visual,reference_minimum_ties,100,100,1.0,1.0,1.0000000000000002,
reach-wall,original,donor_h3_B5,visual,selected_minimum_ties,100,100,1.0,1.0,1.0000000000000002,
reach-wall,original,donor_h3_B5,visual,reference_top10_cutoff_ties,100,100,1.0,1.0,1.0000000000000002,
reach-wall,original,donor_h3_B5,visual,selected_top10_cutoff_ties,100,100,1.0,1.0,1.0000000000000002,
reach-wall,original,donor_persistent_B0,official,reference_spearman,100,100,0.8042576940171402,0.7993160886481764,0.8089025612350341,
reach-wall,original,donor_persistent_B0,official,reference_top10_overlap,100,100,4.68,4.400000000000001,4.950000000000001,
reach-wall,original,donor_persistent_B0,official,winner_changed,100,100,0.71,0.62,0.7999999999999999,
reach-wall,original,donor_persistent_B0,official,selected_in_reference_minimum_set,100,100,0.29,0.2,0.38,
reach-wall,original,donor_persistent_B0,official,excess_reference_cost,100,100,0.07539536833763122,0.056819652795791625,0.09597792115807532,
reach-wall,original,donor_persistent_B0,official,excess_reference_cost_percent,100,100,3.736297260828851,2.708757373426889,4.920913337530448,
reach-wall,original,donor_persistent_B0,official,reference_minimum_ties,100,100,1.0,1.0,1.0000000000000002,
reach-wall,original,donor_persistent_B0,official,selected_minimum_ties,100,100,1.0,1.0,1.0000000000000002,
reach-wall,original,donor_persistent_B0,official,reference_top10_cutoff_ties,100,100,1.0,1.0,1.0000000000000002,
reach-wall,original,donor_persistent_B0,official,selected_top10_cutoff_ties,100,100,1.0,1.0,1.0000000000000002,
reach-wall,original,donor_persistent_B0,proprio,reference_spearman,100,100,0.8097474358891482,0.805260327398335,0.8143343076625676,
reach-wall,original,donor_persistent_B0,proprio,reference_top10_overlap,100,100,5.05,4.790000000000001,5.3,
reach-wall,original,donor_persistent_B0,proprio,winner_changed,100,100,0.66,0.57,0.75,
reach-wall,original,donor_persistent_B0,proprio,selected_in_reference_minimum_set,100,100,0.34,0.25,0.43000000000000005,
reach-wall,original,donor_persistent_B0,proprio,excess_reference_cost,100,100,0.021406422033905984,0.01640755328629166,0.02688472785241902,
reach-wall,original,donor_persistent_B0,proprio,excess_reference_cost_percent,100,100,25.814677558719545,19.33134014243005,33.05359567337883,
reach-wall,original,donor_persistent_B0,proprio,reference_minimum_ties,100,100,1.0,1.0,1.0000000000000002,
reach-wall,original,donor_persistent_B0,proprio,selected_minimum_ties,100,100,1.0,1.0,1.0000000000000002,
reach-wall,original,donor_persistent_B0,proprio,reference_top10_cutoff_ties,100,100,1.0,1.0,1.0000000000000002,
reach-wall,original,donor_persistent_B0,proprio,selected_top10_cutoff_ties,100,100,1.0,1.0,1.0000000000000002,
reach-wall,original,donor_persistent_B0,visual,reference_spearman,100,100,0.8031485439967492,0.7981017871365316,0.807873295747844,
reach-wall,original,donor_persistent_B0,visual,reference_top10_overlap,100,100,4.72,4.44,5.000000000000001,
reach-wall,original,donor_persistent_B0,visual,winner_changed,100,100,0.71,0.62,0.7999999999999999,
reach-wall,original,donor_persistent_B0,visual,selected_in_reference_minimum_set,100,100,0.29,0.2,0.38,
reach-wall,original,donor_persistent_B0,visual,excess_reference_cost,100,100,0.07390087723731995,0.05558930891752243,0.09427421927452086,
reach-wall,original,donor_persistent_B0,visual,excess_reference_cost_percent,100,100,3.6834715943040544,2.6663449077151835,4.861455302466362,
reach-wall,original,donor_persistent_B0,visual,reference_minimum_ties,100,100,1.0,1.0,1.0000000000000002,
reach-wall,original,donor_persistent_B0,visual,selected_minimum_ties,100,100,1.0,1.0,1.0000000000000002,
reach-wall,original,donor_persistent_B0,visual,reference_top10_cutoff_ties,100,100,1.0,1.0,1.0000000000000002,
reach-wall,original,donor_persistent_B0,visual,selected_top10_cutoff_ties,100,100,1.0,1.0,1.0000000000000002,
reach-wall,original,donor_persistent_B1,official,reference_spearman,100,100,0.9476041399312426,0.9458957085026203,0.9492897005156015,
reach-wall,original,donor_persistent_B1,official,reference_top10_overlap,100,100,7.14,6.9,7.380000000000001,
reach-wall,original,donor_persistent_B1,official,winner_changed,100,100,0.44,0.34,0.54,
reach-wall,original,donor_persistent_B1,official,selected_in_reference_minimum_set,100,100,0.56,0.46,0.6599999999999999,
reach-wall,original,donor_persistent_B1,official,excess_reference_cost,100,100,0.021438881158828735,0.014791200846433641,0.028763811677694318,
reach-wall,original,donor_persistent_B1,official,excess_reference_cost_percent,100,100,1.0176955251148616,0.6910781002810387,1.3839051037328733,
reach-wall,original,donor_persistent_B1,official,reference_minimum_ties,100,100,1.0,1.0,1.0000000000000002,
reach-wall,original,donor_persistent_B1,official,selected_minimum_ties,100,100,1.0,1.0,1.0000000000000002,
reach-wall,original,donor_persistent_B1,official,reference_top10_cutoff_ties,100,100,1.0,1.0,1.0000000000000002,
reach-wall,original,donor_persistent_B1,official,selected_top10_cutoff_ties,100,100,1.0,1.0,1.0000000000000002,
reach-wall,original,donor_persistent_B1,proprio,reference_spearman,100,100,0.952626599132243,0.951355746952744,0.9539064087908216,
reach-wall,original,donor_persistent_B1,proprio,reference_top10_overlap,100,100,7.25,7.029999999999999,7.470000000000001,
reach-wall,original,donor_persistent_B1,proprio,winner_changed,100,100,0.44,0.34,0.54,
reach-wall,original,donor_persistent_B1,proprio,selected_in_reference_minimum_set,100,100,0.56,0.46,0.6599999999999999,
reach-wall,original,donor_persistent_B1,proprio,excess_reference_cost,100,100,0.0071775583922863,0.005078423681668938,0.009442297625355424,
reach-wall,original,donor_persistent_B1,proprio,excess_reference_cost_percent,100,100,8.002480252857872,5.553475695729998,10.742188645509428,
reach-wall,original,donor_persistent_B1,proprio,reference_minimum_ties,100,100,1.0,1.0,1.0000000000000002,
reach-wall,original,donor_persistent_B1,proprio,selected_minimum_ties,100,100,1.0,1.0,1.0000000000000002,
reach-wall,original,donor_persistent_B1,proprio,reference_top10_cutoff_ties,100,100,1.0,1.0,1.0000000000000002,
reach-wall,original,donor_persistent_B1,proprio,selected_top10_cutoff_ties,100,100,1.0,1.0,1.0000000000000002,
reach-wall,original,donor_persistent_B1,visual,reference_spearman,100,100,0.9466112119319388,0.9447896200070388,0.9483866134003146,
reach-wall,original,donor_persistent_B1,visual,reference_top10_overlap,100,100,7.08,6.83,7.32,
reach-wall,original,donor_persistent_B1,visual,winner_changed,100,100,0.47,0.37,0.5700000000000001,
reach-wall,original,donor_persistent_B1,visual,selected_in_reference_minimum_set,100,100,0.53,0.43,0.63,
reach-wall,original,donor_persistent_B1,visual,excess_reference_cost,100,100,0.02083289861679077,0.014758612364530565,0.027533819645643227,
reach-wall,original,donor_persistent_B1,visual,excess_reference_cost_percent,100,100,0.9940445819004756,0.693774484213378,1.3328332703366914,
reach-wall,original,donor_persistent_B1,visual,reference_minimum_ties,100,100,1.0,1.0,1.0000000000000002,
reach-wall,original,donor_persistent_B1,visual,selected_minimum_ties,100,100,1.0,1.0,1.0000000000000002,
reach-wall,original,donor_persistent_B1,visual,reference_top10_cutoff_ties,100,100,1.0,1.0,1.0000000000000002,
reach-wall,original,donor_persistent_B1,visual,selected_top10_cutoff_ties,100,100,1.0,1.0,1.0000000000000002,
reach-wall,original,donor_persistent_B2,official,reference_spearman,100,100,0.8017301743402827,0.7961929560713515,0.8068149119135791,
reach-wall,original,donor_persistent_B2,official,reference_top10_overlap,100,100,4.64,4.3500000000000005,4.940000000000001,
reach-wall,original,donor_persistent_B2,official,winner_changed,100,100,0.76,0.67,0.8400000000000001,
reach-wall,original,donor_persistent_B2,official,selected_in_reference_minimum_set,100,100,0.24,0.16,0.32999999999999996,
reach-wall,original,donor_persistent_B2,official,excess_reference_cost,100,100,0.08317702412605285,0.06612024974822998,0.1015382114350795,
reach-wall,original,donor_persistent_B2,official,excess_reference_cost_percent,100,100,4.0437148773270755,3.122558160167251,5.078696870821389,
reach-wall,original,donor_persistent_B2,official,reference_minimum_ties,100,100,1.0,1.0,1.0000000000000002,
reach-wall,original,donor_persistent_B2,official,selected_minimum_ties,100,100,1.0,1.0,1.0000000000000002,
reach-wall,original,donor_persistent_B2,official,reference_top10_cutoff_ties,100,100,1.0,1.0,1.0000000000000002,
reach-wall,original,donor_persistent_B2,official,selected_top10_cutoff_ties,100,100,1.0,1.0,1.0000000000000002,
reach-wall,original,donor_persistent_B2,proprio,reference_spearman,100,100,0.8156072809997578,0.8111612677107213,0.820073269147435,
reach-wall,original,donor_persistent_B2,proprio,reference_top10_overlap,100,100,4.99,4.74,5.24,
reach-wall,original,donor_persistent_B2,proprio,winner_changed,100,100,0.65,0.5599999999999999,0.74,
reach-wall,original,donor_persistent_B2,proprio,selected_in_reference_minimum_set,100,100,0.35,0.26,0.44000000000000006,
reach-wall,original,donor_persistent_B2,proprio,excess_reference_cost,100,100,0.022064047269523143,0.016713383512571452,0.027897651893086732,
reach-wall,original,donor_persistent_B2,proprio,excess_reference_cost_percent,100,100,26.420217996015698,19.4112408234937,34.196979091765535,
reach-wall,original,donor_persistent_B2,proprio,reference_minimum_ties,100,100,1.0,1.0,1.0000000000000002,
reach-wall,original,donor_persistent_B2,proprio,selected_minimum_ties,100,100,1.0,1.0,1.0000000000000002,
reach-wall,original,donor_persistent_B2,proprio,reference_top10_cutoff_ties,100,100,1.0,1.0,1.0000000000000002,
reach-wall,original,donor_persistent_B2,proprio,selected_top10_cutoff_ties,100,100,1.0,1.0,1.0000000000000002,
reach-wall,original,donor_persistent_B2,visual,reference_spearman,100,100,0.7996161953911813,0.7939612702645766,0.8047736883033563,
reach-wall,original,donor_persistent_B2,visual,reference_top10_overlap,100,100,4.55,4.260000000000002,4.840000000000001,
reach-wall,original,donor_persistent_B2,visual,winner_changed,100,100,0.75,0.66,0.8300000000000001,
reach-wall,original,donor_persistent_B2,visual,selected_in_reference_minimum_set,100,100,0.25,0.16999999999999998,0.33999999999999997,
reach-wall,original,donor_persistent_B2,visual,excess_reference_cost,100,100,0.08043297290802003,0.06364002829790116,0.09845437481999397,
reach-wall,original,donor_persistent_B2,visual,excess_reference_cost_percent,100,100,3.9314894553603925,3.027186327458399,4.950022730245198,
reach-wall,original,donor_persistent_B2,visual,reference_minimum_ties,100,100,1.0,1.0,1.0000000000000002,
reach-wall,original,donor_persistent_B2,visual,selected_minimum_ties,100,100,1.0,1.0,1.0000000000000002,
reach-wall,original,donor_persistent_B2,visual,reference_top10_cutoff_ties,100,100,1.0,1.0,1.0000000000000002,
reach-wall,original,donor_persistent_B2,visual,selected_top10_cutoff_ties,100,100,1.0,1.0,1.0000000000000002,
reach-wall,original,donor_persistent_B3,official,reference_spearman,100,100,0.7673885001735945,0.7614110636304136,0.7730146234240495,
reach-wall,original,donor_persistent_B3,official,reference_top10_overlap,100,100,4.17,3.880000000000001,4.470000000000001,
reach-wall,original,donor_persistent_B3,official,winner_changed,100,100,0.77,0.68,0.8500000000000001,
reach-wall,original,donor_persistent_B3,official,selected_in_reference_minimum_set,100,100,0.23,0.15000000000000002,0.31999999999999995,
reach-wall,original,donor_persistent_B3,official,excess_reference_cost,100,100,0.08864207625389099,0.06951736021041871,0.10965464505553246,
reach-wall,original,donor_persistent_B3,official,excess_reference_cost_percent,100,100,4.342763554486419,3.30212109403044,5.538335178192779,
reach-wall,original,donor_persistent_B3,official,reference_minimum_ties,100,100,1.0,1.0,1.0000000000000002,
reach-wall,original,donor_persistent_B3,official,selected_minimum_ties,100,100,1.0,1.0,1.0000000000000002,
reach-wall,original,donor_persistent_B3,official,reference_top10_cutoff_ties,100,100,1.0,1.0,1.0000000000000002,
reach-wall,original,donor_persistent_B3,official,selected_top10_cutoff_ties,100,100,1.0,1.0,1.0000000000000002,
reach-wall,original,donor_persistent_B3,proprio,reference_spearman,100,100,0.7739743170015526,0.7688423465694766,0.7792441622655786,
reach-wall,original,donor_persistent_B3,proprio,reference_top10_overlap,100,100,4.5,4.25,4.740000000000001,
reach-wall,original,donor_persistent_B3,proprio,winner_changed,100,100,0.7,0.61,0.79,
reach-wall,original,donor_persistent_B3,proprio,selected_in_reference_minimum_set,100,100,0.3,0.21000000000000002,0.39,
reach-wall,original,donor_persistent_B3,proprio,excess_reference_cost,100,100,0.027163082025945185,0.021154073951765894,0.03340213201940059,
reach-wall,original,donor_persistent_B3,proprio,excess_reference_cost_percent,100,100,35.33588182091604,26.168793231091406,45.41255259851523,
reach-wall,original,donor_persistent_B3,proprio,reference_minimum_ties,100,100,1.0,1.0,1.0000000000000002,
reach-wall,original,donor_persistent_B3,proprio,selected_minimum_ties,100,100,1.0,1.0,1.0000000000000002,
reach-wall,original,donor_persistent_B3,proprio,reference_top10_cutoff_ties,100,100,1.0,1.0,1.0000000000000002,
reach-wall,original,donor_persistent_B3,proprio,selected_top10_cutoff_ties,100,100,1.0,1.0,1.0000000000000002,
reach-wall,original,donor_persistent_B3,visual,reference_spearman,100,100,0.7654285815999137,0.759307866394355,0.7711858610393868,
reach-wall,original,donor_persistent_B3,visual,reference_top10_overlap,100,100,4.1,3.810000000000001,4.390000000000001,
reach-wall,original,donor_persistent_B3,visual,winner_changed,100,100,0.76,0.67,0.8400000000000001,
reach-wall,original,donor_persistent_B3,visual,selected_in_reference_minimum_set,100,100,0.24,0.16,0.32999999999999996,
reach-wall,original,donor_persistent_B3,visual,excess_reference_cost,100,100,0.08680431246757507,0.06820873239636421,0.10731746050715445,
reach-wall,original,donor_persistent_B3,visual,excess_reference_cost_percent,100,100,4.276831901629555,3.2591658657049862,5.451067460913189,
reach-wall,original,donor_persistent_B3,visual,reference_minimum_ties,100,100,1.0,1.0,1.0000000000000002,
reach-wall,original,donor_persistent_B3,visual,selected_minimum_ties,100,100,1.0,1.0,1.0000000000000002,
reach-wall,original,donor_persistent_B3,visual,reference_top10_cutoff_ties,100,100,1.0,1.0,1.0000000000000002,
reach-wall,original,donor_persistent_B3,visual,selected_top10_cutoff_ties,100,100,1.0,1.0,1.0000000000000002,
reach-wall,original,donor_persistent_B4,official,reference_spearman,100,100,0.8028094294936418,0.7962649457381914,0.8088761345371107,
reach-wall,original,donor_persistent_B4,official,reference_top10_overlap,100,100,4.58,4.260000000000001,4.900000000000001,
reach-wall,original,donor_persistent_B4,official,winner_changed,100,100,0.77,0.6800000000000002,0.8500000000000001,
reach-wall,original,donor_persistent_B4,official,selected_in_reference_minimum_set,100,100,0.23,0.15000000000000002,0.31999999999999995,
reach-wall,original,donor_persistent_B4,official,excess_reference_cost,100,100,0.08226268172264099,0.06559091249108316,0.10036110603809356,
reach-wall,original,donor_persistent_B4,official,excess_reference_cost_percent,100,100,3.9427729160566822,3.0663444385424974,4.933635124331914,
reach-wall,original,donor_persistent_B4,official,reference_minimum_ties,100,100,1.0,1.0,1.0000000000000002,
reach-wall,original,donor_persistent_B4,official,selected_minimum_ties,100,100,1.0,1.0,1.0000000000000002,
reach-wall,original,donor_persistent_B4,official,reference_top10_cutoff_ties,100,100,1.0,1.0,1.0000000000000002,
reach-wall,original,donor_persistent_B4,official,selected_top10_cutoff_ties,100,100,1.0,1.0,1.0000000000000002,
reach-wall,original,donor_persistent_B4,proprio,reference_spearman,100,100,0.8348788107117131,0.8304096596810709,0.8392799469465599,
reach-wall,original,donor_persistent_B4,proprio,reference_top10_overlap,100,100,5.04,4.790000000000001,5.290000000000001,
reach-wall,original,donor_persistent_B4,proprio,winner_changed,100,100,0.66,0.57,0.75,
reach-wall,original,donor_persistent_B4,proprio,selected_in_reference_minimum_set,100,100,0.34,0.25,0.43000000000000005,
reach-wall,original,donor_persistent_B4,proprio,excess_reference_cost,100,100,0.02067874152213335,0.016000165544450284,0.0258168951543048,
reach-wall,original,donor_persistent_B4,proprio,excess_reference_cost_percent,100,100,25.560408363587126,18.900610335481563,33.0821891995786,
reach-wall,original,donor_persistent_B4,proprio,reference_minimum_ties,100,100,1.0,1.0,1.0000000000000002,
reach-wall,original,donor_persistent_B4,proprio,selected_minimum_ties,100,100,1.0,1.0,1.0000000000000002,
reach-wall,original,donor_persistent_B4,proprio,reference_top10_cutoff_ties,100,100,1.0,1.0,1.0000000000000002,
reach-wall,original,donor_persistent_B4,proprio,selected_top10_cutoff_ties,100,100,1.0,1.0,1.0000000000000002,
reach-wall,original,donor_persistent_B4,visual,reference_spearman,100,100,0.799817752207951,0.7932079662901507,0.8059595332798356,
reach-wall,original,donor_persistent_B4,visual,reference_top10_overlap,100,100,4.59,4.270000000000001,4.910000000000001,
reach-wall,original,donor_persistent_B4,visual,winner_changed,100,100,0.76,0.67,0.8400000000000001,
reach-wall,original,donor_persistent_B4,visual,selected_in_reference_minimum_set,100,100,0.24,0.16,0.32999999999999996,
reach-wall,original,donor_persistent_B4,visual,excess_reference_cost,100,100,0.07804523468017578,0.06184364038705826,0.09572434619069099,
reach-wall,original,donor_persistent_B4,visual,excess_reference_cost_percent,100,100,3.7715385083623567,2.9113911826041696,4.747946773763371,
reach-wall,original,donor_persistent_B4,visual,reference_minimum_ties,100,100,1.0,1.0,1.0000000000000002,
reach-wall,original,donor_persistent_B4,visual,selected_minimum_ties,100,100,1.0,1.0,1.0000000000000002,
reach-wall,original,donor_persistent_B4,visual,reference_top10_cutoff_ties,100,100,1.0,1.0,1.0000000000000002,
reach-wall,original,donor_persistent_B4,visual,selected_top10_cutoff_ties,100,100,1.0,1.0,1.0000000000000002,
reach-wall,original,donor_persistent_B5,official,reference_spearman,100,100,0.7600349660226112,0.7537715339895246,0.7658916265853901,
reach-wall,original,donor_persistent_B5,official,reference_top10_overlap,100,100,4.15,3.850000000000001,4.450000000000001,
reach-wall,original,donor_persistent_B5,official,winner_changed,100,100,0.8,0.72,0.8700000000000001,
reach-wall,original,donor_persistent_B5,official,selected_in_reference_minimum_set,100,100,0.2,0.13,0.28,
reach-wall,original,donor_persistent_B5,official,excess_reference_cost,100,100,0.09979895114898682,0.07962903648614884,0.12137387984991072,
reach-wall,original,donor_persistent_B5,official,excess_reference_cost_percent,100,100,4.894819404800317,3.7958816755193174,6.113824199159295,
reach-wall,original,donor_persistent_B5,official,reference_minimum_ties,100,100,1.0,1.0,1.0000000000000002,
reach-wall,original,donor_persistent_B5,official,selected_minimum_ties,100,100,1.0,1.0,1.0000000000000002,
reach-wall,original,donor_persistent_B5,official,reference_top10_cutoff_ties,100,100,1.0,1.0,1.0000000000000002,
reach-wall,original,donor_persistent_B5,official,selected_top10_cutoff_ties,100,100,1.0,1.0,1.0000000000000002,
reach-wall,original,donor_persistent_B5,proprio,reference_spearman,100,100,0.7753627791071751,0.7702204935811511,0.780639546362673,
reach-wall,original,donor_persistent_B5,proprio,reference_top10_overlap,100,100,4.47,4.23,4.710000000000001,
reach-wall,original,donor_persistent_B5,proprio,winner_changed,100,100,0.7,0.61,0.79,
reach-wall,original,donor_persistent_B5,proprio,selected_in_reference_minimum_set,100,100,0.3,0.21000000000000002,0.39,
reach-wall,original,donor_persistent_B5,proprio,excess_reference_cost,100,100,0.02780249509960413,0.02166258798725903,0.034151706709526476,
reach-wall,original,donor_persistent_B5,proprio,excess_reference_cost_percent,100,100,36.16524178568457,26.791624791238373,46.332470221176216,
reach-wall,original,donor_persistent_B5,proprio,reference_minimum_ties,100,100,1.0,1.0,1.0000000000000002,
reach-wall,original,donor_persistent_B5,proprio,selected_minimum_ties,100,100,1.0,1.0,1.0000000000000002,
reach-wall,original,donor_persistent_B5,proprio,reference_top10_cutoff_ties,100,100,1.0,1.0,1.0000000000000002,
reach-wall,original,donor_persistent_B5,proprio,selected_top10_cutoff_ties,100,100,1.0,1.0,1.0000000000000002,
reach-wall,original,donor_persistent_B5,visual,reference_spearman,100,100,0.7579285135516846,0.7515249064935512,0.763892977152127,
reach-wall,original,donor_persistent_B5,visual,reference_top10_overlap,100,100,4.07,3.7900000000000005,4.350000000000001,
reach-wall,original,donor_persistent_B5,visual,winner_changed,100,100,0.79,0.71,0.87,
reach-wall,original,donor_persistent_B5,visual,selected_in_reference_minimum_set,100,100,0.21,0.13,0.29000000000000004,
reach-wall,original,donor_persistent_B5,visual,excess_reference_cost,100,100,0.09661837220191956,0.07688825717568397,0.1177024855613708,
reach-wall,original,donor_persistent_B5,visual,excess_reference_cost_percent,100,100,4.76510046526966,3.6858048251663367,5.963158004868938,
reach-wall,original,donor_persistent_B5,visual,reference_minimum_ties,100,100,1.0,1.0,1.0000000000000002,
reach-wall,original,donor_persistent_B5,visual,selected_minimum_ties,100,100,1.0,1.0,1.0000000000000002,
reach-wall,original,donor_persistent_B5,visual,reference_top10_cutoff_ties,100,100,1.0,1.0,1.0000000000000002,
reach-wall,original,donor_persistent_B5,visual,selected_top10_cutoff_ties,100,100,1.0,1.0,1.0000000000000002,
reach-wall,original,native,official,reference_spearman,100,100,0.7563648659245061,0.750078371891962,0.7622657909967394,
reach-wall,original,native,official,reference_top10_overlap,100,100,4.12,3.820000000000001,4.42,
reach-wall,original,native,official,winner_changed,100,100,0.8,0.72,0.8700000000000001,
reach-wall,original,native,official,selected_in_reference_minimum_set,100,100,0.2,0.13,0.28,
reach-wall,original,native,official,excess_reference_cost,100,100,0.09972495794296264,0.07954025024175644,0.12132036340236664,
reach-wall,original,native,official,excess_reference_cost_percent,100,100,4.891425536640312,3.792589565808039,6.110429066799172,
reach-wall,original,native,official,reference_minimum_ties,100,100,1.0,1.0,1.0000000000000002,
reach-wall,original,native,official,selected_minimum_ties,100,100,1.0,1.0,1.0000000000000002,
reach-wall,original,native,official,reference_top10_cutoff_ties,100,100,1.0,1.0,1.0000000000000002,
reach-wall,original,native,official,selected_top10_cutoff_ties,100,100,1.0,1.0,1.0000000000000002,
reach-wall,original,native,proprio,reference_spearman,100,100,0.7718218144557253,0.7666389130901545,0.7771218898728032,
reach-wall,original,native,proprio,reference_top10_overlap,100,100,4.45,4.200000000000001,4.690000000000001,
reach-wall,original,native,proprio,winner_changed,100,100,0.7,0.61,0.79,
reach-wall,original,native,proprio,selected_in_reference_minimum_set,100,100,0.3,0.21000000000000002,0.39,
reach-wall,original,native,proprio,excess_reference_cost,100,100,0.02780249509960413,0.02166258798725903,0.034151706709526476,
reach-wall,original,native,proprio,excess_reference_cost_percent,100,100,36.16524178568457,26.791624791238373,46.332470221176216,
reach-wall,original,native,proprio,reference_minimum_ties,100,100,1.0,1.0,1.0000000000000002,
reach-wall,original,native,proprio,selected_minimum_ties,100,100,1.0,1.0,1.0000000000000002,
reach-wall,original,native,proprio,reference_top10_cutoff_ties,100,100,1.0,1.0,1.0000000000000002,
reach-wall,original,native,proprio,selected_top10_cutoff_ties,100,100,1.0,1.0,1.0000000000000002,
reach-wall,original,native,visual,reference_spearman,100,100,0.7542319010717695,0.7477867318954278,0.7602402106123937,
reach-wall,original,native,visual,reference_top10_overlap,100,100,4.03,3.740000000000001,4.32,
reach-wall,original,native,visual,winner_changed,100,100,0.79,0.71,0.87,
reach-wall,original,native,visual,selected_in_reference_minimum_set,100,100,0.21,0.13,0.29000000000000004,
reach-wall,original,native,visual,excess_reference_cost,100,100,0.09636144995689393,0.0767487026154995,0.11741299048066137,
reach-wall,original,native,visual,excess_reference_cost_percent,100,100,4.750795937119964,3.6690477917729694,5.946770730247354,
reach-wall,original,native,visual,reference_minimum_ties,100,100,1.0,1.0,1.0000000000000002,
reach-wall,original,native,visual,selected_minimum_ties,100,100,1.0,1.0,1.0000000000000002,
reach-wall,original,native,visual,reference_top10_cutoff_ties,100,100,1.0,1.0,1.0000000000000002,
reach-wall,original,native,visual,selected_top10_cutoff_ties,100,100,1.0,1.0,1.0000000000000002,
reach-wall,original,random_isotropic_B0,official,reference_spearman,100,100,0.7555434455053053,0.7492314644498076,0.7614635975613219,
reach-wall,original,random_isotropic_B0,official,reference_top10_overlap,100,100,4.07,3.770000000000001,4.370000000000001,
reach-wall,original,random_isotropic_B0,official,winner_changed,100,100,0.79,0.71,0.8699999999999999,
reach-wall,original,random_isotropic_B0,official,selected_in_reference_minimum_set,100,100,0.21,0.13,0.29000000000000004,
reach-wall,original,random_isotropic_B0,official,excess_reference_cost,100,100,0.09852911472320557,0.07819423058629035,0.12022465950250624,
reach-wall,original,random_isotropic_B0,official,excess_reference_cost_percent,100,100,4.831690485768847,3.720866932309099,6.053910243302152,
reach-wall,original,random_isotropic_B0,official,reference_minimum_ties,100,100,1.0,1.0,1.0000000000000002,
reach-wall,original,random_isotropic_B0,official,selected_minimum_ties,100,100,1.0,1.0,1.0000000000000002,
reach-wall,original,random_isotropic_B0,official,reference_top10_cutoff_ties,100,100,1.0,1.0,1.0000000000000002,
reach-wall,original,random_isotropic_B0,official,selected_top10_cutoff_ties,100,100,1.0,1.0,1.0000000000000002,
reach-wall,original,random_isotropic_B0,proprio,reference_spearman,100,100,0.7711479158558119,0.7659455237500159,0.7764557428855362,
reach-wall,original,random_isotropic_B0,proprio,reference_top10_overlap,100,100,4.46,4.220000000000001,4.700000000000001,
reach-wall,original,random_isotropic_B0,proprio,winner_changed,100,100,0.71,0.62,0.7900000000000001,
reach-wall,original,random_isotropic_B0,proprio,selected_in_reference_minimum_set,100,100,0.29,0.20999999999999996,0.38,
reach-wall,original,random_isotropic_B0,proprio,excess_reference_cost,100,100,0.028078040517866613,0.021964616731740536,0.034411661060526955,
reach-wall,original,random_isotropic_B0,proprio,excess_reference_cost_percent,100,100,36.42286761652696,27.075804969562167,46.62906684998285,
reach-wall,original,random_isotropic_B0,proprio,reference_minimum_ties,100,100,1.0,1.0,1.0000000000000002,
reach-wall,original,random_isotropic_B0,proprio,selected_minimum_ties,100,100,1.0,1.0,1.0000000000000002,
reach-wall,original,random_isotropic_B0,proprio,reference_top10_cutoff_ties,100,100,1.0,1.0,1.0000000000000002,
reach-wall,original,random_isotropic_B0,proprio,selected_top10_cutoff_ties,100,100,1.0,1.0,1.0000000000000002,
reach-wall,original,random_isotropic_B0,visual,reference_spearman,100,100,0.7534204927697864,0.7469631610944186,0.759458111375361,
reach-wall,original,random_isotropic_B0,visual,reference_top10_overlap,100,100,4.06,3.7800000000000002,4.340000000000001,
reach-wall,original,random_isotropic_B0,visual,winner_changed,100,100,0.78,0.6900000000000002,0.86,
reach-wall,original,random_isotropic_B0,visual,selected_in_reference_minimum_set,100,100,0.22,0.14,0.31,
reach-wall,original,random_isotropic_B0,visual,excess_reference_cost,100,100,0.0956082808971405,0.07578839364647867,0.116750793069601,
reach-wall,original,random_isotropic_B0,visual,excess_reference_cost_percent,100,100,4.718802488770763,3.625883231421006,5.923215964300275,
reach-wall,original,random_isotropic_B0,visual,reference_minimum_ties,100,100,1.0,1.0,1.0000000000000002,
reach-wall,original,random_isotropic_B0,visual,selected_minimum_ties,100,100,1.0,1.0,1.0000000000000002,
reach-wall,original,random_isotropic_B0,visual,reference_top10_cutoff_ties,100,100,1.0,1.0,1.0000000000000002,
reach-wall,original,random_isotropic_B0,visual,selected_top10_cutoff_ties,100,100,1.0,1.0,1.0000000000000002,
reach-wall,original,random_isotropic_B1,official,reference_spearman,100,100,0.7558975516621396,0.7496239118464023,0.7617573815917668,
reach-wall,original,random_isotropic_B1,official,reference_top10_overlap,100,100,4.12,3.8300000000000005,4.410000000000001,
reach-wall,original,random_isotropic_B1,official,winner_changed,100,100,0.8,0.72,0.8700000000000001,
reach-wall,original,random_isotropic_B1,official,selected_in_reference_minimum_set,100,100,0.2,0.13,0.28,
reach-wall,original,random_isotropic_B1,official,excess_reference_cost,100,100,0.09962605953216552,0.07941720685362816,0.12122541558742518,
reach-wall,original,random_isotropic_B1,official,excess_reference_cost_percent,100,100,4.8815542934417575,3.785828898225743,6.094125944484191,
reach-wall,original,random_isotropic_B1,official,reference_minimum_ties,100,100,1.0,1.0,1.0000000000000002,
reach-wall,original,random_isotropic_B1,official,selected_minimum_ties,100,100,1.0,1.0,1.0000000000000002,
reach-wall,original,random_isotropic_B1,official,reference_top10_cutoff_ties,100,100,1.0,1.0,1.0000000000000002,
reach-wall,original,random_isotropic_B1,official,selected_top10_cutoff_ties,100,100,1.0,1.0,1.0000000000000002,
reach-wall,original,random_isotropic_B1,proprio,reference_spearman,100,100,0.7713592648745121,0.7662094387936091,0.7765884223703635,
reach-wall,original,random_isotropic_B1,proprio,reference_top10_overlap,100,100,4.5,4.2700000000000005,4.73,
reach-wall,original,random_isotropic_B1,proprio,winner_changed,100,100,0.7,0.61,0.79,
reach-wall,original,random_isotropic_B1,proprio,selected_in_reference_minimum_set,100,100,0.3,0.21000000000000002,0.39,
reach-wall,original,random_isotropic_B1,proprio,excess_reference_cost,100,100,0.027469734884798525,0.021424398647621273,0.03372777371108532,
reach-wall,original,random_isotropic_B1,proprio,excess_reference_cost_percent,100,100,35.64944104027225,26.467335067845287,45.75430107165686,
reach-wall,original,random_isotropic_B1,proprio,reference_minimum_ties,100,100,1.0,1.0,1.0000000000000002,
reach-wall,original,random_isotropic_B1,proprio,selected_minimum_ties,100,100,1.0,1.0,1.0000000000000002,
reach-wall,original,random_isotropic_B1,proprio,reference_top10_cutoff_ties,100,100,1.0,1.0,1.0000000000000002,
reach-wall,original,random_isotropic_B1,proprio,selected_top10_cutoff_ties,100,100,1.0,1.0,1.0000000000000002,
reach-wall,original,random_isotropic_B1,visual,reference_spearman,100,100,0.7537536916325717,0.7473523475992784,0.7597138606121137,
reach-wall,original,random_isotropic_B1,visual,reference_top10_overlap,100,100,4.06,3.7700000000000005,4.3500000000000005,
reach-wall,original,random_isotropic_B1,visual,winner_changed,100,100,0.78,0.6900000000000002,0.86,
reach-wall,original,random_isotropic_B1,visual,selected_in_reference_minimum_set,100,100,0.22,0.14,0.30999999999999994,
reach-wall,original,random_isotropic_B1,visual,excess_reference_cost,100,100,0.09569523930549621,0.07594895759224893,0.11672900956869119,
reach-wall,original,random_isotropic_B1,visual,excess_reference_cost_percent,100,100,4.720759487832735,3.6395793606317275,5.920572230035598,
reach-wall,original,random_isotropic_B1,visual,reference_minimum_ties,100,100,1.0,1.0,1.0000000000000002,
reach-wall,original,random_isotropic_B1,visual,selected_minimum_ties,100,100,1.0,1.0,1.0000000000000002,
reach-wall,original,random_isotropic_B1,visual,reference_top10_cutoff_ties,100,100,1.0,1.0,1.0000000000000002,
reach-wall,original,random_isotropic_B1,visual,selected_top10_cutoff_ties,100,100,1.0,1.0,1.0000000000000002,
reach-wall,original,random_isotropic_B2,official,reference_spearman,100,100,0.7564373607574979,0.7501368236927289,0.7623543424372523,
reach-wall,original,random_isotropic_B2,official,reference_top10_overlap,100,100,4.07,3.770000000000001,4.360000000000001,
reach-wall,original,random_isotropic_B2,official,winner_changed,100,100,0.79,0.71,0.8600000000000001,
reach-wall,original,random_isotropic_B2,official,selected_in_reference_minimum_set,100,100,0.21,0.13999999999999999,0.29000000000000004,
reach-wall,original,random_isotropic_B2,official,excess_reference_cost,100,100,0.09577946305274963,0.07584732377529145,0.11715682592988012,
reach-wall,original,random_isotropic_B2,official,excess_reference_cost_percent,100,100,4.6974018570698295,3.616636938879842,5.921390828229208,
reach-wall,original,random_isotropic_B2,official,reference_minimum_ties,100,100,1.0,1.0,1.0000000000000002,
reach-wall,original,random_isotropic_B2,official,selected_minimum_ties,100,100,1.0,1.0,1.0000000000000002,
reach-wall,original,random_isotropic_B2,official,reference_top10_cutoff_ties,100,100,1.0,1.0,1.0000000000000002,
reach-wall,original,random_isotropic_B2,official,selected_top10_cutoff_ties,100,100,1.0,1.0,1.0000000000000002,
reach-wall,original,random_isotropic_B2,proprio,reference_spearman,100,100,0.7718848804849575,0.7666133799222178,0.7772374172817286,
reach-wall,original,random_isotropic_B2,proprio,reference_top10_overlap,100,100,4.46,4.220000000000001,4.700000000000001,
reach-wall,original,random_isotropic_B2,proprio,winner_changed,100,100,0.7,0.61,0.79,
reach-wall,original,random_isotropic_B2,proprio,selected_in_reference_minimum_set,100,100,0.3,0.21000000000000002,0.39,
reach-wall,original,random_isotropic_B2,proprio,excess_reference_cost,100,100,0.027469734884798525,0.021424398647621273,0.03372777371108532,
reach-wall,original,random_isotropic_B2,proprio,excess_reference_cost_percent,100,100,35.64944104027225,26.467335067845287,45.75430107165686,
reach-wall,original,random_isotropic_B2,proprio,reference_minimum_ties,100,100,1.0,1.0,1.0000000000000002,
reach-wall,original,random_isotropic_B2,proprio,selected_minimum_ties,100,100,1.0,1.0,1.0000000000000002,
reach-wall,original,random_isotropic_B2,proprio,reference_top10_cutoff_ties,100,100,1.0,1.0,1.0000000000000002,
reach-wall,original,random_isotropic_B2,proprio,selected_top10_cutoff_ties,100,100,1.0,1.0,1.0000000000000002,
reach-wall,original,random_isotropic_B2,visual,reference_spearman,100,100,0.7543630438202003,0.7479286106451953,0.7603682971041339,
reach-wall,original,random_isotropic_B2,visual,reference_top10_overlap,100,100,4.04,3.7500000000000004,4.330000000000001,
reach-wall,original,random_isotropic_B2,visual,winner_changed,100,100,0.78,0.6900000000000001,0.86,
reach-wall,original,random_isotropic_B2,visual,selected_in_reference_minimum_set,100,100,0.22,0.14,0.31,
reach-wall,original,random_isotropic_B2,visual,excess_reference_cost,100,100,0.09340406656265259,0.0738773809671402,0.114256110727787,
reach-wall,original,random_isotropic_B2,visual,excess_reference_cost_percent,100,100,4.606092143520502,3.5429418395532704,5.806516430134583,
reach-wall,original,random_isotropic_B2,visual,reference_minimum_ties,100,100,1.0,1.0,1.0000000000000002,
reach-wall,original,random_isotropic_B2,visual,selected_minimum_ties,100,100,1.0,1.0,1.0000000000000002,
reach-wall,original,random_isotropic_B2,visual,reference_top10_cutoff_ties,100,100,1.0,1.0,1.0000000000000002,
reach-wall,original,random_isotropic_B2,visual,selected_top10_cutoff_ties,100,100,1.0,1.0,1.0000000000000002,
reach-wall,original,random_isotropic_B3,official,reference_spearman,100,100,0.7560303975675629,0.7496735382587918,0.7619941380954166,
reach-wall,original,random_isotropic_B3,official,reference_top10_overlap,100,100,4.03,3.72975,4.34,
reach-wall,original,random_isotropic_B3,official,winner_changed,100,100,0.78,0.6900000000000002,0.86,
reach-wall,original,random_isotropic_B3,official,selected_in_reference_minimum_set,100,100,0.22,0.14,0.30999999999999994,
reach-wall,original,random_isotropic_B3,official,excess_reference_cost,100,100,0.09767425060272217,0.07749315530061722,0.1193279303014278,
reach-wall,original,random_isotropic_B3,official,excess_reference_cost_percent,100,100,4.803563112120348,3.7016792725062047,6.031284320138422,
reach-wall,original,random_isotropic_B3,official,reference_minimum_ties,100,100,1.0,1.0,1.0000000000000002,
reach-wall,original,random_isotropic_B3,official,selected_minimum_ties,100,100,1.0,1.0,1.0000000000000002,
reach-wall,original,random_isotropic_B3,official,reference_top10_cutoff_ties,100,100,1.0,1.0,1.0000000000000002,
reach-wall,original,random_isotropic_B3,official,selected_top10_cutoff_ties,100,100,1.0,1.0,1.0000000000000002,
reach-wall,original,random_isotropic_B3,proprio,reference_spearman,100,100,0.7713413846717367,0.7661468831875909,0.7766186110956788,
reach-wall,original,random_isotropic_B3,proprio,reference_top10_overlap,100,100,4.46,4.220000000000001,4.700000000000001,
reach-wall,original,random_isotropic_B3,proprio,winner_changed,100,100,0.72,0.63,0.8,
reach-wall,original,random_isotropic_B3,proprio,selected_in_reference_minimum_set,100,100,0.28,0.19999999999999998,0.37,
reach-wall,original,random_isotropic_B3,proprio,excess_reference_cost,100,100,0.029757559411227704,0.02320251066889614,0.03664248649589717,
reach-wall,original,random_isotropic_B3,proprio,excess_reference_cost_percent,100,100,37.91389361592923,28.525822583561414,48.29456658151873,
reach-wall,original,random_isotropic_B3,proprio,reference_minimum_ties,100,100,1.0,1.0,1.0000000000000002,
reach-wall,original,random_isotropic_B3,proprio,selected_minimum_ties,100,100,1.0,1.0,1.0000000000000002,
reach-wall,original,random_isotropic_B3,proprio,reference_top10_cutoff_ties,100,100,1.0,1.0,1.0000000000000002,
reach-wall,original,random_isotropic_B3,proprio,selected_top10_cutoff_ties,100,100,1.0,1.0,1.0000000000000002,
reach-wall,original,random_isotropic_B3,visual,reference_spearman,100,100,0.7539116171571123,0.747453326444263,0.759949187206486,
reach-wall,original,random_isotropic_B3,visual,reference_top10_overlap,100,100,3.97,3.6800000000000006,4.260000000000002,
reach-wall,original,random_isotropic_B3,visual,winner_changed,100,100,0.76,0.67,0.8400000000000001,
reach-wall,original,random_isotropic_B3,visual,selected_in_reference_minimum_set,100,100,0.24,0.16,0.32999999999999996,
reach-wall,original,random_isotropic_B3,visual,excess_reference_cost,100,100,0.0927780306339264,0.07322901257872581,0.11384156984090804,
reach-wall,original,random_isotropic_B3,visual,excess_reference_cost_percent,100,100,4.599549531285535,3.522167711041779,5.801990245567868,
reach-wall,original,random_isotropic_B3,visual,reference_minimum_ties,100,100,1.0,1.0,1.0000000000000002,
reach-wall,original,random_isotropic_B3,visual,selected_minimum_ties,100,100,1.0,1.0,1.0000000000000002,
reach-wall,original,random_isotropic_B3,visual,reference_top10_cutoff_ties,100,100,1.0,1.0,1.0000000000000002,
reach-wall,original,random_isotropic_B3,visual,selected_top10_cutoff_ties,100,100,1.0,1.0,1.0000000000000002,
reach-wall,original,random_isotropic_B4,official,reference_spearman,100,100,0.7552109791353139,0.7488439237830808,0.7611841086709517,
reach-wall,original,random_isotropic_B4,official,reference_top10_overlap,100,100,4.11,3.8100000000000005,4.41,
reach-wall,original,random_isotropic_B4,official,winner_changed,100,100,0.79,0.71,0.8602499999999783,
reach-wall,original,random_isotropic_B4,official,selected_in_reference_minimum_set,100,100,0.21,0.1397500000000002,0.29000000000000004,
reach-wall,original,random_isotropic_B4,official,excess_reference_cost,100,100,0.0966265344619751,0.07723999020457269,0.11758187454938887,
reach-wall,original,random_isotropic_B4,official,excess_reference_cost_percent,100,100,4.707292904479735,3.6532901908169477,5.8941248547469565,
reach-wall,original,random_isotropic_B4,official,reference_minimum_ties,100,100,1.0,1.0,1.0000000000000002,
reach-wall,original,random_isotropic_B4,official,selected_minimum_ties,100,100,1.0,1.0,1.0000000000000002,
reach-wall,original,random_isotropic_B4,official,reference_top10_cutoff_ties,100,100,1.0,1.0,1.0000000000000002,
reach-wall,original,random_isotropic_B4,official,selected_top10_cutoff_ties,100,100,1.0,1.0,1.0000000000000002,
reach-wall,original,random_isotropic_B4,proprio,reference_spearman,100,100,0.7702001964295591,0.7649525780453371,0.7755399277261468,
reach-wall,original,random_isotropic_B4,proprio,reference_top10_overlap,100,100,4.45,4.210000000000001,4.680000000000001,
reach-wall,original,random_isotropic_B4,proprio,winner_changed,100,100,0.73,0.64,0.81,
reach-wall,original,random_isotropic_B4,proprio,selected_in_reference_minimum_set,100,100,0.27,0.19,0.36,
reach-wall,original,random_isotropic_B4,proprio,excess_reference_cost,100,100,0.02921833988279104,0.023086093498393894,0.035519871147349454,
reach-wall,original,random_isotropic_B4,proprio,excess_reference_cost_percent,100,100,37.359936234330604,28.346162263537657,47.08335624900496,
reach-wall,original,random_isotropic_B4,proprio,reference_minimum_ties,100,100,1.0,1.0,1.0000000000000002,
reach-wall,original,random_isotropic_B4,proprio,selected_minimum_ties,100,100,1.0,1.0,1.0000000000000002,
reach-wall,original,random_isotropic_B4,proprio,reference_top10_cutoff_ties,100,100,1.0,1.0,1.0000000000000002,
reach-wall,original,random_isotropic_B4,proprio,selected_top10_cutoff_ties,100,100,1.0,1.0,1.0000000000000002,
reach-wall,original,random_isotropic_B4,visual,reference_spearman,100,100,0.752977395987244,0.7464857364223628,0.759052198649776,
reach-wall,original,random_isotropic_B4,visual,reference_top10_overlap,100,100,4.05,3.760000000000001,4.34,
reach-wall,original,random_isotropic_B4,visual,winner_changed,100,100,0.78,0.7,0.86,
reach-wall,original,random_isotropic_B4,visual,selected_in_reference_minimum_set,100,100,0.22,0.14,0.30000000000000004,
reach-wall,original,random_isotropic_B4,visual,excess_reference_cost,100,100,0.09222320318222046,0.07340152651071548,0.11267548087239261,
reach-wall,original,random_isotropic_B4,visual,excess_reference_cost_percent,100,100,4.522814408224983,3.4902097050500114,5.6924092534723725,
reach-wall,original,random_isotropic_B4,visual,reference_minimum_ties,100,100,1.0,1.0,1.0000000000000002,
reach-wall,original,random_isotropic_B4,visual,selected_minimum_ties,100,100,1.0,1.0,1.0000000000000002,
reach-wall,original,random_isotropic_B4,visual,reference_top10_cutoff_ties,100,100,1.0,1.0,1.0000000000000002,
reach-wall,original,random_isotropic_B4,visual,selected_top10_cutoff_ties,100,100,1.0,1.0,1.0000000000000002,
reach-wall,original,random_isotropic_B5,official,reference_spearman,100,100,0.756008008447144,0.7497080466865964,0.7619093330134804,
reach-wall,original,random_isotropic_B5,official,reference_top10_overlap,100,100,4.13,3.8400000000000007,4.42,
reach-wall,original,random_isotropic_B5,official,winner_changed,100,100,0.79,0.71,0.8600000000000001,
reach-wall,original,random_isotropic_B5,official,selected_in_reference_minimum_set,100,100,0.21,0.13999999999999999,0.29000000000000004,
reach-wall,original,random_isotropic_B5,official,excess_reference_cost,100,100,0.09779828071594238,0.07766688442230225,0.11938330209255217,
reach-wall,original,random_isotropic_B5,official,excess_reference_cost_percent,100,100,4.8090196622263,3.7071325330690708,6.033597586104403,
reach-wall,original,random_isotropic_B5,official,reference_minimum_ties,100,100,1.0,1.0,1.0000000000000002,
reach-wall,original,random_isotropic_B5,official,selected_minimum_ties,100,100,1.0,1.0,1.0000000000000002,
reach-wall,original,random_isotropic_B5,official,reference_top10_cutoff_ties,100,100,1.0,1.0,1.0000000000000002,
reach-wall,original,random_isotropic_B5,official,selected_top10_cutoff_ties,100,100,1.0,1.0,1.0000000000000002,
reach-wall,original,random_isotropic_B5,proprio,reference_spearman,100,100,0.7713993764292988,0.7661924314330092,0.7767348332456909,
reach-wall,original,random_isotropic_B5,proprio,reference_top10_overlap,100,100,4.51,4.280000000000001,4.74,
reach-wall,original,random_isotropic_B5,proprio,winner_changed,100,100,0.69,0.6,0.78,
reach-wall,original,random_isotropic_B5,proprio,selected_in_reference_minimum_set,100,100,0.31,0.22000000000000003,0.4,
reach-wall,original,random_isotropic_B5,proprio,excess_reference_cost,100,100,0.027419438995420934,0.02129288578312844,0.033806629261933265,
reach-wall,original,random_isotropic_B5,proprio,excess_reference_cost_percent,100,100,35.62227287885967,26.32576264865647,45.831080658133644,
reach-wall,original,random_isotropic_B5,proprio,reference_minimum_ties,100,100,1.0,1.0,1.0000000000000002,
reach-wall,original,random_isotropic_B5,proprio,selected_minimum_ties,100,100,1.0,1.0,1.0000000000000002,
reach-wall,original,random_isotropic_B5,proprio,reference_top10_cutoff_ties,100,100,1.0,1.0,1.0000000000000002,
reach-wall,original,random_isotropic_B5,proprio,selected_top10_cutoff_ties,100,100,1.0,1.0,1.0000000000000002,
reach-wall,original,random_isotropic_B5,visual,reference_spearman,100,100,0.7539491650718911,0.7475135020090911,0.7599471533261605,
reach-wall,original,random_isotropic_B5,visual,reference_top10_overlap,100,100,4.06,3.7800000000000002,4.3500000000000005,
reach-wall,original,random_isotropic_B5,visual,winner_changed,100,100,0.78,0.6900000000000001,0.86,
reach-wall,original,random_isotropic_B5,visual,selected_in_reference_minimum_set,100,100,0.22,0.14,0.31,
reach-wall,original,random_isotropic_B5,visual,excess_reference_cost,100,100,0.09423835158348083,0.07456700468063356,0.11530629959702487,
reach-wall,original,random_isotropic_B5,visual,excess_reference_cost_percent,100,100,4.663925654274497,3.582957500116908,5.869005979169083,
reach-wall,original,random_isotropic_B5,visual,reference_minimum_ties,100,100,1.0,1.0,1.0000000000000002,
reach-wall,original,random_isotropic_B5,visual,selected_minimum_ties,100,100,1.0,1.0,1.0000000000000002,
reach-wall,original,random_isotropic_B5,visual,reference_top10_cutoff_ties,100,100,1.0,1.0,1.0000000000000002,
reach-wall,original,random_isotropic_B5,visual,selected_top10_cutoff_ties,100,100,1.0,1.0,1.0000000000000002,
reach-wall,original,random_off_range_B0,official,reference_spearman,100,100,0.7556631268492104,0.7493463482744952,0.7615799954538344,
reach-wall,original,random_off_range_B0,official,reference_top10_overlap,100,100,4.06,3.7600000000000007,4.36,
reach-wall,original,random_off_range_B0,official,winner_changed,100,100,0.79,0.71,0.8699999999999999,
reach-wall,original,random_off_range_B0,official,selected_in_reference_minimum_set,100,100,0.21,0.13,0.29000000000000004,
reach-wall,original,random_off_range_B0,official,excess_reference_cost,100,100,0.09852911472320557,0.07819423058629035,0.12022465950250624,
reach-wall,original,random_off_range_B0,official,excess_reference_cost_percent,100,100,4.831690485768847,3.720866932309099,6.053910243302152,
reach-wall,original,random_off_range_B0,official,reference_minimum_ties,100,100,1.0,1.0,1.0000000000000002,
reach-wall,original,random_off_range_B0,official,selected_minimum_ties,100,100,1.0,1.0,1.0000000000000002,
reach-wall,original,random_off_range_B0,official,reference_top10_cutoff_ties,100,100,1.0,1.0,1.0000000000000002,
reach-wall,original,random_off_range_B0,official,selected_top10_cutoff_ties,100,100,1.0,1.0,1.0000000000000002,
reach-wall,original,random_off_range_B0,proprio,reference_spearman,100,100,0.7711204608057298,0.7659141890039122,0.776442096447938,
reach-wall,original,random_off_range_B0,proprio,reference_top10_overlap,100,100,4.48,4.23,4.720000000000001,
reach-wall,original,random_off_range_B0,proprio,winner_changed,100,100,0.71,0.62,0.7900000000000001,
reach-wall,original,random_off_range_B0,proprio,selected_in_reference_minimum_set,100,100,0.29,0.20999999999999996,0.38,
reach-wall,original,random_off_range_B0,proprio,excess_reference_cost,100,100,0.028078040517866613,0.021964616731740536,0.034411661060526955,
reach-wall,original,random_off_range_B0,proprio,excess_reference_cost_percent,100,100,36.42286761652696,27.075804969562167,46.62906684998285,
reach-wall,original,random_off_range_B0,proprio,reference_minimum_ties,100,100,1.0,1.0,1.0000000000000002,
reach-wall,original,random_off_range_B0,proprio,selected_minimum_ties,100,100,1.0,1.0,1.0000000000000002,
reach-wall,original,random_off_range_B0,proprio,reference_top10_cutoff_ties,100,100,1.0,1.0,1.0000000000000002,
reach-wall,original,random_off_range_B0,proprio,selected_top10_cutoff_ties,100,100,1.0,1.0,1.0000000000000002,
reach-wall,original,random_off_range_B0,visual,reference_spearman,100,100,0.75347769990738,0.7470206630831819,0.7595143164265267,
reach-wall,original,random_off_range_B0,visual,reference_top10_overlap,100,100,4.07,3.7800000000000007,4.360000000000001,
reach-wall,original,random_off_range_B0,visual,winner_changed,100,100,0.79,0.71,0.87,
reach-wall,original,random_off_range_B0,visual,selected_in_reference_minimum_set,100,100,0.21,0.13,0.29000000000000004,
reach-wall,original,random_off_range_B0,visual,excess_reference_cost,100,100,0.09668264031410218,0.07699436721205712,0.11776675367355341,
reach-wall,original,random_off_range_B0,visual,excess_reference_cost_percent,100,100,4.7729839447389395,3.6906006866102423,5.970397908425445,
reach-wall,original,random_off_range_B0,visual,reference_minimum_ties,100,100,1.0,1.0,1.0000000000000002,
reach-wall,original,random_off_range_B0,visual,selected_minimum_ties,100,100,1.0,1.0,1.0000000000000002,
reach-wall,original,random_off_range_B0,visual,reference_top10_cutoff_ties,100,100,1.0,1.0,1.0000000000000002,
reach-wall,original,random_off_range_B0,visual,selected_top10_cutoff_ties,100,100,1.0,1.0,1.0000000000000002,
reach-wall,original,random_off_range_B1,official,reference_spearman,100,100,0.7558110417647154,0.7495388375249369,0.7616647323066121,
reach-wall,original,random_off_range_B1,official,reference_top10_overlap,100,100,4.12,3.8300000000000005,4.42,
reach-wall,original,random_off_range_B1,official,winner_changed,100,100,0.79,0.71,0.8699999999999999,
reach-wall,original,random_off_range_B1,official,selected_in_reference_minimum_set,100,100,0.21,0.13,0.29000000000000004,
reach-wall,original,random_off_range_B1,official,excess_reference_cost,100,100,0.09946104764938354,0.07917393729090691,0.12109274128079413,
reach-wall,original,random_off_range_B1,official,excess_reference_cost_percent,100,100,4.874212972879024,3.7751851844103306,6.092574179159007,
reach-wall,original,random_off_range_B1,official,reference_minimum_ties,100,100,1.0,1.0,1.0000000000000002,
reach-wall,original,random_off_range_B1,official,selected_minimum_ties,100,100,1.0,1.0,1.0000000000000002,
reach-wall,original,random_off_range_B1,official,reference_top10_cutoff_ties,100,100,1.0,1.0,1.0000000000000002,
reach-wall,original,random_off_range_B1,official,selected_top10_cutoff_ties,100,100,1.0,1.0,1.0000000000000002,
reach-wall,original,random_off_range_B1,proprio,reference_spearman,100,100,0.7713725494662286,0.766205659611897,0.7766447447128426,
reach-wall,original,random_off_range_B1,proprio,reference_top10_overlap,100,100,4.48,4.250000000000001,4.710000000000001,
reach-wall,original,random_off_range_B1,proprio,winner_changed,100,100,0.7,0.61,0.79,
reach-wall,original,random_off_range_B1,proprio,selected_in_reference_minimum_set,100,100,0.3,0.21000000000000002,0.39,
reach-wall,original,random_off_range_B1,proprio,excess_reference_cost,100,100,0.02769419465214014,0.021623253309167922,0.03396349976770579,
reach-wall,original,random_off_range_B1,proprio,excess_reference_cost_percent,100,100,35.8505620189645,26.66563378680639,45.931230442779444,
reach-wall,original,random_off_range_B1,proprio,reference_minimum_ties,100,100,1.0,1.0,1.0000000000000002,
reach-wall,original,random_off_range_B1,proprio,selected_minimum_ties,100,100,1.0,1.0,1.0000000000000002,
reach-wall,original,random_off_range_B1,proprio,reference_top10_cutoff_ties,100,100,1.0,1.0,1.0000000000000002,
reach-wall,original,random_off_range_B1,proprio,selected_top10_cutoff_ties,100,100,1.0,1.0,1.0000000000000002,
reach-wall,original,random_off_range_B1,visual,reference_spearman,100,100,0.7536903070615171,0.7472495799432552,0.7596677855861717,
reach-wall,original,random_off_range_B1,visual,reference_top10_overlap,100,100,4.08,3.7900000000000005,4.380000000000001,
reach-wall,original,random_off_range_B1,visual,winner_changed,100,100,0.78,0.6900000000000002,0.86,
reach-wall,original,random_off_range_B1,visual,selected_in_reference_minimum_set,100,100,0.22,0.14,0.30999999999999994,
reach-wall,original,random_off_range_B1,visual,excess_reference_cost,100,100,0.09565737128257751,0.07592663908004761,0.11669051313400268,
reach-wall,original,random_off_range_B1,visual,excess_reference_cost_percent,100,100,4.7190112197276814,3.637987610533443,5.9188067958107435,
reach-wall,original,random_off_range_B1,visual,reference_minimum_ties,100,100,1.0,1.0,1.0000000000000002,
reach-wall,original,random_off_range_B1,visual,selected_minimum_ties,100,100,1.0,1.0,1.0000000000000002,
reach-wall,original,random_off_range_B1,visual,reference_top10_cutoff_ties,100,100,1.0,1.0,1.0000000000000002,
reach-wall,original,random_off_range_B1,visual,selected_top10_cutoff_ties,100,100,1.01,1.0,1.0300000000000002,
reach-wall,original,random_off_range_B2,official,reference_spearman,100,100,0.7564688758151076,0.7501587404426078,0.7623857537609611,
reach-wall,original,random_off_range_B2,official,reference_top10_overlap,100,100,4.06,3.750000000000001,4.370000000000001,
reach-wall,original,random_off_range_B2,official,winner_changed,100,100,0.79,0.71,0.8600000000000001,
reach-wall,original,random_off_range_B2,official,selected_in_reference_minimum_set,100,100,0.21,0.13999999999999999,0.29000000000000004,
reach-wall,original,random_off_range_B2,official,excess_reference_cost,100,100,0.09577946305274963,0.07584732377529145,0.11715682592988012,
reach-wall,original,random_off_range_B2,official,excess_reference_cost_percent,100,100,4.6974018570698295,3.616636938879842,5.921390828229208,
reach-wall,original,random_off_range_B2,official,reference_minimum_ties,100,100,1.0,1.0,1.0000000000000002,
reach-wall,original,random_off_range_B2,official,selected_minimum_ties,100,100,1.0,1.0,1.0000000000000002,
reach-wall,original,random_off_range_B2,official,reference_top10_cutoff_ties,100,100,1.0,1.0,1.0000000000000002,
reach-wall,original,random_off_range_B2,official,selected_top10_cutoff_ties,100,100,1.0,1.0,1.0000000000000002,
reach-wall,original,random_off_range_B2,proprio,reference_spearman,100,100,0.7718769661790019,0.766644880242876,0.7772268967432971,
reach-wall,original,random_off_range_B2,proprio,reference_top10_overlap,100,100,4.44,4.199750000000001,4.6800000000000015,
reach-wall,original,random_off_range_B2,proprio,winner_changed,100,100,0.71,0.62,0.7999999999999999,
reach-wall,original,random_off_range_B2,proprio,selected_in_reference_minimum_set,100,100,0.29,0.2,0.38,
reach-wall,original,random_off_range_B2,proprio,excess_reference_cost,100,100,0.028631322868168354,0.022431098357774317,0.03498785896692424,
reach-wall,original,random_off_range_B2,proprio,excess_reference_cost_percent,100,100,37.15802332938341,27.74422323970096,47.47058210817299,
reach-wall,original,random_off_range_B2,proprio,reference_minimum_ties,100,100,1.0,1.0,1.0000000000000002,
reach-wall,original,random_off_range_B2,proprio,selected_minimum_ties,100,100,1.0,1.0,1.0000000000000002,
reach-wall,original,random_off_range_B2,proprio,reference_top10_cutoff_ties,100,100,1.0,1.0,1.0000000000000002,
reach-wall,original,random_off_range_B2,proprio,selected_top10_cutoff_ties,100,100,1.0,1.0,1.0000000000000002,
reach-wall,original,random_off_range_B2,visual,reference_spearman,100,100,0.7543307834385566,0.747911420792816,0.7603408617193221,
reach-wall,original,random_off_range_B2,visual,reference_top10_overlap,100,100,4.07,3.7800000000000007,4.360000000000001,
reach-wall,original,random_off_range_B2,visual,winner_changed,100,100,0.78,0.6900000000000001,0.86,
reach-wall,original,random_off_range_B2,visual,selected_in_reference_minimum_set,100,100,0.22,0.14,0.31,
reach-wall,original,random_off_range_B2,visual,excess_reference_cost,100,100,0.09302545309066773,0.07353671330213549,0.11396088764071463,
reach-wall,original,random_off_range_B2,visual,excess_reference_cost_percent,100,100,4.591531355947511,3.5274104947395886,5.796534623460282,
reach-wall,original,random_off_range_B2,visual,reference_minimum_ties,100,100,1.0,1.0,1.0000000000000002,
reach-wall,original,random_off_range_B2,visual,selected_minimum_ties,100,100,1.0,1.0,1.0000000000000002,
reach-wall,original,random_off_range_B2,visual,reference_top10_cutoff_ties,100,100,1.0,1.0,1.0000000000000002,
reach-wall,original,random_off_range_B2,visual,selected_top10_cutoff_ties,100,100,1.0,1.0,1.0000000000000002,
reach-wall,original,random_off_range_B3,official,reference_spearman,100,100,0.7560039092718911,0.749629964938855,0.761971644161288,
reach-wall,original,random_off_range_B3,official,reference_top10_overlap,100,100,4.05,3.7400000000000007,4.360000000000001,
reach-wall,original,random_off_range_B3,official,winner_changed,100,100,0.79,0.71,0.8600000000000001,
reach-wall,original,random_off_range_B3,official,selected_in_reference_minimum_set,100,100,0.21,0.13999999999999999,0.29000000000000004,
reach-wall,original,random_off_range_B3,official,excess_reference_cost,100,100,0.09912468194961548,0.07891035518050192,0.12068180048465726,
reach-wall,original,random_off_range_B3,official,excess_reference_cost_percent,100,100,4.868350507999566,3.7638906622130324,6.083715711545857,
reach-wall,original,random_off_range_B3,official,reference_minimum_ties,100,100,1.0,1.0,1.0000000000000002,
reach-wall,original,random_off_range_B3,official,selected_minimum_ties,100,100,1.0,1.0,1.0000000000000002,
reach-wall,original,random_off_range_B3,official,reference_top10_cutoff_ties,100,100,1.0,1.0,1.0000000000000002,
reach-wall,original,random_off_range_B3,official,selected_top10_cutoff_ties,100,100,1.0,1.0,1.0000000000000002,
reach-wall,original,random_off_range_B3,proprio,reference_spearman,100,100,0.7714261589461188,0.7662182679695524,0.776708624663061,
reach-wall,original,random_off_range_B3,proprio,reference_top10_overlap,100,100,4.48,4.24,4.720000000000001,
reach-wall,original,random_off_range_B3,proprio,winner_changed,100,100,0.72,0.63,0.8,
reach-wall,original,random_off_range_B3,proprio,selected_in_reference_minimum_set,100,100,0.28,0.19999999999999998,0.37,
reach-wall,original,random_off_range_B3,proprio,excess_reference_cost,100,100,0.029710046611726285,0.02315283258352429,0.036605548840947445,
reach-wall,original,random_off_range_B3,proprio,excess_reference_cost_percent,100,100,37.847039819100175,28.43614717234643,48.2288407213694,
reach-wall,original,random_off_range_B3,proprio,reference_minimum_ties,100,100,1.0,1.0,1.0000000000000002,
reach-wall,original,random_off_range_B3,proprio,selected_minimum_ties,100,100,1.0,1.0,1.0000000000000002,
reach-wall,original,random_off_range_B3,proprio,reference_top10_cutoff_ties,100,100,1.0,1.0,1.0000000000000002,
reach-wall,original,random_off_range_B3,proprio,selected_top10_cutoff_ties,100,100,1.0,1.0,1.0000000000000002,
reach-wall,original,random_off_range_B3,visual,reference_spearman,100,100,0.7538984079080638,0.7474370727777351,0.7599489352681216,
reach-wall,original,random_off_range_B3,visual,reference_top10_overlap,100,100,3.93,3.64,4.23,
reach-wall,original,random_off_range_B3,visual,winner_changed,100,100,0.77,0.68,0.8500000000000001,
reach-wall,original,random_off_range_B3,visual,selected_in_reference_minimum_set,100,100,0.23,0.15000000000000002,0.31999999999999995,
reach-wall,original,random_off_range_B3,visual,excess_reference_cost,100,100,0.09415320038795472,0.07452543148398398,0.11519968020915983,
reach-wall,original,random_off_range_B3,visual,excess_reference_cost_percent,100,100,4.661543092479932,3.5808092371855795,5.864282397613941,
reach-wall,original,random_off_range_B3,visual,reference_minimum_ties,100,100,1.0,1.0,1.0000000000000002,
reach-wall,original,random_off_range_B3,visual,selected_minimum_ties,100,100,1.0,1.0,1.0000000000000002,
reach-wall,original,random_off_range_B3,visual,reference_top10_cutoff_ties,100,100,1.0,1.0,1.0000000000000002,
reach-wall,original,random_off_range_B3,visual,selected_top10_cutoff_ties,100,100,1.0,1.0,1.0000000000000002,
reach-wall,original,random_off_range_B4,official,reference_spearman,100,100,0.7552263784104138,0.7488668603560975,0.7611789745469781,
reach-wall,original,random_off_range_B4,official,reference_top10_overlap,100,100,4.1,3.81,4.4,
reach-wall,original,random_off_range_B4,official,winner_changed,100,100,0.79,0.71,0.8602499999999783,
reach-wall,original,random_off_range_B4,official,selected_in_reference_minimum_set,100,100,0.21,0.1397500000000002,0.29000000000000004,
reach-wall,original,random_off_range_B4,official,excess_reference_cost,100,100,0.0956452226638794,0.0762731584906578,0.11660575667023658,
reach-wall,original,random_off_range_B4,official,excess_reference_cost_percent,100,100,4.659217587241251,3.6048718378142226,5.845249956715101,
reach-wall,original,random_off_range_B4,official,reference_minimum_ties,100,100,1.0,1.0,1.0000000000000002,
reach-wall,original,random_off_range_B4,official,selected_minimum_ties,100,100,1.0,1.0,1.0000000000000002,
reach-wall,original,random_off_range_B4,official,reference_top10_cutoff_ties,100,100,1.0,1.0,1.0000000000000002,
reach-wall,original,random_off_range_B4,official,selected_top10_cutoff_ties,100,100,1.0,1.0,1.0000000000000002,
reach-wall,original,random_off_range_B4,proprio,reference_spearman,100,100,0.7703453847105923,0.7651170840449806,0.7756357264167087,
reach-wall,original,random_off_range_B4,proprio,reference_top10_overlap,100,100,4.43,4.190000000000001,4.660000000000002,
reach-wall,original,random_off_range_B4,proprio,winner_changed,100,100,0.71,0.62,0.7900000000000001,
reach-wall,original,random_off_range_B4,proprio,selected_in_reference_minimum_set,100,100,0.29,0.20999999999999996,0.38,
reach-wall,original,random_off_range_B4,proprio,excess_reference_cost,100,100,0.026627116166055204,0.02097761989943683,0.03250874051358551,
reach-wall,original,random_off_range_B4,proprio,excess_reference_cost_percent,100,100,34.14194446765808,25.69598004451569,43.3777889479833,
reach-wall,original,random_off_range_B4,proprio,reference_minimum_ties,100,100,1.0,1.0,1.0000000000000002,
reach-wall,original,random_off_range_B4,proprio,selected_minimum_ties,100,100,1.0,1.0,1.0000000000000002,
reach-wall,original,random_off_range_B4,proprio,reference_top10_cutoff_ties,100,100,1.0,1.0,1.0000000000000002,
reach-wall,original,random_off_range_B4,proprio,selected_top10_cutoff_ties,100,100,1.0,1.0,1.0000000000000002,
reach-wall,original,random_off_range_B4,visual,reference_spearman,100,100,0.7529638261427446,0.7464935926508685,0.7590135749827849,
reach-wall,original,random_off_range_B4,visual,reference_top10_overlap,100,100,4.04,3.7600000000000007,4.32,
reach-wall,original,random_off_range_B4,visual,winner_changed,100,100,0.78,0.7,0.86,
reach-wall,original,random_off_range_B4,visual,selected_in_reference_minimum_set,100,100,0.22,0.14,0.30000000000000004,
reach-wall,original,random_off_range_B4,visual,excess_reference_cost,100,100,0.09243419885635376,0.07355602985620498,0.1128258908092975,
reach-wall,original,random_off_range_B4,visual,excess_reference_cost_percent,100,100,4.533304006160868,3.5020788976248287,5.704533923663111,
reach-wall,original,random_off_range_B4,visual,reference_minimum_ties,100,100,1.0,1.0,1.0000000000000002,
reach-wall,original,random_off_range_B4,visual,selected_minimum_ties,100,100,1.0,1.0,1.0000000000000002,
reach-wall,original,random_off_range_B4,visual,reference_top10_cutoff_ties,100,100,1.0,1.0,1.0000000000000002,
reach-wall,original,random_off_range_B4,visual,selected_top10_cutoff_ties,100,100,1.0,1.0,1.0000000000000002,
reach-wall,original,random_off_range_B5,official,reference_spearman,100,100,0.7560062718863472,0.7497039215621109,0.7619244113614272,
reach-wall,original,random_off_range_B5,official,reference_top10_overlap,100,100,4.12,3.830000000000001,4.41,
reach-wall,original,random_off_range_B5,official,winner_changed,100,100,0.79,0.71,0.8600000000000001,
reach-wall,original,random_off_range_B5,official,selected_in_reference_minimum_set,100,100,0.21,0.13999999999999999,0.29000000000000004,
reach-wall,original,random_off_range_B5,official,excess_reference_cost,100,100,0.09779828071594238,0.07766688442230225,0.11938330209255217,
reach-wall,original,random_off_range_B5,official,excess_reference_cost_percent,100,100,4.8090196622263,3.7071325330690708,6.033597586104403,
reach-wall,original,random_off_range_B5,official,reference_minimum_ties,100,100,1.0,1.0,1.0000000000000002,
reach-wall,original,random_off_range_B5,official,selected_minimum_ties,100,100,1.0,1.0,1.0000000000000002,
reach-wall,original,random_off_range_B5,official,reference_top10_cutoff_ties,100,100,1.0,1.0,1.0000000000000002,
reach-wall,original,random_off_range_B5,official,selected_top10_cutoff_ties,100,100,1.0,1.0,1.0000000000000002,
reach-wall,original,random_off_range_B5,proprio,reference_spearman,100,100,0.7713560456896242,0.7661323355428278,0.7766919100661077,
reach-wall,original,random_off_range_B5,proprio,reference_top10_overlap,100,100,4.51,4.280000000000001,4.74,
reach-wall,original,random_off_range_B5,proprio,winner_changed,100,100,0.69,0.6,0.78,
reach-wall,original,random_off_range_B5,proprio,selected_in_reference_minimum_set,100,100,0.31,0.22000000000000003,0.4,
reach-wall,original,random_off_range_B5,proprio,excess_reference_cost,100,100,0.027419438995420934,0.02129288578312844,0.033806629261933265,
reach-wall,original,random_off_range_B5,proprio,excess_reference_cost_percent,100,100,35.62227287885967,26.32576264865647,45.831080658133644,
reach-wall,original,random_off_range_B5,proprio,reference_minimum_ties,100,100,1.0,1.0,1.0000000000000002,
reach-wall,original,random_off_range_B5,proprio,selected_minimum_ties,100,100,1.0,1.0,1.0000000000000002,
reach-wall,original,random_off_range_B5,proprio,reference_top10_cutoff_ties,100,100,1.0,1.0,1.0000000000000002,
reach-wall,original,random_off_range_B5,proprio,selected_top10_cutoff_ties,100,100,1.0,1.0,1.0000000000000002,
reach-wall,original,random_off_range_B5,visual,reference_spearman,100,100,0.753913640226408,0.7474703793092228,0.7599165957087705,
reach-wall,original,random_off_range_B5,visual,reference_top10_overlap,100,100,4.06,3.7800000000000002,4.3500000000000005,
reach-wall,original,random_off_range_B5,visual,winner_changed,100,100,0.78,0.6900000000000001,0.86,
reach-wall,original,random_off_range_B5,visual,selected_in_reference_minimum_set,100,100,0.22,0.14,0.31,
reach-wall,original,random_off_range_B5,visual,excess_reference_cost,100,100,0.09423835158348083,0.07456700468063356,0.11530629959702487,
reach-wall,original,random_off_range_B5,visual,excess_reference_cost_percent,100,100,4.663925654274497,3.582957500116908,5.869005979169083,
reach-wall,original,random_off_range_B5,visual,reference_minimum_ties,100,100,1.0,1.0,1.0000000000000002,
reach-wall,original,random_off_range_B5,visual,selected_minimum_ties,100,100,1.0,1.0,1.0000000000000002,
reach-wall,original,random_off_range_B5,visual,reference_top10_cutoff_ties,100,100,1.0,1.0,1.0000000000000002,
reach-wall,original,random_off_range_B5,visual,selected_top10_cutoff_ties,100,100,1.0,1.0,1.0000000000000002,
reach-wall,original,random_range_B0,official,reference_spearman,100,100,0.7553120158326856,0.7490574107227078,0.7611747442064452,
reach-wall,original,random_range_B0,official,reference_top10_overlap,100,100,4.07,3.770000000000001,4.370000000000001,
reach-wall,original,random_range_B0,official,winner_changed,100,100,0.8,0.72,0.8700000000000001,
reach-wall,original,random_range_B0,official,selected_in_reference_minimum_set,100,100,0.2,0.13,0.28,
reach-wall,original,random_range_B0,official,excess_reference_cost,100,100,0.09995584726333619,0.07948393186926843,0.12168799141049384,
reach-wall,original,random_range_B0,official,excess_reference_cost_percent,100,100,4.893687426595655,3.785734030446734,6.115813112813702,
reach-wall,original,random_range_B0,official,reference_minimum_ties,100,100,1.0,1.0,1.0000000000000002,
reach-wall,original,random_range_B0,official,selected_minimum_ties,100,100,1.0,1.0,1.0000000000000002,
reach-wall,original,random_range_B0,official,reference_top10_cutoff_ties,100,100,1.0,1.0,1.0000000000000002,
reach-wall,original,random_range_B0,official,selected_top10_cutoff_ties,100,100,1.0,1.0,1.0000000000000002,
reach-wall,original,random_range_B0,proprio,reference_spearman,100,100,0.7712733914925632,0.7660748253464381,0.776581359366771,
reach-wall,original,random_range_B0,proprio,reference_top10_overlap,100,100,4.48,4.23,4.720000000000001,
reach-wall,original,random_range_B0,proprio,winner_changed,100,100,0.71,0.62,0.7900000000000001,
reach-wall,original,random_range_B0,proprio,selected_in_reference_minimum_set,100,100,0.29,0.20999999999999996,0.38,
reach-wall,original,random_range_B0,proprio,excess_reference_cost,100,100,0.029131859876215457,0.022814650896005335,0.03560997135937213,
reach-wall,original,random_range_B0,proprio,excess_reference_cost_percent,100,100,37.745871743758315,28.166328818157787,48.1924463554266,
reach-wall,original,random_range_B0,proprio,reference_minimum_ties,100,100,1.0,1.0,1.0000000000000002,
reach-wall,original,random_range_B0,proprio,selected_minimum_ties,100,100,1.0,1.0,1.0000000000000002,
reach-wall,original,random_range_B0,proprio,reference_top10_cutoff_ties,100,100,1.0,1.0,1.0000000000000002,
reach-wall,original,random_range_B0,proprio,selected_top10_cutoff_ties,100,100,1.0,1.0,1.0000000000000002,
reach-wall,original,random_range_B0,visual,reference_spearman,100,100,0.7530176222466569,0.7466182296834849,0.758999734915457,
reach-wall,original,random_range_B0,visual,reference_top10_overlap,100,100,4.05,3.7700000000000005,4.330000000000001,
reach-wall,original,random_range_B0,visual,winner_changed,100,100,0.79,0.71,0.87,
reach-wall,original,random_range_B0,visual,selected_in_reference_minimum_set,100,100,0.21,0.13,0.29000000000000004,
reach-wall,original,random_range_B0,visual,excess_reference_cost,100,100,0.09599507927894592,0.07632936996221543,0.11703626134991645,
reach-wall,original,random_range_B0,visual,excess_reference_cost_percent,100,100,4.73429537404355,3.65203667311076,5.934685219638354,
reach-wall,original,random_range_B0,visual,reference_minimum_ties,100,100,1.0,1.0,1.0000000000000002,
reach-wall,original,random_range_B0,visual,selected_minimum_ties,100,100,1.0,1.0,1.0000000000000002,
reach-wall,original,random_range_B0,visual,reference_top10_cutoff_ties,100,100,1.0,1.0,1.0000000000000002,
reach-wall,original,random_range_B0,visual,selected_top10_cutoff_ties,100,100,1.0,1.0,1.0000000000000002,
reach-wall,original,random_range_B1,official,reference_spearman,100,100,0.755244192666822,0.7489590856363176,0.7611539633769521,
reach-wall,original,random_range_B1,official,reference_top10_overlap,100,100,4.06,3.7800000000000007,4.340000000000001,
reach-wall,original,random_range_B1,official,winner_changed,100,100,0.79,0.71,0.8699999999999999,
reach-wall,original,random_range_B1,official,selected_in_reference_minimum_set,100,100,0.21,0.13,0.29000000000000004,
reach-wall,original,random_range_B1,official,excess_reference_cost,100,100,0.09156620979309082,0.07307161644101143,0.11111216384172441,
reach-wall,original,random_range_B1,official,excess_reference_cost_percent,100,100,4.469102336964796,3.4757541713296085,5.559665359324293,
reach-wall,original,random_range_B1,official,reference_minimum_ties,100,100,1.0,1.0,1.0000000000000002,
reach-wall,original,random_range_B1,official,selected_minimum_ties,100,100,1.0,1.0,1.0000000000000002,
reach-wall,original,random_range_B1,official,reference_top10_cutoff_ties,100,100,1.0,1.0,1.0000000000000002,
reach-wall,original,random_range_B1,official,selected_top10_cutoff_ties,100,100,1.0,1.0,1.0000000000000002,
reach-wall,original,random_range_B1,proprio,reference_spearman,100,100,0.7706558503887188,0.7654928389547775,0.7759391571696647,
reach-wall,original,random_range_B1,proprio,reference_top10_overlap,100,100,4.44,4.180000000000001,4.690000000000001,
reach-wall,original,random_range_B1,proprio,winner_changed,100,100,0.72,0.63,0.8,
reach-wall,original,random_range_B1,proprio,selected_in_reference_minimum_set,100,100,0.28,0.2,0.37,
reach-wall,original,random_range_B1,proprio,excess_reference_cost,100,100,0.03035388845950365,0.023649721171706918,0.03743705196678637,
reach-wall,original,random_range_B1,proprio,excess_reference_cost_percent,100,100,38.77812583851886,29.093514547536984,49.39860824110468,
reach-wall,original,random_range_B1,proprio,reference_minimum_ties,100,100,1.0,1.0,1.0000000000000002,
reach-wall,original,random_range_B1,proprio,selected_minimum_ties,100,100,1.0,1.0,1.0000000000000002,
reach-wall,original,random_range_B1,proprio,reference_top10_cutoff_ties,100,100,1.0,1.0,1.0000000000000002,
reach-wall,original,random_range_B1,proprio,selected_top10_cutoff_ties,100,100,1.0,1.0,1.0000000000000002,
reach-wall,original,random_range_B1,visual,reference_spearman,100,100,0.7532707183538015,0.7468647124259606,0.7592638235596448,
reach-wall,original,random_range_B1,visual,reference_top10_overlap,100,100,4.01,3.7500000000000004,4.28,
reach-wall,original,random_range_B1,visual,winner_changed,100,100,0.78,0.6900000000000002,0.86,
reach-wall,original,random_range_B1,visual,selected_in_reference_minimum_set,100,100,0.22,0.14,0.31,
reach-wall,original,random_range_B1,visual,excess_reference_cost,100,100,0.08978200793266296,0.07177252817153931,0.10883661046624182,
reach-wall,original,random_range_B1,visual,excess_reference_cost_percent,100,100,4.40337555622943,3.430650004487604,5.4774117362932095,
reach-wall,original,random_range_B1,visual,reference_minimum_ties,100,100,1.0,1.0,1.0000000000000002,
reach-wall,original,random_range_B1,visual,selected_minimum_ties,100,100,1.0,1.0,1.0000000000000002,
reach-wall,original,random_range_B1,visual,reference_top10_cutoff_ties,100,100,1.0,1.0,1.0000000000000002,
reach-wall,original,random_range_B1,visual,selected_top10_cutoff_ties,100,100,1.0,1.0,1.0000000000000002,
reach-wall,original,random_range_B2,official,reference_spearman,100,100,0.7556696300462191,0.7493345101729846,0.76160363822205,
reach-wall,original,random_range_B2,official,reference_top10_overlap,100,100,4.07,3.7800000000000002,4.360000000000001,
reach-wall,original,random_range_B2,official,winner_changed,100,100,0.78,0.6900000000000001,0.86,
reach-wall,original,random_range_B2,official,selected_in_reference_minimum_set,100,100,0.22,0.14,0.31,
reach-wall,original,random_range_B2,official,excess_reference_cost,100,100,0.09832655668258666,0.07799637627601624,0.1199352915585041,
reach-wall,original,random_range_B2,official,excess_reference_cost_percent,100,100,4.826851263409378,3.7162061072865473,6.0477574131501735,
reach-wall,original,random_range_B2,official,reference_minimum_ties,100,100,1.0,1.0,1.0000000000000002,
reach-wall,original,random_range_B2,official,selected_minimum_ties,100,100,1.0,1.0,1.0000000000000002,
reach-wall,original,random_range_B2,official,reference_top10_cutoff_ties,100,100,1.0,1.0,1.0000000000000002,
reach-wall,original,random_range_B2,official,selected_top10_cutoff_ties,100,100,1.0,1.0,1.0000000000000002,
reach-wall,original,random_range_B2,proprio,reference_spearman,100,100,0.771215724148039,0.7659718579995011,0.7765645750516522,
reach-wall,original,random_range_B2,proprio,reference_top10_overlap,100,100,4.42,4.180000000000001,4.660000000000001,
reach-wall,original,random_range_B2,proprio,winner_changed,100,100,0.71,0.62,0.7900000000000001,
reach-wall,original,random_range_B2,proprio,selected_in_reference_minimum_set,100,100,0.29,0.20999999999999996,0.38,
reach-wall,original,random_range_B2,proprio,excess_reference_cost,100,100,0.028005637861788273,0.02186563573870808,0.03439085401967168,
reach-wall,original,random_range_B2,proprio,excess_reference_cost_percent,100,100,36.32825120451517,26.923614063080286,46.576637006409456,
reach-wall,original,random_range_B2,proprio,reference_minimum_ties,100,100,1.0,1.0,1.0000000000000002,
reach-wall,original,random_range_B2,proprio,selected_minimum_ties,100,100,1.0,1.0,1.0000000000000002,
reach-wall,original,random_range_B2,proprio,reference_top10_cutoff_ties,100,100,1.0,1.0,1.0000000000000002,
reach-wall,original,random_range_B2,proprio,selected_top10_cutoff_ties,100,100,1.0,1.0,1.0000000000000002,
reach-wall,original,random_range_B2,visual,reference_spearman,100,100,0.7536652755206729,0.7472260481022807,0.7596960028383332,
reach-wall,original,random_range_B2,visual,reference_top10_overlap,100,100,4.02,3.7300000000000004,4.3100000000000005,
reach-wall,original,random_range_B2,visual,winner_changed,100,100,0.77,0.68,0.8500000000000001,
reach-wall,original,random_range_B2,visual,selected_in_reference_minimum_set,100,100,0.23,0.15000000000000002,0.32,
reach-wall,original,random_range_B2,visual,excess_reference_cost,100,100,0.09580212950706482,0.07588888093829156,0.11705117210745809,
reach-wall,original,random_range_B2,visual,excess_reference_cost_percent,100,100,4.73151692708144,3.643677104646594,5.933653130256481,
reach-wall,original,random_range_B2,visual,reference_minimum_ties,100,100,1.0,1.0,1.0000000000000002,
reach-wall,original,random_range_B2,visual,selected_minimum_ties,100,100,1.0,1.0,1.0000000000000002,
reach-wall,original,random_range_B2,visual,reference_top10_cutoff_ties,100,100,1.0,1.0,1.0000000000000002,
reach-wall,original,random_range_B2,visual,selected_top10_cutoff_ties,100,100,1.0,1.0,1.0000000000000002,
reach-wall,original,random_range_B3,official,reference_spearman,100,100,0.7558743797366997,0.7496111093823896,0.7617244715180344,
reach-wall,original,random_range_B3,official,reference_top10_overlap,100,100,4.08,3.7900000000000005,4.370000000000001,
reach-wall,original,random_range_B3,official,winner_changed,100,100,0.8,0.72,0.8700000000000001,
reach-wall,original,random_range_B3,official,selected_in_reference_minimum_set,100,100,0.2,0.13,0.28,
reach-wall,original,random_range_B3,official,excess_reference_cost,100,100,0.096619371175766,0.07662838864326478,0.11805651894211769,
reach-wall,original,random_range_B3,official,excess_reference_cost_percent,100,100,4.730955025512256,3.6495093875476075,5.952913253397709,
reach-wall,original,random_range_B3,official,reference_minimum_ties,100,100,1.0,1.0,1.0000000000000002,
reach-wall,original,random_range_B3,official,selected_minimum_ties,100,100,1.0,1.0,1.0000000000000002,
reach-wall,original,random_range_B3,official,reference_top10_cutoff_ties,100,100,1.0,1.0,1.0000000000000002,
reach-wall,original,random_range_B3,official,selected_top10_cutoff_ties,100,100,1.0,1.0,1.0000000000000002,
reach-wall,original,random_range_B3,proprio,reference_spearman,100,100,0.7711599968368155,0.7659688156251749,0.7764902328173718,
reach-wall,original,random_range_B3,proprio,reference_top10_overlap,100,100,4.45,4.210000000000001,4.6800000000000015,
reach-wall,original,random_range_B3,proprio,winner_changed,100,100,0.71,0.62,0.7999999999999999,
reach-wall,original,random_range_B3,proprio,selected_in_reference_minimum_set,100,100,0.29,0.2,0.38,
reach-wall,original,random_range_B3,proprio,excess_reference_cost,100,100,0.027701949439942836,0.021614443975500768,0.03393791313841937,
reach-wall,original,random_range_B3,proprio,excess_reference_cost_percent,100,100,35.96125187060414,26.77311339899228,46.02923805040091,
reach-wall,original,random_range_B3,proprio,reference_minimum_ties,100,100,1.0,1.0,1.0000000000000002,
reach-wall,original,random_range_B3,proprio,selected_minimum_ties,100,100,1.0,1.0,1.0000000000000002,
reach-wall,original,random_range_B3,proprio,reference_top10_cutoff_ties,100,100,1.0,1.0,1.0000000000000002,
reach-wall,original,random_range_B3,proprio,selected_top10_cutoff_ties,100,100,1.0,1.0,1.0000000000000002,
reach-wall,original,random_range_B3,visual,reference_spearman,100,100,0.7537490245676919,0.7473792535696491,0.7597004100262786,
reach-wall,original,random_range_B3,visual,reference_top10_overlap,100,100,4.06,3.7700000000000014,4.340000000000002,
reach-wall,original,random_range_B3,visual,winner_changed,100,100,0.79,0.71,0.87,
reach-wall,original,random_range_B3,visual,selected_in_reference_minimum_set,100,100,0.21,0.13,0.29000000000000004,
reach-wall,original,random_range_B3,visual,excess_reference_cost,100,100,0.09478484869003295,0.07523569321632385,0.11576640886068343,
reach-wall,original,random_range_B3,visual,excess_reference_cost_percent,100,100,4.662035915698308,3.5914285533271357,5.862697196787871,
reach-wall,original,random_range_B3,visual,reference_minimum_ties,100,100,1.0,1.0,1.0000000000000002,
reach-wall,original,random_range_B3,visual,selected_minimum_ties,100,100,1.0,1.0,1.0000000000000002,
reach-wall,original,random_range_B3,visual,reference_top10_cutoff_ties,100,100,1.0,1.0,1.0000000000000002,
reach-wall,original,random_range_B3,visual,selected_top10_cutoff_ties,100,100,1.0,1.0,1.0000000000000002,
reach-wall,original,random_range_B4,official,reference_spearman,100,100,0.7547101388165285,0.7483673701193959,0.7606801175356441,
reach-wall,original,random_range_B4,official,reference_top10_overlap,100,100,4.1,3.8000000000000003,4.410000000000001,
reach-wall,original,random_range_B4,official,winner_changed,100,100,0.79,0.71,0.87,
reach-wall,original,random_range_B4,official,selected_in_reference_minimum_set,100,100,0.21,0.13,0.29000000000000004,
reach-wall,original,random_range_B4,official,excess_reference_cost,100,100,0.09301543831825257,0.072927651822567,0.11479088339209557,
reach-wall,original,random_range_B4,official,excess_reference_cost_percent,100,100,4.55482664987105,3.465354358702954,5.787254762694302,
reach-wall,original,random_range_B4,official,reference_minimum_ties,100,100,1.0,1.0,1.0000000000000002,
reach-wall,original,random_range_B4,official,selected_minimum_ties,100,100,1.0,1.0,1.0000000000000002,
reach-wall,original,random_range_B4,official,reference_top10_cutoff_ties,100,100,1.0,1.0,1.0000000000000002,
reach-wall,original,random_range_B4,official,selected_top10_cutoff_ties,100,100,1.0,1.0,1.0000000000000002,
reach-wall,original,random_range_B4,proprio,reference_spearman,100,100,0.7686242455898119,0.7633204546588017,0.7740465395456683,
reach-wall,original,random_range_B4,proprio,reference_top10_overlap,100,100,4.41,4.15,4.670000000000001,
reach-wall,original,random_range_B4,proprio,winner_changed,100,100,0.75,0.66,0.8300000000000001,
reach-wall,original,random_range_B4,proprio,selected_in_reference_minimum_set,100,100,0.25,0.16999999999999998,0.33999999999999997,
reach-wall,original,random_range_B4,proprio,excess_reference_cost,100,100,0.03192828167229891,0.02527082077134401,0.03905821658112108,
reach-wall,original,random_range_B4,proprio,excess_reference_cost_percent,100,100,40.15390984615854,30.62270683507831,50.66953639468908,
reach-wall,original,random_range_B4,proprio,reference_minimum_ties,100,100,1.0,1.0,1.0000000000000002,
reach-wall,original,random_range_B4,proprio,selected_minimum_ties,100,100,1.0,1.0,1.0000000000000002,
reach-wall,original,random_range_B4,proprio,reference_top10_cutoff_ties,100,100,1.0,1.0,1.0000000000000002,
reach-wall,original,random_range_B4,proprio,selected_top10_cutoff_ties,100,100,1.0,1.0,1.0000000000000002,
reach-wall,original,random_range_B4,visual,reference_spearman,100,100,0.7526627066856775,0.7461892499492748,0.7587440657478861,
reach-wall,original,random_range_B4,visual,reference_top10_overlap,100,100,4.08,3.7900000000000005,4.370000000000001,
reach-wall,original,random_range_B4,visual,winner_changed,100,100,0.79,0.71,0.87,
reach-wall,original,random_range_B4,visual,selected_in_reference_minimum_set,100,100,0.21,0.13,0.29000000000000004,
reach-wall,original,random_range_B4,visual,excess_reference_cost,100,100,0.09158389806747437,0.07203491392731667,0.11290166729688642,
reach-wall,original,random_range_B4,visual,excess_reference_cost_percent,100,100,4.513046876141059,3.442374650572832,5.728662842701093,
reach-wall,original,random_range_B4,visual,reference_minimum_ties,100,100,1.0,1.0,1.0000000000000002,
reach-wall,original,random_range_B4,visual,selected_minimum_ties,100,100,1.0,1.0,1.0000000000000002,
reach-wall,original,random_range_B4,visual,reference_top10_cutoff_ties,100,100,1.0,1.0,1.0000000000000002,
reach-wall,original,random_range_B4,visual,selected_top10_cutoff_ties,100,100,1.0,1.0,1.0000000000000002,
reach-wall,original,random_range_B5,official,reference_spearman,100,100,0.7562249725401746,0.7499066670317909,0.7621391755177979,
reach-wall,original,random_range_B5,official,reference_top10_overlap,100,100,4.11,3.8100000000000005,4.41,
reach-wall,original,random_range_B5,official,winner_changed,100,100,0.8,0.72,0.8700000000000001,
reach-wall,original,random_range_B5,official,selected_in_reference_minimum_set,100,100,0.2,0.13,0.28,
reach-wall,original,random_range_B5,official,excess_reference_cost,100,100,0.1001368534564972,0.08007217064499857,0.12169666448235511,
reach-wall,original,random_range_B5,official,excess_reference_cost_percent,100,100,4.913090651005063,3.814250351017398,6.129414117544291,
reach-wall,original,random_range_B5,official,reference_minimum_ties,100,100,1.0,1.0,1.0000000000000002,
reach-wall,original,random_range_B5,official,selected_minimum_ties,100,100,1.0,1.0,1.0000000000000002,
reach-wall,original,random_range_B5,official,reference_top10_cutoff_ties,100,100,1.0,1.0,1.0000000000000002,
reach-wall,original,random_range_B5,official,selected_top10_cutoff_ties,100,100,1.0,1.0,1.0000000000000002,
reach-wall,original,random_range_B5,proprio,reference_spearman,100,100,0.7715449558251948,0.7663433478370069,0.7768607800154022,
reach-wall,original,random_range_B5,proprio,reference_top10_overlap,100,100,4.43,4.170000000000002,4.680000000000001,
reach-wall,original,random_range_B5,proprio,winner_changed,100,100,0.71,0.62,0.7900000000000001,
reach-wall,original,random_range_B5,proprio,selected_in_reference_minimum_set,100,100,0.29,0.20999999999999996,0.38,
reach-wall,original,random_range_B5,proprio,excess_reference_cost,100,100,0.02801589671522379,0.021905509010888637,0.03432834219373763,
reach-wall,original,random_range_B5,proprio,excess_reference_cost_percent,100,100,36.34165304347309,26.98536682912674,46.56513546649455,
reach-wall,original,random_range_B5,proprio,reference_minimum_ties,100,100,1.0,1.0,1.0000000000000002,
reach-wall,original,random_range_B5,proprio,selected_minimum_ties,100,100,1.0,1.0,1.0000000000000002,
reach-wall,original,random_range_B5,proprio,reference_top10_cutoff_ties,100,100,1.0,1.0,1.0000000000000002,
reach-wall,original,random_range_B5,proprio,selected_top10_cutoff_ties,100,100,1.0,1.0,1.0000000000000002,
reach-wall,original,random_range_B5,visual,reference_spearman,100,100,0.753943237757024,0.7474761811558782,0.759985593947501,
reach-wall,original,random_range_B5,visual,reference_top10_overlap,100,100,4.07,3.7900000000000005,4.350000000000001,
reach-wall,original,random_range_B5,visual,winner_changed,100,100,0.79,0.71,0.87,
reach-wall,original,random_range_B5,visual,selected_in_reference_minimum_set,100,100,0.21,0.13,0.29000000000000004,
reach-wall,original,random_range_B5,visual,excess_reference_cost,100,100,0.09636144995689393,0.0767487026154995,0.11741299048066137,
reach-wall,original,random_range_B5,visual,excess_reference_cost_percent,100,100,4.750795937119964,3.6690477917729694,5.946770730247354,
reach-wall,original,random_range_B5,visual,reference_minimum_ties,100,100,1.0,1.0,1.0000000000000002,
reach-wall,original,random_range_B5,visual,selected_minimum_ties,100,100,1.0,1.0,1.0000000000000002,
reach-wall,original,random_range_B5,visual,reference_top10_cutoff_ties,100,100,1.0,1.0,1.0000000000000002,
reach-wall,original,random_range_B5,visual,selected_top10_cutoff_ties,100,100,1.0,1.0,1.0000000000000002,
reach-wall,original,zero_capture,official,reference_spearman,100,100,0.7563648659245061,0.750078371891962,0.7622657909967394,
reach-wall,original,zero_capture,official,reference_top10_overlap,100,100,4.12,3.820000000000001,4.42,
reach-wall,original,zero_capture,official,winner_changed,100,100,0.8,0.72,0.8700000000000001,
reach-wall,original,zero_capture,official,selected_in_reference_minimum_set,100,100,0.2,0.13,0.28,
reach-wall,original,zero_capture,official,excess_reference_cost,100,100,0.09972495794296264,0.07954025024175644,0.12132036340236664,
reach-wall,original,zero_capture,official,excess_reference_cost_percent,100,100,4.891425536640312,3.792589565808039,6.110429066799172,
reach-wall,original,zero_capture,official,reference_minimum_ties,100,100,1.0,1.0,1.0000000000000002,
reach-wall,original,zero_capture,official,selected_minimum_ties,100,100,1.0,1.0,1.0000000000000002,
reach-wall,original,zero_capture,official,reference_top10_cutoff_ties,100,100,1.0,1.0,1.0000000000000002,
reach-wall,original,zero_capture,official,selected_top10_cutoff_ties,100,100,1.0,1.0,1.0000000000000002,
reach-wall,original,zero_capture,proprio,reference_spearman,100,100,0.7718218144557253,0.7666389130901545,0.7771218898728032,
reach-wall,original,zero_capture,proprio,reference_top10_overlap,100,100,4.45,4.200000000000001,4.690000000000001,
reach-wall,original,zero_capture,proprio,winner_changed,100,100,0.7,0.61,0.79,
reach-wall,original,zero_capture,proprio,selected_in_reference_minimum_set,100,100,0.3,0.21000000000000002,0.39,
reach-wall,original,zero_capture,proprio,excess_reference_cost,100,100,0.02780249509960413,0.02166258798725903,0.034151706709526476,
reach-wall,original,zero_capture,proprio,excess_reference_cost_percent,100,100,36.16524178568457,26.791624791238373,46.332470221176216,
reach-wall,original,zero_capture,proprio,reference_minimum_ties,100,100,1.0,1.0,1.0000000000000002,
reach-wall,original,zero_capture,proprio,selected_minimum_ties,100,100,1.0,1.0,1.0000000000000002,
reach-wall,original,zero_capture,proprio,reference_top10_cutoff_ties,100,100,1.0,1.0,1.0000000000000002,
reach-wall,original,zero_capture,proprio,selected_top10_cutoff_ties,100,100,1.0,1.0,1.0000000000000002,
reach-wall,original,zero_capture,visual,reference_spearman,100,100,0.7542319010717695,0.7477867318954278,0.7602402106123937,
reach-wall,original,zero_capture,visual,reference_top10_overlap,100,100,4.03,3.740000000000001,4.32,
reach-wall,original,zero_capture,visual,winner_changed,100,100,0.79,0.71,0.87,
reach-wall,original,zero_capture,visual,selected_in_reference_minimum_set,100,100,0.21,0.13,0.29000000000000004,
reach-wall,original,zero_capture,visual,excess_reference_cost,100,100,0.09636144995689393,0.0767487026154995,0.11741299048066137,
reach-wall,original,zero_capture,visual,excess_reference_cost_percent,100,100,4.750795937119964,3.6690477917729694,5.946770730247354,
reach-wall,original,zero_capture,visual,reference_minimum_ties,100,100,1.0,1.0,1.0000000000000002,
reach-wall,original,zero_capture,visual,selected_minimum_ties,100,100,1.0,1.0,1.0000000000000002,
reach-wall,original,zero_capture,visual,reference_top10_cutoff_ties,100,100,1.0,1.0,1.0000000000000002,
reach-wall,original,zero_capture,visual,selected_top10_cutoff_ties,100,100,1.0,1.0,1.0000000000000002,
reach,fresh,all_blocks_h3_donor,official,donor_reconstruction,100,100,1.0,1.0,1.0000000000000002,3.0
reach,fresh,all_blocks_h3_donor,official,donor_reconstruction,100,100,0.47134711627185566,0.4670951321056353,0.475602874579974,4.0
reach,fresh,all_blocks_h3_donor,official,donor_reconstruction,100,100,0.49955637559283905,0.49534458111101387,0.5038819504729779,6.0
reach,fresh,all_blocks_h3_donor,proprio,donor_reconstruction,100,100,1.0,1.0,1.0000000000000002,3.0
reach,fresh,all_blocks_h3_donor,proprio,donor_reconstruction,100,100,0.5541246552365174,0.5507852827588887,0.5575030452669743,4.0
reach,fresh,all_blocks_h3_donor,proprio,donor_reconstruction,100,100,0.6189745195169105,0.61552858948522,0.6225156618690106,6.0
reach,fresh,all_blocks_h3_donor,visual,donor_reconstruction,100,100,1.0,1.0,1.0000000000000002,3.0
reach,fresh,all_blocks_h3_donor,visual,donor_reconstruction,100,100,0.4711540551036756,0.4668993065256057,0.47541060656896655,4.0
reach,fresh,all_blocks_h3_donor,visual,donor_reconstruction,100,100,0.49928772548212036,0.4950714710889367,0.503615922350396,6.0
reach,fresh,all_blocks_persistent_donor,official,donor_reconstruction,100,100,1.0,1.0,1.0000000000000002,3.0
reach,fresh,all_blocks_persistent_donor,official,donor_reconstruction,100,100,1.0,1.0,1.0000000000000002,4.0
reach,fresh,all_blocks_persistent_donor,official,donor_reconstruction,100,100,1.0,1.0,1.0000000000000002,6.0
reach,fresh,all_blocks_persistent_donor,proprio,donor_reconstruction,100,100,1.0,1.0,1.0000000000000002,3.0
reach,fresh,all_blocks_persistent_donor,proprio,donor_reconstruction,100,100,1.0,1.0,1.0000000000000002,4.0
reach,fresh,all_blocks_persistent_donor,proprio,donor_reconstruction,100,100,1.0,1.0,1.0000000000000002,6.0
reach,fresh,all_blocks_persistent_donor,visual,donor_reconstruction,100,100,1.0,1.0,1.0000000000000002,3.0
reach,fresh,all_blocks_persistent_donor,visual,donor_reconstruction,100,100,1.0,1.0,1.0000000000000002,4.0
reach,fresh,all_blocks_persistent_donor,visual,donor_reconstruction,100,100,1.0,1.0,1.0000000000000002,6.0
reach,fresh,coherent_raw_h3,official,donor_reconstruction,100,100,1.0,1.0,1.0000000000000002,3.0
reach,fresh,coherent_raw_h3,official,donor_reconstruction,100,100,1.0,1.0,1.0000000000000002,4.0
reach,fresh,coherent_raw_h3,official,donor_reconstruction,100,100,1.0,1.0,1.0000000000000002,6.0
reach,fresh,coherent_raw_h3,proprio,donor_reconstruction,100,100,1.0,1.0,1.0000000000000002,3.0
reach,fresh,coherent_raw_h3,proprio,donor_reconstruction,100,100,1.0,1.0,1.0000000000000002,4.0
reach,fresh,coherent_raw_h3,proprio,donor_reconstruction,100,100,1.0,1.0,1.0000000000000002,6.0
reach,fresh,coherent_raw_h3,visual,donor_reconstruction,100,100,1.0,1.0,1.0000000000000002,3.0
reach,fresh,coherent_raw_h3,visual,donor_reconstruction,100,100,1.0,1.0,1.0000000000000002,4.0
reach,fresh,coherent_raw_h3,visual,donor_reconstruction,100,100,1.0,1.0,1.0000000000000002,6.0
reach,fresh,donor_h3_B0,official,donor_reconstruction,100,100,0.3363623773801756,0.3340377130812515,0.33862509248956546,3.0
reach,fresh,donor_h3_B0,official,donor_reconstruction,100,100,0.10129810209878438,0.09999134876494371,0.10262727422221764,4.0
reach,fresh,donor_h3_B0,official,donor_reconstruction,100,100,0.0838818991468535,0.08245297573671054,0.0853251329245681,6.0
reach,fresh,donor_h3_B0,proprio,donor_reconstruction,100,100,0.07681736556526497,0.07415739996906003,0.07940761226211045,3.0
reach,fresh,donor_h3_B0,proprio,donor_reconstruction,100,100,0.08759959703783965,0.08612419635632844,0.08907170264487212,4.0
reach,fresh,donor_h3_B0,proprio,donor_reconstruction,100,100,0.11236100483129065,0.11053825590069895,0.11414245747125497,6.0
reach,fresh,donor_h3_B0,visual,donor_reconstruction,100,100,0.33696832570534097,0.3346391650671917,0.3392375669999869,3.0
reach,fresh,donor_h3_B0,visual,donor_reconstruction,100,100,0.10132994962042523,0.10002315094817787,0.10265869946326683,4.0
reach,fresh,donor_h3_B0,visual,donor_reconstruction,100,100,0.08381772380797844,0.08238956539986861,0.08526150162493777,6.0
reach,fresh,donor_h3_B1,official,donor_reconstruction,100,100,0.6057108019591567,0.6031413053210497,0.6081673661665646,3.0
reach,fresh,donor_h3_B1,official,donor_reconstruction,100,100,0.24019381005690227,0.23805834563703657,0.2422650781395497,4.0
reach,fresh,donor_h3_B1,official,donor_reconstruction,100,100,0.2286609245999706,0.22643380816095018,0.23085901769754505,6.0
reach,fresh,donor_h3_B1,proprio,donor_reconstruction,100,100,0.48785002271957134,0.48493645551158937,0.4907122891138832,3.0
reach,fresh,donor_h3_B1,proprio,donor_reconstruction,100,100,0.29035593275453064,0.2887430305544293,0.2919697889986358,4.0
reach,fresh,donor_h3_B1,proprio,donor_reconstruction,100,100,0.30092193859566807,0.2989323026246528,0.3029333116582631,6.0
reach,fresh,donor_h3_B1,visual,donor_reconstruction,100,100,0.6059862223512102,0.6034129193181276,0.6084475873263048,3.0
reach,fresh,donor_h3_B1,visual,donor_reconstruction,100,100,0.24007700808510804,0.23794003448610757,0.2421498313753604,4.0
reach,fresh,donor_h3_B1,visual,donor_reconstruction,100,100,0.22849841926545306,0.22627023934569493,0.230697858007561,6.0
reach,fresh,donor_h3_B2,official,donor_reconstruction,100,100,0.35872077692131493,0.35422215805572344,0.36346452714657085,3.0
reach,fresh,donor_h3_B2,official,donor_reconstruction,100,100,0.09563797867851428,0.09214212631176841,0.09921077617175117,4.0
reach,fresh,donor_h3_B2,official,donor_reconstruction,100,100,0.08980738954619953,0.0868057399691225,0.09291311250105073,6.0
reach,fresh,donor_h3_B2,proprio,donor_reconstruction,100,100,0.1772745415068717,0.17140392938623736,0.18313842394057767,3.0
reach,fresh,donor_h3_B2,proprio,donor_reconstruction,100,100,0.09835436566947331,0.09466885683938467,0.1021476934022206,4.0
reach,fresh,donor_h3_B2,proprio,donor_reconstruction,100,100,0.12485027689206184,0.1213710205772274,0.12844327499687513,6.0
reach,fresh,donor_h3_B2,visual,donor_reconstruction,100,100,0.35914398722652024,0.3546426275984682,0.3638861142806035,3.0
reach,fresh,donor_h3_B2,visual,donor_reconstruction,100,100,0.09563153060147388,0.09213524876639735,0.09920274558961183,4.0
reach,fresh,donor_h3_B2,visual,donor_reconstruction,100,100,0.08972849908129645,0.08672787272032284,0.09283347245843913,6.0
reach,fresh,donor_h3_B3,official,donor_reconstruction,100,100,0.17321783669705165,0.17170715996842761,0.1747246188460827,3.0
reach,fresh,donor_h3_B3,official,donor_reconstruction,100,100,0.031022128220802234,0.03030301862942184,0.03173518751868411,4.0
reach,fresh,donor_h3_B3,official,donor_reconstruction,100,100,0.007803195050121766,0.006781891077492213,0.008826771187083964,6.0
reach,fresh,donor_h3_B3,proprio,donor_reconstruction,100,100,-0.17789037463559676,-0.18278528391655355,-0.1731258913952528,3.0
reach,fresh,donor_h3_B3,proprio,donor_reconstruction,100,100,-0.024745590430404817,-0.026203005644834004,-0.023305813705836842,4.0
reach,fresh,donor_h3_B3,proprio,donor_reconstruction,100,100,-0.015365437426077664,-0.017141277403007204,-0.013602114441905833,6.0
reach,fresh,donor_h3_B3,visual,donor_reconstruction,100,100,0.1740379854113685,0.17251850568869537,0.1755491503202905,3.0
reach,fresh,donor_h3_B3,visual,donor_reconstruction,100,100,0.03115212464960288,0.030433452018491996,0.03186590447230787,4.0
reach,fresh,donor_h3_B3,visual,donor_reconstruction,100,100,0.007855374562029694,0.006834882822992053,0.008877792920709998,6.0
reach,fresh,donor_h3_B4,official,donor_reconstruction,100,100,0.035238569084138,0.034778407639952366,0.03569894548909948,3.0
reach,fresh,donor_h3_B4,official,donor_reconstruction,100,100,0.056694711757249834,0.055665835478396944,0.05774409081396971,4.0
reach,fresh,donor_h3_B4,official,donor_reconstruction,100,100,0.1285447279562246,0.12598597132415226,0.13116281127121587,6.0
reach,fresh,donor_h3_B4,proprio,donor_reconstruction,100,100,0.5850077917774394,0.5792509460612939,0.5907520410163032,3.0
reach,fresh,donor_h3_B4,proprio,donor_reconstruction,100,100,0.17963526248158698,0.17660535287122267,0.18271925489379637,4.0
reach,fresh,donor_h3_B4,proprio,donor_reconstruction,100,100,0.20138449928671492,0.19788218038082458,0.2049561299971098,6.0
reach,fresh,donor_h3_B4,visual,donor_reconstruction,100,100,0.03395500229621866,0.033501847331029726,0.034407007458424156,3.0
reach,fresh,donor_h3_B4,visual,donor_reconstruction,100,100,0.05640823126158989,0.055383222683203975,0.05745167815316375,4.0
reach,fresh,donor_h3_B4,visual,donor_reconstruction,100,100,0.1283808767880743,0.12582492181050708,0.1309983127912242,6.0
reach,fresh,donor_h3_B5,official,donor_reconstruction,100,100,-0.005270192702374299,-0.005425716281912232,-0.005112782288475633,3.0
reach,fresh,donor_h3_B5,official,donor_reconstruction,100,100,0.00513332680749401,0.005013546838420472,0.005256355525722054,4.0
reach,fresh,donor_h3_B5,official,donor_reconstruction,100,100,0.012332313253314728,0.012079943140860102,0.012587769220989342,6.0
reach,fresh,donor_h3_B5,proprio,donor_reconstruction,100,100,0.009740023450379286,0.008481127260642304,0.010971741985611383,3.0
reach,fresh,donor_h3_B5,proprio,donor_reconstruction,100,100,0.007372491724270272,0.007052972045529116,0.007687718325570544,4.0
reach,fresh,donor_h3_B5,proprio,donor_reconstruction,100,100,0.018534556076392063,0.018189471431841728,0.018884088707830635,6.0
reach,fresh,donor_h3_B5,visual,donor_reconstruction,100,100,-0.0053053186712478965,-0.005462003640056076,-0.005147258073225317,3.0
reach,fresh,donor_h3_B5,visual,donor_reconstruction,100,100,0.005128088603377603,0.005008364278727054,0.005251326365881839,4.0
reach,fresh,donor_h3_B5,visual,donor_reconstruction,100,100,0.012318372345792921,0.012066039517823441,0.012573624804986387,6.0
reach,fresh,donor_persistent_B0,official,donor_reconstruction,100,100,0.3363623773801756,0.3340377130812515,0.33862509248956546,3.0
reach,fresh,donor_persistent_B0,official,donor_reconstruction,100,100,0.25061024351191563,0.2485970914248926,0.2526014290127626,4.0
reach,fresh,donor_persistent_B0,official,donor_reconstruction,100,100,0.20092935549097973,0.19867714493751276,0.20321041904994153,6.0
reach,fresh,donor_persistent_B0,proprio,donor_reconstruction,100,100,0.07681736556526497,0.07415739996906003,0.07940761226211045,3.0
reach,fresh,donor_persistent_B0,proprio,donor_reconstruction,100,100,0.24159743795728983,0.2389999076885706,0.24417790161595168,4.0
reach,fresh,donor_persistent_B0,proprio,donor_reconstruction,100,100,0.26267418906217677,0.25996486689769344,0.26535794311216676,6.0
reach,fresh,donor_persistent_B0,visual,donor_reconstruction,100,100,0.33696832570534097,0.3346391650671917,0.3392375669999869,3.0
reach,fresh,donor_persistent_B0,visual,donor_reconstruction,100,100,0.2506307751753301,0.24861478490298286,0.2526234264438852,4.0
reach,fresh,donor_persistent_B0,visual,donor_reconstruction,100,100,0.20079006388377368,0.1985373764578367,0.20307484924569327,6.0
reach,fresh,donor_persistent_B1,official,donor_reconstruction,100,100,0.6057108019591567,0.6031413053210497,0.6081673661665646,3.0
reach,fresh,donor_persistent_B1,official,donor_reconstruction,100,100,0.7606006546699636,0.7577181960483098,0.7634717325681831,4.0
reach,fresh,donor_persistent_B1,official,donor_reconstruction,100,100,0.732666639372662,0.7295555913949933,0.7357912379073923,6.0
reach,fresh,donor_persistent_B1,proprio,donor_reconstruction,100,100,0.48785002271957134,0.48493645551158937,0.4907122891138832,3.0
reach,fresh,donor_persistent_B1,proprio,donor_reconstruction,100,100,0.8301840794062868,0.8284015535373805,0.8319218137665816,4.0
reach,fresh,donor_persistent_B1,proprio,donor_reconstruction,100,100,0.7945876580387734,0.7924523525282557,0.7966743545093942,6.0
reach,fresh,donor_persistent_B1,visual,donor_reconstruction,100,100,0.6059862223512102,0.6034129193181276,0.6084475873263048,3.0
reach,fresh,donor_persistent_B1,visual,donor_reconstruction,100,100,0.7604385913467475,0.7575519291004454,0.7633153070563854,4.0
reach,fresh,donor_persistent_B1,visual,donor_reconstruction,100,100,0.7325272329628904,0.7294129369396565,0.7356549813073312,6.0
reach,fresh,donor_persistent_B2,official,donor_reconstruction,100,100,0.35872077692131493,0.35422215805572344,0.36346452714657085,3.0
reach,fresh,donor_persistent_B2,official,donor_reconstruction,100,100,0.18855209484862892,0.1852942675280029,0.19183510573232027,4.0
reach,fresh,donor_persistent_B2,official,donor_reconstruction,100,100,0.16579615553160212,0.16279060657162336,0.1688199355019986,6.0
reach,fresh,donor_persistent_B2,proprio,donor_reconstruction,100,100,0.1772745415068717,0.17140392938623736,0.18313842394057767,3.0
reach,fresh,donor_persistent_B2,proprio,donor_reconstruction,100,100,0.18666854587405823,0.18284897378512302,0.19047401489029256,4.0
reach,fresh,donor_persistent_B2,proprio,donor_reconstruction,100,100,0.20641236714295835,0.20285221810698467,0.20996708042056814,6.0
reach,fresh,donor_persistent_B2,visual,donor_reconstruction,100,100,0.35914398722652024,0.3546426275984682,0.3638861142806035,3.0
reach,fresh,donor_persistent_B2,visual,donor_reconstruction,100,100,0.18855661041896896,0.18530060050546965,0.19184029716428067,4.0
reach,fresh,donor_persistent_B2,visual,donor_reconstruction,100,100,0.1657048765885031,0.16269992400758573,0.16872923101190168,6.0
reach,fresh,donor_persistent_B3,official,donor_reconstruction,100,100,0.17321783669705165,0.17170715996842761,0.1747246188460827,3.0
reach,fresh,donor_persistent_B3,official,donor_reconstruction,100,100,0.06212254976071083,0.061409647187239826,0.06283949094090886,4.0
reach,fresh,donor_persistent_B3,official,donor_reconstruction,100,100,0.03710643685700132,0.03597858274997537,0.038232238583095234,6.0
reach,fresh,donor_persistent_B3,proprio,donor_reconstruction,100,100,-0.17789037463559676,-0.18278528391655355,-0.1731258913952528,3.0
reach,fresh,donor_persistent_B3,proprio,donor_reconstruction,100,100,0.020973992546866896,0.01944583759726522,0.022501186747532532,4.0
reach,fresh,donor_persistent_B3,proprio,donor_reconstruction,100,100,0.020817411208110904,0.01885612243404969,0.022760478656451442,6.0
reach,fresh,donor_persistent_B3,visual,donor_reconstruction,100,100,0.1740379854113685,0.17251850568869537,0.1755491503202905,3.0
reach,fresh,donor_persistent_B3,visual,donor_reconstruction,100,100,0.06221853999567787,0.06150326515050712,0.06293636287406244,4.0
reach,fresh,donor_persistent_B3,visual,donor_reconstruction,100,100,0.037143161850519184,0.036016213127615,0.038268474459854554,6.0
reach,fresh,donor_persistent_B4,official,donor_reconstruction,100,100,0.035238569084138,0.034778407639952366,0.03569894548909948,3.0
reach,fresh,donor_persistent_B4,official,donor_reconstruction,100,100,0.0576961648183667,0.05666351995842104,0.05874966925229274,4.0
reach,fresh,donor_persistent_B4,official,donor_reconstruction,100,100,0.13367689725064275,0.13102429690571574,0.13640017555027087,6.0
reach,fresh,donor_persistent_B4,proprio,donor_reconstruction,100,100,0.5850077917774394,0.5792509460612939,0.5907520410163032,3.0
reach,fresh,donor_persistent_B4,proprio,donor_reconstruction,100,100,0.19275820114708925,0.18962165582690227,0.19595916493800453,4.0
reach,fresh,donor_persistent_B4,proprio,donor_reconstruction,100,100,0.21067028730622797,0.2070624155396447,0.21435847988825316,6.0
reach,fresh,donor_persistent_B4,visual,donor_reconstruction,100,100,0.03395500229621866,0.033501847331029726,0.034407007458424156,3.0
reach,fresh,donor_persistent_B4,visual,donor_reconstruction,100,100,0.05738144813767229,0.05635348670617788,0.05843153346579029,4.0
reach,fresh,donor_persistent_B4,visual,donor_reconstruction,100,100,0.13350370187328786,0.130851038093991,0.13622490444472996,6.0
reach,fresh,donor_persistent_B5,official,donor_reconstruction,100,100,-0.005270192702374299,-0.005425716281912232,-0.005112782288475633,3.0
reach,fresh,donor_persistent_B5,official,donor_reconstruction,100,100,0.005106043359064846,0.004985311072565591,0.005229573068199232,4.0
reach,fresh,donor_persistent_B5,official,donor_reconstruction,100,100,0.012184080163284991,0.011931214819100089,0.01244078686900063,6.0
reach,fresh,donor_persistent_B5,proprio,donor_reconstruction,100,100,0.009740023450379286,0.008481127260642304,0.010971741985611383,3.0
reach,fresh,donor_persistent_B5,proprio,donor_reconstruction,100,100,0.006727160345177023,0.006407461362818262,0.007044210639355326,4.0
reach,fresh,donor_persistent_B5,proprio,donor_reconstruction,100,100,0.01830129667334495,0.017951946362724076,0.018656082712813157,6.0
reach,fresh,donor_persistent_B5,visual,donor_reconstruction,100,100,-0.0053053186712478965,-0.005462003640056076,-0.005147258073225317,3.0
reach,fresh,donor_persistent_B5,visual,donor_reconstruction,100,100,0.005102244880037279,0.004981442134473163,0.005225665533727049,4.0
reach,fresh,donor_persistent_B5,visual,donor_reconstruction,100,100,0.012170329273033654,0.011917449195617588,0.01242681923662851,6.0
reach,fresh,native,official,donor_reconstruction,100,100,0.0,0.0,0.0,3.0
reach,fresh,native,official,donor_reconstruction,100,100,0.0,0.0,0.0,4.0
reach,fresh,native,official,donor_reconstruction,100,100,0.0,0.0,0.0,6.0
reach,fresh,native,proprio,donor_reconstruction,100,100,0.0,0.0,0.0,3.0
reach,fresh,native,proprio,donor_reconstruction,100,100,0.0,0.0,0.0,4.0
reach,fresh,native,proprio,donor_reconstruction,100,100,0.0,0.0,0.0,6.0
reach,fresh,native,visual,donor_reconstruction,100,100,0.0,0.0,0.0,3.0
reach,fresh,native,visual,donor_reconstruction,100,100,0.0,0.0,0.0,4.0
reach,fresh,native,visual,donor_reconstruction,100,100,0.0,0.0,0.0,6.0
reach,fresh,random_isotropic_B0,official,donor_reconstruction,100,100,-0.02609728483448115,-0.0272664330498526,-0.02492835439204718,3.0
reach,fresh,random_isotropic_B0,official,donor_reconstruction,100,100,-0.005170009407825409,-0.0056026312964737495,-0.004747431268469343,4.0
reach,fresh,random_isotropic_B0,official,donor_reconstruction,100,100,-0.00415748867563455,-0.00461700906054973,-0.0037167763767929156,6.0
reach,fresh,random_isotropic_B0,proprio,donor_reconstruction,100,100,-0.022115377487786806,-0.02386997621052605,-0.020402427602139592,3.0
reach,fresh,random_isotropic_B0,proprio,donor_reconstruction,100,100,-0.006213375928138923,-0.006832555399485507,-0.005608834725415275,4.0
reach,fresh,random_isotropic_B0,proprio,donor_reconstruction,100,100,-0.005976904660559708,-0.006688114166586221,-0.005290435956892038,6.0
reach,fresh,random_isotropic_B0,visual,donor_reconstruction,100,100,-0.026106796830302512,-0.02727668423899292,-0.024938097294248125,3.0
reach,fresh,random_isotropic_B0,visual,donor_reconstruction,100,100,-0.005167587816958859,-0.0055999072569023235,-0.004744722983812028,4.0
reach,fresh,random_isotropic_B0,visual,donor_reconstruction,100,100,-0.004153397917782792,-0.004612797685298835,-0.003712868499317882,6.0
reach,fresh,random_isotropic_B1,official,donor_reconstruction,100,100,-0.019518651356932797,-0.02074102821664422,-0.018271734194851178,3.0
reach,fresh,random_isotropic_B1,official,donor_reconstruction,100,100,-0.003172002145849756,-0.0036720826317100034,-0.0026706781449329017,4.0
reach,fresh,random_isotropic_B1,official,donor_reconstruction,100,100,-0.002614289283913208,-0.003131275430262538,-0.002106481417723338,6.0
reach,fresh,random_isotropic_B1,proprio,donor_reconstruction,100,100,-0.034257266351438886,-0.03640975189178215,-0.03213183777572082,3.0
reach,fresh,random_isotropic_B1,proprio,donor_reconstruction,100,100,-0.00528094064662228,-0.0060325075062578285,-0.004544086352327996,4.0
reach,fresh,random_isotropic_B1,proprio,donor_reconstruction,100,100,-0.004712003954553783,-0.005471039405147109,-0.003971256051041206,6.0
reach,fresh,random_isotropic_B1,visual,donor_reconstruction,100,100,-0.019484512682450675,-0.020708162948982135,-0.018236566109050615,3.0
reach,fresh,random_isotropic_B1,visual,donor_reconstruction,100,100,-0.003167096374364232,-0.0036668633740550975,-0.0026651241843872993,4.0
reach,fresh,random_isotropic_B1,visual,donor_reconstruction,100,100,-0.0026095894734094838,-0.00312594272619869,-0.0021020892727574916,6.0
reach,fresh,random_isotropic_B2,official,donor_reconstruction,100,100,-0.01706885756369447,-0.018202383448545613,-0.015917041246396903,3.0
reach,fresh,random_isotropic_B2,official,donor_reconstruction,100,100,-0.0010307607966925437,-0.0014734189691917876,-0.0005817485198395318,4.0
reach,fresh,random_isotropic_B2,official,donor_reconstruction,100,100,-0.0010052375805121461,-0.0015329184289832932,-0.00046856910207451904,6.0
reach,fresh,random_isotropic_B2,proprio,donor_reconstruction,100,100,-0.022122582915103585,-0.02415201600348317,-0.020125226387531985,3.0
reach,fresh,random_isotropic_B2,proprio,donor_reconstruction,100,100,-0.0020853870996319322,-0.002747644314595542,-0.001431048936649311,4.0
reach,fresh,random_isotropic_B2,proprio,donor_reconstruction,100,100,-0.0017315487279408015,-0.002514211433156025,-0.0009472475324656287,6.0
reach,fresh,random_isotropic_B2,visual,donor_reconstruction,100,100,-0.01705713581821344,-0.01819305433843425,-0.015906579773490734,3.0
reach,fresh,random_isotropic_B2,visual,donor_reconstruction,100,100,-0.001028324839486362,-0.001471339833132917,-0.000578999790906792,4.0
reach,fresh,random_isotropic_B2,visual,donor_reconstruction,100,100,-0.0010036239686241621,-0.0015310617415036979,-0.00046675045349744293,6.0
reach,fresh,random_isotropic_B3,official,donor_reconstruction,100,100,-0.025973466741911384,-0.02680982308235286,-0.025108478386094937,3.0
reach,fresh,random_isotropic_B3,official,donor_reconstruction,100,100,-0.0012462718398956573,-0.0016214086490980637,-0.0008711420977336221,4.0
reach,fresh,random_isotropic_B3,official,donor_reconstruction,100,100,-0.0012382227827821934,-0.0019083377983878033,-0.0005797488684021648,6.0
reach,fresh,random_isotropic_B3,proprio,donor_reconstruction,100,100,-0.06397236281703686,-0.06811479508043781,-0.05999310588875888,3.0
reach,fresh,random_isotropic_B3,proprio,donor_reconstruction,100,100,-0.006164406958165103,-0.007322858633551953,-0.0050321318026546975,4.0
reach,fresh,random_isotropic_B3,proprio,donor_reconstruction,100,100,-0.005056023546695583,-0.0062839099740709175,-0.0038618295028241714,6.0
reach,fresh,random_isotropic_B3,visual,donor_reconstruction,100,100,-0.02588464080113184,-0.0267192340670491,-0.025020355984631225,3.0
reach,fresh,random_isotropic_B3,visual,donor_reconstruction,100,100,-0.001234846288410536,-0.001609685943545898,-0.0008607193818367783,4.0
reach,fresh,random_isotropic_B3,visual,donor_reconstruction,100,100,-0.0012296760205907987,-0.0018986682178248188,-0.0005724186057175399,6.0
reach,fresh,random_isotropic_B4,official,donor_reconstruction,100,100,-0.04425899206048913,-0.04514490424339333,-0.04339608713883862,3.0
reach,fresh,random_isotropic_B4,official,donor_reconstruction,100,100,-0.002120464254739676,-0.0025362038713887983,-0.0017091126648518173,4.0
reach,fresh,random_isotropic_B4,official,donor_reconstruction,100,100,-0.003516137257228523,-0.004304852999278074,-0.002743766814766149,6.0
reach,fresh,random_isotropic_B4,proprio,donor_reconstruction,100,100,-0.29318438559450083,-0.30239910664860326,-0.28404805048297077,3.0
reach,fresh,random_isotropic_B4,proprio,donor_reconstruction,100,100,-0.02712715967371701,-0.029368132547690523,-0.02492278187772307,4.0
reach,fresh,random_isotropic_B4,proprio,donor_reconstruction,100,100,-0.019462119673230274,-0.021586416833987605,-0.01743059546996363,6.0
reach,fresh,random_isotropic_B4,visual,donor_reconstruction,100,100,-0.04367789099842569,-0.0445550516131185,-0.04282291314085613,3.0
reach,fresh,random_isotropic_B4,visual,donor_reconstruction,100,100,-0.0020622880472612117,-0.00247643728792711,-0.0016538043004018779,4.0
reach,fresh,random_isotropic_B4,visual,donor_reconstruction,100,100,-0.0034803553645585384,-0.004266568571685186,-0.0027099374317635155,6.0
reach,fresh,random_isotropic_B5,official,donor_reconstruction,100,100,-0.07301976589275944,-0.07420754221192997,-0.07182548884795799,3.0
reach,fresh,random_isotropic_B5,official,donor_reconstruction,100,100,-0.0027471563530888465,-0.0029169604070579842,-0.0025777255076822,4.0
reach,fresh,random_isotropic_B5,official,donor_reconstruction,100,100,-0.0016205324613958216,-0.0020686705071069752,-0.0011741796109343255,6.0
reach,fresh,random_isotropic_B5,proprio,donor_reconstruction,100,100,-0.0294095259309079,-0.03131293123093445,-0.0274638612985496,3.0
reach,fresh,random_isotropic_B5,proprio,donor_reconstruction,100,100,-0.003069246962169944,-0.0037040210319564167,-0.00242991344015848,4.0
reach,fresh,random_isotropic_B5,proprio,donor_reconstruction,100,100,-0.0025996354029130574,-0.0033808248408818404,-0.001815688512922545,6.0
reach,fresh,random_isotropic_B5,visual,donor_reconstruction,100,100,-0.0731216790160794,-0.07431054567221448,-0.07192611294008219,3.0
reach,fresh,random_isotropic_B5,visual,donor_reconstruction,100,100,-0.00274638381111306,-0.00291596576607271,-0.0025773078180629317,4.0
reach,fresh,random_isotropic_B5,visual,donor_reconstruction,100,100,-0.001618329833943557,-0.00206616709779705,-0.0011723106823646418,6.0
reach,fresh,random_off_range_B0,official,donor_reconstruction,100,100,-0.02588511327235687,-0.027020546304023462,-0.024744391719772076,3.0
reach,fresh,random_off_range_B0,official,donor_reconstruction,100,100,-0.005167072537943014,-0.005591798282461379,-0.004747777605867708,4.0
reach,fresh,random_off_range_B0,official,donor_reconstruction,100,100,-0.00413235993301331,-0.00458411344005699,-0.003695683607159664,6.0
reach,fresh,random_off_range_B0,proprio,donor_reconstruction,100,100,-0.022053846974567994,-0.023846157896934048,-0.020294797398776588,3.0
reach,fresh,random_off_range_B0,proprio,donor_reconstruction,100,100,-0.006265973368498909,-0.006904562129735281,-0.005647253961297934,4.0
reach,fresh,random_off_range_B0,proprio,donor_reconstruction,100,100,-0.005972512842479198,-0.006701143707476721,-0.005263436647213636,6.0
reach,fresh,random_off_range_B0,visual,donor_reconstruction,100,100,-0.025894275909549652,-0.027028045688524276,-0.024753930179711343,3.0
reach,fresh,random_off_range_B0,visual,donor_reconstruction,100,100,-0.005164523186650411,-0.005589040190250115,-0.00474499537805075,4.0
reach,fresh,random_off_range_B0,visual,donor_reconstruction,100,100,-0.004128215841839288,-0.004579992057350653,-0.0036919816761430977,6.0
reach,fresh,random_off_range_B1,official,donor_reconstruction,100,100,-0.01738456495223554,-0.01838448014119925,-0.016402628158121248,3.0
reach,fresh,random_off_range_B1,official,donor_reconstruction,100,100,-0.002780696830227102,-0.0031958334036347904,-0.002377046897422019,4.0
reach,fresh,random_off_range_B1,official,donor_reconstruction,100,100,-0.002275460181857003,-0.0027359319766498357,-0.0018153298300977179,6.0
reach,fresh,random_off_range_B1,proprio,donor_reconstruction,100,100,-0.031805292809343674,-0.033922148522812806,-0.029694449978997846,3.0
reach,fresh,random_off_range_B1,proprio,donor_reconstruction,100,100,-0.00498010936628052,-0.005685080962098041,-0.004285618443623806,4.0
reach,fresh,random_off_range_B1,proprio,donor_reconstruction,100,100,-0.004389987463036375,-0.0051236974673040826,-0.0036714408267419915,6.0
reach,fresh,random_off_range_B1,visual,donor_reconstruction,100,100,-0.017351161517091193,-0.01835077167995084,-0.016370094518968342,3.0
reach,fresh,random_off_range_B1,visual,donor_reconstruction,100,100,-0.0027755886724188526,-0.0031907028274622334,-0.0023719525149574648,4.0
reach,fresh,random_off_range_B1,visual,donor_reconstruction,100,100,-0.002270730789605192,-0.002731054744788659,-0.0018104920691159592,6.0
reach,fresh,random_off_range_B2,official,donor_reconstruction,100,100,-0.016611153500525198,-0.017484626103741848,-0.01569869564176024,3.0
reach,fresh,random_off_range_B2,official,donor_reconstruction,100,100,-0.000993061079770542,-0.0013651408165615607,-0.0006158577868186022,4.0
reach,fresh,random_off_range_B2,official,donor_reconstruction,100,100,-0.0008990015721948475,-0.0013760010709882935,-0.0004154396830828735,6.0
reach,fresh,random_off_range_B2,proprio,donor_reconstruction,100,100,-0.02202081930745974,-0.023987707748828548,-0.020098135243717907,3.0
reach,fresh,random_off_range_B2,proprio,donor_reconstruction,100,100,-0.0021585539818369383,-0.002786838930350916,-0.0015376508398284203,4.0
reach,fresh,random_off_range_B2,proprio,donor_reconstruction,100,100,-0.0017615490981383831,-0.002483540293443444,-0.00104852146506339,6.0
reach,fresh,random_off_range_B2,visual,donor_reconstruction,100,100,-0.016598599664883803,-0.01747308086018107,-0.015685844123663265,3.0
reach,fresh,random_off_range_B2,visual,donor_reconstruction,100,100,-0.0009903645392346405,-0.001362645040387937,-0.0006127716539457775,4.0
reach,fresh,random_off_range_B2,visual,donor_reconstruction,100,100,-0.000897085729758047,-0.001373907251292718,-0.00041354267283775836,6.0
reach,fresh,random_off_range_B3,official,donor_reconstruction,100,100,-0.026359917247686947,-0.02722100824901897,-0.025493917421742864,3.0
reach,fresh,random_off_range_B3,official,donor_reconstruction,100,100,-0.0012120818804592882,-0.0015698804724417622,-0.0008556766618966523,4.0
reach,fresh,random_off_range_B3,official,donor_reconstruction,100,100,-0.0011919024844538328,-0.0018675408449220997,-0.0005324092948636709,6.0
reach,fresh,random_off_range_B3,proprio,donor_reconstruction,100,100,-0.06460107158732291,-0.06874933404012885,-0.0606572304968237,3.0
reach,fresh,random_off_range_B3,proprio,donor_reconstruction,100,100,-0.006209298571820656,-0.007386465427098292,-0.005063112090821428,4.0
reach,fresh,random_off_range_B3,proprio,donor_reconstruction,100,100,-0.005011064074713963,-0.006282492844030665,-0.0037816494213908196,6.0
reach,fresh,random_off_range_B3,visual,donor_reconstruction,100,100,-0.026270454609446086,-0.027132047927837428,-0.025406454992332284,3.0
reach,fresh,random_off_range_B3,visual,donor_reconstruction,100,100,-0.0012004631981960845,-0.0015570848055768119,-0.0008447673234774802,4.0
reach,fresh,random_off_range_B3,visual,donor_reconstruction,100,100,-0.001183349412672603,-0.0018581512374125587,-0.000525361258292855,6.0
reach,fresh,random_off_range_B4,official,donor_reconstruction,100,100,-0.0457379573623665,-0.04662066499193456,-0.04487011480015893,3.0
reach,fresh,random_off_range_B4,official,donor_reconstruction,100,100,-0.0020571396383803776,-0.002476954828013101,-0.0016415988152426396,4.0
reach,fresh,random_off_range_B4,official,donor_reconstruction,100,100,-0.0031222080878676806,-0.0038962261102640948,-0.002346114079807018,6.0
reach,fresh,random_off_range_B4,proprio,donor_reconstruction,100,100,-0.2896872246703942,-0.2987164848860962,-0.28070911472973153,3.0
reach,fresh,random_off_range_B4,proprio,donor_reconstruction,100,100,-0.026638179750704177,-0.02889369050603796,-0.024387140312689695,4.0
reach,fresh,random_off_range_B4,proprio,donor_reconstruction,100,100,-0.0189235837653593,-0.02102274702100083,-0.016844029094114137,6.0
reach,fresh,random_off_range_B4,visual,donor_reconstruction,100,100,-0.0451684362440858,-0.04603922486384738,-0.044309650395136506,3.0
reach,fresh,random_off_range_B4,visual,donor_reconstruction,100,100,-0.0019999325867832564,-0.00241724526435496,-0.001586857520104057,4.0
reach,fresh,random_off_range_B4,visual,donor_reconstruction,100,100,-0.00308673914309057,-0.003859860292318698,-0.0023124421218619663,6.0
reach,fresh,random_off_range_B5,official,donor_reconstruction,100,100,-0.07579601504935372,-0.07703228327751209,-0.07455067483836547,3.0
reach,fresh,random_off_range_B5,official,donor_reconstruction,100,100,-0.0028428613453709752,-0.003018282191843948,-0.0026681004677846345,4.0
reach,fresh,random_off_range_B5,official,donor_reconstruction,100,100,-0.0016380260799890433,-0.0021008943312717143,-0.0011804553211502465,6.0
reach,fresh,random_off_range_B5,proprio,donor_reconstruction,100,100,-0.03050125240267928,-0.03251423877319844,-0.02847941880893519,3.0
reach,fresh,random_off_range_B5,proprio,donor_reconstruction,100,100,-0.0032200175226917848,-0.0038866411792537244,-0.0025540139008572585,4.0
reach,fresh,random_off_range_B5,proprio,donor_reconstruction,100,100,-0.0026836392152869105,-0.0034878247180979284,-0.001878003998853815,6.0
reach,fresh,random_off_range_B5,visual,donor_reconstruction,100,100,-0.07590184309832933,-0.07714062790244766,-0.0746532208885454,3.0
reach,fresh,random_off_range_B5,visual,donor_reconstruction,100,100,-0.002841961482089013,-0.003016524741695159,-0.0026677172072350386,4.0
reach,fresh,random_off_range_B5,visual,donor_reconstruction,100,100,-0.001635675893447135,-0.0020983754584669866,-0.0011785605364289804,6.0
reach,fresh,random_range_B0,official,donor_reconstruction,100,100,-0.033955113486155514,-0.03607138031279664,-0.031843569112582605,3.0
reach,fresh,random_range_B0,official,donor_reconstruction,100,100,-0.005602246200926916,-0.0063491681196711815,-0.004857717512017001,4.0
reach,fresh,random_range_B0,official,donor_reconstruction,100,100,-0.004906688701714208,-0.005587425498730869,-0.004207064094741131,6.0
reach,fresh,random_range_B0,proprio,donor_reconstruction,100,100,-0.02543378605291725,-0.02708419211113128,-0.023795223938682823,3.0
reach,fresh,random_range_B0,proprio,donor_reconstruction,100,100,-0.006607823122065576,-0.007342135325603422,-0.005881751418426958,4.0
reach,fresh,random_range_B0,proprio,donor_reconstruction,100,100,-0.0075628824910126445,-0.008582133437110652,-0.006554784429037032,6.0
reach,fresh,random_range_B0,visual,donor_reconstruction,100,100,-0.033975157653375075,-0.03609433790044407,-0.031859953405168825,3.0
reach,fresh,random_range_B0,visual,donor_reconstruction,100,100,-0.005599909245702916,-0.006347582307812609,-0.004855159415422695,4.0
reach,fresh,random_range_B0,visual,donor_reconstruction,100,100,-0.0049007557484993716,-0.00558076154241285,-0.004201067651319042,6.0
reach,fresh,random_range_B1,official,donor_reconstruction,100,100,-0.05563098694412198,-0.05949002023469019,-0.05182487270770232,3.0
reach,fresh,random_range_B1,official,donor_reconstruction,100,100,-0.007740660375999738,-0.00919194050496915,-0.006311997138738113,4.0
reach,fresh,random_range_B1,official,donor_reconstruction,100,100,-0.0068276737976602385,-0.008304821543058073,-0.0053814383777817274,6.0
reach,fresh,random_range_B1,proprio,donor_reconstruction,100,100,-0.07805362417227547,-0.08216322787967993,-0.07399691639209484,3.0
reach,fresh,random_range_B1,proprio,donor_reconstruction,100,100,-0.010758736275792036,-0.012377790362989097,-0.009166326508218635,4.0
reach,fresh,random_range_B1,proprio,donor_reconstruction,100,100,-0.011260640826628372,-0.013161190969523926,-0.0093874212380582,6.0
reach,fresh,random_range_B1,visual,donor_reconstruction,100,100,-0.05557897529967117,-0.05943967606397179,-0.05177057673815921,3.0
reach,fresh,random_range_B1,visual,donor_reconstruction,100,100,-0.0077336344501618935,-0.009185049388037677,-0.006304027449375189,4.0
reach,fresh,random_range_B1,visual,donor_reconstruction,100,100,-0.006817697736440325,-0.008294142222871429,-0.005372343384110564,6.0
reach,fresh,random_range_B2,official,donor_reconstruction,100,100,-0.028153128389984433,-0.030809117573037902,-0.025467588829653873,3.0
reach,fresh,random_range_B2,official,donor_reconstruction,100,100,-0.002667999794252288,-0.0035568694970409746,-0.0018085794975987559,4.0
reach,fresh,random_range_B2,official,donor_reconstruction,100,100,-0.002548503947553803,-0.003378980987029929,-0.0017164980619805282,6.0
reach,fresh,random_range_B2,proprio,donor_reconstruction,100,100,-0.026551713216575692,-0.02901778991513837,-0.02412112485797251,3.0
reach,fresh,random_range_B2,proprio,donor_reconstruction,100,100,-0.0028591170674915857,-0.003748250971645348,-0.001972261660256609,4.0
reach,fresh,random_range_B2,proprio,donor_reconstruction,100,100,-0.003362350517018492,-0.004397240526275503,-0.002314774640120725,6.0
reach,fresh,random_range_B2,visual,donor_reconstruction,100,100,-0.028156983483779933,-0.030818207376363906,-0.025464481168496745,3.0
reach,fresh,random_range_B2,visual,donor_reconstruction,100,100,-0.0026675638647790777,-0.0035578968915221908,-0.0018074482346063948,4.0
reach,fresh,random_range_B2,visual,donor_reconstruction,100,100,-0.002546648913679278,-0.003377329752415895,-0.0017145866900771943,6.0
reach,fresh,random_range_B3,official,donor_reconstruction,100,100,-0.0162982265796326,-0.017444982425102038,-0.015140709407132072,3.0
reach,fresh,random_range_B3,official,donor_reconstruction,100,100,-0.0011723851885667158,-0.0016108744206259167,-0.0007339225911379005,4.0
reach,fresh,random_range_B3,official,donor_reconstruction,100,100,-0.001439623643110649,-0.002038593150004194,-0.0008259783547393009,6.0
reach,fresh,random_range_B3,proprio,donor_reconstruction,100,100,-0.051129787469835666,-0.054377831466347774,-0.04785500177042195,3.0
reach,fresh,random_range_B3,proprio,donor_reconstruction,100,100,-0.0047530067166800015,-0.0057218462693560575,-0.003773774061880356,4.0
reach,fresh,random_range_B3,proprio,donor_reconstruction,100,100,-0.0044134935960565115,-0.005465926076028925,-0.003323618294644157,6.0
reach,fresh,random_range_B3,visual,donor_reconstruction,100,100,-0.01621734883981503,-0.017366219126546803,-0.015056024783223532,3.0
reach,fresh,random_range_B3,visual,donor_reconstruction,100,100,-0.0011640904801540853,-0.0016024200551173727,-0.0007256869859426614,4.0
reach,fresh,random_range_B3,visual,donor_reconstruction,100,100,-0.001432951160124798,-0.0020319269647643755,-0.0008205295757579052,6.0
reach,fresh,random_range_B4,official,donor_reconstruction,100,100,-0.016525194917908093,-0.017040128901350805,-0.016019230864124163,3.0
reach,fresh,random_range_B4,official,donor_reconstruction,100,100,-0.0025551788726065274,-0.0031804937054020826,-0.0019555101933442266,4.0
reach,fresh,random_range_B4,official,donor_reconstruction,100,100,-0.008412248417402797,-0.009876298527943165,-0.007031428275969951,6.0
reach,fresh,random_range_B4,proprio,donor_reconstruction,100,100,-0.377403617772742,-0.3914435687626915,-0.36379220864040235,3.0
reach,fresh,random_range_B4,proprio,donor_reconstruction,100,100,-0.03574453360208905,-0.03892831394519388,-0.032578375520594255,4.0
reach,fresh,random_range_B4,proprio,donor_reconstruction,100,100,-0.029937302764056775,-0.03301248825924063,-0.026952889901820407,6.0
reach,fresh,random_range_B4,visual,donor_reconstruction,100,100,-0.015683446737712083,-0.01617451942867983,-0.015198817492046877,3.0
reach,fresh,random_range_B4,visual,donor_reconstruction,100,100,-0.0024780254853411566,-0.0030982484811898046,-0.0018820356767895352,4.0
reach,fresh,random_range_B4,visual,donor_reconstruction,100,100,-0.00836393797598357,-0.009824201310617972,-0.006985508961702098,6.0
reach,fresh,random_range_B5,official,donor_reconstruction,100,100,-0.02040795931666488,-0.020783893433708647,-0.020029725616871965,3.0
reach,fresh,random_range_B5,official,donor_reconstruction,100,100,-0.0008352471414881668,-0.0009540582090450357,-0.0007138342870761824,4.0
reach,fresh,random_range_B5,official,donor_reconstruction,100,100,-0.0007918096081755576,-0.0010719516412737143,-0.0005086653990258069,6.0
reach,fresh,random_range_B5,proprio,donor_reconstruction,100,100,-0.011395040888260422,-0.012749415428818004,-0.010027783551458542,3.0
reach,fresh,random_range_B5,proprio,donor_reconstruction,100,100,-0.0008821746836369471,-0.0012491930193725697,-0.0005101834180763924,4.0
reach,fresh,random_range_B5,proprio,donor_reconstruction,100,100,-0.0010490106439636781,-0.001515244161988108,-0.0005650213406963636,6.0
reach,fresh,random_range_B5,visual,donor_reconstruction,100,100,-0.02042918827864469,-0.02080528417129728,-0.020050229557431996,3.0
reach,fresh,random_range_B5,visual,donor_reconstruction,100,100,-0.0008351321159029856,-0.0009537093868906267,-0.0007139904298193742,4.0
reach,fresh,random_range_B5,visual,donor_reconstruction,100,100,-0.0007912284500409361,-0.0010713214045229354,-0.0005080316615988658,6.0
reach,fresh,zero_capture,official,donor_reconstruction,100,100,0.0,0.0,0.0,3.0
reach,fresh,zero_capture,official,donor_reconstruction,100,100,0.0,0.0,0.0,4.0
reach,fresh,zero_capture,official,donor_reconstruction,100,100,0.0,0.0,0.0,6.0
reach,fresh,zero_capture,proprio,donor_reconstruction,100,100,0.0,0.0,0.0,3.0
reach,fresh,zero_capture,proprio,donor_reconstruction,100,100,0.0,0.0,0.0,4.0
reach,fresh,zero_capture,proprio,donor_reconstruction,100,100,0.0,0.0,0.0,6.0
reach,fresh,zero_capture,visual,donor_reconstruction,100,100,0.0,0.0,0.0,3.0
reach,fresh,zero_capture,visual,donor_reconstruction,100,100,0.0,0.0,0.0,4.0
reach,fresh,zero_capture,visual,donor_reconstruction,100,100,0.0,0.0,0.0,6.0
reach,original,all_blocks_h3_donor,official,donor_reconstruction,100,100,1.0,1.0,1.0000000000000002,3.0
reach,original,all_blocks_h3_donor,official,donor_reconstruction,100,100,0.47077984754572527,0.46653366092765036,0.47510775740598643,4.0
reach,original,all_blocks_h3_donor,official,donor_reconstruction,100,100,0.500271329794379,0.4961846869074853,0.5042959311221478,6.0
reach,original,all_blocks_h3_donor,proprio,donor_reconstruction,100,100,1.0,1.0,1.0000000000000002,3.0
reach,original,all_blocks_h3_donor,proprio,donor_reconstruction,100,100,0.5546955838058015,0.5508219475084917,0.5586326590613026,4.0
reach,original,all_blocks_h3_donor,proprio,donor_reconstruction,100,100,0.6202586517617292,0.616424827957761,0.6240269718803471,6.0
reach,original,all_blocks_h3_donor,visual,donor_reconstruction,100,100,1.0,1.0,1.0000000000000002,3.0
reach,original,all_blocks_h3_donor,visual,donor_reconstruction,100,100,0.47058413164520263,0.46633803112928685,0.4749133514700928,4.0
reach,original,all_blocks_h3_donor,visual,donor_reconstruction,100,100,0.500001673384481,0.49591779333259345,0.5040261815590006,6.0
reach,original,all_blocks_persistent_donor,official,donor_reconstruction,100,100,1.0,1.0,1.0000000000000002,3.0
reach,original,all_blocks_persistent_donor,official,donor_reconstruction,100,100,1.0,1.0,1.0000000000000002,4.0
reach,original,all_blocks_persistent_donor,official,donor_reconstruction,100,100,1.0,1.0,1.0000000000000002,6.0
reach,original,all_blocks_persistent_donor,proprio,donor_reconstruction,100,100,1.0,1.0,1.0000000000000002,3.0
reach,original,all_blocks_persistent_donor,proprio,donor_reconstruction,100,100,1.0,1.0,1.0000000000000002,4.0
reach,original,all_blocks_persistent_donor,proprio,donor_reconstruction,100,100,1.0,1.0,1.0000000000000002,6.0
reach,original,all_blocks_persistent_donor,visual,donor_reconstruction,100,100,1.0,1.0,1.0000000000000002,3.0
reach,original,all_blocks_persistent_donor,visual,donor_reconstruction,100,100,1.0,1.0,1.0000000000000002,4.0
reach,original,all_blocks_persistent_donor,visual,donor_reconstruction,100,100,1.0,1.0,1.0000000000000002,6.0
reach,original,coherent_raw_h3,official,donor_reconstruction,100,100,1.0,1.0,1.0000000000000002,3.0
reach,original,coherent_raw_h3,official,donor_reconstruction,100,100,1.0,1.0,1.0000000000000002,4.0
reach,original,coherent_raw_h3,official,donor_reconstruction,100,100,1.0,1.0,1.0000000000000002,6.0
reach,original,coherent_raw_h3,proprio,donor_reconstruction,100,100,1.0,1.0,1.0000000000000002,3.0
reach,original,coherent_raw_h3,proprio,donor_reconstruction,100,100,1.0,1.0,1.0000000000000002,4.0
reach,original,coherent_raw_h3,proprio,donor_reconstruction,100,100,1.0,1.0,1.0000000000000002,6.0
reach,original,coherent_raw_h3,visual,donor_reconstruction,100,100,1.0,1.0,1.0000000000000002,3.0
reach,original,coherent_raw_h3,visual,donor_reconstruction,100,100,1.0,1.0,1.0000000000000002,4.0
reach,original,coherent_raw_h3,visual,donor_reconstruction,100,100,1.0,1.0,1.0000000000000002,6.0
reach,original,donor_h3_B0,official,donor_reconstruction,100,100,0.3369509038896752,0.3345676174547782,0.33935645845164414,3.0
reach,original,donor_h3_B0,official,donor_reconstruction,100,100,0.10136382557182849,0.10003095563130346,0.10273980366619598,4.0
reach,original,donor_h3_B0,official,donor_reconstruction,100,100,0.08427641672799431,0.08288312294508883,0.08571353936593225,6.0
reach,original,donor_h3_B0,proprio,donor_reconstruction,100,100,0.07425269926961327,0.07150622316049346,0.07702868476843448,3.0
reach,original,donor_h3_B0,proprio,donor_reconstruction,100,100,0.0870292015377222,0.08558111517125025,0.08851783072622137,4.0
reach,original,donor_h3_B0,proprio,donor_reconstruction,100,100,0.11251457268006033,0.1107770065211102,0.11425955875178312,6.0
reach,original,donor_h3_B0,visual,donor_reconstruction,100,100,0.3375639563651547,0.3351781117017096,0.33997253306781017,3.0
reach,original,donor_h3_B0,visual,donor_reconstruction,100,100,0.10139711332834855,0.10006311658864292,0.10277367519097644,4.0
reach,original,donor_h3_B0,visual,donor_reconstruction,100,100,0.08421287227822039,0.08281865216651071,0.08565034884162216,6.0
reach,original,donor_h3_B1,official,donor_reconstruction,100,100,0.6048295685790197,0.6027424728009434,0.606907634247671,3.0
reach,original,donor_h3_B1,official,donor_reconstruction,100,100,0.23994582085360444,0.23785062749830485,0.2419855698683236,4.0
reach,original,donor_h3_B1,official,donor_reconstruction,100,100,0.22912583249067522,0.22717280997506437,0.2311145520403888,6.0
reach,original,donor_h3_B1,proprio,donor_reconstruction,100,100,0.484908749787331,0.48184716771862274,0.48799682424335067,3.0
reach,original,donor_h3_B1,proprio,donor_reconstruction,100,100,0.29040348004917005,0.28897124036033084,0.29184196588729383,4.0
reach,original,donor_h3_B1,proprio,donor_reconstruction,100,100,0.30165518796049917,0.2998617135347937,0.30348418013590667,6.0
reach,original,donor_h3_B1,visual,donor_reconstruction,100,100,0.6051094461636484,0.6030163584666293,0.6071901712485336,3.0
reach,original,donor_h3_B1,visual,donor_reconstruction,100,100,0.23982829753610516,0.23773202689832912,0.24187057139990356,4.0
reach,original,donor_h3_B1,visual,donor_reconstruction,100,100,0.22896298013195174,0.22700878460328294,0.2309522800910192,6.0
reach,original,donor_h3_B2,official,donor_reconstruction,100,100,0.35861028274165163,0.3539929597390548,0.36318639870653774,3.0
reach,original,donor_h3_B2,official,donor_reconstruction,100,100,0.09525059043371421,0.09161634926814088,0.09892538968288485,4.0
reach,original,donor_h3_B2,official,donor_reconstruction,100,100,0.08970979364297221,0.08647359482386711,0.09295684182973592,6.0
reach,original,donor_h3_B2,proprio,donor_reconstruction,100,100,0.17579950602215802,0.16988904804338043,0.1817183722130912,3.0
reach,original,donor_h3_B2,proprio,donor_reconstruction,100,100,0.0979974671746926,0.09413389875386713,0.10194222977901081,4.0
reach,original,donor_h3_B2,proprio,donor_reconstruction,100,100,0.12485648544483546,0.12099394928465267,0.12876508159741934,6.0
reach,original,donor_h3_B2,visual,donor_reconstruction,100,100,0.3590365516432055,0.3544153298560805,0.3636098704415613,3.0
reach,original,donor_h3_B2,visual,donor_reconstruction,100,100,0.0952440496553168,0.09161035633157179,0.09891840562845783,4.0
reach,original,donor_h3_B2,visual,donor_reconstruction,100,100,0.08963072085336556,0.08639355070318125,0.09287806568618891,6.0
reach,original,donor_h3_B3,official,donor_reconstruction,100,100,0.17456383082190643,0.17285439222929455,0.17623861735100818,3.0
reach,original,donor_h3_B3,official,donor_reconstruction,100,100,0.0315992194429389,0.03091623701909603,0.032271623940648635,4.0
reach,original,donor_h3_B3,official,donor_reconstruction,100,100,0.008742334424136322,0.007785499000544792,0.009689512630833598,6.0
reach,original,donor_h3_B3,proprio,donor_reconstruction,100,100,-0.17442485940090857,-0.17876284616866844,-0.17011158033720294,3.0
reach,original,donor_h3_B3,proprio,donor_reconstruction,100,100,-0.023593565728166403,-0.024848370204106508,-0.02233651450434947,4.0
reach,original,donor_h3_B3,proprio,donor_reconstruction,100,100,-0.013756219331127027,-0.015420323964171713,-0.012102691760565326,6.0
reach,original,donor_h3_B3,visual,donor_reconstruction,100,100,0.17537881018380752,0.1736627165775591,0.17705807139636964,3.0
reach,original,donor_h3_B3,visual,donor_reconstruction,100,100,0.0317278626370395,0.031044968523201866,0.032400880219494686,4.0
reach,original,donor_h3_B3,visual,donor_reconstruction,100,100,0.00879296222416992,0.007837243800004752,0.009738646145780537,6.0
reach,original,donor_h3_B4,official,donor_reconstruction,100,100,0.03558678157528683,0.03513064761971035,0.036041878693411564,3.0
reach,original,donor_h3_B4,official,donor_reconstruction,100,100,0.057079640511249884,0.05611726229570847,0.05804864592036103,4.0
reach,original,donor_h3_B4,official,donor_reconstruction,100,100,0.12884350052104257,0.12629390728335252,0.13138264941729763,6.0
reach,original,donor_h3_B4,proprio,donor_reconstruction,100,100,0.5842997119142023,0.5776371588693751,0.5907455104499326,3.0
reach,original,donor_h3_B4,proprio,donor_reconstruction,100,100,0.1810569960900483,0.17748220678234725,0.1845686810402629,4.0
reach,original,donor_h3_B4,proprio,donor_reconstruction,100,100,0.20273752574599663,0.19884686640257637,0.2065894558694843,6.0
reach,original,donor_h3_B4,visual,donor_reconstruction,100,100,0.03430560727861256,0.033858879089149294,0.03475378093160042,3.0
reach,original,donor_h3_B4,visual,donor_reconstruction,100,100,0.05679082484363374,0.05583403117123799,0.05775682218963237,4.0
reach,original,donor_h3_B4,visual,donor_reconstruction,100,100,0.12867750318562277,0.12613088206526332,0.13121314491452288,6.0
reach,original,donor_h3_B5,official,donor_reconstruction,100,100,-0.005274273327116112,-0.005428589744083428,-0.005119050417731247,3.0
reach,original,donor_h3_B5,official,donor_reconstruction,100,100,0.005158042835269907,0.00503529891295498,0.005284146204689191,4.0
reach,original,donor_h3_B5,official,donor_reconstruction,100,100,0.012342505041612644,0.012081722886022847,0.012602836903766046,6.0
reach,original,donor_h3_B5,proprio,donor_reconstruction,100,100,0.009642131092858292,0.00824384954309203,0.011011604133620227,3.0
reach,original,donor_h3_B5,proprio,donor_reconstruction,100,100,0.007507840806990764,0.007163869985457389,0.007862917405303111,4.0
reach,original,donor_h3_B5,proprio,donor_reconstruction,100,100,0.018781295160100058,0.018424178202110255,0.019139389534808468,6.0
reach,original,donor_h3_B5,visual,donor_reconstruction,100,100,-0.005309305061599172,-0.00546516849023435,-0.005152838903748728,3.0
reach,original,donor_h3_B5,visual,donor_reconstruction,100,100,0.0051525682211330335,0.005029562925723531,0.005278711120700521,4.0
reach,original,donor_h3_B5,visual,donor_reconstruction,100,100,0.012328092885744706,0.012067464921013179,0.012588504065829174,6.0
reach,original,donor_persistent_B0,official,donor_reconstruction,100,100,0.3369509038896752,0.3345676174547782,0.33935645845164414,3.0
reach,original,donor_persistent_B0,official,donor_reconstruction,100,100,0.250021235938265,0.24798145472675126,0.2520686101669439,4.0
reach,original,donor_persistent_B0,official,donor_reconstruction,100,100,0.2014925148838553,0.19907270674790797,0.20399636654620024,6.0
reach,original,donor_persistent_B0,proprio,donor_reconstruction,100,100,0.07425269926961327,0.07150622316049346,0.07702868476843448,3.0
reach,original,donor_persistent_B0,proprio,donor_reconstruction,100,100,0.24148141149728292,0.23885330472624244,0.24418227697588862,4.0
reach,original,donor_persistent_B0,proprio,donor_reconstruction,100,100,0.2633920794188074,0.26055459966329164,0.26637252381892484,6.0
reach,original,donor_persistent_B0,visual,donor_reconstruction,100,100,0.3375639563651547,0.3351781117017096,0.33997253306781017,3.0
reach,original,donor_persistent_B0,visual,donor_reconstruction,100,100,0.2500406396886878,0.24799959073128178,0.25208770825550914,4.0
reach,original,donor_persistent_B0,visual,donor_reconstruction,100,100,0.20135312599253066,0.1989337528358024,0.203858344175626,6.0
reach,original,donor_persistent_B1,official,donor_reconstruction,100,100,0.6048295685790197,0.6027424728009434,0.606907634247671,3.0
reach,original,donor_persistent_B1,official,donor_reconstruction,100,100,0.759278314606219,0.7566490429590663,0.7619210273824987,4.0
reach,original,donor_persistent_B1,official,donor_reconstruction,100,100,0.7322249646568294,0.7291161240674146,0.7352588187818643,6.0
reach,original,donor_persistent_B1,proprio,donor_reconstruction,100,100,0.484908749787331,0.48184716771862274,0.48799682424335067,3.0
reach,original,donor_persistent_B1,proprio,donor_reconstruction,100,100,0.8289830866179467,0.8272273261115936,0.8306885411216856,4.0
reach,original,donor_persistent_B1,proprio,donor_reconstruction,100,100,0.7932963002701693,0.7912098099901796,0.795400423596139,6.0
reach,original,donor_persistent_B1,visual,donor_reconstruction,100,100,0.6051094461636484,0.6030163584666293,0.6071901712485336,3.0
reach,original,donor_persistent_B1,visual,donor_reconstruction,100,100,0.7591159448540598,0.7564830362272609,0.7617629587940191,4.0
reach,original,donor_persistent_B1,visual,donor_reconstruction,100,100,0.7320876320553065,0.7289745852286479,0.7351253679077859,6.0
reach,original,donor_persistent_B2,official,donor_reconstruction,100,100,0.35861028274165163,0.3539929597390548,0.36318639870653774,3.0
reach,original,donor_persistent_B2,official,donor_reconstruction,100,100,0.1877011199933699,0.1841922255876755,0.1911726956801368,4.0
reach,original,donor_persistent_B2,official,donor_reconstruction,100,100,0.16558895344868457,0.1623726812515564,0.16878057002935923,6.0
reach,original,donor_persistent_B2,proprio,donor_reconstruction,100,100,0.17579950602215802,0.16988904804338043,0.1817183722130912,3.0
reach,original,donor_persistent_B2,proprio,donor_reconstruction,100,100,0.1857000123175942,0.18170331390677943,0.1896566076877744,4.0
reach,original,donor_persistent_B2,proprio,donor_reconstruction,100,100,0.2062464614812907,0.20231519084136332,0.21017903721592587,6.0
reach,original,donor_persistent_B2,visual,donor_reconstruction,100,100,0.3590365516432055,0.3544153298560805,0.3636098704415613,3.0
reach,original,donor_persistent_B2,visual,donor_reconstruction,100,100,0.1877059258929411,0.18419729825532966,0.19117899676613942,4.0
reach,original,donor_persistent_B2,visual,donor_reconstruction,100,100,0.16549769973305153,0.16228242316666447,0.16868792301486432,6.0
reach,original,donor_persistent_B3,official,donor_reconstruction,100,100,0.17456383082190643,0.17285439222929455,0.17623861735100818,3.0
reach,original,donor_persistent_B3,official,donor_reconstruction,100,100,0.062680847956661,0.061940865902987675,0.06341417015878477,4.0
reach,original,donor_persistent_B3,official,donor_reconstruction,100,100,0.038144165289035775,0.03708714521222234,0.039200080986375965,6.0
reach,original,donor_persistent_B3,proprio,donor_reconstruction,100,100,-0.17442485940090857,-0.17876284616866844,-0.17011158033720294,3.0
reach,original,donor_persistent_B3,proprio,donor_reconstruction,100,100,0.022118566205412183,0.02077658169660273,0.02346720610297194,4.0
reach,original,donor_persistent_B3,proprio,donor_reconstruction,100,100,0.022491202956793962,0.020650924670556344,0.024318704578114258,6.0
reach,original,donor_persistent_B3,visual,donor_reconstruction,100,100,0.17537881018380752,0.1736627165775591,0.17705807139636964,3.0
reach,original,donor_persistent_B3,visual,donor_reconstruction,100,100,0.06277545916572135,0.06203487397427993,0.06350940095999724,4.0
reach,original,donor_persistent_B3,visual,donor_reconstruction,100,100,0.038179457314233375,0.037123633138640505,0.03923448558060001,6.0
reach,original,donor_persistent_B4,official,donor_reconstruction,100,100,0.03558678157528683,0.03513064761971035,0.036041878693411564,3.0
reach,original,donor_persistent_B4,official,donor_reconstruction,100,100,0.05806410877259194,0.05708966418496265,0.05903810943233446,4.0
reach,original,donor_persistent_B4,official,donor_reconstruction,100,100,0.13401241309039055,0.1313564048415843,0.13663798088394855,6.0
reach,original,donor_persistent_B4,proprio,donor_reconstruction,100,100,0.5842997119142023,0.5776371588693751,0.5907455104499326,3.0
reach,original,donor_persistent_B4,proprio,donor_reconstruction,100,100,0.19432879859572322,0.1905933932463359,0.19798531288488674,4.0
reach,original,donor_persistent_B4,proprio,donor_reconstruction,100,100,0.21211760701356122,0.2080800499416157,0.21610673275544323,6.0
reach,original,donor_persistent_B4,visual,donor_reconstruction,100,100,0.03430560727861256,0.033858879089149294,0.03475378093160042,3.0
reach,original,donor_persistent_B4,visual,donor_reconstruction,100,100,0.057746685088706326,0.056778902552206516,0.05871817266781961,4.0
reach,original,donor_persistent_B4,visual,donor_reconstruction,100,100,0.13383695823232092,0.13118175931446627,0.1364606799124227,6.0
reach,original,donor_persistent_B5,official,donor_reconstruction,100,100,-0.005274273327116112,-0.005428589744083428,-0.005119050417731247,3.0
reach,original,donor_persistent_B5,official,donor_reconstruction,100,100,0.005131635111281836,0.005007836489248722,0.00525830945437087,4.0
reach,original,donor_persistent_B5,official,donor_reconstruction,100,100,0.012188141248390218,0.011926156295154706,0.0124488022597845,6.0
reach,original,donor_persistent_B5,proprio,donor_reconstruction,100,100,0.009642131092858292,0.00824384954309203,0.011011604133620227,3.0
reach,original,donor_persistent_B5,proprio,donor_reconstruction,100,100,0.006858689921073514,0.006516342661388463,0.007210670013432669,4.0
reach,original,donor_persistent_B5,proprio,donor_reconstruction,100,100,0.018536901706748866,0.01818387266505437,0.01889062134945617,6.0
reach,original,donor_persistent_B5,visual,donor_reconstruction,100,100,-0.005309305061599172,-0.00546516849023435,-0.005152838903748728,3.0
reach,original,donor_persistent_B5,visual,donor_reconstruction,100,100,0.005127609545942566,0.005003781549151756,0.005254339120742502,4.0
reach,original,donor_persistent_B5,visual,donor_reconstruction,100,100,0.012173928214502116,0.011911952468113387,0.012434681267026805,6.0
reach,original,native,official,donor_reconstruction,100,100,0.0,0.0,0.0,3.0
reach,original,native,official,donor_reconstruction,100,100,0.0,0.0,0.0,4.0
reach,original,native,official,donor_reconstruction,100,100,0.0,0.0,0.0,6.0
reach,original,native,proprio,donor_reconstruction,100,100,0.0,0.0,0.0,3.0
reach,original,native,proprio,donor_reconstruction,100,100,0.0,0.0,0.0,4.0
reach,original,native,proprio,donor_reconstruction,100,100,0.0,0.0,0.0,6.0
reach,original,native,visual,donor_reconstruction,100,100,0.0,0.0,0.0,3.0
reach,original,native,visual,donor_reconstruction,100,100,0.0,0.0,0.0,4.0
reach,original,native,visual,donor_reconstruction,100,100,0.0,0.0,0.0,6.0
reach,original,random_isotropic_B0,official,donor_reconstruction,100,100,-0.025658900863163428,-0.026925539853187103,-0.02442590921443754,3.0
reach,original,random_isotropic_B0,official,donor_reconstruction,100,100,-0.004888888325695695,-0.00532174072634639,-0.004462821547170511,4.0
reach,original,random_isotropic_B0,official,donor_reconstruction,100,100,-0.004307342463927666,-0.004716646762939567,-0.003896961897780087,6.0
reach,original,random_isotropic_B0,proprio,donor_reconstruction,100,100,-0.022813357006012894,-0.02446409218304123,-0.021187689379151328,3.0
reach,original,random_isotropic_B0,proprio,donor_reconstruction,100,100,-0.006103164929723341,-0.006725155685739023,-0.005500198796441135,4.0
reach,original,random_isotropic_B0,proprio,donor_reconstruction,100,100,-0.006193014242976147,-0.006904745302079702,-0.00550024577871281,6.0
reach,original,random_isotropic_B0,visual,donor_reconstruction,100,100,-0.02566561076557937,-0.026933755676839047,-0.024432490665430708,3.0
reach,original,random_isotropic_B0,visual,donor_reconstruction,100,100,-0.004886072015410485,-0.00531909361880528,-0.004459884098927685,4.0
reach,original,random_isotropic_B0,visual,donor_reconstruction,100,100,-0.004303134916177937,-0.004712015024237349,-0.003893202687931885,6.0
reach,original,random_isotropic_B1,official,donor_reconstruction,100,100,-0.016937811082218753,-0.018199432538435704,-0.015684377004418364,3.0
reach,original,random_isotropic_B1,official,donor_reconstruction,100,100,-0.0019257641458681174,-0.0023774829579578396,-0.0014780767198099573,4.0
reach,original,random_isotropic_B1,official,donor_reconstruction,100,100,-0.001416514196724984,-0.0018821809715620483,-0.000946731718245265,6.0
reach,original,random_isotropic_B1,proprio,donor_reconstruction,100,100,-0.03102523362865661,-0.033397803877136485,-0.028686397494382544,3.0
reach,original,random_isotropic_B1,proprio,donor_reconstruction,100,100,-0.003959099022364171,-0.00479155362647203,-0.003133825055400881,4.0
reach,original,random_isotropic_B1,proprio,donor_reconstruction,100,100,-0.0033358111297586758,-0.004193518327166527,-0.0024844725149049006,6.0
reach,original,random_isotropic_B1,visual,donor_reconstruction,100,100,-0.016905147010487766,-0.018167129895255922,-0.015650880806498388,3.0
reach,original,random_isotropic_B1,visual,donor_reconstruction,100,100,-0.0019210384100845212,-0.0023724938551966403,-0.0014735106425020938,4.0
reach,original,random_isotropic_B1,visual,donor_reconstruction,100,100,-0.0014122035654176024,-0.0018780637363248855,-0.0009421823885551458,6.0
reach,original,random_isotropic_B2,official,donor_reconstruction,100,100,-0.017675177575433486,-0.01865596001093711,-0.016696747304102644,3.0
reach,original,random_isotropic_B2,official,donor_reconstruction,100,100,-0.0012025110099304725,-0.001544477743398885,-0.0008675646650795059,4.0
reach,original,random_isotropic_B2,official,donor_reconstruction,100,100,-0.0010821412786116646,-0.0015319937887502179,-0.0006367059861368137,6.0
reach,original,random_isotropic_B2,proprio,donor_reconstruction,100,100,-0.022870353755991314,-0.025226992012898537,-0.020481065086285208,3.0
reach,original,random_isotropic_B2,proprio,donor_reconstruction,100,100,-0.002310901223372389,-0.0030782142441219264,-0.0015428430542198297,4.0
reach,original,random_isotropic_B2,proprio,donor_reconstruction,100,100,-0.0019092590794666275,-0.0027211450044067015,-0.0010997930320188402,6.0
reach,original,random_isotropic_B2,visual,donor_reconstruction,100,100,-0.017663291357344024,-0.018646118996140628,-0.016683757130925816,3.0
reach,original,random_isotropic_B2,visual,donor_reconstruction,100,100,-0.0011999652647001736,-0.0015420196156628568,-0.0008653375589331121,4.0
reach,original,random_isotropic_B2,visual,donor_reconstruction,100,100,-0.0010803150055153422,-0.0015300078556985171,-0.0006347483504986511,6.0
reach,original,random_isotropic_B3,official,donor_reconstruction,100,100,-0.025828113999430354,-0.026600660020525874,-0.025057182047690318,3.0
reach,original,random_isotropic_B3,official,donor_reconstruction,100,100,-0.0010185973387137359,-0.0013183506757506649,-0.0007179189238321876,4.0
reach,original,random_isotropic_B3,official,donor_reconstruction,100,100,-0.0011309524676490924,-0.0016944399633736702,-0.0005677059359145215,6.0
reach,original,random_isotropic_B3,proprio,donor_reconstruction,100,100,-0.06259979631333441,-0.06641302367726812,-0.05870420742866966,3.0
reach,original,random_isotropic_B3,proprio,donor_reconstruction,100,100,-0.005220759343550922,-0.006339577082857969,-0.004077741511001282,4.0
reach,original,random_isotropic_B3,proprio,donor_reconstruction,100,100,-0.004121023003584752,-0.005244628390112698,-0.0029799757748936164,6.0
reach,original,random_isotropic_B3,visual,donor_reconstruction,100,100,-0.02574281686386269,-0.02651455775261456,-0.024973050130526833,3.0
reach,original,random_isotropic_B3,visual,donor_reconstruction,100,100,-0.0010089447547842912,-0.0013075787756746643,-0.0007097982917820714,4.0
reach,original,random_isotropic_B3,visual,donor_reconstruction,100,100,-0.0011243301814060956,-0.0016869204986111298,-0.0005617378238024527,6.0
reach,original,random_isotropic_B4,official,donor_reconstruction,100,100,-0.04463824425502038,-0.04553992910496154,-0.043716682966180455,3.0
reach,original,random_isotropic_B4,official,donor_reconstruction,100,100,-0.0028349437338978014,-0.0032850504790770136,-0.0023834377731285915,4.0
reach,original,random_isotropic_B4,official,donor_reconstruction,100,100,-0.004913912002023515,-0.0058281149388010114,-0.00400243717486648,6.0
reach,original,random_isotropic_B4,proprio,donor_reconstruction,100,100,-0.3085659474291956,-0.31903120949100444,-0.2981322546011436,3.0
reach,original,random_isotropic_B4,proprio,donor_reconstruction,100,100,-0.03062041461997536,-0.0331003682491138,-0.028156482900525203,4.0
reach,original,random_isotropic_B4,proprio,donor_reconstruction,100,100,-0.022703255511737356,-0.02493262580195604,-0.020496029492306143,6.0
reach,original,random_isotropic_B4,visual,donor_reconstruction,100,100,-0.04402369086787001,-0.044914016576676125,-0.043116855211840915,3.0
reach,original,random_isotropic_B4,visual,donor_reconstruction,100,100,-0.002770464897637355,-0.003217868399662036,-0.0023222286488658885,4.0
reach,original,random_isotropic_B4,visual,donor_reconstruction,100,100,-0.004874149816322598,-0.005786471989918581,-0.003962470376245423,6.0
reach,original,random_isotropic_B5,official,donor_reconstruction,100,100,-0.07289558027155828,-0.07423290285080951,-0.07155428803179521,3.0
reach,original,random_isotropic_B5,official,donor_reconstruction,100,100,-0.002678820192662872,-0.0028752027536940866,-0.0024829973580710115,4.0
reach,original,random_isotropic_B5,official,donor_reconstruction,100,100,-0.001733759842977698,-0.002161961931916792,-0.0012972288536287596,6.0
reach,original,random_isotropic_B5,proprio,donor_reconstruction,100,100,-0.030339083454598795,-0.032393733515985616,-0.028252181053892222,3.0
reach,original,random_isotropic_B5,proprio,donor_reconstruction,100,100,-0.0033192326492057465,-0.003945743054368627,-0.002682009191985563,4.0
reach,original,random_isotropic_B5,proprio,donor_reconstruction,100,100,-0.00300862198429247,-0.0037235856622424663,-0.0022643650376411844,6.0
reach,original,random_isotropic_B5,visual,donor_reconstruction,100,100,-0.07299528818100726,-0.07433538466357272,-0.0716541495697617,3.0
reach,original,random_isotropic_B5,visual,donor_reconstruction,100,100,-0.002677347764541449,-0.0028733733373207,-0.0024815811953721807,4.0
reach,original,random_isotropic_B5,visual,donor_reconstruction,100,100,-0.0017308927158187536,-0.0021588360093125997,-0.001294824403876253,6.0
reach,original,random_off_range_B0,official,donor_reconstruction,100,100,-0.0251400823581739,-0.02614959281536335,-0.024128999545865105,3.0
reach,original,random_off_range_B0,official,donor_reconstruction,100,100,-0.004955037397903452,-0.005332552189215197,-0.0045764499537096414,4.0
reach,original,random_off_range_B0,official,donor_reconstruction,100,100,-0.0042382394204336015,-0.004623590003238454,-0.0038415952825326272,6.0
reach,original,random_off_range_B0,proprio,donor_reconstruction,100,100,-0.02248720178394158,-0.0241784580825902,-0.020780502393151844,3.0
reach,original,random_off_range_B0,proprio,donor_reconstruction,100,100,-0.0060926046090369924,-0.006714220436632556,-0.005483222792978734,4.0
reach,original,random_off_range_B0,proprio,donor_reconstruction,100,100,-0.006076306845784641,-0.006769528347471331,-0.005395733936915652,6.0
reach,original,random_off_range_B0,visual,donor_reconstruction,100,100,-0.025146322633942182,-0.026156183465331873,-0.024135733646463056,3.0
reach,original,random_off_range_B0,visual,donor_reconstruction,100,100,-0.004952402175561199,-0.005329849299668769,-0.004573749370671604,4.0
reach,original,random_off_range_B0,visual,donor_reconstruction,100,100,-0.0042341446651489026,-0.004619475347904576,-0.0038375785696650494,6.0
reach,original,random_off_range_B1,official,donor_reconstruction,100,100,-0.015164869713701196,-0.016094326057246894,-0.014255109906756226,3.0
reach,original,random_off_range_B1,official,donor_reconstruction,100,100,-0.0017438432331202624,-0.002105476920421641,-0.0013825163447085142,4.0
reach,original,random_off_range_B1,official,donor_reconstruction,100,100,-0.001241510503960469,-0.0016390165213077913,-0.0008466015305561735,6.0
reach,original,random_off_range_B1,proprio,donor_reconstruction,100,100,-0.028539297002597382,-0.030684480651907185,-0.02646880200231187,3.0
reach,original,random_off_range_B1,proprio,donor_reconstruction,100,100,-0.003744441025474907,-0.004459983015611925,-0.003046319233350694,4.0
reach,original,random_off_range_B1,proprio,donor_reconstruction,100,100,-0.0030611272645971643,-0.0037665089637926967,-0.0023577535109816925,6.0
reach,original,random_off_range_B1,visual,donor_reconstruction,100,100,-0.015133881615635593,-0.01606162521380197,-0.014224146611549887,3.0
reach,original,random_off_range_B1,visual,donor_reconstruction,100,100,-0.0017392078801089395,-0.0021012441987163268,-0.0013782407116108425,4.0
reach,original,random_off_range_B1,visual,donor_reconstruction,100,100,-0.0012374511725111626,-0.001635104781573118,-0.0008427877983978961,6.0
reach,original,random_off_range_B2,official,donor_reconstruction,100,100,-0.016834865889276983,-0.01762572342999919,-0.01603688512832548,3.0
reach,original,random_off_range_B2,official,donor_reconstruction,100,100,-0.000988083482381602,-0.001280253795773597,-0.0007028883711086585,4.0
reach,original,random_off_range_B2,official,donor_reconstruction,100,100,-0.0009764293361782683,-0.0013963102574784836,-0.0005500954540855348,6.0
reach,original,random_off_range_B2,proprio,donor_reconstruction,100,100,-0.022369062846964206,-0.02467840907237449,-0.020043723765311123,3.0
reach,original,random_off_range_B2,proprio,donor_reconstruction,100,100,-0.00221297509724638,-0.0029569152380181547,-0.0014609983094280288,4.0
reach,original,random_off_range_B2,proprio,donor_reconstruction,100,100,-0.0018034798661213946,-0.00258963775052837,-0.0010181905743430033,6.0
reach,original,random_off_range_B2,visual,donor_reconstruction,100,100,-0.016822209937797858,-0.017612660068527106,-0.01602400167887459,3.0
reach,original,random_off_range_B2,visual,donor_reconstruction,100,100,-0.0009852608165954867,-0.0012774201482614162,-0.0007002839593147368,4.0
reach,original,random_off_range_B2,visual,donor_reconstruction,100,100,-0.0009745962896048077,-0.0013940306443553593,-0.0005483556881426349,6.0
reach,original,random_off_range_B3,official,donor_reconstruction,100,100,-0.02618043310417847,-0.026909693126068248,-0.02544721270870094,3.0
reach,original,random_off_range_B3,official,donor_reconstruction,100,100,-0.0009867670949286456,-0.001292453020159546,-0.0006830978177452582,4.0
reach,original,random_off_range_B3,official,donor_reconstruction,100,100,-0.0011553065112522376,-0.0017265719553026429,-0.0005931566783766366,6.0
reach,original,random_off_range_B3,proprio,donor_reconstruction,100,100,-0.06354626266619912,-0.06721521401293522,-0.059838325729564094,3.0
reach,original,random_off_range_B3,proprio,donor_reconstruction,100,100,-0.005390665492395099,-0.006503477478798085,-0.004260435857177007,4.0
reach,original,random_off_range_B3,proprio,donor_reconstruction,100,100,-0.004310155283338487,-0.005411414590642839,-0.0031868789644300226,6.0
reach,original,random_off_range_B3,visual,donor_reconstruction,100,100,-0.026093730855634094,-0.026822434333379965,-0.025361698782104047,3.0
reach,original,random_off_range_B3,visual,donor_reconstruction,100,100,-0.0009766352872602458,-0.0012812892833577744,-0.0006741783739787759,4.0
reach,original,random_off_range_B3,visual,donor_reconstruction,100,100,-0.0011483092018372831,-0.0017196837814524649,-0.0005861923099633075,6.0
reach,original,random_off_range_B4,official,donor_reconstruction,100,100,-0.04605899308651315,-0.04699424323712751,-0.04510777340338292,3.0
reach,original,random_off_range_B4,official,donor_reconstruction,100,100,-0.0027971751981668226,-0.0032569169673121938,-0.0023412220191967735,4.0
reach,original,random_off_range_B4,official,donor_reconstruction,100,100,-0.004491015030339369,-0.005408345428504357,-0.003581567866216085,6.0
reach,original,random_off_range_B4,proprio,donor_reconstruction,100,100,-0.30281745631165624,-0.3127626918876298,-0.29288776228830427,3.0
reach,original,random_off_range_B4,proprio,donor_reconstruction,100,100,-0.029903634644920726,-0.03227999461047026,-0.02758129098447487,4.0
reach,original,random_off_range_B4,proprio,donor_reconstruction,100,100,-0.021716925459561456,-0.02382455182927736,-0.019647568849261735,6.0
reach,original,random_off_range_B4,visual,donor_reconstruction,100,100,-0.04546069647494269,-0.04638562743694623,-0.04452415444356816,3.0
reach,original,random_off_range_B4,visual,donor_reconstruction,100,100,-0.002734206913482602,-0.00319152591616773,-0.002280606271149909,4.0
reach,original,random_off_range_B4,visual,donor_reconstruction,100,100,-0.004452462541328001,-0.005369367710150016,-0.0035449202365937333,6.0
reach,original,random_off_range_B5,official,donor_reconstruction,100,100,-0.07569672325942513,-0.07708821981237249,-0.07430608964707763,3.0
reach,original,random_off_range_B5,official,donor_reconstruction,100,100,-0.0027716029293840495,-0.0029700798043584345,-0.002573603125257208,4.0
reach,original,random_off_range_B5,official,donor_reconstruction,100,100,-0.0017549660250906285,-0.002193973438047388,-0.0013103861518960398,6.0
reach,original,random_off_range_B5,proprio,donor_reconstruction,100,100,-0.03130654760517106,-0.03337275636642484,-0.029237098107833957,3.0
reach,original,random_off_range_B5,proprio,donor_reconstruction,100,100,-0.003429066767626755,-0.004064029089639125,-0.002787664176162264,4.0
reach,original,random_off_range_B5,proprio,donor_reconstruction,100,100,-0.003064220267383736,-0.0038018935702123823,-0.0023038958443413406,6.0
reach,original,random_off_range_B5,visual,donor_reconstruction,100,100,-0.07580074075195536,-0.07719343026032768,-0.07440816701742556,3.0
reach,original,random_off_range_B5,visual,donor_reconstruction,100,100,-0.00277009097228452,-0.0029679707218514635,-0.002572591084020492,4.0
reach,original,random_off_range_B5,visual,donor_reconstruction,100,100,-0.0017520261145588234,-0.002190588614305704,-0.001307676218770637,6.0
reach,original,random_range_B0,official,donor_reconstruction,100,100,-0.0358318311534804,-0.03835038652083539,-0.033385730204026035,3.0
reach,original,random_range_B0,official,donor_reconstruction,100,100,-0.005622758849975016,-0.006429783086499869,-0.004847309840392894,4.0
reach,original,random_range_B0,official,donor_reconstruction,100,100,-0.005461322125604282,-0.006211076118110826,-0.004722166486420307,6.0
reach,original,random_range_B0,proprio,donor_reconstruction,100,100,-0.026995700724681816,-0.028863844683676875,-0.02519226687525641,3.0
reach,original,random_range_B0,proprio,donor_reconstruction,100,100,-0.007056469403689737,-0.007880375465900643,-0.006263810314406914,4.0
reach,original,random_range_B0,proprio,donor_reconstruction,100,100,-0.008410551452916451,-0.009464222992192715,-0.007361999332500864,6.0
reach,original,random_range_B0,visual,donor_reconstruction,100,100,-0.03585269224400798,-0.03837465236431949,-0.033402552166125504,3.0
reach,original,random_range_B0,visual,donor_reconstruction,100,100,-0.005619415456451492,-0.00642621284423527,-0.004843060734418597,4.0
reach,original,random_range_B0,visual,donor_reconstruction,100,100,-0.005454703142188075,-0.006203813405922704,-0.004715113137075719,6.0
reach,original,random_range_B1,official,donor_reconstruction,100,100,-0.05372787011502525,-0.057674470301955764,-0.0497587890914374,3.0
reach,original,random_range_B1,official,donor_reconstruction,100,100,-0.006994995963927763,-0.008134118345719655,-0.005841095291951598,4.0
reach,original,random_range_B1,official,donor_reconstruction,100,100,-0.006378954197509786,-0.0075262705625667595,-0.005213227206285107,6.0
reach,original,random_range_B1,proprio,donor_reconstruction,100,100,-0.07814653663155893,-0.08226717429530825,-0.07400217876296215,3.0
reach,original,random_range_B1,proprio,donor_reconstruction,100,100,-0.010770405884376921,-0.012261532827322816,-0.009244756885126815,4.0
reach,original,random_range_B1,proprio,donor_reconstruction,100,100,-0.01147028245671318,-0.01317946288717701,-0.009724237077290332,6.0
reach,original,random_range_B1,visual,donor_reconstruction,100,100,-0.05367113140540511,-0.057621330912422844,-0.049697412719601354,3.0
reach,original,random_range_B1,visual,donor_reconstruction,100,100,-0.0069861726471137945,-0.008125195090367791,-0.005833238015269859,4.0
reach,original,random_range_B1,visual,donor_reconstruction,100,100,-0.006367454781197889,-0.007515038225227923,-0.0052015447668394225,6.0
reach,original,random_range_B2,official,donor_reconstruction,100,100,-0.029905879453256103,-0.03262701920992665,-0.027193997214262463,3.0
reach,original,random_range_B2,official,donor_reconstruction,100,100,-0.003538449432736138,-0.004461811478046727,-0.002633661695128287,4.0
reach,original,random_range_B2,official,donor_reconstruction,100,100,-0.0026445618345531763,-0.0035616288865050207,-0.0017640924389137756,6.0
reach,original,random_range_B2,proprio,donor_reconstruction,100,100,-0.028263535422516375,-0.030572136974354267,-0.025941816035908997,3.0
reach,original,random_range_B2,proprio,donor_reconstruction,100,100,-0.0035738378704014986,-0.004518124338568429,-0.0026133152490691028,4.0
reach,original,random_range_B2,proprio,donor_reconstruction,100,100,-0.003857454734689906,-0.00507351455861236,-0.002659265869265471,6.0
reach,original,random_range_B2,visual,donor_reconstruction,100,100,-0.0299098500561242,-0.032634451230252305,-0.027195379149895456,3.0
reach,original,random_range_B2,visual,donor_reconstruction,100,100,-0.0035384148893362988,-0.00446273526618783,-0.0026334978648982796,4.0
reach,original,random_range_B2,visual,donor_reconstruction,100,100,-0.0026418965912117422,-0.003558905763349506,-0.0017613220839791425,6.0
reach,original,random_range_B3,official,donor_reconstruction,100,100,-0.016386693903379584,-0.017673386138312857,-0.015067748481531258,3.0
reach,original,random_range_B3,official,donor_reconstruction,100,100,-0.0010825401750782703,-0.0015111346370119511,-0.0006571047894627561,4.0
reach,original,random_range_B3,official,donor_reconstruction,100,100,-0.0010152838106249852,-0.0016631236371255447,-0.00040081668866336035,6.0
reach,original,random_range_B3,proprio,donor_reconstruction,100,100,-0.04778699854635738,-0.05194573560464555,-0.043679928697822556,3.0
reach,original,random_range_B3,proprio,donor_reconstruction,100,100,-0.003735493411768639,-0.0049661571078897,-0.0025462571918407014,4.0
reach,original,random_range_B3,proprio,donor_reconstruction,100,100,-0.0031680335077243294,-0.004455349399623823,-0.0019109224673813318,6.0
reach,original,random_range_B3,visual,donor_reconstruction,100,100,-0.016313684680006824,-0.01760256581040367,-0.01499035107400072,3.0
reach,original,random_range_B3,visual,donor_reconstruction,100,100,-0.0010764180500807262,-0.0015044283910011116,-0.0006518259837054826,4.0
reach,original,random_range_B3,visual,donor_reconstruction,100,100,-0.0010104821185855052,-0.0016573594732805738,-0.00039697203909794677,6.0
reach,original,random_range_B4,official,donor_reconstruction,100,100,-0.01675238862248278,-0.017236475749294013,-0.016278471679177134,3.0
reach,original,random_range_B4,official,donor_reconstruction,100,100,-0.0025562991220927744,-0.003160818008991991,-0.0019664232262489637,4.0
reach,original,random_range_B4,official,donor_reconstruction,100,100,-0.008599329721311442,-0.010008283689174554,-0.007217947441092077,6.0
reach,original,random_range_B4,proprio,donor_reconstruction,100,100,-0.38876695291856883,-0.4033502098055832,-0.3745879644088818,3.0
reach,original,random_range_B4,proprio,donor_reconstruction,100,100,-0.03743930019061063,-0.04050326767159031,-0.034445121921936224,4.0
reach,original,random_range_B4,proprio,donor_reconstruction,100,100,-0.032228460547757375,-0.035178364470659466,-0.029353497388188408,6.0
reach,original,random_range_B4,visual,donor_reconstruction,100,100,-0.015887127108537374,-0.016349811441374477,-0.015433427379147463,3.0
reach,original,random_range_B4,visual,donor_reconstruction,100,100,-0.0024754374233469656,-0.0030751759079596674,-0.001888494961996314,4.0
reach,original,random_range_B4,visual,donor_reconstruction,100,100,-0.008546582618970521,-0.009954474096660271,-0.007167954309030557,6.0
reach,original,random_range_B5,official,donor_reconstruction,100,100,-0.02044356081161254,-0.02084379455357753,-0.02003992421319087,3.0
reach,original,random_range_B5,official,donor_reconstruction,100,100,-0.0008206492128874198,-0.000943645755482266,-0.0006954858185277202,4.0
reach,original,random_range_B5,official,donor_reconstruction,100,100,-0.0007562960709424727,-0.0010592270379749787,-0.00045230609974367646,6.0
reach,original,random_range_B5,proprio,donor_reconstruction,100,100,-0.01212370150512535,-0.013709203808925086,-0.010550433692302984,3.0
reach,original,random_range_B5,proprio,donor_reconstruction,100,100,-0.0010631670348065104,-0.0015016688368043938,-0.0006270290829249065,4.0
reach,original,random_range_B5,proprio,donor_reconstruction,100,100,-0.0011862928128639906,-0.0017329193466380974,-0.0006314647588622286,6.0
reach,original,random_range_B5,visual,donor_reconstruction,100,100,-0.020462990822843818,-0.020863471034645153,-0.020058632205463344,3.0
reach,original,random_range_B5,visual,donor_reconstruction,100,100,-0.0008200860533730592,-0.0009427244780739738,-0.0006952481741148003,4.0
reach,original,random_range_B5,visual,donor_reconstruction,100,100,-0.0007553165175923826,-0.001058114562498378,-0.0004516591460449855,6.0
reach,original,zero_capture,official,donor_reconstruction,100,100,0.0,0.0,0.0,3.0
reach,original,zero_capture,official,donor_reconstruction,100,100,0.0,0.0,0.0,4.0
reach,original,zero_capture,official,donor_reconstruction,100,100,0.0,0.0,0.0,6.0
reach,original,zero_capture,proprio,donor_reconstruction,100,100,0.0,0.0,0.0,3.0
reach,original,zero_capture,proprio,donor_reconstruction,100,100,0.0,0.0,0.0,4.0
reach,original,zero_capture,proprio,donor_reconstruction,100,100,0.0,0.0,0.0,6.0
reach,original,zero_capture,visual,donor_reconstruction,100,100,0.0,0.0,0.0,3.0
reach,original,zero_capture,visual,donor_reconstruction,100,100,0.0,0.0,0.0,4.0
reach,original,zero_capture,visual,donor_reconstruction,100,100,0.0,0.0,0.0,6.0
reach-wall,fresh,all_blocks_h3_donor,official,donor_reconstruction,100,100,1.0,1.0,1.0000000000000002,3.0
reach-wall,fresh,all_blocks_h3_donor,official,donor_reconstruction,100,100,0.46494340701147513,0.46133689636266295,0.468529853400367,4.0
reach-wall,fresh,all_blocks_h3_donor,official,donor_reconstruction,100,100,0.508313740883363,0.504492011137894,0.5121038555222281,6.0
reach-wall,fresh,all_blocks_h3_donor,proprio,donor_reconstruction,100,100,1.0,1.0,1.0000000000000002,3.0
reach-wall,fresh,all_blocks_h3_donor,proprio,donor_reconstruction,100,100,0.543230377839685,0.5397650114199468,0.5466469352916211,4.0
reach-wall,fresh,all_blocks_h3_donor,proprio,donor_reconstruction,100,100,0.6191785763912657,0.6155468116342597,0.6227872869296093,6.0
reach-wall,fresh,all_blocks_h3_donor,visual,donor_reconstruction,100,100,1.0,1.0,1.0000000000000002,3.0
reach-wall,fresh,all_blocks_h3_donor,visual,donor_reconstruction,100,100,0.464757532007684,0.46115115964667913,0.4683445546194251,4.0
reach-wall,fresh,all_blocks_h3_donor,visual,donor_reconstruction,100,100,0.5080580342946179,0.5042362752352748,0.5118497468858104,6.0
reach-wall,fresh,all_blocks_persistent_donor,official,donor_reconstruction,100,100,1.0,1.0,1.0000000000000002,3.0
reach-wall,fresh,all_blocks_persistent_donor,official,donor_reconstruction,100,100,1.0,1.0,1.0000000000000002,4.0
reach-wall,fresh,all_blocks_persistent_donor,official,donor_reconstruction,100,100,1.0,1.0,1.0000000000000002,6.0
reach-wall,fresh,all_blocks_persistent_donor,proprio,donor_reconstruction,100,100,1.0,1.0,1.0000000000000002,3.0
reach-wall,fresh,all_blocks_persistent_donor,proprio,donor_reconstruction,100,100,1.0,1.0,1.0000000000000002,4.0
reach-wall,fresh,all_blocks_persistent_donor,proprio,donor_reconstruction,100,100,1.0,1.0,1.0000000000000002,6.0
reach-wall,fresh,all_blocks_persistent_donor,visual,donor_reconstruction,100,100,1.0,1.0,1.0000000000000002,3.0
reach-wall,fresh,all_blocks_persistent_donor,visual,donor_reconstruction,100,100,1.0,1.0,1.0000000000000002,4.0
reach-wall,fresh,all_blocks_persistent_donor,visual,donor_reconstruction,100,100,1.0,1.0,1.0000000000000002,6.0
reach-wall,fresh,coherent_raw_h3,official,donor_reconstruction,100,100,1.0,1.0,1.0000000000000002,3.0
reach-wall,fresh,coherent_raw_h3,official,donor_reconstruction,100,100,1.0,1.0,1.0000000000000002,4.0
reach-wall,fresh,coherent_raw_h3,official,donor_reconstruction,100,100,1.0,1.0,1.0000000000000002,6.0
reach-wall,fresh,coherent_raw_h3,proprio,donor_reconstruction,100,100,1.0,1.0,1.0000000000000002,3.0
reach-wall,fresh,coherent_raw_h3,proprio,donor_reconstruction,100,100,1.0,1.0,1.0000000000000002,4.0
reach-wall,fresh,coherent_raw_h3,proprio,donor_reconstruction,100,100,1.0,1.0,1.0000000000000002,6.0
reach-wall,fresh,coherent_raw_h3,visual,donor_reconstruction,100,100,1.0,1.0,1.0000000000000002,3.0
reach-wall,fresh,coherent_raw_h3,visual,donor_reconstruction,100,100,1.0,1.0,1.0000000000000002,4.0
reach-wall,fresh,coherent_raw_h3,visual,donor_reconstruction,100,100,1.0,1.0,1.0000000000000002,6.0
reach-wall,fresh,donor_h3_B0,official,donor_reconstruction,100,100,0.32021856720762876,0.31821308067677284,0.3222084513845194,3.0
reach-wall,fresh,donor_h3_B0,official,donor_reconstruction,100,100,0.0951542478560989,0.09397098987953978,0.09634219298582736,4.0
reach-wall,fresh,donor_h3_B0,official,donor_reconstruction,100,100,0.07950055987416853,0.07824701828196,0.08071799763539891,6.0
reach-wall,fresh,donor_h3_B0,proprio,donor_reconstruction,100,100,0.06631402257716044,0.06339969399805412,0.06923823752300344,3.0
reach-wall,fresh,donor_h3_B0,proprio,donor_reconstruction,100,100,0.08230140013512598,0.08094856832247925,0.08364921575185671,4.0
reach-wall,fresh,donor_h3_B0,proprio,donor_reconstruction,100,100,0.10742138312863739,0.10588403695159605,0.1089850994515906,6.0
reach-wall,fresh,donor_h3_B0,visual,donor_reconstruction,100,100,0.32081096169606177,0.31880562011741,0.32279874121067453,3.0
reach-wall,fresh,donor_h3_B0,visual,donor_reconstruction,100,100,0.09518469222074843,0.09400164843736335,0.09637382312690553,4.0
reach-wall,fresh,donor_h3_B0,visual,donor_reconstruction,100,100,0.0794361529304823,0.07818292380247688,0.08065296600918692,6.0
reach-wall,fresh,donor_h3_B1,official,donor_reconstruction,100,100,0.6173980125268934,0.6153885912870715,0.6193881500147339,3.0
reach-wall,fresh,donor_h3_B1,official,donor_reconstruction,100,100,0.24209849038417036,0.23992070048148448,0.24427775605056615,4.0
reach-wall,fresh,donor_h3_B1,official,donor_reconstruction,100,100,0.23685189175937402,0.2345806528227103,0.23909085543335004,6.0
reach-wall,fresh,donor_h3_B1,proprio,donor_reconstruction,100,100,0.48942419341048526,0.4864341652755271,0.492487033187249,3.0
reach-wall,fresh,donor_h3_B1,proprio,donor_reconstruction,100,100,0.2897585626866635,0.28774949423846247,0.29175314165881133,4.0
reach-wall,fresh,donor_h3_B1,proprio,donor_reconstruction,100,100,0.30623051426791825,0.30395397662188317,0.3085200373576104,6.0
reach-wall,fresh,donor_h3_B1,visual,donor_reconstruction,100,100,0.6176966443366038,0.6156850848008305,0.6196901781515254,3.0
reach-wall,fresh,donor_h3_B1,visual,donor_reconstruction,100,100,0.24198541221565942,0.2398080369786108,0.24416577243107998,4.0
reach-wall,fresh,donor_h3_B1,visual,donor_reconstruction,100,100,0.2366919139401005,0.23442023495222267,0.23893205671686119,6.0
reach-wall,fresh,donor_h3_B2,official,donor_reconstruction,100,100,0.3617756449451223,0.35863353139618226,0.3650695094322466,3.0
reach-wall,fresh,donor_h3_B2,official,donor_reconstruction,100,100,0.09623832722024876,0.09396313744184553,0.09853921196942016,4.0
reach-wall,fresh,donor_h3_B2,official,donor_reconstruction,100,100,0.09489317742436203,0.09278460240195391,0.09703656553568615,6.0
reach-wall,fresh,donor_h3_B2,proprio,donor_reconstruction,100,100,0.17425218423096275,0.1695308830734736,0.17901764769776612,3.0
reach-wall,fresh,donor_h3_B2,proprio,donor_reconstruction,100,100,0.09535067673817807,0.09273414686323599,0.0979743631249875,4.0
reach-wall,fresh,donor_h3_B2,proprio,donor_reconstruction,100,100,0.12574900239946799,0.12311190266284569,0.12839040759700834,6.0
reach-wall,fresh,donor_h3_B2,visual,donor_reconstruction,100,100,0.36221359178978213,0.35907382258343895,0.36550666727851533,3.0
reach-wall,fresh,donor_h3_B2,visual,donor_reconstruction,100,100,0.09624043993226175,0.09396510770123576,0.09854048088798198,4.0
reach-wall,fresh,donor_h3_B2,visual,donor_reconstruction,100,100,0.09482201146210563,0.09271394387034075,0.09696511943529224,6.0
reach-wall,fresh,donor_h3_B3,official,donor_reconstruction,100,100,0.17405609644746292,0.1727719208985659,0.17533142291894183,3.0
reach-wall,fresh,donor_h3_B3,official,donor_reconstruction,100,100,0.030656407952099278,0.030004583263242172,0.03129887366860326,4.0
reach-wall,fresh,donor_h3_B3,official,donor_reconstruction,100,100,0.007708379805781337,0.006685199592430411,0.00870174756265927,6.0
reach-wall,fresh,donor_h3_B3,proprio,donor_reconstruction,100,100,-0.1831974485956042,-0.18780881688258141,-0.17860058046082417,3.0
reach-wall,fresh,donor_h3_B3,proprio,donor_reconstruction,100,100,-0.026495895215609484,-0.02791632546120393,-0.025075036980994878,4.0
reach-wall,fresh,donor_h3_B3,proprio,donor_reconstruction,100,100,-0.017056187470387518,-0.018768758420219293,-0.015388494323766036,6.0
reach-wall,fresh,donor_h3_B3,visual,donor_reconstruction,100,100,0.17488998306028825,0.17360741935740426,0.1761668718514712,3.0
reach-wall,fresh,donor_h3_B3,visual,donor_reconstruction,100,100,0.030792030678812178,0.030140569563578065,0.031433990247375955,4.0
reach-wall,fresh,donor_h3_B3,visual,donor_reconstruction,100,100,0.007765390410465842,0.0067429614121619,0.008757361181686997,6.0
reach-wall,fresh,donor_h3_B4,official,donor_reconstruction,100,100,0.035278267946474075,0.03485600168021875,0.035703869115753496,3.0
reach-wall,fresh,donor_h3_B4,official,donor_reconstruction,100,100,0.05659938289707227,0.05567935895268026,0.057537013231323306,4.0
reach-wall,fresh,donor_h3_B4,official,donor_reconstruction,100,100,0.13386291136653927,0.13164920704608146,0.13613471934079036,6.0
reach-wall,fresh,donor_h3_B4,proprio,donor_reconstruction,100,100,0.596662801216933,0.5910861275829169,0.6022096011322958,3.0
reach-wall,fresh,donor_h3_B4,proprio,donor_reconstruction,100,100,0.1769868133721688,0.1739194404549125,0.18009106610559725,4.0
reach-wall,fresh,donor_h3_B4,proprio,donor_reconstruction,100,100,0.2077256727006368,0.20428985378261852,0.21118727027239753,6.0
reach-wall,fresh,donor_h3_B4,visual,donor_reconstruction,100,100,0.03396715454070578,0.03355090791711023,0.03438629041515399,3.0
reach-wall,fresh,donor_h3_B4,visual,donor_reconstruction,100,100,0.05631363053871203,0.05539690205683114,0.05724761498804865,4.0
reach-wall,fresh,donor_h3_B4,visual,donor_reconstruction,100,100,0.1336925521484438,0.13147959072847226,0.1359615832042121,6.0
reach-wall,fresh,donor_h3_B5,official,donor_reconstruction,100,100,-0.0053654287496085785,-0.005499173053440655,-0.005234228787773049,3.0
reach-wall,fresh,donor_h3_B5,official,donor_reconstruction,100,100,0.005196557516191789,0.005091482152577684,0.005302222952365788,4.0
reach-wall,fresh,donor_h3_B5,official,donor_reconstruction,100,100,0.012791119907079207,0.012538858822947727,0.01304687969521486,6.0
reach-wall,fresh,donor_h3_B5,proprio,donor_reconstruction,100,100,0.008058090264245274,0.006939484509068549,0.009211269724298548,3.0
reach-wall,fresh,donor_h3_B5,proprio,donor_reconstruction,100,100,0.007394970534673334,0.0070779274424455285,0.0077189763274715184,4.0
reach-wall,fresh,donor_h3_B5,proprio,donor_reconstruction,100,100,0.017803391228878005,0.017437555239625126,0.01817065925701521,6.0
reach-wall,fresh,donor_h3_B5,visual,donor_reconstruction,100,100,-0.0053967989045111305,-0.005530995869704897,-0.005265158428873372,3.0
reach-wall,fresh,donor_h3_B5,visual,donor_reconstruction,100,100,0.005191341218394267,0.00508646384071656,0.005296932745184405,4.0
reach-wall,fresh,donor_h3_B5,visual,donor_reconstruction,100,100,0.012779567446079379,0.012527605150297695,0.013035145964590059,6.0
reach-wall,fresh,donor_persistent_B0,official,donor_reconstruction,100,100,0.32021856720762876,0.31821308067677284,0.3222084513845194,3.0
reach-wall,fresh,donor_persistent_B0,official,donor_reconstruction,100,100,0.24878442371155846,0.24664815287358333,0.2509565831791374,4.0
reach-wall,fresh,donor_persistent_B0,official,donor_reconstruction,100,100,0.20186092969361627,0.1995375834168917,0.2042036255277786,6.0
reach-wall,fresh,donor_persistent_B0,proprio,donor_reconstruction,100,100,0.06631402257716044,0.06339969399805412,0.06923823752300344,3.0
reach-wall,fresh,donor_persistent_B0,proprio,donor_reconstruction,100,100,0.24878295610629536,0.24605655230344484,0.2515640379843218,4.0
reach-wall,fresh,donor_persistent_B0,proprio,donor_reconstruction,100,100,0.2660618619323864,0.2633311074494135,0.26880288484837084,6.0
reach-wall,fresh,donor_persistent_B0,visual,donor_reconstruction,100,100,0.32081096169606177,0.31880562011741,0.32279874121067453,3.0
reach-wall,fresh,donor_persistent_B0,visual,donor_reconstruction,100,100,0.2487841358183981,0.24665005769736328,0.25095689582228975,4.0
reach-wall,fresh,donor_persistent_B0,visual,donor_reconstruction,100,100,0.2017127931408062,0.19938805376983512,0.20405763698319868,6.0
reach-wall,fresh,donor_persistent_B1,official,donor_reconstruction,100,100,0.6173980125268934,0.6153885912870715,0.6193881500147339,3.0
reach-wall,fresh,donor_persistent_B1,official,donor_reconstruction,100,100,0.7656706846986389,0.763509747731523,0.7678532471550159,4.0
reach-wall,fresh,donor_persistent_B1,official,donor_reconstruction,100,100,0.7324598012169676,0.7296270353849625,0.7352780513413513,6.0
reach-wall,fresh,donor_persistent_B1,proprio,donor_reconstruction,100,100,0.48942419341048526,0.4864341652755271,0.492487033187249,3.0
reach-wall,fresh,donor_persistent_B1,proprio,donor_reconstruction,100,100,0.8321352211894877,0.830551061515883,0.8337338039015135,4.0
reach-wall,fresh,donor_persistent_B1,proprio,donor_reconstruction,100,100,0.7949922887007095,0.7930051656492348,0.7969753292746041,6.0
reach-wall,fresh,donor_persistent_B1,visual,donor_reconstruction,100,100,0.6176966443366038,0.6156850848008305,0.6196901781515254,3.0
reach-wall,fresh,donor_persistent_B1,visual,donor_reconstruction,100,100,0.7655128821905467,0.7633487863317658,0.7676979485861744,4.0
reach-wall,fresh,donor_persistent_B1,visual,donor_reconstruction,100,100,0.7323154359876933,0.7294787184460046,0.7351368266831675,6.0
reach-wall,fresh,donor_persistent_B2,official,donor_reconstruction,100,100,0.3617756449451223,0.35863353139618226,0.3650695094322466,3.0
reach-wall,fresh,donor_persistent_B2,official,donor_reconstruction,100,100,0.1895422967184081,0.1872942797313966,0.1918733414653125,4.0
reach-wall,fresh,donor_persistent_B2,official,donor_reconstruction,100,100,0.17180392351913487,0.169615934139147,0.17403326432950184,6.0
reach-wall,fresh,donor_persistent_B2,proprio,donor_reconstruction,100,100,0.17425218423096275,0.1695308830734736,0.17901764769776612,3.0
reach-wall,fresh,donor_persistent_B2,proprio,donor_reconstruction,100,100,0.18391140782373214,0.1811071922956473,0.18677471938483947,4.0
reach-wall,fresh,donor_persistent_B2,proprio,donor_reconstruction,100,100,0.20808065779509172,0.20540194610135443,0.21077945098862141,6.0
reach-wall,fresh,donor_persistent_B2,visual,donor_reconstruction,100,100,0.36221359178978213,0.35907382258343895,0.36550666727851533,3.0
reach-wall,fresh,donor_persistent_B2,visual,donor_reconstruction,100,100,0.18955570802671343,0.18730793619331193,0.19188631999367672,4.0
reach-wall,fresh,donor_persistent_B2,visual,donor_reconstruction,100,100,0.17172026514676436,0.1695337288034856,0.17395058139152117,6.0
reach-wall,fresh,donor_persistent_B3,official,donor_reconstruction,100,100,0.17405609644746292,0.1727719208985659,0.17533142291894183,3.0
reach-wall,fresh,donor_persistent_B3,official,donor_reconstruction,100,100,0.06171042083309478,0.06104871204653229,0.062375220178001935,4.0
reach-wall,fresh,donor_persistent_B3,official,donor_reconstruction,100,100,0.036085439916316624,0.0349679580098346,0.03720433774410932,6.0
reach-wall,fresh,donor_persistent_B3,proprio,donor_reconstruction,100,100,-0.1831974485956042,-0.18780881688258141,-0.17860058046082417,3.0
reach-wall,fresh,donor_persistent_B3,proprio,donor_reconstruction,100,100,0.01878895127297868,0.01724482040191999,0.02034680642083334,4.0
reach-wall,fresh,donor_persistent_B3,proprio,donor_reconstruction,100,100,0.017753961395513444,0.015921193541599127,0.019566973932850923,6.0
reach-wall,fresh,donor_persistent_B3,visual,donor_reconstruction,100,100,0.17488998306028825,0.17360741935740426,0.1761668718514712,3.0
reach-wall,fresh,donor_persistent_B3,visual,donor_reconstruction,100,100,0.06181230648691478,0.06115089850898314,0.06247609061508047,4.0
reach-wall,fresh,donor_persistent_B3,visual,donor_reconstruction,100,100,0.03612762878930706,0.03501123266890095,0.03724540122660709,6.0
reach-wall,fresh,donor_persistent_B4,official,donor_reconstruction,100,100,0.035278267946474075,0.03485600168021875,0.035703869115753496,3.0
reach-wall,fresh,donor_persistent_B4,official,donor_reconstruction,100,100,0.057636324035878435,0.05671061645855907,0.058582800608666115,4.0
reach-wall,fresh,donor_persistent_B4,official,donor_reconstruction,100,100,0.13877574690481748,0.1364831337480847,0.14112616879697476,6.0
reach-wall,fresh,donor_persistent_B4,proprio,donor_reconstruction,100,100,0.596662801216933,0.5910861275829169,0.6022096011322958,3.0
reach-wall,fresh,donor_persistent_B4,proprio,donor_reconstruction,100,100,0.1896652468041145,0.18646836762681962,0.1929056429900843,4.0
reach-wall,fresh,donor_persistent_B4,proprio,donor_reconstruction,100,100,0.2165264900329195,0.21297999634526202,0.22011287714645753,6.0
reach-wall,fresh,donor_persistent_B4,visual,donor_reconstruction,100,100,0.03396715454070578,0.03355090791711023,0.03438629041515399,3.0
reach-wall,fresh,donor_persistent_B4,visual,donor_reconstruction,100,100,0.05732293863819545,0.05640091933389282,0.058263816106626766,4.0
reach-wall,fresh,donor_persistent_B4,visual,donor_reconstruction,100,100,0.13859642005508854,0.1363047759610524,0.14094556690436286,6.0
reach-wall,fresh,donor_persistent_B5,official,donor_reconstruction,100,100,-0.0053654287496085785,-0.005499173053440655,-0.005234228787773049,3.0
reach-wall,fresh,donor_persistent_B5,official,donor_reconstruction,100,100,0.005190662780441638,0.005086324489968147,0.005295996052601151,4.0
reach-wall,fresh,donor_persistent_B5,official,donor_reconstruction,100,100,0.012679455277537213,0.012423404266809733,0.012940950212310428,6.0
reach-wall,fresh,donor_persistent_B5,proprio,donor_reconstruction,100,100,0.008058090264245274,0.006939484509068549,0.009211269724298548,3.0
reach-wall,fresh,donor_persistent_B5,proprio,donor_reconstruction,100,100,0.006817478673091167,0.006497573024004541,0.007143225835149316,4.0
reach-wall,fresh,donor_persistent_B5,proprio,donor_reconstruction,100,100,0.017640644606226715,0.017269262292944516,0.018013925291964737,6.0
reach-wall,fresh,donor_persistent_B5,visual,donor_reconstruction,100,100,-0.0053967989045111305,-0.005530995869704897,-0.005265158428873372,3.0
reach-wall,fresh,donor_persistent_B5,visual,donor_reconstruction,100,100,0.005186802215892778,0.005082646118858566,0.005291987793076826,4.0
reach-wall,fresh,donor_persistent_B5,visual,donor_reconstruction,100,100,0.012668019903128458,0.012411852572345863,0.012929261562787809,6.0
reach-wall,fresh,native,official,donor_reconstruction,100,100,0.0,0.0,0.0,3.0
reach-wall,fresh,native,official,donor_reconstruction,100,100,0.0,0.0,0.0,4.0
reach-wall,fresh,native,official,donor_reconstruction,100,100,0.0,0.0,0.0,6.0
reach-wall,fresh,native,proprio,donor_reconstruction,100,100,0.0,0.0,0.0,3.0
reach-wall,fresh,native,proprio,donor_reconstruction,100,100,0.0,0.0,0.0,4.0
reach-wall,fresh,native,proprio,donor_reconstruction,100,100,0.0,0.0,0.0,6.0
reach-wall,fresh,native,visual,donor_reconstruction,100,100,0.0,0.0,0.0,3.0
reach-wall,fresh,native,visual,donor_reconstruction,100,100,0.0,0.0,0.0,4.0
reach-wall,fresh,native,visual,donor_reconstruction,100,100,0.0,0.0,0.0,6.0
reach-wall,fresh,random_isotropic_B0,official,donor_reconstruction,100,100,-0.026201645146395777,-0.027160073359518283,-0.02524312065202646,3.0
reach-wall,fresh,random_isotropic_B0,official,donor_reconstruction,100,100,-0.0049815920220492305,-0.005378059521771925,-0.004584470609916185,4.0
reach-wall,fresh,random_isotropic_B0,official,donor_reconstruction,100,100,-0.0037633052886418606,-0.004172233945556931,-0.00335285168932718,6.0
reach-wall,fresh,random_isotropic_B0,proprio,donor_reconstruction,100,100,-0.022665505210678828,-0.024175514586869656,-0.021179907798662776,3.0
reach-wall,fresh,random_isotropic_B0,proprio,donor_reconstruction,100,100,-0.005772943048683877,-0.006360848329707861,-0.005200788885163856,4.0
reach-wall,fresh,random_isotropic_B0,proprio,donor_reconstruction,100,100,-0.005297996887907072,-0.005943567764324228,-0.004667002472834031,6.0
reach-wall,fresh,random_isotropic_B0,visual,donor_reconstruction,100,100,-0.02620998556192349,-0.02717059654204154,-0.02525093521764343,3.0
reach-wall,fresh,random_isotropic_B0,visual,donor_reconstruction,100,100,-0.004979704422394091,-0.0053764494295309734,-0.004582663166237066,4.0
reach-wall,fresh,random_isotropic_B0,visual,donor_reconstruction,100,100,-0.003759732875429289,-0.004168532128584983,-0.0033496165533968723,6.0
reach-wall,fresh,random_isotropic_B1,official,donor_reconstruction,100,100,-0.01797224182173803,-0.019200070247659472,-0.016737064982942515,3.0
reach-wall,fresh,random_isotropic_B1,official,donor_reconstruction,100,100,-0.0025297782642196244,-0.0029849493162692245,-0.002073661345588837,4.0
reach-wall,fresh,random_isotropic_B1,official,donor_reconstruction,100,100,-0.0020443710413865167,-0.00251865974006319,-0.001561123442184441,6.0
reach-wall,fresh,random_isotropic_B1,proprio,donor_reconstruction,100,100,-0.03217122331781028,-0.03458259796565974,-0.029789899274775506,3.0
reach-wall,fresh,random_isotropic_B1,proprio,donor_reconstruction,100,100,-0.004332093812018259,-0.005077959306060408,-0.003581317707811746,4.0
reach-wall,fresh,random_isotropic_B1,proprio,donor_reconstruction,100,100,-0.0036074405378012,-0.004438410452603259,-0.002765342533279939,6.0
reach-wall,fresh,random_isotropic_B1,visual,donor_reconstruction,100,100,-0.01793927720456922,-0.019166082042009223,-0.01670497768624203,3.0
reach-wall,fresh,random_isotropic_B1,visual,donor_reconstruction,100,100,-0.00252556162372268,-0.0029802835051107816,-0.0020689153984948363,4.0
reach-wall,fresh,random_isotropic_B1,visual,donor_reconstruction,100,100,-0.002040827625121312,-0.0025145634878700313,-0.0015578067001670412,6.0
reach-wall,fresh,random_isotropic_B2,official,donor_reconstruction,100,100,-0.01785526120111542,-0.018888628305149036,-0.016818789049108808,3.0
reach-wall,fresh,random_isotropic_B2,official,donor_reconstruction,100,100,-0.0012415841518425784,-0.0015826661125417816,-0.0008939643955674833,4.0
reach-wall,fresh,random_isotropic_B2,official,donor_reconstruction,100,100,-0.0012335674276308817,-0.0017061705378034935,-0.0007610939971841641,6.0
reach-wall,fresh,random_isotropic_B2,proprio,donor_reconstruction,100,100,-0.0220142408003141,-0.0240733658294467,-0.01992743417641299,3.0
reach-wall,fresh,random_isotropic_B2,proprio,donor_reconstruction,100,100,-0.0020170529185914265,-0.002720023478630095,-0.0013012003804836758,4.0
reach-wall,fresh,random_isotropic_B2,proprio,donor_reconstruction,100,100,-0.0019423853354352716,-0.0027226150728460016,-0.0011384942977349403,6.0
reach-wall,fresh,random_isotropic_B2,visual,donor_reconstruction,100,100,-0.017845634047380862,-0.018878976704768197,-0.016809707485179497,3.0
reach-wall,fresh,random_isotropic_B2,visual,donor_reconstruction,100,100,-0.0012397361911424664,-0.0015804395523550498,-0.0008916425530678949,4.0
reach-wall,fresh,random_isotropic_B2,visual,donor_reconstruction,100,100,-0.001231939591428336,-0.0017043098380436356,-0.0007595317140792045,6.0
reach-wall,fresh,random_isotropic_B3,official,donor_reconstruction,100,100,-0.02572575494511023,-0.026513375393026943,-0.024954620604760676,3.0
reach-wall,fresh,random_isotropic_B3,official,donor_reconstruction,100,100,-0.0010150415397431444,-0.0013082067239361488,-0.0007237955847217321,4.0
reach-wall,fresh,random_isotropic_B3,official,donor_reconstruction,100,100,-0.00084408303908319,-0.0014343214804017994,-0.0002634948220493801,6.0
reach-wall,fresh,random_isotropic_B3,proprio,donor_reconstruction,100,100,-0.06066001994266554,-0.0640593306757807,-0.05729907065637856,3.0
reach-wall,fresh,random_isotropic_B3,proprio,donor_reconstruction,100,100,-0.005043876616593993,-0.006141991587696517,-0.003962181045643643,4.0
reach-wall,fresh,random_isotropic_B3,proprio,donor_reconstruction,100,100,-0.0038262431309215193,-0.004998949389339214,-0.0026526745732999885,6.0
reach-wall,fresh,random_isotropic_B3,visual,donor_reconstruction,100,100,-0.025644524639304417,-0.026434471024471235,-0.024872944375238147,3.0
reach-wall,fresh,random_isotropic_B3,visual,donor_reconstruction,100,100,-0.0010055474377893914,-0.0012975847086629075,-0.0007149832413793598,4.0
reach-wall,fresh,random_isotropic_B3,visual,donor_reconstruction,100,100,-0.0008373075814792763,-0.0014274554133900065,-0.0002569860113853954,6.0
reach-wall,fresh,random_isotropic_B4,official,donor_reconstruction,100,100,-0.045569708602759454,-0.04628588037490324,-0.04486719695393089,3.0
reach-wall,fresh,random_isotropic_B4,official,donor_reconstruction,100,100,-0.0029318194985203426,-0.0033523138278161607,-0.002515278523920756,4.0
reach-wall,fresh,random_isotropic_B4,official,donor_reconstruction,100,100,-0.004483119391311003,-0.005354917499391224,-0.0036103048099635432,6.0
reach-wall,fresh,random_isotropic_B4,proprio,donor_reconstruction,100,100,-0.30823542921068087,-0.31663915226124334,-0.2999535043877782,3.0
reach-wall,fresh,random_isotropic_B4,proprio,donor_reconstruction,100,100,-0.030330291453545787,-0.03245857117150626,-0.028236164935153654,4.0
reach-wall,fresh,random_isotropic_B4,proprio,donor_reconstruction,100,100,-0.021580213281122838,-0.023513180253843666,-0.019661880872122964,6.0
reach-wall,fresh,random_isotropic_B4,visual,donor_reconstruction,100,100,-0.04495758603203912,-0.04566510646243395,-0.044261423075240856,3.0
reach-wall,fresh,random_isotropic_B4,visual,donor_reconstruction,100,100,-0.0028670221084987047,-0.003285719718282017,-0.0024528792164139742,4.0
reach-wall,fresh,random_isotropic_B4,visual,donor_reconstruction,100,100,-0.004443877998670258,-0.005316049787450972,-0.003571421943450853,6.0
reach-wall,fresh,random_isotropic_B5,official,donor_reconstruction,100,100,-0.07372888436979022,-0.07479158658593962,-0.07271246105797023,3.0
reach-wall,fresh,random_isotropic_B5,official,donor_reconstruction,100,100,-0.0026421853086627343,-0.0028313135887741555,-0.002455833096818882,4.0
reach-wall,fresh,random_isotropic_B5,official,donor_reconstruction,100,100,-0.0014279943778242065,-0.0018932183356068447,-0.0009673658751920741,6.0
reach-wall,fresh,random_isotropic_B5,proprio,donor_reconstruction,100,100,-0.031069160228469127,-0.033043142466914345,-0.029083379062723517,3.0
reach-wall,fresh,random_isotropic_B5,proprio,donor_reconstruction,100,100,-0.0032406519959272684,-0.0038185878154564494,-0.0026648995752782756,4.0
reach-wall,fresh,random_isotropic_B5,proprio,donor_reconstruction,100,100,-0.0023062515207203527,-0.0030645123332269848,-0.0015736479085047654,6.0
reach-wall,fresh,random_isotropic_B5,visual,donor_reconstruction,100,100,-0.07382871901163968,-0.07489231779604197,-0.07281194886857928,3.0
reach-wall,fresh,random_isotropic_B5,visual,donor_reconstruction,100,100,-0.0026407659710782306,-0.0028298562041521053,-0.002454541949787818,4.0
reach-wall,fresh,random_isotropic_B5,visual,donor_reconstruction,100,100,-0.00142601674946075,-0.0018908729498997303,-0.0009657070237047418,6.0
reach-wall,fresh,random_off_range_B0,official,donor_reconstruction,100,100,-0.025747715096108733,-0.02669253661363261,-0.024844432423408412,3.0
reach-wall,fresh,random_off_range_B0,official,donor_reconstruction,100,100,-0.0049586092863373584,-0.0053325442713657275,-0.0045921933488872165,4.0
reach-wall,fresh,random_off_range_B0,official,donor_reconstruction,100,100,-0.0036951639843300498,-0.004082223595968031,-0.0033085743058239997,6.0
reach-wall,fresh,random_off_range_B0,proprio,donor_reconstruction,100,100,-0.022335532765354608,-0.023876953645083684,-0.020818283005705488,3.0
reach-wall,fresh,random_off_range_B0,proprio,donor_reconstruction,100,100,-0.005671828882469158,-0.00624992158107429,-0.005107244170019476,4.0
reach-wall,fresh,random_off_range_B0,proprio,donor_reconstruction,100,100,-0.005184360072415553,-0.005802298061494015,-0.004569580447282999,6.0
reach-wall,fresh,random_off_range_B0,visual,donor_reconstruction,100,100,-0.02575575542872464,-0.02670074151541844,-0.02485254445782707,3.0
reach-wall,fresh,random_off_range_B0,visual,donor_reconstruction,100,100,-0.00495691560886532,-0.005330968736780159,-0.004590915015525999,4.0
reach-wall,fresh,random_off_range_B0,visual,donor_reconstruction,100,100,-0.003691710368310944,-0.004078605347834786,-0.0033049721416199104,6.0
reach-wall,fresh,random_off_range_B1,official,donor_reconstruction,100,100,-0.016133663105525324,-0.01700682197631209,-0.015254296407062802,3.0
reach-wall,fresh,random_off_range_B1,official,donor_reconstruction,100,100,-0.00224872528883125,-0.002599542142046623,-0.0019024154889868386,4.0
reach-wall,fresh,random_off_range_B1,official,donor_reconstruction,100,100,-0.001947048656244007,-0.002354742522901086,-0.0015397643762678377,6.0
reach-wall,fresh,random_off_range_B1,proprio,donor_reconstruction,100,100,-0.030070562062027708,-0.0324070237140288,-0.027786332717761063,3.0
reach-wall,fresh,random_off_range_B1,proprio,donor_reconstruction,100,100,-0.00405768603600187,-0.004777613557153514,-0.0033487936057541357,4.0
reach-wall,fresh,random_off_range_B1,proprio,donor_reconstruction,100,100,-0.0034030570870021894,-0.004147971956581069,-0.0026605240422380937,6.0
reach-wall,fresh,random_off_range_B1,visual,donor_reconstruction,100,100,-0.016101320207091853,-0.01697514973051299,-0.015222583780733415,3.0
reach-wall,fresh,random_off_range_B1,visual,donor_reconstruction,100,100,-0.002244480507117157,-0.002595466167000992,-0.0018980240471657428,4.0
reach-wall,fresh,random_off_range_B1,visual,donor_reconstruction,100,100,-0.0019437583317509232,-0.002350996160472812,-0.001536360034934529,6.0
reach-wall,fresh,random_off_range_B2,official,donor_reconstruction,100,100,-0.01704600368331322,-0.017940231633149336,-0.016179438153209436,3.0
reach-wall,fresh,random_off_range_B2,official,donor_reconstruction,100,100,-0.001099354117364406,-0.0013981262115707654,-0.0008054895530800022,4.0
reach-wall,fresh,random_off_range_B2,official,donor_reconstruction,100,100,-0.0010910314778172514,-0.0015239350536418216,-0.0006609205668348991,6.0
reach-wall,fresh,random_off_range_B2,proprio,donor_reconstruction,100,100,-0.021619895866684006,-0.023590808149924227,-0.019629624288561447,3.0
reach-wall,fresh,random_off_range_B2,proprio,donor_reconstruction,100,100,-0.0018937397230829101,-0.00256800268258646,-0.0012141652127193752,4.0
reach-wall,fresh,random_off_range_B2,proprio,donor_reconstruction,100,100,-0.0017720886777380885,-0.002509965472215571,-0.0010121349210344421,6.0
reach-wall,fresh,random_off_range_B2,visual,donor_reconstruction,100,100,-0.017035420815403258,-0.017931491614692367,-0.01616917483398021,3.0
reach-wall,fresh,random_off_range_B2,visual,donor_reconstruction,100,100,-0.0010974628377345174,-0.0013961783180149049,-0.0008038212309632335,4.0
reach-wall,fresh,random_off_range_B2,visual,donor_reconstruction,100,100,-0.0010894665653377756,-0.0015220835329262637,-0.0006598866079321155,6.0
reach-wall,fresh,random_off_range_B3,official,donor_reconstruction,100,100,-0.026413501979346336,-0.02722864698572455,-0.02561248839093361,3.0
reach-wall,fresh,random_off_range_B3,official,donor_reconstruction,100,100,-0.0010153940448441312,-0.00129935864525699,-0.0007333762070912651,4.0
reach-wall,fresh,random_off_range_B3,official,donor_reconstruction,100,100,-0.0008593029821264919,-0.0014456473149151142,-0.0002800893354930362,6.0
reach-wall,fresh,random_off_range_B3,proprio,donor_reconstruction,100,100,-0.06146900740188212,-0.06480295131495976,-0.058172904888900714,3.0
reach-wall,fresh,random_off_range_B3,proprio,donor_reconstruction,100,100,-0.005088182705904717,-0.006163575095303297,-0.004032306396697792,4.0
reach-wall,fresh,random_off_range_B3,proprio,donor_reconstruction,100,100,-0.00390414144193299,-0.00506633219642406,-0.0027490480211550396,6.0
reach-wall,fresh,random_off_range_B3,visual,donor_reconstruction,100,100,-0.026331985411381133,-0.027148935252191978,-0.025531839776295032,3.0
reach-wall,fresh,random_off_range_B3,visual,donor_reconstruction,100,100,-0.0010057841504180199,-0.0012888229659356802,-0.0007239358391235974,4.0
reach-wall,fresh,random_off_range_B3,visual,donor_reconstruction,100,100,-0.0008523723036498498,-0.0014378258499077132,-0.000273458711765934,6.0
reach-wall,fresh,random_off_range_B4,official,donor_reconstruction,100,100,-0.047049264667185044,-0.047776287104835204,-0.04633404573309601,3.0
reach-wall,fresh,random_off_range_B4,official,donor_reconstruction,100,100,-0.0029232614657974687,-0.00334347506081535,-0.002509173167666075,4.0
reach-wall,fresh,random_off_range_B4,official,donor_reconstruction,100,100,-0.004145916580741376,-0.004978914239209942,-0.003305756725674394,6.0
reach-wall,fresh,random_off_range_B4,proprio,donor_reconstruction,100,100,-0.30330532755236717,-0.31139467587514696,-0.29534955248704897,3.0
reach-wall,fresh,random_off_range_B4,proprio,donor_reconstruction,100,100,-0.029770916729843465,-0.03187136951234831,-0.027692365807563065,4.0
reach-wall,fresh,random_off_range_B4,proprio,donor_reconstruction,100,100,-0.02093761046612372,-0.022798038874640655,-0.0190736094893085,6.0
reach-wall,fresh,random_off_range_B4,visual,donor_reconstruction,100,100,-0.04645213019267176,-0.047172682109352576,-0.04574109292125822,3.0
reach-wall,fresh,random_off_range_B4,visual,donor_reconstruction,100,100,-0.002859769439840738,-0.0032787314860450467,-0.002446562410553882,4.0
reach-wall,fresh,random_off_range_B4,visual,donor_reconstruction,100,100,-0.004107394753534512,-0.00493960891526929,-0.0032684113857601054,6.0
reach-wall,fresh,random_off_range_B5,official,donor_reconstruction,100,100,-0.07653385968536847,-0.07764349359015767,-0.07547462152810369,3.0
reach-wall,fresh,random_off_range_B5,official,donor_reconstruction,100,100,-0.0027525142011363014,-0.0029476117758347694,-0.0025611833245486643,4.0
reach-wall,fresh,random_off_range_B5,official,donor_reconstruction,100,100,-0.0015174813882514605,-0.0019975586695449893,-0.0010452432516284667,6.0
reach-wall,fresh,random_off_range_B5,proprio,donor_reconstruction,100,100,-0.03213155049638213,-0.03414870580092978,-0.030107119145849997,3.0
reach-wall,fresh,random_off_range_B5,proprio,donor_reconstruction,100,100,-0.0033502984878672347,-0.003941804955259556,-0.002757884500844778,4.0
reach-wall,fresh,random_off_range_B5,proprio,donor_reconstruction,100,100,-0.0024298021676348158,-0.003203325361213629,-0.0016867356256100112,6.0
reach-wall,fresh,random_off_range_B5,visual,donor_reconstruction,100,100,-0.07663777773504508,-0.07774749567309538,-0.07557720975344034,3.0
reach-wall,fresh,random_off_range_B5,visual,donor_reconstruction,100,100,-0.002751096169735059,-0.0029459260940214458,-0.0025599243356854906,4.0
reach-wall,fresh,random_off_range_B5,visual,donor_reconstruction,100,100,-0.0015154249889087013,-0.0019958186915275985,-0.0010433538910185934,6.0
reach-wall,fresh,random_range_B0,official,donor_reconstruction,100,100,-0.0343998404266461,-0.03639689280327215,-0.0323818544234151,3.0
reach-wall,fresh,random_range_B0,official,donor_reconstruction,100,100,-0.00556977657477671,-0.00617648625450903,-0.004952363016100899,4.0
reach-wall,fresh,random_range_B0,official,donor_reconstruction,100,100,-0.004852923869039702,-0.005501052667877418,-0.004205932500773436,6.0
reach-wall,fresh,random_range_B0,proprio,donor_reconstruction,100,100,-0.02635452918329574,-0.028040340440504262,-0.024715397101529406,3.0
reach-wall,fresh,random_range_B0,proprio,donor_reconstruction,100,100,-0.006772068100899889,-0.007504803756559637,-0.006046028855167835,4.0
reach-wall,fresh,random_range_B0,proprio,donor_reconstruction,100,100,-0.007592958450493391,-0.008514402515624915,-0.0066810161258042304,6.0
reach-wall,fresh,random_range_B0,visual,donor_reconstruction,100,100,-0.03441874703105776,-0.03642045826143018,-0.032397296719912934,3.0
reach-wall,fresh,random_range_B0,visual,donor_reconstruction,100,100,-0.005566899558067745,-0.006173537465981025,-0.004948935584701385,4.0
reach-wall,fresh,random_range_B0,visual,donor_reconstruction,100,100,-0.004846552807500403,-0.005495067783426501,-0.004199614431558087,6.0
reach-wall,fresh,random_range_B1,official,donor_reconstruction,100,100,-0.05399424523485106,-0.05791603887832668,-0.05013432347720577,3.0
reach-wall,fresh,random_range_B1,official,donor_reconstruction,100,100,-0.00711082454228279,-0.00827851583753226,-0.0059538956430259735,4.0
reach-wall,fresh,random_range_B1,official,donor_reconstruction,100,100,-0.005837351568594047,-0.007121886915137595,-0.004549122671986862,6.0
reach-wall,fresh,random_range_B1,proprio,donor_reconstruction,100,100,-0.07553882826039103,-0.07956441332974153,-0.07160779829034747,3.0
reach-wall,fresh,random_range_B1,proprio,donor_reconstruction,100,100,-0.010150502483895976,-0.011674596953321813,-0.008686571872387609,4.0
reach-wall,fresh,random_range_B1,proprio,donor_reconstruction,100,100,-0.010336795811763095,-0.012238202524351495,-0.008447994433045662,6.0
reach-wall,fresh,random_range_B1,visual,donor_reconstruction,100,100,-0.053944156151252226,-0.05786754001590572,-0.05008433909270494,3.0
reach-wall,fresh,random_range_B1,visual,donor_reconstruction,100,100,-0.007103691183276719,-0.0082724982185344,-0.005946778237163272,4.0
reach-wall,fresh,random_range_B1,visual,donor_reconstruction,100,100,-0.005826997703518308,-0.007110759820288773,-0.004538271133824966,6.0
reach-wall,fresh,random_range_B2,official,donor_reconstruction,100,100,-0.029983635352351476,-0.03259942868475487,-0.02739592873745603,3.0
reach-wall,fresh,random_range_B2,official,donor_reconstruction,100,100,-0.003301093279012165,-0.004136931145461195,-0.0024765497983932046,4.0
reach-wall,fresh,random_range_B2,official,donor_reconstruction,100,100,-0.0029152894191565902,-0.0038325412165170374,-0.001989945131775405,6.0
reach-wall,fresh,random_range_B2,proprio,donor_reconstruction,100,100,-0.02833513953419404,-0.030919559122985746,-0.02569092053645711,3.0
reach-wall,fresh,random_range_B2,proprio,donor_reconstruction,100,100,-0.003544835954504323,-0.0045469487636629145,-0.0025474919476016333,4.0
reach-wall,fresh,random_range_B2,proprio,donor_reconstruction,100,100,-0.004046647901714046,-0.005343375299627669,-0.002777832941364223,6.0
reach-wall,fresh,random_range_B2,visual,donor_reconstruction,100,100,-0.029987525426734028,-0.032605765599519936,-0.02739556939331819,3.0
reach-wall,fresh,random_range_B2,visual,donor_reconstruction,100,100,-0.0033005047101690743,-0.00413673405495798,-0.0024758278173998434,4.0
reach-wall,fresh,random_range_B2,visual,donor_reconstruction,100,100,-0.002912683566889348,-0.0038295028242155767,-0.0019878022963311297,6.0
reach-wall,fresh,random_range_B3,official,donor_reconstruction,100,100,-0.015270548151888864,-0.016450558422939236,-0.014099080572957372,3.0
reach-wall,fresh,random_range_B3,official,donor_reconstruction,100,100,-0.0009838700877707318,-0.0013513963004728729,-0.0006177647326294271,4.0
reach-wall,fresh,random_range_B3,official,donor_reconstruction,100,100,-0.0010906447935303998,-0.0017092177225550397,-0.0004896097409006259,6.0
reach-wall,fresh,random_range_B3,proprio,donor_reconstruction,100,100,-0.04834428987691842,-0.05247815705711425,-0.044193732262794716,3.0
reach-wall,fresh,random_range_B3,proprio,donor_reconstruction,100,100,-0.004331737899720256,-0.005386999674429137,-0.003259109589939787,4.0
reach-wall,fresh,random_range_B3,proprio,donor_reconstruction,100,100,-0.0033822449007581603,-0.004528320814379832,-0.002243786598238266,6.0
reach-wall,fresh,random_range_B3,visual,donor_reconstruction,100,100,-0.01519347272921641,-0.016378919999632174,-0.014017066290054758,3.0
reach-wall,fresh,random_range_B3,visual,donor_reconstruction,100,100,-0.000975988760383214,-0.001343004787261185,-0.0006101779528973209,4.0
reach-wall,fresh,random_range_B3,visual,donor_reconstruction,100,100,-0.001085420950745586,-0.0017034298439243432,-0.00048498257424979356,6.0
reach-wall,fresh,random_range_B4,official,donor_reconstruction,100,100,-0.016726156197216163,-0.017092497612914308,-0.016362673322299633,3.0
reach-wall,fresh,random_range_B4,official,donor_reconstruction,100,100,-0.002377381103530365,-0.002901495406606608,-0.001850118249375747,4.0
reach-wall,fresh,random_range_B4,official,donor_reconstruction,100,100,-0.00776124598370272,-0.009084407774621835,-0.006443746781685013,6.0
reach-wall,fresh,random_range_B4,proprio,donor_reconstruction,100,100,-0.37691211020575643,-0.3865455252733405,-0.36754093489822204,3.0
reach-wall,fresh,random_range_B4,proprio,donor_reconstruction,100,100,-0.03516269794500595,-0.03757245489793201,-0.032760103820615,4.0
reach-wall,fresh,random_range_B4,proprio,donor_reconstruction,100,100,-0.02883693813386661,-0.031466344932345576,-0.02624189370453574,6.0
reach-wall,fresh,random_range_B4,visual,donor_reconstruction,100,100,-0.01588577131028758,-0.016238763303978956,-0.0155344849135958,3.0
reach-wall,fresh,random_range_B4,visual,donor_reconstruction,100,100,-0.002299593459922078,-0.0028201309593215975,-0.0017762730212507176,4.0
reach-wall,fresh,random_range_B4,visual,donor_reconstruction,100,100,-0.007712685883679841,-0.009034047139519136,-0.006397717057663092,6.0
reach-wall,fresh,random_range_B5,official,donor_reconstruction,100,100,-0.020720856472344115,-0.020998822779856985,-0.020451624303462305,3.0
reach-wall,fresh,random_range_B5,official,donor_reconstruction,100,100,-0.0007599924156585125,-0.0008567473500925959,-0.0006632435148112054,4.0
reach-wall,fresh,random_range_B5,official,donor_reconstruction,100,100,-0.0004342508989440119,-0.0006750449820851722,-0.0001926470900798211,6.0
reach-wall,fresh,random_range_B5,proprio,donor_reconstruction,100,100,-0.012395908290318619,-0.013727439896557874,-0.0111094904772615,3.0
reach-wall,fresh,random_range_B5,proprio,donor_reconstruction,100,100,-0.00115334912967897,-0.0014862357436822805,-0.0008267774041326647,4.0
reach-wall,fresh,random_range_B5,proprio,donor_reconstruction,100,100,-0.0008741553767011934,-0.0013161439579170747,-0.0004405333483758467,6.0
reach-wall,fresh,random_range_B5,visual,donor_reconstruction,100,100,-0.020740328983346767,-0.02101890468011321,-0.020471740678181336,3.0
reach-wall,fresh,random_range_B5,visual,donor_reconstruction,100,100,-0.0007590599032744239,-0.0008557425730262776,-0.0006620914985296667,4.0
reach-wall,fresh,random_range_B5,visual,donor_reconstruction,100,100,-0.00043324854919399747,-0.000673853165382784,-0.00019166122085859748,6.0
reach-wall,fresh,zero_capture,official,donor_reconstruction,100,100,0.0,0.0,0.0,3.0
reach-wall,fresh,zero_capture,official,donor_reconstruction,100,100,0.0,0.0,0.0,4.0
reach-wall,fresh,zero_capture,official,donor_reconstruction,100,100,0.0,0.0,0.0,6.0
reach-wall,fresh,zero_capture,proprio,donor_reconstruction,100,100,0.0,0.0,0.0,3.0
reach-wall,fresh,zero_capture,proprio,donor_reconstruction,100,100,0.0,0.0,0.0,4.0
reach-wall,fresh,zero_capture,proprio,donor_reconstruction,100,100,0.0,0.0,0.0,6.0
reach-wall,fresh,zero_capture,visual,donor_reconstruction,100,100,0.0,0.0,0.0,3.0
reach-wall,fresh,zero_capture,visual,donor_reconstruction,100,100,0.0,0.0,0.0,4.0
reach-wall,fresh,zero_capture,visual,donor_reconstruction,100,100,0.0,0.0,0.0,6.0
reach-wall,original,all_blocks_h3_donor,official,donor_reconstruction,100,100,1.0,1.0,1.0000000000000002,3.0
reach-wall,original,all_blocks_h3_donor,official,donor_reconstruction,100,100,0.4670695841015069,0.4632609431763145,0.4708144734901835,4.0
reach-wall,original,all_blocks_h3_donor,official,donor_reconstruction,100,100,0.5116909090567026,0.5082404099187785,0.5150264916485459,6.0
reach-wall,original,all_blocks_h3_donor,proprio,donor_reconstruction,100,100,1.0,1.0,1.0000000000000002,3.0
reach-wall,original,all_blocks_h3_donor,proprio,donor_reconstruction,100,100,0.5450594813964482,0.5418105757239606,0.5483279812439532,4.0
reach-wall,original,all_blocks_h3_donor,proprio,donor_reconstruction,100,100,0.6219971029490029,0.6188595102145691,0.62514582139535,6.0
reach-wall,original,all_blocks_h3_donor,visual,donor_reconstruction,100,100,1.0,1.0,1.0000000000000002,3.0
reach-wall,original,all_blocks_h3_donor,visual,donor_reconstruction,100,100,0.46688301185933867,0.4630717339205927,0.47063228034799104,4.0
reach-wall,original,all_blocks_h3_donor,visual,donor_reconstruction,100,100,0.5114356573648485,0.5079822360394225,0.5147717331885436,6.0
reach-wall,original,all_blocks_persistent_donor,official,donor_reconstruction,100,100,1.0,1.0,1.0000000000000002,3.0
reach-wall,original,all_blocks_persistent_donor,official,donor_reconstruction,100,100,1.0,1.0,1.0000000000000002,4.0
reach-wall,original,all_blocks_persistent_donor,official,donor_reconstruction,100,100,1.0,1.0,1.0000000000000002,6.0
reach-wall,original,all_blocks_persistent_donor,proprio,donor_reconstruction,100,100,1.0,1.0,1.0000000000000002,3.0
reach-wall,original,all_blocks_persistent_donor,proprio,donor_reconstruction,100,100,1.0,1.0,1.0000000000000002,4.0
reach-wall,original,all_blocks_persistent_donor,proprio,donor_reconstruction,100,100,1.0,1.0,1.0000000000000002,6.0
reach-wall,original,all_blocks_persistent_donor,visual,donor_reconstruction,100,100,1.0,1.0,1.0000000000000002,3.0
reach-wall,original,all_blocks_persistent_donor,visual,donor_reconstruction,100,100,1.0,1.0,1.0000000000000002,4.0
reach-wall,original,all_blocks_persistent_donor,visual,donor_reconstruction,100,100,1.0,1.0,1.0000000000000002,6.0
reach-wall,original,coherent_raw_h3,official,donor_reconstruction,100,100,1.0,1.0,1.0000000000000002,3.0
reach-wall,original,coherent_raw_h3,official,donor_reconstruction,100,100,1.0,1.0,1.0000000000000002,4.0
reach-wall,original,coherent_raw_h3,official,donor_reconstruction,100,100,1.0,1.0,1.0000000000000002,6.0
reach-wall,original,coherent_raw_h3,proprio,donor_reconstruction,100,100,1.0,1.0,1.0000000000000002,3.0
reach-wall,original,coherent_raw_h3,proprio,donor_reconstruction,100,100,1.0,1.0,1.0000000000000002,4.0
reach-wall,original,coherent_raw_h3,proprio,donor_reconstruction,100,100,1.0,1.0,1.0000000000000002,6.0
reach-wall,original,coherent_raw_h3,visual,donor_reconstruction,100,100,1.0,1.0,1.0000000000000002,3.0
reach-wall,original,coherent_raw_h3,visual,donor_reconstruction,100,100,1.0,1.0,1.0000000000000002,4.0
reach-wall,original,coherent_raw_h3,visual,donor_reconstruction,100,100,1.0,1.0,1.0000000000000002,6.0
reach-wall,original,donor_h3_B0,official,donor_reconstruction,100,100,0.32029622887713055,0.31824405818994494,0.3223666399786963,3.0
reach-wall,original,donor_h3_B0,official,donor_reconstruction,100,100,0.09525297141557836,0.09401281277752324,0.0964957654942813,4.0
reach-wall,original,donor_h3_B0,official,donor_reconstruction,100,100,0.07973504337196102,0.07856044806951105,0.08093004525838081,6.0
reach-wall,original,donor_h3_B0,proprio,donor_reconstruction,100,100,0.06468821813398931,0.06218238981929679,0.06724467123978384,3.0
reach-wall,original,donor_h3_B0,proprio,donor_reconstruction,100,100,0.08196757622212843,0.08071936264574953,0.08323739805566346,4.0
reach-wall,original,donor_h3_B0,proprio,donor_reconstruction,100,100,0.1073672642828067,0.10589077886107598,0.10883744045507746,6.0
reach-wall,original,donor_h3_B0,visual,donor_reconstruction,100,100,0.3208965284930079,0.3188438166178242,0.3229681402247393,3.0
reach-wall,original,donor_h3_B0,visual,donor_reconstruction,100,100,0.09528459807472858,0.09404346328219047,0.0965284879006073,4.0
reach-wall,original,donor_h3_B0,visual,donor_reconstruction,100,100,0.07967104465658181,0.07849560580984892,0.0808663071061196,6.0
reach-wall,original,donor_h3_B1,official,donor_reconstruction,100,100,0.6183317609822994,0.6164512657887549,0.6201816901090335,3.0
reach-wall,original,donor_h3_B1,official,donor_reconstruction,100,100,0.24220344074474867,0.2399526101406521,0.2444473721404628,4.0
reach-wall,original,donor_h3_B1,official,donor_reconstruction,100,100,0.2368624104463423,0.2347926138599614,0.2389143816271539,6.0
reach-wall,original,donor_h3_B1,proprio,donor_reconstruction,100,100,0.4921717560352677,0.4892002977795322,0.4950904188665231,3.0
reach-wall,original,donor_h3_B1,proprio,donor_reconstruction,100,100,0.28951073638551095,0.2875867751837089,0.2914161830189258,4.0
reach-wall,original,donor_h3_B1,proprio,donor_reconstruction,100,100,0.3060158189583108,0.30392989958416006,0.30808355779646596,6.0
reach-wall,original,donor_h3_B1,visual,donor_reconstruction,100,100,0.6186278190638684,0.6167494271770624,0.6204773215229986,3.0
reach-wall,original,donor_h3_B1,visual,donor_reconstruction,100,100,0.2420903552996846,0.23983736691157165,0.2443357210480426,4.0
reach-wall,original,donor_h3_B1,visual,donor_reconstruction,100,100,0.2367024222293105,0.23463015783035046,0.2387553816042471,6.0
reach-wall,original,donor_h3_B2,official,donor_reconstruction,100,100,0.3610972713868502,0.3577189891611091,0.3645064793411353,3.0
reach-wall,original,donor_h3_B2,official,donor_reconstruction,100,100,0.09628465932973257,0.093865637858346,0.098719272391938,4.0
reach-wall,original,donor_h3_B2,official,donor_reconstruction,100,100,0.09506198818570556,0.09290450324252203,0.0972610273236556,6.0
reach-wall,original,donor_h3_B2,proprio,donor_reconstruction,100,100,0.17288061177634367,0.16762338551368483,0.1780665398159557,3.0
reach-wall,original,donor_h3_B2,proprio,donor_reconstruction,100,100,0.09496758128216236,0.09227160032723793,0.09766405163723099,4.0
reach-wall,original,donor_h3_B2,proprio,donor_reconstruction,100,100,0.1258420515741296,0.12315046785729396,0.1285626119323256,6.0
reach-wall,original,donor_h3_B2,visual,donor_reconstruction,100,100,0.36153937620870297,0.35816085047938506,0.36494947440331327,3.0
reach-wall,original,donor_h3_B2,visual,donor_reconstruction,100,100,0.096287732028075,0.09386859102710145,0.09872390676293126,4.0
reach-wall,original,donor_h3_B2,visual,donor_reconstruction,100,100,0.09499075784456862,0.09283405214004074,0.097188941698502,6.0
reach-wall,original,donor_h3_B3,official,donor_reconstruction,100,100,0.17397380597692455,0.17270250966022807,0.1752372219624473,3.0
reach-wall,original,donor_h3_B3,official,donor_reconstruction,100,100,0.03081487698492156,0.030212232877722612,0.03143673441589617,4.0
reach-wall,original,donor_h3_B3,official,donor_reconstruction,100,100,0.007543887467679021,0.006678038274900945,0.008396310634734087,6.0
reach-wall,original,donor_h3_B3,proprio,donor_reconstruction,100,100,-0.18253206707439928,-0.18621935519063054,-0.17883346387025192,3.0
reach-wall,original,donor_h3_B3,proprio,donor_reconstruction,100,100,-0.02662761138224889,-0.027689196634463363,-0.02557219110327884,4.0
reach-wall,original,donor_h3_B3,proprio,donor_reconstruction,100,100,-0.01743031063806556,-0.018741038832832405,-0.016144032883144532,6.0
reach-wall,original,donor_h3_B3,visual,donor_reconstruction,100,100,0.17481140624302566,0.17353869886249368,0.17607522699004732,3.0
reach-wall,original,donor_h3_B3,visual,donor_reconstruction,100,100,0.030952152004768526,0.030348126895522194,0.03157375562167138,4.0
reach-wall,original,donor_h3_B3,visual,donor_reconstruction,100,100,0.00760162282349039,0.006736038960522789,0.008453849930732933,6.0
reach-wall,original,donor_h3_B4,official,donor_reconstruction,100,100,0.0350802427871034,0.034709814313338055,0.03546980053454797,3.0
reach-wall,original,donor_h3_B4,official,donor_reconstruction,100,100,0.05712296527046148,0.05621808708543883,0.05801044491514881,4.0
reach-wall,original,donor_h3_B4,official,donor_reconstruction,100,100,0.1358807322571132,0.13386011337571757,0.13789872454463706,6.0
reach-wall,original,donor_h3_B4,proprio,donor_reconstruction,100,100,0.5991528215263681,0.5927992297109426,0.6053076134072101,3.0
reach-wall,original,donor_h3_B4,proprio,donor_reconstruction,100,100,0.17904854492769368,0.17583850935091444,0.18221021239530844,4.0
reach-wall,original,donor_h3_B4,proprio,donor_reconstruction,100,100,0.21012623185643278,0.20674826601480803,0.2134318179698182,6.0
reach-wall,original,donor_h3_B4,visual,donor_reconstruction,100,100,0.03375448400596006,0.03338850231340205,0.034138132004652044,3.0
reach-wall,original,donor_h3_B4,visual,donor_reconstruction,100,100,0.05683165663154576,0.05592919562876225,0.05771654930059776,4.0
reach-wall,original,donor_h3_B4,visual,donor_reconstruction,100,100,0.13570894177048579,0.13368927882720083,0.13772493371727645,6.0
reach-wall,original,donor_h3_B5,official,donor_reconstruction,100,100,-0.005402342586819837,-0.0055248201542131906,-0.005279976943105194,3.0
reach-wall,original,donor_h3_B5,official,donor_reconstruction,100,100,0.005221790982142498,0.005103261902323391,0.005337666808975942,4.0
reach-wall,original,donor_h3_B5,official,donor_reconstruction,100,100,0.013006284673179914,0.012748709554459997,0.01325937987535494,6.0
reach-wall,original,donor_h3_B5,proprio,donor_reconstruction,100,100,0.008348719284043862,0.007113462416320163,0.009605902204404389,3.0
reach-wall,original,donor_h3_B5,proprio,donor_reconstruction,100,100,0.007626529047121951,0.007221278880541026,0.00803973886755557,4.0
reach-wall,original,donor_h3_B5,proprio,donor_reconstruction,100,100,0.018123199966975537,0.01772655780837463,0.01851646978500251,6.0
reach-wall,original,donor_h3_B5,visual,donor_reconstruction,100,100,-0.005434827881163804,-0.005558625394952287,-0.0053111536788051465,3.0
reach-wall,original,donor_h3_B5,visual,donor_reconstruction,100,100,0.005216017094267793,0.005097765116756677,0.005331645300885187,4.0
reach-wall,original,donor_h3_B5,visual,donor_reconstruction,100,100,0.01299445399104199,0.012737065350499439,0.013247461993255858,6.0
reach-wall,original,donor_persistent_B0,official,donor_reconstruction,100,100,0.32029622887713055,0.31824405818994494,0.3223666399786963,3.0
reach-wall,original,donor_persistent_B0,official,donor_reconstruction,100,100,0.24887192177606188,0.24690081680707593,0.25081252529979176,4.0
reach-wall,original,donor_persistent_B0,official,donor_reconstruction,100,100,0.20117407195449866,0.19903049226269345,0.2033128249647521,6.0
reach-wall,original,donor_persistent_B0,proprio,donor_reconstruction,100,100,0.06468821813398931,0.06218238981929679,0.06724467123978384,3.0
reach-wall,original,donor_persistent_B0,proprio,donor_reconstruction,100,100,0.24802425910902248,0.24576837630215126,0.2502794327455319,4.0
reach-wall,original,donor_persistent_B0,proprio,donor_reconstruction,100,100,0.2647527627371318,0.2623452733681596,0.2671936640559616,6.0
reach-wall,original,donor_persistent_B0,visual,donor_reconstruction,100,100,0.3208965284930079,0.3188438166178242,0.3229681402247393,3.0
reach-wall,original,donor_persistent_B0,visual,donor_reconstruction,100,100,0.24887358931388018,0.24690074571931803,0.2508152058388876,4.0
reach-wall,original,donor_persistent_B0,visual,donor_reconstruction,100,100,0.20102688677512037,0.19888264841186823,0.20316684384583905,6.0
reach-wall,original,donor_persistent_B1,official,donor_reconstruction,100,100,0.6183317609822994,0.6164512657887549,0.6201816901090335,3.0
reach-wall,original,donor_persistent_B1,official,donor_reconstruction,100,100,0.7649683397825388,0.762876270544196,0.7670388868934411,4.0
reach-wall,original,donor_persistent_B1,official,donor_reconstruction,100,100,0.7316349227039106,0.7292293152700229,0.7340054912963245,6.0
reach-wall,original,donor_persistent_B1,proprio,donor_reconstruction,100,100,0.4921717560352677,0.4892002977795322,0.4950904188665231,3.0
reach-wall,original,donor_persistent_B1,proprio,donor_reconstruction,100,100,0.8324052060715527,0.8309843819808027,0.8338000690462085,4.0
reach-wall,original,donor_persistent_B1,proprio,donor_reconstruction,100,100,0.7946508251796057,0.7928868245805899,0.7963523081411651,6.0
reach-wall,original,donor_persistent_B1,visual,donor_reconstruction,100,100,0.6186278190638684,0.6167494271770624,0.6204773215229986,3.0
reach-wall,original,donor_persistent_B1,visual,donor_reconstruction,100,100,0.7648069394916963,0.7627119516720461,0.766881165769053,4.0
reach-wall,original,donor_persistent_B1,visual,donor_reconstruction,100,100,0.7314889640081407,0.7290807798893786,0.7338623369953597,6.0
reach-wall,original,donor_persistent_B2,official,donor_reconstruction,100,100,0.3610972713868502,0.3577189891611091,0.3645064793411353,3.0
reach-wall,original,donor_persistent_B2,official,donor_reconstruction,100,100,0.18961853376965163,0.18720817547091978,0.19209510102249,4.0
reach-wall,original,donor_persistent_B2,official,donor_reconstruction,100,100,0.17192848286286191,0.1697660266260105,0.17416100716292324,6.0
reach-wall,original,donor_persistent_B2,proprio,donor_reconstruction,100,100,0.17288061177634367,0.16762338551368483,0.1780665398159557,3.0
reach-wall,original,donor_persistent_B2,proprio,donor_reconstruction,100,100,0.18366517552153602,0.1808782873041637,0.18653696347463516,4.0
reach-wall,original,donor_persistent_B2,proprio,donor_reconstruction,100,100,0.2080041548703363,0.20529605215541274,0.21077390459035286,6.0
reach-wall,original,donor_persistent_B2,visual,donor_reconstruction,100,100,0.36153937620870297,0.35816085047938506,0.36494947440331327,3.0
reach-wall,original,donor_persistent_B2,visual,donor_reconstruction,100,100,0.18963277934583966,0.18722146966344333,0.19210792022603687,4.0
reach-wall,original,donor_persistent_B2,visual,donor_reconstruction,100,100,0.17184502532479656,0.1696837678499852,0.17407458773209641,6.0
reach-wall,original,donor_persistent_B3,official,donor_reconstruction,100,100,0.17397380597692455,0.17270250966022807,0.1752372219624473,3.0
reach-wall,original,donor_persistent_B3,official,donor_reconstruction,100,100,0.06166068474525108,0.06107219295645691,0.06226415924275653,4.0
reach-wall,original,donor_persistent_B3,official,donor_reconstruction,100,100,0.03564650219110956,0.03468515528736565,0.03659791203910451,6.0
reach-wall,original,donor_persistent_B3,proprio,donor_reconstruction,100,100,-0.18253206707439928,-0.18621935519063054,-0.17883346387025192,3.0
reach-wall,original,donor_persistent_B3,proprio,donor_reconstruction,100,100,0.01844312200549051,0.01728357935456587,0.019603214930088205,4.0
reach-wall,original,donor_persistent_B3,proprio,donor_reconstruction,100,100,0.017161763714062375,0.01574902582883463,0.01858094509161826,6.0
reach-wall,original,donor_persistent_B3,visual,donor_reconstruction,100,100,0.17481140624302566,0.17353869886249368,0.17607522699004732,3.0
reach-wall,original,donor_persistent_B3,visual,donor_reconstruction,100,100,0.06176399778779722,0.0611757338072888,0.062367605570381124,4.0
reach-wall,original,donor_persistent_B3,visual,donor_reconstruction,100,100,0.03568924122592167,0.03472794864808487,0.03664022671723744,6.0
reach-wall,original,donor_persistent_B4,official,donor_reconstruction,100,100,0.0350802427871034,0.034709814313338055,0.03546980053454797,3.0
reach-wall,original,donor_persistent_B4,official,donor_reconstruction,100,100,0.05816555015469261,0.05724767819122575,0.05906834152424171,4.0
reach-wall,original,donor_persistent_B4,official,donor_reconstruction,100,100,0.14089572238909595,0.13880372890020073,0.1429793476151647,6.0
reach-wall,original,donor_persistent_B4,proprio,donor_reconstruction,100,100,0.5991528215263681,0.5927992297109426,0.6053076134072101,3.0
reach-wall,original,donor_persistent_B4,proprio,donor_reconstruction,100,100,0.19189915717580674,0.18857096391765166,0.19518507116707193,4.0
reach-wall,original,donor_persistent_B4,proprio,donor_reconstruction,100,100,0.21902600842535438,0.21553492186507972,0.22244186870558896,6.0
reach-wall,original,donor_persistent_B4,visual,donor_reconstruction,100,100,0.03375448400596006,0.03338850231340205,0.034138132004652044,3.0
reach-wall,original,donor_persistent_B4,visual,donor_reconstruction,100,100,0.0578460252136737,0.05693134178158316,0.05874412314084956,4.0
reach-wall,original,donor_persistent_B4,visual,donor_reconstruction,100,100,0.14071494380568494,0.13862527038560635,0.1427947668078022,6.0
reach-wall,original,donor_persistent_B5,official,donor_reconstruction,100,100,-0.005402342586819837,-0.0055248201542131906,-0.005279976943105194,3.0
reach-wall,original,donor_persistent_B5,official,donor_reconstruction,100,100,0.0052191657169159775,0.005101447424874486,0.005334697178054228,4.0
reach-wall,original,donor_persistent_B5,official,donor_reconstruction,100,100,0.012890105774324994,0.012630100408443853,0.013147740354145501,6.0
reach-wall,original,donor_persistent_B5,proprio,donor_reconstruction,100,100,0.008348719284043862,0.007113462416320163,0.009605902204404389,3.0
reach-wall,original,donor_persistent_B5,proprio,donor_reconstruction,100,100,0.007039368710253276,0.006635820837633368,0.007451514527907461,4.0
reach-wall,original,donor_persistent_B5,proprio,donor_reconstruction,100,100,0.01795791836528411,0.017561012369491202,0.018353295406999204,6.0
reach-wall,original,donor_persistent_B5,visual,donor_reconstruction,100,100,-0.005434827881163804,-0.005558625394952287,-0.0053111536788051465,3.0
reach-wall,original,donor_persistent_B5,visual,donor_reconstruction,100,100,0.0052147898653961185,0.005097750362377167,0.0053298391670334195,4.0
reach-wall,original,donor_persistent_B5,visual,donor_reconstruction,100,100,0.012878388761484807,0.012618661290389774,0.013135792432042678,6.0
reach-wall,original,native,official,donor_reconstruction,100,100,0.0,0.0,0.0,3.0
reach-wall,original,native,official,donor_reconstruction,100,100,0.0,0.0,0.0,4.0
reach-wall,original,native,official,donor_reconstruction,100,100,0.0,0.0,0.0,6.0
reach-wall,original,native,proprio,donor_reconstruction,100,100,0.0,0.0,0.0,3.0
reach-wall,original,native,proprio,donor_reconstruction,100,100,0.0,0.0,0.0,4.0
reach-wall,original,native,proprio,donor_reconstruction,100,100,0.0,0.0,0.0,6.0
reach-wall,original,native,visual,donor_reconstruction,100,100,0.0,0.0,0.0,3.0
reach-wall,original,native,visual,donor_reconstruction,100,100,0.0,0.0,0.0,4.0
reach-wall,original,native,visual,donor_reconstruction,100,100,0.0,0.0,0.0,6.0
reach-wall,original,random_isotropic_B0,official,donor_reconstruction,100,100,-0.025976971019172984,-0.027079253879177725,-0.024893409755516183,3.0
reach-wall,original,random_isotropic_B0,official,donor_reconstruction,100,100,-0.004854991774419515,-0.005232297334660824,-0.004492884025683803,4.0
reach-wall,original,random_isotropic_B0,official,donor_reconstruction,100,100,-0.0038565968245711825,-0.004233509536401145,-0.0034816329611026503,6.0
reach-wall,original,random_isotropic_B0,proprio,donor_reconstruction,100,100,-0.019867164199925215,-0.02140403540960754,-0.018359592689901828,3.0
reach-wall,original,random_isotropic_B0,proprio,donor_reconstruction,100,100,-0.005132262621301209,-0.005683979563471278,-0.004588119993872547,4.0
reach-wall,original,random_isotropic_B0,proprio,donor_reconstruction,100,100,-0.005056849877512271,-0.0056190448140149086,-0.0045039500861255915,6.0
reach-wall,original,random_isotropic_B0,visual,donor_reconstruction,100,100,-0.02599131516819762,-0.027095621843913294,-0.024907757094441402,3.0
reach-wall,original,random_isotropic_B0,visual,donor_reconstruction,100,100,-0.00485431733127812,-0.005231124139962652,-0.004492187159663667,4.0
reach-wall,original,random_isotropic_B0,visual,donor_reconstruction,100,100,-0.0038538263776757087,-0.004230636023367948,-0.003478778286566579,6.0
reach-wall,original,random_isotropic_B1,official,donor_reconstruction,100,100,-0.01815374186384554,-0.01943546849750597,-0.016891888057413963,3.0
reach-wall,original,random_isotropic_B1,official,donor_reconstruction,100,100,-0.002390392671253594,-0.0028532863064485896,-0.0019501752962045656,4.0
reach-wall,original,random_isotropic_B1,official,donor_reconstruction,100,100,-0.0023506783528106532,-0.0028518259416455746,-0.0018649089041057859,6.0
reach-wall,original,random_isotropic_B1,proprio,donor_reconstruction,100,100,-0.03190245805102812,-0.03387227986174548,-0.029984303767731982,3.0
reach-wall,original,random_isotropic_B1,proprio,donor_reconstruction,100,100,-0.004362446691067942,-0.005074399437475844,-0.003659632842033111,4.0
reach-wall,original,random_isotropic_B1,proprio,donor_reconstruction,100,100,-0.003999292472387522,-0.004800299007113432,-0.0031980936330507593,6.0
reach-wall,original,random_isotropic_B1,visual,donor_reconstruction,100,100,-0.018121535810040702,-0.019403843439591992,-0.01685831441486394,3.0
reach-wall,original,random_isotropic_B1,visual,donor_reconstruction,100,100,-0.0023856870603597446,-0.0028489735688014424,-0.001945315755731189,4.0
reach-wall,original,random_isotropic_B1,visual,donor_reconstruction,100,100,-0.002346850189453712,-0.0028477176250367373,-0.0018605036345480173,6.0
reach-wall,original,random_isotropic_B2,official,donor_reconstruction,100,100,-0.017117249936497044,-0.018152526322535417,-0.01610678243247002,3.0
reach-wall,original,random_isotropic_B2,official,donor_reconstruction,100,100,-0.0005568099330191945,-0.0009332660271029187,-0.0001905694374979465,4.0
reach-wall,original,random_isotropic_B2,official,donor_reconstruction,100,100,-0.0001051272157035199,-0.0005869853219631125,0.0003712845228730638,6.0
reach-wall,original,random_isotropic_B2,proprio,donor_reconstruction,100,100,-0.020546781316057996,-0.022449208920898463,-0.018637249035533845,3.0
reach-wall,original,random_isotropic_B2,proprio,donor_reconstruction,100,100,-0.0015544230322533804,-0.002216913494235991,-0.0009083468544892313,4.0
reach-wall,original,random_isotropic_B2,proprio,donor_reconstruction,100,100,-0.0009345781116419482,-0.0016817747603531132,-0.0001997111209222292,6.0
reach-wall,original,random_isotropic_B2,visual,donor_reconstruction,100,100,-0.017109193094427492,-0.01814660910823329,-0.016097953683897,3.0
reach-wall,original,random_isotropic_B2,visual,donor_reconstruction,100,100,-0.0005544457891786924,-0.0009305177055042252,-0.00018831534370117843,4.0
reach-wall,original,random_isotropic_B2,visual,donor_reconstruction,100,100,-0.00010321448878808481,-0.0005850260105186495,0.0003730341158531046,6.0
reach-wall,original,random_isotropic_B3,official,donor_reconstruction,100,100,-0.026510595447247445,-0.027267223056046584,-0.025762561291097483,3.0
reach-wall,original,random_isotropic_B3,official,donor_reconstruction,100,100,-0.0011787069021871233,-0.0015308511192810117,-0.0008234144468129416,4.0
reach-wall,original,random_isotropic_B3,official,donor_reconstruction,100,100,-0.0012644804726859515,-0.0019097567860398,-0.0006194083093961207,6.0
reach-wall,original,random_isotropic_B3,proprio,donor_reconstruction,100,100,-0.06320383538771467,-0.06697893407580366,-0.059556368549094775,3.0
reach-wall,original,random_isotropic_B3,proprio,donor_reconstruction,100,100,-0.00603702739255177,-0.007224374051214412,-0.004863802570018501,4.0
reach-wall,original,random_isotropic_B3,proprio,donor_reconstruction,100,100,-0.004579912856965882,-0.00583155234604387,-0.0033512094711107554,6.0
reach-wall,original,random_isotropic_B3,visual,donor_reconstruction,100,100,-0.026424498428709472,-0.027179846604865627,-0.02567525581051286,3.0
reach-wall,original,random_isotropic_B3,visual,donor_reconstruction,100,100,-0.0011670705864170428,-0.0015176637722201381,-0.0008132492985454068,4.0
reach-wall,original,random_isotropic_B3,visual,donor_reconstruction,100,100,-0.0012567762472335065,-0.0019019503124990842,-0.0006123653509058194,6.0
reach-wall,original,random_isotropic_B4,official,donor_reconstruction,100,100,-0.04563420080048577,-0.04637939624358145,-0.044903971362877784,3.0
reach-wall,original,random_isotropic_B4,official,donor_reconstruction,100,100,-0.0031453105515492573,-0.0035259061134608567,-0.0027581599181277726,4.0
reach-wall,original,random_isotropic_B4,official,donor_reconstruction,100,100,-0.005168651931816052,-0.00601822224593736,-0.004319117668307464,6.0
reach-wall,original,random_isotropic_B4,proprio,donor_reconstruction,100,100,-0.30533585865864044,-0.3156962009442637,-0.2952598939637651,3.0
reach-wall,original,random_isotropic_B4,proprio,donor_reconstruction,100,100,-0.030639765400899566,-0.03270597589286601,-0.028568791849941516,4.0
reach-wall,original,random_isotropic_B4,proprio,donor_reconstruction,100,100,-0.021781565409377965,-0.023811919894763042,-0.019788560021171627,6.0
reach-wall,original,random_isotropic_B4,visual,donor_reconstruction,100,100,-0.04502504620686196,-0.04575877222279448,-0.044309553710423166,3.0
reach-wall,original,random_isotropic_B4,visual,donor_reconstruction,100,100,-0.003079686229017161,-0.003459201995696483,-0.0026945842738501976,4.0
reach-wall,original,random_isotropic_B4,visual,donor_reconstruction,100,100,-0.005130294875648761,-0.005977607549396916,-0.004282290087539679,6.0
reach-wall,original,random_isotropic_B5,official,donor_reconstruction,100,100,-0.07379668937090748,-0.07479475472783016,-0.07280110008057553,3.0
reach-wall,original,random_isotropic_B5,official,donor_reconstruction,100,100,-0.0027544451916160996,-0.0029454982650579907,-0.002569808873735223,4.0
reach-wall,original,random_isotropic_B5,official,donor_reconstruction,100,100,-0.0014525593435863581,-0.0019196871262738026,-0.000982749029746248,6.0
reach-wall,original,random_isotropic_B5,proprio,donor_reconstruction,100,100,-0.030894693615276195,-0.033043838964107265,-0.028801821871107056,3.0
reach-wall,original,random_isotropic_B5,proprio,donor_reconstruction,100,100,-0.0030825512190826164,-0.0036808776875989595,-0.0024972179955433786,4.0
reach-wall,original,random_isotropic_B5,proprio,donor_reconstruction,100,100,-0.002456983504700495,-0.0031811993996948324,-0.0017139741498345318,6.0
reach-wall,original,random_isotropic_B5,visual,donor_reconstruction,100,100,-0.0738978056369502,-0.07489837258150119,-0.0729003865126257,3.0
reach-wall,original,random_isotropic_B5,visual,donor_reconstruction,100,100,-0.0027536675648268004,-0.0029445797042454117,-0.0025692877333083914,4.0
reach-wall,original,random_isotropic_B5,visual,donor_reconstruction,100,100,-0.0014502869758927883,-0.0019168375734438632,-0.0009807736336452555,6.0
reach-wall,original,random_off_range_B0,official,donor_reconstruction,100,100,-0.02545013256744821,-0.026498476874385803,-0.02441960165626382,3.0
reach-wall,original,random_off_range_B0,official,donor_reconstruction,100,100,-0.004805767169065627,-0.005162794213884178,-0.00445741801823081,4.0
reach-wall,original,random_off_range_B0,official,donor_reconstruction,100,100,-0.003815220778898022,-0.004172290126242787,-0.0034552976428634465,6.0
reach-wall,original,random_off_range_B0,proprio,donor_reconstruction,100,100,-0.01990468996600663,-0.02142381362766884,-0.018402931633951975,3.0
reach-wall,original,random_off_range_B0,proprio,donor_reconstruction,100,100,-0.005135829656265351,-0.0056923020695426796,-0.004588097988242866,4.0
reach-wall,original,random_off_range_B0,proprio,donor_reconstruction,100,100,-0.004995288418027865,-0.005552093985431924,-0.004446202567674163,6.0
reach-wall,original,random_off_range_B0,visual,donor_reconstruction,100,100,-0.025463109387270658,-0.02651123906058091,-0.024430777784673056,3.0
reach-wall,original,random_off_range_B0,visual,donor_reconstruction,100,100,-0.004804953643583021,-0.005161548537669222,-0.004456346034443492,4.0
reach-wall,original,random_off_range_B0,visual,donor_reconstruction,100,100,-0.0038124874471265413,-0.00416946821769351,-0.003452666206956646,6.0
reach-wall,original,random_off_range_B1,official,donor_reconstruction,100,100,-0.01619313731689306,-0.01721075215522412,-0.015189442604499894,3.0
reach-wall,original,random_off_range_B1,official,donor_reconstruction,100,100,-0.0022681466909325676,-0.002665893118506599,-0.0018807627868241371,4.0
reach-wall,original,random_off_range_B1,official,donor_reconstruction,100,100,-0.0022057467334302737,-0.002627936709603706,-0.0017917811044307745,6.0
reach-wall,original,random_off_range_B1,proprio,donor_reconstruction,100,100,-0.029850125565649605,-0.031665714977543134,-0.028058532424147468,3.0
reach-wall,original,random_off_range_B1,proprio,donor_reconstruction,100,100,-0.004194697329198566,-0.004848193867919172,-0.0035419105510946553,4.0
reach-wall,original,random_off_range_B1,proprio,donor_reconstruction,100,100,-0.0037655504440730282,-0.004457069894958763,-0.0030726415657862487,6.0
reach-wall,original,random_off_range_B1,visual,donor_reconstruction,100,100,-0.01616109990758557,-0.01717886731941473,-0.015157415287265271,3.0
reach-wall,original,random_off_range_B1,visual,donor_reconstruction,100,100,-0.0022635416602057824,-0.0026610463310532927,-0.001876090813015557,4.0
reach-wall,original,random_off_range_B1,visual,donor_reconstruction,100,100,-0.002202129137394888,-0.0026240244540042157,-0.0017887361942461658,6.0
reach-wall,original,random_off_range_B2,official,donor_reconstruction,100,100,-0.01677430126553164,-0.01769207155938112,-0.015871137032554845,3.0
reach-wall,original,random_off_range_B2,official,donor_reconstruction,100,100,-0.0005683632366003055,-0.0008935080963562023,-0.0002456124091059679,4.0
reach-wall,original,random_off_range_B2,official,donor_reconstruction,100,100,-0.00012151062198947904,-0.0005600881385447826,0.0003150422363243007,6.0
reach-wall,original,random_off_range_B2,proprio,donor_reconstruction,100,100,-0.020513181888429665,-0.022456544708246054,-0.018588610166284207,3.0
reach-wall,original,random_off_range_B2,proprio,donor_reconstruction,100,100,-0.0015780006560803684,-0.0022403959159346654,-0.0009285855144461786,4.0
reach-wall,original,random_off_range_B2,proprio,donor_reconstruction,100,100,-0.0008721969070284807,-0.0015857026457171649,-0.0001795496674354764,6.0
reach-wall,original,random_off_range_B2,visual,donor_reconstruction,100,100,-0.01676555600160164,-0.017684477806116067,-0.015861646942896,3.0
reach-wall,original,random_off_range_B2,visual,donor_reconstruction,100,100,-0.0005659795381664956,-0.0008910403359313094,-0.0002432144520104057,4.0
reach-wall,original,random_off_range_B2,visual,donor_reconstruction,100,100,-0.00011978664253205596,-0.0005586459784128941,0.000316392625052435,6.0
reach-wall,original,random_off_range_B3,official,donor_reconstruction,100,100,-0.027063838931929523,-0.027821523787986382,-0.02631552495826157,3.0
reach-wall,original,random_off_range_B3,official,donor_reconstruction,100,100,-0.0012375516119583862,-0.0015857248961494502,-0.0008943748354617961,4.0
reach-wall,original,random_off_range_B3,official,donor_reconstruction,100,100,-0.0011862651870489004,-0.001826444036433321,-0.0005456224039183315,6.0
reach-wall,original,random_off_range_B3,proprio,donor_reconstruction,100,100,-0.06387061323957821,-0.06763878950031918,-0.060166804994478094,3.0
reach-wall,original,random_off_range_B3,proprio,donor_reconstruction,100,100,-0.006020860042352389,-0.007225523415984936,-0.004813870540093019,4.0
reach-wall,original,random_off_range_B3,proprio,donor_reconstruction,100,100,-0.004416806062194311,-0.005675344265042295,-0.0031621229900675716,6.0
reach-wall,original,random_off_range_B3,visual,donor_reconstruction,100,100,-0.02697749486100842,-0.027735110314220785,-0.02622740698241572,3.0
reach-wall,original,random_off_range_B3,visual,donor_reconstruction,100,100,-0.0012260934990734962,-0.0015731636676454984,-0.000884301700559091,4.0
reach-wall,original,random_off_range_B3,visual,donor_reconstruction,100,100,-0.0011787548275143023,-0.0018177637525748852,-0.0005391554408387643,6.0
reach-wall,original,random_off_range_B4,official,donor_reconstruction,100,100,-0.0471624927891177,-0.04792858705651595,-0.04640699457700325,3.0
reach-wall,original,random_off_range_B4,official,donor_reconstruction,100,100,-0.0031448944163831993,-0.0035137660200741335,-0.0027651586126794967,4.0
reach-wall,original,random_off_range_B4,official,donor_reconstruction,100,100,-0.005035552238529003,-0.005825005078211669,-0.004241167465413214,6.0
reach-wall,original,random_off_range_B4,proprio,donor_reconstruction,100,100,-0.30358195795542126,-0.313871907858135,-0.2934690055811093,3.0
reach-wall,original,random_off_range_B4,proprio,donor_reconstruction,100,100,-0.030582868927269607,-0.03265812786569267,-0.02848516073980898,4.0
reach-wall,original,random_off_range_B4,proprio,donor_reconstruction,100,100,-0.021604022253142306,-0.023594090025819116,-0.019620198437232825,6.0
reach-wall,original,random_off_range_B4,visual,donor_reconstruction,100,100,-0.04656094474215264,-0.04731406975154028,-0.045818394911473014,3.0
reach-wall,original,random_off_range_B4,visual,donor_reconstruction,100,100,-0.003079373442369734,-0.003446749689357202,-0.002700626139555939,4.0
reach-wall,original,random_off_range_B4,visual,donor_reconstruction,100,100,-0.0049972998214987165,-0.0057848615487835955,-0.004203948985945903,6.0
reach-wall,original,random_off_range_B5,official,donor_reconstruction,100,100,-0.07661851516356251,-0.07765562384513869,-0.0755809923491468,3.0
reach-wall,original,random_off_range_B5,official,donor_reconstruction,100,100,-0.0028441118524092125,-0.0030396515750588946,-0.002654072381032197,4.0
reach-wall,original,random_off_range_B5,official,donor_reconstruction,100,100,-0.0014711996984532372,-0.0019444969095321319,-0.0009903284751192076,6.0
reach-wall,original,random_off_range_B5,proprio,donor_reconstruction,100,100,-0.03198014238002671,-0.034165334031015036,-0.029833054339687047,3.0
reach-wall,original,random_off_range_B5,proprio,donor_reconstruction,100,100,-0.0032062371116724996,-0.003800569943487441,-0.0026212964758120017,4.0
reach-wall,original,random_off_range_B5,proprio,donor_reconstruction,100,100,-0.002542409760524609,-0.0032662915769385093,-0.0018041031851559178,6.0
reach-wall,original,random_off_range_B5,visual,donor_reconstruction,100,100,-0.0767237014495141,-0.07776206638175119,-0.07568572116917026,3.0
reach-wall,original,random_off_range_B5,visual,donor_reconstruction,100,100,-0.0028432518062643042,-0.0030385683626588766,-0.0026534859791291707,4.0
reach-wall,original,random_off_range_B5,visual,donor_reconstruction,100,100,-0.0014687696560502506,-0.001942051219844626,-0.0009880814889790422,6.0
reach-wall,original,random_range_B0,official,donor_reconstruction,100,100,-0.0349304962764834,-0.03701275779712935,-0.0328731904170951,3.0
reach-wall,original,random_range_B0,official,donor_reconstruction,100,100,-0.005790939610804391,-0.006419526590726558,-0.005165300155197337,4.0
reach-wall,original,random_range_B0,official,donor_reconstruction,100,100,-0.005036498483245583,-0.005708623506509267,-0.0043627404580856574,6.0
reach-wall,original,random_range_B0,proprio,donor_reconstruction,100,100,-0.025332255365901068,-0.027065893681418804,-0.02355075420412302,3.0
reach-wall,original,random_range_B0,proprio,donor_reconstruction,100,100,-0.006492330058937043,-0.007265194080313297,-0.005717249462382368,4.0
reach-wall,original,random_range_B0,proprio,donor_reconstruction,100,100,-0.007579187283262413,-0.008567999745887506,-0.006594520262389937,6.0
reach-wall,original,random_range_B0,visual,donor_reconstruction,100,100,-0.03495327504209293,-0.03703819710239765,-0.0328913221171994,3.0
reach-wall,original,random_range_B0,visual,donor_reconstruction,100,100,-0.005789324529920706,-0.006417805486198827,-0.005163519788883334,4.0
reach-wall,original,random_range_B0,visual,donor_reconstruction,100,100,-0.005030673759315512,-0.005702538948079241,-0.004356640268928074,6.0
reach-wall,original,random_range_B1,official,donor_reconstruction,100,100,-0.054076194716488585,-0.057916729982936864,-0.05023564263935308,3.0
reach-wall,original,random_range_B1,official,donor_reconstruction,100,100,-0.00632118464953204,-0.00757787401037646,-0.005099265970271655,4.0
reach-wall,original,random_range_B1,official,donor_reconstruction,100,100,-0.005838259464438302,-0.007226087154844402,-0.00445784837909098,6.0
reach-wall,original,random_range_B1,proprio,donor_reconstruction,100,100,-0.07372899329602309,-0.07803094548937059,-0.06949301403718204,3.0
reach-wall,original,random_range_B1,proprio,donor_reconstruction,100,100,-0.009459944920906531,-0.011031915856835108,-0.007894362202957885,4.0
reach-wall,original,random_range_B1,proprio,donor_reconstruction,100,100,-0.010328287428162119,-0.012218433397895334,-0.008398520362716226,6.0
reach-wall,original,random_range_B1,visual,donor_reconstruction,100,100,-0.05403036787247755,-0.05787505518886374,-0.05018695750080795,3.0
reach-wall,original,random_range_B1,visual,donor_reconstruction,100,100,-0.006313762988445714,-0.007571057226282724,-0.005091135339088537,4.0
reach-wall,original,random_range_B1,visual,donor_reconstruction,100,100,-0.005827889244557896,-0.007215656314333923,-0.004448708797048238,6.0
reach-wall,original,random_range_B2,official,donor_reconstruction,100,100,-0.02804493503144,-0.03059653070112592,-0.025533465064376322,3.0
reach-wall,original,random_range_B2,official,donor_reconstruction,100,100,-0.00268476406949808,-0.0035226728333408795,-0.0018334183701269738,4.0
reach-wall,original,random_range_B2,official,donor_reconstruction,100,100,-0.0022374647221947075,-0.0031126913613941046,-0.0013471638151512485,6.0
reach-wall,original,random_range_B2,proprio,donor_reconstruction,100,100,-0.02594122839035297,-0.028219181831985806,-0.023646071160875352,3.0
reach-wall,original,random_range_B2,proprio,donor_reconstruction,100,100,-0.0029399645132948547,-0.0038741984524824605,-0.0020048754446272076,4.0
reach-wall,original,random_range_B2,proprio,donor_reconstruction,100,100,-0.00366214262886578,-0.004925111977578822,-0.0024012624331786725,6.0
reach-wall,original,random_range_B2,visual,donor_reconstruction,100,100,-0.028049874074938905,-0.030606215166600205,-0.02553587340098686,3.0
reach-wall,original,random_range_B2,visual,donor_reconstruction,100,100,-0.002684148044734811,-0.003522645853304499,-0.0018314748370666962,4.0
reach-wall,original,random_range_B2,visual,donor_reconstruction,100,100,-0.0022341651711743236,-0.0031087546501320207,-0.0013445644504592395,6.0
reach-wall,original,random_range_B3,official,donor_reconstruction,100,100,-0.015953502576451856,-0.01716113789641015,-0.014714787158987244,3.0
reach-wall,original,random_range_B3,official,donor_reconstruction,100,100,-0.0007905851889515103,-0.0012331408279941637,-0.0003564220487554051,4.0
reach-wall,original,random_range_B3,official,donor_reconstruction,100,100,-0.0015210162509406654,-0.0020961890212121714,-0.0009559022954907283,6.0
reach-wall,original,random_range_B3,proprio,donor_reconstruction,100,100,-0.04874429162915605,-0.05206540634041533,-0.04553165083909188,3.0
reach-wall,original,random_range_B3,proprio,donor_reconstruction,100,100,-0.004753271951342301,-0.005787162483744399,-0.003737830126757368,4.0
reach-wall,original,random_range_B3,proprio,donor_reconstruction,100,100,-0.004500047596509669,-0.005646313187729722,-0.0033748768621224175,6.0
reach-wall,original,random_range_B3,visual,donor_reconstruction,100,100,-0.01587646293562368,-0.017087486855467054,-0.014633047438903195,3.0
reach-wall,original,random_range_B3,visual,donor_reconstruction,100,100,-0.0007811170889744257,-0.0012230541322049507,-0.00034786655912751404,4.0
reach-wall,original,random_range_B3,visual,donor_reconstruction,100,100,-0.001514147273168085,-0.0020882562169882786,-0.0009499951446969693,6.0
reach-wall,original,random_range_B4,official,donor_reconstruction,100,100,-0.01671873673337963,-0.017133345780638878,-0.01631606029832265,3.0
reach-wall,original,random_range_B4,official,donor_reconstruction,100,100,-0.0025124339183537603,-0.00310048126359991,-0.0019453111741524318,4.0
reach-wall,original,random_range_B4,official,donor_reconstruction,100,100,-0.0072072011249339155,-0.008587493764712722,-0.00586321782288685,6.0
reach-wall,original,random_range_B4,proprio,donor_reconstruction,100,100,-0.36698014482364855,-0.37879980039844785,-0.3551727868789549,3.0
reach-wall,original,random_range_B4,proprio,donor_reconstruction,100,100,-0.03354506117075307,-0.03659396600962342,-0.030549037821185294,4.0
reach-wall,original,random_range_B4,proprio,donor_reconstruction,100,100,-0.02711250346735804,-0.030122371970307597,-0.024177895107044246,6.0
reach-wall,original,random_range_B4,visual,donor_reconstruction,100,100,-0.01589701382590108,-0.01629552798124256,-0.015509960189255064,3.0
reach-wall,original,random_range_B4,visual,donor_reconstruction,100,100,-0.002438488976624895,-0.0030223065710121406,-0.001874056107603753,4.0
reach-wall,original,random_range_B4,visual,donor_reconstruction,100,100,-0.007161260711123717,-0.008539314898940109,-0.0058187867071919815,6.0
reach-wall,original,random_range_B5,official,donor_reconstruction,100,100,-0.020768885346894927,-0.021082033067697153,-0.02046119114784832,3.0
reach-wall,original,random_range_B5,official,donor_reconstruction,100,100,-0.0008691131528682494,-0.0009764584102948642,-0.0007588540861496997,4.0
reach-wall,original,random_range_B5,official,donor_reconstruction,100,100,-0.0007582506052479088,-0.0010402342140767358,-0.000476715213829511,6.0
reach-wall,original,random_range_B5,proprio,donor_reconstruction,100,100,-0.011948388699170365,-0.0132175939897456,-0.010686403676062054,3.0
reach-wall,original,random_range_B5,proprio,donor_reconstruction,100,100,-0.0010676180830975312,-0.0014175404734615997,-0.0007173734456758977,4.0
reach-wall,original,random_range_B5,proprio,donor_reconstruction,100,100,-0.001026228678988812,-0.001484535008567241,-0.00057808993150623,6.0
reach-wall,original,random_range_B5,visual,donor_reconstruction,100,100,-0.020789724775953724,-0.021103215668331555,-0.020481841757350412,3.0
reach-wall,original,random_range_B5,visual,donor_reconstruction,100,100,-0.000868642668584757,-0.0009758910851139196,-0.0007584867532962101,4.0
reach-wall,original,random_range_B5,visual,donor_reconstruction,100,100,-0.0007576472247381282,-0.0010391654390008549,-0.0004758577505208505,6.0
reach-wall,original,zero_capture,official,donor_reconstruction,100,100,0.0,0.0,0.0,3.0
reach-wall,original,zero_capture,official,donor_reconstruction,100,100,0.0,0.0,0.0,4.0
reach-wall,original,zero_capture,official,donor_reconstruction,100,100,0.0,0.0,0.0,6.0
reach-wall,original,zero_capture,proprio,donor_reconstruction,100,100,0.0,0.0,0.0,3.0
reach-wall,original,zero_capture,proprio,donor_reconstruction,100,100,0.0,0.0,0.0,4.0
reach-wall,original,zero_capture,proprio,donor_reconstruction,100,100,0.0,0.0,0.0,6.0
reach-wall,original,zero_capture,visual,donor_reconstruction,100,100,0.0,0.0,0.0,3.0
reach-wall,original,zero_capture,visual,donor_reconstruction,100,100,0.0,0.0,0.0,4.0
reach-wall,original,zero_capture,visual,donor_reconstruction,100,100,0.0,0.0,0.0,6.0
