task,layer,horizon,head,metric,n,n_defined,mean,marginal_95_low,marginal_95_high
reach,0,1,0,spatial_distance_patches,32,32,8.119184580157967,8.101661768290462,8.136472156507017
reach,0,1,0,temporal_distance_frames,32,32,0.0,0.0,0.0
reach,0,1,0,conditioning_mass,32,32,0.0,0.0,0.0
reach,0,1,0,visual_mass,32,32,0.9999999958090484,0.9999999930150807,0.9999999981373549
reach,0,1,1,spatial_distance_patches,32,32,7.707715890070558,7.70096063156234,7.714535276553897
reach,0,1,1,temporal_distance_frames,32,32,0.0,0.0,0.0
reach,0,1,1,conditioning_mass,32,32,0.0,0.0,0.0
reach,0,1,1,visual_mass,32,32,0.9999999958090484,0.9999999930150807,0.9999999981373549
reach,0,1,2,spatial_distance_patches,32,32,7.0528799516249405,7.040865647677712,7.064646734633371
reach,0,1,2,temporal_distance_frames,32,32,0.0,0.0,0.0
reach,0,1,2,conditioning_mass,32,32,0.0,0.0,0.0
reach,0,1,2,visual_mass,32,32,0.9999999958090484,0.999999993480742,0.9999999981373549
reach,0,1,3,spatial_distance_patches,32,32,7.810649371809552,7.797630044317663,7.823132193559187
reach,0,1,3,temporal_distance_frames,32,32,0.0,0.0,0.0
reach,0,1,3,conditioning_mass,32,32,0.0,0.0,0.0
reach,0,1,3,visual_mass,32,32,0.9999999958090484,0.9999999925494194,0.9999999995343387
reach,0,1,4,spatial_distance_patches,32,32,8.263523531651789,8.252020556855976,8.275162070455101
reach,0,1,4,temporal_distance_frames,32,32,0.0,0.0,0.0
reach,0,1,4,conditioning_mass,32,32,0.0,0.0,0.0
reach,0,1,4,visual_mass,32,32,0.9999999944120646,0.9999999916180968,0.9999999972060323
reach,0,1,5,spatial_distance_patches,32,32,7.4040099319947865,7.390901441024222,7.417238767357773
reach,0,1,5,temporal_distance_frames,32,32,0.0,0.0,0.0
reach,0,1,5,conditioning_mass,32,32,0.0,0.0,0.0
reach,0,1,5,visual_mass,32,32,0.9999999958090484,0.9999999916180968,0.9999999995343387
reach,0,1,6,spatial_distance_patches,32,32,7.88976306401656,7.879692858515415,7.899927696368101
reach,0,1,6,temporal_distance_frames,32,32,0.0,0.0,0.0
reach,0,1,6,conditioning_mass,32,32,0.0,0.0,0.0
reach,0,1,6,visual_mass,32,32,0.9999999939464033,0.9999999911524355,0.999999996740371
reach,0,1,7,spatial_distance_patches,32,32,8.137013909098027,8.11801098209664,8.15558860917265
reach,0,1,7,temporal_distance_frames,32,32,0.0,0.0,0.0
reach,0,1,7,conditioning_mass,32,32,0.0,0.0,0.0
reach,0,1,7,visual_mass,32,32,0.9999999953433871,0.9999999925494194,0.9999999976716936
reach,0,1,8,spatial_distance_patches,32,32,7.2644125669623305,7.253485195296673,7.2752756117076895
reach,0,1,8,temporal_distance_frames,32,32,0.0,0.0,0.0
reach,0,1,8,conditioning_mass,32,32,0.0,0.0,0.0
reach,0,1,8,visual_mass,32,32,0.9999999948777258,0.9999999911524355,0.9999999986030161
reach,0,1,9,spatial_distance_patches,32,32,7.020532072236234,7.013717527931193,7.027164216510919
reach,0,1,9,temporal_distance_frames,32,32,0.0,0.0,0.0
reach,0,1,9,conditioning_mass,32,32,0.0,0.0,0.0
reach,0,1,9,visual_mass,32,32,0.9999999930150807,0.9999999892897904,0.9999999962747097
reach,0,1,10,spatial_distance_patches,32,32,7.546563261396215,7.537146927540505,7.555556397617971
reach,0,1,10,temporal_distance_frames,32,32,0.0,0.0,0.0
reach,0,1,10,conditioning_mass,32,32,0.0,0.0,0.0
reach,0,1,10,visual_mass,32,32,0.9999999944120646,0.9999999911524355,0.9999999972060323
reach,0,1,11,spatial_distance_patches,32,32,7.501024450892697,7.491575668686543,7.510870209604841
reach,0,1,11,temporal_distance_frames,32,32,0.0,0.0,0.0
reach,0,1,11,conditioning_mass,32,32,0.0,0.0,0.0
reach,0,1,11,visual_mass,32,32,0.9999999920837581,0.9999999888241291,0.9999999953433871
reach,0,1,12,spatial_distance_patches,32,32,7.78707137968793,7.774006874487312,7.800203583076302
reach,0,1,12,temporal_distance_frames,32,32,0.0,0.0,0.0
reach,0,1,12,conditioning_mass,32,32,0.0,0.0,0.0
reach,0,1,12,visual_mass,32,32,0.9999999948777258,0.9999999925494194,0.9999999972060323
reach,0,1,13,spatial_distance_patches,32,32,7.278390839771106,7.271196858408856,7.285941007510361
reach,0,1,13,temporal_distance_frames,32,32,0.0,0.0,0.0
reach,0,1,13,conditioning_mass,32,32,0.0,0.0,0.0
reach,0,1,13,visual_mass,32,32,0.9999999948777258,0.9999999916180968,0.9999999976716936
reach,0,1,14,spatial_distance_patches,32,32,6.94669398053154,6.936965104715694,6.956579225571048
reach,0,1,14,temporal_distance_frames,32,32,0.0,0.0,0.0
reach,0,1,14,conditioning_mass,32,32,0.0,0.0,0.0
reach,0,1,14,visual_mass,32,32,0.9999999906867743,0.9999999860301614,0.9999999948777258
reach,0,1,15,spatial_distance_patches,32,32,6.902357150497698,6.891141890290541,6.913035707616048
reach,0,1,15,temporal_distance_frames,32,32,0.0,0.0,0.0
reach,0,1,15,conditioning_mass,32,32,0.0,0.0,0.0
reach,0,1,15,visual_mass,32,32,0.9999999972060323,0.9999999948777258,0.9999999990686774
reach,0,2,0,spatial_distance_patches,32,32,8.148930971334249,8.13519253704152,8.162340092063562
reach,0,2,0,temporal_distance_frames,32,32,0.12583162699995565,0.12483268640364711,0.12690734713524013
reach,0,2,0,conditioning_mass,32,32,0.0,0.0,0.0
reach,0,2,0,visual_mass,32,32,0.9999999951105565,0.999999993480742,0.999999996740371
reach,0,2,1,spatial_distance_patches,32,32,7.646963689792685,7.640821576648581,7.653143310452189
reach,0,2,1,temporal_distance_frames,32,32,0.24654894012475143,0.2454838179024478,0.24760856857376531
reach,0,2,1,conditioning_mass,32,32,0.0,0.0,0.0
reach,0,2,1,visual_mass,32,32,0.9999999955762178,0.9999999932479113,0.9999999979045242
reach,0,2,2,spatial_distance_patches,32,32,7.034895985584482,7.025431208361808,7.044300707072308
reach,0,2,2,temporal_distance_frames,32,32,0.16533207300973118,0.16433036447546792,0.16630972120365348
reach,0,2,2,conditioning_mass,32,32,0.0,0.0,0.0
reach,0,2,2,visual_mass,32,32,0.9999999953433871,0.9999999925494194,0.9999999979045242
reach,0,2,3,spatial_distance_patches,32,32,7.859705342974058,7.84759571719782,7.871375061186694
reach,0,2,3,temporal_distance_frames,32,32,0.11174073015173752,0.11097230958775553,0.1124517873246178
reach,0,2,3,conditioning_mass,32,32,0.0,0.0,0.0
reach,0,2,3,visual_mass,32,32,0.999999993480742,0.9999999909196049,0.9999999960418791
reach,0,2,4,spatial_distance_patches,32,32,8.286941754992288,8.276797126858526,8.297332527476787
reach,0,2,4,temporal_distance_frames,32,32,0.056094616550396215,0.05571577713726679,0.05646253108192061
reach,0,2,4,conditioning_mass,32,32,0.0,0.0,0.0
reach,0,2,4,visual_mass,32,32,0.9999999955762178,0.9999999932479113,0.9999999976716936
reach,0,2,5,spatial_distance_patches,32,32,7.380402689525973,7.369455385259654,7.391724414558764
reach,0,2,5,temporal_distance_frames,32,32,0.13175065989404194,0.1306168378675383,0.1328877024005323
reach,0,2,5,conditioning_mass,32,32,0.0,0.0,0.0
reach,0,2,5,visual_mass,32,32,0.9999999965075403,0.9999999944120646,0.9999999986030161
reach,0,2,6,spatial_distance_patches,32,32,7.857709474089231,7.850398303660085,7.865044314704322
reach,0,2,6,temporal_distance_frames,32,32,0.2263336055181824,0.22510536094180697,0.22761019808889468
reach,0,2,6,conditioning_mass,32,32,0.0,0.0,0.0
reach,0,2,6,visual_mass,32,32,0.9999999946448952,0.9999999920837581,0.9999999972060323
reach,0,2,7,spatial_distance_patches,32,32,8.004247393447818,7.987360813267024,8.020687757817013
reach,0,2,7,temporal_distance_frames,32,32,0.2544175790031533,0.25381535949375833,0.25499021577799363
reach,0,2,7,conditioning_mass,32,32,0.0,0.0,0.0
reach,0,2,7,visual_mass,32,32,0.9999999946448952,0.9999999918509275,0.9999999972060323
reach,0,2,8,spatial_distance_patches,32,32,7.247484474635534,7.239081974588118,7.2561021840871875
reach,0,2,8,temporal_distance_frames,32,32,0.06770601422606409,0.06678662679392186,0.06858027470310055
reach,0,2,8,conditioning_mass,32,32,0.0,0.0,0.0
reach,0,2,8,visual_mass,32,32,0.9999999916180968,0.9999999885912985,0.9999999941792339
reach,0,2,9,spatial_distance_patches,32,32,7.020714678919498,7.014581315116868,7.026644206831081
reach,0,2,9,temporal_distance_frames,32,32,0.0475406946679081,0.04658639449836051,0.04851292313038317
reach,0,2,9,conditioning_mass,32,32,0.0,0.0,0.0
reach,0,2,9,visual_mass,32,32,0.9999999953433871,0.9999999932479113,0.9999999974388629
reach,0,2,10,spatial_distance_patches,32,32,7.610137487902768,7.602254647921017,7.61769812650479
reach,0,2,10,temporal_distance_frames,32,32,0.09768445729063563,0.09689709973135067,0.09843039534543069
reach,0,2,10,conditioning_mass,32,32,0.0,0.0,0.0
reach,0,2,10,visual_mass,32,32,0.9999999979045242,0.9999999962747097,0.9999999993015081
reach,0,2,11,spatial_distance_patches,32,32,7.514692178876997,7.506020468416339,7.523617333914285
reach,0,2,11,temporal_distance_frames,32,32,0.2168666096695361,0.21595334165039412,0.2178174799134862
reach,0,2,11,conditioning_mass,32,32,0.0,0.0,0.0
reach,0,2,11,visual_mass,32,32,0.9999999939464033,0.9999999913852662,0.9999999965075403
reach,0,2,12,spatial_distance_patches,32,32,7.848863259945537,7.837853866378801,7.859855755549835
reach,0,2,12,temporal_distance_frames,32,32,0.1285704481062412,0.12742421378462934,0.12973346056553128
reach,0,2,12,conditioning_mass,32,32,0.0,0.0,0.0
reach,0,2,12,visual_mass,32,32,0.9999999944120646,0.9999999920837581,0.9999999965075403
reach,0,2,13,spatial_distance_patches,32,32,7.280423205541966,7.273867883806955,7.287500191452776
reach,0,2,13,temporal_distance_frames,32,32,0.1805628702958235,0.17949112382887114,0.18163362849130088
reach,0,2,13,conditioning_mass,32,32,0.0,0.0,0.0
reach,0,2,13,visual_mass,32,32,0.9999999951105565,0.9999999932479113,0.999999996740371
reach,0,2,14,spatial_distance_patches,32,32,6.872418561738914,6.864634904347927,6.880377694713082
reach,0,2,14,temporal_distance_frames,32,32,0.25450397949673176,0.25370773926071527,0.25528004288849665
reach,0,2,14,conditioning_mass,32,32,0.0,0.0,0.0
reach,0,2,14,visual_mass,32,32,0.9999999948777258,0.9999999918509275,0.9999999976716936
reach,0,2,15,spatial_distance_patches,32,32,6.9457158806064285,6.935109095336099,6.955753499119866
reach,0,2,15,temporal_distance_frames,32,32,0.10700490959796619,0.10627969074281073,0.10772142803870055
reach,0,2,15,conditioning_mass,32,32,0.0,0.0,0.0
reach,0,2,15,visual_mass,32,32,0.999999993480742,0.9999999909196049,0.9999999958090484
reach,0,3,0,spatial_distance_patches,32,32,8.13349587922498,8.124010945761043,8.142918038133049
reach,0,3,0,temporal_distance_frames,32,32,0.12439609921529904,0.1234367892074053,0.12539148686703985
reach,0,3,0,conditioning_mass,32,32,0.0,0.0,0.0
reach,0,3,0,visual_mass,32,32,0.9999999937135726,0.9999999913852662,0.9999999958090484
reach,0,3,1,spatial_distance_patches,32,32,7.664548379902808,7.65628739377203,7.672866320516955
reach,0,3,1,temporal_distance_frames,32,32,0.2449805574972907,0.24431817332029054,0.24562587967961927
reach,0,3,1,conditioning_mass,32,32,0.0,0.0,0.0
reach,0,3,1,visual_mass,32,32,0.9999999932479113,0.9999999913852662,0.9999999951105565
reach,0,3,2,spatial_distance_patches,32,32,7.034880522863805,7.0276492293469,7.042215090767614
reach,0,3,2,temporal_distance_frames,32,32,0.15231350981407274,0.15176787121657628,0.1528640774838442
reach,0,3,2,conditioning_mass,32,32,0.0,0.0,0.0
reach,0,3,2,visual_mass,32,32,0.9999999925494194,0.9999999897554517,0.9999999955762178
reach,0,3,3,spatial_distance_patches,32,32,7.8900044495302675,7.878758421661389,7.901307025511195
reach,0,3,3,temporal_distance_frames,32,32,0.10518642740256168,0.10434115479206438,0.10596350192619976
reach,0,3,3,conditioning_mass,32,32,0.0,0.0,0.0
reach,0,3,3,visual_mass,32,32,0.9999999916180968,0.9999999885912985,0.9999999944120646
reach,0,3,4,spatial_distance_patches,32,32,8.270878484184362,8.26234700556089,8.279666068909181
reach,0,3,4,temporal_distance_frames,32,32,0.057658558568180994,0.057357243670262785,0.05794388078854171
reach,0,3,4,conditioning_mass,32,32,0.0,0.0,0.0
reach,0,3,4,visual_mass,32,32,0.9999999944120646,0.9999999918509275,0.999999996740371
reach,0,3,5,spatial_distance_patches,32,32,7.415482645779533,7.406470806344193,7.424740479427239
reach,0,3,5,temporal_distance_frames,32,32,0.13062850774170887,0.1296097766806803,0.13165743502361404
reach,0,3,5,conditioning_mass,32,32,0.0,0.0,0.0
reach,0,3,5,visual_mass,32,32,0.999999993480742,0.9999999913852662,0.9999999953433871
reach,0,3,6,spatial_distance_patches,32,32,7.866257674039369,7.860538537688708,7.872047589815093
reach,0,3,6,temporal_distance_frames,32,32,0.22404210879258615,0.2229181688963016,0.22524357670700873
reach,0,3,6,conditioning_mass,32,32,0.0,0.0,0.0
reach,0,3,6,visual_mass,32,32,0.9999999925494194,0.9999999890569597,0.9999999955762178
reach,0,3,7,spatial_distance_patches,32,32,8.104859267094813,8.089615036395598,8.120061346654866
reach,0,3,7,temporal_distance_frames,32,32,0.2428391476944528,0.24219764731754237,0.243496488884772
reach,0,3,7,conditioning_mass,32,32,0.0,0.0,0.0
reach,0,3,7,visual_mass,32,32,0.9999999937135726,0.9999999918509275,0.9999999955762178
reach,0,3,8,spatial_distance_patches,32,32,7.229351974253927,7.223904686213865,7.234904636631858
reach,0,3,8,temporal_distance_frames,32,32,0.06502776793498248,0.06440452543646492,0.06561855082392105
reach,0,3,8,conditioning_mass,32,32,0.0,0.0,0.0
reach,0,3,8,visual_mass,32,32,0.9999999941792339,0.9999999916180968,0.999999996740371
reach,0,3,9,spatial_distance_patches,32,32,7.007455897382361,7.000940639843773,7.014027503701321
reach,0,3,9,temporal_distance_frames,32,32,0.04733168883886194,0.0464945683590035,0.04819267574466322
reach,0,3,9,conditioning_mass,32,32,0.0,0.0,0.0
reach,0,3,9,visual_mass,32,32,0.9999999932479113,0.9999999904539436,0.9999999958090484
reach,0,3,10,spatial_distance_patches,32,32,7.598362221622528,7.589484412676391,7.606842708401051
reach,0,3,10,temporal_distance_frames,32,32,0.09744770496205019,0.09658986288169188,0.09825857283654627
reach,0,3,10,conditioning_mass,32,32,0.0,0.0,0.0
reach,0,3,10,visual_mass,32,32,0.9999999937135726,0.9999999916180968,0.9999999958090484
reach,0,3,11,spatial_distance_patches,32,32,7.537030256932464,7.52903720110961,7.54548612105205
reach,0,3,11,temporal_distance_frames,32,32,0.20925630579813592,0.20840679510336924,0.21003391171122132
reach,0,3,11,conditioning_mass,32,32,0.0,0.0,0.0
reach,0,3,11,visual_mass,32,32,0.9999999951105565,0.99999999278225,0.9999999972060323
reach,0,3,12,spatial_distance_patches,32,32,7.844137413080938,7.8359323757660535,7.852302268871402
reach,0,3,12,temporal_distance_frames,32,32,0.12346926662940357,0.12239477246017529,0.12454220518796459
reach,0,3,12,conditioning_mass,32,32,0.0,0.0,0.0
reach,0,3,12,visual_mass,32,32,0.9999999976716936,0.9999999962747097,0.9999999990686774
reach,0,3,13,spatial_distance_patches,32,32,7.247950706365813,7.241528638349063,7.255011495189583
reach,0,3,13,temporal_distance_frames,32,32,0.1902621695450376,0.18940436751787393,0.19106329406715783
reach,0,3,13,conditioning_mass,32,32,0.0,0.0,0.0
reach,0,3,13,visual_mass,32,32,0.9999999946448952,0.9999999925494194,0.9999999965075403
reach,0,3,14,spatial_distance_patches,32,32,6.828698874480562,6.821799517773282,6.835402961867661
reach,0,3,14,temporal_distance_frames,32,32,0.24854506254950653,0.24798585395125536,0.2490992350520902
reach,0,3,14,conditioning_mass,32,32,0.0,0.0,0.0
reach,0,3,14,visual_mass,32,32,0.9999999960418791,0.9999999941792339,0.9999999981373549
reach,0,3,15,spatial_distance_patches,32,32,6.9685521391785645,6.956100241541683,6.980363427800907
reach,0,3,15,temporal_distance_frames,32,32,0.1020487647673152,0.10138949359144381,0.10270334163040079
reach,0,3,15,conditioning_mass,32,32,0.0,0.0,0.0
reach,0,3,15,visual_mass,32,32,0.9999999951105565,0.9999999932479113,0.999999996740371
reach,0,4,0,spatial_distance_patches,32,32,8.118282389461886,8.109275222934238,8.12705383327567
reach,0,4,0,temporal_distance_frames,32,32,0.12379238232942064,0.12277733322154348,0.12484990217272846
reach,0,4,0,conditioning_mass,32,32,0.0,0.0,0.0
reach,0,4,0,visual_mass,32,32,0.9999999948777258,0.9999999925494194,0.9999999969732016
reach,0,4,1,spatial_distance_patches,32,32,7.715933289942093,7.706498634875657,7.72545130419115
reach,0,4,1,temporal_distance_frames,32,32,0.2438539864144223,0.24317308829117995,0.24452268069015412
reach,0,4,1,conditioning_mass,32,32,0.0,0.0,0.0
reach,0,4,1,visual_mass,32,32,0.9999999955762178,0.9999999930150807,0.9999999981373549
reach,0,4,2,spatial_distance_patches,32,32,7.058498175617398,7.051024912739001,7.066012096435123
reach,0,4,2,temporal_distance_frames,32,32,0.15086125768037523,0.15036859850207454,0.15136386218340914
reach,0,4,2,conditioning_mass,32,32,0.0,0.0,0.0
reach,0,4,2,visual_mass,32,32,0.9999999958090484,0.999999993480742,0.9999999981373549
reach,0,4,3,spatial_distance_patches,32,32,7.920699865856666,7.909960236686528,7.931396134398355
reach,0,4,3,temporal_distance_frames,32,32,0.10482913375590401,0.10395969619004515,0.10563227928047285
reach,0,4,3,conditioning_mass,32,32,0.0,0.0,0.0
reach,0,4,3,visual_mass,32,32,0.9999999930150807,0.9999999906867743,0.9999999953433871
reach,0,4,4,spatial_distance_patches,32,32,8.25775283381431,8.24976587768157,8.265886727432534
reach,0,4,4,temporal_distance_frames,32,32,0.05731088970179583,0.05696026074706649,0.05764624798381819
reach,0,4,4,conditioning_mass,32,32,0.0,0.0,0.0
reach,0,4,4,visual_mass,32,32,0.9999999932479113,0.9999999906867743,0.9999999955762178
reach,0,4,5,spatial_distance_patches,32,32,7.446268279310923,7.437394381403203,7.455335373981931
reach,0,4,5,temporal_distance_frames,32,32,0.1296463480677271,0.12875513831444396,0.1305491319052995
reach,0,4,5,conditioning_mass,32,32,0.0,0.0,0.0
reach,0,4,5,visual_mass,32,32,0.9999999937135726,0.9999999913852662,0.9999999958090484
reach,0,4,6,spatial_distance_patches,32,32,7.893332691147302,7.886735314021322,7.900056031513841
reach,0,4,6,temporal_distance_frames,32,32,0.22484073269665145,0.22377823831203172,0.22597861082868767
reach,0,4,6,conditioning_mass,32,32,0.0,0.0,0.0
reach,0,4,6,visual_mass,32,32,0.9999999930150807,0.9999999909196049,0.9999999951105565
reach,0,4,7,spatial_distance_patches,32,32,8.1434026630408,8.129060456844359,8.157840986628608
reach,0,4,7,temporal_distance_frames,32,32,0.24266344549053712,0.24198710502994697,0.24333201825192288
reach,0,4,7,conditioning_mass,32,32,0.0,0.0,0.0
reach,0,4,7,visual_mass,32,32,0.9999999939464033,0.9999999918509275,0.9999999960418791
reach,0,4,8,spatial_distance_patches,32,32,7.255042761975622,7.250094105714871,7.259994004648012
reach,0,4,8,temporal_distance_frames,32,32,0.06214135407741107,0.061571246665564135,0.06268210835059042
reach,0,4,8,conditioning_mass,32,32,0.0,0.0,0.0
reach,0,4,8,visual_mass,32,32,0.9999999930150807,0.9999999904539436,0.9999999953433871
reach,0,4,9,spatial_distance_patches,32,32,7.038405806341663,7.031789419165552,7.045113762374449
reach,0,4,9,temporal_distance_frames,32,32,0.04753172778444058,0.04674113806459592,0.04834972041464624
reach,0,4,9,conditioning_mass,32,32,0.0,0.0,0.0
reach,0,4,9,visual_mass,32,32,0.99999999278225,0.9999999906867743,0.9999999948777258
reach,0,4,10,spatial_distance_patches,32,32,7.616423093180476,7.60592353778093,7.626508757902901
reach,0,4,10,temporal_distance_frames,32,32,0.09870852231405218,0.09789003758331156,0.09947223541963494
reach,0,4,10,conditioning_mass,32,32,0.0,0.0,0.0
reach,0,4,10,visual_mass,32,32,0.9999999960418791,0.999999993480742,0.9999999986030161
reach,0,4,11,spatial_distance_patches,32,32,7.569531283522244,7.5619690950781555,7.577402710152536
reach,0,4,11,temporal_distance_frames,32,32,0.20731484433710923,0.20646807058674607,0.2081041396461701
reach,0,4,11,conditioning_mass,32,32,0.0,0.0,0.0
reach,0,4,11,visual_mass,32,32,0.9999999939464033,0.9999999918509275,0.9999999960418791
reach,0,4,12,spatial_distance_patches,32,32,7.851323754616082,7.844218944440769,7.858641621123891
reach,0,4,12,temporal_distance_frames,32,32,0.12289393261208163,0.12186354281757482,0.12391110767950896
reach,0,4,12,conditioning_mass,32,32,0.0,0.0,0.0
reach,0,4,12,visual_mass,32,32,0.9999999944120646,0.9999999923165888,0.9999999962747097
reach,0,4,13,spatial_distance_patches,32,32,7.256340155444409,7.25068540317463,7.262352151587605
reach,0,4,13,temporal_distance_frames,32,32,0.19005466030818635,0.18887956673527392,0.1912011758399172
reach,0,4,13,conditioning_mass,32,32,0.0,0.0,0.0
reach,0,4,13,visual_mass,32,32,0.9999999951105565,0.9999999925494194,0.9999999976716936
reach,0,4,14,spatial_distance_patches,32,32,6.826282687551364,6.81930036117991,6.8330194406221425
reach,0,4,14,temporal_distance_frames,32,32,0.2504885891147394,0.24987835544912237,0.2510887357259354
reach,0,4,14,conditioning_mass,32,32,0.0,0.0,0.0
reach,0,4,14,visual_mass,32,32,0.9999999937135726,0.9999999909196049,0.9999999962747097
reach,0,4,15,spatial_distance_patches,32,32,7.012665109041728,6.999386485176926,7.025314346099984
reach,0,4,15,temporal_distance_frames,32,32,0.10112306759393257,0.10044748556706659,0.10179373093916157
reach,0,4,15,conditioning_mass,32,32,0.0,0.0,0.0
reach,0,4,15,visual_mass,32,32,0.9999999955762178,0.9999999932479113,0.9999999976716936
reach,0,5,0,spatial_distance_patches,32,32,8.09588284098343,8.087445321966142,8.103962026411113
reach,0,5,0,temporal_distance_frames,32,32,0.12379537068141681,0.1227889667470606,0.12483789729188038
reach,0,5,0,conditioning_mass,32,32,0.0,0.0,0.0
reach,0,5,0,visual_mass,32,32,0.9999999946448952,0.9999999920837581,0.9999999972060323
reach,0,5,1,spatial_distance_patches,32,32,7.745853152880736,7.736018093359202,7.7558505634978685
reach,0,5,1,temporal_distance_frames,32,32,0.2442817191207814,0.24374103345125228,0.24484015134338577
reach,0,5,1,conditioning_mass,32,32,0.0,0.0,0.0
reach,0,5,1,visual_mass,32,32,0.9999999955762178,0.9999999937135726,0.9999999974388629
reach,0,5,2,spatial_distance_patches,32,32,7.075024408819594,7.0667753262129755,7.083444499021381
reach,0,5,2,temporal_distance_frames,32,32,0.15204291353836324,0.1514106983494622,0.15269801321709095
reach,0,5,2,conditioning_mass,32,32,0.0,0.0,0.0
reach,0,5,2,visual_mass,32,32,0.999999993480742,0.9999999911524355,0.9999999955762178
reach,0,5,3,spatial_distance_patches,32,32,7.937601861988084,7.926989394002884,7.948126016559953
reach,0,5,3,temporal_distance_frames,32,32,0.10483808570075051,0.10397799390774722,0.105641032022216
reach,0,5,3,conditioning_mass,32,32,0.0,0.0,0.0
reach,0,5,3,visual_mass,32,32,0.999999993480742,0.9999999899882823,0.999999996740371
reach,0,5,4,spatial_distance_patches,32,32,8.23529863626932,8.227075389137783,8.24355531398947
reach,0,5,4,temporal_distance_frames,32,32,0.057325537940306454,0.05691482473181191,0.05771986850634796
reach,0,5,4,conditioning_mass,32,32,0.0,0.0,0.0
reach,0,5,4,visual_mass,32,32,0.9999999965075403,0.9999999948777258,0.9999999979045242
reach,0,5,5,spatial_distance_patches,32,32,7.451061853160501,7.441456190371782,7.46054951037728
reach,0,5,5,temporal_distance_frames,32,32,0.13051955986668995,0.12961599169847124,0.13144812566180347
reach,0,5,5,conditioning_mass,32,32,0.0,0.0,0.0
reach,0,5,5,visual_mass,32,32,0.9999999948777258,0.99999999278225,0.999999996740371
reach,0,5,6,spatial_distance_patches,32,32,7.916695152989703,7.908304464470937,7.925143198487869
reach,0,5,6,temporal_distance_frames,32,32,0.22465772595429104,0.22351575338281793,0.22586883682220388
reach,0,5,6,conditioning_mass,32,32,0.0,0.0,0.0
reach,0,5,6,visual_mass,32,32,0.9999999955762178,0.9999999930150807,0.9999999979045242
reach,0,5,7,spatial_distance_patches,32,32,8.153484080917785,8.140481073718746,8.166809596266027
reach,0,5,7,temporal_distance_frames,32,32,0.24174655613441792,0.24109065031714652,0.24238225786953946
reach,0,5,7,conditioning_mass,32,32,0.0,0.0,0.0
reach,0,5,7,visual_mass,32,32,0.9999999937135726,0.9999999909196049,0.9999999962747097
reach,0,5,8,spatial_distance_patches,32,32,7.274054934863788,7.268979654185106,7.279127635243491
reach,0,5,8,temporal_distance_frames,32,32,0.06157028503058265,0.06104701465692853,0.06205506097430696
reach,0,5,8,conditioning_mass,32,32,0.0,0.0,0.0
reach,0,5,8,visual_mass,32,32,0.9999999944120646,0.9999999923165888,0.9999999962747097
reach,0,5,9,spatial_distance_patches,32,32,7.062658701439442,7.056427808372821,7.0691148475251735
reach,0,5,9,temporal_distance_frames,32,32,0.047303199436724036,0.046561665964843076,0.048073704551826794
reach,0,5,9,conditioning_mass,32,32,0.0,0.0,0.0
reach,0,5,9,visual_mass,32,32,0.9999999944120646,0.9999999923165888,0.9999999965075403
reach,0,5,10,spatial_distance_patches,32,32,7.620926754210405,7.610511629661035,7.630962672258871
reach,0,5,10,temporal_distance_frames,32,32,0.09865703322528797,0.09791625813666477,0.09935733663195087
reach,0,5,10,conditioning_mass,32,32,0.0,0.0,0.0
reach,0,5,10,visual_mass,32,32,0.9999999941792339,0.9999999916180968,0.9999999965075403
reach,0,5,11,spatial_distance_patches,32,32,7.587439234317131,7.579665997152488,7.595508356513275
reach,0,5,11,temporal_distance_frames,32,32,0.2060234633199328,0.2052396077322276,0.2067713732503779
reach,0,5,11,conditioning_mass,32,32,0.0,0.0,0.0
reach,0,5,11,visual_mass,32,32,0.9999999930150807,0.999999990221113,0.9999999953433871
reach,0,5,12,spatial_distance_patches,32,32,7.862867791999494,7.855744650946357,7.870033694970175
reach,0,5,12,temporal_distance_frames,32,32,0.12210955978097693,0.12114305334246295,0.12307418284588124
reach,0,5,12,conditioning_mass,32,32,0.0,0.0,0.0
reach,0,5,12,visual_mass,32,32,0.9999999923165888,0.9999999899882823,0.9999999946448952
reach,0,5,13,spatial_distance_patches,32,32,7.258953599483894,7.2534505133502325,7.264469771853528
reach,0,5,13,temporal_distance_frames,32,32,0.1919897030990499,0.1909790322746685,0.19294763293365844
reach,0,5,13,conditioning_mass,32,32,0.0,0.0,0.0
reach,0,5,13,visual_mass,32,32,0.99999999278225,0.9999999904539436,0.9999999951105565
reach,0,5,14,spatial_distance_patches,32,32,6.832938393130107,6.826133031889439,6.839589070815475
reach,0,5,14,temporal_distance_frames,32,32,0.2510925920856246,0.2505577517505676,0.25164050154210116
reach,0,5,14,conditioning_mass,32,32,0.0,0.0,0.0
reach,0,5,14,visual_mass,32,32,0.9999999932479113,0.9999999911524355,0.9999999951105565
reach,0,5,15,spatial_distance_patches,32,32,7.042047596999779,7.027629791434846,7.055641185989191
reach,0,5,15,temporal_distance_frames,32,32,0.10097183170461319,0.10025046970905288,0.10167434816578369
reach,0,5,15,conditioning_mass,32,32,0.0,0.0,0.0
reach,0,5,15,visual_mass,32,32,0.9999999937135726,0.9999999904539436,0.999999996740371
reach,0,6,0,spatial_distance_patches,32,32,8.068351157463638,8.059593078372515,8.076723999620027
reach,0,6,0,temporal_distance_frames,32,32,0.12261894532796426,0.12163598085903164,0.1236577563447989
reach,0,6,0,conditioning_mass,32,32,0.0,0.0,0.0
reach,0,6,0,visual_mass,32,32,0.9999999932479113,0.9999999911524355,0.9999999953433871
reach,0,6,1,spatial_distance_patches,32,32,7.770104436420001,7.7595528791017125,7.780714543233357
reach,0,6,1,temporal_distance_frames,32,32,0.24453673729180708,0.244031701800325,0.24505045806611928
reach,0,6,1,conditioning_mass,32,32,0.0,0.0,0.0
reach,0,6,1,visual_mass,32,32,0.9999999930150807,0.9999999904539436,0.9999999953433871
reach,0,6,2,spatial_distance_patches,32,32,7.092347887806801,7.0834226069436586,7.101578801972258
reach,0,6,2,temporal_distance_frames,32,32,0.15263419832244948,0.15197142143564923,0.1533044832951689
reach,0,6,2,conditioning_mass,32,32,0.0,0.0,0.0
reach,0,6,2,visual_mass,32,32,0.9999999953433871,0.999999993480742,0.9999999972060323
reach,0,6,3,spatial_distance_patches,32,32,7.943405847536344,7.9326168132265185,7.953996538885096
reach,0,6,3,temporal_distance_frames,32,32,0.10538156825528486,0.10448318010305978,0.10624553949027428
reach,0,6,3,conditioning_mass,32,32,0.0,0.0,0.0
reach,0,6,3,visual_mass,32,32,0.99999999278225,0.999999990221113,0.9999999951105565
reach,0,6,4,spatial_distance_patches,32,32,8.210722268352349,8.201971654829492,8.219349691847277
reach,0,6,4,temporal_distance_frames,32,32,0.05682165194019452,0.05646155238830552,0.05717516994028576
reach,0,6,4,conditioning_mass,32,32,0.0,0.0,0.0
reach,0,6,4,visual_mass,32,32,0.9999999965075403,0.9999999946448952,0.9999999983701855
reach,0,6,5,spatial_distance_patches,32,32,7.446368704202137,7.435219124784118,7.457047401883964
reach,0,6,5,temporal_distance_frames,32,32,0.1316922436609853,0.13079085383767605,0.13261236246605326
reach,0,6,5,conditioning_mass,32,32,0.0,0.0,0.0
reach,0,6,5,visual_mass,32,32,0.9999999944120646,0.9999999909196049,0.9999999974388629
reach,0,6,6,spatial_distance_patches,32,32,7.926900013913068,7.916769338184362,7.937030451793033
reach,0,6,6,temporal_distance_frames,32,32,0.22373108244476603,0.2225565774078055,0.2249351109986648
reach,0,6,6,conditioning_mass,32,32,0.0,0.0,0.0
reach,0,6,6,visual_mass,32,32,0.9999999951105565,0.9999999930150807,0.9999999969732016
reach,0,6,7,spatial_distance_patches,32,32,8.160790476232894,8.1485861863151,8.173237558899597
reach,0,6,7,temporal_distance_frames,32,32,0.24179263017518832,0.24110450288355306,0.24246808532063452
reach,0,6,7,conditioning_mass,32,32,0.0,0.0,0.0
reach,0,6,7,visual_mass,32,32,0.9999999932479113,0.9999999911524355,0.9999999953433871
reach,0,6,8,spatial_distance_patches,32,32,7.294165569140759,7.288145474152901,7.29999364007342
reach,0,6,8,temporal_distance_frames,32,32,0.06167854577513362,0.06115512284023693,0.062153406057952325
reach,0,6,8,conditioning_mass,32,32,0.0,0.0,0.0
reach,0,6,8,visual_mass,32,32,0.9999999930150807,0.999999990221113,0.9999999958090484
reach,0,6,9,spatial_distance_patches,32,32,7.0774834785615095,7.071437135168646,7.083866958306721
reach,0,6,9,temporal_distance_frames,32,32,0.04728691562647766,0.046576243470519016,0.0480265696495121
reach,0,6,9,conditioning_mass,32,32,0.0,0.0,0.0
reach,0,6,9,visual_mass,32,32,0.9999999955762178,0.9999999939464033,0.9999999972060323
reach,0,6,10,spatial_distance_patches,32,32,7.615998993127896,7.605897042400866,7.625541783045334
reach,0,6,10,temporal_distance_frames,32,32,0.09900035344297271,0.09832650408484243,0.09965260104389084
reach,0,6,10,conditioning_mass,32,32,0.0,0.0,0.0
reach,0,6,10,visual_mass,32,32,0.9999999962747097,0.9999999944120646,0.9999999979045242
reach,0,6,11,spatial_distance_patches,32,32,7.599275698573249,7.591196220866544,7.607635650485791
reach,0,6,11,temporal_distance_frames,32,32,0.2058883470610779,0.20512177330798695,0.20663497726915064
reach,0,6,11,conditioning_mass,32,32,0.0,0.0,0.0
reach,0,6,11,visual_mass,32,32,0.9999999946448952,0.9999999925494194,0.999999996740371
reach,0,6,12,spatial_distance_patches,32,32,7.881124909281956,7.872395252553136,7.889709613826836
reach,0,6,12,temporal_distance_frames,32,32,0.12098391439059167,0.12013041005992707,0.12185232579363243
reach,0,6,12,conditioning_mass,32,32,0.0,0.0,0.0
reach,0,6,12,visual_mass,32,32,0.9999999944120646,0.9999999920837581,0.9999999965075403
reach,0,6,13,spatial_distance_patches,32,32,7.265513415151798,7.260046756981635,7.27086973497305
reach,0,6,13,temporal_distance_frames,32,32,0.19148830266441147,0.19034286330552153,0.1925494834259073
reach,0,6,13,conditioning_mass,32,32,0.0,0.0,0.0
reach,0,6,13,visual_mass,32,32,0.9999999932479113,0.9999999904539436,0.9999999958090484
reach,0,6,14,spatial_distance_patches,32,32,6.840134652191014,6.833390336129383,6.846724228963623
reach,0,6,14,temporal_distance_frames,32,32,0.25095213088743196,0.25042266826239723,0.2514857964197019
reach,0,6,14,conditioning_mass,32,32,0.0,0.0,0.0
reach,0,6,14,visual_mass,32,32,0.999999993480742,0.9999999906867743,0.9999999958090484
reach,0,6,15,spatial_distance_patches,32,32,7.0688822960917514,7.053977712172563,7.083006742091279
reach,0,6,15,temporal_distance_frames,32,32,0.1019402943921001,0.1011740755012144,0.10267215995479557
reach,0,6,15,conditioning_mass,32,32,0.0,0.0,0.0
reach,0,6,15,visual_mass,32,32,0.9999999941792339,0.9999999920837581,0.9999999962747097
reach,1,1,0,spatial_distance_patches,32,32,7.745555299474482,7.736872165976431,7.754334788738073
reach,1,1,0,temporal_distance_frames,32,32,0.0,0.0,0.0
reach,1,1,0,conditioning_mass,32,32,0.0,0.0,0.0
reach,1,1,0,visual_mass,32,32,0.999999996740371,0.999999993480742,0.9999999990686774
reach,1,1,1,spatial_distance_patches,32,32,7.7950410386430145,7.780691036721934,7.809543685338976
reach,1,1,1,temporal_distance_frames,32,32,0.0,0.0,0.0
reach,1,1,1,conditioning_mass,32,32,0.0,0.0,0.0
reach,1,1,1,visual_mass,32,32,0.9999999948777258,0.9999999916180968,0.9999999976716936
reach,1,1,2,spatial_distance_patches,32,32,6.9334275834387,6.9219121942384625,6.945294750402434
reach,1,1,2,temporal_distance_frames,32,32,0.0,0.0,0.0
reach,1,1,2,conditioning_mass,32,32,0.0,0.0,0.0
reach,1,1,2,visual_mass,32,32,0.9999999930150807,0.9999999892897904,0.9999999962747097
reach,1,1,3,spatial_distance_patches,32,32,7.027041756411603,7.012492110175475,7.040975499871587
reach,1,1,3,temporal_distance_frames,32,32,0.0,0.0,0.0
reach,1,1,3,conditioning_mass,32,32,0.0,0.0,0.0
reach,1,1,3,visual_mass,32,32,0.9999999930150807,0.999999990221113,0.9999999958090484
reach,1,1,4,spatial_distance_patches,32,32,7.7289544031184185,7.7170904470953126,7.740562084849458
reach,1,1,4,temporal_distance_frames,32,32,0.0,0.0,0.0
reach,1,1,4,conditioning_mass,32,32,0.0,0.0,0.0
reach,1,1,4,visual_mass,32,32,0.9999999948777258,0.9999999911524355,0.9999999981373549
reach,1,1,5,spatial_distance_patches,32,32,7.075560813770023,7.065999043389284,7.08508923149102
reach,1,1,5,temporal_distance_frames,32,32,0.0,0.0,0.0
reach,1,1,5,conditioning_mass,32,32,0.0,0.0,0.0
reach,1,1,5,visual_mass,32,32,0.9999999939464033,0.9999999906867743,0.999999996740371
reach,1,1,6,spatial_distance_patches,32,32,8.090934988778166,8.07987362900983,8.101681038508625
reach,1,1,6,temporal_distance_frames,32,32,0.0,0.0,0.0
reach,1,1,6,conditioning_mass,32,32,0.0,0.0,0.0
reach,1,1,6,visual_mass,32,32,0.9999999925494194,0.9999999892897904,0.9999999953433871
reach,1,1,7,spatial_distance_patches,32,32,7.8978895125753965,7.8865942545437955,7.910228624329547
reach,1,1,7,temporal_distance_frames,32,32,0.0,0.0,0.0
reach,1,1,7,conditioning_mass,32,32,0.0,0.0,0.0
reach,1,1,7,visual_mass,32,32,0.9999999916180968,0.9999999878928065,0.9999999953433871
reach,1,1,8,spatial_distance_patches,32,32,7.101671195629457,7.091943270233468,7.1116902663844765
reach,1,1,8,temporal_distance_frames,32,32,0.0,0.0,0.0
reach,1,1,8,conditioning_mass,32,32,0.0,0.0,0.0
reach,1,1,8,visual_mass,32,32,0.9999999948777258,0.9999999911524355,0.9999999981373549
reach,1,1,9,spatial_distance_patches,32,32,8.39570410008172,8.388615494844283,8.402725835836744
reach,1,1,9,temporal_distance_frames,32,32,0.0,0.0,0.0
reach,1,1,9,conditioning_mass,32,32,0.0,0.0,0.0
reach,1,1,9,visual_mass,32,32,0.9999999948777258,0.9999999906867743,0.9999999986030161
reach,1,1,10,spatial_distance_patches,32,32,7.468323225390085,7.458111012674796,7.478246736486093
reach,1,1,10,temporal_distance_frames,32,32,0.0,0.0,0.0
reach,1,1,10,conditioning_mass,32,32,0.0,0.0,0.0
reach,1,1,10,visual_mass,32,32,0.999999996740371,0.999999993480742,1.0
reach,1,1,11,spatial_distance_patches,32,32,7.508901499326108,7.498993959771667,7.518339911439268
reach,1,1,11,temporal_distance_frames,32,32,0.0,0.0,0.0
reach,1,1,11,conditioning_mass,32,32,0.0,0.0,0.0
reach,1,1,11,visual_mass,32,32,0.9999999925494194,0.9999999892897904,0.9999999958090484
reach,1,1,12,spatial_distance_patches,32,32,7.578504641116037,7.566379697394645,7.591055940663678
reach,1,1,12,temporal_distance_frames,32,32,0.0,0.0,0.0
reach,1,1,12,conditioning_mass,32,32,0.0,0.0,0.0
reach,1,1,12,visual_mass,32,32,0.9999999925494194,0.9999999888241291,0.9999999958090484
reach,1,1,13,spatial_distance_patches,32,32,8.307744366264398,8.293163515447565,8.323674895515044
reach,1,1,13,temporal_distance_frames,32,32,0.0,0.0,0.0
reach,1,1,13,conditioning_mass,32,32,0.0,0.0,0.0
reach,1,1,13,visual_mass,32,32,0.9999999962747097,0.9999999920837581,1.0000000004656613
reach,1,1,14,spatial_distance_patches,32,32,6.12395373512278,6.111404867862584,6.135688163805164
reach,1,1,14,temporal_distance_frames,32,32,0.0,0.0,0.0
reach,1,1,14,conditioning_mass,32,32,0.0,0.0,0.0
reach,1,1,14,visual_mass,32,32,0.9999999948777258,0.9999999916180968,0.9999999976716936
reach,1,1,15,spatial_distance_patches,32,32,7.706979102710171,7.6962272114452395,7.718094340336306
reach,1,1,15,temporal_distance_frames,32,32,0.0,0.0,0.0
reach,1,1,15,conditioning_mass,32,32,0.0,0.0,0.0
reach,1,1,15,visual_mass,32,32,0.9999999976716936,0.9999999958090484,0.9999999995343387
reach,1,2,0,spatial_distance_patches,32,32,7.738565862163576,7.730973531850344,7.746131370648449
reach,1,2,0,temporal_distance_frames,32,32,0.18101381718168918,0.1800505074705978,0.1819204567588678
reach,1,2,0,conditioning_mass,32,32,0.0,0.0,0.0
reach,1,2,0,visual_mass,32,32,0.9999999930150807,0.9999999911524355,0.9999999948777258
reach,1,2,1,spatial_distance_patches,32,32,7.930180985122653,7.91691585307746,7.943936663720482
reach,1,2,1,temporal_distance_frames,32,32,0.20518629008878533,0.2044251868217856,0.2059553148059455
reach,1,2,1,conditioning_mass,32,32,0.0,0.0,0.0
reach,1,2,1,visual_mass,32,32,0.9999999948777258,0.9999999925494194,0.9999999969732016
reach,1,2,2,spatial_distance_patches,32,32,7.0585618613702135,7.0483608821379065,7.069061562098101
reach,1,2,2,temporal_distance_frames,32,32,0.12244230658938848,0.12171409949507064,0.12319075204727434
reach,1,2,2,conditioning_mass,32,32,0.0,0.0,0.0
reach,1,2,2,visual_mass,32,32,0.9999999958090484,0.9999999930150807,0.9999999983701855
reach,1,2,3,spatial_distance_patches,32,32,6.941422505611009,6.927475042913963,6.954566831287272
reach,1,2,3,temporal_distance_frames,32,32,0.07851416852749354,0.07732788396283787,0.07964739514222968
reach,1,2,3,conditioning_mass,32,32,0.0,0.0,0.0
reach,1,2,3,visual_mass,32,32,0.999999996740371,0.9999999951105565,0.9999999981373549
reach,1,2,4,spatial_distance_patches,32,32,7.777504319762901,7.767382742708087,7.787453687059848
reach,1,2,4,temporal_distance_frames,32,32,0.25063719560093545,0.2500406724527182,0.25121791687786815
reach,1,2,4,conditioning_mass,32,32,0.0,0.0,0.0
reach,1,2,4,visual_mass,32,32,0.9999999937135726,0.9999999913852662,0.9999999958090484
reach,1,2,5,spatial_distance_patches,32,32,7.320855772223624,7.311400669823895,7.330757540443116
reach,1,2,5,temporal_distance_frames,32,32,0.2371312475183684,0.23615110549590562,0.23813251967692506
reach,1,2,5,conditioning_mass,32,32,0.0,0.0,0.0
reach,1,2,5,visual_mass,32,32,0.9999999946448952,0.9999999925494194,0.9999999965075403
reach,1,2,6,spatial_distance_patches,32,32,8.143419573871242,8.133870345958492,8.152809331294895
reach,1,2,6,temporal_distance_frames,32,32,0.1562413604069966,0.1553349052151976,0.15713756083940383
reach,1,2,6,conditioning_mass,32,32,0.0,0.0,0.0
reach,1,2,6,visual_mass,32,32,0.9999999944120646,0.9999999925494194,0.9999999960418791
reach,1,2,7,spatial_distance_patches,32,32,8.023651652177996,8.01227905927582,8.036290018979422
reach,1,2,7,temporal_distance_frames,32,32,0.2084098819601975,0.2077492526461186,0.2090357399370713
reach,1,2,7,conditioning_mass,32,32,0.0,0.0,0.0
reach,1,2,7,visual_mass,32,32,0.9999999925494194,0.9999999892897904,0.9999999955762178
reach,1,2,8,spatial_distance_patches,32,32,7.212890479925397,7.203984961522064,7.222089107686983
reach,1,2,8,temporal_distance_frames,32,32,0.23362477312817312,0.23266883741855326,0.23460687568166233
reach,1,2,8,conditioning_mass,32,32,0.0,0.0,0.0
reach,1,2,8,visual_mass,32,32,0.9999999979045242,0.9999999960418791,0.9999999995343387
reach,1,2,9,spatial_distance_patches,32,32,8.357558287682568,8.35262412355781,8.36267070652371
reach,1,2,9,temporal_distance_frames,32,32,0.1005102648279422,0.09978425578806595,0.10124758379629953
reach,1,2,9,conditioning_mass,32,32,0.0,0.0,0.0
reach,1,2,9,visual_mass,32,32,0.9999999948777258,0.9999999925494194,0.9999999972060323
reach,1,2,10,spatial_distance_patches,32,32,7.497988485803241,7.48865909545873,7.507148406209998
reach,1,2,10,temporal_distance_frames,32,32,0.12192809268534331,0.12097830917712998,0.12286296945344796
reach,1,2,10,conditioning_mass,32,32,0.0,0.0,0.0
reach,1,2,10,visual_mass,32,32,0.9999999946448952,0.9999999918509275,0.9999999969732016
reach,1,2,11,spatial_distance_patches,32,32,7.495692595765659,7.485130787065753,7.505634427384926
reach,1,2,11,temporal_distance_frames,32,32,0.02603273847486519,0.02554341150490889,0.02653863425662165
reach,1,2,11,conditioning_mass,32,32,0.0,0.0,0.0
reach,1,2,11,visual_mass,32,32,0.9999999925494194,0.9999999904539436,0.9999999946448952
reach,1,2,12,spatial_distance_patches,32,32,7.641685886365472,7.630594893780164,7.653175535291083
reach,1,2,12,temporal_distance_frames,32,32,0.21698114545055242,0.2159459678572139,0.21794482810890833
reach,1,2,12,conditioning_mass,32,32,0.0,0.0,0.0
reach,1,2,12,visual_mass,32,32,0.9999999951105565,0.99999999278225,0.9999999972060323
reach,1,2,13,spatial_distance_patches,32,32,8.118140558482512,8.10899308209183,8.12762226030217
reach,1,2,13,temporal_distance_frames,32,32,0.3335563637068475,0.3320534009001907,0.33501703265975746
reach,1,2,13,conditioning_mass,32,32,0.0,0.0,0.0
reach,1,2,13,visual_mass,32,32,0.9999999937135726,0.999999990221113,0.9999999976716936
reach,1,2,14,spatial_distance_patches,32,32,6.083399456859524,6.071856797017922,6.094336135089064
reach,1,2,14,temporal_distance_frames,32,32,0.10671736211948474,0.10594936826236508,0.10749478136126393
reach,1,2,14,conditioning_mass,32,32,0.0,0.0,0.0
reach,1,2,14,visual_mass,32,32,0.9999999946448952,0.9999999925494194,0.9999999969732016
reach,1,2,15,spatial_distance_patches,32,32,7.662025797973056,7.651122639584578,7.673565954003117
reach,1,2,15,temporal_distance_frames,32,32,0.134481897690772,0.13360876005911515,0.1353675259893984
reach,1,2,15,conditioning_mass,32,32,0.0,0.0,0.0
reach,1,2,15,visual_mass,32,32,0.9999999939464033,0.9999999913852662,0.9999999962747097
reach,1,3,0,spatial_distance_patches,32,32,7.793318220538443,7.784251035729882,7.802373332350275
reach,1,3,0,temporal_distance_frames,32,32,0.18293683681601064,0.18194590239030461,0.18383731574173337
reach,1,3,0,conditioning_mass,32,32,0.0,0.0,0.0
reach,1,3,0,visual_mass,32,32,0.9999999960418791,0.9999999944120646,0.9999999974388629
reach,1,3,1,spatial_distance_patches,32,32,7.851194086666522,7.838412070749522,7.863938586023718
reach,1,3,1,temporal_distance_frames,32,32,0.20599220595946702,0.20525201919139155,0.20671900103603613
reach,1,3,1,conditioning_mass,32,32,0.0,0.0,0.0
reach,1,3,1,visual_mass,32,32,0.9999999951105565,0.9999999932479113,0.9999999969732016
reach,1,3,2,spatial_distance_patches,32,32,7.14885431409186,7.139004734636185,7.15848229449158
reach,1,3,2,temporal_distance_frames,32,32,0.12091258750914452,0.1201353616222747,0.12166518172859025
reach,1,3,2,conditioning_mass,32,32,0.0,0.0,0.0
reach,1,3,2,visual_mass,32,32,0.9999999941792339,0.9999999918509275,0.9999999962747097
reach,1,3,3,spatial_distance_patches,32,32,6.868519444866347,6.852839788917884,6.88330394560362
reach,1,3,3,temporal_distance_frames,32,32,0.07466381237833736,0.07352044749191716,0.07574388479525193
reach,1,3,3,conditioning_mass,32,32,0.0,0.0,0.0
reach,1,3,3,visual_mass,32,32,0.9999999941792339,0.9999999918509275,0.9999999962747097
reach,1,3,4,spatial_distance_patches,32,32,7.920742449942487,7.913683123500582,7.92775732725205
reach,1,3,4,temporal_distance_frames,32,32,0.25104518945039833,0.25060391882686445,0.2514636627372013
reach,1,3,4,conditioning_mass,32,32,0.0,0.0,0.0
reach,1,3,4,visual_mass,32,32,0.9999999958090484,0.9999999937135726,0.9999999976716936
reach,1,3,5,spatial_distance_patches,32,32,7.277996547233872,7.266207780215802,7.290876022032833
reach,1,3,5,temporal_distance_frames,32,32,0.24299900450703493,0.2424346581661504,0.24355880177379305
reach,1,3,5,conditioning_mass,32,32,0.0,0.0,0.0
reach,1,3,5,visual_mass,32,32,0.9999999944120646,0.9999999923165888,0.9999999962747097
reach,1,3,6,spatial_distance_patches,32,32,8.077515395715253,8.069582599222127,8.085535641717582
reach,1,3,6,temporal_distance_frames,32,32,0.15727141879680395,0.15646214453754667,0.15804993598868777
reach,1,3,6,conditioning_mass,32,32,0.0,0.0,0.0
reach,1,3,6,visual_mass,32,32,0.9999999958090484,0.9999999939464033,0.9999999976716936
reach,1,3,7,spatial_distance_patches,32,32,7.998200057063366,7.987107892585013,8.010855247047122
reach,1,3,7,temporal_distance_frames,32,32,0.20917856776965046,0.2084663427426897,0.2098521597109484
reach,1,3,7,conditioning_mass,32,32,0.0,0.0,0.0
reach,1,3,7,visual_mass,32,32,0.999999993480742,0.9999999913852662,0.9999999958090484
reach,1,3,8,spatial_distance_patches,32,32,7.268380933131345,7.260009147000646,7.276872329351674
reach,1,3,8,temporal_distance_frames,32,32,0.23004333864833565,0.22931012912908524,0.23083117083970725
reach,1,3,8,conditioning_mass,32,32,0.0,0.0,0.0
reach,1,3,8,visual_mass,32,32,0.9999999932479113,0.9999999909196049,0.9999999953433871
reach,1,3,9,spatial_distance_patches,32,32,8.339694472399465,8.335777923803418,8.343766571373175
reach,1,3,9,temporal_distance_frames,32,32,0.10074216437193248,0.10004758422344188,0.10142325503235346
reach,1,3,9,conditioning_mass,32,32,0.0,0.0,0.0
reach,1,3,9,visual_mass,32,32,0.999999993480742,0.9999999913852662,0.9999999955762178
reach,1,3,10,spatial_distance_patches,32,32,7.559205218662537,7.552630869548691,7.565801415307614
reach,1,3,10,temporal_distance_frames,32,32,0.11692016583646024,0.11615102377610209,0.11769570446623762
reach,1,3,10,conditioning_mass,32,32,0.0,0.0,0.0
reach,1,3,10,visual_mass,32,32,0.9999999946448952,0.9999999925494194,0.999999996740371
reach,1,3,11,spatial_distance_patches,32,32,7.456772553141853,7.445171537857093,7.468266800794677
reach,1,3,11,temporal_distance_frames,32,32,0.025399157827786005,0.024963671521291027,0.02584921564422136
reach,1,3,11,conditioning_mass,32,32,0.0,0.0,0.0
reach,1,3,11,visual_mass,32,32,0.9999999937135726,0.9999999916180968,0.9999999960418791
reach,1,3,12,spatial_distance_patches,32,32,7.667680775986467,7.6579949172280735,7.677471541664819
reach,1,3,12,temporal_distance_frames,32,32,0.21985208024302677,0.21892311345168985,0.22072590847256446
reach,1,3,12,conditioning_mass,32,32,0.0,0.0,0.0
reach,1,3,12,visual_mass,32,32,0.9999999951105565,0.9999999925494194,0.9999999979045242
reach,1,3,13,spatial_distance_patches,32,32,8.034791160581271,8.025950739284738,8.043664900410299
reach,1,3,13,temporal_distance_frames,32,32,0.3471184803104477,0.3456344685277209,0.3485992485806303
reach,1,3,13,conditioning_mass,32,32,0.0,0.0,0.0
reach,1,3,13,visual_mass,32,32,0.9999999951105565,0.9999999923165888,0.9999999979045242
reach,1,3,14,spatial_distance_patches,32,32,6.169114131861407,6.157610322170925,6.180034334468885
reach,1,3,14,temporal_distance_frames,32,32,0.10506555917425714,0.10435344876143311,0.10579104766203809
reach,1,3,14,conditioning_mass,32,32,0.0,0.0,0.0
reach,1,3,14,visual_mass,32,32,0.9999999951105565,0.9999999930150807,0.9999999974388629
reach,1,3,15,spatial_distance_patches,32,32,7.676113825646395,7.665711723376531,7.6876025797890835
reach,1,3,15,temporal_distance_frames,32,32,0.12504114326865068,0.12424491437358055,0.12579840864428748
reach,1,3,15,conditioning_mass,32,32,0.0,0.0,0.0
reach,1,3,15,visual_mass,32,32,0.9999999953433871,0.9999999930150807,0.9999999976716936
reach,1,4,0,spatial_distance_patches,32,32,7.804218202194988,7.796095000972605,7.8121411243549295
reach,1,4,0,temporal_distance_frames,32,32,0.18329881244049398,0.18226660435514713,0.1842399909690871
reach,1,4,0,conditioning_mass,32,32,0.0,0.0,0.0
reach,1,4,0,visual_mass,32,32,0.999999996740371,0.9999999948777258,0.9999999988358468
reach,1,4,1,spatial_distance_patches,32,32,7.8537212844727415,7.837831672885874,7.869092630398345
reach,1,4,1,temporal_distance_frames,32,32,0.20680100008647834,0.20607215156569333,0.20750944277167147
reach,1,4,1,conditioning_mass,32,32,0.0,0.0,0.0
reach,1,4,1,visual_mass,32,32,0.9999999941792339,0.9999999920837581,0.9999999962747097
reach,1,4,2,spatial_distance_patches,32,32,7.166598788070724,7.155647709633369,7.177012790315754
reach,1,4,2,temporal_distance_frames,32,32,0.12033208840667171,0.11961453824987506,0.12101914578282194
reach,1,4,2,conditioning_mass,32,32,0.0,0.0,0.0
reach,1,4,2,visual_mass,32,32,0.9999999939464033,0.9999999918509275,0.9999999960418791
reach,1,4,3,spatial_distance_patches,32,32,6.886369435039374,6.868421775347673,6.90320437206369
reach,1,4,3,temporal_distance_frames,32,32,0.07526365610299654,0.07408544646239834,0.07639176585779951
reach,1,4,3,conditioning_mass,32,32,0.0,0.0,0.0
reach,1,4,3,visual_mass,32,32,0.9999999932479113,0.9999999909196049,0.9999999953433871
reach,1,4,4,spatial_distance_patches,32,32,7.977756066171592,7.97203587509825,7.983477439068452
reach,1,4,4,temporal_distance_frames,32,32,0.2542158864311589,0.2537756324481834,0.25465355577315457
reach,1,4,4,conditioning_mass,32,32,0.0,0.0,0.0
reach,1,4,4,visual_mass,32,32,0.9999999951105565,0.9999999930150807,0.9999999969732016
reach,1,4,5,spatial_distance_patches,32,32,7.286496554168584,7.27422785601093,7.299954508570313
reach,1,4,5,temporal_distance_frames,32,32,0.24358907950394354,0.24308625906842016,0.24410753880399177
reach,1,4,5,conditioning_mass,32,32,0.0,0.0,0.0
reach,1,4,5,visual_mass,32,32,0.9999999955762178,0.9999999939464033,0.9999999972060323
reach,1,4,6,spatial_distance_patches,32,32,8.080736233306613,8.07333646354436,8.08838017030343
reach,1,4,6,temporal_distance_frames,32,32,0.15461763179064336,0.1537640735295869,0.1554404727985022
reach,1,4,6,conditioning_mass,32,32,0.0,0.0,0.0
reach,1,4,6,visual_mass,32,32,0.9999999955762178,0.9999999939464033,0.9999999972060323
reach,1,4,7,spatial_distance_patches,32,32,8.018054619516295,8.007130991793304,8.030238570470058
reach,1,4,7,temporal_distance_frames,32,32,0.21218272485798484,0.21164457940402037,0.2126947041302651
reach,1,4,7,conditioning_mass,32,32,0.0,0.0,0.0
reach,1,4,7,visual_mass,32,32,0.9999999955762178,0.999999993480742,0.9999999974388629
reach,1,4,8,spatial_distance_patches,32,32,7.289943735182552,7.280970041775823,7.2990974520779845
reach,1,4,8,temporal_distance_frames,32,32,0.22968160813810312,0.22901825065825246,0.23039303522603033
reach,1,4,8,conditioning_mass,32,32,0.0,0.0,0.0
reach,1,4,8,visual_mass,32,32,0.999999993480742,0.9999999913852662,0.9999999955762178
reach,1,4,9,spatial_distance_patches,32,32,8.353205716437209,8.349660375622014,8.35679373431275
reach,1,4,9,temporal_distance_frames,32,32,0.10165999489880002,0.10092126557705974,0.10239410568498208
reach,1,4,9,conditioning_mass,32,32,0.0,0.0,0.0
reach,1,4,9,visual_mass,32,32,0.9999999941792339,0.9999999911524355,0.999999996740371
reach,1,4,10,spatial_distance_patches,32,32,7.598029646658484,7.592490446716756,7.603634930927979
reach,1,4,10,temporal_distance_frames,32,32,0.11525728955293482,0.11453467836273347,0.11598960932562376
reach,1,4,10,conditioning_mass,32,32,0.0,0.0,0.0
reach,1,4,10,visual_mass,32,32,0.9999999944120646,0.9999999923165888,0.9999999965075403
reach,1,4,11,spatial_distance_patches,32,32,7.445688678591894,7.434849462534523,7.456509445063927
reach,1,4,11,temporal_distance_frames,32,32,0.02527739687737913,0.024885889110271217,0.025679127278337776
reach,1,4,11,conditioning_mass,32,32,0.0,0.0,0.0
reach,1,4,11,visual_mass,32,32,0.9999999944120646,0.9999999923165888,0.9999999962747097
reach,1,4,12,spatial_distance_patches,32,32,7.679594436526721,7.668574882124851,7.690442943080836
reach,1,4,12,temporal_distance_frames,32,32,0.22085044620506467,0.21991425663132733,0.22175986755418653
reach,1,4,12,conditioning_mass,32,32,0.0,0.0,0.0
reach,1,4,12,visual_mass,32,32,0.9999999939464033,0.9999999913852662,0.9999999962747097
reach,1,4,13,spatial_distance_patches,32,32,7.98507534520505,7.977066741894459,7.99311057836909
reach,1,4,13,temporal_distance_frames,32,32,0.3495763919559145,0.34800797720959026,0.351170574138302
reach,1,4,13,conditioning_mass,32,32,0.0,0.0,0.0
reach,1,4,13,visual_mass,32,32,0.9999999944120646,0.9999999918509275,0.9999999965075403
reach,1,4,14,spatial_distance_patches,32,32,6.236972935435865,6.2257740453156405,6.247754912349153
reach,1,4,14,temporal_distance_frames,32,32,0.10521121922006878,0.10452878159794243,0.10590440645065582
reach,1,4,14,conditioning_mass,32,32,0.0,0.0,0.0
reach,1,4,14,visual_mass,32,32,0.9999999925494194,0.9999999899882823,0.9999999951105565
reach,1,4,15,spatial_distance_patches,32,32,7.673426454736967,7.663495963027697,7.684319493532839
reach,1,4,15,temporal_distance_frames,32,32,0.12199319059744967,0.12111776895340315,0.12281173531127187
reach,1,4,15,conditioning_mass,32,32,0.0,0.0,0.0
reach,1,4,15,visual_mass,32,32,0.9999999939464033,0.9999999913852662,0.9999999962747097
reach,1,5,0,spatial_distance_patches,32,32,7.817300111636637,7.809434714447252,7.825062096010295
reach,1,5,0,temporal_distance_frames,32,32,0.18420555361425223,0.18310618730738998,0.18523301153026295
reach,1,5,0,conditioning_mass,32,32,0.0,0.0,0.0
reach,1,5,0,visual_mass,32,32,0.9999999930150807,0.999999990221113,0.9999999955762178
reach,1,5,1,spatial_distance_patches,32,32,7.877864822069474,7.858226998199995,7.896298853179743
reach,1,5,1,temporal_distance_frames,32,32,0.20714266758494757,0.206452499444444,0.20780961849434698
reach,1,5,1,conditioning_mass,32,32,0.0,0.0,0.0
reach,1,5,1,visual_mass,32,32,0.9999999939464033,0.9999999913852662,0.9999999962747097
reach,1,5,2,spatial_distance_patches,32,32,7.163109360791269,7.150560731399848,7.175272699605052
reach,1,5,2,temporal_distance_frames,32,32,0.1208769804541911,0.12016804710165738,0.1215717591697179
reach,1,5,2,conditioning_mass,32,32,0.0,0.0,0.0
reach,1,5,2,visual_mass,32,32,0.9999999939464033,0.9999999916180968,0.9999999960418791
reach,1,5,3,spatial_distance_patches,32,32,6.908779340121202,6.890635410145298,6.925860382986291
reach,1,5,3,temporal_distance_frames,32,32,0.07603618289344155,0.07482663061846681,0.07720005525047009
reach,1,5,3,conditioning_mass,32,32,0.0,0.0,0.0
reach,1,5,3,visual_mass,32,32,0.9999999951105565,0.9999999925494194,0.9999999974388629
reach,1,5,4,spatial_distance_patches,32,32,7.998160216915815,7.992934980613969,8.003209663180547
reach,1,5,4,temporal_distance_frames,32,32,0.2553117333701953,0.2548980618367529,0.25570050346087697
reach,1,5,4,conditioning_mass,32,32,0.0,0.0,0.0
reach,1,5,4,visual_mass,32,32,0.9999999948777258,0.99999999278225,0.999999996740371
reach,1,5,5,spatial_distance_patches,32,32,7.294899849658376,7.282003330758989,7.308839449786224
reach,1,5,5,temporal_distance_frames,32,32,0.24469696494967152,0.24422026068212238,0.2451820195070213
reach,1,5,5,conditioning_mass,32,32,0.0,0.0,0.0
reach,1,5,5,visual_mass,32,32,0.9999999953433871,0.9999999932479113,0.9999999972060323
reach,1,5,6,spatial_distance_patches,32,32,8.07362966848707,8.065922398409194,8.08170967085175
reach,1,5,6,temporal_distance_frames,32,32,0.15374054929574327,0.1529029180424012,0.1545473390242255
reach,1,5,6,conditioning_mass,32,32,0.0,0.0,0.0
reach,1,5,6,visual_mass,32,32,0.999999993480742,0.9999999909196049,0.9999999958090484
reach,1,5,7,spatial_distance_patches,32,32,8.027545556632074,8.015569970934765,8.040501459383913
reach,1,5,7,temporal_distance_frames,32,32,0.21401762183949086,0.21354477119556553,0.2144787350235434
reach,1,5,7,conditioning_mass,32,32,0.0,0.0,0.0
reach,1,5,7,visual_mass,32,32,0.9999999939464033,0.9999999916180968,0.9999999960418791
reach,1,5,8,spatial_distance_patches,32,32,7.312621462650188,7.30376123040259,7.321651515192991
reach,1,5,8,temporal_distance_frames,32,32,0.22859816799198424,0.2278465123882209,0.22940862624543246
reach,1,5,8,conditioning_mass,32,32,0.0,0.0,0.0
reach,1,5,8,visual_mass,32,32,0.9999999939464033,0.9999999911524355,0.999999996740371
reach,1,5,9,spatial_distance_patches,32,32,8.360226392593754,8.35621863389798,8.364289500351617
reach,1,5,9,temporal_distance_frames,32,32,0.10180676854408068,0.10111061181800926,0.10250531590084998
reach,1,5,9,conditioning_mass,32,32,0.0,0.0,0.0
reach,1,5,9,visual_mass,32,32,0.9999999953433871,0.99999999278225,0.9999999979045242
reach,1,5,10,spatial_distance_patches,32,32,7.614965912388129,7.609771830497115,7.620315466548532
reach,1,5,10,temporal_distance_frames,32,32,0.11363979973303925,0.11290409870949603,0.11437838902295738
reach,1,5,10,conditioning_mass,32,32,0.0,0.0,0.0
reach,1,5,10,visual_mass,32,32,0.9999999962747097,0.9999999937135726,0.9999999988358468
reach,1,5,11,spatial_distance_patches,32,32,7.434259793748733,7.423479309165621,7.4450047717070005
reach,1,5,11,temporal_distance_frames,32,32,0.025230724109790877,0.024842581213863377,0.025627761202178446
reach,1,5,11,conditioning_mass,32,32,0.0,0.0,0.0
reach,1,5,11,visual_mass,32,32,0.9999999951105565,0.9999999920837581,0.9999999979045242
reach,1,5,12,spatial_distance_patches,32,32,7.689750835509205,7.678430705188906,7.7007914041116265
reach,1,5,12,temporal_distance_frames,32,32,0.22098542763390042,0.2201717116588198,0.22180264659749496
reach,1,5,12,conditioning_mass,32,32,0.0,0.0,0.0
reach,1,5,12,visual_mass,32,32,0.9999999946448952,0.9999999920837581,0.9999999969732016
reach,1,5,13,spatial_distance_patches,32,32,7.979195831271904,7.971695463166746,7.986547184468237
reach,1,5,13,temporal_distance_frames,32,32,0.34834431133355065,0.3468771408906464,0.3498680379358435
reach,1,5,13,conditioning_mass,32,32,0.0,0.0,0.0
reach,1,5,13,visual_mass,32,32,0.9999999960418791,0.9999999930150807,0.9999999988358468
reach,1,5,14,spatial_distance_patches,32,32,6.268410514146799,6.256766432751555,6.27973602699389
reach,1,5,14,temporal_distance_frames,32,32,0.10561452364473767,0.10491642211363203,0.10632540879156338
reach,1,5,14,conditioning_mass,32,32,0.0,0.0,0.0
reach,1,5,14,visual_mass,32,32,0.9999999930150807,0.999999990221113,0.9999999955762178
reach,1,5,15,spatial_distance_patches,32,32,7.672174828525674,7.66290532348294,7.682019738708993
reach,1,5,15,temporal_distance_frames,32,32,0.12106569112574514,0.12027763143744015,0.12182016500489577
reach,1,5,15,conditioning_mass,32,32,0.0,0.0,0.0
reach,1,5,15,visual_mass,32,32,0.9999999955762178,0.999999993480742,0.9999999974388629
reach,1,6,0,spatial_distance_patches,32,32,7.825480934831676,7.817893026674967,7.832945872092648
reach,1,6,0,temporal_distance_frames,32,32,0.18487457004992452,0.18379607619013888,0.18591241811713435
reach,1,6,0,conditioning_mass,32,32,0.0,0.0,0.0
reach,1,6,0,visual_mass,32,32,0.99999999278225,0.9999999906867743,0.9999999946448952
reach,1,6,1,spatial_distance_patches,32,32,7.906177840742981,7.884510884103936,7.926217799498525
reach,1,6,1,temporal_distance_frames,32,32,0.20694408996619737,0.20626189462873504,0.20758105600502097
reach,1,6,1,conditioning_mass,32,32,0.0,0.0,0.0
reach,1,6,1,visual_mass,32,32,0.9999999960418791,0.9999999941792339,0.9999999976716936
reach,1,6,2,spatial_distance_patches,32,32,7.155004660108062,7.141588726462111,7.168160297889211
reach,1,6,2,temporal_distance_frames,32,32,0.12099187783577954,0.12033357000974798,0.1216521618737897
reach,1,6,2,conditioning_mass,32,32,0.0,0.0,0.0
reach,1,6,2,visual_mass,32,32,0.9999999939464033,0.9999999918509275,0.9999999960418791
reach,1,6,3,spatial_distance_patches,32,32,6.919264710975854,6.900717163925927,6.936823988183938
reach,1,6,3,temporal_distance_frames,32,32,0.07761933349922026,0.07637279147821324,0.0788055898286111
reach,1,6,3,conditioning_mass,32,32,0.0,0.0,0.0
reach,1,6,3,visual_mass,32,32,0.99999999278225,0.999999989522621,0.9999999958090484
reach,1,6,4,spatial_distance_patches,32,32,8.007586224056741,8.002431266678398,8.012748691131426
reach,1,6,4,temporal_distance_frames,32,32,0.25537280089249464,0.25494723571941486,0.2557719308302714
reach,1,6,4,conditioning_mass,32,32,0.0,0.0,0.0
reach,1,6,4,visual_mass,32,32,0.9999999948777258,0.9999999925494194,0.9999999969732016
reach,1,6,5,spatial_distance_patches,32,32,7.288840742866457,7.274834993471299,7.303375641822522
reach,1,6,5,temporal_distance_frames,32,32,0.2450860459142794,0.24459316655185823,0.2455872944533851
reach,1,6,5,conditioning_mass,32,32,0.0,0.0,0.0
reach,1,6,5,visual_mass,32,32,0.9999999948777258,0.9999999923165888,0.9999999974388629
reach,1,6,6,spatial_distance_patches,32,32,8.067328026897174,8.059273709444502,8.075727096030397
reach,1,6,6,temporal_distance_frames,32,32,0.1531674321550549,0.15240365120653546,0.15391590820872902
reach,1,6,6,conditioning_mass,32,32,0.0,0.0,0.0
reach,1,6,6,visual_mass,32,32,0.9999999944120646,0.9999999923165888,0.9999999962747097
reach,1,6,7,spatial_distance_patches,32,32,8.025329834082811,8.012212412343365,8.039177099218614
reach,1,6,7,temporal_distance_frames,32,32,0.2150566087626968,0.21462423152216892,0.21548459505304884
reach,1,6,7,conditioning_mass,32,32,0.0,0.0,0.0
reach,1,6,7,visual_mass,32,32,0.99999999278225,0.9999999904539436,0.9999999948777258
reach,1,6,8,spatial_distance_patches,32,32,7.329134903711443,7.320415793137424,7.338086309991609
reach,1,6,8,temporal_distance_frames,32,32,0.2266459099857136,0.2258353761688619,0.2275064474513808
reach,1,6,8,conditioning_mass,32,32,0.0,0.0,0.0
reach,1,6,8,visual_mass,32,32,0.9999999941792339,0.9999999918509275,0.9999999962747097
reach,1,6,9,spatial_distance_patches,32,32,8.362502199362645,8.357320279771963,8.367779718682327
reach,1,6,9,temporal_distance_frames,32,32,0.10215898761792527,0.10149610021327199,0.10282104983877897
reach,1,6,9,conditioning_mass,32,32,0.0,0.0,0.0
reach,1,6,9,visual_mass,32,32,0.9999999930150807,0.9999999904539436,0.9999999953433871
reach,1,6,10,spatial_distance_patches,32,32,7.623717927732109,7.618585799949973,7.629098069970955
reach,1,6,10,temporal_distance_frames,32,32,0.11234875820139856,0.11156275736214229,0.11313901737592519
reach,1,6,10,conditioning_mass,32,32,0.0,0.0,0.0
reach,1,6,10,visual_mass,32,32,0.999999993480742,0.9999999911524355,0.9999999955762178
reach,1,6,11,spatial_distance_patches,32,32,7.41214644951528,7.400795113501034,7.423243010929167
reach,1,6,11,temporal_distance_frames,32,32,0.025086389676989944,0.024689279262243354,0.025489607808329078
reach,1,6,11,conditioning_mass,32,32,0.0,0.0,0.0
reach,1,6,11,visual_mass,32,32,0.9999999944120646,0.9999999918509275,0.999999996740371
reach,1,6,12,spatial_distance_patches,32,32,7.69667898147487,7.685162461083283,7.707941757360156
reach,1,6,12,temporal_distance_frames,32,32,0.2213829874232835,0.2206003980904157,0.2222285091599968
reach,1,6,12,conditioning_mass,32,32,0.0,0.0,0.0
reach,1,6,12,visual_mass,32,32,0.9999999948777258,0.9999999923165888,0.9999999972060323
reach,1,6,13,spatial_distance_patches,32,32,7.985818497827867,7.978906772540851,7.992635687978658
reach,1,6,13,temporal_distance_frames,32,32,0.34696889229014216,0.34548728313581445,0.3485144725953155
reach,1,6,13,conditioning_mass,32,32,0.0,0.0,0.0
reach,1,6,13,visual_mass,32,32,0.9999999979045242,0.9999999946448952,1.0000000011641532
reach,1,6,14,spatial_distance_patches,32,32,6.293196458040054,6.281841453977985,6.30451890745722
reach,1,6,14,temporal_distance_frames,32,32,0.10679921207318382,0.10607995847455005,0.10750479447343654
reach,1,6,14,conditioning_mass,32,32,0.0,0.0,0.0
reach,1,6,14,visual_mass,32,32,0.9999999932479113,0.9999999909196049,0.9999999953433871
reach,1,6,15,spatial_distance_patches,32,32,7.669626493544938,7.660453663894705,7.6788777257479195
reach,1,6,15,temporal_distance_frames,32,32,0.12099167691174441,0.1201853516868255,0.12176843436668272
reach,1,6,15,conditioning_mass,32,32,0.0,0.0,0.0
reach,1,6,15,visual_mass,32,32,0.9999999958090484,0.9999999937135726,0.9999999976716936
reach,2,1,0,spatial_distance_patches,32,32,7.01415049055141,7.0022600987900905,7.026780208338605
reach,2,1,0,temporal_distance_frames,32,32,0.0,0.0,0.0
reach,2,1,0,conditioning_mass,32,32,0.0,0.0,0.0
reach,2,1,0,visual_mass,32,32,0.9999999939464033,0.9999999911524355,0.999999996740371
reach,2,1,1,spatial_distance_patches,32,32,6.515166128416598,6.5083534412418915,6.521693024985455
reach,2,1,1,temporal_distance_frames,32,32,0.0,0.0,0.0
reach,2,1,1,conditioning_mass,32,32,0.0,0.0,0.0
reach,2,1,1,visual_mass,32,32,0.9999999939464033,0.9999999897554517,0.9999999981373549
reach,2,1,2,spatial_distance_patches,32,32,6.578208491323903,6.566970164414231,6.58911948576135
reach,2,1,2,temporal_distance_frames,32,32,0.0,0.0,0.0
reach,2,1,2,conditioning_mass,32,32,0.0,0.0,0.0
reach,2,1,2,visual_mass,32,32,0.9999999948777258,0.9999999925494194,0.9999999972060323
reach,2,1,3,spatial_distance_patches,32,32,6.785732970281856,6.76701916665647,6.80342415445765
reach,2,1,3,temporal_distance_frames,32,32,0.0,0.0,0.0
reach,2,1,3,conditioning_mass,32,32,0.0,0.0,0.0
reach,2,1,3,visual_mass,32,32,0.9999999944120646,0.9999999916180968,0.9999999972060323
reach,2,1,4,spatial_distance_patches,32,32,7.9241087840612945,7.911744329971998,7.936278900953323
reach,2,1,4,temporal_distance_frames,32,32,0.0,0.0,0.0
reach,2,1,4,conditioning_mass,32,32,0.0,0.0,0.0
reach,2,1,4,visual_mass,32,32,0.9999999925494194,0.9999999878928065,0.9999999976716936
reach,2,1,5,spatial_distance_patches,32,32,7.465887676293145,7.411220652837129,7.520892215622527
reach,2,1,5,temporal_distance_frames,32,32,0.0,0.0,0.0
reach,2,1,5,conditioning_mass,32,32,0.0,0.0,0.0
reach,2,1,5,visual_mass,32,32,0.9999999920837581,0.9999999878928065,0.9999999958090484
reach,2,1,6,spatial_distance_patches,32,32,7.964271008757814,7.95215772055385,7.9756386845722345
reach,2,1,6,temporal_distance_frames,32,32,0.0,0.0,0.0
reach,2,1,6,conditioning_mass,32,32,0.0,0.0,0.0
reach,2,1,6,visual_mass,32,32,0.9999999920837581,0.9999999892897904,0.9999999948777258
reach,2,1,7,spatial_distance_patches,32,32,7.872500184275081,7.861021668590257,7.883825822306733
reach,2,1,7,temporal_distance_frames,32,32,0.0,0.0,0.0
reach,2,1,7,conditioning_mass,32,32,0.0,0.0,0.0
reach,2,1,7,visual_mass,32,32,0.9999999944120646,0.9999999920837581,0.999999996740371
reach,2,1,8,spatial_distance_patches,32,32,6.690327300479627,6.677624847961513,6.702732687051517
reach,2,1,8,temporal_distance_frames,32,32,0.0,0.0,0.0
reach,2,1,8,conditioning_mass,32,32,0.0,0.0,0.0
reach,2,1,8,visual_mass,32,32,0.9999999962747097,0.9999999939464033,0.9999999981373549
reach,2,1,9,spatial_distance_patches,32,32,7.390955034644833,7.383254006218176,7.398989672534412
reach,2,1,9,temporal_distance_frames,32,32,0.0,0.0,0.0
reach,2,1,9,conditioning_mass,32,32,0.0,0.0,0.0
reach,2,1,9,visual_mass,32,32,0.9999999939464033,0.9999999911524355,0.9999999962747097
reach,2,1,10,spatial_distance_patches,32,32,6.993980980547978,6.982178882809996,7.005776593385294
reach,2,1,10,temporal_distance_frames,32,32,0.0,0.0,0.0
reach,2,1,10,conditioning_mass,32,32,0.0,0.0,0.0
reach,2,1,10,visual_mass,32,32,0.9999999953433871,0.9999999925494194,0.9999999976716936
reach,2,1,11,spatial_distance_patches,32,32,7.46107646223361,7.454399593117627,7.467806709370785
reach,2,1,11,temporal_distance_frames,32,32,0.0,0.0,0.0
reach,2,1,11,conditioning_mass,32,32,0.0,0.0,0.0
reach,2,1,11,visual_mass,32,32,0.9999999958090484,0.9999999925494194,0.9999999986030161
reach,2,1,12,spatial_distance_patches,32,32,7.232372533367522,7.2133554585129875,7.251319786697807
reach,2,1,12,temporal_distance_frames,32,32,0.0,0.0,0.0
reach,2,1,12,conditioning_mass,32,32,0.0,0.0,0.0
reach,2,1,12,visual_mass,32,32,0.9999999948777258,0.9999999911524355,0.9999999990686774
reach,2,1,13,spatial_distance_patches,32,32,6.6454543128851995,6.635075449203844,6.655412509035158
reach,2,1,13,temporal_distance_frames,32,32,0.0,0.0,0.0
reach,2,1,13,conditioning_mass,32,32,0.0,0.0,0.0
reach,2,1,13,visual_mass,32,32,0.9999999939464033,0.9999999911524355,0.999999996740371
reach,2,1,14,spatial_distance_patches,32,32,7.240401787133656,7.215643761560408,7.265566053559254
reach,2,1,14,temporal_distance_frames,32,32,0.0,0.0,0.0
reach,2,1,14,conditioning_mass,32,32,0.0,0.0,0.0
reach,2,1,14,visual_mass,32,32,0.9999999920837581,0.9999999883584678,0.9999999953433871
reach,2,1,15,spatial_distance_patches,32,32,6.981807418987003,6.976604278380008,6.987022489749341
reach,2,1,15,temporal_distance_frames,32,32,0.0,0.0,0.0
reach,2,1,15,conditioning_mass,32,32,0.0,0.0,0.0
reach,2,1,15,visual_mass,32,32,0.999999993480742,0.9999999906867743,0.9999999962747097
reach,2,2,0,spatial_distance_patches,32,32,7.031867593406212,7.021416674079864,7.043287615270724
reach,2,2,0,temporal_distance_frames,32,32,0.04847468862434752,0.04790953297900092,0.04904018461422828
reach,2,2,0,conditioning_mass,32,32,0.0,0.0,0.0
reach,2,2,0,visual_mass,32,32,0.9999999960418791,0.9999999932479113,0.9999999988358468
reach,2,2,1,spatial_distance_patches,32,32,6.489075023745627,6.482707166751293,6.495172005275896
reach,2,2,1,temporal_distance_frames,32,32,0.00378888547262533,0.0036753736051734786,0.0038980651258172343
reach,2,2,1,conditioning_mass,32,32,0.0,0.0,0.0
reach,2,2,1,visual_mass,32,32,0.9999999951105565,0.9999999932479113,0.9999999969732016
reach,2,2,2,spatial_distance_patches,32,32,6.601778497758245,6.591272387771911,6.612091806051037
reach,2,2,2,temporal_distance_frames,32,32,0.01227390294641506,0.01192075703127286,0.012625215494325182
reach,2,2,2,conditioning_mass,32,32,0.0,0.0,0.0
reach,2,2,2,visual_mass,32,32,0.9999999932479113,0.9999999911524355,0.9999999953433871
reach,2,2,3,spatial_distance_patches,32,32,6.77125460279872,6.751684381798256,6.789705758476723
reach,2,2,3,temporal_distance_frames,32,32,0.13250952649511324,0.13181933182078456,0.1332303692467643
reach,2,2,3,conditioning_mass,32,32,0.0,0.0,0.0
reach,2,2,3,visual_mass,32,32,0.9999999939464033,0.9999999920837581,0.9999999958090484
reach,2,2,4,spatial_distance_patches,32,32,8.010548384985762,8.00169297260177,8.019305837511629
reach,2,2,4,temporal_distance_frames,32,32,0.01648443690801444,0.016195460958917635,0.016789698720215213
reach,2,2,4,conditioning_mass,32,32,0.0,0.0,0.0
reach,2,2,4,visual_mass,32,32,0.9999999948777258,0.9999999913852662,0.9999999986030161
reach,2,2,5,spatial_distance_patches,32,32,7.422532320043321,7.370789433125778,7.474395647968057
reach,2,2,5,temporal_distance_frames,32,32,0.20628965064898905,0.20440497580527875,0.20819817818633982
reach,2,2,5,conditioning_mass,32,32,0.0,0.0,0.0
reach,2,2,5,visual_mass,32,32,0.9999999937135726,0.9999999916180968,0.9999999958090484
reach,2,2,6,spatial_distance_patches,32,32,7.995735479524828,7.985829505264736,8.005206691749919
reach,2,2,6,temporal_distance_frames,32,32,0.2240334190074227,0.22312751984829202,0.22491367390319694
reach,2,2,6,conditioning_mass,32,32,0.0,0.0,0.0
reach,2,2,6,visual_mass,32,32,0.9999999918509275,0.999999989522621,0.9999999941792339
reach,2,2,7,spatial_distance_patches,32,32,7.942618324949496,7.933034467131567,7.952047197411132
reach,2,2,7,temporal_distance_frames,32,32,0.19197379174571905,0.19104437988120143,0.19291240066201223
reach,2,2,7,conditioning_mass,32,32,0.0,0.0,0.0
reach,2,2,7,visual_mass,32,32,0.9999999939464033,0.9999999916180968,0.9999999960418791
reach,2,2,8,spatial_distance_patches,32,32,6.736285629544749,6.723304174142641,6.748634215914641
reach,2,2,8,temporal_distance_frames,32,32,0.17884002082646358,0.1778913204218225,0.17984559797715646
reach,2,2,8,conditioning_mass,32,32,0.0,0.0,0.0
reach,2,2,8,visual_mass,32,32,0.9999999932479113,0.999999990221113,0.9999999960418791
reach,2,2,9,spatial_distance_patches,32,32,7.338677633277559,7.331113260312173,7.346552754250304
reach,2,2,9,temporal_distance_frames,32,32,0.04187331515804063,0.04153637943746623,0.04220918586128658
reach,2,2,9,conditioning_mass,32,32,0.0,0.0,0.0
reach,2,2,9,visual_mass,32,32,0.999999996740371,0.9999999946448952,0.9999999986030161
reach,2,2,10,spatial_distance_patches,32,32,6.993950914095116,6.981675541263691,7.006023020602282
reach,2,2,10,temporal_distance_frames,32,32,0.20361540717724802,0.20234537410483425,0.20492427973670627
reach,2,2,10,conditioning_mass,32,32,0.0,0.0,0.0
reach,2,2,10,visual_mass,32,32,0.9999999939464033,0.9999999918509275,0.9999999958090484
reach,2,2,11,spatial_distance_patches,32,32,7.463253926725045,7.457519053022204,7.4690899166201214
reach,2,2,11,temporal_distance_frames,32,32,0.040116152785853405,0.03967192488949989,0.04055374479028936
reach,2,2,11,conditioning_mass,32,32,0.0,0.0,0.0
reach,2,2,11,visual_mass,32,32,0.999999993480742,0.9999999909196049,0.9999999962747097
reach,2,2,12,spatial_distance_patches,32,32,7.285245449513903,7.2667467878179135,7.304130423968351
reach,2,2,12,temporal_distance_frames,32,32,0.2690340021483637,0.2677954161459454,0.2702224619726585
reach,2,2,12,conditioning_mass,32,32,0.0,0.0,0.0
reach,2,2,12,visual_mass,32,32,0.9999999937135726,0.9999999916180968,0.9999999955762178
reach,2,2,13,spatial_distance_patches,32,32,6.651610733561673,6.6428778763471925,6.660117856874756
reach,2,2,13,temporal_distance_frames,32,32,0.04801496793779332,0.047604624409091495,0.04842311450974329
reach,2,2,13,conditioning_mass,32,32,0.0,0.0,0.0
reach,2,2,13,visual_mass,32,32,0.9999999941792339,0.9999999918509275,0.9999999962747097
reach,2,2,14,spatial_distance_patches,32,32,7.334185099836763,7.308409006377425,7.359337299199887
reach,2,2,14,temporal_distance_frames,32,32,0.09873029256990058,0.09776326849876729,0.09972234650949639
reach,2,2,14,conditioning_mass,32,32,0.0,0.0,0.0
reach,2,2,14,visual_mass,32,32,0.9999999951105565,0.9999999923165888,0.9999999981373549
reach,2,2,15,spatial_distance_patches,32,32,7.013233371637608,7.00895576472763,7.017674062882423
reach,2,2,15,temporal_distance_frames,32,32,0.06455538961754051,0.06412751678792417,0.06497674111869006
reach,2,2,15,conditioning_mass,32,32,0.0,0.0,0.0
reach,2,2,15,visual_mass,32,32,0.9999999930150807,0.9999999906867743,0.9999999953433871
reach,2,3,0,spatial_distance_patches,32,32,7.041569097219339,7.032929661850273,7.051305119652228
reach,2,3,0,temporal_distance_frames,32,32,0.0486647855864618,0.048201358081714614,0.04912488748867685
reach,2,3,0,conditioning_mass,32,32,0.0,0.0,0.0
reach,2,3,0,visual_mass,32,32,0.9999999925494194,0.9999999899882823,0.9999999951105565
reach,2,3,1,spatial_distance_patches,32,32,6.486517663035054,6.48023209537568,6.492317787371066
reach,2,3,1,temporal_distance_frames,32,32,0.0036326304313099855,0.0035138460593097855,0.003747388081121908
reach,2,3,1,conditioning_mass,32,32,0.0,0.0,0.0
reach,2,3,1,visual_mass,32,32,0.9999999944120646,0.9999999916180968,0.9999999969732016
reach,2,3,2,spatial_distance_patches,32,32,6.589385750945199,6.5780776009766155,6.600485498792135
reach,2,3,2,temporal_distance_frames,32,32,0.012205657175837777,0.011907824086585708,0.012517000528994944
reach,2,3,2,conditioning_mass,32,32,0.0,0.0,0.0
reach,2,3,2,visual_mass,32,32,0.9999999955762178,0.9999999932479113,0.9999999979045242
reach,2,3,3,spatial_distance_patches,32,32,6.783722855182891,6.762729734720157,6.803559619419651
reach,2,3,3,temporal_distance_frames,32,32,0.13519976195491723,0.13445998281400035,0.13596614968574142
reach,2,3,3,conditioning_mass,32,32,0.0,0.0,0.0
reach,2,3,3,visual_mass,32,32,0.9999999939464033,0.9999999918509275,0.9999999958090484
reach,2,3,4,spatial_distance_patches,32,32,8.08499589061217,8.078104833574494,8.092324865569998
reach,2,3,4,temporal_distance_frames,32,32,0.01655539829187682,0.016306203229307457,0.01682382939868762
reach,2,3,4,conditioning_mass,32,32,0.0,0.0,0.0
reach,2,3,4,visual_mass,32,32,0.9999999944120646,0.9999999897554517,0.9999999990686774
reach,2,3,5,spatial_distance_patches,32,32,7.345155042859341,7.2997692823508045,7.390092421950716
reach,2,3,5,temporal_distance_frames,32,32,0.21417386655393428,0.21270643925840677,0.21564518716891168
reach,2,3,5,conditioning_mass,32,32,0.0,0.0,0.0
reach,2,3,5,visual_mass,32,32,0.999999993480742,0.9999999909196049,0.9999999960418791
reach,2,3,6,spatial_distance_patches,32,32,8.002906875725316,7.992811361427928,8.012825877763307
reach,2,3,6,temporal_distance_frames,32,32,0.22420958811085415,0.22355814540264163,0.224874213489624
reach,2,3,6,conditioning_mass,32,32,0.0,0.0,0.0
reach,2,3,6,visual_mass,32,32,0.9999999944120646,0.9999999923165888,0.9999999962747097
reach,2,3,7,spatial_distance_patches,32,32,8.049389770544098,8.041455632252333,8.057282960273326
reach,2,3,7,temporal_distance_frames,32,32,0.19292144377049308,0.19208622738755723,0.19375431994385509
reach,2,3,7,conditioning_mass,32,32,0.0,0.0,0.0
reach,2,3,7,visual_mass,32,32,0.9999999937135726,0.9999999911524355,0.9999999960418791
reach,2,3,8,spatial_distance_patches,32,32,6.742715803076053,6.727634934519003,6.757697859302545
reach,2,3,8,temporal_distance_frames,32,32,0.19153909005632933,0.19099234687188713,0.1920836359597709
reach,2,3,8,conditioning_mass,32,32,0.0,0.0,0.0
reach,2,3,8,visual_mass,32,32,0.9999999948777258,0.9999999920837581,0.9999999979045242
reach,2,3,9,spatial_distance_patches,32,32,7.2708465477325355,7.262798216915123,7.27920501874603
reach,2,3,9,temporal_distance_frames,32,32,0.04366692373723188,0.04336755185770414,0.043979232772499335
reach,2,3,9,conditioning_mass,32,32,0.0,0.0,0.0
reach,2,3,9,visual_mass,32,32,0.9999999951105565,0.9999999932479113,0.999999996740371
reach,2,3,10,spatial_distance_patches,32,32,6.982917131304797,6.970025421517222,6.994778731974766
reach,2,3,10,temporal_distance_frames,32,32,0.20702129739114514,0.2061000344494223,0.20796341418510186
reach,2,3,10,conditioning_mass,32,32,0.0,0.0,0.0
reach,2,3,10,visual_mass,32,32,0.9999999939464033,0.9999999918509275,0.9999999960418791
reach,2,3,11,spatial_distance_patches,32,32,7.471486500424673,7.465438472663016,7.477324789363271
reach,2,3,11,temporal_distance_frames,32,32,0.03505440593299531,0.03480247101471029,0.035307566129829986
reach,2,3,11,conditioning_mass,32,32,0.0,0.0,0.0
reach,2,3,11,visual_mass,32,32,0.9999999946448952,0.9999999911524355,0.9999999979045242
reach,2,3,12,spatial_distance_patches,32,32,7.320514936427273,7.301771151691017,7.339212153084533
reach,2,3,12,temporal_distance_frames,32,32,0.26308365111925636,0.2621488361361128,0.2640058727492931
reach,2,3,12,conditioning_mass,32,32,0.0,0.0,0.0
reach,2,3,12,visual_mass,32,32,0.99999999278225,0.999999989522621,0.9999999960418791
reach,2,3,13,spatial_distance_patches,32,32,6.6936798162277125,6.6853375303781215,6.701760210362106
reach,2,3,13,temporal_distance_frames,32,32,0.04626988435516381,0.04593665433437024,0.04660042792713003
reach,2,3,13,conditioning_mass,32,32,0.0,0.0,0.0
reach,2,3,13,visual_mass,32,32,0.9999999951105565,0.9999999930150807,0.9999999969732016
reach,2,3,14,spatial_distance_patches,32,32,7.4272904022923125,7.39882393565528,7.454171773655463
reach,2,3,14,temporal_distance_frames,32,32,0.10181298245774678,0.10118379463630185,0.10244243716009079
reach,2,3,14,conditioning_mass,32,32,0.0,0.0,0.0
reach,2,3,14,visual_mass,32,32,0.9999999932479113,0.9999999911466148,0.9999999953433871
reach,2,3,15,spatial_distance_patches,32,32,7.055654448081843,7.050967034979959,7.060503963088214
reach,2,3,15,temporal_distance_frames,32,32,0.06580986702875606,0.06532977302992417,0.066296039624422
reach,2,3,15,conditioning_mass,32,32,0.0,0.0,0.0
reach,2,3,15,visual_mass,32,32,0.9999999946448952,0.9999999916180968,0.9999999974388629
reach,2,4,0,spatial_distance_patches,32,32,7.036985184530684,7.028642395870908,7.046144958374022
reach,2,4,0,temporal_distance_frames,32,32,0.04910959195904914,0.04870957949449035,0.04950859786306714
reach,2,4,0,conditioning_mass,32,32,0.0,0.0,0.0
reach,2,4,0,visual_mass,32,32,0.9999999937135726,0.9999999913852662,0.9999999958090484
reach,2,4,1,spatial_distance_patches,32,32,6.486034653114144,6.47916647500356,6.492298819580089
reach,2,4,1,temporal_distance_frames,32,32,0.003620189355761879,0.003501218693794035,0.0037366777132477264
reach,2,4,1,conditioning_mass,32,32,0.0,0.0,0.0
reach,2,4,1,visual_mass,32,32,0.9999999944120646,0.9999999923165888,0.9999999962747097
reach,2,4,2,spatial_distance_patches,32,32,6.579565622441105,6.568103224711142,6.590687850570858
reach,2,4,2,temporal_distance_frames,32,32,0.012153677071184553,0.011840538147497585,0.01248205674829001
reach,2,4,2,conditioning_mass,32,32,0.0,0.0,0.0
reach,2,4,2,visual_mass,32,32,0.9999999951105565,0.99999999278225,0.9999999972060323
reach,2,4,3,spatial_distance_patches,32,32,6.782129936691462,6.761290799771843,6.801523161953813
reach,2,4,3,temporal_distance_frames,32,32,0.13536421956033845,0.13465260640133356,0.13610492982940098
reach,2,4,3,conditioning_mass,32,32,0.0,0.0,0.0
reach,2,4,3,visual_mass,32,32,0.9999999960418791,0.9999999941792339,0.9999999976716936
reach,2,4,4,spatial_distance_patches,32,32,8.116099563120091,8.109891656258684,8.122782543731773
reach,2,4,4,temporal_distance_frames,32,32,0.015243610864596774,0.015035539907588824,0.015445277528014901
reach,2,4,4,conditioning_mass,32,32,0.0,0.0,0.0
reach,2,4,4,visual_mass,32,32,0.9999999941792339,0.9999999906867743,0.9999999979045242
reach,2,4,5,spatial_distance_patches,32,32,7.351888970340625,7.307331040054052,7.394124186316588
reach,2,4,5,temporal_distance_frames,32,32,0.21229188035065738,0.21059192508922653,0.21417641640676754
reach,2,4,5,conditioning_mass,32,32,0.0,0.0,0.0
reach,2,4,5,visual_mass,32,32,0.9999999958090484,0.9999999939464033,0.9999999976716936
reach,2,4,6,spatial_distance_patches,32,32,7.992849072400619,7.98199687534804,8.004148423503977
reach,2,4,6,temporal_distance_frames,32,32,0.22094690958179944,0.2202317767478438,0.22167703531591484
reach,2,4,6,conditioning_mass,32,32,0.0,0.0,0.0
reach,2,4,6,visual_mass,32,32,0.9999999923165888,0.9999999892897904,0.9999999953433871
reach,2,4,7,spatial_distance_patches,32,32,8.12939386700598,8.122371255277626,8.136367032143507
reach,2,4,7,temporal_distance_frames,32,32,0.19154869587612972,0.19075346165093118,0.19231992487267252
reach,2,4,7,conditioning_mass,32,32,0.0,0.0,0.0
reach,2,4,7,visual_mass,32,32,0.9999999946448952,0.9999999918509275,0.9999999969732016
reach,2,4,8,spatial_distance_patches,32,32,6.747434739828247,6.732211990697305,6.762065522911219
reach,2,4,8,temporal_distance_frames,32,32,0.19187171079762122,0.19141695439921008,0.19233863640834536
reach,2,4,8,conditioning_mass,32,32,0.0,0.0,0.0
reach,2,4,8,visual_mass,32,32,0.9999999946448952,0.9999999918509275,0.9999999974388629
reach,2,4,9,spatial_distance_patches,32,32,7.250908665263696,7.243382624467515,7.258665065652775
reach,2,4,9,temporal_distance_frames,32,32,0.046133776144338695,0.045808937408596734,0.04648187283132422
reach,2,4,9,conditioning_mass,32,32,0.0,0.0,0.0
reach,2,4,9,visual_mass,32,32,0.9999999948777258,0.99999999278225,0.999999996740371
reach,2,4,10,spatial_distance_patches,32,32,6.956938002607578,6.945807455879509,6.967341183360971
reach,2,4,10,temporal_distance_frames,32,32,0.20532755075481918,0.20435271264957042,0.20630079103060217
reach,2,4,10,conditioning_mass,32,32,0.0,0.0,0.0
reach,2,4,10,visual_mass,32,32,0.9999999932479113,0.9999999909196049,0.9999999955762178
reach,2,4,11,spatial_distance_patches,32,32,7.471047193577499,7.464169763222355,7.477623476998991
reach,2,4,11,temporal_distance_frames,32,32,0.03543861052963467,0.03515746819750513,0.03572774340005653
reach,2,4,11,conditioning_mass,32,32,0.0,0.0,0.0
reach,2,4,11,visual_mass,32,32,0.9999999944120646,0.9999999925494194,0.9999999962747097
reach,2,4,12,spatial_distance_patches,32,32,7.341745862576122,7.32298001763968,7.360148131884332
reach,2,4,12,temporal_distance_frames,32,32,0.26451554570580904,0.2635143058614461,0.26550750630891456
reach,2,4,12,conditioning_mass,32,32,0.0,0.0,0.0
reach,2,4,12,visual_mass,32,32,0.9999999941792339,0.9999999920837581,0.9999999962747097
reach,2,4,13,spatial_distance_patches,32,32,6.715576471411276,6.707436180579482,6.723581553683957
reach,2,4,13,temporal_distance_frames,32,32,0.046933489057121205,0.04656545896595085,0.04729506868003814
reach,2,4,13,conditioning_mass,32,32,0.0,0.0,0.0
reach,2,4,13,visual_mass,32,32,0.9999999939464033,0.9999999918509275,0.9999999960418791
reach,2,4,14,spatial_distance_patches,32,32,7.448427890855888,7.420575882309166,7.474794836471261
reach,2,4,14,temporal_distance_frames,32,32,0.10036840002882187,0.09954046503909676,0.10119168407217431
reach,2,4,14,conditioning_mass,32,32,0.0,0.0,0.0
reach,2,4,14,visual_mass,32,32,0.9999999958090484,0.9999999941792339,0.9999999974388629
reach,2,4,15,spatial_distance_patches,32,32,7.102381171405593,7.096597037929747,7.108334705939641
reach,2,4,15,temporal_distance_frames,32,32,0.06535670742956949,0.06482801126005074,0.0658995751530794
reach,2,4,15,conditioning_mass,32,32,0.0,0.0,0.0
reach,2,4,15,visual_mass,32,32,0.9999999955762178,0.99999999278225,0.9999999986030161
reach,2,5,0,spatial_distance_patches,32,32,7.0285098009985685,7.021113700812421,7.036347961510659
reach,2,5,0,temporal_distance_frames,32,32,0.049785674544720784,0.04939182152033263,0.050172664648516364
reach,2,5,0,conditioning_mass,32,32,0.0,0.0,0.0
reach,2,5,0,visual_mass,32,32,0.9999999939464033,0.9999999918509275,0.9999999960418791
reach,2,5,1,spatial_distance_patches,32,32,6.491087249069132,6.483440386623424,6.498025470787992
reach,2,5,1,temporal_distance_frames,32,32,0.0036335753503774558,0.0035205623164323804,0.003744730245742926
reach,2,5,1,conditioning_mass,32,32,0.0,0.0,0.0
reach,2,5,1,visual_mass,32,32,0.9999999941792339,0.9999999916180968,0.9999999965075403
reach,2,5,2,spatial_distance_patches,32,32,6.579948736870954,6.568798791851435,6.590639039100501
reach,2,5,2,temporal_distance_frames,32,32,0.012149432298036188,0.011845224677543433,0.012468781887775532
reach,2,5,2,conditioning_mass,32,32,0.0,0.0,0.0
reach,2,5,2,visual_mass,32,32,0.9999999951105565,0.9999999930150807,0.9999999972060323
reach,2,5,3,spatial_distance_patches,32,32,6.787247209527166,6.766494826106145,6.806428021256494
reach,2,5,3,temporal_distance_frames,32,32,0.1358469594273039,0.13514463207295094,0.1365634292081886
reach,2,5,3,conditioning_mass,32,32,0.0,0.0,0.0
reach,2,5,3,visual_mass,32,32,0.9999999944120646,0.9999999925494194,0.9999999962747097
reach,2,5,4,spatial_distance_patches,32,32,8.130243793509212,8.124266676793933,8.13669358844254
reach,2,5,4,temporal_distance_frames,32,32,0.01588892944230067,0.015693946333354407,0.016088112366934363
reach,2,5,4,conditioning_mass,32,32,0.0,0.0,0.0
reach,2,5,4,visual_mass,32,32,0.9999999972060323,0.999999993480742,1.0000000009313226
reach,2,5,5,spatial_distance_patches,32,32,7.361806959322457,7.316523560492162,7.402318155802505
reach,2,5,5,temporal_distance_frames,32,32,0.21229692466909278,0.21053722308319117,0.21419310837478855
reach,2,5,5,conditioning_mass,32,32,0.0,0.0,0.0
reach,2,5,5,visual_mass,32,32,0.9999999951105565,0.9999999930150807,0.9999999972060323
reach,2,5,6,spatial_distance_patches,32,32,7.982655670422991,7.971666941535098,7.9942649109150015
reach,2,5,6,temporal_distance_frames,32,32,0.21860236747842962,0.2178954408098074,0.21933736371688894
reach,2,5,6,conditioning_mass,32,32,0.0,0.0,0.0
reach,2,5,6,visual_mass,32,32,0.9999999955762178,0.9999999937135726,0.9999999974388629
reach,2,5,7,spatial_distance_patches,32,32,8.161951393937386,8.155691714473575,8.167850489172482
reach,2,5,7,temporal_distance_frames,32,32,0.19016510046588558,0.18933862694526818,0.19096984823714797
reach,2,5,7,conditioning_mass,32,32,0.0,0.0,0.0
reach,2,5,7,visual_mass,32,32,0.999999993480742,0.9999999909196049,0.9999999958090484
reach,2,5,8,spatial_distance_patches,32,32,6.7508499641967035,6.734809672714131,6.766502012700887
reach,2,5,8,temporal_distance_frames,32,32,0.1948362341856747,0.19440394809143083,0.19530312302459618
reach,2,5,8,conditioning_mass,32,32,0.0,0.0,0.0
reach,2,5,8,visual_mass,32,32,0.9999999911524355,0.9999999878928065,0.9999999946448952
reach,2,5,9,spatial_distance_patches,32,32,7.2436496248227495,7.236067426739869,7.251423955378636
reach,2,5,9,temporal_distance_frames,32,32,0.04783593963552744,0.047485945917798526,0.04820876033350073
reach,2,5,9,conditioning_mass,32,32,0.0,0.0,0.0
reach,2,5,9,visual_mass,32,32,0.9999999958090484,0.9999999937135726,0.9999999976716936
reach,2,5,10,spatial_distance_patches,32,32,6.928842661563495,6.917695607625221,6.939767237812301
reach,2,5,10,temporal_distance_frames,32,32,0.20518142798719002,0.2041807563034679,0.20617065976994597
reach,2,5,10,conditioning_mass,32,32,0.0,0.0,0.0
reach,2,5,10,visual_mass,32,32,0.9999999944120646,0.9999999918509275,0.9999999969732016
reach,2,5,11,spatial_distance_patches,32,32,7.4703140690711765,7.463202906433189,7.477153773332952
reach,2,5,11,temporal_distance_frames,32,32,0.0347552090915516,0.03451474143124545,0.03499991707806042
reach,2,5,11,conditioning_mass,32,32,0.0,0.0,0.0
reach,2,5,11,visual_mass,32,32,0.9999999937135726,0.9999999913852662,0.9999999958090484
reach,2,5,12,spatial_distance_patches,32,32,7.36698052753836,7.348553748489632,7.385189597822821
reach,2,5,12,temporal_distance_frames,32,32,0.2647729656785658,0.2637473582314361,0.26578076116725485
reach,2,5,12,conditioning_mass,32,32,0.0,0.0,0.0
reach,2,5,12,visual_mass,32,32,0.9999999925494194,0.9999999899882823,0.9999999948777258
reach,2,5,13,spatial_distance_patches,32,32,6.731382733572421,6.72316485586499,6.739491938167837
reach,2,5,13,temporal_distance_frames,32,32,0.04741030480617239,0.047062786029203905,0.047749417525858893
reach,2,5,13,conditioning_mass,32,32,0.0,0.0,0.0
reach,2,5,13,visual_mass,32,32,0.9999999944120646,0.9999999923165888,0.9999999962747097
reach,2,5,14,spatial_distance_patches,32,32,7.493905205190006,7.465176030544136,7.521511247456711
reach,2,5,14,temporal_distance_frames,32,32,0.10063926738601466,0.09972783558112616,0.10152500055225208
reach,2,5,14,conditioning_mass,32,32,0.0,0.0,0.0
reach,2,5,14,visual_mass,32,32,0.9999999962747097,0.9999999939464033,0.9999999988358468
reach,2,5,15,spatial_distance_patches,32,32,7.1288770071914715,7.122145167348327,7.135923594405222
reach,2,5,15,temporal_distance_frames,32,32,0.06553439960489899,0.0649324817260316,0.06615086581927308
reach,2,5,15,conditioning_mass,32,32,0.0,0.0,0.0
reach,2,5,15,visual_mass,32,32,0.9999999944120646,0.9999999925494194,0.9999999962747097
reach,2,6,0,spatial_distance_patches,32,32,7.025072826870249,7.018632896066861,7.031833402064652
reach,2,6,0,temporal_distance_frames,32,32,0.05023624500224539,0.049853912450868974,0.05061517498986248
reach,2,6,0,conditioning_mass,32,32,0.0,0.0,0.0
reach,2,6,0,visual_mass,32,32,0.9999999951105565,0.99999999278225,0.9999999972060323
reach,2,6,1,spatial_distance_patches,32,32,6.500390018695331,6.492194187962435,6.507823826987978
reach,2,6,1,temporal_distance_frames,32,32,0.003679763799089214,0.003566486531933346,0.00379186079928558
reach,2,6,1,conditioning_mass,32,32,0.0,0.0,0.0
reach,2,6,1,visual_mass,32,32,0.9999999946448952,0.9999999920837581,0.9999999972060323
reach,2,6,2,spatial_distance_patches,32,32,6.588059540393037,6.577492840667542,6.598351202677801
reach,2,6,2,temporal_distance_frames,32,32,0.01218198759440453,0.011897684684380065,0.012474492590615676
reach,2,6,2,conditioning_mass,32,32,0.0,0.0,0.0
reach,2,6,2,visual_mass,32,32,0.9999999944120646,0.9999999913852662,0.9999999969732016
reach,2,6,3,spatial_distance_patches,32,32,6.799342666927291,6.778146295024005,6.818552732956993
reach,2,6,3,temporal_distance_frames,32,32,0.13554966954401532,0.1348634753830216,0.13623369431647062
reach,2,6,3,conditioning_mass,32,32,0.0,0.0,0.0
reach,2,6,3,visual_mass,32,32,0.9999999962747097,0.9999999930150807,0.9999999995343387
reach,2,6,4,spatial_distance_patches,32,32,8.142458521621448,8.136370125870316,8.14897479453495
reach,2,6,4,temporal_distance_frames,32,32,0.016079278089808646,0.015882235234693676,0.016280562423650165
reach,2,6,4,conditioning_mass,32,32,0.0,0.0,0.0
reach,2,6,4,visual_mass,32,32,0.9999999944120646,0.9999999906867743,0.9999999979045242
reach,2,6,5,spatial_distance_patches,32,32,7.379063341689143,7.333112937226179,7.418920798922831
reach,2,6,5,temporal_distance_frames,32,32,0.21045295251035168,0.20887648678473916,0.21204743849413774
reach,2,6,5,conditioning_mass,32,32,0.0,0.0,0.0
reach,2,6,5,visual_mass,32,32,0.9999999962747097,0.9999999941792339,0.9999999983701855
reach,2,6,6,spatial_distance_patches,32,32,7.968671198802151,7.957168836579088,7.980542294384011
reach,2,6,6,temporal_distance_frames,32,32,0.21716000856703477,0.2164588966959392,0.2178753160386146
reach,2,6,6,conditioning_mass,32,32,0.0,0.0,0.0
reach,2,6,6,visual_mass,32,32,0.9999999948777258,0.9999999932479113,0.9999999965075403
reach,2,6,7,spatial_distance_patches,32,32,8.17213526119483,8.16589214049551,8.177837510613987
reach,2,6,7,temporal_distance_frames,32,32,0.18891432907116115,0.1881200886598138,0.1897215574195343
reach,2,6,7,conditioning_mass,32,32,0.0,0.0,0.0
reach,2,6,7,visual_mass,32,32,0.99999999278225,0.9999999906809535,0.9999999948777258
reach,2,6,8,spatial_distance_patches,32,32,6.767421339951785,6.751534606121683,6.7830465766191015
reach,2,6,8,temporal_distance_frames,32,32,0.19729346407285386,0.19685908916234787,0.19774087391562994
reach,2,6,8,conditioning_mass,32,32,0.0,0.0,0.0
reach,2,6,8,visual_mass,32,32,0.9999999918509275,0.9999999890569597,0.9999999946448952
reach,2,6,9,spatial_distance_patches,32,32,7.240327840264275,7.232606651392826,7.248238504673998
reach,2,6,9,temporal_distance_frames,32,32,0.04864160949270721,0.04828743506046034,0.04900253369582402
reach,2,6,9,conditioning_mass,32,32,0.0,0.0,0.0
reach,2,6,9,visual_mass,32,32,0.9999999920837581,0.9999999892897904,0.9999999946448952
reach,2,6,10,spatial_distance_patches,32,32,6.907011513118788,6.894527794617855,6.919445198785682
reach,2,6,10,temporal_distance_frames,32,32,0.2039028414642451,0.2028505078780692,0.2049377123849841
reach,2,6,10,conditioning_mass,32,32,0.0,0.0,0.0
reach,2,6,10,visual_mass,32,32,0.9999999969732016,0.9999999953433871,0.9999999986030161
reach,2,6,11,spatial_distance_patches,32,32,7.464870775819675,7.457633856798793,7.471877491035354
reach,2,6,11,temporal_distance_frames,32,32,0.03481404720104232,0.03459634956425252,0.03502541687216683
reach,2,6,11,conditioning_mass,32,32,0.0,0.0,0.0
reach,2,6,11,visual_mass,32,32,0.9999999944120646,0.9999999920837581,0.999999996740371
reach,2,6,12,spatial_distance_patches,32,32,7.3820703745541785,7.3647394065964376,7.3993057495660794
reach,2,6,12,temporal_distance_frames,32,32,0.2654877540761936,0.2644017708537677,0.26656319948174595
reach,2,6,12,conditioning_mass,32,32,0.0,0.0,0.0
reach,2,6,12,visual_mass,32,32,0.9999999923165888,0.9999999892897904,0.9999999951105565
reach,2,6,13,spatial_distance_patches,32,32,6.744914564141474,6.736773780928481,6.752906697015872
reach,2,6,13,temporal_distance_frames,32,32,0.047455235611031904,0.047107018899579134,0.04778948336989312
reach,2,6,13,conditioning_mass,32,32,0.0,0.0,0.0
reach,2,6,13,visual_mass,32,32,0.9999999946448952,0.9999999918509275,0.9999999972060323
reach,2,6,14,spatial_distance_patches,32,32,7.525020415646896,7.497950319481767,7.551004065597378
reach,2,6,14,temporal_distance_frames,32,32,0.10164798697266109,0.100740075387326,0.10254194619826673
reach,2,6,14,conditioning_mass,32,32,0.0,0.0,0.0
reach,2,6,14,visual_mass,32,32,0.9999999937135726,0.9999999913852662,0.9999999958090484
reach,2,6,15,spatial_distance_patches,32,32,7.152073375781537,7.1443676793089095,7.160043059210257
reach,2,6,15,temporal_distance_frames,32,32,0.06577675094749497,0.06507737658162152,0.066496657118857
reach,2,6,15,conditioning_mass,32,32,0.0,0.0,0.0
reach,2,6,15,visual_mass,32,32,0.9999999932479113,0.9999999911524355,0.9999999953433871
reach,3,1,0,spatial_distance_patches,32,32,6.060583490315171,6.054458712094695,6.066712556478348
reach,3,1,0,temporal_distance_frames,32,32,0.0,0.0,0.0
reach,3,1,0,conditioning_mass,32,32,0.0,0.0,0.0
reach,3,1,0,visual_mass,32,32,0.9999999939464033,0.9999999906867743,0.9999999976716936
reach,3,1,1,spatial_distance_patches,32,32,7.827131028390858,7.818049842601515,7.836373025212454
reach,3,1,1,temporal_distance_frames,32,32,0.0,0.0,0.0
reach,3,1,1,conditioning_mass,32,32,0.0,0.0,0.0
reach,3,1,1,visual_mass,32,32,0.9999999953433871,0.9999999930150807,0.9999999976716936
reach,3,1,2,spatial_distance_patches,32,32,6.6365719745596685,6.626077510406908,6.647336343152394
reach,3,1,2,temporal_distance_frames,32,32,0.0,0.0,0.0
reach,3,1,2,conditioning_mass,32,32,0.0,0.0,0.0
reach,3,1,2,visual_mass,32,32,0.9999999925494194,0.9999999888241291,0.9999999958090484
reach,3,1,3,spatial_distance_patches,32,32,7.77424480944145,7.7618496763754,7.786569486198974
reach,3,1,3,temporal_distance_frames,32,32,0.0,0.0,0.0
reach,3,1,3,conditioning_mass,32,32,0.0,0.0,0.0
reach,3,1,3,visual_mass,32,32,0.9999999911524355,0.9999999864958227,0.9999999948777258
reach,3,1,4,spatial_distance_patches,32,32,7.03032205367997,7.021959699460152,7.0386151168628714
reach,3,1,4,temporal_distance_frames,32,32,0.0,0.0,0.0
reach,3,1,4,conditioning_mass,32,32,0.0,0.0,0.0
reach,3,1,4,visual_mass,32,32,0.999999993480742,0.9999999906867743,0.9999999962747097
reach,3,1,5,spatial_distance_patches,32,32,6.824458301367444,6.8104051940707935,6.836104537826337
reach,3,1,5,temporal_distance_frames,32,32,0.0,0.0,0.0
reach,3,1,5,conditioning_mass,32,32,0.0,0.0,0.0
reach,3,1,5,visual_mass,32,32,0.9999999939464033,0.9999999911524355,0.999999996740371
reach,3,1,6,spatial_distance_patches,32,32,7.4351496798380845,7.426543242174864,7.443098321929506
reach,3,1,6,temporal_distance_frames,32,32,0.0,0.0,0.0
reach,3,1,6,conditioning_mass,32,32,0.0,0.0,0.0
reach,3,1,6,visual_mass,32,32,0.9999999981373549,0.9999999944120646,1.0000000018626451
reach,3,1,7,spatial_distance_patches,32,32,7.41591179183122,7.407640627775655,7.424000410448195
reach,3,1,7,temporal_distance_frames,32,32,0.0,0.0,0.0
reach,3,1,7,conditioning_mass,32,32,0.0,0.0,0.0
reach,3,1,7,visual_mass,32,32,0.999999996740371,0.9999999930150807,1.0000000004656613
reach,3,1,8,spatial_distance_patches,32,32,6.8645466204341385,6.84467787519551,6.884922680059195
reach,3,1,8,temporal_distance_frames,32,32,0.0,0.0,0.0
reach,3,1,8,conditioning_mass,32,32,0.0,0.0,0.0
reach,3,1,8,visual_mass,32,32,0.9999999944120646,0.9999999916180968,0.9999999972060323
reach,3,1,9,spatial_distance_patches,32,32,7.417516276908944,7.404388883080117,7.430787654415941
reach,3,1,9,temporal_distance_frames,32,32,0.0,0.0,0.0
reach,3,1,9,conditioning_mass,32,32,0.0,0.0,0.0
reach,3,1,9,visual_mass,32,32,0.9999999883584678,0.9999999837018549,0.9999999920837581
reach,3,1,10,spatial_distance_patches,32,32,7.645534871379942,7.6354170619904,7.654987372694551
reach,3,1,10,temporal_distance_frames,32,32,0.0,0.0,0.0
reach,3,1,10,conditioning_mass,32,32,0.0,0.0,0.0
reach,3,1,10,visual_mass,32,32,0.9999999953433871,0.9999999916180968,0.9999999990686774
reach,3,1,11,spatial_distance_patches,32,32,7.267162442598298,7.228449895958217,7.303835881449136
reach,3,1,11,temporal_distance_frames,32,32,0.0,0.0,0.0
reach,3,1,11,conditioning_mass,32,32,0.0,0.0,0.0
reach,3,1,11,visual_mass,32,32,0.9999999906867743,0.999999986961484,0.9999999939464033
reach,3,1,12,spatial_distance_patches,32,32,9.081206280868013,9.07299329137804,9.089269551778687
reach,3,1,12,temporal_distance_frames,32,32,0.0,0.0,0.0
reach,3,1,12,conditioning_mass,32,32,0.0,0.0,0.0
reach,3,1,12,visual_mass,32,32,0.9999999930150807,0.9999999897554517,0.9999999958090484
reach,3,1,13,spatial_distance_patches,32,32,7.73889168128495,7.7298060755478275,7.748342276594289
reach,3,1,13,temporal_distance_frames,32,32,0.0,0.0,0.0
reach,3,1,13,conditioning_mass,32,32,0.0,0.0,0.0
reach,3,1,13,visual_mass,32,32,0.9999999916180968,0.9999999878928065,0.9999999953433871
reach,3,1,14,spatial_distance_patches,32,32,6.303727050812663,6.294258943587813,6.313919298280074
reach,3,1,14,temporal_distance_frames,32,32,0.0,0.0,0.0
reach,3,1,14,conditioning_mass,32,32,0.0,0.0,0.0
reach,3,1,14,visual_mass,32,32,0.9999999920837581,0.9999999883584678,0.9999999953433871
reach,3,1,15,spatial_distance_patches,32,32,7.541054656020337,7.532833291197923,7.549172345439902
reach,3,1,15,temporal_distance_frames,32,32,0.0,0.0,0.0
reach,3,1,15,conditioning_mass,32,32,0.0,0.0,0.0
reach,3,1,15,visual_mass,32,32,0.9999999944120646,0.9999999897554517,0.9999999990686774
reach,3,2,0,spatial_distance_patches,32,32,6.063539846769684,6.057581873778008,6.069497948931217
reach,3,2,0,temporal_distance_frames,32,32,0.0021117775373053283,0.002080655642132605,0.002144018079760154
reach,3,2,0,conditioning_mass,32,32,0.0,0.0,0.0
reach,3,2,0,visual_mass,32,32,0.9999999937135726,0.9999999911524355,0.9999999962747097
reach,3,2,1,spatial_distance_patches,32,32,7.801234769671747,7.793236887057445,7.809318944233399
reach,3,2,1,temporal_distance_frames,32,32,0.004040157376394104,0.003953254005834158,0.004128685260017893
reach,3,2,1,conditioning_mass,32,32,0.0,0.0,0.0
reach,3,2,1,visual_mass,32,32,0.9999999955762178,0.9999999937135726,0.9999999972060323
reach,3,2,2,spatial_distance_patches,32,32,6.595980263849581,6.586206218348156,6.605969029192125
reach,3,2,2,temporal_distance_frames,32,32,0.010603322623029116,0.010427946261005875,0.010780113848597202
reach,3,2,2,conditioning_mass,32,32,0.0,0.0,0.0
reach,3,2,2,visual_mass,32,32,0.9999999944120646,0.9999999916180968,0.9999999969732016
reach,3,2,3,spatial_distance_patches,32,32,7.765024945712987,7.752824813831198,7.777320775639952
reach,3,2,3,temporal_distance_frames,32,32,0.20445589015343302,0.20369617371258483,0.20518999531344512
reach,3,2,3,conditioning_mass,32,32,0.0,0.0,0.0
reach,3,2,3,visual_mass,32,32,0.9999999946448952,0.9999999923165888,0.9999999969732016
reach,3,2,4,spatial_distance_patches,32,32,7.027973275083198,7.020581864633527,7.035330010729653
reach,3,2,4,temporal_distance_frames,32,32,0.018168432738682558,0.01780068205079628,0.01854702166478157
reach,3,2,4,conditioning_mass,32,32,0.0,0.0,0.0
reach,3,2,4,visual_mass,32,32,0.9999999955762178,0.9999999925494194,0.9999999986030161
reach,3,2,5,spatial_distance_patches,32,32,6.81553383605964,6.8028960406797,6.825554489224706
reach,3,2,5,temporal_distance_frames,32,32,0.014772821031855492,0.014514037181450416,0.015044755111267715
reach,3,2,5,conditioning_mass,32,32,0.0,0.0,0.0
reach,3,2,5,visual_mass,32,32,0.9999999958090484,0.9999999941792339,0.9999999972060323
reach,3,2,6,spatial_distance_patches,32,32,7.417368419637235,7.410407635434515,7.423612974098358
reach,3,2,6,temporal_distance_frames,32,32,0.002299662024932734,0.0022213006222640834,0.0023795959595079336
reach,3,2,6,conditioning_mass,32,32,0.0,0.0,0.0
reach,3,2,6,visual_mass,32,32,0.9999999939464033,0.9999999918509275,0.9999999960418791
reach,3,2,7,spatial_distance_patches,32,32,7.405522976648982,7.3991692307153105,7.411762819700839
reach,3,2,7,temporal_distance_frames,32,32,0.0038738677195883,0.003682248341925362,0.004065133287930955
reach,3,2,7,conditioning_mass,32,32,0.0,0.0,0.0
reach,3,2,7,visual_mass,32,32,0.9999999946448952,0.9999999918509275,0.9999999969732016
reach,3,2,8,spatial_distance_patches,32,32,6.81616979134416,6.800888990188878,6.832528779396378
reach,3,2,8,temporal_distance_frames,32,32,0.00558544564149354,0.0053146684787510196,0.005865720315179903
reach,3,2,8,conditioning_mass,32,32,0.0,0.0,0.0
reach,3,2,8,visual_mass,32,32,0.9999999955762178,0.9999999932479113,0.9999999979045242
reach,3,2,9,spatial_distance_patches,32,32,7.227154151283901,7.214602224699462,7.239927481373735
reach,3,2,9,temporal_distance_frames,32,32,0.29264787401272185,0.2915634909806784,0.2938018956674455
reach,3,2,9,conditioning_mass,32,32,0.0,0.0,0.0
reach,3,2,9,visual_mass,32,32,0.9999999911524355,0.9999999881256372,0.9999999944120646
reach,3,2,10,spatial_distance_patches,32,32,7.615795750090175,7.607409704029524,7.623665733037352
reach,3,2,10,temporal_distance_frames,32,32,0.009405634994186646,0.009232329213872384,0.009574651032941382
reach,3,2,10,conditioning_mass,32,32,0.0,0.0,0.0
reach,3,2,10,visual_mass,32,32,0.9999999948777258,0.9999999925494194,0.9999999972060323
reach,3,2,11,spatial_distance_patches,32,32,7.2028555100511795,7.1658816636494205,7.238448142919767
reach,3,2,11,temporal_distance_frames,32,32,0.16088367909034323,0.15788266375085153,0.16405969854523747
reach,3,2,11,conditioning_mass,32,32,0.0,0.0,0.0
reach,3,2,11,visual_mass,32,32,0.9999999944120646,0.9999999920837581,0.9999999965075403
reach,3,2,12,spatial_distance_patches,32,32,9.068954100206255,9.062656224754992,9.075375809702992
reach,3,2,12,temporal_distance_frames,32,32,0.04315175814077345,0.04259328301820778,0.04370306774962728
reach,3,2,12,conditioning_mass,32,32,0.0,0.0,0.0
reach,3,2,12,visual_mass,32,32,0.9999999953433871,0.99999999278225,0.9999999979045242
reach,3,2,13,spatial_distance_patches,32,32,7.677787080612361,7.670270455729491,7.685652540818725
reach,3,2,13,temporal_distance_frames,32,32,0.05602284624790055,0.05522893193529288,0.056840564989323134
reach,3,2,13,conditioning_mass,32,32,0.0,0.0,0.0
reach,3,2,13,visual_mass,32,32,0.9999999948777258,0.9999999925494194,0.9999999969732016
reach,3,2,14,spatial_distance_patches,32,32,6.291095097623069,6.284054762763448,6.298518951604625
reach,3,2,14,temporal_distance_frames,32,32,0.01924953634711029,0.01890544228745091,0.019570767752323547
reach,3,2,14,conditioning_mass,32,32,0.0,0.0,0.0
reach,3,2,14,visual_mass,32,32,0.9999999951105565,0.9999999923165888,0.9999999976716936
reach,3,2,15,spatial_distance_patches,32,32,7.545852234521934,7.539491875194525,7.552205343667839
reach,3,2,15,temporal_distance_frames,32,32,0.030895463769879287,0.03021743278931955,0.03154981064082465
reach,3,2,15,conditioning_mass,32,32,0.0,0.0,0.0
reach,3,2,15,visual_mass,32,32,0.9999999916180968,0.9999999892897904,0.9999999939464033
reach,3,3,0,spatial_distance_patches,32,32,6.060482930216186,6.05397303369883,6.066992531605592
reach,3,3,0,temporal_distance_frames,32,32,0.002271091564676795,0.0022286167554917214,0.0023161696589733454
reach,3,3,0,conditioning_mass,32,32,0.0,0.0,0.0
reach,3,3,0,visual_mass,32,32,0.9999999951105565,0.9999999932479113,0.999999996740371
reach,3,3,1,spatial_distance_patches,32,32,7.771339398215935,7.764160275807242,7.778489765976084
reach,3,3,1,temporal_distance_frames,32,32,0.004571728669110745,0.00447993190457785,0.004666304491236949
reach,3,3,1,conditioning_mass,32,32,0.0,0.0,0.0
reach,3,3,1,visual_mass,32,32,0.999999993480742,0.9999999913852662,0.9999999955762178
reach,3,3,2,spatial_distance_patches,32,32,6.570443377062665,6.558664641139997,6.581489299848399
reach,3,3,2,temporal_distance_frames,32,32,0.010844738805952697,0.010689833695949724,0.010997601328802953
reach,3,3,2,conditioning_mass,32,32,0.0,0.0,0.0
reach,3,3,2,visual_mass,32,32,0.9999999948777258,0.9999999925494194,0.9999999974388629
reach,3,3,3,spatial_distance_patches,32,32,7.777335970140902,7.7591516550139215,7.7966559603615995
reach,3,3,3,temporal_distance_frames,32,32,0.2024547909761804,0.2014266354129775,0.20343463865386271
reach,3,3,3,conditioning_mass,32,32,0.0,0.0,0.0
reach,3,3,3,visual_mass,32,32,0.999999993480742,0.9999999911524355,0.9999999955762178
reach,3,3,4,spatial_distance_patches,32,32,7.007096646148645,7.000767724880811,7.013707882203896
reach,3,3,4,temporal_distance_frames,32,32,0.01801121563646014,0.017592116113502,0.018441551933507775
reach,3,3,4,conditioning_mass,32,32,0.0,0.0,0.0
reach,3,3,4,visual_mass,32,32,0.9999999941792339,0.9999999916180968,0.999999996740371
reach,3,3,5,spatial_distance_patches,32,32,6.7959447924387835,6.783979075323938,6.805139773130314
reach,3,3,5,temporal_distance_frames,32,32,0.014685763851471948,0.01441457450913677,0.014966609381466815
reach,3,3,5,conditioning_mass,32,32,0.0,0.0,0.0
reach,3,3,5,visual_mass,32,32,0.9999999979045242,0.9999999955762178,1.0000000002328306
reach,3,3,6,spatial_distance_patches,32,32,7.415176009699268,7.408635585907277,7.421218574912077
reach,3,3,6,temporal_distance_frames,32,32,0.0024110146325490057,0.0023319115981559283,0.0024907482471531153
reach,3,3,6,conditioning_mass,32,32,0.0,0.0,0.0
reach,3,3,6,visual_mass,32,32,0.999999993480742,0.9999999906867743,0.9999999960418791
reach,3,3,7,spatial_distance_patches,32,32,7.397164689883228,7.390814736713234,7.403544119160731
reach,3,3,7,temporal_distance_frames,32,32,0.003685070962637601,0.0035185436429243148,0.0038517302666320743
reach,3,3,7,conditioning_mass,32,32,0.0,0.0,0.0
reach,3,3,7,visual_mass,32,32,0.9999999946448952,0.9999999923165888,0.999999996740371
reach,3,3,8,spatial_distance_patches,32,32,6.7659584622928906,6.752257645311712,6.780721421703377
reach,3,3,8,temporal_distance_frames,32,32,0.005865309191626945,0.0055939663252312696,0.006140341756957829
reach,3,3,8,conditioning_mass,32,32,0.0,0.0,0.0
reach,3,3,8,visual_mass,32,32,0.99999999278225,0.999999990221113,0.9999999951105565
reach,3,3,9,spatial_distance_patches,32,32,7.356213492894697,7.341857387496394,7.369264159529959
reach,3,3,9,temporal_distance_frames,32,32,0.30054232028260935,0.2994164101463286,0.3017294397130015
reach,3,3,9,conditioning_mass,32,32,0.0,0.0,0.0
reach,3,3,9,visual_mass,32,32,0.9999999909196049,0.9999999867286533,0.9999999948777258
reach,3,3,10,spatial_distance_patches,32,32,7.5719334471631505,7.564640653656815,7.579003968075817
reach,3,3,10,temporal_distance_frames,32,32,0.009473180206742076,0.00930323338681795,0.00964597926201672
reach,3,3,10,conditioning_mass,32,32,0.0,0.0,0.0
reach,3,3,10,visual_mass,32,32,0.9999999930150807,0.9999999897554517,0.9999999955762178
reach,3,3,11,spatial_distance_patches,32,32,7.118771416545195,7.084330587560128,7.15233278661775
reach,3,3,11,temporal_distance_frames,32,32,0.15736274941109243,0.15473127453724822,0.1601222974674846
reach,3,3,11,conditioning_mass,32,32,0.0,0.0,0.0
reach,3,3,11,visual_mass,32,32,0.9999999911524355,0.9999999874271452,0.9999999951105565
reach,3,3,12,spatial_distance_patches,32,32,9.054484356286212,9.047775636419132,9.061295559591153
reach,3,3,12,temporal_distance_frames,32,32,0.04240920207591313,0.042039916833765165,0.042786170674366526
reach,3,3,12,conditioning_mass,32,32,0.0,0.0,0.0
reach,3,3,12,visual_mass,32,32,0.9999999946448952,0.9999999923165888,0.9999999972060323
reach,3,3,13,spatial_distance_patches,32,32,7.589716808718606,7.5829367607222835,7.5962921786109465
reach,3,3,13,temporal_distance_frames,32,32,0.05640004138367176,0.05556208578988263,0.057204475900796345
reach,3,3,13,conditioning_mass,32,32,0.0,0.0,0.0
reach,3,3,13,visual_mass,32,32,0.9999999951105565,0.9999999925494194,0.9999999974388629
reach,3,3,14,spatial_distance_patches,32,32,6.2632146980763785,6.257020988753837,6.2695908230797235
reach,3,3,14,temporal_distance_frames,32,32,0.0212833079895022,0.020952715301928077,0.021590819045718582
reach,3,3,14,conditioning_mass,32,32,0.0,0.0,0.0
reach,3,3,14,visual_mass,32,32,0.9999999946448952,0.9999999925494194,0.9999999965075403
reach,3,3,15,spatial_distance_patches,32,32,7.542602576194145,7.536777480038443,7.548560503013068
reach,3,3,15,temporal_distance_frames,32,32,0.03331639778220452,0.032675575500369244,0.03394835102803507
reach,3,3,15,conditioning_mass,32,32,0.0,0.0,0.0
reach,3,3,15,visual_mass,32,32,0.9999999916180968,0.9999999885912985,0.9999999946448952
reach,3,4,0,spatial_distance_patches,32,32,6.086686179100324,6.080290280452069,6.093234183274633
reach,3,4,0,temporal_distance_frames,32,32,0.0022283489144896557,0.0021796067023419816,0.002279768664171438
reach,3,4,0,conditioning_mass,32,32,0.0,0.0,0.0
reach,3,4,0,visual_mass,32,32,0.9999999941792339,0.9999999916180968,0.9999999965075403
reach,3,4,1,spatial_distance_patches,32,32,7.779631764504507,7.772182910383608,7.786905313566277
reach,3,4,1,temporal_distance_frames,32,32,0.0046257485433944985,0.004533619408661243,0.0047195920998556575
reach,3,4,1,conditioning_mass,32,32,0.0,0.0,0.0
reach,3,4,1,visual_mass,32,32,0.9999999951105565,0.9999999930150807,0.9999999974388629
reach,3,4,2,spatial_distance_patches,32,32,6.632115606926845,6.619878749069922,6.643792690401857
reach,3,4,2,temporal_distance_frames,32,32,0.010731682855655848,0.010599870222875495,0.010859520961527692
reach,3,4,2,conditioning_mass,32,32,0.0,0.0,0.0
reach,3,4,2,visual_mass,32,32,0.9999999951105565,0.9999999925494194,0.9999999972060323
reach,3,4,3,spatial_distance_patches,32,32,7.7818818657849,7.758164465478304,7.8068693175880846
reach,3,4,3,temporal_distance_frames,32,32,0.2016960844236812,0.20064897999413406,0.20272786317605654
reach,3,4,3,conditioning_mass,32,32,0.0,0.0,0.0
reach,3,4,3,visual_mass,32,32,0.9999999944120646,0.9999999920837581,0.9999999965075403
reach,3,4,4,spatial_distance_patches,32,32,6.999012934286664,6.99295503861779,7.005223446043977
reach,3,4,4,temporal_distance_frames,32,32,0.017550570801119318,0.017100880715142572,0.018007496693618338
reach,3,4,4,conditioning_mass,32,32,0.0,0.0,0.0
reach,3,4,4,visual_mass,32,32,0.99999999278225,0.9999999899882823,0.9999999953433871
reach,3,4,5,spatial_distance_patches,32,32,6.801763750574889,6.789368574393974,6.811441044143199
reach,3,4,5,temporal_distance_frames,32,32,0.014759420818536494,0.014468377259673567,0.015052437511433982
reach,3,4,5,conditioning_mass,32,32,0.0,0.0,0.0
reach,3,4,5,visual_mass,32,32,0.9999999937135726,0.9999999911524355,0.9999999960418791
reach,3,4,6,spatial_distance_patches,32,32,7.401534328811129,7.394323626182054,7.408383753051286
reach,3,4,6,temporal_distance_frames,32,32,0.0023276227314251736,0.002251206546138225,0.0024038497662881627
reach,3,4,6,conditioning_mass,32,32,0.0,0.0,0.0
reach,3,4,6,visual_mass,32,32,0.9999999946448952,0.9999999920837581,0.9999999972060323
reach,3,4,7,spatial_distance_patches,32,32,7.398932124489197,7.392232296863345,7.405723883675885
reach,3,4,7,temporal_distance_frames,32,32,0.003546833879899283,0.0033869589772904493,0.0037071644853714203
reach,3,4,7,conditioning_mass,32,32,0.0,0.0,0.0
reach,3,4,7,visual_mass,32,32,0.9999999923165888,0.9999999897554517,0.9999999946448952
reach,3,4,8,spatial_distance_patches,32,32,6.7656685807393675,6.751814832207193,6.779886377384648
reach,3,4,8,temporal_distance_frames,32,32,0.006190225489909633,0.005872721094918034,0.006514072159757914
reach,3,4,8,conditioning_mass,32,32,0.0,0.0,0.0
reach,3,4,8,visual_mass,32,32,0.99999999278225,0.9999999906867743,0.9999999948777258
reach,3,4,9,spatial_distance_patches,32,32,7.373264418236413,7.360052737474882,7.3851891958400655
reach,3,4,9,temporal_distance_frames,32,32,0.30207671299509914,0.3007462473219771,0.3034762370233883
reach,3,4,9,conditioning_mass,32,32,0.0,0.0,0.0
reach,3,4,9,visual_mass,32,32,0.9999999960418791,0.9999999925494194,0.9999999997671694
reach,3,4,10,spatial_distance_patches,32,32,7.544039183440648,7.53690258042019,7.551053402645156
reach,3,4,10,temporal_distance_frames,32,32,0.009961576577994631,0.009767339364775002,0.01015479282399838
reach,3,4,10,conditioning_mass,32,32,0.0,0.0,0.0
reach,3,4,10,visual_mass,32,32,0.9999999941792339,0.9999999920837581,0.9999999960418791
reach,3,4,11,spatial_distance_patches,32,32,7.096212635088662,7.063085270620643,7.128396338405738
reach,3,4,11,temporal_distance_frames,32,32,0.15631573342066596,0.15386186257524556,0.15884688576458666
reach,3,4,11,conditioning_mass,32,32,0.0,0.0,0.0
reach,3,4,11,visual_mass,32,32,0.9999999941792339,0.9999999916180968,0.9999999969732016
reach,3,4,12,spatial_distance_patches,32,32,9.053914470303365,9.047590243689845,9.060156080287989
reach,3,4,12,temporal_distance_frames,32,32,0.04157713973989238,0.04120958190364388,0.041953812306493046
reach,3,4,12,conditioning_mass,32,32,0.0,0.0,0.0
reach,3,4,12,visual_mass,32,32,0.9999999932479113,0.9999999899882823,0.9999999960418791
reach,3,4,13,spatial_distance_patches,32,32,7.546091814867883,7.539012201548214,7.552858999119608
reach,3,4,13,temporal_distance_frames,32,32,0.05679642221559625,0.05589622494760797,0.05766239114642634
reach,3,4,13,conditioning_mass,32,32,0.0,0.0,0.0
reach,3,4,13,visual_mass,32,32,0.9999999946448952,0.9999999923165888,0.9999999969732016
reach,3,4,14,spatial_distance_patches,32,32,6.256562733439656,6.249904368570836,6.263277874773882
reach,3,4,14,temporal_distance_frames,32,32,0.022030067691182445,0.0216565161907162,0.02237917733373853
reach,3,4,14,conditioning_mass,32,32,0.0,0.0,0.0
reach,3,4,14,visual_mass,32,32,0.9999999932479113,0.9999999899882823,0.9999999958090484
reach,3,4,15,spatial_distance_patches,32,32,7.534712780253615,7.527838409712992,7.541850712790768
reach,3,4,15,temporal_distance_frames,32,32,0.0327720523899223,0.03216390454682213,0.033368261726358234
reach,3,4,15,conditioning_mass,32,32,0.0,0.0,0.0
reach,3,4,15,visual_mass,32,32,0.9999999960418791,0.9999999944120646,0.9999999976716936
reach,3,5,0,spatial_distance_patches,32,32,6.097951749880762,6.091733908755927,6.104414310301261
reach,3,5,0,temporal_distance_frames,32,32,0.002212588548867272,0.0021608802466847863,0.0022674337758947145
reach,3,5,0,conditioning_mass,32,32,0.0,0.0,0.0
reach,3,5,0,visual_mass,32,32,0.9999999944120646,0.9999999918509275,0.999999996740371
reach,3,5,1,spatial_distance_patches,32,32,7.789534465093823,7.781613995438582,7.797300121215779
reach,3,5,1,temporal_distance_frames,32,32,0.004622978993919226,0.0045260143526537466,0.0047232526329485285
reach,3,5,1,conditioning_mass,32,32,0.0,0.0,0.0
reach,3,5,1,visual_mass,32,32,0.9999999939464033,0.9999999920837581,0.9999999958090484
reach,3,5,2,spatial_distance_patches,32,32,6.667224425445928,6.653934490982656,6.67981557246572
reach,3,5,2,temporal_distance_frames,32,32,0.010755449195442142,0.010620861615847809,0.01088134849386025
reach,3,5,2,conditioning_mass,32,32,0.0,0.0,0.0
reach,3,5,2,visual_mass,32,32,0.9999999941792339,0.9999999918509275,0.9999999960418791
reach,3,5,3,spatial_distance_patches,32,32,7.765003485970428,7.738186045949148,7.792520379609031
reach,3,5,3,temporal_distance_frames,32,32,0.20004391339269118,0.1991839454386125,0.20093094486658467
reach,3,5,3,conditioning_mass,32,32,0.0,0.0,0.0
reach,3,5,3,visual_mass,32,32,0.9999999932479113,0.9999999904539436,0.9999999958090484
reach,3,5,4,spatial_distance_patches,32,32,6.988544294088195,6.9821809017928995,6.9949065736705105
reach,3,5,4,temporal_distance_frames,32,32,0.017479778242646703,0.017040308021289283,0.017921621693786978
reach,3,5,4,conditioning_mass,32,32,0.0,0.0,0.0
reach,3,5,4,visual_mass,32,32,0.9999999958090484,0.999999993480742,0.9999999981373549
reach,3,5,5,spatial_distance_patches,32,32,6.796200908886149,6.78308038471025,6.806628052108953
reach,3,5,5,temporal_distance_frames,32,32,0.014757868477864427,0.014461460623666671,0.015060040131402582
reach,3,5,5,conditioning_mass,32,32,0.0,0.0,0.0
reach,3,5,5,visual_mass,32,32,0.9999999939464033,0.9999999916180968,0.9999999962747097
reach,3,5,6,spatial_distance_patches,32,32,7.37211599525231,7.362317967700157,7.3813955756561835
reach,3,5,6,temporal_distance_frames,32,32,0.0023334517342971936,0.0022576155980431646,0.0024078022423344742
reach,3,5,6,conditioning_mass,32,32,0.0,0.0,0.0
reach,3,5,6,visual_mass,32,32,0.9999999962747097,0.9999999941792339,0.9999999981373549
reach,3,5,7,spatial_distance_patches,32,32,7.407853674639126,7.400414166494755,7.415442420471787
reach,3,5,7,temporal_distance_frames,32,32,0.003569701043872317,0.0034040242634703335,0.00373829595722819
reach,3,5,7,conditioning_mass,32,32,0.0,0.0,0.0
reach,3,5,7,visual_mass,32,32,0.9999999946448952,0.9999999923165888,0.9999999969732016
reach,3,5,8,spatial_distance_patches,32,32,6.76793938086178,6.753517620711928,6.782653551890604
reach,3,5,8,temporal_distance_frames,32,32,0.00665628088643558,0.006288841715485919,0.007029462605706247
reach,3,5,8,conditioning_mass,32,32,0.0,0.0,0.0
reach,3,5,8,visual_mass,32,32,0.9999999951105565,0.9999999925494194,0.9999999979045242
reach,3,5,9,spatial_distance_patches,32,32,7.389700995713882,7.377578286639945,7.401049057018488
reach,3,5,9,temporal_distance_frames,32,32,0.3042782186929485,0.30276166590859777,0.3058751377926525
reach,3,5,9,conditioning_mass,32,32,0.0,0.0,0.0
reach,3,5,9,visual_mass,32,32,0.9999999937135726,0.9999999904539436,0.9999999972060323
reach,3,5,10,spatial_distance_patches,32,32,7.520599478595254,7.5133520033152195,7.5278244601066495
reach,3,5,10,temporal_distance_frames,32,32,0.010410840031401948,0.01019203406681859,0.010625653265911122
reach,3,5,10,conditioning_mass,32,32,0.0,0.0,0.0
reach,3,5,10,visual_mass,32,32,0.9999999955762178,0.999999993480742,0.9999999974388629
reach,3,5,11,spatial_distance_patches,32,32,7.0725614302580695,7.040616040836659,7.104047731262903
reach,3,5,11,temporal_distance_frames,32,32,0.15504404421451948,0.15271769756195555,0.15745793068001288
reach,3,5,11,conditioning_mass,32,32,0.0,0.0,0.0
reach,3,5,11,visual_mass,32,32,0.9999999965075403,0.9999999941792339,0.9999999988358468
reach,3,5,12,spatial_distance_patches,32,32,9.04741980251962,9.041415861199942,9.053563530999531
reach,3,5,12,temporal_distance_frames,32,32,0.04097931703926361,0.04062268960333701,0.04133428240770594
reach,3,5,12,conditioning_mass,32,32,0.0,0.0,0.0
reach,3,5,12,visual_mass,32,32,0.9999999953433871,0.9999999923165888,0.9999999983701855
reach,3,5,13,spatial_distance_patches,32,32,7.5198897986191415,7.512093868326129,7.527544881130932
reach,3,5,13,temporal_distance_frames,32,32,0.05708499365746289,0.05618218213529947,0.05797763235430424
reach,3,5,13,conditioning_mass,32,32,0.0,0.0,0.0
reach,3,5,13,visual_mass,32,32,0.999999993480742,0.9999999911524355,0.9999999958090484
reach,3,5,14,spatial_distance_patches,32,32,6.236927573833459,6.229258571157578,6.244252224774808
reach,3,5,14,temporal_distance_frames,32,32,0.02296651184459087,0.022555264922496827,0.023355493592667562
reach,3,5,14,conditioning_mass,32,32,0.0,0.0,0.0
reach,3,5,14,visual_mass,32,32,0.9999999932479113,0.9999999906867743,0.9999999955762178
reach,3,5,15,spatial_distance_patches,32,32,7.5220292580816865,7.514252102319692,7.529898461887554
reach,3,5,15,temporal_distance_frames,32,32,0.03319565585107634,0.032605707560447235,0.033782112566169725
reach,3,5,15,conditioning_mass,32,32,0.0,0.0,0.0
reach,3,5,15,visual_mass,32,32,0.9999999955762178,0.9999999932479113,0.9999999979045242
reach,3,6,0,spatial_distance_patches,32,32,6.108036358646485,6.101767734266832,6.114551207198632
reach,3,6,0,temporal_distance_frames,32,32,0.0022467935933573966,0.0021941238971258355,0.0023018750283316756
reach,3,6,0,conditioning_mass,32,32,0.0,0.0,0.0
reach,3,6,0,visual_mass,32,32,0.999999993480742,0.9999999909196049,0.9999999958090484
reach,3,6,1,spatial_distance_patches,32,32,7.802209203643633,7.793634287986684,7.810844984035848
reach,3,6,1,temporal_distance_frames,32,32,0.0045488860082525335,0.004445782601934989,0.004657874020802261
reach,3,6,1,conditioning_mass,32,32,0.0,0.0,0.0
reach,3,6,1,visual_mass,32,32,0.9999999981373549,0.9999999962747097,1.0
reach,3,6,2,spatial_distance_patches,32,32,6.692149755355522,6.676858221194869,6.706427529418889
reach,3,6,2,temporal_distance_frames,32,32,0.010806330793838144,0.01066674066987231,0.01093932639955125
reach,3,6,2,conditioning_mass,32,32,0.0,0.0,0.0
reach,3,6,2,visual_mass,32,32,0.9999999948777258,0.9999999925494194,0.9999999969732016
reach,3,6,3,spatial_distance_patches,32,32,7.757422341642371,7.729884578190522,7.785393069207787
reach,3,6,3,temporal_distance_frames,32,32,0.19977483388227038,0.1988263570179127,0.20072960779363835
reach,3,6,3,conditioning_mass,32,32,0.0,0.0,0.0
reach,3,6,3,visual_mass,32,32,0.9999999946448952,0.9999999923165888,0.999999996740371
reach,3,6,4,spatial_distance_patches,32,32,6.979912533300714,6.972834974499544,6.986795418385731
reach,3,6,4,temporal_distance_frames,32,32,0.01726727900933769,0.016855739266178605,0.01768128310292796
reach,3,6,4,conditioning_mass,32,32,0.0,0.0,0.0
reach,3,6,4,visual_mass,32,32,0.999999993480742,0.9999999909196049,0.9999999960418791
reach,3,6,5,spatial_distance_patches,32,32,6.787629487763937,6.77398451246949,6.798434623560105
reach,3,6,5,temporal_distance_frames,32,32,0.01486840808660217,0.014554681415908231,0.015191247246976822
reach,3,6,5,conditioning_mass,32,32,0.0,0.0,0.0
reach,3,6,5,visual_mass,32,32,0.9999999960418791,0.9999999937135726,0.9999999979045242
reach,3,6,6,spatial_distance_patches,32,32,7.328383098498788,7.314226274619711,7.341662315430832
reach,3,6,6,temporal_distance_frames,32,32,0.002358862924563119,0.0022824305412262355,0.002433101092507673
reach,3,6,6,conditioning_mass,32,32,0.0,0.0,0.0
reach,3,6,6,visual_mass,32,32,0.9999999960418791,0.9999999946448952,0.9999999974388629
reach,3,6,7,spatial_distance_patches,32,32,7.416835273393652,7.408258914816549,7.425559762096484
reach,3,6,7,temporal_distance_frames,32,32,0.003679840725187298,0.003508890852112903,0.0038540858731261965
reach,3,6,7,conditioning_mass,32,32,0.0,0.0,0.0
reach,3,6,7,visual_mass,32,32,0.9999999948777258,0.9999999925494194,0.9999999972060323
reach,3,6,8,spatial_distance_patches,32,32,6.773949552459869,6.758259461421344,6.789644314535744
reach,3,6,8,temporal_distance_frames,32,32,0.007180677919255312,0.00676091370672719,0.007610574145221669
reach,3,6,8,conditioning_mass,32,32,0.0,0.0,0.0
reach,3,6,8,visual_mass,32,32,0.9999999925494194,0.999999989522621,0.9999999953433871
reach,3,6,9,spatial_distance_patches,32,32,7.408253681752809,7.396244616426982,7.419727263127587
reach,3,6,9,temporal_distance_frames,32,32,0.30525865528111423,0.30362928840800985,0.307011074135102
reach,3,6,9,conditioning_mass,32,32,0.0,0.0,0.0
reach,3,6,9,visual_mass,32,32,0.999999996740371,0.9999999932479113,1.0000000004656613
reach,3,6,10,spatial_distance_patches,32,32,7.501946839073329,7.49456821734303,7.509376928763605
reach,3,6,10,temporal_distance_frames,32,32,0.011074166093957602,0.010812201597989183,0.011334680040248348
reach,3,6,10,conditioning_mass,32,32,0.0,0.0,0.0
reach,3,6,10,visual_mass,32,32,0.999999993480742,0.9999999913852662,0.9999999955762178
reach,3,6,11,spatial_distance_patches,32,32,7.060149015748077,7.029168825976692,7.090498455306168
reach,3,6,11,temporal_distance_frames,32,32,0.15345506248184487,0.1513524138637838,0.1556545312371383
reach,3,6,11,conditioning_mass,32,32,0.0,0.0,0.0
reach,3,6,11,visual_mass,32,32,0.9999999939464033,0.9999999923165888,0.9999999955762178
reach,3,6,12,spatial_distance_patches,32,32,9.040228584657758,9.034344752342067,9.0461565394195
reach,3,6,12,temporal_distance_frames,32,32,0.04063680473628667,0.040263883523714725,0.040997675011019155
reach,3,6,12,conditioning_mass,32,32,0.0,0.0,0.0
reach,3,6,12,visual_mass,32,32,0.9999999965075403,0.9999999937135726,0.9999999993015081
reach,3,6,13,spatial_distance_patches,32,32,7.4973361701737335,7.48918720057923,7.50538128336886
reach,3,6,13,temporal_distance_frames,32,32,0.05737026477705916,0.056386001473654766,0.0583660711851659
reach,3,6,13,conditioning_mass,32,32,0.0,0.0,0.0
reach,3,6,13,visual_mass,32,32,0.999999993480742,0.9999999913852662,0.9999999953433871
reach,3,6,14,spatial_distance_patches,32,32,6.22034275880586,6.2110645418277475,6.229177879835414
reach,3,6,14,temporal_distance_frames,32,32,0.023994047787777813,0.023476773720381715,0.02449814509756698
reach,3,6,14,conditioning_mass,32,32,0.0,0.0,0.0
reach,3,6,14,visual_mass,32,32,0.9999999925494194,0.9999999904539436,0.9999999946448952
reach,3,6,15,spatial_distance_patches,32,32,7.510167059266105,7.501915098584902,7.51850665332404
reach,3,6,15,temporal_distance_frames,32,32,0.03319639521524469,0.03263189820630913,0.03377639477722255
reach,3,6,15,conditioning_mass,32,32,0.0,0.0,0.0
reach,3,6,15,visual_mass,32,32,0.9999999939464033,0.9999999923165888,0.9999999955762178
reach,4,1,0,spatial_distance_patches,32,32,5.2748389170969885,5.262458809027774,5.286523759463785
reach,4,1,0,temporal_distance_frames,32,32,0.0,0.0,0.0
reach,4,1,0,conditioning_mass,32,32,0.0,0.0,0.0
reach,4,1,0,visual_mass,32,32,0.9999999925494194,0.9999999892897904,0.9999999958090484
reach,4,1,1,spatial_distance_patches,32,32,6.6661026589230445,6.658688854974403,6.6734003588706265
reach,4,1,1,temporal_distance_frames,32,32,0.0,0.0,0.0
reach,4,1,1,conditioning_mass,32,32,0.0,0.0,0.0
reach,4,1,1,visual_mass,32,32,0.9999999944120646,0.9999999920837581,0.999999996740371
reach,4,1,2,spatial_distance_patches,32,32,0.9610774171237706,0.9386596845394652,0.9840473549443615
reach,4,1,2,temporal_distance_frames,32,32,0.0,0.0,0.0
reach,4,1,2,conditioning_mass,32,32,0.0,0.0,0.0
reach,4,1,2,visual_mass,32,32,0.9999999920837581,0.9999999874271452,0.9999999972060323
reach,4,1,3,spatial_distance_patches,32,32,7.146238243267179,7.140844801576124,7.15165630706481
reach,4,1,3,temporal_distance_frames,32,32,0.0,0.0,0.0
reach,4,1,3,conditioning_mass,32,32,0.0,0.0,0.0
reach,4,1,3,visual_mass,32,32,0.999999993480742,0.9999999892897904,0.9999999972060323
reach,4,1,4,spatial_distance_patches,32,32,6.824471138882073,6.811018230750268,6.837688401102522
reach,4,1,4,temporal_distance_frames,32,32,0.0,0.0,0.0
reach,4,1,4,conditioning_mass,32,32,0.0,0.0,0.0
reach,4,1,4,visual_mass,32,32,0.9999999972060323,0.9999999944120646,1.0000000004656613
reach,4,1,5,spatial_distance_patches,32,32,6.402341102831976,6.393702218972146,6.411069625714711
reach,4,1,5,temporal_distance_frames,32,32,0.0,0.0,0.0
reach,4,1,5,conditioning_mass,32,32,0.0,0.0,0.0
reach,4,1,5,visual_mass,32,32,0.9999999916180968,0.9999999878928065,0.9999999948777258
reach,4,1,6,spatial_distance_patches,32,32,2.348081969391131,2.3434850693640947,2.352717406518813
reach,4,1,6,temporal_distance_frames,32,32,0.0,0.0,0.0
reach,4,1,6,conditioning_mass,32,32,0.0,0.0,0.0
reach,4,1,6,visual_mass,32,32,0.999999996740371,0.9999999939464033,1.0
reach,4,1,7,spatial_distance_patches,32,32,7.911916996954115,7.903897510403163,7.9198514188412235
reach,4,1,7,temporal_distance_frames,32,32,0.0,0.0,0.0
reach,4,1,7,conditioning_mass,32,32,0.0,0.0,0.0
reach,4,1,7,visual_mass,32,32,0.9999999962747097,0.9999999930150807,0.9999999995343387
reach,4,1,8,spatial_distance_patches,32,32,7.003114473076008,6.998849708893424,7.007261878926893
reach,4,1,8,temporal_distance_frames,32,32,0.0,0.0,0.0
reach,4,1,8,conditioning_mass,32,32,0.0,0.0,0.0
reach,4,1,8,visual_mass,32,32,0.9999999925494194,0.9999999888241291,0.9999999962747097
reach,4,1,9,spatial_distance_patches,32,32,7.391874339644807,7.371354876742393,7.412158778898428
reach,4,1,9,temporal_distance_frames,32,32,0.0,0.0,0.0
reach,4,1,9,conditioning_mass,32,32,0.0,0.0,0.0
reach,4,1,9,visual_mass,32,32,0.9999999939464033,0.9999999892897904,0.9999999981373549
reach,4,1,10,spatial_distance_patches,32,32,6.089664578852276,6.07955411863589,6.100077298754991
reach,4,1,10,temporal_distance_frames,32,32,0.0,0.0,0.0
reach,4,1,10,conditioning_mass,32,32,0.0,0.0,0.0
reach,4,1,10,visual_mass,32,32,0.9999999944120646,0.9999999906867743,0.9999999976716936
reach,4,1,11,spatial_distance_patches,32,32,6.69296926275277,6.6802313620794145,6.704965586786369
reach,4,1,11,temporal_distance_frames,32,32,0.0,0.0,0.0
reach,4,1,11,conditioning_mass,32,32,0.0,0.0,0.0
reach,4,1,11,visual_mass,32,32,0.9999999944120646,0.9999999911524355,0.9999999972060323
reach,4,1,12,spatial_distance_patches,32,32,5.9821555529773,5.970921579440528,5.992546794693869
reach,4,1,12,temporal_distance_frames,32,32,0.0,0.0,0.0
reach,4,1,12,conditioning_mass,32,32,0.0,0.0,0.0
reach,4,1,12,visual_mass,32,32,0.9999999939464033,0.999999990221113,0.9999999972060323
reach,4,1,13,spatial_distance_patches,32,32,3.2657860311820635,3.2570824782030745,3.2746564258946953
reach,4,1,13,temporal_distance_frames,32,32,0.0,0.0,0.0
reach,4,1,13,conditioning_mass,32,32,0.0,0.0,0.0
reach,4,1,13,visual_mass,32,32,0.9999999897554517,0.9999999855645001,0.9999999939464033
reach,4,1,14,spatial_distance_patches,32,32,6.805261758397471,6.7901346282981105,6.819624169998469
reach,4,1,14,temporal_distance_frames,32,32,0.0,0.0,0.0
reach,4,1,14,conditioning_mass,32,32,0.0,0.0,0.0
reach,4,1,14,visual_mass,32,32,0.9999999916180968,0.9999999878928065,0.9999999953433871
reach,4,1,15,spatial_distance_patches,32,32,9.451569560595022,9.444397623310111,9.45855225727951
reach,4,1,15,temporal_distance_frames,32,32,0.0,0.0,0.0
reach,4,1,15,conditioning_mass,32,32,0.0,0.0,0.0
reach,4,1,15,visual_mass,32,32,0.9999999925494194,0.9999999883584678,0.9999999962747097
reach,4,2,0,spatial_distance_patches,32,32,5.30834682173818,5.296307955729407,5.319603386843399
reach,4,2,0,temporal_distance_frames,32,32,0.3343242074083662,0.3306711435378487,0.33749699807836364
reach,4,2,0,conditioning_mass,32,32,0.0,0.0,0.0
reach,4,2,0,visual_mass,32,32,0.9999999923165888,0.9999999899882823,0.9999999944120646
reach,4,2,1,spatial_distance_patches,32,32,6.649998340373214,6.644262730597754,6.655671885104379
reach,4,2,1,temporal_distance_frames,32,32,0.001223511775184777,0.0010994130575840296,0.0013503150938882972
reach,4,2,1,conditioning_mass,32,32,0.0,0.0,0.0
reach,4,2,1,visual_mass,32,32,0.9999999955762178,0.9999999939464033,0.9999999969732016
reach,4,2,2,spatial_distance_patches,32,32,0.9364404101282486,0.9171906658943406,0.9557692931378746
reach,4,2,2,temporal_distance_frames,32,32,0.46608237631274896,0.464830445069137,0.4672430681097946
reach,4,2,2,conditioning_mass,32,32,0.0,0.0,0.0
reach,4,2,2,visual_mass,32,32,1.000000003259629,0.9999999995343387,1.00000000721775
reach,4,2,3,spatial_distance_patches,32,32,7.126192344020209,7.12117560124324,7.131092366931332
reach,4,2,3,temporal_distance_frames,32,32,0.0013446270337823774,0.0013089643772994741,0.001382410716867138
reach,4,2,3,conditioning_mass,32,32,0.0,0.0,0.0
reach,4,2,3,visual_mass,32,32,0.9999999932479113,0.999999990221113,0.9999999958090484
reach,4,2,4,spatial_distance_patches,32,32,6.828237135366683,6.815909655832441,6.840216149230911
reach,4,2,4,temporal_distance_frames,32,32,0.0006229640115370817,0.0006003757527867045,0.0006456032539516755
reach,4,2,4,conditioning_mass,32,32,0.0,0.0,0.0
reach,4,2,4,visual_mass,32,32,0.9999999939464033,0.9999999918509275,0.9999999960418791
reach,4,2,5,spatial_distance_patches,32,32,6.432022458567834,6.423953258286186,6.440030395532512
reach,4,2,5,temporal_distance_frames,32,32,0.0027388110603408884,0.0026517985547007024,0.0028303208260979196
reach,4,2,5,conditioning_mass,32,32,0.0,0.0,0.0
reach,4,2,5,visual_mass,32,32,0.9999999920837581,0.999999989522621,0.9999999946448952
reach,4,2,6,spatial_distance_patches,32,32,2.3141643895836848,2.3099120642183215,2.3184212399494815
reach,4,2,6,temporal_distance_frames,32,32,0.3842543358027931,0.3834006573385426,0.3851303967703618
reach,4,2,6,conditioning_mass,32,32,0.0,0.0,0.0
reach,4,2,6,visual_mass,32,32,0.9999999972060323,0.9999999946448952,0.9999999997671694
reach,4,2,7,spatial_distance_patches,32,32,7.82966987108729,7.8220570026610075,7.837231530415435
reach,4,2,7,temporal_distance_frames,32,32,0.04345346386238635,0.04320479946789704,0.04371547823680302
reach,4,2,7,conditioning_mass,32,32,0.0,0.0,0.0
reach,4,2,7,visual_mass,32,32,0.99999999278225,0.9999999904539436,0.9999999948777258
reach,4,2,8,spatial_distance_patches,32,32,6.988131107165008,6.983348224913494,6.992837429802861
reach,4,2,8,temporal_distance_frames,32,32,0.004548483921924418,0.004405327381501553,0.0047050705585728984
reach,4,2,8,conditioning_mass,32,32,0.0,0.0,0.0
reach,4,2,8,visual_mass,32,32,0.9999999939464033,0.9999999911524355,0.9999999969732016
reach,4,2,9,spatial_distance_patches,32,32,7.363317016111617,7.345933287216704,7.380480153483642
reach,4,2,9,temporal_distance_frames,32,32,0.0014624357218744814,0.0014294748613978335,0.0014982851189980257
reach,4,2,9,conditioning_mass,32,32,0.0,0.0,0.0
reach,4,2,9,visual_mass,32,32,0.9999999962747097,0.999999993480742,0.9999999990686774
reach,4,2,10,spatial_distance_patches,32,32,6.079041905773496,6.069195221515816,6.088886625304748
reach,4,2,10,temporal_distance_frames,32,32,0.0011122631633422898,0.0010909993300051506,0.0011331354892021772
reach,4,2,10,conditioning_mass,32,32,0.0,0.0,0.0
reach,4,2,10,visual_mass,32,32,0.9999999932479113,0.9999999904539436,0.9999999958090484
reach,4,2,11,spatial_distance_patches,32,32,6.692789835151364,6.682279513044821,6.70236072418068
reach,4,2,11,temporal_distance_frames,32,32,0.024374903162802553,0.023986813712668184,0.02478958369024462
reach,4,2,11,conditioning_mass,32,32,0.0,0.0,0.0
reach,4,2,11,visual_mass,32,32,0.9999999923165888,0.9999999892897904,0.9999999951105565
reach,4,2,12,spatial_distance_patches,32,32,5.95317864902984,5.9444458430461715,5.96155789736588
reach,4,2,12,temporal_distance_frames,32,32,0.001222108013088041,0.0011758729470688052,0.0012728873705042266
reach,4,2,12,conditioning_mass,32,32,0.0,0.0,0.0
reach,4,2,12,visual_mass,32,32,0.9999999941792339,0.9999999916180968,0.9999999962747097
reach,4,2,13,spatial_distance_patches,32,32,3.266779124837137,3.2588404232354367,3.274871334269763
reach,4,2,13,temporal_distance_frames,32,32,0.4050233808186783,0.4041279313410591,0.405926017252757
reach,4,2,13,conditioning_mass,32,32,0.0,0.0,0.0
reach,4,2,13,visual_mass,32,32,0.9999999944120646,0.9999999918509275,0.9999999969732016
reach,4,2,14,spatial_distance_patches,32,32,6.8017053035685855,6.786344623728078,6.816347094037513
reach,4,2,14,temporal_distance_frames,32,32,0.22392410746498215,0.22021370606277654,0.2274793570311455
reach,4,2,14,conditioning_mass,32,32,0.0,0.0,0.0
reach,4,2,14,visual_mass,32,32,0.9999999960418791,0.999999993480742,0.9999999981373549
reach,4,2,15,spatial_distance_patches,32,32,9.50735481844434,9.500442427145513,9.514170129159998
reach,4,2,15,temporal_distance_frames,32,32,0.001032840754185042,0.0010111673895741296,0.0010541012976739094
reach,4,2,15,conditioning_mass,32,32,0.0,0.0,0.0
reach,4,2,15,visual_mass,32,32,0.9999999937135726,0.9999999906867743,0.9999999965075403
reach,4,3,0,spatial_distance_patches,32,32,5.33841267849174,5.325314233319204,5.350932386831539
reach,4,3,0,temporal_distance_frames,32,32,0.31461608438674826,0.3114402132909141,0.31739691318417773
reach,4,3,0,conditioning_mass,32,32,0.0,0.0,0.0
reach,4,3,0,visual_mass,32,32,0.9999999946448952,0.9999999923165888,0.999999996740371
reach,4,3,1,spatial_distance_patches,32,32,6.631576307560466,6.624954028801518,6.637805985583732
reach,4,3,1,temporal_distance_frames,32,32,0.0013314111293675477,0.0012109346974587306,0.001455653495724046
reach,4,3,1,conditioning_mass,32,32,0.0,0.0,0.0
reach,4,3,1,visual_mass,32,32,0.9999999948777258,0.9999999925494194,0.9999999969732016
reach,4,3,2,spatial_distance_patches,32,32,1.0752325533650091,1.0553890242611572,1.0951691994419324
reach,4,3,2,temporal_distance_frames,32,32,0.4579400182785123,0.45664937224541424,0.45913912842161875
reach,4,3,2,conditioning_mass,32,32,0.0,0.0,0.0
reach,4,3,2,visual_mass,32,32,0.9999999974388629,0.9999999930150807,1.0000000020954758
reach,4,3,3,spatial_distance_patches,32,32,7.108428489583188,7.104228158870739,7.112640875967323
reach,4,3,3,temporal_distance_frames,32,32,0.0011773992876403057,0.0011496365158994968,0.0012073943012499576
reach,4,3,3,conditioning_mass,32,32,0.0,0.0,0.0
reach,4,3,3,visual_mass,32,32,0.9999999939464033,0.9999999916180968,0.9999999960418791
reach,4,3,4,spatial_distance_patches,32,32,6.815810363794499,6.8039765964593055,6.8273446997518015
reach,4,3,4,temporal_distance_frames,32,32,0.0006546553268403428,0.0006317207051961502,0.000678664394003464
reach,4,3,4,conditioning_mass,32,32,0.0,0.0,0.0
reach,4,3,4,visual_mass,32,32,0.9999999953433871,0.999999993480742,0.9999999969732016
reach,4,3,5,spatial_distance_patches,32,32,6.457044519029241,6.4500399166462525,6.463878229290611
reach,4,3,5,temporal_distance_frames,32,32,0.0029341586646928486,0.002842422577985647,0.003033741806706368
reach,4,3,5,conditioning_mass,32,32,0.0,0.0,0.0
reach,4,3,5,visual_mass,32,32,0.9999999948777258,0.9999999923165888,0.9999999972060323
reach,4,3,6,spatial_distance_patches,32,32,2.320429270220192,2.3166144661876027,2.3242193693268027
reach,4,3,6,temporal_distance_frames,32,32,0.37885609666031783,0.3777552758457912,0.3799145096259294
reach,4,3,6,conditioning_mass,32,32,0.0,0.0,0.0
reach,4,3,6,visual_mass,32,32,0.9999999962747097,0.9999999930150807,0.9999999997671694
reach,4,3,7,spatial_distance_patches,32,32,7.765895417475077,7.756187343632763,7.775388038043979
reach,4,3,7,temporal_distance_frames,32,32,0.04307589369532736,0.04284446020439713,0.043308711812715096
reach,4,3,7,conditioning_mass,32,32,0.0,0.0,0.0
reach,4,3,7,visual_mass,32,32,0.9999999941792339,0.9999999916180968,0.999999996740371
reach,4,3,8,spatial_distance_patches,32,32,6.976834715395713,6.970858435189427,6.982831956160043
reach,4,3,8,temporal_distance_frames,32,32,0.004734209285975257,0.004600634698889421,0.004877104851332352
reach,4,3,8,conditioning_mass,32,32,0.0,0.0,0.0
reach,4,3,8,visual_mass,32,32,0.9999999937135726,0.9999999906867743,0.9999999965075403
reach,4,3,9,spatial_distance_patches,32,32,7.321283077471659,7.305589255604254,7.336673322336272
reach,4,3,9,temporal_distance_frames,32,32,0.0014392541740895096,0.0014070378985133194,0.0014753986179984139
reach,4,3,9,conditioning_mass,32,32,0.0,0.0,0.0
reach,4,3,9,visual_mass,32,32,0.9999999939464033,0.9999999888241291,0.9999999990686774
reach,4,3,10,spatial_distance_patches,32,32,6.080699302840269,6.070323642095715,6.090978502471479
reach,4,3,10,temporal_distance_frames,32,32,0.0011480130306808054,0.00112112467077774,0.0011749241645095004
reach,4,3,10,conditioning_mass,32,32,0.0,0.0,0.0
reach,4,3,10,visual_mass,32,32,0.9999999925494194,0.9999999897554517,0.9999999951105565
reach,4,3,11,spatial_distance_patches,32,32,6.671556035711519,6.662622374490532,6.679646498111456
reach,4,3,11,temporal_distance_frames,32,32,0.022890432649368853,0.022512380003785564,0.023277106276239037
reach,4,3,11,conditioning_mass,32,32,0.0,0.0,0.0
reach,4,3,11,visual_mass,32,32,0.9999999962747097,0.9999999944120646,0.9999999981373549
reach,4,3,12,spatial_distance_patches,32,32,5.918430816350636,5.9094998000373735,5.927454072931638
reach,4,3,12,temporal_distance_frames,32,32,0.001443038354102432,0.0013860364378477867,0.001503909543912145
reach,4,3,12,conditioning_mass,32,32,0.0,0.0,0.0
reach,4,3,12,visual_mass,32,32,0.9999999946448952,0.99999999278225,0.999999996740371
reach,4,3,13,spatial_distance_patches,32,32,3.3184817391525088,3.3106666857536937,3.3260424454897244
reach,4,3,13,temporal_distance_frames,32,32,0.3987943095029085,0.39777114431555355,0.3998113872483786
reach,4,3,13,conditioning_mass,32,32,0.0,0.0,0.0
reach,4,3,13,visual_mass,32,32,0.9999999946448952,0.9999999918509275,0.9999999972060323
reach,4,3,14,spatial_distance_patches,32,32,6.818509864249322,6.802190698996053,6.834700681638634
reach,4,3,14,temporal_distance_frames,32,32,0.21738959427193966,0.21390428132807793,0.22086758108573312
reach,4,3,14,conditioning_mass,32,32,0.0,0.0,0.0
reach,4,3,14,visual_mass,32,32,0.9999999941792339,0.9999999920837581,0.9999999962747097
reach,4,3,15,spatial_distance_patches,32,32,9.541166884822252,9.53345709916208,9.548960491047142
reach,4,3,15,temporal_distance_frames,32,32,0.0009903724289861185,0.0009689902805797079,0.0010124462569355897
reach,4,3,15,conditioning_mass,32,32,0.0,0.0,0.0
reach,4,3,15,visual_mass,32,32,0.9999999939464033,0.9999999913852662,0.9999999962747097
reach,4,4,0,spatial_distance_patches,32,32,5.367521531126513,5.353089206018003,5.381494519623877
reach,4,4,0,temporal_distance_frames,32,32,0.3115928906232209,0.3082345464840527,0.31453766091449864
reach,4,4,0,conditioning_mass,32,32,0.0,0.0,0.0
reach,4,4,0,visual_mass,32,32,0.9999999937135726,0.9999999916180968,0.9999999955762178
reach,4,4,1,spatial_distance_patches,32,32,6.636024765844673,6.628680499919555,6.643171597909254
reach,4,4,1,temporal_distance_frames,32,32,0.0014400656538764282,0.0013117450022997446,0.0015718300245770606
reach,4,4,1,conditioning_mass,32,32,0.0,0.0,0.0
reach,4,4,1,visual_mass,32,32,0.9999999946448952,0.99999999278225,0.9999999965075403
reach,4,4,2,spatial_distance_patches,32,32,1.0796748953992,1.0560345127903747,1.104141039070441
reach,4,4,2,temporal_distance_frames,32,32,0.45276672449146643,0.45116149934244826,0.4542783921973779
reach,4,4,2,conditioning_mass,32,32,0.0,0.0,0.0
reach,4,4,2,visual_mass,32,32,1.0000000023283064,0.9999999976716936,1.0000000067520887
reach,4,4,3,spatial_distance_patches,32,32,7.107702477716675,7.103122243986691,7.112462108390022
reach,4,4,3,temporal_distance_frames,32,32,0.001104944759527083,0.0010807282455193494,0.0011308682366213897
reach,4,4,3,conditioning_mass,32,32,0.0,0.0,0.0
reach,4,4,3,visual_mass,32,32,0.9999999946448952,0.9999999925494194,0.999999996740371
reach,4,4,4,spatial_distance_patches,32,32,6.81085154271722,6.799403415208556,6.822157694928338
reach,4,4,4,temporal_distance_frames,32,32,0.0007005038861403376,0.0006683182365003208,0.0007344903612680309
reach,4,4,4,conditioning_mass,32,32,0.0,0.0,0.0
reach,4,4,4,visual_mass,32,32,0.9999999925494194,0.9999999904539436,0.9999999946448952
reach,4,4,5,spatial_distance_patches,32,32,6.469984512672616,6.463374657009998,6.476255257254288
reach,4,4,5,temporal_distance_frames,32,32,0.002973606458649431,0.0028816604769461396,0.0030740894614247386
reach,4,4,5,conditioning_mass,32,32,0.0,0.0,0.0
reach,4,4,5,visual_mass,32,32,0.9999999962747097,0.9999999941792339,0.9999999981373549
reach,4,4,6,spatial_distance_patches,32,32,2.3340714367273616,2.3306375662584213,2.3375802945610613
reach,4,4,6,temporal_distance_frames,32,32,0.37550484581503013,0.3742944796457995,0.37665117157270545
reach,4,4,6,conditioning_mass,32,32,0.0,0.0,0.0
reach,4,4,6,visual_mass,32,32,0.9999999920837581,0.9999999892897904,0.9999999946448952
reach,4,4,7,spatial_distance_patches,32,32,7.746826919210289,7.737075411565943,7.756629020986666
reach,4,4,7,temporal_distance_frames,32,32,0.04388448870488311,0.04361692140948998,0.044148385153767414
reach,4,4,7,conditioning_mass,32,32,0.0,0.0,0.0
reach,4,4,7,visual_mass,32,32,0.9999999944120646,0.9999999920837581,0.9999999965075403
reach,4,4,8,spatial_distance_patches,32,32,6.984838691689804,6.978183420902799,6.991655867612023
reach,4,4,8,temporal_distance_frames,32,32,0.004852687300943347,0.004724522000278812,0.004988464552364785
reach,4,4,8,conditioning_mass,32,32,0.0,0.0,0.0
reach,4,4,8,visual_mass,32,32,0.9999999937135726,0.9999999913852662,0.9999999960418791
reach,4,4,9,spatial_distance_patches,32,32,7.32297015131817,7.306831239051322,7.339035628231218
reach,4,4,9,temporal_distance_frames,32,32,0.0014340414066205804,0.0014026460449779803,0.001468692324924609
reach,4,4,9,conditioning_mass,32,32,0.0,0.0,0.0
reach,4,4,9,visual_mass,32,32,0.9999999909196049,0.9999999874271452,0.9999999941792339
reach,4,4,10,spatial_distance_patches,32,32,6.085828378780262,6.075665687592346,6.096023611310468
reach,4,4,10,temporal_distance_frames,32,32,0.0011616295851678694,0.0011328703481771653,0.0011903968525277457
reach,4,4,10,conditioning_mass,32,32,0.0,0.0,0.0
reach,4,4,10,visual_mass,32,32,0.9999999941792339,0.9999999923165888,0.9999999960418791
reach,4,4,11,spatial_distance_patches,32,32,6.660736267387177,6.652205201985905,6.668569570531484
reach,4,4,11,temporal_distance_frames,32,32,0.021556891635583282,0.021188686581874543,0.021923578462328792
reach,4,4,11,conditioning_mass,32,32,0.0,0.0,0.0
reach,4,4,11,visual_mass,32,32,0.9999999937135726,0.9999999911524355,0.9999999962747097
reach,4,4,12,spatial_distance_patches,32,32,5.900007595580595,5.890538240622575,5.909481073269607
reach,4,4,12,temporal_distance_frames,32,32,0.0016718249618968787,0.0015979724763493133,0.0017499585182493653
reach,4,4,12,conditioning_mass,32,32,0.0,0.0,0.0
reach,4,4,12,visual_mass,32,32,0.999999993480742,0.9999999913852662,0.9999999953433871
reach,4,4,13,spatial_distance_patches,32,32,3.3603783159613267,3.352119359646214,3.368278942361295
reach,4,4,13,temporal_distance_frames,32,32,0.3953566080729429,0.39418032410654974,0.3965054349183309
reach,4,4,13,conditioning_mass,32,32,0.0,0.0,0.0
reach,4,4,13,visual_mass,32,32,0.9999999953433871,0.99999999278225,0.9999999979045242
reach,4,4,14,spatial_distance_patches,32,32,6.830510112466117,6.812886253905571,6.847935565913838
reach,4,4,14,temporal_distance_frames,32,32,0.21449282805450523,0.21063907972653534,0.21827529061379772
reach,4,4,14,conditioning_mass,32,32,0.0,0.0,0.0
reach,4,4,14,visual_mass,32,32,0.9999999944120646,0.9999999918509275,0.9999999965075403
reach,4,4,15,spatial_distance_patches,32,32,9.546501494570121,9.538183187987576,9.554566088019811
reach,4,4,15,temporal_distance_frames,32,32,0.0010174003413163763,0.0009924869537576415,0.0010434682098517628
reach,4,4,15,conditioning_mass,32,32,0.0,0.0,0.0
reach,4,4,15,visual_mass,32,32,0.9999999930150807,0.9999999904539436,0.9999999953433871
reach,4,5,0,spatial_distance_patches,32,32,5.403621926286303,5.387808490947371,5.419058389815871
reach,4,5,0,temporal_distance_frames,32,32,0.30612861805173247,0.3026446931979613,0.3092185191008788
reach,4,5,0,conditioning_mass,32,32,0.0,0.0,0.0
reach,4,5,0,visual_mass,32,32,0.9999999951105565,0.9999999925494194,0.9999999974388629
reach,4,5,1,spatial_distance_patches,32,32,6.655226996755232,6.646968509295056,6.663364162224449
reach,4,5,1,temporal_distance_frames,32,32,0.0015273310084002712,0.0013938317732766655,0.001667258730577532
reach,4,5,1,conditioning_mass,32,32,0.0,0.0,0.0
reach,4,5,1,visual_mass,32,32,0.9999999962747097,0.9999999944120646,0.9999999979045242
reach,4,5,2,spatial_distance_patches,32,32,1.100519648815274,1.0728318632658842,1.1296464817694747
reach,4,5,2,temporal_distance_frames,32,32,0.4471035254719167,0.4450635518198877,0.449016380001576
reach,4,5,2,conditioning_mass,32,32,0.0,0.0,0.0
reach,4,5,2,visual_mass,32,32,1.0000000011641532,0.999999996740371,1.0000000053551048
reach,4,5,3,spatial_distance_patches,32,32,7.099699241984091,7.09443762034377,7.105056718576841
reach,4,5,3,temporal_distance_frames,32,32,0.0010584810870073302,0.001034906609209621,0.0010835129693391966
reach,4,5,3,conditioning_mass,32,32,0.0,0.0,0.0
reach,4,5,3,visual_mass,32,32,0.9999999958090484,0.9999999939464033,0.9999999976716936
reach,4,5,4,spatial_distance_patches,32,32,6.804863713885981,6.7932310591406395,6.816313128349631
reach,4,5,4,temporal_distance_frames,32,32,0.0008075688996565034,0.0007638103016378308,0.0008531657750319257
reach,4,5,4,conditioning_mass,32,32,0.0,0.0,0.0
reach,4,5,4,visual_mass,32,32,0.9999999939464033,0.9999999918509275,0.9999999960418791
reach,4,5,5,spatial_distance_patches,32,32,6.480964908048586,6.474124548733773,6.48755921892969
reach,4,5,5,temporal_distance_frames,32,32,0.003061753935122998,0.00297049857223433,0.0031609593022315753
reach,4,5,5,conditioning_mass,32,32,0.0,0.0,0.0
reach,4,5,5,visual_mass,32,32,0.9999999948777258,0.9999999923165888,0.9999999974388629
reach,4,5,6,spatial_distance_patches,32,32,2.34643622267284,2.3426843610191135,2.3503134252525486
reach,4,5,6,temporal_distance_frames,32,32,0.3727095519312311,0.37130039371040185,0.3740286988140267
reach,4,5,6,conditioning_mass,32,32,0.0,0.0,0.0
reach,4,5,6,visual_mass,32,32,0.9999999962747097,0.999999993480742,0.9999999993015081
reach,4,5,7,spatial_distance_patches,32,32,7.732154984158406,7.721715985521747,7.742721896074139
reach,4,5,7,temporal_distance_frames,32,32,0.04467285242521661,0.04430154207994293,0.045054234215947356
reach,4,5,7,conditioning_mass,32,32,0.0,0.0,0.0
reach,4,5,7,visual_mass,32,32,0.999999993480742,0.9999999913852662,0.9999999955762178
reach,4,5,8,spatial_distance_patches,32,32,6.984152015200444,6.976820642995576,6.991737152884812
reach,4,5,8,temporal_distance_frames,32,32,0.004966488849166662,0.0048437145750361826,0.005093349721348188
reach,4,5,8,conditioning_mass,32,32,0.0,0.0,0.0
reach,4,5,8,visual_mass,32,32,0.9999999925494194,0.9999999899882823,0.9999999948777258
reach,4,5,9,spatial_distance_patches,32,32,7.300457022380832,7.283047383451899,7.317988803770668
reach,4,5,9,temporal_distance_frames,32,32,0.0014582836480427608,0.001427053443146168,0.0014909175224983298
reach,4,5,9,conditioning_mass,32,32,0.0,0.0,0.0
reach,4,5,9,visual_mass,32,32,0.999999993480742,0.999999989522621,0.9999999972060323
reach,4,5,10,spatial_distance_patches,32,32,6.088463435277963,6.078720179537228,6.098149439821701
reach,4,5,10,temporal_distance_frames,32,32,0.0011887062303959218,0.001156258632251057,0.001220824570217631
reach,4,5,10,conditioning_mass,32,32,0.0,0.0,0.0
reach,4,5,10,visual_mass,32,32,0.9999999962747097,0.9999999946448952,0.9999999979045242
reach,4,5,11,spatial_distance_patches,32,32,6.659092830709371,6.650654761037874,6.6669694845876215
reach,4,5,11,temporal_distance_frames,32,32,0.020890540802361975,0.020515813658364936,0.021261674470779913
reach,4,5,11,conditioning_mass,32,32,0.0,0.0,0.0
reach,4,5,11,visual_mass,32,32,0.9999999932479113,0.9999999913852662,0.9999999951105565
reach,4,5,12,spatial_distance_patches,32,32,5.884224494031404,5.8743970601957365,5.894081750012636
reach,4,5,12,temporal_distance_frames,32,32,0.0017593311135012351,0.001681436498451421,0.0018422290364427606
reach,4,5,12,conditioning_mass,32,32,0.0,0.0,0.0
reach,4,5,12,visual_mass,32,32,0.9999999925494194,0.999999990221113,0.9999999948777258
reach,4,5,13,spatial_distance_patches,32,32,3.399467136042043,3.390089884887841,3.4085308355687394
reach,4,5,13,temporal_distance_frames,32,32,0.3927538892732817,0.3913734990023601,0.39405013356455965
reach,4,5,13,conditioning_mass,32,32,0.0,0.0,0.0
reach,4,5,13,visual_mass,32,32,0.9999999941792339,0.9999999916180968,0.999999996740371
reach,4,5,14,spatial_distance_patches,32,32,6.8505148283483415,6.831036507762742,6.869376183579193
reach,4,5,14,temporal_distance_frames,32,32,0.21116250546214102,0.20693972434037625,0.21527110665121715
reach,4,5,14,conditioning_mass,32,32,0.0,0.0,0.0
reach,4,5,14,visual_mass,32,32,0.9999999960418791,0.9999999930150807,0.9999999990686774
reach,4,5,15,spatial_distance_patches,32,32,9.539858039070804,9.52779942649119,9.550954693543028
reach,4,5,15,temporal_distance_frames,32,32,0.0010238649178689351,0.0009900304559302196,0.0010588867097751247
reach,4,5,15,conditioning_mass,32,32,0.0,0.0,0.0
reach,4,5,15,visual_mass,32,32,0.9999999930150807,0.9999999904539436,0.9999999955762178
reach,4,6,0,spatial_distance_patches,32,32,5.438314300429486,5.420548932823235,5.456193182741061
reach,4,6,0,temporal_distance_frames,32,32,0.30421994159158344,0.3008252773019505,0.3072259429255796
reach,4,6,0,conditioning_mass,32,32,0.0,0.0,0.0
reach,4,6,0,visual_mass,32,32,0.9999999939464033,0.9999999920837581,0.9999999958090484
reach,4,6,1,spatial_distance_patches,32,32,6.675689847244293,6.667130340116396,6.684157303176556
reach,4,6,1,temporal_distance_frames,32,32,0.0015605599973735197,0.00142419539353782,0.001700166940522245
reach,4,6,1,conditioning_mass,32,32,0.0,0.0,0.0
reach,4,6,1,visual_mass,32,32,0.9999999965075403,0.9999999946448952,0.9999999983701855
reach,4,6,2,spatial_distance_patches,32,32,1.1060929147871392,1.0756844257979037,1.1385418168272134
reach,4,6,2,temporal_distance_frames,32,32,0.44392706521644754,0.441715864232896,0.4459758734984244
reach,4,6,2,conditioning_mass,32,32,0.0,0.0,0.0
reach,4,6,2,visual_mass,32,32,1.0000000041909516,0.9999999988358468,1.000000009778887
reach,4,6,3,spatial_distance_patches,32,32,7.0927157870345265,7.085669403690658,7.099384844612319
reach,4,6,3,temporal_distance_frames,32,32,0.0010143355917245534,0.000991312471601663,0.0010386522269556148
reach,4,6,3,conditioning_mass,32,32,0.0,0.0,0.0
reach,4,6,3,visual_mass,32,32,0.9999999941792339,0.9999999911524355,0.999999996740371
reach,4,6,4,spatial_distance_patches,32,32,6.804058134232736,6.792195834592342,6.8157003505752485
reach,4,6,4,temporal_distance_frames,32,32,0.0009222987723298125,0.0008728061857165189,0.000972948179945699
reach,4,6,4,conditioning_mass,32,32,0.0,0.0,0.0
reach,4,6,4,visual_mass,32,32,0.999999993480742,0.9999999904539436,0.9999999962747097
reach,4,6,5,spatial_distance_patches,32,32,6.495490953803051,6.487556694493868,6.503428952218389
reach,4,6,5,temporal_distance_frames,32,32,0.003161678932889463,0.003069367950119603,0.003261759961706144
reach,4,6,5,conditioning_mass,32,32,0.0,0.0,0.0
reach,4,6,5,visual_mass,32,32,0.9999999953433871,0.9999999930150807,0.9999999974388629
reach,4,6,6,spatial_distance_patches,32,32,2.3520435076075588,2.347560593015016,2.356669195771202
reach,4,6,6,temporal_distance_frames,32,32,0.3707685437679866,0.3691064189563139,0.3723049722900549
reach,4,6,6,conditioning_mass,32,32,0.0,0.0,0.0
reach,4,6,6,visual_mass,32,32,0.999999993480742,0.9999999906867743,0.9999999962747097
reach,4,6,7,spatial_distance_patches,32,32,7.734443871805553,7.722700607733615,7.746233423560621
reach,4,6,7,temporal_distance_frames,32,32,0.0461835713057432,0.04569914017489473,0.046691517022913236
reach,4,6,7,conditioning_mass,32,32,0.0,0.0,0.0
reach,4,6,7,visual_mass,32,32,0.9999999951105565,0.99999999278225,0.9999999974388629
reach,4,6,8,spatial_distance_patches,32,32,6.984446032148343,6.97617700382306,6.9929199810232845
reach,4,6,8,temporal_distance_frames,32,32,0.005042046714743708,0.0049233879754714315,0.005162239211074571
reach,4,6,8,conditioning_mass,32,32,0.0,0.0,0.0
reach,4,6,8,visual_mass,32,32,0.9999999946448952,0.9999999923165888,0.9999999972060323
reach,4,6,9,spatial_distance_patches,32,32,7.270798616646761,7.2529926616038995,7.288677880640246
reach,4,6,9,temporal_distance_frames,32,32,0.0015277253774514264,0.0014917301627931515,0.0015665018478604642
reach,4,6,9,conditioning_mass,32,32,0.0,0.0,0.0
reach,4,6,9,visual_mass,32,32,0.9999999906867743,0.999999986262992,0.9999999948777258
reach,4,6,10,spatial_distance_patches,32,32,6.0928767857993025,6.08375560477154,6.101796278312645
reach,4,6,10,temporal_distance_frames,32,32,0.0012239874479498725,0.0011843823353702668,0.0012632137150240218
reach,4,6,10,conditioning_mass,32,32,0.0,0.0,0.0
reach,4,6,10,visual_mass,32,32,0.999999996740371,0.9999999944120646,0.9999999990686774
reach,4,6,11,spatial_distance_patches,32,32,6.673163349123621,6.663771234016283,6.682552300059645
reach,4,6,11,temporal_distance_frames,32,32,0.02035346239293222,0.02000327050534458,0.020698249231569738
reach,4,6,11,conditioning_mass,32,32,0.0,0.0,0.0
reach,4,6,11,visual_mass,32,32,0.9999999946448952,0.9999999920837581,0.9999999972060323
reach,4,6,12,spatial_distance_patches,32,32,5.874236433142974,5.864268888904003,5.883991076925064
reach,4,6,12,temporal_distance_frames,32,32,0.0018948459293170207,0.0017989138137553399,0.0019990182439522945
reach,4,6,12,conditioning_mass,32,32,0.0,0.0,0.0
reach,4,6,12,visual_mass,32,32,0.9999999948777258,0.9999999925494194,0.9999999972060323
reach,4,6,13,spatial_distance_patches,32,32,3.433173448321484,3.4225512624516705,3.4434955943894012
reach,4,6,13,temporal_distance_frames,32,32,0.39136217882315605,0.38971785956772936,0.39286791060415416
reach,4,6,13,conditioning_mass,32,32,0.0,0.0,0.0
reach,4,6,13,visual_mass,32,32,0.999999993480742,0.9999999916180968,0.9999999953433871
reach,4,6,14,spatial_distance_patches,32,32,6.8645456152626245,6.843959678508641,6.884260081969795
reach,4,6,14,temporal_distance_frames,32,32,0.21046975049764816,0.20584472707552245,0.21488986212678915
reach,4,6,14,conditioning_mass,32,32,0.0,0.0,0.0
reach,4,6,14,visual_mass,32,32,0.999999993480742,0.9999999909196049,0.9999999958090484
reach,4,6,15,spatial_distance_patches,32,32,9.521135272384079,9.50274150923942,9.537704778765333
reach,4,6,15,temporal_distance_frames,32,32,0.0009891545972841522,0.0009515589632213956,0.0010283847218149219
reach,4,6,15,conditioning_mass,32,32,0.0,0.0,0.0
reach,4,6,15,visual_mass,32,32,0.9999999951105565,0.9999999920837581,0.9999999981373549
reach,5,1,0,spatial_distance_patches,32,32,7.475563560234056,7.464242519379997,7.486128464305226
reach,5,1,0,temporal_distance_frames,32,32,0.0,0.0,0.0
reach,5,1,0,conditioning_mass,32,32,0.0,0.0,0.0
reach,5,1,0,visual_mass,32,32,0.9999999939464033,0.999999990221113,0.9999999972060323
reach,5,1,1,spatial_distance_patches,32,32,4.17693063327418,4.16983414311963,4.1838491236277235
reach,5,1,1,temporal_distance_frames,32,32,0.0,0.0,0.0
reach,5,1,1,conditioning_mass,32,32,0.0,0.0,0.0
reach,5,1,1,visual_mass,32,32,0.9999999953433871,0.9999999930150807,0.9999999976716936
reach,5,1,2,spatial_distance_patches,32,32,5.08215351299976,5.067709978384612,5.095988891771403
reach,5,1,2,temporal_distance_frames,32,32,0.0,0.0,0.0
reach,5,1,2,conditioning_mass,32,32,0.0,0.0,0.0
reach,5,1,2,visual_mass,32,32,0.9999999958090484,0.9999999925494194,0.9999999986030161
reach,5,1,3,spatial_distance_patches,32,32,7.091301948965885,7.0731916777187775,7.108662715847272
reach,5,1,3,temporal_distance_frames,32,32,0.0,0.0,0.0
reach,5,1,3,conditioning_mass,32,32,0.0,0.0,0.0
reach,5,1,3,visual_mass,32,32,0.9999999930150807,0.9999999897554517,0.9999999962747097
reach,5,1,4,spatial_distance_patches,32,32,7.0953232954767875,7.087543577202649,7.103401230770485
reach,5,1,4,temporal_distance_frames,32,32,0.0,0.0,0.0
reach,5,1,4,conditioning_mass,32,32,0.0,0.0,0.0
reach,5,1,4,visual_mass,32,32,0.9999999930150807,0.9999999897554517,0.9999999958090484
reach,5,1,5,spatial_distance_patches,32,32,7.330079058467178,7.324633118415252,7.335500860994922
reach,5,1,5,temporal_distance_frames,32,32,0.0,0.0,0.0
reach,5,1,5,conditioning_mass,32,32,0.0,0.0,0.0
reach,5,1,5,visual_mass,32,32,0.9999999920837581,0.9999999892897904,0.9999999948777258
reach,5,1,6,spatial_distance_patches,32,32,7.104125104778641,7.092680001302084,7.115044779027433
reach,5,1,6,temporal_distance_frames,32,32,0.0,0.0,0.0
reach,5,1,6,conditioning_mass,32,32,0.0,0.0,0.0
reach,5,1,6,visual_mass,32,32,0.9999999958090484,0.9999999930150807,0.9999999981373549
reach,5,1,7,spatial_distance_patches,32,32,7.32704812104074,7.318396542936903,7.335305737538025
reach,5,1,7,temporal_distance_frames,32,32,0.0,0.0,0.0
reach,5,1,7,conditioning_mass,32,32,0.0,0.0,0.0
reach,5,1,7,visual_mass,32,32,0.9999999972060323,0.9999999944120646,1.0000000004656613
reach,5,1,8,spatial_distance_patches,32,32,4.913085032733681,4.90020119702141,4.925343631090091
reach,5,1,8,temporal_distance_frames,32,32,0.0,0.0,0.0
reach,5,1,8,conditioning_mass,32,32,0.0,0.0,0.0
reach,5,1,8,visual_mass,32,32,0.9999999953433871,0.9999999925494194,0.9999999976716936
reach,5,1,9,spatial_distance_patches,32,32,5.412210965220546,5.400535407550582,5.423521928144454
reach,5,1,9,temporal_distance_frames,32,32,0.0,0.0,0.0
reach,5,1,9,conditioning_mass,32,32,0.0,0.0,0.0
reach,5,1,9,visual_mass,32,32,0.9999999962747097,0.999999993480742,0.9999999986030161
reach,5,1,10,spatial_distance_patches,32,32,5.142919940894873,5.130574152634161,5.154368918495508
reach,5,1,10,temporal_distance_frames,32,32,0.0,0.0,0.0
reach,5,1,10,conditioning_mass,32,32,0.0,0.0,0.0
reach,5,1,10,visual_mass,32,32,0.999999996740371,0.9999999939464033,0.9999999990686774
reach,5,1,11,spatial_distance_patches,32,32,7.121184776411903,7.103908454744872,7.137018160503106
reach,5,1,11,temporal_distance_frames,32,32,0.0,0.0,0.0
reach,5,1,11,conditioning_mass,32,32,0.0,0.0,0.0
reach,5,1,11,visual_mass,32,32,0.9999999944120646,0.9999999916180968,0.9999999972060323
reach,5,1,12,spatial_distance_patches,32,32,7.187697092403587,7.180260526750767,7.195199156655467
reach,5,1,12,temporal_distance_frames,32,32,0.0,0.0,0.0
reach,5,1,12,conditioning_mass,32,32,0.0,0.0,0.0
reach,5,1,12,visual_mass,32,32,0.999999993480742,0.9999999906867743,0.9999999962747097
reach,5,1,13,spatial_distance_patches,32,32,7.169657052125025,7.153424526868295,7.185568963128609
reach,5,1,13,temporal_distance_frames,32,32,0.0,0.0,0.0
reach,5,1,13,conditioning_mass,32,32,0.0,0.0,0.0
reach,5,1,13,visual_mass,32,32,0.9999999962747097,0.9999999930150807,0.9999999995343387
reach,5,1,14,spatial_distance_patches,32,32,5.996008923324971,5.984346726905797,6.006589420947808
reach,5,1,14,temporal_distance_frames,32,32,0.0,0.0,0.0
reach,5,1,14,conditioning_mass,32,32,0.0,0.0,0.0
reach,5,1,14,visual_mass,32,32,0.9999999953433871,0.9999999920837581,0.9999999990686774
reach,5,1,15,spatial_distance_patches,32,32,6.818135356049098,6.797693650459186,6.837426533597691
reach,5,1,15,temporal_distance_frames,32,32,0.0,0.0,0.0
reach,5,1,15,conditioning_mass,32,32,0.0,0.0,0.0
reach,5,1,15,visual_mass,32,32,0.9999999948777258,0.9999999916180968,0.9999999976716936
reach,5,2,0,spatial_distance_patches,32,32,7.476711464165889,7.46605692285672,7.486542795898948
reach,5,2,0,temporal_distance_frames,32,32,0.05398354012353783,0.05302725464186044,0.054908765151513085
reach,5,2,0,conditioning_mass,32,32,0.0,0.0,0.0
reach,5,2,0,visual_mass,32,32,0.9999999946448952,0.99999999278225,0.9999999962747097
reach,5,2,1,spatial_distance_patches,32,32,4.171835987310188,4.165272778038843,4.178192504071763
reach,5,2,1,temporal_distance_frames,32,32,0.40838686446825556,0.40695074467983167,0.40977719144648617
reach,5,2,1,conditioning_mass,32,32,0.0,0.0,0.0
reach,5,2,1,visual_mass,32,32,0.9999999948777258,0.9999999923165888,0.9999999974388629
reach,5,2,2,spatial_distance_patches,32,32,5.071842012728747,5.058451049145447,5.084621650311316
reach,5,2,2,temporal_distance_frames,32,32,0.00112675624725432,0.001107992794563402,0.0011452654832576523
reach,5,2,2,conditioning_mass,32,32,0.0,0.0,0.0
reach,5,2,2,visual_mass,32,32,0.9999999923165888,0.9999999899882823,0.9999999946448952
reach,5,2,3,spatial_distance_patches,32,32,7.0918934194474526,7.074387002433774,7.108623001221967
reach,5,2,3,temporal_distance_frames,32,32,0.05066652252482392,0.04958400679175449,0.051743363824065046
reach,5,2,3,conditioning_mass,32,32,0.0,0.0,0.0
reach,5,2,3,visual_mass,32,32,0.9999999937135726,0.9999999913852662,0.9999999960418791
reach,5,2,4,spatial_distance_patches,32,32,7.085797796064872,7.078517800585985,7.093179357426207
reach,5,2,4,temporal_distance_frames,32,32,0.0020716922288963706,0.0020042909774426075,0.0021349217673148173
reach,5,2,4,conditioning_mass,32,32,0.0,0.0,0.0
reach,5,2,4,visual_mass,32,32,0.9999999939464033,0.9999999916180968,0.9999999962747097
reach,5,2,5,spatial_distance_patches,32,32,7.337887334535202,7.332835140924085,7.342893064323209
reach,5,2,5,temporal_distance_frames,32,32,0.016921447796873934,0.016476976058799733,0.017372591091875472
reach,5,2,5,conditioning_mass,32,32,0.0,0.0,0.0
reach,5,2,5,visual_mass,32,32,0.9999999955762178,0.9999999932479113,0.9999999976716936
reach,5,2,6,spatial_distance_patches,32,32,7.117390449691513,7.105805706020394,7.128258847210829
reach,5,2,6,temporal_distance_frames,32,32,0.004646272623536408,0.0044537030189934585,0.00485427287483875
reach,5,2,6,conditioning_mass,32,32,0.0,0.0,0.0
reach,5,2,6,visual_mass,32,32,0.9999999953433871,0.9999999937135726,0.9999999969732016
reach,5,2,7,spatial_distance_patches,32,32,7.339675499202302,7.331702559649058,7.347173603111553
reach,5,2,7,temporal_distance_frames,32,32,0.002205286603816828,0.0021517439352071,0.002262624328902117
reach,5,2,7,conditioning_mass,32,32,0.0,0.0,0.0
reach,5,2,7,visual_mass,32,32,0.9999999944120646,0.9999999920837581,0.999999996740371
reach,5,2,8,spatial_distance_patches,32,32,4.910755878767812,4.898327793307996,4.922685178327009
reach,5,2,8,temporal_distance_frames,32,32,0.033942136583002325,0.033104070713326536,0.03476898343476486
reach,5,2,8,conditioning_mass,32,32,0.0,0.0,0.0
reach,5,2,8,visual_mass,32,32,0.9999999944120646,0.9999999918509275,0.999999996740371
reach,5,2,9,spatial_distance_patches,32,32,5.423245752688198,5.4122787598236535,5.4338241591579415
reach,5,2,9,temporal_distance_frames,32,32,0.16812211223825063,0.16597956159400623,0.1701804520639485
reach,5,2,9,conditioning_mass,32,32,0.0,0.0,0.0
reach,5,2,9,visual_mass,32,32,0.9999999951105565,0.9999999930150807,0.9999999969732016
reach,5,2,10,spatial_distance_patches,32,32,5.1360061261669445,5.125088182392525,5.146135640430324
reach,5,2,10,temporal_distance_frames,32,32,0.0035009328197282727,0.0034344544803983686,0.0035670332998472827
reach,5,2,10,conditioning_mass,32,32,0.0,0.0,0.0
reach,5,2,10,visual_mass,32,32,0.999999993480742,0.9999999911524355,0.9999999960418791
reach,5,2,11,spatial_distance_patches,32,32,7.122125698143553,7.105634207711384,7.137294615247516
reach,5,2,11,temporal_distance_frames,32,32,0.0030983801999153356,0.0030148801210599587,0.0031799308535108563
reach,5,2,11,conditioning_mass,32,32,0.0,0.0,0.0
reach,5,2,11,visual_mass,32,32,0.999999993480742,0.9999999911524355,0.9999999955762178
reach,5,2,12,spatial_distance_patches,32,32,7.224627324476711,7.216663622880159,7.232763451742246
reach,5,2,12,temporal_distance_frames,32,32,0.0007639346170675617,0.0007514820704991542,0.0007777591402345688
reach,5,2,12,conditioning_mass,32,32,0.0,0.0,0.0
reach,5,2,12,visual_mass,32,32,0.9999999941792339,0.9999999916180968,0.999999996740371
reach,5,2,13,spatial_distance_patches,32,32,7.1770221193677575,7.161951125892201,7.191839098360754
reach,5,2,13,temporal_distance_frames,32,32,0.00031502343980511984,0.0003049942710907713,0.0003256495731023175
reach,5,2,13,conditioning_mass,32,32,0.0,0.0,0.0
reach,5,2,13,visual_mass,32,32,0.9999999946448952,0.9999999918509275,0.9999999972060323
reach,5,2,14,spatial_distance_patches,32,32,6.0013258019134526,5.990079802028903,6.0115983907401995
reach,5,2,14,temporal_distance_frames,32,32,0.014175884267486007,0.013900997429275527,0.014450019145312526
reach,5,2,14,conditioning_mass,32,32,0.0,0.0,0.0
reach,5,2,14,visual_mass,32,32,0.9999999939464033,0.9999999916180968,0.9999999962747097
reach,5,2,15,spatial_distance_patches,32,32,6.838752948541722,6.819003221443504,6.857401367532297
reach,5,2,15,temporal_distance_frames,32,32,0.01703680518055871,0.01659103089706357,0.01747817265926124
reach,5,2,15,conditioning_mass,32,32,0.0,0.0,0.0
reach,5,2,15,visual_mass,32,32,0.9999999974388629,0.9999999948777258,1.0000000002328306
reach,5,3,0,spatial_distance_patches,32,32,7.485324332447889,7.474757364826672,7.49521793538191
reach,5,3,0,temporal_distance_frames,32,32,0.04758657279971701,0.04670433491867134,0.04844287004772038
reach,5,3,0,conditioning_mass,32,32,0.0,0.0,0.0
reach,5,3,0,visual_mass,32,32,0.9999999962747097,0.9999999944120646,0.9999999979045242
reach,5,3,1,spatial_distance_patches,32,32,4.171320658219019,4.165173756044599,4.177096791539592
reach,5,3,1,temporal_distance_frames,32,32,0.3996261420099694,0.39793976457914654,0.4012354919657004
reach,5,3,1,conditioning_mass,32,32,0.0,0.0,0.0
reach,5,3,1,visual_mass,32,32,0.9999999944120646,0.9999999920837581,0.9999999969732016
reach,5,3,2,spatial_distance_patches,32,32,5.0349004505700306,5.022308812057199,5.047072740242355
reach,5,3,2,temporal_distance_frames,32,32,0.0011475623105677848,0.0011304500394710563,0.0011638589755180297
reach,5,3,2,conditioning_mass,32,32,0.0,0.0,0.0
reach,5,3,2,visual_mass,32,32,0.9999999941792339,0.9999999913852662,0.9999999969732016
reach,5,3,3,spatial_distance_patches,32,32,7.09482616875139,7.0781377950153965,7.110941407936757
reach,5,3,3,temporal_distance_frames,32,32,0.04271295503960955,0.04176681745537219,0.043616709598733934
reach,5,3,3,conditioning_mass,32,32,0.0,0.0,0.0
reach,5,3,3,visual_mass,32,32,0.9999999953433871,0.9999999932479113,0.9999999972060323
reach,5,3,4,spatial_distance_patches,32,32,7.068566908450958,7.060904313563773,7.07611807288745
reach,5,3,4,temporal_distance_frames,32,32,0.0023273926322686907,0.00225011210499985,0.0024028526037792918
reach,5,3,4,conditioning_mass,32,32,0.0,0.0,0.0
reach,5,3,4,visual_mass,32,32,0.9999999953433871,0.9999999930150807,0.9999999976716936
reach,5,3,5,spatial_distance_patches,32,32,7.348744673750447,7.343876828224498,7.3534385230532076
reach,5,3,5,temporal_distance_frames,32,32,0.013300536354193444,0.012932341531323265,0.013670057026200888
reach,5,3,5,conditioning_mass,32,32,0.0,0.0,0.0
reach,5,3,5,visual_mass,32,32,0.9999999944120646,0.9999999918509275,0.9999999965075403
reach,5,3,6,spatial_distance_patches,32,32,7.126155115921391,7.1137285354045545,7.137696227505738
reach,5,3,6,temporal_distance_frames,32,32,0.004453477971065172,0.004284489269608647,0.004638413217333132
reach,5,3,6,conditioning_mass,32,32,0.0,0.0,0.0
reach,5,3,6,visual_mass,32,32,0.9999999960418791,0.9999999939464033,0.9999999981373549
reach,5,3,7,spatial_distance_patches,32,32,7.348692396133938,7.341112887184145,7.355795969266865
reach,5,3,7,temporal_distance_frames,32,32,0.0022696372235425162,0.002221173495596879,0.0023194286144188315
reach,5,3,7,conditioning_mass,32,32,0.0,0.0,0.0
reach,5,3,7,visual_mass,32,32,0.999999993480742,0.9999999906867743,0.9999999962747097
reach,5,3,8,spatial_distance_patches,32,32,4.907837109720564,4.895981774620379,4.919448181653738
reach,5,3,8,temporal_distance_frames,32,32,0.028656018475082763,0.027933054200146683,0.02938017805516431
reach,5,3,8,conditioning_mass,32,32,0.0,0.0,0.0
reach,5,3,8,visual_mass,32,32,0.9999999958090484,0.9999999937135726,0.9999999979045242
reach,5,3,9,spatial_distance_patches,32,32,5.431317563991742,5.421119607165149,5.440946235933484
reach,5,3,9,temporal_distance_frames,32,32,0.15401053873890114,0.1516583007514279,0.1562864719619142
reach,5,3,9,conditioning_mass,32,32,0.0,0.0,0.0
reach,5,3,9,visual_mass,32,32,0.9999999948777258,0.999999993480742,0.9999999962747097
reach,5,3,10,spatial_distance_patches,32,32,5.10863379938339,5.098122278927411,5.118715049283603
reach,5,3,10,temporal_distance_frames,32,32,0.0034513870742507295,0.0033914343173106266,0.0035126142987984468
reach,5,3,10,conditioning_mass,32,32,0.0,0.0,0.0
reach,5,3,10,visual_mass,32,32,0.9999999941792339,0.9999999920837581,0.9999999962747097
reach,5,3,11,spatial_distance_patches,32,32,7.115302572472255,7.098850366488371,7.1300719745279775
reach,5,3,11,temporal_distance_frames,32,32,0.0028714843516570235,0.002780461915827375,0.0029597587460293566
reach,5,3,11,conditioning_mass,32,32,0.0,0.0,0.0
reach,5,3,11,visual_mass,32,32,0.9999999962747097,0.9999999941792339,0.9999999983701855
reach,5,3,12,spatial_distance_patches,32,32,7.252801811698791,7.242822145549473,7.262789741300874
reach,5,3,12,temporal_distance_frames,32,32,0.0008034207443076307,0.0007921572013412661,0.0008155202648527773
reach,5,3,12,conditioning_mass,32,32,0.0,0.0,0.0
reach,5,3,12,visual_mass,32,32,0.9999999930150807,0.9999999906867743,0.9999999953433871
reach,5,3,13,spatial_distance_patches,32,32,7.200638881041808,7.1850586579953335,7.215869359246991
reach,5,3,13,temporal_distance_frames,32,32,0.00033639180496704486,0.0003246620464649824,0.00034869160723725433
reach,5,3,13,conditioning_mass,32,32,0.0,0.0,0.0
reach,5,3,13,visual_mass,32,32,0.9999999906867743,0.9999999878928065,0.999999993480742
reach,5,3,14,spatial_distance_patches,32,32,5.998376148722905,5.9871938143789665,6.00888488568284
reach,5,3,14,temporal_distance_frames,32,32,0.013593070286654893,0.01331679200535964,0.013869983745190244
reach,5,3,14,conditioning_mass,32,32,0.0,0.0,0.0
reach,5,3,14,visual_mass,32,32,0.9999999939464033,0.9999999913852662,0.9999999962747097
reach,5,3,15,spatial_distance_patches,32,32,6.861933893118927,6.843336227238497,6.879415638436209
reach,5,3,15,temporal_distance_frames,32,32,0.014423262124689112,0.014076371583310031,0.0147579833768742
reach,5,3,15,conditioning_mass,32,32,0.0,0.0,0.0
reach,5,3,15,visual_mass,32,32,0.9999999939464033,0.9999999916180968,0.9999999962747097
reach,5,4,0,spatial_distance_patches,32,32,7.488750957132403,7.478368831049715,7.49862501866308
reach,5,4,0,temporal_distance_frames,32,32,0.044291856523064534,0.04343271467230753,0.04508344185561755
reach,5,4,0,conditioning_mass,32,32,0.0,0.0,0.0
reach,5,4,0,visual_mass,32,32,0.999999996740371,0.9999999951105565,0.9999999986030161
reach,5,4,1,spatial_distance_patches,32,32,4.167793327712474,4.161634473072855,4.173542677384497
reach,5,4,1,temporal_distance_frames,32,32,0.39398774287938426,0.39200700302516933,0.3958277718642483
reach,5,4,1,conditioning_mass,32,32,0.0,0.0,0.0
reach,5,4,1,visual_mass,32,32,0.9999999960418791,0.9999999939464033,0.9999999981373549
reach,5,4,2,spatial_distance_patches,32,32,5.0250094576125,5.012374118261092,5.036990978238378
reach,5,4,2,temporal_distance_frames,32,32,0.001172763903976639,0.001155343629584241,0.0011898286277614758
reach,5,4,2,conditioning_mass,32,32,0.0,0.0,0.0
reach,5,4,2,visual_mass,32,32,0.9999999958090484,0.9999999932479113,0.9999999981373549
reach,5,4,3,spatial_distance_patches,32,32,7.106128034920653,7.090303662166724,7.1214170660991565
reach,5,4,3,temporal_distance_frames,32,32,0.038853416739470965,0.03787989743501198,0.03978569447093365
reach,5,4,3,conditioning_mass,32,32,0.0,0.0,0.0
reach,5,4,3,visual_mass,32,32,0.9999999937135726,0.9999999906867743,0.999999996740371
reach,5,4,4,spatial_distance_patches,32,32,7.052163605590071,7.044620446842497,7.059505246871558
reach,5,4,4,temporal_distance_frames,32,32,0.0025809117694676996,0.0024925743229902574,0.002668469104410624
reach,5,4,4,conditioning_mass,32,32,0.0,0.0,0.0
reach,5,4,4,visual_mass,32,32,0.9999999951105565,0.99999999278225,0.9999999974388629
reach,5,4,5,spatial_distance_patches,32,32,7.344292401889322,7.3401853733205895,7.348288050540648
reach,5,4,5,temporal_distance_frames,32,32,0.011408662729458325,0.011012165336227552,0.01181765720794591
reach,5,4,5,conditioning_mass,32,32,0.0,0.0,0.0
reach,5,4,5,visual_mass,32,32,0.9999999937135726,0.9999999909196049,0.9999999962747097
reach,5,4,6,spatial_distance_patches,32,32,7.1339417786303105,7.12074844606469,7.146118583175292
reach,5,4,6,temporal_distance_frames,32,32,0.004310581508492104,0.004150995754842912,0.004486414661746363
reach,5,4,6,conditioning_mass,32,32,0.0,0.0,0.0
reach,5,4,6,visual_mass,32,32,0.9999999953433871,0.9999999930150807,0.9999999974388629
reach,5,4,7,spatial_distance_patches,32,32,7.354123444208631,7.3461228804783625,7.3617898980845755
reach,5,4,7,temporal_distance_frames,32,32,0.002298732663975766,0.0022513764787684114,0.0023465873024486944
reach,5,4,7,conditioning_mass,32,32,0.0,0.0,0.0
reach,5,4,7,visual_mass,32,32,0.9999999955762178,0.9999999939464033,0.9999999972060323
reach,5,4,8,spatial_distance_patches,32,32,4.911542898861487,4.899792591965661,4.922970713098278
reach,5,4,8,temporal_distance_frames,32,32,0.026376736068890735,0.025693000670547632,0.027063822105004503
reach,5,4,8,conditioning_mass,32,32,0.0,0.0,0.0
reach,5,4,8,visual_mass,32,32,0.9999999930150807,0.9999999904539436,0.9999999953433871
reach,5,4,9,spatial_distance_patches,32,32,5.43770079352568,5.428868033082539,5.4459765709826815
reach,5,4,9,temporal_distance_frames,32,32,0.14753693603166923,0.14505856747339982,0.14993547661731596
reach,5,4,9,conditioning_mass,32,32,0.0,0.0,0.0
reach,5,4,9,visual_mass,32,32,0.9999999965075403,0.9999999944120646,0.9999999986030161
reach,5,4,10,spatial_distance_patches,32,32,5.104151360071796,5.094054695223809,5.113828297465745
reach,5,4,10,temporal_distance_frames,32,32,0.0033512867701081814,0.003295904654843997,0.0034072776325780644
reach,5,4,10,conditioning_mass,32,32,0.0,0.0,0.0
reach,5,4,10,visual_mass,32,32,0.9999999946448952,0.9999999925494194,0.999999996740371
reach,5,4,11,spatial_distance_patches,32,32,7.119454958546497,7.103370706644254,7.133989208291158
reach,5,4,11,temporal_distance_frames,32,32,0.0028414621845718677,0.002747612157531028,0.002934905525220785
reach,5,4,11,conditioning_mass,32,32,0.0,0.0,0.0
reach,5,4,11,visual_mass,32,32,0.9999999948777258,0.9999999925494194,0.9999999969732016
reach,5,4,12,spatial_distance_patches,32,32,7.287871528725617,7.277188003512978,7.298297898378611
reach,5,4,12,temporal_distance_frames,32,32,0.0007833784237633162,0.000772472002487403,0.0007949009751376409
reach,5,4,12,conditioning_mass,32,32,0.0,0.0,0.0
reach,5,4,12,visual_mass,32,32,0.9999999925494194,0.9999999904539436,0.9999999946448952
reach,5,4,13,spatial_distance_patches,32,32,7.213705610157999,7.198864143067695,7.227869675398497
reach,5,4,13,temporal_distance_frames,32,32,0.0003674705583256735,0.0003531473407307707,0.00038251497504990104
reach,5,4,13,conditioning_mass,32,32,0.0,0.0,0.0
reach,5,4,13,visual_mass,32,32,0.9999999948777258,0.9999999923165888,0.9999999972060323
reach,5,4,14,spatial_distance_patches,32,32,5.998499767417907,5.987583526953715,6.0086979158327525
reach,5,4,14,temporal_distance_frames,32,32,0.013357952914676799,0.013083441683847312,0.013631239971941931
reach,5,4,14,conditioning_mass,32,32,0.0,0.0,0.0
reach,5,4,14,visual_mass,32,32,0.9999999932479113,0.9999999909196049,0.9999999953433871
reach,5,4,15,spatial_distance_patches,32,32,6.880949619509373,6.862742395741327,6.8976177290924845
reach,5,4,15,temporal_distance_frames,32,32,0.013097992444850753,0.01275583756046295,0.013431034962936938
reach,5,4,15,conditioning_mass,32,32,0.0,0.0,0.0
reach,5,4,15,visual_mass,32,32,0.9999999944120646,0.9999999923165888,0.9999999962747097
reach,5,5,0,spatial_distance_patches,32,32,7.4828342119868285,7.472588157055391,7.492846927384689
reach,5,5,0,temporal_distance_frames,32,32,0.04134380829105258,0.040423826671975166,0.04219261719952505
reach,5,5,0,conditioning_mass,32,32,0.0,0.0,0.0
reach,5,5,0,visual_mass,32,32,0.9999999953433871,0.9999999923165888,0.9999999979045242
reach,5,5,1,spatial_distance_patches,32,32,4.174897603996889,4.168288665346667,4.181063458406764
reach,5,5,1,temporal_distance_frames,32,32,0.3869928090489868,0.38456006038616986,0.389217934667512
reach,5,5,1,conditioning_mass,32,32,0.0,0.0,0.0
reach,5,5,1,visual_mass,32,32,0.9999999930150807,0.999999989522621,0.9999999962747097
reach,5,5,2,spatial_distance_patches,32,32,5.015292576827385,5.0031443246672165,5.026586024367069
reach,5,5,2,temporal_distance_frames,32,32,0.0011662498712015044,0.0011477080361859168,0.0011840025768375222
reach,5,5,2,conditioning_mass,32,32,0.0,0.0,0.0
reach,5,5,2,visual_mass,32,32,0.9999999951105565,0.99999999278225,0.9999999972060323
reach,5,5,3,spatial_distance_patches,32,32,7.1137478363852775,7.0985625251857885,7.128247805921996
reach,5,5,3,temporal_distance_frames,32,32,0.03573268163096237,0.03467217254954909,0.0367528782372048
reach,5,5,3,conditioning_mass,32,32,0.0,0.0,0.0
reach,5,5,3,visual_mass,32,32,0.9999999951105565,0.9999999925494194,0.9999999974388629
reach,5,5,4,spatial_distance_patches,32,32,7.044433355541015,7.036336005931217,7.052190725914119
reach,5,5,4,temporal_distance_frames,32,32,0.0028187573457039597,0.002736788106547695,0.002896455906616532
reach,5,5,4,conditioning_mass,32,32,0.0,0.0,0.0
reach,5,5,4,visual_mass,32,32,0.9999999962747097,0.9999999941792339,0.9999999983701855
reach,5,5,5,spatial_distance_patches,32,32,7.339310191462557,7.335113527664261,7.343329954283223
reach,5,5,5,temporal_distance_frames,32,32,0.010106338285416024,0.00974010306657634,0.010490726537628527
reach,5,5,5,conditioning_mass,32,32,0.0,0.0,0.0
reach,5,5,5,visual_mass,32,32,0.9999999941792339,0.9999999916180968,0.9999999965075403
reach,5,5,6,spatial_distance_patches,32,32,7.131629511137643,7.117348094653556,7.144723185932358
reach,5,5,6,temporal_distance_frames,32,32,0.0041683427496307796,0.004021809220182312,0.004327096533045645
reach,5,5,6,conditioning_mass,32,32,0.0,0.0,0.0
reach,5,5,6,visual_mass,32,32,0.9999999951105565,0.9999999930150807,0.9999999969732016
reach,5,5,7,spatial_distance_patches,32,32,7.350289377942185,7.340338927282647,7.359644717179302
reach,5,5,7,temporal_distance_frames,32,32,0.0022921112021410776,0.002244485263167983,0.0023400175812337666
reach,5,5,7,conditioning_mass,32,32,0.0,0.0,0.0
reach,5,5,7,visual_mass,32,32,0.9999999937135726,0.9999999916180968,0.9999999958090484
reach,5,5,8,spatial_distance_patches,32,32,4.9093637717604075,4.897982880295215,4.9203300498075855
reach,5,5,8,temporal_distance_frames,32,32,0.024852567780997217,0.02415245207943986,0.025550618985820697
reach,5,5,8,conditioning_mass,32,32,0.0,0.0,0.0
reach,5,5,8,visual_mass,32,32,0.9999999939464033,0.9999999918509275,0.9999999958090484
reach,5,5,9,spatial_distance_patches,32,32,5.43367032369282,5.425534427555312,5.441293022819765
reach,5,5,9,temporal_distance_frames,32,32,0.143430748754057,0.14062354928484866,0.1461630090140561
reach,5,5,9,conditioning_mass,32,32,0.0,0.0,0.0
reach,5,5,9,visual_mass,32,32,0.9999999965075403,0.9999999944120646,0.9999999986030161
reach,5,5,10,spatial_distance_patches,32,32,5.092824174432914,5.082679658219628,5.102523932774072
reach,5,5,10,temporal_distance_frames,32,32,0.0032833063603474677,0.0032307795549040377,0.003334570807590141
reach,5,5,10,conditioning_mass,32,32,0.0,0.0,0.0
reach,5,5,10,visual_mass,32,32,0.9999999937135726,0.9999999916180968,0.9999999958090484
reach,5,5,11,spatial_distance_patches,32,32,7.120090132019996,7.104661676582606,7.134161666488161
reach,5,5,11,temporal_distance_frames,32,32,0.0028758843436435585,0.002776332439240117,0.0029761449136853136
reach,5,5,11,conditioning_mass,32,32,0.0,0.0,0.0
reach,5,5,11,visual_mass,32,32,0.9999999951105565,0.9999999930150807,0.9999999972060323
reach,5,5,12,spatial_distance_patches,32,32,7.300182383313007,7.289310492956305,7.31085178176453
reach,5,5,12,temporal_distance_frames,32,32,0.0007699413868450829,0.0007584393678512602,0.0007818956250548397
reach,5,5,12,conditioning_mass,32,32,0.0,0.0,0.0
reach,5,5,12,visual_mass,32,32,0.9999999944120646,0.9999999918509275,0.999999996740371
reach,5,5,13,spatial_distance_patches,32,32,7.221250929065574,7.206454658648517,7.235432121612686
reach,5,5,13,temporal_distance_frames,32,32,0.0004167375815573107,0.00039729901784204007,0.00043762196955849676
reach,5,5,13,conditioning_mass,32,32,0.0,0.0,0.0
reach,5,5,13,visual_mass,32,32,0.9999999906867743,0.9999999881256372,0.9999999932479113
reach,5,5,14,spatial_distance_patches,32,32,5.995022104080846,5.984654540076263,6.004550729036455
reach,5,5,14,temporal_distance_frames,32,32,0.013245065593812536,0.012976511453586711,0.01351803375109419
reach,5,5,14,conditioning_mass,32,32,0.0,0.0,0.0
reach,5,5,14,visual_mass,32,32,0.9999999939464033,0.9999999913852662,0.9999999965075403
reach,5,5,15,spatial_distance_patches,32,32,6.89426090059828,6.877204683772433,6.910038224951451
reach,5,5,15,temporal_distance_frames,32,32,0.01183364711057472,0.011477422847088393,0.012182513418848467
reach,5,5,15,conditioning_mass,32,32,0.0,0.0,0.0
reach,5,5,15,visual_mass,32,32,0.9999999937135726,0.9999999918509275,0.9999999955762178
reach,5,6,0,spatial_distance_patches,32,32,7.4743411640938575,7.463757430596031,7.484676421202352
reach,5,6,0,temporal_distance_frames,32,32,0.03888730780613246,0.03788960260747035,0.03982364459427607
reach,5,6,0,conditioning_mass,32,32,0.0,0.0,0.0
reach,5,6,0,visual_mass,32,32,0.9999999941792339,0.9999999916180968,0.9999999962747097
reach,5,6,1,spatial_distance_patches,32,32,4.182042778103407,4.17455272012784,4.1891903265897
reach,5,6,1,temporal_distance_frames,32,32,0.3799118628791507,0.37681398962377155,0.3827447502523912
reach,5,6,1,conditioning_mass,32,32,0.0,0.0,0.0
reach,5,6,1,visual_mass,32,32,0.9999999941792339,0.9999999911524355,0.999999996740371
reach,5,6,2,spatial_distance_patches,32,32,5.013266999029392,5.000415565924629,5.024902462755295
reach,5,6,2,temporal_distance_frames,32,32,0.0011506152933734052,0.0011314185837283009,0.001168638277448976
reach,5,6,2,conditioning_mass,32,32,0.0,0.0,0.0
reach,5,6,2,visual_mass,32,32,0.9999999946448952,0.9999999923165888,0.999999996740371
reach,5,6,3,spatial_distance_patches,32,32,7.120625406843853,7.106092321588845,7.1344157397616
reach,5,6,3,temporal_distance_frames,32,32,0.03361765529494754,0.032483288756769854,0.03469643189601108
reach,5,6,3,conditioning_mass,32,32,0.0,0.0,0.0
reach,5,6,3,visual_mass,32,32,0.9999999962747097,0.9999999941792339,0.9999999983701855
reach,5,6,4,spatial_distance_patches,32,32,7.042159129857032,7.0336402432670475,7.050396745196776
reach,5,6,4,temporal_distance_frames,32,32,0.0028349166691122836,0.002755752691404597,0.00291413326631979
reach,5,6,4,conditioning_mass,32,32,0.0,0.0,0.0
reach,5,6,4,visual_mass,32,32,0.9999999951105565,0.99999999278225,0.9999999972060323
reach,5,6,5,spatial_distance_patches,32,32,7.332716881898369,7.327620354922189,7.337475481895791
reach,5,6,5,temporal_distance_frames,32,32,0.009500359305009146,0.00915376570855262,0.009852798517702576
reach,5,6,5,conditioning_mass,32,32,0.0,0.0,0.0
reach,5,6,5,visual_mass,32,32,0.9999999939464033,0.9999999909196049,0.9999999965075403
reach,5,6,6,spatial_distance_patches,32,32,7.135141351874438,7.119916149268795,7.148968495688564
reach,5,6,6,temporal_distance_frames,32,32,0.004085307703383806,0.003952650790518236,0.004224405144110247
reach,5,6,6,conditioning_mass,32,32,0.0,0.0,0.0
reach,5,6,6,visual_mass,32,32,0.9999999974388629,0.9999999955762178,0.9999999995343387
reach,5,6,7,spatial_distance_patches,32,32,7.336603232300595,7.325741333811699,7.347226512770943
reach,5,6,7,temporal_distance_frames,32,32,0.0022640365259656704,0.0022137324262628054,0.0023159841122095087
reach,5,6,7,conditioning_mass,32,32,0.0,0.0,0.0
reach,5,6,7,visual_mass,32,32,0.9999999923165888,0.9999999892897904,0.9999999951105565
reach,5,6,8,spatial_distance_patches,32,32,4.908121290186584,4.896567464158836,4.918814898492498
reach,5,6,8,temporal_distance_frames,32,32,0.0241914019014025,0.02341982214505199,0.02495159377036954
reach,5,6,8,conditioning_mass,32,32,0.0,0.0,0.0
reach,5,6,8,visual_mass,32,32,0.9999999953433871,0.999999993480742,0.9999999969732016
reach,5,6,9,spatial_distance_patches,32,32,5.425807347396564,5.4172904468816085,5.433783985780773
reach,5,6,9,temporal_distance_frames,32,32,0.14107953811005464,0.13791090635800848,0.14414319562550107
reach,5,6,9,conditioning_mass,32,32,0.0,0.0,0.0
reach,5,6,9,visual_mass,32,32,0.9999999948777258,0.9999999930150807,0.9999999965075403
reach,5,6,10,spatial_distance_patches,32,32,5.086035380665627,5.075528812611775,5.096063993687817
reach,5,6,10,temporal_distance_frames,32,32,0.003235721260309297,0.003174921839537216,0.0032954423418909123
reach,5,6,10,conditioning_mass,32,32,0.0,0.0,0.0
reach,5,6,10,visual_mass,32,32,0.9999999944120646,0.9999999925494194,0.9999999962747097
reach,5,6,11,spatial_distance_patches,32,32,7.127061588336024,7.112694897419479,7.140131153506175
reach,5,6,11,temporal_distance_frames,32,32,0.0029898145987261432,0.002883544513154574,0.0030968768115467154
reach,5,6,11,conditioning_mass,32,32,0.0,0.0,0.0
reach,5,6,11,visual_mass,32,32,0.9999999953433871,0.999999993480742,0.9999999972060323
reach,5,6,12,spatial_distance_patches,32,32,7.304508731295883,7.29415820252996,7.3147223020886525
reach,5,6,12,temporal_distance_frames,32,32,0.0007473210415955443,0.000734807453457924,0.0007603243813457493
reach,5,6,12,conditioning_mass,32,32,0.0,0.0,0.0
reach,5,6,12,visual_mass,32,32,0.99999999278225,0.9999999906867743,0.9999999948777258
reach,5,6,13,spatial_distance_patches,32,32,7.233391651097754,7.219010035455648,7.247313894659464
reach,5,6,13,temporal_distance_frames,32,32,0.0004742758118659062,0.0004486831010983505,0.0005021246125581457
reach,5,6,13,conditioning_mass,32,32,0.0,0.0,0.0
reach,5,6,13,visual_mass,32,32,0.9999999965075403,0.9999999939464033,0.9999999990686774
reach,5,6,14,spatial_distance_patches,32,32,5.993719682062787,5.983548401960872,6.003020502877596
reach,5,6,14,temporal_distance_frames,32,32,0.013428448232105508,0.013136302835560873,0.01374030493293408
reach,5,6,14,conditioning_mass,32,32,0.0,0.0,0.0
reach,5,6,14,visual_mass,32,32,0.9999999944120646,0.9999999925494194,0.9999999962747097
reach,5,6,15,spatial_distance_patches,32,32,6.8980243517434765,6.882231403466164,6.912817315988775
reach,5,6,15,temporal_distance_frames,32,32,0.010819614396965705,0.010461959099391781,0.011174100497480563
reach,5,6,15,conditioning_mass,32,32,0.0,0.0,0.0
reach,5,6,15,visual_mass,32,32,0.99999999278225,0.999999990221113,0.9999999951105565
reach-wall,0,1,0,spatial_distance_patches,32,32,7.9952521994915635,7.979724496115028,8.009762088692973
reach-wall,0,1,0,temporal_distance_frames,32,32,0.0,0.0,0.0
reach-wall,0,1,0,conditioning_mass,32,32,0.0,0.0,0.0
reach-wall,0,1,0,visual_mass,32,32,0.9999999925494194,0.9999999878928065,0.999999996740371
reach-wall,0,1,1,spatial_distance_patches,32,32,7.728319568931662,7.721348956891878,7.735197767551439
reach-wall,0,1,1,temporal_distance_frames,32,32,0.0,0.0,0.0
reach-wall,0,1,1,conditioning_mass,32,32,0.0,0.0,0.0
reach-wall,0,1,1,visual_mass,32,32,0.9999999944120646,0.999999990221113,0.9999999981373549
reach-wall,0,1,2,spatial_distance_patches,32,32,7.121482761396264,7.112343413130002,7.130597134114465
reach-wall,0,1,2,temporal_distance_frames,32,32,0.0,0.0,0.0
reach-wall,0,1,2,conditioning_mass,32,32,0.0,0.0,0.0
reach-wall,0,1,2,visual_mass,32,32,0.999999993480742,0.9999999897554517,0.999999996740371
reach-wall,0,1,3,spatial_distance_patches,32,32,7.998843982742142,7.984332697947443,8.013919056849456
reach-wall,0,1,3,temporal_distance_frames,32,32,0.0,0.0,0.0
reach-wall,0,1,3,conditioning_mass,32,32,0.0,0.0,0.0
reach-wall,0,1,3,visual_mass,32,32,0.9999999948777258,0.9999999920837581,0.9999999972060323
reach-wall,0,1,4,spatial_distance_patches,32,32,8.348658366355554,8.33926519764461,8.358060169104283
reach-wall,0,1,4,temporal_distance_frames,32,32,0.0,0.0,0.0
reach-wall,0,1,4,conditioning_mass,32,32,0.0,0.0,0.0
reach-wall,0,1,4,visual_mass,32,32,0.9999999939464033,0.999999990221113,0.9999999972060323
reach-wall,0,1,5,spatial_distance_patches,32,32,7.50391690926288,7.489684929468445,7.5179064603790335
reach-wall,0,1,5,temporal_distance_frames,32,32,0.0,0.0,0.0
reach-wall,0,1,5,conditioning_mass,32,32,0.0,0.0,0.0
reach-wall,0,1,5,visual_mass,32,32,0.9999999948777258,0.9999999925494194,0.9999999972060323
reach-wall,0,1,6,spatial_distance_patches,32,32,7.868627484118479,7.856964327752768,7.879940381651708
reach-wall,0,1,6,temporal_distance_frames,32,32,0.0,0.0,0.0
reach-wall,0,1,6,conditioning_mass,32,32,0.0,0.0,0.0
reach-wall,0,1,6,visual_mass,32,32,0.999999993480742,0.999999990221113,0.9999999962747097
reach-wall,0,1,7,spatial_distance_patches,32,32,8.19169480075224,8.175419794541165,8.207066855001056
reach-wall,0,1,7,temporal_distance_frames,32,32,0.0,0.0,0.0
reach-wall,0,1,7,conditioning_mass,32,32,0.0,0.0,0.0
reach-wall,0,1,7,visual_mass,32,32,0.9999999948777258,0.9999999925494194,0.9999999972060323
reach-wall,0,1,8,spatial_distance_patches,32,32,7.271842330001437,7.263951946834305,7.279728676454172
reach-wall,0,1,8,temporal_distance_frames,32,32,0.0,0.0,0.0
reach-wall,0,1,8,conditioning_mass,32,32,0.0,0.0,0.0
reach-wall,0,1,8,visual_mass,32,32,0.9999999939464033,0.9999999911524355,0.999999996740371
reach-wall,0,1,9,spatial_distance_patches,32,32,7.0607077468490065,7.0571452179643,7.064402957976414
reach-wall,0,1,9,temporal_distance_frames,32,32,0.0,0.0,0.0
reach-wall,0,1,9,conditioning_mass,32,32,0.0,0.0,0.0
reach-wall,0,1,9,visual_mass,32,32,0.9999999948777258,0.9999999925494194,0.9999999972060323
reach-wall,0,1,10,spatial_distance_patches,32,32,7.574739558714308,7.569379587116597,7.580227546588191
reach-wall,0,1,10,temporal_distance_frames,32,32,0.0,0.0,0.0
reach-wall,0,1,10,conditioning_mass,32,32,0.0,0.0,0.0
reach-wall,0,1,10,visual_mass,32,32,0.9999999958090484,0.9999999930150807,0.9999999981373549
reach-wall,0,1,11,spatial_distance_patches,32,32,7.581818114543421,7.574287177837459,7.589800761100142
reach-wall,0,1,11,temporal_distance_frames,32,32,0.0,0.0,0.0
reach-wall,0,1,11,conditioning_mass,32,32,0.0,0.0,0.0
reach-wall,0,1,11,visual_mass,32,32,0.999999990221113,0.9999999864958227,0.999999993480742
reach-wall,0,1,12,spatial_distance_patches,32,32,7.753851434555827,7.742608319626094,7.765031127272463
reach-wall,0,1,12,temporal_distance_frames,32,32,0.0,0.0,0.0
reach-wall,0,1,12,conditioning_mass,32,32,0.0,0.0,0.0
reach-wall,0,1,12,visual_mass,32,32,0.9999999939464033,0.999999990221113,0.9999999972060323
reach-wall,0,1,13,spatial_distance_patches,32,32,7.355745867327462,7.350605666674121,7.360959403307718
reach-wall,0,1,13,temporal_distance_frames,32,32,0.0,0.0,0.0
reach-wall,0,1,13,conditioning_mass,32,32,0.0,0.0,0.0
reach-wall,0,1,13,visual_mass,32,32,0.9999999948777258,0.9999999916180968,0.9999999976716936
reach-wall,0,1,14,spatial_distance_patches,32,32,6.990040678009534,6.981520343936642,6.998350355748856
reach-wall,0,1,14,temporal_distance_frames,32,32,0.0,0.0,0.0
reach-wall,0,1,14,conditioning_mass,32,32,0.0,0.0,0.0
reach-wall,0,1,14,visual_mass,32,32,0.9999999958090484,0.9999999925494194,0.9999999995343387
reach-wall,0,1,15,spatial_distance_patches,32,32,6.955038800644292,6.946321811793406,6.964195072775619
reach-wall,0,1,15,temporal_distance_frames,32,32,0.0,0.0,0.0
reach-wall,0,1,15,conditioning_mass,32,32,0.0,0.0,0.0
reach-wall,0,1,15,visual_mass,32,32,0.9999999962747097,0.9999999930150807,0.9999999990686774
reach-wall,0,2,0,spatial_distance_patches,32,32,8.004751309761573,7.992224089988178,8.016611966306824
reach-wall,0,2,0,temporal_distance_frames,32,32,0.12712730651365178,0.1264331395645009,0.12781822853087357
reach-wall,0,2,0,conditioning_mass,32,32,0.0,0.0,0.0
reach-wall,0,2,0,visual_mass,32,32,0.9999999962747097,0.9999999941792339,0.9999999983701855
reach-wall,0,2,1,spatial_distance_patches,32,32,7.661713280152686,7.655922950121095,7.667302478725264
reach-wall,0,2,1,temporal_distance_frames,32,32,0.23638717224882239,0.2351633543405551,0.23765210301074716
reach-wall,0,2,1,conditioning_mass,32,32,0.0,0.0,0.0
reach-wall,0,2,1,visual_mass,32,32,0.9999999955762178,0.9999999937135726,0.9999999972060323
reach-wall,0,2,2,spatial_distance_patches,32,32,7.107095608106066,7.09945664457909,7.114837837551036
reach-wall,0,2,2,temporal_distance_frames,32,32,0.16726331968086394,0.1666790498466784,0.1678321006010218
reach-wall,0,2,2,conditioning_mass,32,32,0.0,0.0,0.0
reach-wall,0,2,2,visual_mass,32,32,0.9999999953433871,0.9999999930150807,0.9999999974388629
reach-wall,0,2,3,spatial_distance_patches,32,32,8.049888840152622,8.037491729950615,8.062818226399902
reach-wall,0,2,3,temporal_distance_frames,32,32,0.10272754608798253,0.10218701138781103,0.10325560587265953
reach-wall,0,2,3,conditioning_mass,32,32,0.0,0.0,0.0
reach-wall,0,2,3,visual_mass,32,32,0.9999999958090484,0.9999999937135726,0.9999999976716936
reach-wall,0,2,4,spatial_distance_patches,32,32,8.361555385877107,8.35283527213136,8.370133341628698
reach-wall,0,2,4,temporal_distance_frames,32,32,0.05776517348893655,0.05739267905298773,0.058158061954041995
reach-wall,0,2,4,conditioning_mass,32,32,0.0,0.0,0.0
reach-wall,0,2,4,visual_mass,32,32,0.9999999962747097,0.9999999939464033,0.9999999983701855
reach-wall,0,2,5,spatial_distance_patches,32,32,7.488781154768755,7.476303009456165,7.500969611737565
reach-wall,0,2,5,temporal_distance_frames,32,32,0.13754400103725276,0.13687871471880317,0.13825213757369392
reach-wall,0,2,5,conditioning_mass,32,32,0.0,0.0,0.0
reach-wall,0,2,5,visual_mass,32,32,0.9999999937135726,0.9999999916180968,0.9999999958090484
reach-wall,0,2,6,spatial_distance_patches,32,32,7.837846686210305,7.827150882639549,7.8482086955365995
reach-wall,0,2,6,temporal_distance_frames,32,32,0.22319136040549103,0.22235333090222034,0.22398750948506904
reach-wall,0,2,6,conditioning_mass,32,32,0.0,0.0,0.0
reach-wall,0,2,6,visual_mass,32,32,0.9999999951105565,0.99999999278225,0.9999999972060323
reach-wall,0,2,7,spatial_distance_patches,32,32,8.06168400720618,8.048078703003823,8.074741468093471
reach-wall,0,2,7,temporal_distance_frames,32,32,0.25545990924201334,0.2548501002424008,0.25608538646882384
reach-wall,0,2,7,conditioning_mass,32,32,0.0,0.0,0.0
reach-wall,0,2,7,visual_mass,32,32,0.9999999939464033,0.9999999916180968,0.9999999960418791
reach-wall,0,2,8,spatial_distance_patches,32,32,7.251924393247851,7.2445685990590984,7.25925882590403
reach-wall,0,2,8,temporal_distance_frames,32,32,0.06646380293449888,0.06586751501131285,0.06708544081887416
reach-wall,0,2,8,conditioning_mass,32,32,0.0,0.0,0.0
reach-wall,0,2,8,visual_mass,32,32,0.9999999944120646,0.9999999925494194,0.9999999962747097
reach-wall,0,2,9,spatial_distance_patches,32,32,7.069889283075247,7.066415097171963,7.073441152838847
reach-wall,0,2,9,temporal_distance_frames,32,32,0.04987935972944419,0.04897981492653783,0.050791766683385975
reach-wall,0,2,9,conditioning_mass,32,32,0.0,0.0,0.0
reach-wall,0,2,9,visual_mass,32,32,0.9999999962747097,0.9999999944120646,0.9999999981373549
reach-wall,0,2,10,spatial_distance_patches,32,32,7.6273705920462085,7.621356148468061,7.633389180520678
reach-wall,0,2,10,temporal_distance_frames,32,32,0.10245548156306336,0.10196496252261844,0.10295372684299568
reach-wall,0,2,10,conditioning_mass,32,32,0.0,0.0,0.0
reach-wall,0,2,10,visual_mass,32,32,0.9999999946448952,0.9999999925494194,0.999999996740371
reach-wall,0,2,11,spatial_distance_patches,32,32,7.590092357507735,7.583306036387552,7.59747854337633
reach-wall,0,2,11,temporal_distance_frames,32,32,0.21600178388969177,0.2153194306300242,0.21671060770777417
reach-wall,0,2,11,conditioning_mass,32,32,0.0,0.0,0.0
reach-wall,0,2,11,visual_mass,32,32,0.9999999960418791,0.9999999937135726,0.9999999981373549
reach-wall,0,2,12,spatial_distance_patches,32,32,7.8348849426925895,7.825047930872705,7.844851859285372
reach-wall,0,2,12,temporal_distance_frames,32,32,0.13259560335924908,0.13120521381329095,0.13396847615119994
reach-wall,0,2,12,conditioning_mass,32,32,0.0,0.0,0.0
reach-wall,0,2,12,visual_mass,32,32,0.9999999955762178,0.999999993480742,0.9999999979045242
reach-wall,0,2,13,spatial_distance_patches,32,32,7.348789502803987,7.344154521805394,7.353476449129698
reach-wall,0,2,13,temporal_distance_frames,32,32,0.18168798173760578,0.18060159121073152,0.18281088178662003
reach-wall,0,2,13,conditioning_mass,32,32,0.0,0.0,0.0
reach-wall,0,2,13,visual_mass,32,32,0.99999999278225,0.9999999899882823,0.9999999953433871
reach-wall,0,2,14,spatial_distance_patches,32,32,6.90710916670994,6.899924081518555,6.914042116156116
reach-wall,0,2,14,temporal_distance_frames,32,32,0.24162668204285934,0.24075189851130827,0.24248991698383465
reach-wall,0,2,14,conditioning_mass,32,32,0.0,0.0,0.0
reach-wall,0,2,14,visual_mass,32,32,0.9999999925494194,0.9999999899882823,0.9999999948777258
reach-wall,0,2,15,spatial_distance_patches,32,32,6.994886634120849,6.988395091797583,7.001855639798432
reach-wall,0,2,15,temporal_distance_frames,32,32,0.10032017760896833,0.09981949251901455,0.1008099361544626
reach-wall,0,2,15,conditioning_mass,32,32,0.0,0.0,0.0
reach-wall,0,2,15,visual_mass,32,32,0.9999999937135726,0.9999999909196049,0.9999999962747097
reach-wall,0,3,0,spatial_distance_patches,32,32,7.9684235303567865,7.957545391593918,7.978886438349507
reach-wall,0,3,0,temporal_distance_frames,32,32,0.1276721089762463,0.1269837796942187,0.12831531060131357
reach-wall,0,3,0,conditioning_mass,32,32,0.0,0.0,0.0
reach-wall,0,3,0,visual_mass,32,32,0.9999999962747097,0.9999999944120646,0.9999999979045242
reach-wall,0,3,1,spatial_distance_patches,32,32,7.661147329862683,7.655355290108975,7.666426565775403
reach-wall,0,3,1,temporal_distance_frames,32,32,0.23586160616986016,0.23517656299931616,0.23654445180375158
reach-wall,0,3,1,conditioning_mass,32,32,0.0,0.0,0.0
reach-wall,0,3,1,visual_mass,32,32,0.9999999941792339,0.9999999918509275,0.9999999962747097
reach-wall,0,3,2,spatial_distance_patches,32,32,7.1158581106908825,7.108007378198178,7.123834324317461
reach-wall,0,3,2,temporal_distance_frames,32,32,0.15408251175844745,0.15367683900202425,0.15448731959803333
reach-wall,0,3,2,conditioning_mass,32,32,0.0,0.0,0.0
reach-wall,0,3,2,visual_mass,32,32,0.9999999948777258,0.99999999278225,0.999999996740371
reach-wall,0,3,3,spatial_distance_patches,32,32,8.069839546779214,8.058889100868038,8.080924210995867
reach-wall,0,3,3,temporal_distance_frames,32,32,0.09793951727446903,0.09758631615528286,0.09830820359621552
reach-wall,0,3,3,conditioning_mass,32,32,0.0,0.0,0.0
reach-wall,0,3,3,visual_mass,32,32,0.9999999951105565,0.9999999932479113,0.999999996740371
reach-wall,0,3,4,spatial_distance_patches,32,32,8.345397578086368,8.336775930582537,8.353489001535364
reach-wall,0,3,4,temporal_distance_frames,32,32,0.060391948549002275,0.06011605798068556,0.06067391440331836
reach-wall,0,3,4,conditioning_mass,32,32,0.0,0.0,0.0
reach-wall,0,3,4,visual_mass,32,32,0.9999999960418791,0.9999999937135726,0.9999999981373549
reach-wall,0,3,5,spatial_distance_patches,32,32,7.540535592844066,7.52961668860883,7.550986723355778
reach-wall,0,3,5,temporal_distance_frames,32,32,0.134464594092662,0.1339012373411075,0.1350942883363666
reach-wall,0,3,5,conditioning_mass,32,32,0.0,0.0,0.0
reach-wall,0,3,5,visual_mass,32,32,0.9999999946448952,0.99999999278225,0.9999999962747097
reach-wall,0,3,6,spatial_distance_patches,32,32,7.837100655874369,7.8261298809101465,7.847561700039511
reach-wall,0,3,6,temporal_distance_frames,32,32,0.2225916759129018,0.22195881324924693,0.22320903899184585
reach-wall,0,3,6,conditioning_mass,32,32,0.0,0.0,0.0
reach-wall,0,3,6,visual_mass,32,32,0.9999999948777258,0.99999999278225,0.999999996740371
reach-wall,0,3,7,spatial_distance_patches,32,32,8.160199980007834,8.150786265637162,8.16967978440585
reach-wall,0,3,7,temporal_distance_frames,32,32,0.24597080137078853,0.24530853716291146,0.24662781409095727
reach-wall,0,3,7,conditioning_mass,32,32,0.0,0.0,0.0
reach-wall,0,3,7,visual_mass,32,32,0.9999999955762178,0.99999999278225,0.9999999981373549
reach-wall,0,3,8,spatial_distance_patches,32,32,7.228359276045282,7.22187879318162,7.234642218647434
reach-wall,0,3,8,temporal_distance_frames,32,32,0.0642011178100895,0.06376099934014245,0.0646494916880907
reach-wall,0,3,8,conditioning_mass,32,32,0.0,0.0,0.0
reach-wall,0,3,8,visual_mass,32,32,0.9999999946448952,0.99999999278225,0.9999999965075403
reach-wall,0,3,9,spatial_distance_patches,32,32,7.061988037227323,7.057418508605837,7.066616923977578
reach-wall,0,3,9,temporal_distance_frames,32,32,0.05041884714955184,0.04958620346757467,0.0512666150763397
reach-wall,0,3,9,conditioning_mass,32,32,0.0,0.0,0.0
reach-wall,0,3,9,visual_mass,32,32,0.9999999941792339,0.9999999913852662,0.9999999969732016
reach-wall,0,3,10,spatial_distance_patches,32,32,7.602788546965758,7.596116840178878,7.609452974332643
reach-wall,0,3,10,temporal_distance_frames,32,32,0.10308327290975493,0.1025899868633595,0.10361009869564122
reach-wall,0,3,10,conditioning_mass,32,32,0.0,0.0,0.0
reach-wall,0,3,10,visual_mass,32,32,0.9999999951105565,0.9999999932479113,0.9999999969732016
reach-wall,0,3,11,spatial_distance_patches,32,32,7.6047016632983615,7.59837117081333,7.61126030934613
reach-wall,0,3,11,temporal_distance_frames,32,32,0.21020996815827234,0.20960468067945467,0.21076250398804955
reach-wall,0,3,11,conditioning_mass,32,32,0.0,0.0,0.0
reach-wall,0,3,11,visual_mass,32,32,0.99999999278225,0.9999999904539436,0.9999999948777258
reach-wall,0,3,12,spatial_distance_patches,32,32,7.856487631076488,7.8484608830194595,7.8649555155508155
reach-wall,0,3,12,temporal_distance_frames,32,32,0.12701065189977156,0.12590681714969118,0.12810398072765794
reach-wall,0,3,12,conditioning_mass,32,32,0.0,0.0,0.0
reach-wall,0,3,12,visual_mass,32,32,0.9999999946448952,0.9999999925494194,0.9999999965075403
reach-wall,0,3,13,spatial_distance_patches,32,32,7.303751452731333,7.299016334787437,7.308678420441437
reach-wall,0,3,13,temporal_distance_frames,32,32,0.19024800463002225,0.18945549314168922,0.1910539556423299
reach-wall,0,3,13,conditioning_mass,32,32,0.0,0.0,0.0
reach-wall,0,3,13,visual_mass,32,32,0.9999999932479113,0.999999990221113,0.9999999960418791
reach-wall,0,3,14,spatial_distance_patches,32,32,6.8533041458605295,6.847175804640562,6.859219461453224
reach-wall,0,3,14,temporal_distance_frames,32,32,0.23690304116893926,0.236191056978771,0.23763282145814427
reach-wall,0,3,14,conditioning_mass,32,32,0.0,0.0,0.0
reach-wall,0,3,14,visual_mass,32,32,0.999999993480742,0.9999999913852662,0.9999999955762178
reach-wall,0,3,15,spatial_distance_patches,32,32,7.02191391110164,7.014663490063449,7.029301674019916
reach-wall,0,3,15,temporal_distance_frames,32,32,0.09494724299620409,0.09441713858601042,0.09547556946277963
reach-wall,0,3,15,conditioning_mass,32,32,0.0,0.0,0.0
reach-wall,0,3,15,visual_mass,32,32,0.9999999932479113,0.9999999911524355,0.9999999953433871
reach-wall,0,4,0,spatial_distance_patches,32,32,7.958144955128223,7.947346159561027,7.968211037483298
reach-wall,0,4,0,temporal_distance_frames,32,32,0.12816998439342916,0.12742728640772616,0.128894328962885
reach-wall,0,4,0,conditioning_mass,32,32,0.0,0.0,0.0
reach-wall,0,4,0,visual_mass,32,32,0.9999999962747097,0.9999999941792339,0.9999999981373549
reach-wall,0,4,1,spatial_distance_patches,32,32,7.705080529515026,7.699233732895155,7.71031863638797
reach-wall,0,4,1,temporal_distance_frames,32,32,0.23515239482246483,0.2344482323516183,0.23584839975806904
reach-wall,0,4,1,conditioning_mass,32,32,0.0,0.0,0.0
reach-wall,0,4,1,visual_mass,32,32,0.9999999932479113,0.9999999906867743,0.9999999955762178
reach-wall,0,4,2,spatial_distance_patches,32,32,7.1425744205235215,7.134111844164861,7.151116543475553
reach-wall,0,4,2,temporal_distance_frames,32,32,0.1544548317008334,0.15404537130976592,0.15486337359205135
reach-wall,0,4,2,conditioning_mass,32,32,0.0,0.0,0.0
reach-wall,0,4,2,visual_mass,32,32,0.9999999960418791,0.9999999939464033,0.9999999983701855
reach-wall,0,4,3,spatial_distance_patches,32,32,8.08339570886161,8.072236762958187,8.094170195473732
reach-wall,0,4,3,temporal_distance_frames,32,32,0.09839830291509012,0.09809277327781402,0.09872003369523538
reach-wall,0,4,3,conditioning_mass,32,32,0.0,0.0,0.0
reach-wall,0,4,3,visual_mass,32,32,0.999999993480742,0.9999999911524355,0.9999999958090484
reach-wall,0,4,4,spatial_distance_patches,32,32,8.329333109829058,8.320039523342057,8.33818376819533
reach-wall,0,4,4,temporal_distance_frames,32,32,0.060762855752536066,0.06052011256555671,0.06099992168945883
reach-wall,0,4,4,conditioning_mass,32,32,0.0,0.0,0.0
reach-wall,0,4,4,visual_mass,32,32,0.9999999941792339,0.9999999913852662,0.999999996740371
reach-wall,0,4,5,spatial_distance_patches,32,32,7.5748637196502155,7.564821290762049,7.584628183015733
reach-wall,0,4,5,temporal_distance_frames,32,32,0.13257540916051455,0.13200330344098282,0.13319045572298016
reach-wall,0,4,5,conditioning_mass,32,32,0.0,0.0,0.0
reach-wall,0,4,5,visual_mass,32,32,0.9999999932479113,0.9999999913852662,0.9999999951105565
reach-wall,0,4,6,spatial_distance_patches,32,32,7.864720273099941,7.854958212116554,7.874126249708793
reach-wall,0,4,6,temporal_distance_frames,32,32,0.22386758965504747,0.22329551271011647,0.22442444128782618
reach-wall,0,4,6,conditioning_mass,32,32,0.0,0.0,0.0
reach-wall,0,4,6,visual_mass,32,32,0.9999999951105565,0.9999999930150807,0.9999999969732016
reach-wall,0,4,7,spatial_distance_patches,32,32,8.190154190219278,8.1821103638673,8.19828227241605
reach-wall,0,4,7,temporal_distance_frames,32,32,0.24531866759087115,0.24467955648481776,0.24597741240596777
reach-wall,0,4,7,conditioning_mass,32,32,0.0,0.0,0.0
reach-wall,0,4,7,visual_mass,32,32,0.9999999948777258,0.99999999278225,0.999999996740371
reach-wall,0,4,8,spatial_distance_patches,32,32,7.253794943658692,7.247744413109543,7.2595858328569856
reach-wall,0,4,8,temporal_distance_frames,32,32,0.061648889632993246,0.06124816537851832,0.06205610828543502
reach-wall,0,4,8,conditioning_mass,32,32,0.0,0.0,0.0
reach-wall,0,4,8,visual_mass,32,32,0.9999999946448952,0.9999999920837581,0.9999999969732016
reach-wall,0,4,9,spatial_distance_patches,32,32,7.092971897434478,7.087948256314995,7.0978699078608205
reach-wall,0,4,9,temporal_distance_frames,32,32,0.05127313652062038,0.05047212399742657,0.05209179766944094
reach-wall,0,4,9,conditioning_mass,32,32,0.0,0.0,0.0
reach-wall,0,4,9,visual_mass,32,32,0.9999999925494194,0.999999990221113,0.9999999948777258
reach-wall,0,4,10,spatial_distance_patches,32,32,7.620455756640924,7.6132899921713175,7.627566041385645
reach-wall,0,4,10,temporal_distance_frames,32,32,0.10434071007168125,0.10381508854931498,0.10491765608400981
reach-wall,0,4,10,conditioning_mass,32,32,0.0,0.0,0.0
reach-wall,0,4,10,visual_mass,32,32,0.9999999946448952,0.9999999920837581,0.9999999969732016
reach-wall,0,4,11,spatial_distance_patches,32,32,7.627744855051315,7.621381150950023,7.6343254124758335
reach-wall,0,4,11,temporal_distance_frames,32,32,0.2090046097802877,0.20831223662343482,0.20961478367941508
reach-wall,0,4,11,conditioning_mass,32,32,0.0,0.0,0.0
reach-wall,0,4,11,visual_mass,32,32,0.9999999941792339,0.9999999918509275,0.9999999962747097
reach-wall,0,4,12,spatial_distance_patches,32,32,7.876220691177656,7.868429536411571,7.884437526944063
reach-wall,0,4,12,temporal_distance_frames,32,32,0.12669762932245787,0.12570529875139197,0.12767612181713472
reach-wall,0,4,12,conditioning_mass,32,32,0.0,0.0,0.0
reach-wall,0,4,12,visual_mass,32,32,0.9999999937135726,0.9999999913852662,0.9999999958090484
reach-wall,0,4,13,spatial_distance_patches,32,32,7.3031287991311995,7.298206250205002,7.308232566465973
reach-wall,0,4,13,temporal_distance_frames,32,32,0.19421949726781684,0.19291328693061147,0.19562506525251508
reach-wall,0,4,13,conditioning_mass,32,32,0.0,0.0,0.0
reach-wall,0,4,13,visual_mass,32,32,0.9999999916180968,0.9999999883584678,0.9999999944120646
reach-wall,0,4,14,spatial_distance_patches,32,32,6.8480783349143355,6.841677953549515,6.854282725756115
reach-wall,0,4,14,temporal_distance_frames,32,32,0.23985715081586634,0.2391404020350704,0.24061011979649852
reach-wall,0,4,14,conditioning_mass,32,32,0.0,0.0,0.0
reach-wall,0,4,14,visual_mass,32,32,0.9999999937135726,0.9999999911524355,0.9999999960418791
reach-wall,0,4,15,spatial_distance_patches,32,32,7.064500768989923,7.055439096377287,7.073524020334618
reach-wall,0,4,15,temporal_distance_frames,32,32,0.09427043333122964,0.09370536691171293,0.09483958955916016
reach-wall,0,4,15,conditioning_mass,32,32,0.0,0.0,0.0
reach-wall,0,4,15,visual_mass,32,32,0.9999999953433871,0.9999999937135726,0.9999999969732016
reach-wall,0,5,0,spatial_distance_patches,32,32,7.938480162834636,7.928654942913474,7.947351071811475
reach-wall,0,5,0,temporal_distance_frames,32,32,0.12766030207238382,0.1269371223419908,0.1283811752235428
reach-wall,0,5,0,conditioning_mass,32,32,0.0,0.0,0.0
reach-wall,0,5,0,visual_mass,32,32,0.9999999969732016,0.9999999951105565,0.9999999986030161
reach-wall,0,5,1,spatial_distance_patches,32,32,7.732796238591636,7.726558276724241,7.738597731904406
reach-wall,0,5,1,temporal_distance_frames,32,32,0.23664986169181873,0.2359643057407378,0.2372890130748115
reach-wall,0,5,1,conditioning_mass,32,32,0.0,0.0,0.0
reach-wall,0,5,1,visual_mass,32,32,0.9999999925494194,0.999999989522621,0.9999999953433871
reach-wall,0,5,2,spatial_distance_patches,32,32,7.163714501081881,7.155057290278482,7.17245386596519
reach-wall,0,5,2,temporal_distance_frames,32,32,0.1552994137100004,0.15480944685863018,0.1557784902169527
reach-wall,0,5,2,conditioning_mass,32,32,0.0,0.0,0.0
reach-wall,0,5,2,visual_mass,32,32,0.9999999944120646,0.9999999920837581,0.999999996740371
reach-wall,0,5,3,spatial_distance_patches,32,32,8.085784286817198,8.074162176257907,8.096894410156551
reach-wall,0,5,3,temporal_distance_frames,32,32,0.09906476454405874,0.0987366306218667,0.09940429081449366
reach-wall,0,5,3,conditioning_mass,32,32,0.0,0.0,0.0
reach-wall,0,5,3,visual_mass,32,32,0.999999993480742,0.9999999909196049,0.9999999958090484
reach-wall,0,5,4,spatial_distance_patches,32,32,8.302103875621167,8.292409550153783,8.31182230046749
reach-wall,0,5,4,temporal_distance_frames,32,32,0.06059993474710229,0.06035630341855037,0.06084453817234539
reach-wall,0,5,4,conditioning_mass,32,32,0.0,0.0,0.0
reach-wall,0,5,4,visual_mass,32,32,0.9999999923165888,0.9999999899882823,0.9999999946448952
reach-wall,0,5,5,spatial_distance_patches,32,32,7.578898840803249,7.569210386592109,7.588652237321122
reach-wall,0,5,5,temporal_distance_frames,32,32,0.13294788751642408,0.13238586911377684,0.1335130020064777
reach-wall,0,5,5,conditioning_mass,32,32,0.0,0.0,0.0
reach-wall,0,5,5,visual_mass,32,32,0.9999999939464033,0.9999999920837581,0.9999999955762178
reach-wall,0,5,6,spatial_distance_patches,32,32,7.890519139581945,7.881623455007269,7.899078782555802
reach-wall,0,5,6,temporal_distance_frames,32,32,0.22306031983971306,0.22244372052800704,0.22366173983058377
reach-wall,0,5,6,conditioning_mass,32,32,0.0,0.0,0.0
reach-wall,0,5,6,visual_mass,32,32,0.999999993480742,0.9999999906867743,0.9999999960418791
reach-wall,0,5,7,spatial_distance_patches,32,32,8.19083152819747,8.183885827980156,8.197943611666103
reach-wall,0,5,7,temporal_distance_frames,32,32,0.24468230598729593,0.24396069268557,0.24541500163523436
reach-wall,0,5,7,conditioning_mass,32,32,0.0,0.0,0.0
reach-wall,0,5,7,visual_mass,32,32,0.9999999941792339,0.9999999920837581,0.9999999962747097
reach-wall,0,5,8,spatial_distance_patches,32,32,7.273155148388073,7.266975632043448,7.279115146598471
reach-wall,0,5,8,temporal_distance_frames,32,32,0.061455010661851946,0.06107703043386234,0.06184336176842207
reach-wall,0,5,8,conditioning_mass,32,32,0.0,0.0,0.0
reach-wall,0,5,8,visual_mass,32,32,0.9999999939464033,0.9999999918509275,0.9999999960418791
reach-wall,0,5,9,spatial_distance_patches,32,32,7.118072376936457,7.113533627832652,7.122617570324052
reach-wall,0,5,9,temporal_distance_frames,32,32,0.051460380452479894,0.05068255901737653,0.052247566860832206
reach-wall,0,5,9,conditioning_mass,32,32,0.0,0.0,0.0
reach-wall,0,5,9,visual_mass,32,32,0.9999999951105565,0.9999999930150807,0.9999999969732016
reach-wall,0,5,10,spatial_distance_patches,32,32,7.62563711706675,7.618504240841918,7.63260433530172
reach-wall,0,5,10,temporal_distance_frames,32,32,0.10469031474537636,0.10414010023571312,0.10526850537098045
reach-wall,0,5,10,conditioning_mass,32,32,0.0,0.0,0.0
reach-wall,0,5,10,visual_mass,32,32,0.9999999932479113,0.9999999904539436,0.9999999955762178
reach-wall,0,5,11,spatial_distance_patches,32,32,7.640291329639677,7.633032568286608,7.647818271509555
reach-wall,0,5,11,temporal_distance_frames,32,32,0.20826430786208264,0.20748616466593162,0.20893788094533247
reach-wall,0,5,11,conditioning_mass,32,32,0.0,0.0,0.0
reach-wall,0,5,11,visual_mass,32,32,0.9999999953433871,0.9999999932479113,0.9999999974388629
reach-wall,0,5,12,spatial_distance_patches,32,32,7.905970038520934,7.897925732972601,7.914419178424323
reach-wall,0,5,12,temporal_distance_frames,32,32,0.12589160694010118,0.12497754816273006,0.12679940044413376
reach-wall,0,5,12,conditioning_mass,32,32,0.0,0.0,0.0
reach-wall,0,5,12,visual_mass,32,32,0.9999999965075403,0.9999999939464033,0.9999999988358468
reach-wall,0,5,13,spatial_distance_patches,32,32,7.305679050138494,7.299548699863297,7.312206137442345
reach-wall,0,5,13,temporal_distance_frames,32,32,0.19284840381406027,0.1920823444574826,0.1936367271296938
reach-wall,0,5,13,conditioning_mass,32,32,0.0,0.0,0.0
reach-wall,0,5,13,visual_mass,32,32,0.9999999958090484,0.9999999937135726,0.9999999976716936
reach-wall,0,5,14,spatial_distance_patches,32,32,6.853011620854081,6.846498353636101,6.859384569656376
reach-wall,0,5,14,temporal_distance_frames,32,32,0.24183373607553577,0.24114477585270902,0.24253207115812167
reach-wall,0,5,14,conditioning_mass,32,32,0.0,0.0,0.0
reach-wall,0,5,14,visual_mass,32,32,0.9999999932479113,0.9999999906867743,0.9999999955762178
reach-wall,0,5,15,spatial_distance_patches,32,32,7.089989206088419,7.079207814989949,7.100722909434467
reach-wall,0,5,15,temporal_distance_frames,32,32,0.0945614450002526,0.09396865469885085,0.09515086721655078
reach-wall,0,5,15,conditioning_mass,32,32,0.0,0.0,0.0
reach-wall,0,5,15,visual_mass,32,32,0.9999999941792339,0.9999999916180968,0.9999999965075403
reach-wall,0,6,0,spatial_distance_patches,32,32,7.915576276940876,7.905985114224801,7.92433671026538
reach-wall,0,6,0,temporal_distance_frames,32,32,0.1268070978215882,0.12605112527428688,0.12756439652780005
reach-wall,0,6,0,conditioning_mass,32,32,0.0,0.0,0.0
reach-wall,0,6,0,visual_mass,32,32,0.9999999960418791,0.9999999944120646,0.9999999976716936
reach-wall,0,6,1,spatial_distance_patches,32,32,7.763108343685117,7.756379732277094,7.769692241033138
reach-wall,0,6,1,temporal_distance_frames,32,32,0.23634468647752538,0.2355522954934229,0.23709618124828366
reach-wall,0,6,1,conditioning_mass,32,32,0.0,0.0,0.0
reach-wall,0,6,1,visual_mass,32,32,0.9999999955762178,0.999999993480742,0.9999999979045242
reach-wall,0,6,2,spatial_distance_patches,32,32,7.187357052015184,7.178465745603333,7.196340709524398
reach-wall,0,6,2,temporal_distance_frames,32,32,0.15578730842218366,0.15527805848697876,0.15627057679562334
reach-wall,0,6,2,conditioning_mass,32,32,0.0,0.0,0.0
reach-wall,0,6,2,visual_mass,32,32,0.9999999939464033,0.9999999904539436,0.9999999965075403
reach-wall,0,6,3,spatial_distance_patches,32,32,8.07935271451159,8.067264189250723,8.090719832389953
reach-wall,0,6,3,temporal_distance_frames,32,32,0.10006855690237264,0.09969606484725521,0.10044105455372357
reach-wall,0,6,3,conditioning_mass,32,32,0.0,0.0,0.0
reach-wall,0,6,3,visual_mass,32,32,0.9999999941792339,0.9999999918509275,0.9999999965075403
reach-wall,0,6,4,spatial_distance_patches,32,32,8.270210969506953,8.26080582153016,8.280022489469978
reach-wall,0,6,4,temporal_distance_frames,32,32,0.06034613476962978,0.06003923775902216,0.06065710910390665
reach-wall,0,6,4,conditioning_mass,32,32,0.0,0.0,0.0
reach-wall,0,6,4,visual_mass,32,32,0.9999999955762178,0.9999999932479113,0.9999999979045242
reach-wall,0,6,5,spatial_distance_patches,32,32,7.5682589035091485,7.558934785761165,7.57807147946384
reach-wall,0,6,5,temporal_distance_frames,32,32,0.13418989072112986,0.13358943885808755,0.1347893820311651
reach-wall,0,6,5,conditioning_mass,32,32,0.0,0.0,0.0
reach-wall,0,6,5,visual_mass,32,32,0.9999999946448952,0.99999999278225,0.9999999962747097
reach-wall,0,6,6,spatial_distance_patches,32,32,7.907819950455742,7.899026897084652,7.916385274756891
reach-wall,0,6,6,temporal_distance_frames,32,32,0.2219113711900122,0.22117640475774772,0.2226267649533951
reach-wall,0,6,6,conditioning_mass,32,32,0.0,0.0,0.0
reach-wall,0,6,6,visual_mass,32,32,0.9999999948777258,0.99999999278225,0.999999996740371
reach-wall,0,6,7,spatial_distance_patches,32,32,8.192278729221186,8.18570275516154,8.198978703182611
reach-wall,0,6,7,temporal_distance_frames,32,32,0.24515298785575393,0.24438304957130716,0.24592973272198276
reach-wall,0,6,7,conditioning_mass,32,32,0.0,0.0,0.0
reach-wall,0,6,7,visual_mass,32,32,0.9999999930150807,0.9999999909196049,0.9999999948777258
reach-wall,0,6,8,spatial_distance_patches,32,32,7.299678873892384,7.292797570776934,7.306382444120927
reach-wall,0,6,8,temporal_distance_frames,32,32,0.06146491101628918,0.06108203169469719,0.061864739767811455
reach-wall,0,6,8,conditioning_mass,32,32,0.0,0.0,0.0
reach-wall,0,6,8,visual_mass,32,32,0.9999999955762178,0.9999999932479113,0.9999999974388629
reach-wall,0,6,9,spatial_distance_patches,32,32,7.138008865400429,7.133999528367592,7.1421727301107465
reach-wall,0,6,9,temporal_distance_frames,32,32,0.051900052838707376,0.051105530190222945,0.05270016518442322
reach-wall,0,6,9,conditioning_mass,32,32,0.0,0.0,0.0
reach-wall,0,6,9,visual_mass,32,32,0.9999999923165888,0.9999999897554517,0.9999999946448952
reach-wall,0,6,10,spatial_distance_patches,32,32,7.624243514469799,7.617033680220563,7.6311864129868265
reach-wall,0,6,10,temporal_distance_frames,32,32,0.10475230191468357,0.10415107758809436,0.10535325005895477
reach-wall,0,6,10,conditioning_mass,32,32,0.0,0.0,0.0
reach-wall,0,6,10,visual_mass,32,32,0.9999999946448952,0.9999999925494194,0.999999996740371
reach-wall,0,6,11,spatial_distance_patches,32,32,7.653504798057668,7.645213321779186,7.6620933820678445
reach-wall,0,6,11,temporal_distance_frames,32,32,0.2086663982393717,0.2078005791978925,0.2094176151566272
reach-wall,0,6,11,conditioning_mass,32,32,0.0,0.0,0.0
reach-wall,0,6,11,visual_mass,32,32,0.9999999941792339,0.9999999923165888,0.9999999960418791
reach-wall,0,6,12,spatial_distance_patches,32,32,7.942804937893596,7.934137090387977,7.951627068090894
reach-wall,0,6,12,temporal_distance_frames,32,32,0.1242664648153125,0.12334503010820153,0.12519578636379203
reach-wall,0,6,12,conditioning_mass,32,32,0.0,0.0,0.0
reach-wall,0,6,12,visual_mass,32,32,0.9999999955762178,0.999999993480742,0.9999999974388629
reach-wall,0,6,13,spatial_distance_patches,32,32,7.306474232139349,7.299718220066548,7.313571464030588
reach-wall,0,6,13,temporal_distance_frames,32,32,0.19528448926913572,0.19448586811150512,0.19607199240643325
reach-wall,0,6,13,conditioning_mass,32,32,0.0,0.0,0.0
reach-wall,0,6,13,visual_mass,32,32,0.9999999960418791,0.9999999941792339,0.9999999976716936
reach-wall,0,6,14,spatial_distance_patches,32,32,6.857752682387963,6.8518583004300755,6.863557148050343
reach-wall,0,6,14,temporal_distance_frames,32,32,0.2433583425204412,0.24273755322129179,0.24397397489868541
reach-wall,0,6,14,conditioning_mass,32,32,0.0,0.0,0.0
reach-wall,0,6,14,visual_mass,32,32,0.9999999948777258,0.9999999925494194,0.9999999972060323
reach-wall,0,6,15,spatial_distance_patches,32,32,7.114117602344569,7.102880718506603,7.125470451123391
reach-wall,0,6,15,temporal_distance_frames,32,32,0.09600206820286891,0.09534182645244324,0.09665076100609113
reach-wall,0,6,15,conditioning_mass,32,32,0.0,0.0,0.0
reach-wall,0,6,15,visual_mass,32,32,0.9999999941792339,0.9999999920837581,0.9999999960418791
reach-wall,1,1,0,spatial_distance_patches,32,32,7.7436515714041825,7.736932829246186,7.750603177882185
reach-wall,1,1,0,temporal_distance_frames,32,32,0.0,0.0,0.0
reach-wall,1,1,0,conditioning_mass,32,32,0.0,0.0,0.0
reach-wall,1,1,0,visual_mass,32,32,0.9999999953433871,0.9999999925494194,0.9999999976716936
reach-wall,1,1,1,spatial_distance_patches,32,32,7.626852022184553,7.614548372558256,7.639135246030914
reach-wall,1,1,1,temporal_distance_frames,32,32,0.0,0.0,0.0
reach-wall,1,1,1,conditioning_mass,32,32,0.0,0.0,0.0
reach-wall,1,1,1,visual_mass,32,32,0.9999999939464033,0.9999999897554517,0.9999999981373549
reach-wall,1,1,2,spatial_distance_patches,32,32,6.872352849782669,6.860860475830346,6.8836821692120465
reach-wall,1,1,2,temporal_distance_frames,32,32,0.0,0.0,0.0
reach-wall,1,1,2,conditioning_mass,32,32,0.0,0.0,0.0
reach-wall,1,1,2,visual_mass,32,32,0.999999993480742,0.9999999897554517,0.999999996740371
reach-wall,1,1,3,spatial_distance_patches,32,32,7.037666216651861,7.028534240677638,7.0464460523036
reach-wall,1,1,3,temporal_distance_frames,32,32,0.0,0.0,0.0
reach-wall,1,1,3,conditioning_mass,32,32,0.0,0.0,0.0
reach-wall,1,1,3,visual_mass,32,32,0.9999999962747097,0.9999999939464033,0.9999999986030161
reach-wall,1,1,4,spatial_distance_patches,32,32,7.679205826704966,7.668732944879005,7.689464911077636
reach-wall,1,1,4,temporal_distance_frames,32,32,0.0,0.0,0.0
reach-wall,1,1,4,conditioning_mass,32,32,0.0,0.0,0.0
reach-wall,1,1,4,visual_mass,32,32,0.9999999976716936,0.9999999958090484,0.9999999995343387
reach-wall,1,1,5,spatial_distance_patches,32,32,6.921044209964345,6.9120909547355565,6.929928495598648
reach-wall,1,1,5,temporal_distance_frames,32,32,0.0,0.0,0.0
reach-wall,1,1,5,conditioning_mass,32,32,0.0,0.0,0.0
reach-wall,1,1,5,visual_mass,32,32,0.9999999948777258,0.9999999911524355,0.9999999976716936
reach-wall,1,1,6,spatial_distance_patches,32,32,8.080058887865384,8.068695798675487,8.091454041660045
reach-wall,1,1,6,temporal_distance_frames,32,32,0.0,0.0,0.0
reach-wall,1,1,6,conditioning_mass,32,32,0.0,0.0,0.0
reach-wall,1,1,6,visual_mass,32,32,0.9999999972060323,0.9999999944120646,0.9999999995343387
reach-wall,1,1,7,spatial_distance_patches,32,32,7.910091816903469,7.901225333607861,7.919062156391123
reach-wall,1,1,7,temporal_distance_frames,32,32,0.0,0.0,0.0
reach-wall,1,1,7,conditioning_mass,32,32,0.0,0.0,0.0
reach-wall,1,1,7,visual_mass,32,32,0.9999999944120646,0.9999999916180968,0.9999999972060323
reach-wall,1,1,8,spatial_distance_patches,32,32,7.203974159871902,7.1959927883726875,7.212056681870459
reach-wall,1,1,8,temporal_distance_frames,32,32,0.0,0.0,0.0
reach-wall,1,1,8,conditioning_mass,32,32,0.0,0.0,0.0
reach-wall,1,1,8,visual_mass,32,32,0.9999999981373549,0.9999999948777258,1.0000000013969839
reach-wall,1,1,9,spatial_distance_patches,32,32,8.390998451697232,8.383659601936765,8.398039913345434
reach-wall,1,1,9,temporal_distance_frames,32,32,0.0,0.0,0.0
reach-wall,1,1,9,conditioning_mass,32,32,0.0,0.0,0.0
reach-wall,1,1,9,visual_mass,32,32,0.999999993480742,0.9999999897554517,0.999999996740371
reach-wall,1,1,10,spatial_distance_patches,32,32,7.55905993310563,7.548957878762798,7.569859641808027
reach-wall,1,1,10,temporal_distance_frames,32,32,0.0,0.0,0.0
reach-wall,1,1,10,conditioning_mass,32,32,0.0,0.0,0.0
reach-wall,1,1,10,visual_mass,32,32,0.9999999920837581,0.9999999883584678,0.9999999958090484
reach-wall,1,1,11,spatial_distance_patches,32,32,7.4373038134986915,7.427193753289208,7.447118845365965
reach-wall,1,1,11,temporal_distance_frames,32,32,0.0,0.0,0.0
reach-wall,1,1,11,conditioning_mass,32,32,0.0,0.0,0.0
reach-wall,1,1,11,visual_mass,32,32,0.9999999972060323,0.999999993480742,1.0000000009313226
reach-wall,1,1,12,spatial_distance_patches,32,32,7.615590380066157,7.60527223797351,7.625851218016242
reach-wall,1,1,12,temporal_distance_frames,32,32,0.0,0.0,0.0
reach-wall,1,1,12,conditioning_mass,32,32,0.0,0.0,0.0
reach-wall,1,1,12,visual_mass,32,32,0.9999999939464033,0.9999999916180968,0.9999999962747097
reach-wall,1,1,13,spatial_distance_patches,32,32,8.251212910797992,8.237508674593709,8.263905526280166
reach-wall,1,1,13,temporal_distance_frames,32,32,0.0,0.0,0.0
reach-wall,1,1,13,conditioning_mass,32,32,0.0,0.0,0.0
reach-wall,1,1,13,visual_mass,32,32,0.9999999958090484,0.9999999911524355,1.0000000004656613
reach-wall,1,1,14,spatial_distance_patches,32,32,6.157170702586621,6.148290250466214,6.166096490877523
reach-wall,1,1,14,temporal_distance_frames,32,32,0.0,0.0,0.0
reach-wall,1,1,14,conditioning_mass,32,32,0.0,0.0,0.0
reach-wall,1,1,14,visual_mass,32,32,0.9999999944120646,0.999999990221113,0.9999999976716936
reach-wall,1,1,15,spatial_distance_patches,32,32,7.526488516927529,7.517899504451082,7.535057111429312
reach-wall,1,1,15,temporal_distance_frames,32,32,0.0,0.0,0.0
reach-wall,1,1,15,conditioning_mass,32,32,0.0,0.0,0.0
reach-wall,1,1,15,visual_mass,32,32,0.9999999930150807,0.9999999892897904,0.9999999962747097
reach-wall,1,2,0,spatial_distance_patches,32,32,7.742348923259183,7.735719027331352,7.749195928442816
reach-wall,1,2,0,temporal_distance_frames,32,32,0.1772187001824784,0.17675343139163494,0.17770051221098399
reach-wall,1,2,0,conditioning_mass,32,32,0.0,0.0,0.0
reach-wall,1,2,0,visual_mass,32,32,0.9999999960418791,0.9999999941792339,0.9999999979045242
reach-wall,1,2,1,spatial_distance_patches,32,32,7.779726090557999,7.769297443709812,7.789843678393152
reach-wall,1,2,1,temporal_distance_frames,32,32,0.20672955898665143,0.2061041277919896,0.20739255714342558
reach-wall,1,2,1,conditioning_mass,32,32,0.0,0.0,0.0
reach-wall,1,2,1,visual_mass,32,32,0.9999999944120646,0.9999999923165888,0.9999999962747097
reach-wall,1,2,2,spatial_distance_patches,32,32,6.9740680100728145,6.965061288202089,6.982799829027085
reach-wall,1,2,2,temporal_distance_frames,32,32,0.12007336350623075,0.11951257400316949,0.12064741066945531
reach-wall,1,2,2,conditioning_mass,32,32,0.0,0.0,0.0
reach-wall,1,2,2,visual_mass,32,32,0.9999999944120646,0.9999999925494194,0.9999999962747097
reach-wall,1,2,3,spatial_distance_patches,32,32,6.939701418504067,6.932108670992597,6.946995421091313
reach-wall,1,2,3,temporal_distance_frames,32,32,0.07766948047087005,0.07715894114783287,0.07812503094324136
reach-wall,1,2,3,conditioning_mass,32,32,0.0,0.0,0.0
reach-wall,1,2,3,visual_mass,32,32,0.9999999939464033,0.9999999916180968,0.9999999962747097
reach-wall,1,2,4,spatial_distance_patches,32,32,7.720400741937442,7.7111045978008015,7.7297360681141765
reach-wall,1,2,4,temporal_distance_frames,32,32,0.2489196117349397,0.24842465499384603,0.24941917203144792
reach-wall,1,2,4,conditioning_mass,32,32,0.0,0.0,0.0
reach-wall,1,2,4,visual_mass,32,32,0.9999999955762178,0.9999999932479113,0.9999999979045242
reach-wall,1,2,5,spatial_distance_patches,32,32,7.154698095625788,7.1472104325774195,7.162200728987828
reach-wall,1,2,5,temporal_distance_frames,32,32,0.23489223156617733,0.23402942054304554,0.2357693410863543
reach-wall,1,2,5,conditioning_mass,32,32,0.0,0.0,0.0
reach-wall,1,2,5,visual_mass,32,32,0.9999999948777258,0.9999999930150807,0.999999996740371
reach-wall,1,2,6,spatial_distance_patches,32,32,8.1254265239516,8.114539879325193,8.136200378806421
reach-wall,1,2,6,temporal_distance_frames,32,32,0.15635151917452667,0.15568147916662897,0.1570418929205672
reach-wall,1,2,6,conditioning_mass,32,32,0.0,0.0,0.0
reach-wall,1,2,6,visual_mass,32,32,0.9999999951105565,0.9999999932479113,0.9999999969732016
reach-wall,1,2,7,spatial_distance_patches,32,32,8.03593574480689,8.02806766490884,8.043948389664644
reach-wall,1,2,7,temporal_distance_frames,32,32,0.20988347628514914,0.20898469189917906,0.21074590167209406
reach-wall,1,2,7,conditioning_mass,32,32,0.0,0.0,0.0
reach-wall,1,2,7,visual_mass,32,32,0.9999999948777258,0.9999999923165888,0.9999999974388629
reach-wall,1,2,8,spatial_distance_patches,32,32,7.315255680323217,7.308930285134937,7.321775572322525
reach-wall,1,2,8,temporal_distance_frames,32,32,0.2277344611580242,0.2270567032256196,0.22836487566284702
reach-wall,1,2,8,conditioning_mass,32,32,0.0,0.0,0.0
reach-wall,1,2,8,visual_mass,32,32,0.999999993480742,0.9999999909196049,0.9999999958090484
reach-wall,1,2,9,spatial_distance_patches,32,32,8.346237834281654,8.339954958998568,8.352066799643074
reach-wall,1,2,9,temporal_distance_frames,32,32,0.09407553775699609,0.09349918210180788,0.09463349764627274
reach-wall,1,2,9,conditioning_mass,32,32,0.0,0.0,0.0
reach-wall,1,2,9,visual_mass,32,32,0.9999999953433871,0.9999999925494194,0.9999999981373549
reach-wall,1,2,10,spatial_distance_patches,32,32,7.588831557131018,7.579662324990337,7.5988129181432695
reach-wall,1,2,10,temporal_distance_frames,32,32,0.11552512788579317,0.1148776245191093,0.11617150939990464
reach-wall,1,2,10,conditioning_mass,32,32,0.0,0.0,0.0
reach-wall,1,2,10,visual_mass,32,32,0.9999999958090484,0.9999999937135726,0.9999999979045242
reach-wall,1,2,11,spatial_distance_patches,32,32,7.438156623187577,7.430163613422576,7.446096164981467
reach-wall,1,2,11,temporal_distance_frames,32,32,0.024620629502872002,0.02427278652761126,0.02499302702985504
reach-wall,1,2,11,conditioning_mass,32,32,0.0,0.0,0.0
reach-wall,1,2,11,visual_mass,32,32,0.9999999930150807,0.9999999906867743,0.9999999953433871
reach-wall,1,2,12,spatial_distance_patches,32,32,7.6777412090844335,7.66760935776187,7.687649293383052
reach-wall,1,2,12,temporal_distance_frames,32,32,0.21366280983704655,0.2127500676288999,0.21456270119631035
reach-wall,1,2,12,conditioning_mass,32,32,0.0,0.0,0.0
reach-wall,1,2,12,visual_mass,32,32,0.9999999944120646,0.9999999925494194,0.9999999962747097
reach-wall,1,2,13,spatial_distance_patches,32,32,8.089783138449322,8.080106717237463,8.098514420010597
reach-wall,1,2,13,temporal_distance_frames,32,32,0.32886455394115544,0.3273647934158231,0.33033593725052307
reach-wall,1,2,13,conditioning_mass,32,32,0.0,0.0,0.0
reach-wall,1,2,13,visual_mass,32,32,0.9999999918509275,0.9999999871943146,0.9999999962747097
reach-wall,1,2,14,spatial_distance_patches,32,32,6.097754433755453,6.090422856010291,6.10508385650693
reach-wall,1,2,14,temporal_distance_frames,32,32,0.10425924546244184,0.10347978115702121,0.10499883839934342
reach-wall,1,2,14,conditioning_mass,32,32,0.0,0.0,0.0
reach-wall,1,2,14,visual_mass,32,32,0.9999999951105565,0.9999999930150807,0.9999999969732016
reach-wall,1,2,15,spatial_distance_patches,32,32,7.494310930110691,7.485182489751553,7.503449460773757
reach-wall,1,2,15,temporal_distance_frames,32,32,0.13316799202975005,0.1324967878559015,0.133813192398041
reach-wall,1,2,15,conditioning_mass,32,32,0.0,0.0,0.0
reach-wall,1,2,15,visual_mass,32,32,0.9999999958090484,0.9999999944120646,0.9999999972060323
reach-wall,1,3,0,spatial_distance_patches,32,32,7.799520743303512,7.791179900836898,7.807975401077895
reach-wall,1,3,0,temporal_distance_frames,32,32,0.18040991240264265,0.18008608637929438,0.18072664328634522
reach-wall,1,3,0,conditioning_mass,32,32,0.0,0.0,0.0
reach-wall,1,3,0,visual_mass,32,32,0.9999999962747097,0.9999999941792339,0.9999999983701855
reach-wall,1,3,1,spatial_distance_patches,32,32,7.720301849952708,7.711445855582171,7.728936907217739
reach-wall,1,3,1,temporal_distance_frames,32,32,0.20841754348984734,0.20758127845448698,0.2092698748999037
reach-wall,1,3,1,conditioning_mass,32,32,0.0,0.0,0.0
reach-wall,1,3,1,visual_mass,32,32,0.9999999941792339,0.9999999913852662,0.9999999965075403
reach-wall,1,3,2,spatial_distance_patches,32,32,7.038735267913692,7.031281732013755,7.046337350123666
reach-wall,1,3,2,temporal_distance_frames,32,32,0.11907239907707107,0.1185221668854502,0.11960411415689981
reach-wall,1,3,2,conditioning_mass,32,32,0.0,0.0,0.0
reach-wall,1,3,2,visual_mass,32,32,0.9999999953433871,0.9999999932479113,0.9999999972060323
reach-wall,1,3,3,spatial_distance_patches,32,32,6.838791080758506,6.8314508788495925,6.846160106650284
reach-wall,1,3,3,temporal_distance_frames,32,32,0.07494396976430101,0.07456469279638277,0.07529813128042448
reach-wall,1,3,3,conditioning_mass,32,32,0.0,0.0,0.0
reach-wall,1,3,3,visual_mass,32,32,0.9999999944120646,0.9999999923165888,0.9999999962747097
reach-wall,1,3,4,spatial_distance_patches,32,32,7.866474162023781,7.857091096272591,7.875760770180222
reach-wall,1,3,4,temporal_distance_frames,32,32,0.24967452272345853,0.24930374526455348,0.2500441911908161
reach-wall,1,3,4,conditioning_mass,32,32,0.0,0.0,0.0
reach-wall,1,3,4,visual_mass,32,32,0.9999999941792339,0.9999999920837581,0.9999999962747097
reach-wall,1,3,5,spatial_distance_patches,32,32,7.144293806746642,7.137789826025449,7.150926335524559
reach-wall,1,3,5,temporal_distance_frames,32,32,0.2427223121867823,0.24213433427845932,0.24331456165260953
reach-wall,1,3,5,conditioning_mass,32,32,0.0,0.0,0.0
reach-wall,1,3,5,visual_mass,32,32,0.9999999948777258,0.9999999923165888,0.9999999974388629
reach-wall,1,3,6,spatial_distance_patches,32,32,8.038970861693336,8.029215140086746,8.048833256350774
reach-wall,1,3,6,temporal_distance_frames,32,32,0.15837775313929217,0.15769919224570916,0.15907562423071694
reach-wall,1,3,6,conditioning_mass,32,32,0.0,0.0,0.0
reach-wall,1,3,6,visual_mass,32,32,0.9999999953433871,0.9999999930150807,0.9999999976716936
reach-wall,1,3,7,spatial_distance_patches,32,32,8.01723263050007,8.009578728120267,8.024627105462049
reach-wall,1,3,7,temporal_distance_frames,32,32,0.21067776455541637,0.20995562970282303,0.21139835749841124
reach-wall,1,3,7,conditioning_mass,32,32,0.0,0.0,0.0
reach-wall,1,3,7,visual_mass,32,32,0.9999999941792339,0.9999999925494194,0.9999999958090484
reach-wall,1,3,8,spatial_distance_patches,32,32,7.374782686987823,7.368428727904315,7.381082771387629
reach-wall,1,3,8,temporal_distance_frames,32,32,0.22716395054186253,0.22677579750113658,0.22753631292551801
reach-wall,1,3,8,conditioning_mass,32,32,0.0,0.0,0.0
reach-wall,1,3,8,visual_mass,32,32,0.9999999939464033,0.9999999911524355,0.9999999965075403
reach-wall,1,3,9,spatial_distance_patches,32,32,8.3225315769653,8.316665191064732,8.328018045774096
reach-wall,1,3,9,temporal_distance_frames,32,32,0.09526228086409948,0.0947976890138093,0.09571673709632743
reach-wall,1,3,9,conditioning_mass,32,32,0.0,0.0,0.0
reach-wall,1,3,9,visual_mass,32,32,0.9999999948777258,0.9999999930150807,0.999999996740371
reach-wall,1,3,10,spatial_distance_patches,32,32,7.647186880991642,7.6406111431335875,7.654743337315356
reach-wall,1,3,10,temporal_distance_frames,32,32,0.1103474133690384,0.10975552594671106,0.1109178934285497
reach-wall,1,3,10,conditioning_mass,32,32,0.0,0.0,0.0
reach-wall,1,3,10,visual_mass,32,32,0.9999999948777258,0.9999999932479113,0.999999996740371
reach-wall,1,3,11,spatial_distance_patches,32,32,7.400964661057623,7.393559946948625,7.4081963372792075
reach-wall,1,3,11,temporal_distance_frames,32,32,0.024297531853460223,0.024026294510165084,0.02458750572457736
reach-wall,1,3,11,conditioning_mass,32,32,0.0,0.0,0.0
reach-wall,1,3,11,visual_mass,32,32,0.9999999946448952,0.9999999920837581,0.9999999969732016
reach-wall,1,3,12,spatial_distance_patches,32,32,7.715875957528867,7.704969981433676,7.726390397141406
reach-wall,1,3,12,temporal_distance_frames,32,32,0.21832887887304508,0.21759739998763825,0.21903775448181823
reach-wall,1,3,12,conditioning_mass,32,32,0.0,0.0,0.0
reach-wall,1,3,12,visual_mass,32,32,0.9999999946448952,0.99999999278225,0.9999999965075403
reach-wall,1,3,13,spatial_distance_patches,32,32,8.041850870703826,8.035071246809657,8.048149893018083
reach-wall,1,3,13,temporal_distance_frames,32,32,0.3437424463684632,0.34244810293762107,0.34501859738373175
reach-wall,1,3,13,conditioning_mass,32,32,0.0,0.0,0.0
reach-wall,1,3,13,visual_mass,32,32,0.9999999946448952,0.9999999913852662,0.9999999981373549
reach-wall,1,3,14,spatial_distance_patches,32,32,6.17331044790971,6.166305013722662,6.180453690287229
reach-wall,1,3,14,temporal_distance_frames,32,32,0.10316411798735084,0.10251389040511324,0.10376981673086748
reach-wall,1,3,14,conditioning_mass,32,32,0.0,0.0,0.0
reach-wall,1,3,14,visual_mass,32,32,0.9999999920837581,0.9999999892897904,0.9999999946448952
reach-wall,1,3,15,spatial_distance_patches,32,32,7.5075293468037305,7.497144288900565,7.518097243580152
reach-wall,1,3,15,temporal_distance_frames,32,32,0.12438967957010579,0.12372026757509402,0.12509583391029278
reach-wall,1,3,15,conditioning_mass,32,32,0.0,0.0,0.0
reach-wall,1,3,15,visual_mass,32,32,0.999999993480742,0.9999999906867743,0.9999999958090484
reach-wall,1,4,0,spatial_distance_patches,32,32,7.803785302546329,7.795592779028875,7.811964960091541
reach-wall,1,4,0,temporal_distance_frames,32,32,0.1815567839066558,0.18120777530473814,0.18190347072139135
reach-wall,1,4,0,conditioning_mass,32,32,0.0,0.0,0.0
reach-wall,1,4,0,visual_mass,32,32,0.9999999948777258,0.9999999925494194,0.9999999972060323
reach-wall,1,4,1,spatial_distance_patches,32,32,7.735650066262287,7.727047688585824,7.74429054557601
reach-wall,1,4,1,temporal_distance_frames,32,32,0.20914360123998904,0.20826994010918773,0.21004029917417258
reach-wall,1,4,1,conditioning_mass,32,32,0.0,0.0,0.0
reach-wall,1,4,1,visual_mass,32,32,0.99999999278225,0.9999999906867743,0.9999999948777258
reach-wall,1,4,2,spatial_distance_patches,32,32,7.032806877199137,7.026117940489539,7.039477152747243
reach-wall,1,4,2,temporal_distance_frames,32,32,0.11899627201590585,0.11841116549475396,0.11956900204228652
reach-wall,1,4,2,conditioning_mass,32,32,0.0,0.0,0.0
reach-wall,1,4,2,visual_mass,32,32,0.9999999962747097,0.9999999941792339,0.9999999981373549
reach-wall,1,4,3,spatial_distance_patches,32,32,6.8391146613624905,6.830251561455528,6.847814258507423
reach-wall,1,4,3,temporal_distance_frames,32,32,0.07585888660956724,0.07545158759567562,0.07624278142987857
reach-wall,1,4,3,conditioning_mass,32,32,0.0,0.0,0.0
reach-wall,1,4,3,visual_mass,32,32,0.99999999278225,0.9999999904539436,0.9999999951105565
reach-wall,1,4,4,spatial_distance_patches,32,32,7.929352648321302,7.921274883341304,7.937263689022954
reach-wall,1,4,4,temporal_distance_frames,32,32,0.25438102144318686,0.2540272513140674,0.2547288373552483
reach-wall,1,4,4,conditioning_mass,32,32,0.0,0.0,0.0
reach-wall,1,4,4,visual_mass,32,32,0.9999999960418791,0.9999999944120646,0.9999999976716936
reach-wall,1,4,5,spatial_distance_patches,32,32,7.170047777043859,7.163831373354186,7.176471724817754
reach-wall,1,4,5,temporal_distance_frames,32,32,0.24288593346412563,0.2422306948731682,0.24350945863168813
reach-wall,1,4,5,conditioning_mass,32,32,0.0,0.0,0.0
reach-wall,1,4,5,visual_mass,32,32,0.9999999958090484,0.9999999930150807,0.9999999983701855
reach-wall,1,4,6,spatial_distance_patches,32,32,8.034846810734729,8.02491991807957,8.044878988522358
reach-wall,1,4,6,temporal_distance_frames,32,32,0.1558954855826849,0.15517448621674468,0.15661103077375224
reach-wall,1,4,6,conditioning_mass,32,32,0.0,0.0,0.0
reach-wall,1,4,6,visual_mass,32,32,0.9999999948777258,0.9999999925494194,0.9999999969732016
reach-wall,1,4,7,spatial_distance_patches,32,32,8.032245490961143,8.024404808426667,8.039561151454915
reach-wall,1,4,7,temporal_distance_frames,32,32,0.21478476007547673,0.2140778852172483,0.2155150415000815
reach-wall,1,4,7,conditioning_mass,32,32,0.0,0.0,0.0
reach-wall,1,4,7,visual_mass,32,32,0.9999999930150807,0.9999999911524355,0.9999999948777258
reach-wall,1,4,8,spatial_distance_patches,32,32,7.387785876714725,7.380825051006548,7.395022323438387
reach-wall,1,4,8,temporal_distance_frames,32,32,0.22858544719097612,0.228237039196803,0.22892828571217436
reach-wall,1,4,8,conditioning_mass,32,32,0.0,0.0,0.0
reach-wall,1,4,8,visual_mass,32,32,0.9999999948777258,0.9999999923165888,0.9999999974388629
reach-wall,1,4,9,spatial_distance_patches,32,32,8.333827720731264,8.328309132458099,8.338977754554053
reach-wall,1,4,9,temporal_distance_frames,32,32,0.09667217042148601,0.09613285874069992,0.09717815276781462
reach-wall,1,4,9,conditioning_mass,32,32,0.0,0.0,0.0
reach-wall,1,4,9,visual_mass,32,32,0.9999999951105565,0.9999999930150807,0.9999999972060323
reach-wall,1,4,10,spatial_distance_patches,32,32,7.682654924685716,7.676666999553458,7.689631274787105
reach-wall,1,4,10,temporal_distance_frames,32,32,0.10955492535031652,0.10895711502161302,0.11011836849883377
reach-wall,1,4,10,conditioning_mass,32,32,0.0,0.0,0.0
reach-wall,1,4,10,visual_mass,32,32,0.9999999941792339,0.9999999913852662,0.999999996740371
reach-wall,1,4,11,spatial_distance_patches,32,32,7.398875978804964,7.391262627410488,7.4061407995338
reach-wall,1,4,11,temporal_distance_frames,32,32,0.024359214349379356,0.024104245832808166,0.024631148160556355
reach-wall,1,4,11,conditioning_mass,32,32,0.0,0.0,0.0
reach-wall,1,4,11,visual_mass,32,32,0.9999999953433871,0.9999999930150807,0.9999999976716936
reach-wall,1,4,12,spatial_distance_patches,32,32,7.726262968944214,7.714821593117167,7.737380065141057
reach-wall,1,4,12,temporal_distance_frames,32,32,0.21860065713419002,0.21779168345343852,0.21938638348093806
reach-wall,1,4,12,conditioning_mass,32,32,0.0,0.0,0.0
reach-wall,1,4,12,visual_mass,32,32,0.9999999965075403,0.9999999946448952,0.9999999981373549
reach-wall,1,4,13,spatial_distance_patches,32,32,7.989354263952004,7.983060775276645,7.995419746298743
reach-wall,1,4,13,temporal_distance_frames,32,32,0.3450334018559674,0.34367249265735594,0.34636965102986744
reach-wall,1,4,13,conditioning_mass,32,32,0.0,0.0,0.0
reach-wall,1,4,13,visual_mass,32,32,0.9999999932479113,0.9999999904539436,0.9999999960418791
reach-wall,1,4,14,spatial_distance_patches,32,32,6.250402866967562,6.243911132055681,6.256974491174081
reach-wall,1,4,14,temporal_distance_frames,32,32,0.10271203014060987,0.10207797255377356,0.10331098906955476
reach-wall,1,4,14,conditioning_mass,32,32,0.0,0.0,0.0
reach-wall,1,4,14,visual_mass,32,32,0.9999999920837581,0.9999999897554517,0.9999999941792339
reach-wall,1,4,15,spatial_distance_patches,32,32,7.505230470912425,7.4960502034488306,7.514836962153329
reach-wall,1,4,15,temporal_distance_frames,32,32,0.12080328353581318,0.11997942621063822,0.12163774422929922
reach-wall,1,4,15,conditioning_mass,32,32,0.0,0.0,0.0
reach-wall,1,4,15,visual_mass,32,32,0.9999999951105565,0.99999999278225,0.9999999974388629
reach-wall,1,5,0,spatial_distance_patches,32,32,7.808709324324488,7.800972937935491,7.8164426044563085
reach-wall,1,5,0,temporal_distance_frames,32,32,0.18312802051462487,0.1826445917837287,0.18360887600412493
reach-wall,1,5,0,conditioning_mass,32,32,0.0,0.0,0.0
reach-wall,1,5,0,visual_mass,32,32,0.9999999951105565,0.9999999925494194,0.9999999974388629
reach-wall,1,5,1,spatial_distance_patches,32,32,7.763807668036817,7.754960528205049,7.772694037137011
reach-wall,1,5,1,temporal_distance_frames,32,32,0.2098222364036218,0.20898877575747996,0.21066744935975676
reach-wall,1,5,1,conditioning_mass,32,32,0.0,0.0,0.0
reach-wall,1,5,1,visual_mass,32,32,0.9999999946448952,0.9999999923165888,0.999999996740371
reach-wall,1,5,2,spatial_distance_patches,32,32,7.012110199589937,7.003971271152276,7.019896136214541
reach-wall,1,5,2,temporal_distance_frames,32,32,0.11985037581738918,0.11923307775752331,0.12046722242318726
reach-wall,1,5,2,conditioning_mass,32,32,0.0,0.0,0.0
reach-wall,1,5,2,visual_mass,32,32,0.9999999960418791,0.9999999937135726,0.9999999981373549
reach-wall,1,5,3,spatial_distance_patches,32,32,6.851142967423527,6.842935248929409,6.85936442383082
reach-wall,1,5,3,temporal_distance_frames,32,32,0.07772127483104871,0.07726291752099106,0.07817586818438248
reach-wall,1,5,3,conditioning_mass,32,32,0.0,0.0,0.0
reach-wall,1,5,3,visual_mass,32,32,0.9999999937135726,0.9999999913852662,0.9999999960418791
reach-wall,1,5,4,spatial_distance_patches,32,32,7.959965681465238,7.954332933893316,7.96553059566893
reach-wall,1,5,4,temporal_distance_frames,32,32,0.25377322024998017,0.2533857895002007,0.25414895291395445
reach-wall,1,5,4,conditioning_mass,32,32,0.0,0.0,0.0
reach-wall,1,5,4,visual_mass,32,32,0.9999999958090484,0.9999999939464033,0.9999999974388629
reach-wall,1,5,5,spatial_distance_patches,32,32,7.1837160703429905,7.177551568061604,7.189933280957791
reach-wall,1,5,5,temporal_distance_frames,32,32,0.24439742348660898,0.24379094726997155,0.24495983069977834
reach-wall,1,5,5,conditioning_mass,32,32,0.0,0.0,0.0
reach-wall,1,5,5,visual_mass,32,32,0.9999999937135726,0.9999999911524355,0.9999999960418791
reach-wall,1,5,6,spatial_distance_patches,32,32,8.023990130221186,8.013578437087887,8.034451268237374
reach-wall,1,5,6,temporal_distance_frames,32,32,0.1554119841568907,0.15477294423052157,0.15603713596259217
reach-wall,1,5,6,conditioning_mass,32,32,0.0,0.0,0.0
reach-wall,1,5,6,visual_mass,32,32,0.9999999953433871,0.99999999278225,0.9999999979045242
reach-wall,1,5,7,spatial_distance_patches,32,32,8.040702024662302,8.031774618617908,8.048798011744381
reach-wall,1,5,7,temporal_distance_frames,32,32,0.21683005040646577,0.21599097598326225,0.21767462441786573
reach-wall,1,5,7,conditioning_mass,32,32,0.0,0.0,0.0
reach-wall,1,5,7,visual_mass,32,32,0.9999999951105565,0.9999999932479113,0.9999999969732016
reach-wall,1,5,8,spatial_distance_patches,32,32,7.404960956410633,7.397763304217054,7.4125958313516485
reach-wall,1,5,8,temporal_distance_frames,32,32,0.22754888856643585,0.22718577793525085,0.22791184394683503
reach-wall,1,5,8,conditioning_mass,32,32,0.0,0.0,0.0
reach-wall,1,5,8,visual_mass,32,32,0.9999999937135726,0.9999999913852662,0.9999999958090484
reach-wall,1,5,9,spatial_distance_patches,32,32,8.340141136657891,8.334935607318117,8.344923886362553
reach-wall,1,5,9,temporal_distance_frames,32,32,0.0978145532336463,0.09724884390369955,0.09833939307138387
reach-wall,1,5,9,conditioning_mass,32,32,0.0,0.0,0.0
reach-wall,1,5,9,visual_mass,32,32,0.9999999932479113,0.9999999906867743,0.9999999955762178
reach-wall,1,5,10,spatial_distance_patches,32,32,7.700607157066237,7.695432888352853,7.706591614884297
reach-wall,1,5,10,temporal_distance_frames,32,32,0.10840997091613726,0.10781089690072891,0.10896886226480554
reach-wall,1,5,10,conditioning_mass,32,32,0.0,0.0,0.0
reach-wall,1,5,10,visual_mass,32,32,0.9999999960418791,0.9999999941792339,0.9999999976716936
reach-wall,1,5,11,spatial_distance_patches,32,32,7.3853913195812595,7.3760396339690155,7.3939699949337365
reach-wall,1,5,11,temporal_distance_frames,32,32,0.024457348343842174,0.024196540039082247,0.02473400230875996
reach-wall,1,5,11,conditioning_mass,32,32,0.0,0.0,0.0
reach-wall,1,5,11,visual_mass,32,32,0.9999999946448952,0.9999999923165888,0.999999996740371
reach-wall,1,5,12,spatial_distance_patches,32,32,7.735484047026585,7.723569151791641,7.746934655875281
reach-wall,1,5,12,temporal_distance_frames,32,32,0.21914056383778768,0.2184804554659938,0.21977684765336644
reach-wall,1,5,12,conditioning_mass,32,32,0.0,0.0,0.0
reach-wall,1,5,12,visual_mass,32,32,0.9999999937135726,0.9999999920837581,0.9999999953433871
reach-wall,1,5,13,spatial_distance_patches,32,32,7.986458735414096,7.979505432065816,7.993100564891506
reach-wall,1,5,13,temporal_distance_frames,32,32,0.3452195464459253,0.3442399232172677,0.346184882288659
reach-wall,1,5,13,conditioning_mass,32,32,0.0,0.0,0.0
reach-wall,1,5,13,visual_mass,32,32,0.9999999916180968,0.9999999888241291,0.9999999941792339
reach-wall,1,5,14,spatial_distance_patches,32,32,6.276771484725548,6.269170353384792,6.284167899950475
reach-wall,1,5,14,temporal_distance_frames,32,32,0.10394283823073418,0.1032719287777726,0.10459081890784183
reach-wall,1,5,14,conditioning_mass,32,32,0.0,0.0,0.0
reach-wall,1,5,14,visual_mass,32,32,0.9999999939464033,0.9999999916180968,0.9999999960418791
reach-wall,1,5,15,spatial_distance_patches,32,32,7.502746974671221,7.494130086521908,7.512072652024232
reach-wall,1,5,15,temporal_distance_frames,32,32,0.12072401087790509,0.11994352493258076,0.12150358722335548
reach-wall,1,5,15,conditioning_mass,32,32,0.0,0.0,0.0
reach-wall,1,5,15,visual_mass,32,32,0.9999999955762178,0.9999999932479113,0.9999999979045242
reach-wall,1,6,0,spatial_distance_patches,32,32,7.813314878600868,7.806421044342269,7.820221168500321
reach-wall,1,6,0,temporal_distance_frames,32,32,0.1849456373372235,0.18435047242745228,0.18554034886444584
reach-wall,1,6,0,conditioning_mass,32,32,0.0,0.0,0.0
reach-wall,1,6,0,visual_mass,32,32,0.9999999960418791,0.9999999939464033,0.9999999981373549
reach-wall,1,6,1,spatial_distance_patches,32,32,7.8003630200741085,7.792048081064284,7.808613942161157
reach-wall,1,6,1,temporal_distance_frames,32,32,0.2088775432606793,0.2081069255691465,0.20966674799741986
reach-wall,1,6,1,conditioning_mass,32,32,0.0,0.0,0.0
reach-wall,1,6,1,visual_mass,32,32,0.9999999953433871,0.99999999278225,0.9999999979045242
reach-wall,1,6,2,spatial_distance_patches,32,32,6.9922628635377455,6.9822792372576705,7.001723843699771
reach-wall,1,6,2,temporal_distance_frames,32,32,0.12005065722909153,0.11954834696932035,0.12055607797262452
reach-wall,1,6,2,conditioning_mass,32,32,0.0,0.0,0.0
reach-wall,1,6,2,visual_mass,32,32,0.9999999953433871,0.9999999925494194,0.9999999979045242
reach-wall,1,6,3,spatial_distance_patches,32,32,6.853733337327313,6.846377600409393,6.861207080591347
reach-wall,1,6,3,temporal_distance_frames,32,32,0.07976091064958826,0.07932058789815222,0.08021642810231432
reach-wall,1,6,3,conditioning_mass,32,32,0.0,0.0,0.0
reach-wall,1,6,3,visual_mass,32,32,0.9999999941792339,0.9999999920837581,0.9999999960418791
reach-wall,1,6,4,spatial_distance_patches,32,32,7.97707981042612,7.9731908879977365,7.980826010412525
reach-wall,1,6,4,temporal_distance_frames,32,32,0.25412678226183655,0.2536364026303143,0.2545696910024848
reach-wall,1,6,4,conditioning_mass,32,32,0.0,0.0,0.0
reach-wall,1,6,4,visual_mass,32,32,0.9999999941792339,0.9999999920837581,0.9999999960418791
reach-wall,1,6,5,spatial_distance_patches,32,32,7.173658776108406,7.166348684507076,7.180812375599596
reach-wall,1,6,5,temporal_distance_frames,32,32,0.24458294764534597,0.2440515321700332,0.24508564905450111
reach-wall,1,6,5,conditioning_mass,32,32,0.0,0.0,0.0
reach-wall,1,6,5,visual_mass,32,32,0.9999999920837581,0.999999989522621,0.9999999946448952
reach-wall,1,6,6,spatial_distance_patches,32,32,8.016944592868848,8.006013459212342,8.028041971355632
reach-wall,1,6,6,temporal_distance_frames,32,32,0.1551302916822432,0.15453464546118875,0.15570325344589456
reach-wall,1,6,6,conditioning_mass,32,32,0.0,0.0,0.0
reach-wall,1,6,6,visual_mass,32,32,0.9999999960418791,0.9999999932479113,0.9999999988358468
reach-wall,1,6,7,spatial_distance_patches,32,32,8.036987377534743,8.027227351815572,8.045818613775907
reach-wall,1,6,7,temporal_distance_frames,32,32,0.21923145396376795,0.21843740781055138,0.22000361955963438
reach-wall,1,6,7,conditioning_mass,32,32,0.0,0.0,0.0
reach-wall,1,6,7,visual_mass,32,32,0.9999999946448952,0.9999999925494194,0.999999996740371
reach-wall,1,6,8,spatial_distance_patches,32,32,7.416593922487511,7.409368736419696,7.4244296413550535
reach-wall,1,6,8,temporal_distance_frames,32,32,0.2261636397762782,0.22578107451198035,0.22654160963647665
reach-wall,1,6,8,conditioning_mass,32,32,0.0,0.0,0.0
reach-wall,1,6,8,visual_mass,32,32,0.9999999939464033,0.9999999913852662,0.9999999962747097
reach-wall,1,6,9,spatial_distance_patches,32,32,8.342853538757442,8.337787017251541,8.347454906576798
reach-wall,1,6,9,temporal_distance_frames,32,32,0.09883731137647392,0.09830232407129907,0.0993353326314245
reach-wall,1,6,9,conditioning_mass,32,32,0.0,0.0,0.0
reach-wall,1,6,9,visual_mass,32,32,0.9999999944120646,0.9999999923165888,0.999999996740371
reach-wall,1,6,10,spatial_distance_patches,32,32,7.7103906372330755,7.705635732931864,7.715540170418275
reach-wall,1,6,10,temporal_distance_frames,32,32,0.1074062821173761,0.10670945297273367,0.10806909978655084
reach-wall,1,6,10,conditioning_mass,32,32,0.0,0.0,0.0
reach-wall,1,6,10,visual_mass,32,32,0.9999999953433871,0.9999999930150807,0.9999999974388629
reach-wall,1,6,11,spatial_distance_patches,32,32,7.360798495793265,7.349277066110851,7.371587813386137
reach-wall,1,6,11,temporal_distance_frames,32,32,0.024207279629466436,0.023936025593913828,0.024495272592987682
reach-wall,1,6,11,conditioning_mass,32,32,0.0,0.0,0.0
reach-wall,1,6,11,visual_mass,32,32,0.9999999955762178,0.999999993480742,0.9999999976716936
reach-wall,1,6,12,spatial_distance_patches,32,32,7.7454457883162995,7.734248416395938,7.756217109885891
reach-wall,1,6,12,temporal_distance_frames,32,32,0.21986660239895234,0.21922903070262642,0.22048362804434082
reach-wall,1,6,12,conditioning_mass,32,32,0.0,0.0,0.0
reach-wall,1,6,12,visual_mass,32,32,0.9999999944120646,0.9999999920837581,0.999999996740371
reach-wall,1,6,13,spatial_distance_patches,32,32,7.9948251228675495,7.987835014770908,8.001212935667656
reach-wall,1,6,13,temporal_distance_frames,32,32,0.34290935051289617,0.3421238271710161,0.34367497956047466
reach-wall,1,6,13,conditioning_mass,32,32,0.0,0.0,0.0
reach-wall,1,6,13,visual_mass,32,32,0.9999999932479113,0.9999999897554517,0.999999996740371
reach-wall,1,6,14,spatial_distance_patches,32,32,6.309564004092218,6.302072350793395,6.3169183294118625
reach-wall,1,6,14,temporal_distance_frames,32,32,0.1051823353698564,0.10445426441960086,0.10589617078566482
reach-wall,1,6,14,conditioning_mass,32,32,0.0,0.0,0.0
reach-wall,1,6,14,visual_mass,32,32,0.9999999913852662,0.9999999883584678,0.9999999941792339
reach-wall,1,6,15,spatial_distance_patches,32,32,7.499891655657853,7.490605155323671,7.509756900012044
reach-wall,1,6,15,temporal_distance_frames,32,32,0.11975474980684078,0.11896889918130993,0.1205486468966695
reach-wall,1,6,15,conditioning_mass,32,32,0.0,0.0,0.0
reach-wall,1,6,15,visual_mass,32,32,0.99999999278225,0.9999999909196049,0.9999999946448952
reach-wall,2,1,0,spatial_distance_patches,32,32,7.059868121810116,7.051467773255956,7.068662009379322
reach-wall,2,1,0,temporal_distance_frames,32,32,0.0,0.0,0.0
reach-wall,2,1,0,conditioning_mass,32,32,0.0,0.0,0.0
reach-wall,2,1,0,visual_mass,32,32,0.9999999944120646,0.9999999911524355,0.9999999972060323
reach-wall,2,1,1,spatial_distance_patches,32,32,6.548946815120553,6.543235765335772,6.554212608642038
reach-wall,2,1,1,temporal_distance_frames,32,32,0.0,0.0,0.0
reach-wall,2,1,1,conditioning_mass,32,32,0.0,0.0,0.0
reach-wall,2,1,1,visual_mass,32,32,0.9999999939464033,0.9999999911524355,0.999999996740371
reach-wall,2,1,2,spatial_distance_patches,32,32,6.580837954708711,6.57330654361938,6.588745244352534
reach-wall,2,1,2,temporal_distance_frames,32,32,0.0,0.0,0.0
reach-wall,2,1,2,conditioning_mass,32,32,0.0,0.0,0.0
reach-wall,2,1,2,visual_mass,32,32,0.9999999953433871,0.9999999925494194,0.9999999976716936
reach-wall,2,1,3,spatial_distance_patches,32,32,6.32683191707126,6.314727186345188,6.34028279958394
reach-wall,2,1,3,temporal_distance_frames,32,32,0.0,0.0,0.0
reach-wall,2,1,3,conditioning_mass,32,32,0.0,0.0,0.0
reach-wall,2,1,3,visual_mass,32,32,0.9999999948777258,0.9999999911524355,0.9999999986030161
reach-wall,2,1,4,spatial_distance_patches,32,32,7.94599656360413,7.930890393703753,7.960608440409954
reach-wall,2,1,4,temporal_distance_frames,32,32,0.0,0.0,0.0
reach-wall,2,1,4,conditioning_mass,32,32,0.0,0.0,0.0
reach-wall,2,1,4,visual_mass,32,32,0.9999999953433871,0.9999999906867743,1.0
reach-wall,2,1,5,spatial_distance_patches,32,32,7.2272562620104,7.207964198513861,7.246855967715576
reach-wall,2,1,5,temporal_distance_frames,32,32,0.0,0.0,0.0
reach-wall,2,1,5,conditioning_mass,32,32,0.0,0.0,0.0
reach-wall,2,1,5,visual_mass,32,32,0.9999999916180968,0.9999999864958227,0.999999996740371
reach-wall,2,1,6,spatial_distance_patches,32,32,7.9860845356274925,7.978577554217213,7.993016710470624
reach-wall,2,1,6,temporal_distance_frames,32,32,0.0,0.0,0.0
reach-wall,2,1,6,conditioning_mass,32,32,0.0,0.0,0.0
reach-wall,2,1,6,visual_mass,32,32,0.9999999930150807,0.999999990221113,0.9999999958090484
reach-wall,2,1,7,spatial_distance_patches,32,32,7.873233820180921,7.8617267205822525,7.885133236625726
reach-wall,2,1,7,temporal_distance_frames,32,32,0.0,0.0,0.0
reach-wall,2,1,7,conditioning_mass,32,32,0.0,0.0,0.0
reach-wall,2,1,7,visual_mass,32,32,0.9999999920837581,0.9999999888241291,0.9999999953433871
reach-wall,2,1,8,spatial_distance_patches,32,32,6.793055232736759,6.775026058929733,6.811592823996074
reach-wall,2,1,8,temporal_distance_frames,32,32,0.0,0.0,0.0
reach-wall,2,1,8,conditioning_mass,32,32,0.0,0.0,0.0
reach-wall,2,1,8,visual_mass,32,32,0.9999999939464033,0.9999999906867743,0.999999996740371
reach-wall,2,1,9,spatial_distance_patches,32,32,7.402805302093112,7.396339689242968,7.409291826885897
reach-wall,2,1,9,temporal_distance_frames,32,32,0.0,0.0,0.0
reach-wall,2,1,9,conditioning_mass,32,32,0.0,0.0,0.0
reach-wall,2,1,9,visual_mass,32,32,0.999999993480742,0.999999990221113,0.9999999962747097
reach-wall,2,1,10,spatial_distance_patches,32,32,6.946360360676303,6.933125481319031,6.9599670984295425
reach-wall,2,1,10,temporal_distance_frames,32,32,0.0,0.0,0.0
reach-wall,2,1,10,conditioning_mass,32,32,0.0,0.0,0.0
reach-wall,2,1,10,visual_mass,32,32,0.9999999962747097,0.999999993480742,0.9999999986030161
reach-wall,2,1,11,spatial_distance_patches,32,32,7.480167895382772,7.4730181094661985,7.487215236187617
reach-wall,2,1,11,temporal_distance_frames,32,32,0.0,0.0,0.0
reach-wall,2,1,11,conditioning_mass,32,32,0.0,0.0,0.0
reach-wall,2,1,11,visual_mass,32,32,0.9999999925494194,0.9999999888241291,0.9999999958090484
reach-wall,2,1,12,spatial_distance_patches,32,32,7.143833323487046,7.12791820223924,7.1601406445364795
reach-wall,2,1,12,temporal_distance_frames,32,32,0.0,0.0,0.0
reach-wall,2,1,12,conditioning_mass,32,32,0.0,0.0,0.0
reach-wall,2,1,12,visual_mass,32,32,0.9999999948777258,0.9999999916180968,0.9999999976716936
reach-wall,2,1,13,spatial_distance_patches,32,32,6.635888895562754,6.628555168004313,6.6432128884254835
reach-wall,2,1,13,temporal_distance_frames,32,32,0.0,0.0,0.0
reach-wall,2,1,13,conditioning_mass,32,32,0.0,0.0,0.0
reach-wall,2,1,13,visual_mass,32,32,0.9999999962747097,0.999999993480742,0.9999999986030161
reach-wall,2,1,14,spatial_distance_patches,32,32,7.255153637220426,7.235037063528515,7.27446336929046
reach-wall,2,1,14,temporal_distance_frames,32,32,0.0,0.0,0.0
reach-wall,2,1,14,conditioning_mass,32,32,0.0,0.0,0.0
reach-wall,2,1,14,visual_mass,32,32,0.9999999948777258,0.9999999911524355,0.9999999986030161
reach-wall,2,1,15,spatial_distance_patches,32,32,7.05301344417889,7.04742445838438,7.058742576013824
reach-wall,2,1,15,temporal_distance_frames,32,32,0.0,0.0,0.0
reach-wall,2,1,15,conditioning_mass,32,32,0.0,0.0,0.0
reach-wall,2,1,15,visual_mass,32,32,0.9999999962747097,0.9999999920837581,1.0
reach-wall,2,2,0,spatial_distance_patches,32,32,7.0687684875101375,7.0610350273293685,7.076829548905691
reach-wall,2,2,0,temporal_distance_frames,32,32,0.04803934327036859,0.04768699760450465,0.04839509976572093
reach-wall,2,2,0,conditioning_mass,32,32,0.0,0.0,0.0
reach-wall,2,2,0,visual_mass,32,32,0.9999999932479113,0.9999999909196049,0.9999999953433871
reach-wall,2,2,1,spatial_distance_patches,32,32,6.520255401028644,6.515263955062279,6.5248886526553855
reach-wall,2,2,1,temporal_distance_frames,32,32,0.004496987468382143,0.004415526361531713,0.004577506798291909
reach-wall,2,2,1,conditioning_mass,32,32,0.0,0.0,0.0
reach-wall,2,2,1,visual_mass,32,32,0.9999999932479113,0.9999999909196049,0.9999999955762178
reach-wall,2,2,2,spatial_distance_patches,32,32,6.608869236349012,6.602500187441654,6.6155902645738545
reach-wall,2,2,2,temporal_distance_frames,32,32,0.013212626448843637,0.01303462043681746,0.013403143802844294
reach-wall,2,2,2,conditioning_mass,32,32,0.0,0.0,0.0
reach-wall,2,2,2,visual_mass,32,32,0.9999999962747097,0.9999999946448952,0.9999999979045242
reach-wall,2,2,3,spatial_distance_patches,32,32,6.321389946525351,6.311063680893119,6.332853606962178
reach-wall,2,2,3,temporal_distance_frames,32,32,0.12302293388487806,0.12238960956785383,0.12362835796187474
reach-wall,2,2,3,conditioning_mass,32,32,0.0,0.0,0.0
reach-wall,2,2,3,visual_mass,32,32,0.9999999930150807,0.999999990221113,0.9999999955762178
reach-wall,2,2,4,spatial_distance_patches,32,32,8.03065660254713,8.01941227611169,8.041393412350459
reach-wall,2,2,4,temporal_distance_frames,32,32,0.017531022789784897,0.017302732616197945,0.017762577135792677
reach-wall,2,2,4,conditioning_mass,32,32,0.0,0.0,0.0
reach-wall,2,2,4,visual_mass,32,32,0.9999999918509275,0.9999999881256372,0.9999999953433871
reach-wall,2,2,5,spatial_distance_patches,32,32,7.186601122094133,7.166686283066049,7.206180630582996
reach-wall,2,2,5,temporal_distance_frames,32,32,0.20122182548061632,0.19891485121357277,0.20346784478947785
reach-wall,2,2,5,conditioning_mass,32,32,0.0,0.0,0.0
reach-wall,2,2,5,visual_mass,32,32,0.9999999923165888,0.9999999899882823,0.9999999944120646
reach-wall,2,2,6,spatial_distance_patches,32,32,8.031104646813615,8.023534340221568,8.03808069038271
reach-wall,2,2,6,temporal_distance_frames,32,32,0.2260958731337778,0.22504029634356282,0.22710279300281402
reach-wall,2,2,6,conditioning_mass,32,32,0.0,0.0,0.0
reach-wall,2,2,6,visual_mass,32,32,0.9999999939464033,0.9999999918509275,0.9999999960418791
reach-wall,2,2,7,spatial_distance_patches,32,32,7.937266999436927,7.928636521305607,7.946049195457457
reach-wall,2,2,7,temporal_distance_frames,32,32,0.17561947106389475,0.17480695587369183,0.17644491485656244
reach-wall,2,2,7,conditioning_mass,32,32,0.0,0.0,0.0
reach-wall,2,2,7,visual_mass,32,32,0.9999999930150807,0.9999999911524355,0.9999999948777258
reach-wall,2,2,8,spatial_distance_patches,32,32,6.829445771995017,6.8123679926402625,6.846853528956288
reach-wall,2,2,8,temporal_distance_frames,32,32,0.18309382529272,0.18247952115137328,0.18367596785867946
reach-wall,2,2,8,conditioning_mass,32,32,0.0,0.0,0.0
reach-wall,2,2,8,visual_mass,32,32,0.9999999920837581,0.9999999892897904,0.9999999946448952
reach-wall,2,2,9,spatial_distance_patches,32,32,7.348114337846691,7.3432303171666,7.353022372596694
reach-wall,2,2,9,temporal_distance_frames,32,32,0.04206135728357621,0.041791986437979316,0.04234166887965441
reach-wall,2,2,9,conditioning_mass,32,32,0.0,0.0,0.0
reach-wall,2,2,9,visual_mass,32,32,0.9999999944120646,0.99999999278225,0.9999999960418791
reach-wall,2,2,10,spatial_distance_patches,32,32,6.9401054243242495,6.926332376582985,6.953702681183463
reach-wall,2,2,10,temporal_distance_frames,32,32,0.20267926511784337,0.20207833094022756,0.2033174602657159
reach-wall,2,2,10,conditioning_mass,32,32,0.0,0.0,0.0
reach-wall,2,2,10,visual_mass,32,32,0.9999999939464033,0.9999999918509275,0.9999999960418791
reach-wall,2,2,11,spatial_distance_patches,32,32,7.474408240622703,7.468871274620946,7.479934773811644
reach-wall,2,2,11,temporal_distance_frames,32,32,0.039834727516460416,0.03945035754931018,0.040209920424627045
reach-wall,2,2,11,conditioning_mass,32,32,0.0,0.0,0.0
reach-wall,2,2,11,visual_mass,32,32,0.9999999958090484,0.9999999932479113,0.9999999983701855
reach-wall,2,2,12,spatial_distance_patches,32,32,7.2105037318946374,7.196016674385583,7.224957409416323
reach-wall,2,2,12,temporal_distance_frames,32,32,0.26291361639153576,0.26197585299536824,0.26381191907822
reach-wall,2,2,12,conditioning_mass,32,32,0.0,0.0,0.0
reach-wall,2,2,12,visual_mass,32,32,0.9999999941792339,0.9999999916180968,0.9999999965075403
reach-wall,2,2,13,spatial_distance_patches,32,32,6.644453690547005,6.639388631925916,6.649448975733266
reach-wall,2,2,13,temporal_distance_frames,32,32,0.048885366243580974,0.048469355786726696,0.04933222330281763
reach-wall,2,2,13,conditioning_mass,32,32,0.0,0.0,0.0
reach-wall,2,2,13,visual_mass,32,32,0.9999999939464033,0.9999999909196049,0.9999999962747097
reach-wall,2,2,14,spatial_distance_patches,32,32,7.306909083129932,7.287609759862289,7.325998077669951
reach-wall,2,2,14,temporal_distance_frames,32,32,0.09402916392264239,0.09329994245618502,0.0947641865148106
reach-wall,2,2,14,conditioning_mass,32,32,0.0,0.0,0.0
reach-wall,2,2,14,visual_mass,32,32,0.9999999955762178,0.9999999930150807,0.9999999981373549
reach-wall,2,2,15,spatial_distance_patches,32,32,7.087640601201829,7.082811982245295,7.092630277963446
reach-wall,2,2,15,temporal_distance_frames,32,32,0.06429553154850588,0.06373294067987022,0.06481372566385861
reach-wall,2,2,15,conditioning_mass,32,32,0.0,0.0,0.0
reach-wall,2,2,15,visual_mass,32,32,0.9999999948777258,0.9999999925494194,0.9999999972060323
reach-wall,2,3,0,spatial_distance_patches,32,32,7.061223939847521,7.053432756958668,7.069176024159573
reach-wall,2,3,0,temporal_distance_frames,32,32,0.049465879003065115,0.04911063124640392,0.04981915488288473
reach-wall,2,3,0,conditioning_mass,32,32,0.0,0.0,0.0
reach-wall,2,3,0,visual_mass,32,32,0.9999999948777258,0.9999999920837581,0.9999999976716936
reach-wall,2,3,1,spatial_distance_patches,32,32,6.515321839807013,6.511080632140074,6.519561888214634
reach-wall,2,3,1,temporal_distance_frames,32,32,0.0043601407863920775,0.004270842689381176,0.004448794703560996
reach-wall,2,3,1,conditioning_mass,32,32,0.0,0.0,0.0
reach-wall,2,3,1,visual_mass,32,32,0.9999999951105565,0.99999999278225,0.9999999972060323
reach-wall,2,3,2,spatial_distance_patches,32,32,6.608523637696962,6.602185700202439,6.615180570880196
reach-wall,2,3,2,temporal_distance_frames,32,32,0.013102478087161357,0.012899083622923463,0.013316048651740226
reach-wall,2,3,2,conditioning_mass,32,32,0.0,0.0,0.0
reach-wall,2,3,2,visual_mass,32,32,0.9999999951105565,0.9999999930150807,0.9999999969732016
reach-wall,2,3,3,spatial_distance_patches,32,32,6.342796011459225,6.333897456947256,6.352461610843852
reach-wall,2,3,3,temporal_distance_frames,32,32,0.12721284898853075,0.1266599798057922,0.127778815304505
reach-wall,2,3,3,conditioning_mass,32,32,0.0,0.0,0.0
reach-wall,2,3,3,visual_mass,32,32,0.9999999958090484,0.9999999932479113,0.9999999983701855
reach-wall,2,3,4,spatial_distance_patches,32,32,8.088481502996528,8.080179000335779,8.096168831044134
reach-wall,2,3,4,temporal_distance_frames,32,32,0.017342432830344964,0.017116691654541077,0.01755470957429463
reach-wall,2,3,4,conditioning_mass,32,32,0.0,0.0,0.0
reach-wall,2,3,4,visual_mass,32,32,0.9999999946448952,0.9999999911524355,0.9999999983701855
reach-wall,2,3,5,spatial_distance_patches,32,32,7.113832408497519,7.09287118389882,7.134136680812939
reach-wall,2,3,5,temporal_distance_frames,32,32,0.20979469569304005,0.20860827254937409,0.21088328615802707
reach-wall,2,3,5,conditioning_mass,32,32,0.0,0.0,0.0
reach-wall,2,3,5,visual_mass,32,32,0.999999993480742,0.9999999906867743,0.9999999965075403
reach-wall,2,3,6,spatial_distance_patches,32,32,8.04031646649699,8.03225106975668,8.047901527145044
reach-wall,2,3,6,temporal_distance_frames,32,32,0.22862498153373756,0.22789496955221097,0.22931459432585094
reach-wall,2,3,6,conditioning_mass,32,32,0.0,0.0,0.0
reach-wall,2,3,6,visual_mass,32,32,0.9999999941792339,0.9999999920837581,0.9999999960418791
reach-wall,2,3,7,spatial_distance_patches,32,32,8.062453704191372,8.057541561777283,8.067618979879686
reach-wall,2,3,7,temporal_distance_frames,32,32,0.17805471995271221,0.1775429733201713,0.1785627305189284
reach-wall,2,3,7,conditioning_mass,32,32,0.0,0.0,0.0
reach-wall,2,3,7,visual_mass,32,32,0.9999999962747097,0.9999999948777258,0.9999999976716936
reach-wall,2,3,8,spatial_distance_patches,32,32,6.796982158305353,6.781361152466145,6.812623506407236
reach-wall,2,3,8,temporal_distance_frames,32,32,0.19568650290794892,0.1952257963958013,0.19613841128729012
reach-wall,2,3,8,conditioning_mass,32,32,0.0,0.0,0.0
reach-wall,2,3,8,visual_mass,32,32,0.9999999925494194,0.999999989522621,0.9999999955762178
reach-wall,2,3,9,spatial_distance_patches,32,32,7.2669325992011675,7.263691435281363,7.2701148340866775
reach-wall,2,3,9,temporal_distance_frames,32,32,0.044080417563037766,0.04383362453134582,0.0443420495742864
reach-wall,2,3,9,conditioning_mass,32,32,0.0,0.0,0.0
reach-wall,2,3,9,visual_mass,32,32,0.9999999923165888,0.999999989522621,0.9999999951105565
reach-wall,2,3,10,spatial_distance_patches,32,32,6.922061352800084,6.905270463359808,6.93779673945182
reach-wall,2,3,10,temporal_distance_frames,32,32,0.20790221994680808,0.20719883014705348,0.20855521570512986
reach-wall,2,3,10,conditioning_mass,32,32,0.0,0.0,0.0
reach-wall,2,3,10,visual_mass,32,32,0.9999999955762178,0.99999999278225,0.9999999981373549
reach-wall,2,3,11,spatial_distance_patches,32,32,7.477981633383212,7.473402045348019,7.482660386589425
reach-wall,2,3,11,temporal_distance_frames,32,32,0.03570738875428635,0.03544609547770121,0.03597482701938677
reach-wall,2,3,11,conditioning_mass,32,32,0.0,0.0,0.0
reach-wall,2,3,11,visual_mass,32,32,0.9999999944120646,0.9999999918509275,0.9999999969732016
reach-wall,2,3,12,spatial_distance_patches,32,32,7.237663305291782,7.22494530447764,7.250694464511555
reach-wall,2,3,12,temporal_distance_frames,32,32,0.2588661200120277,0.25801385395003745,0.2597188492964361
reach-wall,2,3,12,conditioning_mass,32,32,0.0,0.0,0.0
reach-wall,2,3,12,visual_mass,32,32,0.9999999937135726,0.9999999911524355,0.9999999960418791
reach-wall,2,3,13,spatial_distance_patches,32,32,6.692022477130468,6.6883841621892826,6.695704880357266
reach-wall,2,3,13,temporal_distance_frames,32,32,0.04693879948135768,0.04662047141339285,0.04726699883331874
reach-wall,2,3,13,conditioning_mass,32,32,0.0,0.0,0.0
reach-wall,2,3,13,visual_mass,32,32,0.999999993480742,0.9999999904539436,0.9999999962747097
reach-wall,2,3,14,spatial_distance_patches,32,32,7.3372050260538195,7.312653298274455,7.360706686472361
reach-wall,2,3,14,temporal_distance_frames,32,32,0.0971933165315525,0.09661185950581205,0.09776624704658451
reach-wall,2,3,14,conditioning_mass,32,32,0.0,0.0,0.0
reach-wall,2,3,14,visual_mass,32,32,0.9999999939464033,0.9999999911524355,0.9999999965075403
reach-wall,2,3,15,spatial_distance_patches,32,32,7.1419637406107785,7.13673777887429,7.147070642592807
reach-wall,2,3,15,temporal_distance_frames,32,32,0.06592992898098254,0.06536143593919604,0.06647611820286722
reach-wall,2,3,15,conditioning_mass,32,32,0.0,0.0,0.0
reach-wall,2,3,15,visual_mass,32,32,0.9999999932479113,0.9999999906867743,0.9999999955762178
reach-wall,2,4,0,spatial_distance_patches,32,32,7.048630162138764,7.039374676598809,7.0579772157619
reach-wall,2,4,0,temporal_distance_frames,32,32,0.050570577397384756,0.05020310210088481,0.05092967848250124
reach-wall,2,4,0,conditioning_mass,32,32,0.0,0.0,0.0
reach-wall,2,4,0,visual_mass,32,32,0.9999999951105565,0.9999999932479113,0.999999996740371
reach-wall,2,4,1,spatial_distance_patches,32,32,6.51289920529298,6.508743968021773,6.517088821083116
reach-wall,2,4,1,temporal_distance_frames,32,32,0.00438817646297476,0.0042968810005431825,0.004477254208742404
reach-wall,2,4,1,conditioning_mass,32,32,0.0,0.0,0.0
reach-wall,2,4,1,visual_mass,32,32,0.9999999951105565,0.99999999278225,0.9999999974388629
reach-wall,2,4,2,spatial_distance_patches,32,32,6.603028552559477,6.596372644426502,6.609718373708421
reach-wall,2,4,2,temporal_distance_frames,32,32,0.013067470201812332,0.012859792626898401,0.013289973390033497
reach-wall,2,4,2,conditioning_mass,32,32,0.0,0.0,0.0
reach-wall,2,4,2,visual_mass,32,32,0.9999999946448952,0.9999999920837581,0.9999999972060323
reach-wall,2,4,3,spatial_distance_patches,32,32,6.350378627325897,6.341648702583565,6.359695198664897
reach-wall,2,4,3,temporal_distance_frames,32,32,0.1278554921923551,0.12728421139964827,0.12845501223268468
reach-wall,2,4,3,conditioning_mass,32,32,0.0,0.0,0.0
reach-wall,2,4,3,visual_mass,32,32,0.999999993480742,0.9999999906867743,0.9999999962747097
reach-wall,2,4,4,spatial_distance_patches,32,32,8.12992855626025,8.12291373826654,8.136410385591882
reach-wall,2,4,4,temporal_distance_frames,32,32,0.016550599660046274,0.016344336252163586,0.016738773194415704
reach-wall,2,4,4,conditioning_mass,32,32,0.0,0.0,0.0
reach-wall,2,4,4,visual_mass,32,32,0.99999999278225,0.9999999897554517,0.9999999962747097
reach-wall,2,4,5,spatial_distance_patches,32,32,7.120509905127371,7.099917253210611,7.141082808769118
reach-wall,2,4,5,temporal_distance_frames,32,32,0.20631673260520056,0.20526676832758944,0.20729574075388263
reach-wall,2,4,5,conditioning_mass,32,32,0.0,0.0,0.0
reach-wall,2,4,5,visual_mass,32,32,0.9999999930150807,0.9999999904539436,0.9999999955762178
reach-wall,2,4,6,spatial_distance_patches,32,32,8.02837927653609,8.020746136862531,8.035261874179591
reach-wall,2,4,6,temporal_distance_frames,32,32,0.2249634667541504,0.2242682252427474,0.22560748034394504
reach-wall,2,4,6,conditioning_mass,32,32,0.0,0.0,0.0
reach-wall,2,4,6,visual_mass,32,32,0.9999999953433871,0.999999993480742,0.9999999972060323
reach-wall,2,4,7,spatial_distance_patches,32,32,8.127108626868733,8.121960719292915,8.132709360301646
reach-wall,2,4,7,temporal_distance_frames,32,32,0.17744383785382584,0.17692004766714384,0.17791658872398794
reach-wall,2,4,7,conditioning_mass,32,32,0.0,0.0,0.0
reach-wall,2,4,7,visual_mass,32,32,0.999999993480742,0.9999999909196049,0.9999999958090484
reach-wall,2,4,8,spatial_distance_patches,32,32,6.7759093377712345,6.7597614438927955,6.7916664107914775
reach-wall,2,4,8,temporal_distance_frames,32,32,0.19661620716189893,0.19613511027397207,0.1970990773155339
reach-wall,2,4,8,conditioning_mass,32,32,0.0,0.0,0.0
reach-wall,2,4,8,visual_mass,32,32,0.9999999951105565,0.9999999930150807,0.9999999972060323
reach-wall,2,4,9,spatial_distance_patches,32,32,7.243103094075869,7.239885300509021,7.246226034948664
reach-wall,2,4,9,temporal_distance_frames,32,32,0.04693813970960426,0.04670207164069701,0.04718176956116422
reach-wall,2,4,9,conditioning_mass,32,32,0.0,0.0,0.0
reach-wall,2,4,9,visual_mass,32,32,0.9999999946448952,0.9999999925494194,0.999999996740371
reach-wall,2,4,10,spatial_distance_patches,32,32,6.8872417785552535,6.864122620119187,6.907982600920105
reach-wall,2,4,10,temporal_distance_frames,32,32,0.20603862154560781,0.2052587942334784,0.20674840861385363
reach-wall,2,4,10,conditioning_mass,32,32,0.0,0.0,0.0
reach-wall,2,4,10,visual_mass,32,32,0.9999999946448952,0.9999999911524355,0.9999999979045242
reach-wall,2,4,11,spatial_distance_patches,32,32,7.471954798969055,7.466522310429849,7.477795942250222
reach-wall,2,4,11,temporal_distance_frames,32,32,0.03552806039777211,0.03522420771158886,0.03582813894959358
reach-wall,2,4,11,conditioning_mass,32,32,0.0,0.0,0.0
reach-wall,2,4,11,visual_mass,32,32,0.9999999941792339,0.9999999920837581,0.9999999962747097
reach-wall,2,4,12,spatial_distance_patches,32,32,7.269244060518524,7.2567963968985465,7.28243469704007
reach-wall,2,4,12,temporal_distance_frames,32,32,0.2606324935491787,0.25994246763807494,0.26131239017093677
reach-wall,2,4,12,conditioning_mass,32,32,0.0,0.0,0.0
reach-wall,2,4,12,visual_mass,32,32,0.9999999932479113,0.9999999906867743,0.9999999958090484
reach-wall,2,4,13,spatial_distance_patches,32,32,6.7203854837327075,6.716446590609395,6.72444215187976
reach-wall,2,4,13,temporal_distance_frames,32,32,0.047960906378551584,0.0476890355958365,0.04823894705587411
reach-wall,2,4,13,conditioning_mass,32,32,0.0,0.0,0.0
reach-wall,2,4,13,visual_mass,32,32,0.9999999951105565,0.999999993480742,0.999999996740371
reach-wall,2,4,14,spatial_distance_patches,32,32,7.336560569455196,7.309352841610096,7.362780802479424
reach-wall,2,4,14,temporal_distance_frames,32,32,0.09560019168250253,0.09483385877774364,0.0963627769659563
reach-wall,2,4,14,conditioning_mass,32,32,0.0,0.0,0.0
reach-wall,2,4,14,visual_mass,32,32,0.9999999941792339,0.9999999913852662,0.9999999969732016
reach-wall,2,4,15,spatial_distance_patches,32,32,7.185653218718558,7.179505617495734,7.191903761865101
reach-wall,2,4,15,temporal_distance_frames,32,32,0.06571185871064497,0.06506734505774936,0.06633618396128235
reach-wall,2,4,15,conditioning_mass,32,32,0.0,0.0,0.0
reach-wall,2,4,15,visual_mass,32,32,0.9999999951105565,0.99999999278225,0.9999999972060323
reach-wall,2,5,0,spatial_distance_patches,32,32,7.0340834424646825,7.023039616805623,7.045287469388439
reach-wall,2,5,0,temporal_distance_frames,32,32,0.05168694882830019,0.051285447850620815,0.0520726163867869
reach-wall,2,5,0,conditioning_mass,32,32,0.0,0.0,0.0
reach-wall,2,5,0,visual_mass,32,32,0.9999999939464033,0.9999999916180968,0.9999999960418791
reach-wall,2,5,1,spatial_distance_patches,32,32,6.5188656421289535,6.514635800556277,6.523153721568331
reach-wall,2,5,1,temporal_distance_frames,32,32,0.004393078246887728,0.004306394793165856,0.004476964072679637
reach-wall,2,5,1,conditioning_mass,32,32,0.0,0.0,0.0
reach-wall,2,5,1,visual_mass,32,32,0.9999999955762178,0.99999999278225,0.9999999981373549
reach-wall,2,5,2,spatial_distance_patches,32,32,6.605640124423421,6.599211651771299,6.612139408198351
reach-wall,2,5,2,temporal_distance_frames,32,32,0.013052106759346694,0.012838404832551593,0.013276329975676395
reach-wall,2,5,2,conditioning_mass,32,32,0.0,0.0,0.0
reach-wall,2,5,2,visual_mass,32,32,0.9999999932479113,0.9999999909196049,0.9999999953433871
reach-wall,2,5,3,spatial_distance_patches,32,32,6.3604817525317845,6.352054792940921,6.369239592154982
reach-wall,2,5,3,temporal_distance_frames,32,32,0.12817873153071366,0.1276541351916834,0.12873196287759636
reach-wall,2,5,3,conditioning_mass,32,32,0.0,0.0,0.0
reach-wall,2,5,3,visual_mass,32,32,0.9999999923165888,0.9999999892897904,0.9999999951105565
reach-wall,2,5,4,spatial_distance_patches,32,32,8.146603484456044,8.140568517598066,8.152227971362834
reach-wall,2,5,4,temporal_distance_frames,32,32,0.016800718645157725,0.016549547141110437,0.017046940263170617
reach-wall,2,5,4,conditioning_mass,32,32,0.0,0.0,0.0
reach-wall,2,5,4,visual_mass,32,32,0.9999999951105565,0.9999999925494194,0.9999999976716936
reach-wall,2,5,5,spatial_distance_patches,32,32,7.12647685230005,7.104695967048497,7.148263094116931
reach-wall,2,5,5,temporal_distance_frames,32,32,0.2058836368433776,0.2048353090946246,0.20685648748153374
reach-wall,2,5,5,conditioning_mass,32,32,0.0,0.0,0.0
reach-wall,2,5,5,visual_mass,32,32,0.9999999937135726,0.9999999909196049,0.9999999965075403
reach-wall,2,5,6,spatial_distance_patches,32,32,8.022007854744732,8.013793250316612,8.02916412092358
reach-wall,2,5,6,temporal_distance_frames,32,32,0.22311639575296888,0.22238069100995841,0.22377915368575657
reach-wall,2,5,6,conditioning_mass,32,32,0.0,0.0,0.0
reach-wall,2,5,6,visual_mass,32,32,0.9999999953433871,0.9999999930150807,0.9999999976716936
reach-wall,2,5,7,spatial_distance_patches,32,32,8.145963008457041,8.13996732950137,8.152546141719887
reach-wall,2,5,7,temporal_distance_frames,32,32,0.17859312947796546,0.1780860719185018,0.17906583360050474
reach-wall,2,5,7,conditioning_mass,32,32,0.0,0.0,0.0
reach-wall,2,5,7,visual_mass,32,32,0.9999999939464033,0.9999999913852662,0.9999999962747097
reach-wall,2,5,8,spatial_distance_patches,32,32,6.771823674494096,6.754921406310632,6.788245927746626
reach-wall,2,5,8,temporal_distance_frames,32,32,0.19915241333025863,0.19867888947558837,0.1996375737560245
reach-wall,2,5,8,conditioning_mass,32,32,0.0,0.0,0.0
reach-wall,2,5,8,visual_mass,32,32,0.9999999939464033,0.9999999913852662,0.9999999962747097
reach-wall,2,5,9,spatial_distance_patches,32,32,7.232401243071793,7.228820509894316,7.235894815704778
reach-wall,2,5,9,temporal_distance_frames,32,32,0.04831910931369074,0.04805565396508711,0.048574745280946886
reach-wall,2,5,9,conditioning_mass,32,32,0.0,0.0,0.0
reach-wall,2,5,9,visual_mass,32,32,0.999999993480742,0.9999999911524355,0.9999999958090484
reach-wall,2,5,10,spatial_distance_patches,32,32,6.862597694736976,6.832871948073839,6.8888263311202795
reach-wall,2,5,10,temporal_distance_frames,32,32,0.20654803953378864,0.2057858521455643,0.2072599024920728
reach-wall,2,5,10,conditioning_mass,32,32,0.0,0.0,0.0
reach-wall,2,5,10,visual_mass,32,32,0.9999999951105565,0.999999993480742,0.999999996740371
reach-wall,2,5,11,spatial_distance_patches,32,32,7.464880331218364,7.45885767787944,7.471433866346647
reach-wall,2,5,11,temporal_distance_frames,32,32,0.035423385370802356,0.03516129650923116,0.035690887853266816
reach-wall,2,5,11,conditioning_mass,32,32,0.0,0.0,0.0
reach-wall,2,5,11,visual_mass,32,32,0.9999999944120646,0.9999999916180968,0.9999999969732016
reach-wall,2,5,12,spatial_distance_patches,32,32,7.296783915970586,7.284595308816977,7.310061579271689
reach-wall,2,5,12,temporal_distance_frames,32,32,0.2615328420812014,0.2609747090542912,0.2620815208567824
reach-wall,2,5,12,conditioning_mass,32,32,0.0,0.0,0.0
reach-wall,2,5,12,visual_mass,32,32,0.9999999937135726,0.9999999911524355,0.9999999962747097
reach-wall,2,5,13,spatial_distance_patches,32,32,6.736202524477948,6.731673682783545,6.740880918590592
reach-wall,2,5,13,temporal_distance_frames,32,32,0.04818190842051938,0.04794521498554532,0.04842359977760082
reach-wall,2,5,13,conditioning_mass,32,32,0.0,0.0,0.0
reach-wall,2,5,13,visual_mass,32,32,0.9999999937135726,0.9999999911524355,0.9999999960418791
reach-wall,2,5,14,spatial_distance_patches,32,32,7.367467248050458,7.339742089132581,7.394081509427124
reach-wall,2,5,14,temporal_distance_frames,32,32,0.09784672797556426,0.09713779612346436,0.0985256222852507
reach-wall,2,5,14,conditioning_mass,32,32,0.0,0.0,0.0
reach-wall,2,5,14,visual_mass,32,32,0.9999999930150807,0.9999999904539436,0.9999999955762178
reach-wall,2,5,15,spatial_distance_patches,32,32,7.214357329795293,7.206260421582834,7.222864064223016
reach-wall,2,5,15,temporal_distance_frames,32,32,0.06635446893095712,0.06565924717282069,0.0670372804585374
reach-wall,2,5,15,conditioning_mass,32,32,0.0,0.0,0.0
reach-wall,2,5,15,visual_mass,32,32,0.9999999955762178,0.9999999930150807,0.9999999979045242
reach-wall,2,6,0,spatial_distance_patches,32,32,7.028116212141214,7.0164255412074095,7.040004601778152
reach-wall,2,6,0,temporal_distance_frames,32,32,0.052225648710421485,0.05183328095388065,0.05260989967175497
reach-wall,2,6,0,conditioning_mass,32,32,0.0,0.0,0.0
reach-wall,2,6,0,visual_mass,32,32,0.9999999951105565,0.99999999278225,0.9999999974388629
reach-wall,2,6,1,spatial_distance_patches,32,32,6.528100648625008,6.523649256408797,6.532574224334173
reach-wall,2,6,1,temporal_distance_frames,32,32,0.004451995709257963,0.0043652037159899,0.004535802445754875
reach-wall,2,6,1,conditioning_mass,32,32,0.0,0.0,0.0
reach-wall,2,6,1,visual_mass,32,32,0.9999999960418791,0.9999999941792339,0.9999999976716936
reach-wall,2,6,2,spatial_distance_patches,32,32,6.608450271754721,6.602134733227031,6.614864654628619
reach-wall,2,6,2,temporal_distance_frames,32,32,0.012919820456425537,0.012696979399575944,0.013147200174121465
reach-wall,2,6,2,conditioning_mass,32,32,0.0,0.0,0.0
reach-wall,2,6,2,visual_mass,32,32,0.9999999937135726,0.9999999913852662,0.9999999958090484
reach-wall,2,6,3,spatial_distance_patches,32,32,6.3726836980419765,6.364514027887696,6.381050323845436
reach-wall,2,6,3,temporal_distance_frames,32,32,0.12805767455489722,0.12751677544428439,0.12861410010793672
reach-wall,2,6,3,conditioning_mass,32,32,0.0,0.0,0.0
reach-wall,2,6,3,visual_mass,32,32,0.9999999918509275,0.9999999890569597,0.9999999946448952
reach-wall,2,6,4,spatial_distance_patches,32,32,8.164243300810504,8.158751406982212,8.16932180389957
reach-wall,2,6,4,temporal_distance_frames,32,32,0.01736448715662305,0.01707849104206973,0.017656297229921108
reach-wall,2,6,4,conditioning_mass,32,32,0.0,0.0,0.0
reach-wall,2,6,4,visual_mass,32,32,0.9999999918509275,0.9999999888241291,0.9999999946448952
reach-wall,2,6,5,spatial_distance_patches,32,32,7.136625149971931,7.111830124499716,7.1611157440667945
reach-wall,2,6,5,temporal_distance_frames,32,32,0.20280965321818112,0.20164982681359084,0.2039316963356875
reach-wall,2,6,5,conditioning_mass,32,32,0.0,0.0,0.0
reach-wall,2,6,5,visual_mass,32,32,0.9999999932479113,0.9999999904539436,0.9999999960418791
reach-wall,2,6,6,spatial_distance_patches,32,32,8.01114630336064,8.0023417143287,8.018669686514949
reach-wall,2,6,6,temporal_distance_frames,32,32,0.22171162574394934,0.22096401577103827,0.22237745100136563
reach-wall,2,6,6,conditioning_mass,32,32,0.0,0.0,0.0
reach-wall,2,6,6,visual_mass,32,32,0.999999993480742,0.9999999911524355,0.9999999955762178
reach-wall,2,6,7,spatial_distance_patches,32,32,8.152591629372786,8.146210477710026,8.159372852687481
reach-wall,2,6,7,temporal_distance_frames,32,32,0.17789176621587266,0.17731796844068223,0.17843751496918941
reach-wall,2,6,7,conditioning_mass,32,32,0.0,0.0,0.0
reach-wall,2,6,7,visual_mass,32,32,0.9999999972060323,0.9999999951105565,0.9999999993015081
reach-wall,2,6,8,spatial_distance_patches,32,32,6.782778350976664,6.765846792309089,6.799121496245273
reach-wall,2,6,8,temporal_distance_frames,32,32,0.20134631764443847,0.2008870910759299,0.20182617195519442
reach-wall,2,6,8,conditioning_mass,32,32,0.0,0.0,0.0
reach-wall,2,6,8,visual_mass,32,32,0.9999999925494194,0.9999999890569597,0.9999999958090484
reach-wall,2,6,9,spatial_distance_patches,32,32,7.224824828777583,7.22040950070059,7.229165835684605
reach-wall,2,6,9,temporal_distance_frames,32,32,0.04915186298402273,0.04891431629669369,0.04938403564391835
reach-wall,2,6,9,conditioning_mass,32,32,0.0,0.0,0.0
reach-wall,2,6,9,visual_mass,32,32,0.9999999948777258,0.9999999925494194,0.9999999972060323
reach-wall,2,6,10,spatial_distance_patches,32,32,6.846779964464693,6.812470613889826,6.87701093433635
reach-wall,2,6,10,temporal_distance_frames,32,32,0.20548310142708584,0.20471037202110434,0.20623708218187053
reach-wall,2,6,10,conditioning_mass,32,32,0.0,0.0,0.0
reach-wall,2,6,10,visual_mass,32,32,0.9999999948777258,0.9999999925494194,0.9999999974388629
reach-wall,2,6,11,spatial_distance_patches,32,32,7.450346807976286,7.444510102919442,7.456691295726427
reach-wall,2,6,11,temporal_distance_frames,32,32,0.03454731879809385,0.03430047280202858,0.034780278879792
reach-wall,2,6,11,conditioning_mass,32,32,0.0,0.0,0.0
reach-wall,2,6,11,visual_mass,32,32,0.9999999948777258,0.9999999923165888,0.9999999972060323
reach-wall,2,6,12,spatial_distance_patches,32,32,7.3116372765645865,7.299285007512527,7.3254995949502835
reach-wall,2,6,12,temporal_distance_frames,32,32,0.26203519604911296,0.2614947443036253,0.2625787540446399
reach-wall,2,6,12,conditioning_mass,32,32,0.0,0.0,0.0
reach-wall,2,6,12,visual_mass,32,32,0.9999999916180968,0.9999999897554517,0.999999993480742
reach-wall,2,6,13,spatial_distance_patches,32,32,6.744408377252968,6.739889792688114,6.7492596076014495
reach-wall,2,6,13,temporal_distance_frames,32,32,0.04835255631355294,0.04809687804861239,0.048616085363493
reach-wall,2,6,13,conditioning_mass,32,32,0.0,0.0,0.0
reach-wall,2,6,13,visual_mass,32,32,0.9999999946448952,0.9999999923165888,0.999999996740371
reach-wall,2,6,14,spatial_distance_patches,32,32,7.398441751003589,7.3709743762488955,7.424992378635634
reach-wall,2,6,14,temporal_distance_frames,32,32,0.09888556486630068,0.09822208914343279,0.09955075457609618
reach-wall,2,6,14,conditioning_mass,32,32,0.0,0.0,0.0
reach-wall,2,6,14,visual_mass,32,32,0.9999999946448952,0.9999999923165888,0.9999999969732016
reach-wall,2,6,15,spatial_distance_patches,32,32,7.241274414905284,7.231528905720311,7.251783828335163
reach-wall,2,6,15,temporal_distance_frames,32,32,0.06671794419593718,0.06591745596132104,0.06750781698617848
reach-wall,2,6,15,conditioning_mass,32,32,0.0,0.0,0.0
reach-wall,2,6,15,visual_mass,32,32,0.9999999955762178,0.9999999932479113,0.9999999979045242
reach-wall,3,1,0,spatial_distance_patches,32,32,6.066422311954576,6.060843141278896,6.07202422285086
reach-wall,3,1,0,temporal_distance_frames,32,32,0.0,0.0,0.0
reach-wall,3,1,0,conditioning_mass,32,32,0.0,0.0,0.0
reach-wall,3,1,0,visual_mass,32,32,0.9999999953433871,0.9999999920837581,0.9999999981373549
reach-wall,3,1,1,spatial_distance_patches,32,32,7.723014643589616,7.7166272514558285,7.728970987136129
reach-wall,3,1,1,temporal_distance_frames,32,32,0.0,0.0,0.0
reach-wall,3,1,1,conditioning_mass,32,32,0.0,0.0,0.0
reach-wall,3,1,1,visual_mass,32,32,0.9999999939464033,0.9999999892897904,0.9999999976716936
reach-wall,3,1,2,spatial_distance_patches,32,32,6.540869492349443,6.530128186110104,6.551448077936561
reach-wall,3,1,2,temporal_distance_frames,32,32,0.0,0.0,0.0
reach-wall,3,1,2,conditioning_mass,32,32,0.0,0.0,0.0
reach-wall,3,1,2,visual_mass,32,32,0.9999999944120646,0.9999999916180968,0.9999999972060323
reach-wall,3,1,3,spatial_distance_patches,32,32,7.875995277530169,7.863964809310053,7.887845346483616
reach-wall,3,1,3,temporal_distance_frames,32,32,0.0,0.0,0.0
reach-wall,3,1,3,conditioning_mass,32,32,0.0,0.0,0.0
reach-wall,3,1,3,visual_mass,32,32,0.999999993480742,0.9999999892897904,0.9999999972060323
reach-wall,3,1,4,spatial_distance_patches,32,32,7.015254479033248,7.007437543032617,7.022778447291331
reach-wall,3,1,4,temporal_distance_frames,32,32,0.0,0.0,0.0
reach-wall,3,1,4,conditioning_mass,32,32,0.0,0.0,0.0
reach-wall,3,1,4,visual_mass,32,32,0.9999999925494194,0.9999999892897904,0.9999999958090484
reach-wall,3,1,5,spatial_distance_patches,32,32,6.7739281091619805,6.7633430530991925,6.7841779684475085
reach-wall,3,1,5,temporal_distance_frames,32,32,0.0,0.0,0.0
reach-wall,3,1,5,conditioning_mass,32,32,0.0,0.0,0.0
reach-wall,3,1,5,visual_mass,32,32,0.9999999906867743,0.999999986961484,0.9999999939464033
reach-wall,3,1,6,spatial_distance_patches,32,32,7.3837990259120145,7.375670412765426,7.3912723208943305
reach-wall,3,1,6,temporal_distance_frames,32,32,0.0,0.0,0.0
reach-wall,3,1,6,conditioning_mass,32,32,0.0,0.0,0.0
reach-wall,3,1,6,visual_mass,32,32,0.9999999911524355,0.999999986961484,0.9999999948777258
reach-wall,3,1,7,spatial_distance_patches,32,32,7.385786245698449,7.378193517605129,7.393388122884581
reach-wall,3,1,7,temporal_distance_frames,32,32,0.0,0.0,0.0
reach-wall,3,1,7,conditioning_mass,32,32,0.0,0.0,0.0
reach-wall,3,1,7,visual_mass,32,32,0.9999999925494194,0.9999999888241291,0.9999999958090484
reach-wall,3,1,8,spatial_distance_patches,32,32,6.918512233273329,6.90420833076517,6.932961698678104
reach-wall,3,1,8,temporal_distance_frames,32,32,0.0,0.0,0.0
reach-wall,3,1,8,conditioning_mass,32,32,0.0,0.0,0.0
reach-wall,3,1,8,visual_mass,32,32,0.9999999972060323,0.9999999930150807,1.0000000009313226
reach-wall,3,1,9,spatial_distance_patches,32,32,7.502999298544598,7.4953171178196705,7.510464809553786
reach-wall,3,1,9,temporal_distance_frames,32,32,0.0,0.0,0.0
reach-wall,3,1,9,conditioning_mass,32,32,0.0,0.0,0.0
reach-wall,3,1,9,visual_mass,32,32,0.9999999930150807,0.9999999883584678,0.9999999976716936
reach-wall,3,1,10,spatial_distance_patches,32,32,7.705699989678024,7.699240763841572,7.71184585948414
reach-wall,3,1,10,temporal_distance_frames,32,32,0.0,0.0,0.0
reach-wall,3,1,10,conditioning_mass,32,32,0.0,0.0,0.0
reach-wall,3,1,10,visual_mass,32,32,0.9999999939464033,0.9999999911524355,0.999999996740371
reach-wall,3,1,11,spatial_distance_patches,32,32,7.153241338682863,7.130991630089192,7.174498680387589
reach-wall,3,1,11,temporal_distance_frames,32,32,0.0,0.0,0.0
reach-wall,3,1,11,conditioning_mass,32,32,0.0,0.0,0.0
reach-wall,3,1,11,visual_mass,32,32,0.9999999939464033,0.9999999892897904,0.9999999981373549
reach-wall,3,1,12,spatial_distance_patches,32,32,9.048665838893712,9.038661223920462,9.05814455210013
reach-wall,3,1,12,temporal_distance_frames,32,32,0.0,0.0,0.0
reach-wall,3,1,12,conditioning_mass,32,32,0.0,0.0,0.0
reach-wall,3,1,12,visual_mass,32,32,0.9999999906867743,0.9999999874271452,0.9999999939464033
reach-wall,3,1,13,spatial_distance_patches,32,32,7.724227155453562,7.71624867574734,7.732586130512995
reach-wall,3,1,13,temporal_distance_frames,32,32,0.0,0.0,0.0
reach-wall,3,1,13,conditioning_mass,32,32,0.0,0.0,0.0
reach-wall,3,1,13,visual_mass,32,32,0.9999999962747097,0.999999993480742,0.9999999986030161
reach-wall,3,1,14,spatial_distance_patches,32,32,6.216397766812314,6.209365976690935,6.223564576973166
reach-wall,3,1,14,temporal_distance_frames,32,32,0.0,0.0,0.0
reach-wall,3,1,14,conditioning_mass,32,32,0.0,0.0,0.0
reach-wall,3,1,14,visual_mass,32,32,0.9999999962747097,0.9999999939464033,0.9999999981373549
reach-wall,3,1,15,spatial_distance_patches,32,32,7.589569171169179,7.581138395557449,7.597702071104056
reach-wall,3,1,15,temporal_distance_frames,32,32,0.0,0.0,0.0
reach-wall,3,1,15,conditioning_mass,32,32,0.0,0.0,0.0
reach-wall,3,1,15,visual_mass,32,32,0.999999993480742,0.9999999892897904,0.9999999976716936
reach-wall,3,2,0,spatial_distance_patches,32,32,6.067687671429878,6.062208844441008,6.07314883320851
reach-wall,3,2,0,temporal_distance_frames,32,32,0.0018598281709234887,0.0018229709555926165,0.0019007525038928514
reach-wall,3,2,0,conditioning_mass,32,32,0.0,0.0,0.0
reach-wall,3,2,0,visual_mass,32,32,0.9999999960418791,0.9999999939464033,0.9999999981373549
reach-wall,3,2,1,spatial_distance_patches,32,32,7.7032219094266345,7.697813568047247,7.708118771756889
reach-wall,3,2,1,temporal_distance_frames,32,32,0.0033987263152709148,0.0033297446245793044,0.0034683036555102267
reach-wall,3,2,1,conditioning_mass,32,32,0.0,0.0,0.0
reach-wall,3,2,1,visual_mass,32,32,0.99999999278225,0.999999990221113,0.9999999953433871
reach-wall,3,2,2,spatial_distance_patches,32,32,6.515751105482618,6.507045017686311,6.524200871691897
reach-wall,3,2,2,temporal_distance_frames,32,32,0.00978856809034067,0.00971354844682375,0.009867913959256458
reach-wall,3,2,2,conditioning_mass,32,32,0.0,0.0,0.0
reach-wall,3,2,2,visual_mass,32,32,0.9999999941792339,0.9999999918509275,0.9999999965075403
reach-wall,3,2,3,spatial_distance_patches,32,32,7.867860707791305,7.856815383468101,7.878863768389657
reach-wall,3,2,3,temporal_distance_frames,32,32,0.20078743641033975,0.19981444196968945,0.20181740380807253
reach-wall,3,2,3,conditioning_mass,32,32,0.0,0.0,0.0
reach-wall,3,2,3,visual_mass,32,32,0.9999999955762178,0.999999993480742,0.9999999979045242
reach-wall,3,2,4,spatial_distance_patches,32,32,7.01616715239591,7.0094635591038825,7.022525715538579
reach-wall,3,2,4,temporal_distance_frames,32,32,0.017957444351909886,0.01758770601800422,0.018314823673459414
reach-wall,3,2,4,conditioning_mass,32,32,0.0,0.0,0.0
reach-wall,3,2,4,visual_mass,32,32,0.9999999939464033,0.999999990221113,0.9999999972060323
reach-wall,3,2,5,spatial_distance_patches,32,32,6.767980444040593,6.757876291685519,6.777577326812581
reach-wall,3,2,5,temporal_distance_frames,32,32,0.011176507917062102,0.010966076126307891,0.011393466421671225
reach-wall,3,2,5,conditioning_mass,32,32,0.0,0.0,0.0
reach-wall,3,2,5,visual_mass,32,32,0.9999999960418791,0.9999999941792339,0.9999999979045242
reach-wall,3,2,6,spatial_distance_patches,32,32,7.366046860374934,7.359223326047196,7.372405744511406
reach-wall,3,2,6,temporal_distance_frames,32,32,0.0025944639598550643,0.002530491886430216,0.0026557214146332516
reach-wall,3,2,6,conditioning_mass,32,32,0.0,0.0,0.0
reach-wall,3,2,6,visual_mass,32,32,0.999999993480742,0.9999999909196049,0.9999999960418791
reach-wall,3,2,7,spatial_distance_patches,32,32,7.375478369771946,7.36839263384664,7.382510600144184
reach-wall,3,2,7,temporal_distance_frames,32,32,0.004294574917715382,0.004130944995918351,0.004465690424012098
reach-wall,3,2,7,conditioning_mass,32,32,0.0,0.0,0.0
reach-wall,3,2,7,visual_mass,32,32,0.999999993480742,0.9999999911524355,0.9999999955762178
reach-wall,3,2,8,spatial_distance_patches,32,32,6.829789039705086,6.816835509485359,6.842137869540048
reach-wall,3,2,8,temporal_distance_frames,32,32,0.0042767378008590415,0.004183776970372273,0.004368073110207121
reach-wall,3,2,8,conditioning_mass,32,32,0.0,0.0,0.0
reach-wall,3,2,8,visual_mass,32,32,0.9999999944120646,0.9999999923165888,0.999999996740371
reach-wall,3,2,9,spatial_distance_patches,32,32,7.307864235817959,7.30010999784071,7.315350875696817
reach-wall,3,2,9,temporal_distance_frames,32,32,0.2903753870401017,0.2892284433539138,0.2915788026591441
reach-wall,3,2,9,conditioning_mass,32,32,0.0,0.0,0.0
reach-wall,3,2,9,visual_mass,32,32,0.9999999920837581,0.9999999878928065,0.9999999960418791
reach-wall,3,2,10,spatial_distance_patches,32,32,7.673776622895126,7.668278084514208,7.678984599825681
reach-wall,3,2,10,temporal_distance_frames,32,32,0.010544243845188508,0.010381838346358817,0.010706934473676648
reach-wall,3,2,10,conditioning_mass,32,32,0.0,0.0,0.0
reach-wall,3,2,10,visual_mass,32,32,0.9999999944120646,0.9999999918509275,0.999999996740371
reach-wall,3,2,11,spatial_distance_patches,32,32,7.0990643876001265,7.078183630485483,7.118672341611274
reach-wall,3,2,11,temporal_distance_frames,32,32,0.17441763667788399,0.1729157911721404,0.17592368811897857
reach-wall,3,2,11,conditioning_mass,32,32,0.0,0.0,0.0
reach-wall,3,2,11,visual_mass,32,32,0.9999999941792339,0.9999999916180968,0.999999996740371
reach-wall,3,2,12,spatial_distance_patches,32,32,9.042197743005355,9.03383013912017,9.050009096271912
reach-wall,3,2,12,temporal_distance_frames,32,32,0.03710310414682597,0.0367313723817758,0.037481654712199816
reach-wall,3,2,12,conditioning_mass,32,32,0.0,0.0,0.0
reach-wall,3,2,12,visual_mass,32,32,0.9999999932479113,0.9999999909196049,0.9999999953433871
reach-wall,3,2,13,spatial_distance_patches,32,32,7.673104014281721,7.666037996285525,7.680672086516703
reach-wall,3,2,13,temporal_distance_frames,32,32,0.06242660255291044,0.061745906914981566,0.06309781980920653
reach-wall,3,2,13,conditioning_mass,32,32,0.0,0.0,0.0
reach-wall,3,2,13,visual_mass,32,32,0.9999999944120646,0.9999999925494194,0.9999999962747097
reach-wall,3,2,14,spatial_distance_patches,32,32,6.204640488548659,6.198722425427477,6.210648465022282
reach-wall,3,2,14,temporal_distance_frames,32,32,0.0191573324847836,0.018885761405081823,0.019427173195385776
reach-wall,3,2,14,conditioning_mass,32,32,0.0,0.0,0.0
reach-wall,3,2,14,visual_mass,32,32,0.999999993480742,0.9999999906867743,0.9999999960418791
reach-wall,3,2,15,spatial_distance_patches,32,32,7.590998076171408,7.584286418333941,7.597504127330075
reach-wall,3,2,15,temporal_distance_frames,32,32,0.030098686581663824,0.02978481700716219,0.03040533282187491
reach-wall,3,2,15,conditioning_mass,32,32,0.0,0.0,0.0
reach-wall,3,2,15,visual_mass,32,32,0.9999999960418791,0.999999993480742,0.9999999988358468
reach-wall,3,3,0,spatial_distance_patches,32,32,6.066884482602683,6.061542493901207,6.072335822169042
reach-wall,3,3,0,temporal_distance_frames,32,32,0.001911061904802002,0.001871268976299064,0.00195360765067167
reach-wall,3,3,0,conditioning_mass,32,32,0.0,0.0,0.0
reach-wall,3,3,0,visual_mass,32,32,0.9999999953433871,0.9999999937135726,0.9999999969732016
reach-wall,3,3,1,spatial_distance_patches,32,32,7.697033079589726,7.692904821962021,7.700913544898209
reach-wall,3,3,1,temporal_distance_frames,32,32,0.003901467188370256,0.0038276546664942576,0.003976874238160267
reach-wall,3,3,1,conditioning_mass,32,32,0.0,0.0,0.0
reach-wall,3,3,1,visual_mass,32,32,0.9999999946448952,0.9999999925494194,0.999999996740371
reach-wall,3,3,2,spatial_distance_patches,32,32,6.51440267505331,6.505816718891448,6.523058964360846
reach-wall,3,3,2,temporal_distance_frames,32,32,0.009777552362654967,0.009707211450713415,0.009849284155875862
reach-wall,3,3,2,conditioning_mass,32,32,0.0,0.0,0.0
reach-wall,3,3,2,visual_mass,32,32,0.9999999953433871,0.9999999937135726,0.9999999969732016
reach-wall,3,3,3,spatial_distance_patches,32,32,7.9998761247914505,7.984557234116529,8.015213800423023
reach-wall,3,3,3,temporal_distance_frames,32,32,0.20265554288295545,0.20154713525649376,0.20375192885483076
reach-wall,3,3,3,conditioning_mass,32,32,0.0,0.0,0.0
reach-wall,3,3,3,visual_mass,32,32,0.9999999965075403,0.9999999946448952,0.9999999981373549
reach-wall,3,3,4,spatial_distance_patches,32,32,6.980954472101457,6.974881603487233,6.986767548630932
reach-wall,3,3,4,temporal_distance_frames,32,32,0.017745939386184247,0.017334449254760766,0.018153633650869756
reach-wall,3,3,4,conditioning_mass,32,32,0.0,0.0,0.0
reach-wall,3,3,4,visual_mass,32,32,0.9999999946448952,0.9999999923165888,0.999999996740371
reach-wall,3,3,5,spatial_distance_patches,32,32,6.757224228729596,6.746928471243777,6.766987645043893
reach-wall,3,3,5,temporal_distance_frames,32,32,0.0112013488477392,0.011041158122965555,0.011368536102217703
reach-wall,3,3,5,conditioning_mass,32,32,0.0,0.0,0.0
reach-wall,3,3,5,visual_mass,32,32,0.9999999944120646,0.9999999918509275,0.9999999969732016
reach-wall,3,3,6,spatial_distance_patches,32,32,7.364003070645849,7.357656658294121,7.369925101002863
reach-wall,3,3,6,temporal_distance_frames,32,32,0.002587352189841534,0.0025226232794588158,0.0026475249932380574
reach-wall,3,3,6,conditioning_mass,32,32,0.0,0.0,0.0
reach-wall,3,3,6,visual_mass,32,32,0.99999999278225,0.9999999904539436,0.9999999951105565
reach-wall,3,3,7,spatial_distance_patches,32,32,7.3718784736196135,7.3652165667409735,7.378657888730679
reach-wall,3,3,7,temporal_distance_frames,32,32,0.003884079519962477,0.00371282880990952,0.004062101805727385
reach-wall,3,3,7,conditioning_mass,32,32,0.0,0.0,0.0
reach-wall,3,3,7,visual_mass,32,32,0.9999999948777258,0.9999999923165888,0.9999999974388629
reach-wall,3,3,8,spatial_distance_patches,32,32,6.747580624906042,6.732507739819244,6.762636321354441
reach-wall,3,3,8,temporal_distance_frames,32,32,0.0044733317841747465,0.004385941291337919,0.004559937798700173
reach-wall,3,3,8,conditioning_mass,32,32,0.0,0.0,0.0
reach-wall,3,3,8,visual_mass,32,32,0.9999999953433871,0.9999999925494194,0.9999999979045242
reach-wall,3,3,9,spatial_distance_patches,32,32,7.472875108350568,7.464390282108292,7.481489062505595
reach-wall,3,3,9,temporal_distance_frames,32,32,0.2987580461883347,0.2978580144812425,0.29973328743086114
reach-wall,3,3,9,conditioning_mass,32,32,0.0,0.0,0.0
reach-wall,3,3,9,visual_mass,32,32,0.9999999916180968,0.9999999878928065,0.9999999953433871
reach-wall,3,3,10,spatial_distance_patches,32,32,7.631690891763174,7.626368189437348,7.636776397528845
reach-wall,3,3,10,temporal_distance_frames,32,32,0.010653224588931046,0.010517022504616117,0.010787033693276143
reach-wall,3,3,10,conditioning_mass,32,32,0.0,0.0,0.0
reach-wall,3,3,10,visual_mass,32,32,0.9999999958090484,0.9999999932479113,0.9999999983701855
reach-wall,3,3,11,spatial_distance_patches,32,32,7.023553543341592,7.002828306845833,7.042809129976994
reach-wall,3,3,11,temporal_distance_frames,32,32,0.1735837985399789,0.17238166850369194,0.17485097563981408
reach-wall,3,3,11,conditioning_mass,32,32,0.0,0.0,0.0
reach-wall,3,3,11,visual_mass,32,32,0.9999999948777258,0.9999999925494194,0.9999999969732016
reach-wall,3,3,12,spatial_distance_patches,32,32,9.019103417766948,9.012048291609906,9.025906488123226
reach-wall,3,3,12,temporal_distance_frames,32,32,0.03699573714678757,0.03670899721084442,0.03728094522893878
reach-wall,3,3,12,conditioning_mass,32,32,0.0,0.0,0.0
reach-wall,3,3,12,visual_mass,32,32,0.9999999939464033,0.9999999909196049,0.9999999969732016
reach-wall,3,3,13,spatial_distance_patches,32,32,7.562942645804664,7.5576197775415865,7.56849682600152
reach-wall,3,3,13,temporal_distance_frames,32,32,0.06280299399970214,0.06222105582032304,0.06339484826388575
reach-wall,3,3,13,conditioning_mass,32,32,0.0,0.0,0.0
reach-wall,3,3,13,visual_mass,32,32,0.9999999941792339,0.9999999916180968,0.999999996740371
reach-wall,3,3,14,spatial_distance_patches,32,32,6.171529437417632,6.1658855914436215,6.17728453011463
reach-wall,3,3,14,temporal_distance_frames,32,32,0.021430560893933512,0.021193474321849242,0.02165663538538984
reach-wall,3,3,14,conditioning_mass,32,32,0.0,0.0,0.0
reach-wall,3,3,14,visual_mass,32,32,0.9999999944120646,0.9999999923165888,0.9999999965075403
reach-wall,3,3,15,spatial_distance_patches,32,32,7.5910657726075526,7.584961463996548,7.596924838794241
reach-wall,3,3,15,temporal_distance_frames,32,32,0.032822212893272674,0.03250843167255571,0.03313270660558279
reach-wall,3,3,15,conditioning_mass,32,32,0.0,0.0,0.0
reach-wall,3,3,15,visual_mass,32,32,0.99999999278225,0.9999999892897904,0.9999999958090484
reach-wall,3,4,0,spatial_distance_patches,32,32,6.094647877451763,6.08894336052071,6.100437227470244
reach-wall,3,4,0,temporal_distance_frames,32,32,0.0018704689710644295,0.0018311904450962326,0.0019130065593671265
reach-wall,3,4,0,conditioning_mass,32,32,0.0,0.0,0.0
reach-wall,3,4,0,visual_mass,32,32,0.9999999944120646,0.9999999923165888,0.999999996740371
reach-wall,3,4,1,spatial_distance_patches,32,32,7.716361672084967,7.7115639709626596,7.720923428547395
reach-wall,3,4,1,temporal_distance_frames,32,32,0.0038679455536232907,0.003802286834921078,0.003936063938690191
reach-wall,3,4,1,conditioning_mass,32,32,0.0,0.0,0.0
reach-wall,3,4,1,visual_mass,32,32,0.9999999948777258,0.9999999930150807,0.9999999965075403
reach-wall,3,4,2,spatial_distance_patches,32,32,6.542147315844524,6.5308660593892744,6.553044491355375
reach-wall,3,4,2,temporal_distance_frames,32,32,0.009656302763009994,0.00957426802553799,0.009738699314683793
reach-wall,3,4,2,conditioning_mass,32,32,0.0,0.0,0.0
reach-wall,3,4,2,visual_mass,32,32,0.999999993480742,0.9999999906867743,0.9999999962747097
reach-wall,3,4,3,spatial_distance_patches,32,32,7.985668059247297,7.970571239107058,8.001261131564718
reach-wall,3,4,3,temporal_distance_frames,32,32,0.2002362910103349,0.19879326313630052,0.2016946404964662
reach-wall,3,4,3,conditioning_mass,32,32,0.0,0.0,0.0
reach-wall,3,4,3,visual_mass,32,32,0.9999999937135726,0.9999999906867743,0.9999999962747097
reach-wall,3,4,4,spatial_distance_patches,32,32,6.963496783783977,6.9574326307667675,6.9692992528968105
reach-wall,3,4,4,temporal_distance_frames,32,32,0.017122782203220017,0.01671090603063589,0.01753590016941366
reach-wall,3,4,4,conditioning_mass,32,32,0.0,0.0,0.0
reach-wall,3,4,4,visual_mass,32,32,0.9999999946448952,0.9999999918509275,0.9999999979045242
reach-wall,3,4,5,spatial_distance_patches,32,32,6.763335604809504,6.752913222034967,6.773064943626969
reach-wall,3,4,5,temporal_distance_frames,32,32,0.011201358968180756,0.011030502535155508,0.011376214412141527
reach-wall,3,4,5,conditioning_mass,32,32,0.0,0.0,0.0
reach-wall,3,4,5,visual_mass,32,32,0.9999999944120646,0.9999999920837581,0.9999999965075403
reach-wall,3,4,6,spatial_distance_patches,32,32,7.353400556822729,7.348010651934167,7.358626147103379
reach-wall,3,4,6,temporal_distance_frames,32,32,0.0024064781525913407,0.0023515763237889824,0.0024576823826785617
reach-wall,3,4,6,conditioning_mass,32,32,0.0,0.0,0.0
reach-wall,3,4,6,visual_mass,32,32,0.9999999920837581,0.9999999888241291,0.9999999951105565
reach-wall,3,4,7,spatial_distance_patches,32,32,7.381355983269816,7.374182430951077,7.388737450677706
reach-wall,3,4,7,temporal_distance_frames,32,32,0.0037024735136263935,0.003524694752556514,0.0038860222878175795
reach-wall,3,4,7,conditioning_mass,32,32,0.0,0.0,0.0
reach-wall,3,4,7,visual_mass,32,32,0.9999999955762178,0.9999999925494194,0.9999999981373549
reach-wall,3,4,8,spatial_distance_patches,32,32,6.752536814475402,6.735874868766136,6.769516024733612
reach-wall,3,4,8,temporal_distance_frames,32,32,0.004658456536247804,0.004567472500608263,0.00474893247203976
reach-wall,3,4,8,conditioning_mass,32,32,0.0,0.0,0.0
reach-wall,3,4,8,visual_mass,32,32,0.9999999953433871,0.9999999930150807,0.9999999976716936
reach-wall,3,4,9,spatial_distance_patches,32,32,7.477107024883063,7.4680263651508785,7.486090270898654
reach-wall,3,4,9,temporal_distance_frames,32,32,0.30187034948370683,0.3009728429182998,0.3028188373939031
reach-wall,3,4,9,conditioning_mass,32,32,0.0,0.0,0.0
reach-wall,3,4,9,visual_mass,32,32,0.9999999948777258,0.9999999909196049,0.9999999990686774
reach-wall,3,4,10,spatial_distance_patches,32,32,7.595632459390897,7.590187330585929,7.600798382799716
reach-wall,3,4,10,temporal_distance_frames,32,32,0.011238170828530871,0.011094475539298558,0.011379626190684276
reach-wall,3,4,10,conditioning_mass,32,32,0.0,0.0,0.0
reach-wall,3,4,10,visual_mass,32,32,0.9999999939464033,0.9999999918509275,0.9999999960418791
reach-wall,3,4,11,spatial_distance_patches,32,32,7.0025707563902975,6.981209655919745,7.0223517693888775
reach-wall,3,4,11,temporal_distance_frames,32,32,0.170302644782991,0.16912330961058114,0.1715370373160469
reach-wall,3,4,11,conditioning_mass,32,32,0.0,0.0,0.0
reach-wall,3,4,11,visual_mass,32,32,0.9999999913852662,0.9999999883584678,0.9999999944120646
reach-wall,3,4,12,spatial_distance_patches,32,32,9.01993465525615,9.012331664320639,9.027495401103975
reach-wall,3,4,12,temporal_distance_frames,32,32,0.03606726663611255,0.03583792592634685,0.0362952475216302
reach-wall,3,4,12,conditioning_mass,32,32,0.0,0.0,0.0
reach-wall,3,4,12,visual_mass,32,32,0.9999999953433871,0.9999999932479113,0.9999999974388629
reach-wall,3,4,13,spatial_distance_patches,32,32,7.524612943201559,7.517847660908757,7.531674538680366
reach-wall,3,4,13,temporal_distance_frames,32,32,0.0637974107351722,0.06309003335354313,0.06450594643494298
reach-wall,3,4,13,conditioning_mass,32,32,0.0,0.0,0.0
reach-wall,3,4,13,visual_mass,32,32,0.9999999932479113,0.9999999909196049,0.9999999953433871
reach-wall,3,4,14,spatial_distance_patches,32,32,6.160081099170467,6.153231873336023,6.166933155681313
reach-wall,3,4,14,temporal_distance_frames,32,32,0.02230834465029675,0.02208373761134562,0.022516339340174964
reach-wall,3,4,14,conditioning_mass,32,32,0.0,0.0,0.0
reach-wall,3,4,14,visual_mass,32,32,0.9999999946448952,0.9999999925494194,0.999999996740371
reach-wall,3,4,15,spatial_distance_patches,32,32,7.577958044657441,7.571766670876817,7.583933155253085
reach-wall,3,4,15,temporal_distance_frames,32,32,0.033055165662908004,0.032713328876278376,0.033397137608206715
reach-wall,3,4,15,conditioning_mass,32,32,0.0,0.0,0.0
reach-wall,3,4,15,visual_mass,32,32,0.999999993480742,0.999999990221113,0.9999999962747097
reach-wall,3,5,0,spatial_distance_patches,32,32,6.107002062576509,6.101107711802138,6.1128391473849755
reach-wall,3,5,0,temporal_distance_frames,32,32,0.0018971209421655604,0.0018546697842140398,0.0019430984798495783
reach-wall,3,5,0,conditioning_mass,32,32,0.0,0.0,0.0
reach-wall,3,5,0,visual_mass,32,32,0.9999999969732016,0.9999999948777258,0.9999999986088369
reach-wall,3,5,1,spatial_distance_patches,32,32,7.73723508675162,7.7319501814331275,7.742412272291991
reach-wall,3,5,1,temporal_distance_frames,32,32,0.003918015189385896,0.0038589414454166695,0.003981308145278051
reach-wall,3,5,1,conditioning_mass,32,32,0.0,0.0,0.0
reach-wall,3,5,1,visual_mass,32,32,0.9999999955762178,0.9999999932479113,0.9999999974388629
reach-wall,3,5,2,spatial_distance_patches,32,32,6.567951867336784,6.5562934671379045,6.5790786493194275
reach-wall,3,5,2,temporal_distance_frames,32,32,0.009642162307399057,0.00955061749729348,0.009733612748206392
reach-wall,3,5,2,conditioning_mass,32,32,0.0,0.0,0.0
reach-wall,3,5,2,visual_mass,32,32,0.9999999960418791,0.9999999939464033,0.9999999979045242
reach-wall,3,5,3,spatial_distance_patches,32,32,7.966481992829565,7.950436538922582,7.982985816553215
reach-wall,3,5,3,temporal_distance_frames,32,32,0.20039909495190011,0.19905383608110142,0.20177003458605286
reach-wall,3,5,3,conditioning_mass,32,32,0.0,0.0,0.0
reach-wall,3,5,3,visual_mass,32,32,0.9999999925494194,0.9999999892897904,0.9999999955762178
reach-wall,3,5,4,spatial_distance_patches,32,32,6.939498605261267,6.933273024821978,6.94559977759367
reach-wall,3,5,4,temporal_distance_frames,32,32,0.016475616261465653,0.016141563363401158,0.016803549867629157
reach-wall,3,5,4,conditioning_mass,32,32,0.0,0.0,0.0
reach-wall,3,5,4,visual_mass,32,32,0.9999999930150807,0.9999999909196049,0.9999999951105565
reach-wall,3,5,5,spatial_distance_patches,32,32,6.758335372054349,6.747141116858727,6.768682212669304
reach-wall,3,5,5,temporal_distance_frames,32,32,0.011502069777649818,0.011321630461977919,0.011681114271452131
reach-wall,3,5,5,conditioning_mass,32,32,0.0,0.0,0.0
reach-wall,3,5,5,visual_mass,32,32,0.9999999937135726,0.9999999913852662,0.9999999960418791
reach-wall,3,5,6,spatial_distance_patches,32,32,7.31551869404125,7.309682257834212,7.321119216433324
reach-wall,3,5,6,temporal_distance_frames,32,32,0.002372814706020479,0.002319031591301822,0.0024234213448314987
reach-wall,3,5,6,conditioning_mass,32,32,0.0,0.0,0.0
reach-wall,3,5,6,visual_mass,32,32,0.9999999946448952,0.9999999925494194,0.9999999965075403
reach-wall,3,5,7,spatial_distance_patches,32,32,7.3926171366226425,7.384677583599842,7.40092053976707
reach-wall,3,5,7,temporal_distance_frames,32,32,0.0037724596736092046,0.003577164946855328,0.003970665509763056
reach-wall,3,5,7,conditioning_mass,32,32,0.0,0.0,0.0
reach-wall,3,5,7,visual_mass,32,32,0.9999999913852662,0.9999999878928065,0.9999999946448952
reach-wall,3,5,8,spatial_distance_patches,32,32,6.755190602841953,6.735700964634532,6.775934393258627
reach-wall,3,5,8,temporal_distance_frames,32,32,0.004991589539068638,0.004881110467251626,0.005100241724486271
reach-wall,3,5,8,conditioning_mass,32,32,0.0,0.0,0.0
reach-wall,3,5,8,visual_mass,32,32,0.9999999920837581,0.999999989522621,0.9999999948777258
reach-wall,3,5,9,spatial_distance_patches,32,32,7.489000585667471,7.478047916716406,7.499776150906597
reach-wall,3,5,9,temporal_distance_frames,32,32,0.3039111267941719,0.30298500956982144,0.30486048174335306
reach-wall,3,5,9,conditioning_mass,32,32,0.0,0.0,0.0
reach-wall,3,5,9,visual_mass,32,32,0.9999999904539436,0.9999999876599759,0.9999999932479113
reach-wall,3,5,10,spatial_distance_patches,32,32,7.566600615653812,7.560739636635821,7.572071271410543
reach-wall,3,5,10,temporal_distance_frames,32,32,0.011949746368668943,0.011786782783512311,0.012116019133164957
reach-wall,3,5,10,conditioning_mass,32,32,0.0,0.0,0.0
reach-wall,3,5,10,visual_mass,32,32,0.9999999925494194,0.9999999899882823,0.9999999946448952
reach-wall,3,5,11,spatial_distance_patches,32,32,6.977810298590893,6.957027436081703,6.997254590829948
reach-wall,3,5,11,temporal_distance_frames,32,32,0.1679343906321294,0.16660688089750336,0.16923908989229852
reach-wall,3,5,11,conditioning_mass,32,32,0.0,0.0,0.0
reach-wall,3,5,11,visual_mass,32,32,0.9999999904539436,0.9999999881256372,0.99999999278225
reach-wall,3,5,12,spatial_distance_patches,32,32,9.014237609959729,9.006141179904905,9.022518622177884
reach-wall,3,5,12,temporal_distance_frames,32,32,0.03598709025765633,0.03576767517237706,0.036212282165238634
reach-wall,3,5,12,conditioning_mass,32,32,0.0,0.0,0.0
reach-wall,3,5,12,visual_mass,32,32,0.9999999932479113,0.9999999897554517,0.9999999962747097
reach-wall,3,5,13,spatial_distance_patches,32,32,7.495501374260824,7.48733682047495,7.50408917290014
reach-wall,3,5,13,temporal_distance_frames,32,32,0.06313716044088039,0.062208026154037165,0.06407419498403236
reach-wall,3,5,13,conditioning_mass,32,32,0.0,0.0,0.0
reach-wall,3,5,13,visual_mass,32,32,0.9999999951105565,0.99999999278225,0.9999999969732016
reach-wall,3,5,14,spatial_distance_patches,32,32,6.14288840007351,6.134440184074826,6.151341646700375
reach-wall,3,5,14,temporal_distance_frames,32,32,0.02349228578701097,0.02324560743232397,0.02372692871352375
reach-wall,3,5,14,conditioning_mass,32,32,0.0,0.0,0.0
reach-wall,3,5,14,visual_mass,32,32,0.9999999976716936,0.9999999953433871,1.0000000002328306
reach-wall,3,5,15,spatial_distance_patches,32,32,7.562043130962444,7.555211173696415,7.568600681573381
reach-wall,3,5,15,temporal_distance_frames,32,32,0.03374485428378424,0.033346961545296976,0.034136291484486644
reach-wall,3,5,15,conditioning_mass,32,32,0.0,0.0,0.0
reach-wall,3,5,15,visual_mass,32,32,0.99999999278225,0.999999990221113,0.9999999951105565
reach-wall,3,6,0,spatial_distance_patches,32,32,6.119646574024252,6.113526295959283,6.125544984220451
reach-wall,3,6,0,temporal_distance_frames,32,32,0.0019846500366833032,0.0019362558477870949,0.002037063417849984
reach-wall,3,6,0,conditioning_mass,32,32,0.0,0.0,0.0
reach-wall,3,6,0,visual_mass,32,32,0.9999999953433871,0.9999999930150807,0.9999999974388629
reach-wall,3,6,1,spatial_distance_patches,32,32,7.760131050194,7.754147996532357,7.766131124481542
reach-wall,3,6,1,temporal_distance_frames,32,32,0.0038426681652015495,0.003774168253437062,0.00391479590373599
reach-wall,3,6,1,conditioning_mass,32,32,0.0,0.0,0.0
reach-wall,3,6,1,visual_mass,32,32,0.999999993480742,0.9999999911524355,0.9999999955762178
reach-wall,3,6,2,spatial_distance_patches,32,32,6.600830504323396,6.590929089705827,6.6102219023614985
reach-wall,3,6,2,temporal_distance_frames,32,32,0.009768165837276785,0.009658594900040982,0.009881225333530213
reach-wall,3,6,2,conditioning_mass,32,32,0.0,0.0,0.0
reach-wall,3,6,2,visual_mass,32,32,0.9999999944120646,0.999999992310768,0.9999999965075403
reach-wall,3,6,3,spatial_distance_patches,32,32,7.955391878068817,7.937497935132486,7.972784321781232
reach-wall,3,6,3,temporal_distance_frames,32,32,0.19842810257888127,0.1968482475707864,0.19994865753902386
reach-wall,3,6,3,conditioning_mass,32,32,0.0,0.0,0.0
reach-wall,3,6,3,visual_mass,32,32,0.9999999939464033,0.9999999916180968,0.9999999960418791
reach-wall,3,6,4,spatial_distance_patches,32,32,6.91435802942233,6.9079090937434335,6.920904100892228
reach-wall,3,6,4,temporal_distance_frames,32,32,0.01607997201659391,0.015802346151040068,0.016348534737031493
reach-wall,3,6,4,conditioning_mass,32,32,0.0,0.0,0.0
reach-wall,3,6,4,visual_mass,32,32,0.9999999951105565,0.9999999925494194,0.9999999974388629
reach-wall,3,6,5,spatial_distance_patches,32,32,6.748969813110218,6.737600116765168,6.759495425996469
reach-wall,3,6,5,temporal_distance_frames,32,32,0.011748716798960519,0.01154881088117475,0.011945820399712218
reach-wall,3,6,5,conditioning_mass,32,32,0.0,0.0,0.0
reach-wall,3,6,5,visual_mass,32,32,0.999999993480742,0.9999999909196049,0.9999999958090484
reach-wall,3,6,6,spatial_distance_patches,32,32,7.254880802812753,7.2446038526819745,7.264432954497673
reach-wall,3,6,6,temporal_distance_frames,32,32,0.002430978097751569,0.002369828928075054,0.0024886589759944727
reach-wall,3,6,6,conditioning_mass,32,32,0.0,0.0,0.0
reach-wall,3,6,6,visual_mass,32,32,0.9999999925494194,0.9999999892897904,0.9999999953433871
reach-wall,3,6,7,spatial_distance_patches,32,32,7.400452578090987,7.39185811848423,7.409507390314091
reach-wall,3,6,7,temporal_distance_frames,32,32,0.0039012552086205264,0.003701209969837549,0.004102147528646144
reach-wall,3,6,7,conditioning_mass,32,32,0.0,0.0,0.0
reach-wall,3,6,7,visual_mass,32,32,0.9999999932479113,0.9999999909196049,0.9999999953433871
reach-wall,3,6,8,spatial_distance_patches,32,32,6.758222857781121,6.735414235428499,6.782404467917018
reach-wall,3,6,8,temporal_distance_frames,32,32,0.005550602282617757,0.005379577133350873,0.005720073569773523
reach-wall,3,6,8,conditioning_mass,32,32,0.0,0.0,0.0
reach-wall,3,6,8,visual_mass,32,32,0.99999999278225,0.9999999904539436,0.9999999951105565
reach-wall,3,6,9,spatial_distance_patches,32,32,7.5015537102982695,7.488293025009495,7.514485125052997
reach-wall,3,6,9,temporal_distance_frames,32,32,0.3032639938053231,0.3021596753572157,0.30437921232060455
reach-wall,3,6,9,conditioning_mass,32,32,0.0,0.0,0.0
reach-wall,3,6,9,visual_mass,32,32,0.9999999958090484,0.99999999278225,0.9999999988358468
reach-wall,3,6,10,spatial_distance_patches,32,32,7.543288919772971,7.537037470536827,7.549236300230374
reach-wall,3,6,10,temporal_distance_frames,32,32,0.01306485475044647,0.012847829221382282,0.013286931523678311
reach-wall,3,6,10,conditioning_mass,32,32,0.0,0.0,0.0
reach-wall,3,6,10,visual_mass,32,32,0.9999999953433871,0.9999999930150807,0.9999999974388629
reach-wall,3,6,11,spatial_distance_patches,32,32,6.962556197463351,6.943200047355341,6.9804519322906255
reach-wall,3,6,11,temporal_distance_frames,32,32,0.16451827425248863,0.16295275121160674,0.16592720734460178
reach-wall,3,6,11,conditioning_mass,32,32,0.0,0.0,0.0
reach-wall,3,6,11,visual_mass,32,32,0.9999999904539436,0.9999999864958227,0.9999999941792339
reach-wall,3,6,12,spatial_distance_patches,32,32,9.002535264268586,8.994843232781204,9.010532902430008
reach-wall,3,6,12,temporal_distance_frames,32,32,0.03533967381902004,0.03510827861869804,0.0355684475979944
reach-wall,3,6,12,conditioning_mass,32,32,0.0,0.0,0.0
reach-wall,3,6,12,visual_mass,32,32,0.9999999951105565,0.9999999920837581,0.9999999983701855
reach-wall,3,6,13,spatial_distance_patches,32,32,7.468480783579658,7.460342084972832,7.4770060198158825
reach-wall,3,6,13,temporal_distance_frames,32,32,0.062223917035434936,0.06112227226099186,0.06334619491765332
reach-wall,3,6,13,conditioning_mass,32,32,0.0,0.0,0.0
reach-wall,3,6,13,visual_mass,32,32,0.9999999948777258,0.99999999278225,0.999999996740371
reach-wall,3,6,14,spatial_distance_patches,32,32,6.126442838525154,6.11562316498519,6.13699501106183
reach-wall,3,6,14,temporal_distance_frames,32,32,0.024699382124100555,0.024410673648763374,0.024981189511472185
reach-wall,3,6,14,conditioning_mass,32,32,0.0,0.0,0.0
reach-wall,3,6,14,visual_mass,32,32,0.9999999960418791,0.9999999939464033,0.9999999981373549
reach-wall,3,6,15,spatial_distance_patches,32,32,7.54641802810835,7.539122425711418,7.553610018301306
reach-wall,3,6,15,temporal_distance_frames,32,32,0.034165999134444874,0.03367268723168306,0.03464844413674428
reach-wall,3,6,15,conditioning_mass,32,32,0.0,0.0,0.0
reach-wall,3,6,15,visual_mass,32,32,0.9999999920837581,0.9999999890569597,0.9999999951105565
reach-wall,4,1,0,spatial_distance_patches,32,32,5.225710577930994,5.215580535075689,5.2354641023714645
reach-wall,4,1,0,temporal_distance_frames,32,32,0.0,0.0,0.0
reach-wall,4,1,0,conditioning_mass,32,32,0.0,0.0,0.0
reach-wall,4,1,0,visual_mass,32,32,0.9999999911524355,0.9999999860301614,0.9999999953433871
reach-wall,4,1,1,spatial_distance_patches,32,32,6.646810956216104,6.638385135429353,6.655315501847692
reach-wall,4,1,1,temporal_distance_frames,32,32,0.0,0.0,0.0
reach-wall,4,1,1,conditioning_mass,32,32,0.0,0.0,0.0
reach-wall,4,1,1,visual_mass,32,32,0.9999999944120646,0.9999999916180968,0.9999999972060323
reach-wall,4,1,2,spatial_distance_patches,32,32,0.969535554964597,0.9472890587164986,0.9919745396303901
reach-wall,4,1,2,temporal_distance_frames,32,32,0.0,0.0,0.0
reach-wall,4,1,2,conditioning_mass,32,32,0.0,0.0,0.0
reach-wall,4,1,2,visual_mass,32,32,0.9999999976716936,0.9999999920837581,1.0000000037252903
reach-wall,4,1,3,spatial_distance_patches,32,32,7.1771376042694595,7.171339821768055,7.183221496467977
reach-wall,4,1,3,temporal_distance_frames,32,32,0.0,0.0,0.0
reach-wall,4,1,3,conditioning_mass,32,32,0.0,0.0,0.0
reach-wall,4,1,3,visual_mass,32,32,0.999999993480742,0.999999990221113,0.9999999962747097
reach-wall,4,1,4,spatial_distance_patches,32,32,6.734343608578364,6.728365628970322,6.740457685533281
reach-wall,4,1,4,temporal_distance_frames,32,32,0.0,0.0,0.0
reach-wall,4,1,4,conditioning_mass,32,32,0.0,0.0,0.0
reach-wall,4,1,4,visual_mass,32,32,0.9999999953433871,0.9999999925494194,0.9999999976716936
reach-wall,4,1,5,spatial_distance_patches,32,32,6.443228245859938,6.435871787918535,6.450717231077455
reach-wall,4,1,5,temporal_distance_frames,32,32,0.0,0.0,0.0
reach-wall,4,1,5,conditioning_mass,32,32,0.0,0.0,0.0
reach-wall,4,1,5,visual_mass,32,32,0.999999993480742,0.9999999897554517,0.999999996740371
reach-wall,4,1,6,spatial_distance_patches,32,32,2.360761491725908,2.356675250663809,2.364953111030197
reach-wall,4,1,6,temporal_distance_frames,32,32,0.0,0.0,0.0
reach-wall,4,1,6,conditioning_mass,32,32,0.0,0.0,0.0
reach-wall,4,1,6,visual_mass,32,32,0.9999999892897904,0.9999999846331775,0.999999993480742
reach-wall,4,1,7,spatial_distance_patches,32,32,7.916461791369221,7.907254983307752,7.925621087657455
reach-wall,4,1,7,temporal_distance_frames,32,32,0.0,0.0,0.0
reach-wall,4,1,7,conditioning_mass,32,32,0.0,0.0,0.0
reach-wall,4,1,7,visual_mass,32,32,0.9999999939464033,0.999999990221113,0.9999999972060323
reach-wall,4,1,8,spatial_distance_patches,32,32,6.97312018400878,6.968621409849303,6.978074507296254
reach-wall,4,1,8,temporal_distance_frames,32,32,0.0,0.0,0.0
reach-wall,4,1,8,conditioning_mass,32,32,0.0,0.0,0.0
reach-wall,4,1,8,visual_mass,32,32,0.9999999939464033,0.9999999906867743,0.999999996740371
reach-wall,4,1,9,spatial_distance_patches,32,32,7.429875534034052,7.418238450626092,7.442091666140375
reach-wall,4,1,9,temporal_distance_frames,32,32,0.0,0.0,0.0
reach-wall,4,1,9,conditioning_mass,32,32,0.0,0.0,0.0
reach-wall,4,1,9,visual_mass,32,32,0.999999993480742,0.9999999906867743,0.9999999962747097
reach-wall,4,1,10,spatial_distance_patches,32,32,6.167399148645293,6.15894467931336,6.175905024135503
reach-wall,4,1,10,temporal_distance_frames,32,32,0.0,0.0,0.0
reach-wall,4,1,10,conditioning_mass,32,32,0.0,0.0,0.0
reach-wall,4,1,10,visual_mass,32,32,0.999999993480742,0.9999999897554517,0.999999996740371
reach-wall,4,1,11,spatial_distance_patches,32,32,6.72727081024039,6.72095139844085,6.733692791028319
reach-wall,4,1,11,temporal_distance_frames,32,32,0.0,0.0,0.0
reach-wall,4,1,11,conditioning_mass,32,32,0.0,0.0,0.0
reach-wall,4,1,11,visual_mass,32,32,0.9999999958090484,0.9999999925494194,0.9999999986030161
reach-wall,4,1,12,spatial_distance_patches,32,32,5.934835986895028,5.927094307512231,5.942540033570679
reach-wall,4,1,12,temporal_distance_frames,32,32,0.0,0.0,0.0
reach-wall,4,1,12,conditioning_mass,32,32,0.0,0.0,0.0
reach-wall,4,1,12,visual_mass,32,32,0.9999999953433871,0.9999999920837581,0.9999999986030161
reach-wall,4,1,13,spatial_distance_patches,32,32,3.308815223410069,3.302906713739309,3.314656387944768
reach-wall,4,1,13,temporal_distance_frames,32,32,0.0,0.0,0.0
reach-wall,4,1,13,conditioning_mass,32,32,0.0,0.0,0.0
reach-wall,4,1,13,visual_mass,32,32,0.9999999962747097,0.9999999925494194,1.0
reach-wall,4,1,14,spatial_distance_patches,32,32,6.768692267928479,6.759612741200548,6.777651324404054
reach-wall,4,1,14,temporal_distance_frames,32,32,0.0,0.0,0.0
reach-wall,4,1,14,conditioning_mass,32,32,0.0,0.0,0.0
reach-wall,4,1,14,visual_mass,32,32,0.9999999953433871,0.9999999920837581,0.9999999986030161
reach-wall,4,1,15,spatial_distance_patches,32,32,9.474631281581644,9.467689709323128,9.481515216009871
reach-wall,4,1,15,temporal_distance_frames,32,32,0.0,0.0,0.0
reach-wall,4,1,15,conditioning_mass,32,32,0.0,0.0,0.0
reach-wall,4,1,15,visual_mass,32,32,0.9999999911524355,0.9999999874271452,0.9999999944120646
reach-wall,4,2,0,spatial_distance_patches,32,32,5.269885439167782,5.260113897913914,5.279448586213511
reach-wall,4,2,0,temporal_distance_frames,32,32,0.3194571819011913,0.31798678833899297,0.3208343019960803
reach-wall,4,2,0,conditioning_mass,32,32,0.0,0.0,0.0
reach-wall,4,2,0,visual_mass,32,32,0.9999999958090484,0.9999999941792339,0.9999999974388629
reach-wall,4,2,1,spatial_distance_patches,32,32,6.617773761718526,6.610165281672105,6.625358024612387
reach-wall,4,2,1,temporal_distance_frames,32,32,0.0018862298951674676,0.0017771362362434529,0.002002684624868271
reach-wall,4,2,1,conditioning_mass,32,32,0.0,0.0,0.0
reach-wall,4,2,1,visual_mass,32,32,0.9999999944120646,0.9999999916180968,0.9999999969732016
reach-wall,4,2,2,spatial_distance_patches,32,32,0.9674747099144989,0.9453002316093229,0.9897408755151192
reach-wall,4,2,2,temporal_distance_frames,32,32,0.46016422330736095,0.45903227312547684,0.46133178470427744
reach-wall,4,2,2,conditioning_mass,32,32,0.0,0.0,0.0
reach-wall,4,2,2,visual_mass,32,32,0.9999999990686774,0.9999999939464033,1.0000000044237822
reach-wall,4,2,3,spatial_distance_patches,32,32,7.151310725009146,7.146118645811222,7.156757328573609
reach-wall,4,2,3,temporal_distance_frames,32,32,0.001757822388823061,0.0017258909078351249,0.0017906783789620865
reach-wall,4,2,3,conditioning_mass,32,32,0.0,0.0,0.0
reach-wall,4,2,3,visual_mass,32,32,0.9999999932479113,0.9999999906867743,0.9999999955762178
reach-wall,4,2,4,spatial_distance_patches,32,32,6.734120603640942,6.729104685100735,6.739378143278515
reach-wall,4,2,4,temporal_distance_frames,32,32,0.0005366986253967123,0.0005177989276646388,0.0005568866966408701
reach-wall,4,2,4,conditioning_mass,32,32,0.0,0.0,0.0
reach-wall,4,2,4,visual_mass,32,32,0.9999999955762178,0.9999999932479113,0.9999999979045242
reach-wall,4,2,5,spatial_distance_patches,32,32,6.468038407703537,6.462341081325121,6.473859022639946
reach-wall,4,2,5,temporal_distance_frames,32,32,0.0035793341423104932,0.003477134070049397,0.003680950407856931
reach-wall,4,2,5,conditioning_mass,32,32,0.0,0.0,0.0
reach-wall,4,2,5,visual_mass,32,32,0.9999999948777258,0.99999999278225,0.9999999969732016
reach-wall,4,2,6,spatial_distance_patches,32,32,2.328762419346142,2.324598410190096,2.332918077714724
reach-wall,4,2,6,temporal_distance_frames,32,32,0.37652781470276264,0.37529852526325114,0.37782880158539367
reach-wall,4,2,6,conditioning_mass,32,32,0.0,0.0,0.0
reach-wall,4,2,6,visual_mass,32,32,0.9999999899882823,0.9999999864958227,0.999999993480742
reach-wall,4,2,7,spatial_distance_patches,32,32,7.826276376318103,7.8176052847267865,7.834831971432566
reach-wall,4,2,7,temporal_distance_frames,32,32,0.04014766597024958,0.03990632173898092,0.0403990249183874
reach-wall,4,2,7,conditioning_mass,32,32,0.0,0.0,0.0
reach-wall,4,2,7,visual_mass,32,32,0.9999999969732016,0.9999999953433871,0.9999999983701855
reach-wall,4,2,8,spatial_distance_patches,32,32,6.9512571471649105,6.9466452293761,6.956236111708447
reach-wall,4,2,8,temporal_distance_frames,32,32,0.004677002908815183,0.004544801920245992,0.0048085478176038395
reach-wall,4,2,8,conditioning_mass,32,32,0.0,0.0,0.0
reach-wall,4,2,8,visual_mass,32,32,0.9999999913852662,0.9999999888241291,0.9999999939464033
reach-wall,4,2,9,spatial_distance_patches,32,32,7.389726765486195,7.381666876857552,7.398169213362992
reach-wall,4,2,9,temporal_distance_frames,32,32,0.0015564285665536494,0.0015412534634034357,0.0015706117149449034
reach-wall,4,2,9,conditioning_mass,32,32,0.0,0.0,0.0
reach-wall,4,2,9,visual_mass,32,32,0.9999999939464033,0.9999999909196049,0.9999999969732016
reach-wall,4,2,10,spatial_distance_patches,32,32,6.160497846410424,6.1530082271982245,6.168197226092593
reach-wall,4,2,10,temporal_distance_frames,32,32,0.0010234916431245168,0.0010088224217521067,0.0010377642973245552
reach-wall,4,2,10,conditioning_mass,32,32,0.0,0.0,0.0
reach-wall,4,2,10,visual_mass,32,32,0.9999999951105565,0.9999999932479113,0.999999996740371
reach-wall,4,2,11,spatial_distance_patches,32,32,6.7254182783578464,6.7202790561080885,6.73072019487833
reach-wall,4,2,11,temporal_distance_frames,32,32,0.024597568555120804,0.024261804247091727,0.024933901042315954
reach-wall,4,2,11,conditioning_mass,32,32,0.0,0.0,0.0
reach-wall,4,2,11,visual_mass,32,32,0.9999999937135726,0.9999999906867743,0.9999999965075403
reach-wall,4,2,12,spatial_distance_patches,32,32,5.89961822965392,5.892166328546222,5.907005562834744
reach-wall,4,2,12,temporal_distance_frames,32,32,0.0015691287043867082,0.0015000013261849607,0.001656088841180377
reach-wall,4,2,12,conditioning_mass,32,32,0.0,0.0,0.0
reach-wall,4,2,12,visual_mass,32,32,0.9999999932479113,0.9999999909196049,0.9999999953433871
reach-wall,4,2,13,spatial_distance_patches,32,32,3.3118097459827136,3.306618192329655,3.316865805630867
reach-wall,4,2,13,temporal_distance_frames,32,32,0.3997729104934732,0.398403607641125,0.40114929770630353
reach-wall,4,2,13,conditioning_mass,32,32,0.0,0.0,0.0
reach-wall,4,2,13,visual_mass,32,32,0.9999999951105565,0.9999999920837581,0.9999999979045242
reach-wall,4,2,14,spatial_distance_patches,32,32,6.776754785073727,6.767131438891439,6.786662501188068
reach-wall,4,2,14,temporal_distance_frames,32,32,0.22210194694633129,0.21980936971238982,0.22447548278518342
reach-wall,4,2,14,conditioning_mass,32,32,0.0,0.0,0.0
reach-wall,4,2,14,visual_mass,32,32,0.9999999937135726,0.9999999911524355,0.9999999962747097
reach-wall,4,2,15,spatial_distance_patches,32,32,9.54502879051444,9.537776057370937,9.552345708227392
reach-wall,4,2,15,temporal_distance_frames,32,32,0.001048749601082434,0.0010248574656649713,0.0010722206603447785
reach-wall,4,2,15,conditioning_mass,32,32,0.0,0.0,0.0
reach-wall,4,2,15,visual_mass,32,32,0.9999999941792339,0.9999999909196049,0.9999999974388629
reach-wall,4,3,0,spatial_distance_patches,32,32,5.294112598015666,5.283753027021022,5.304488775933321
reach-wall,4,3,0,temporal_distance_frames,32,32,0.2997313772336752,0.2980845749745119,0.3012678651029078
reach-wall,4,3,0,conditioning_mass,32,32,0.0,0.0,0.0
reach-wall,4,3,0,visual_mass,32,32,0.9999999939464033,0.9999999916180968,0.9999999960418791
reach-wall,4,3,1,spatial_distance_patches,32,32,6.58866223309273,6.5824631656719585,6.594816034117751
reach-wall,4,3,1,temporal_distance_frames,32,32,0.001932243285522708,0.0017940913559451183,0.002077508393601506
reach-wall,4,3,1,conditioning_mass,32,32,0.0,0.0,0.0
reach-wall,4,3,1,visual_mass,32,32,0.9999999946448952,0.9999999918509275,0.9999999974388629
reach-wall,4,3,2,spatial_distance_patches,32,32,1.0720055394783494,1.052210829943169,1.0914333584182898
reach-wall,4,3,2,temporal_distance_frames,32,32,0.4549695771506305,0.4539418251286722,0.45604262689459074
reach-wall,4,3,2,conditioning_mass,32,32,0.0,0.0,0.0
reach-wall,4,3,2,visual_mass,32,32,0.9999999976716936,0.9999999937135726,1.0000000020954758
reach-wall,4,3,3,spatial_distance_patches,32,32,7.133333521278867,7.1269149852321965,7.139686201371254
reach-wall,4,3,3,temporal_distance_frames,32,32,0.001652152705025014,0.001621852653289968,0.0016842364429246303
reach-wall,4,3,3,conditioning_mass,32,32,0.0,0.0,0.0
reach-wall,4,3,3,visual_mass,32,32,0.9999999939464033,0.9999999913852662,0.9999999962747097
reach-wall,4,3,4,spatial_distance_patches,32,32,6.718106657924492,6.71298945156578,6.72334116795546
reach-wall,4,3,4,temporal_distance_frames,32,32,0.000581340657732163,0.0005632267286005484,0.0005995602341859735
reach-wall,4,3,4,conditioning_mass,32,32,0.0,0.0,0.0
reach-wall,4,3,4,visual_mass,32,32,0.9999999932479113,0.9999999909196049,0.9999999955762178
reach-wall,4,3,5,spatial_distance_patches,32,32,6.484784608877797,6.481121350025682,6.488749399247074
reach-wall,4,3,5,temporal_distance_frames,32,32,0.0038967029280301793,0.003789934563609899,0.004002703723242817
reach-wall,4,3,5,conditioning_mass,32,32,0.0,0.0,0.0
reach-wall,4,3,5,visual_mass,32,32,0.9999999939464033,0.9999999913852662,0.9999999962747097
reach-wall,4,3,6,spatial_distance_patches,32,32,2.3385728593243593,2.3340724981951286,2.342876204159113
reach-wall,4,3,6,temporal_distance_frames,32,32,0.3732272442629458,0.3719392002331706,0.374626707777968
reach-wall,4,3,6,conditioning_mass,32,32,0.0,0.0,0.0
reach-wall,4,3,6,visual_mass,32,32,0.9999999909196049,0.9999999878928065,0.9999999941792339
reach-wall,4,3,7,spatial_distance_patches,32,32,7.749951426477018,7.741598193765896,7.758335921882208
reach-wall,4,3,7,temporal_distance_frames,32,32,0.041517662624418944,0.0412927612934405,0.04175723115056409
reach-wall,4,3,7,conditioning_mass,32,32,0.0,0.0,0.0
reach-wall,4,3,7,visual_mass,32,32,0.9999999948777258,0.9999999930150807,0.9999999965075403
reach-wall,4,3,8,spatial_distance_patches,32,32,6.939364277935576,6.9342756581153395,6.944765516118847
reach-wall,4,3,8,temporal_distance_frames,32,32,0.005043996911777956,0.004909070809600713,0.005179428000391094
reach-wall,4,3,8,conditioning_mass,32,32,0.0,0.0,0.0
reach-wall,4,3,8,visual_mass,32,32,0.9999999958090484,0.9999999930150807,0.9999999986030161
reach-wall,4,3,9,spatial_distance_patches,32,32,7.348767693608883,7.341714602383849,7.356418249259049
reach-wall,4,3,9,temporal_distance_frames,32,32,0.0015606884920012264,0.001539167921110638,0.0015816259944728662
reach-wall,4,3,9,conditioning_mass,32,32,0.0,0.0,0.0
reach-wall,4,3,9,visual_mass,32,32,0.999999993480742,0.9999999897554517,0.9999999972060323
reach-wall,4,3,10,spatial_distance_patches,32,32,6.173966434795799,6.1670893793722446,6.181194359620803
reach-wall,4,3,10,temporal_distance_frames,32,32,0.0010481666876922316,0.0010328246257836381,0.0010637629553669485
reach-wall,4,3,10,conditioning_mass,32,32,0.0,0.0,0.0
reach-wall,4,3,10,visual_mass,32,32,0.9999999944120646,0.9999999920837581,0.9999999967461918
reach-wall,4,3,11,spatial_distance_patches,32,32,6.704796286867959,6.699582347192459,6.710098945623525
reach-wall,4,3,11,temporal_distance_frames,32,32,0.022635066822970944,0.0223764250363567,0.022888983424935505
reach-wall,4,3,11,conditioning_mass,32,32,0.0,0.0,0.0
reach-wall,4,3,11,visual_mass,32,32,0.9999999932479113,0.9999999909196049,0.9999999953433871
reach-wall,4,3,12,spatial_distance_patches,32,32,5.8607306251338205,5.852974374317304,5.868233694327757
reach-wall,4,3,12,temporal_distance_frames,32,32,0.0018522979812363968,0.0017747196116530332,0.0019467445728502501
reach-wall,4,3,12,conditioning_mass,32,32,0.0,0.0,0.0
reach-wall,4,3,12,visual_mass,32,32,0.99999999278225,0.9999999904539436,0.9999999948777258
reach-wall,4,3,13,spatial_distance_patches,32,32,3.339150578690857,3.3327904529470564,3.34537180021818
reach-wall,4,3,13,temporal_distance_frames,32,32,0.3961651321441978,0.39472048998799136,0.3976356644023267
reach-wall,4,3,13,conditioning_mass,32,32,0.0,0.0,0.0
reach-wall,4,3,13,visual_mass,32,32,0.9999999951105565,0.9999999918509275,0.9999999983701855
reach-wall,4,3,14,spatial_distance_patches,32,32,6.803843949092083,6.792137738469337,6.815780459731733
reach-wall,4,3,14,temporal_distance_frames,32,32,0.2153355811680175,0.21333376767670292,0.2174319039006274
reach-wall,4,3,14,conditioning_mass,32,32,0.0,0.0,0.0
reach-wall,4,3,14,visual_mass,32,32,0.9999999969732016,0.9999999951105565,0.9999999986030161
reach-wall,4,3,15,spatial_distance_patches,32,32,9.579351457037287,9.571611928305392,9.587241877071277
reach-wall,4,3,15,temporal_distance_frames,32,32,0.0009145298963968572,0.0008953016004451192,0.0009331068246959146
reach-wall,4,3,15,conditioning_mass,32,32,0.0,0.0,0.0
reach-wall,4,3,15,visual_mass,32,32,0.99999999278225,0.999999989522621,0.9999999958090484
reach-wall,4,4,0,spatial_distance_patches,32,32,5.3333087802680925,5.322209033390072,5.3446755425427
reach-wall,4,4,0,temporal_distance_frames,32,32,0.29438612505245254,0.29255638813216645,0.296150491975959
reach-wall,4,4,0,conditioning_mass,32,32,0.0,0.0,0.0
reach-wall,4,4,0,visual_mass,32,32,0.9999999932479113,0.9999999906867743,0.9999999958090484
reach-wall,4,4,1,spatial_distance_patches,32,32,6.594420173332674,6.5888096031891035,6.600094322590379
reach-wall,4,4,1,temporal_distance_frames,32,32,0.0021675227276011524,0.0019983731984308255,0.002337999243823132
reach-wall,4,4,1,conditioning_mass,32,32,0.0,0.0,0.0
reach-wall,4,4,1,visual_mass,32,32,0.99999999278225,0.9999999899882823,0.9999999953433871
reach-wall,4,4,2,spatial_distance_patches,32,32,1.1090762811145178,1.088338081673123,1.129695779310184
reach-wall,4,4,2,temporal_distance_frames,32,32,0.4482131505114373,0.447109630341616,0.44934195237758523
reach-wall,4,4,2,conditioning_mass,32,32,0.0,0.0,0.0
reach-wall,4,4,2,visual_mass,32,32,0.9999999979045242,0.9999999939464033,1.0000000020954758
reach-wall,4,4,3,spatial_distance_patches,32,32,7.117936132914975,7.111178583805257,7.124801732300372
reach-wall,4,4,3,temporal_distance_frames,32,32,0.0015940382440239487,0.0015615013958076697,0.0016287806082479598
reach-wall,4,4,3,conditioning_mass,32,32,0.0,0.0,0.0
reach-wall,4,4,3,visual_mass,32,32,0.9999999941792339,0.9999999918509275,0.9999999960418791
reach-wall,4,4,4,spatial_distance_patches,32,32,6.717887352400934,6.7122779918354105,6.723616155444243
reach-wall,4,4,4,temporal_distance_frames,32,32,0.0006545883395360167,0.0006320361949120131,0.000676869492242077
reach-wall,4,4,4,conditioning_mass,32,32,0.0,0.0,0.0
reach-wall,4,4,4,visual_mass,32,32,0.9999999965075403,0.9999999944120646,0.9999999988358468
reach-wall,4,4,5,spatial_distance_patches,32,32,6.4904454579360875,6.4870481204723065,6.493912174917971
reach-wall,4,4,5,temporal_distance_frames,32,32,0.003959701967887748,0.0038537326702058803,0.004063433690650623
reach-wall,4,4,5,conditioning_mass,32,32,0.0,0.0,0.0
reach-wall,4,4,5,visual_mass,32,32,0.9999999941792339,0.9999999923165888,0.9999999960418791
reach-wall,4,4,6,spatial_distance_patches,32,32,2.350572940976446,2.3456536403131434,2.3554068317626125
reach-wall,4,4,6,temporal_distance_frames,32,32,0.3681357315506846,0.36699443772591467,0.36937387430635976
reach-wall,4,4,6,conditioning_mass,32,32,0.0,0.0,0.0
reach-wall,4,4,6,visual_mass,32,32,0.9999999965075403,0.9999999941792339,0.9999999990686774
reach-wall,4,4,7,spatial_distance_patches,32,32,7.720818556759013,7.711983359460102,7.729567904124876
reach-wall,4,4,7,temporal_distance_frames,32,32,0.04183158176674281,0.04151350904745327,0.04215177175515156
reach-wall,4,4,7,conditioning_mass,32,32,0.0,0.0,0.0
reach-wall,4,4,7,visual_mass,32,32,0.9999999930150807,0.999999990221113,0.9999999955762178
reach-wall,4,4,8,spatial_distance_patches,32,32,6.934223719818846,6.929090028361354,6.939636643874369
reach-wall,4,4,8,temporal_distance_frames,32,32,0.005227447343200754,0.005096144699969662,0.005360363305519817
reach-wall,4,4,8,conditioning_mass,32,32,0.0,0.0,0.0
reach-wall,4,4,8,visual_mass,32,32,0.9999999955762178,0.9999999930150807,0.9999999983701855
reach-wall,4,4,9,spatial_distance_patches,32,32,7.323772749438108,7.31626615650518,7.331646788250217
reach-wall,4,4,9,temporal_distance_frames,32,32,0.0015518650691027163,0.001528636651452758,0.0015746675939088042
reach-wall,4,4,9,conditioning_mass,32,32,0.0,0.0,0.0
reach-wall,4,4,9,visual_mass,32,32,0.9999999925494194,0.9999999899882823,0.9999999953433871
reach-wall,4,4,10,spatial_distance_patches,32,32,6.180255556127614,6.173621285688274,6.18729164436568
reach-wall,4,4,10,temporal_distance_frames,32,32,0.001046553778214644,0.0010285867584957583,0.0010640873036393676
reach-wall,4,4,10,conditioning_mass,32,32,0.0,0.0,0.0
reach-wall,4,4,10,visual_mass,32,32,0.999999996740371,0.9999999948777258,0.9999999983701855
reach-wall,4,4,11,spatial_distance_patches,32,32,6.693159479441224,6.687653761800319,6.698619571852815
reach-wall,4,4,11,temporal_distance_frames,32,32,0.020992819917515997,0.020763660855348084,0.021225832451790293
reach-wall,4,4,11,conditioning_mass,32,32,0.0,0.0,0.0
reach-wall,4,4,11,visual_mass,32,32,0.9999999955762178,0.9999999937135726,0.9999999972060323
reach-wall,4,4,12,spatial_distance_patches,32,32,5.841343182262866,5.8329713054547705,5.849191847935773
reach-wall,4,4,12,temporal_distance_frames,32,32,0.001910531327759662,0.0018196549503900312,0.0020187249095884726
reach-wall,4,4,12,conditioning_mass,32,32,0.0,0.0,0.0
reach-wall,4,4,12,visual_mass,32,32,0.9999999918509275,0.9999999899882823,0.9999999937135726
reach-wall,4,4,13,spatial_distance_patches,32,32,3.3824767251134693,3.373497474574851,3.3910672978912757
reach-wall,4,4,13,temporal_distance_frames,32,32,0.3909785314376956,0.3896391175731308,0.39234559395183577
reach-wall,4,4,13,conditioning_mass,32,32,0.0,0.0,0.0
reach-wall,4,4,13,visual_mass,32,32,0.9999999946448952,0.9999999925494194,0.999999996740371
reach-wall,4,4,14,spatial_distance_patches,32,32,6.830274226248589,6.814769241130468,6.8457269547257
reach-wall,4,4,14,temporal_distance_frames,32,32,0.2106169939969431,0.20837747592564831,0.21290358624000444
reach-wall,4,4,14,conditioning_mass,32,32,0.0,0.0,0.0
reach-wall,4,4,14,visual_mass,32,32,0.9999999953433871,0.9999999932479113,0.9999999972060323
reach-wall,4,4,15,spatial_distance_patches,32,32,9.577037011683974,9.568378791346083,9.585575130597734
reach-wall,4,4,15,temporal_distance_frames,32,32,0.0008917708888298535,0.0008721904590688141,0.0009104437436766999
reach-wall,4,4,15,conditioning_mass,32,32,0.0,0.0,0.0
reach-wall,4,4,15,visual_mass,32,32,0.9999999944120646,0.9999999918509275,0.9999999965075403
reach-wall,4,5,0,spatial_distance_patches,32,32,5.368488064171709,5.35606549292219,5.381454753439862
reach-wall,4,5,0,temporal_distance_frames,32,32,0.2902951743185054,0.28842675316717253,0.2921267480221721
reach-wall,4,5,0,conditioning_mass,32,32,0.0,0.0,0.0
reach-wall,4,5,0,visual_mass,32,32,0.9999999937135726,0.9999999904539436,0.9999999962747097
reach-wall,4,5,1,spatial_distance_patches,32,32,6.611773315186376,6.605921915171556,6.617672345219277
reach-wall,4,5,1,temporal_distance_frames,32,32,0.0023456909473392683,0.002138880251837746,0.0025548670874886593
reach-wall,4,5,1,conditioning_mass,32,32,0.0,0.0,0.0
reach-wall,4,5,1,visual_mass,32,32,0.9999999941792339,0.9999999920837581,0.9999999960418791
reach-wall,4,5,2,spatial_distance_patches,32,32,1.1293870521956422,1.1099815606281487,1.1496258674421478
reach-wall,4,5,2,temporal_distance_frames,32,32,0.44411394104021545,0.4428445600466259,0.44537685906520713
reach-wall,4,5,2,conditioning_mass,32,32,0.0,0.0,0.0
reach-wall,4,5,2,visual_mass,32,32,0.9999999997671694,0.9999999962747097,1.0000000030267984
reach-wall,4,5,3,spatial_distance_patches,32,32,7.107615775907242,7.1013015087099385,7.113904189289723
reach-wall,4,5,3,temporal_distance_frames,32,32,0.0015271270925902342,0.0014919651631201203,0.0015651291660149955
reach-wall,4,5,3,conditioning_mass,32,32,0.0,0.0,0.0
reach-wall,4,5,3,visual_mass,32,32,0.9999999932479113,0.9999999906867743,0.9999999955762178
reach-wall,4,5,4,spatial_distance_patches,32,32,6.71505427518342,6.709078421619187,6.721175494695077
reach-wall,4,5,4,temporal_distance_frames,32,32,0.0007875016888032702,0.0007593805868435662,0.0008150253954764293
reach-wall,4,5,4,conditioning_mass,32,32,0.0,0.0,0.0
reach-wall,4,5,4,visual_mass,32,32,0.9999999939464033,0.9999999913852662,0.9999999962747097
reach-wall,4,5,5,spatial_distance_patches,32,32,6.498319682328502,6.49381217831585,6.502584317604025
reach-wall,4,5,5,temporal_distance_frames,32,32,0.004113965623159761,0.0040050766561035124,0.004221403205803512
reach-wall,4,5,5,conditioning_mass,32,32,0.0,0.0,0.0
reach-wall,4,5,5,visual_mass,32,32,0.9999999941792339,0.9999999918509275,0.9999999962747097
reach-wall,4,5,6,spatial_distance_patches,32,32,2.3560283863975915,2.3506272942197395,2.361366203999844
reach-wall,4,5,6,temporal_distance_frames,32,32,0.36495765789028284,0.36393626024231995,0.36598720785152267
reach-wall,4,5,6,conditioning_mass,32,32,0.0,0.0,0.0
reach-wall,4,5,6,visual_mass,32,32,0.9999999974388629,0.9999999951105565,0.9999999997671694
reach-wall,4,5,7,spatial_distance_patches,32,32,7.717823268939995,7.71001043051871,7.725324261016477
reach-wall,4,5,7,temporal_distance_frames,32,32,0.04332356478154378,0.042878625247331326,0.04377426256923639
reach-wall,4,5,7,conditioning_mass,32,32,0.0,0.0,0.0
reach-wall,4,5,7,visual_mass,32,32,0.9999999939464033,0.9999999916180968,0.9999999962747097
reach-wall,4,5,8,spatial_distance_patches,32,32,6.929664561957006,6.924898109132223,6.934594216777563
reach-wall,4,5,8,temporal_distance_frames,32,32,0.0053918047694319305,0.00526276798360542,0.005520534965292243
reach-wall,4,5,8,conditioning_mass,32,32,0.0,0.0,0.0
reach-wall,4,5,8,visual_mass,32,32,0.999999993480742,0.9999999904539436,0.9999999965075403
reach-wall,4,5,9,spatial_distance_patches,32,32,7.301372867747265,7.291712846795879,7.310959909814535
reach-wall,4,5,9,temporal_distance_frames,32,32,0.0016098875336016337,0.0015798644052471055,0.0016394892994636022
reach-wall,4,5,9,conditioning_mass,32,32,0.0,0.0,0.0
reach-wall,4,5,9,visual_mass,32,32,0.9999999930150807,0.999999989522621,0.9999999965075403
reach-wall,4,5,10,spatial_distance_patches,32,32,6.184918937756059,6.179001102244828,6.191111880453336
reach-wall,4,5,10,temporal_distance_frames,32,32,0.0010337206094724475,0.0010103579227294717,0.001056859161578324
reach-wall,4,5,10,conditioning_mass,32,32,0.0,0.0,0.0
reach-wall,4,5,10,visual_mass,32,32,0.9999999925494194,0.9999999904539436,0.9999999946448952
reach-wall,4,5,11,spatial_distance_patches,32,32,6.6935105666595875,6.688110090863104,6.6988214669828645
reach-wall,4,5,11,temporal_distance_frames,32,32,0.020106287383390285,0.01986239229111539,0.02035129214515249
reach-wall,4,5,11,conditioning_mass,32,32,0.0,0.0,0.0
reach-wall,4,5,11,visual_mass,32,32,0.9999999948777258,0.99999999278225,0.9999999969732016
reach-wall,4,5,12,spatial_distance_patches,32,32,5.825315796921895,5.816788900195984,5.833033305892562
reach-wall,4,5,12,temporal_distance_frames,32,32,0.0020010556865416793,0.0019076895278948625,0.0021101947076899476
reach-wall,4,5,12,conditioning_mass,32,32,0.0,0.0,0.0
reach-wall,4,5,12,visual_mass,32,32,0.99999999278225,0.9999999899882823,0.9999999953433871
reach-wall,4,5,13,spatial_distance_patches,32,32,3.417672223442092,3.4068332897544673,3.428022934336945
reach-wall,4,5,13,temporal_distance_frames,32,32,0.3883028261698862,0.38709358686599865,0.3894640597070584
reach-wall,4,5,13,conditioning_mass,32,32,0.0,0.0,0.0
reach-wall,4,5,13,visual_mass,32,32,0.9999999944120646,0.9999999918509275,0.9999999969732016
reach-wall,4,5,14,spatial_distance_patches,32,32,6.852938540022577,6.834477292944855,6.870840632318933
reach-wall,4,5,14,temporal_distance_frames,32,32,0.20949217995113684,0.20687160440996327,0.2120850533954916
reach-wall,4,5,14,conditioning_mass,32,32,0.0,0.0,0.0
reach-wall,4,5,14,visual_mass,32,32,0.9999999948777258,0.99999999278225,0.9999999969732016
reach-wall,4,5,15,spatial_distance_patches,32,32,9.551034018837306,9.540159920607499,9.561788440069357
reach-wall,4,5,15,temporal_distance_frames,32,32,0.0009059762783769098,0.0008823953897421343,0.0009292335064788614
reach-wall,4,5,15,conditioning_mass,32,32,0.0,0.0,0.0
reach-wall,4,5,15,visual_mass,32,32,0.9999999937135726,0.9999999906867743,0.9999999965075403
reach-wall,4,6,0,spatial_distance_patches,32,32,5.400303525627787,5.385558902752129,5.415925386001586
reach-wall,4,6,0,temporal_distance_frames,32,32,0.2882109221776148,0.28649754454537324,0.2899324476078953
reach-wall,4,6,0,conditioning_mass,32,32,0.0,0.0,0.0
reach-wall,4,6,0,visual_mass,32,32,0.999999993480742,0.9999999909196049,0.9999999960418791
reach-wall,4,6,1,spatial_distance_patches,32,32,6.631351631602579,6.624330897654085,6.6384126339050535
reach-wall,4,6,1,temporal_distance_frames,32,32,0.0024177846734016522,0.0021654036404944793,0.002678807655924972
reach-wall,4,6,1,conditioning_mass,32,32,0.0,0.0,0.0
reach-wall,4,6,1,visual_mass,32,32,0.9999999948777258,0.99999999278225,0.9999999969732016
reach-wall,4,6,2,spatial_distance_patches,32,32,1.1244146034272968,1.1051492257045596,1.1448629298212618
reach-wall,4,6,2,temporal_distance_frames,32,32,0.4406972523442979,0.4392691826960889,0.4420498966211892
reach-wall,4,6,2,conditioning_mass,32,32,0.0,0.0,0.0
reach-wall,4,6,2,visual_mass,32,32,0.9999999988358468,0.9999999948777258,1.0000000027939677
reach-wall,4,6,3,spatial_distance_patches,32,32,7.105252668878048,7.0977466276146,7.112362409486776
reach-wall,4,6,3,temporal_distance_frames,32,32,0.0014499033878324404,0.0014127463649488974,0.0014895764611425368
reach-wall,4,6,3,conditioning_mass,32,32,0.0,0.0,0.0
reach-wall,4,6,3,visual_mass,32,32,0.9999999944120646,0.9999999923165888,0.9999999962747097
reach-wall,4,6,4,spatial_distance_patches,32,32,6.7190385289706995,6.713289770743246,6.724919494475861
reach-wall,4,6,4,temporal_distance_frames,32,32,0.0008934294298176846,0.0008652338577287734,0.0009207198086906174
reach-wall,4,6,4,conditioning_mass,32,32,0.0,0.0,0.0
reach-wall,4,6,4,visual_mass,32,32,0.9999999953433871,0.9999999937135726,0.999999996740371
reach-wall,4,6,5,spatial_distance_patches,32,32,6.515611157621272,6.509164723545998,6.522054681836515
reach-wall,4,6,5,temporal_distance_frames,32,32,0.004294925508992404,0.004179795664928059,0.004411952902387701
reach-wall,4,6,5,conditioning_mass,32,32,0.0,0.0,0.0
reach-wall,4,6,5,visual_mass,32,32,0.999999996740371,0.9999999946448952,0.9999999986030161
reach-wall,4,6,6,spatial_distance_patches,32,32,2.3546956056157704,2.3483110832399956,2.3610015609174893
reach-wall,4,6,6,temporal_distance_frames,32,32,0.36391426412627165,0.36285645833876207,0.3649010386957956
reach-wall,4,6,6,conditioning_mass,32,32,0.0,0.0,0.0
reach-wall,4,6,6,visual_mass,32,32,0.9999999913852662,0.9999999881256372,0.9999999946448952
reach-wall,4,6,7,spatial_distance_patches,32,32,7.7391363383934735,7.730367454964182,7.748856114659725
reach-wall,4,6,7,temporal_distance_frames,32,32,0.045373477983922834,0.04483647688578904,0.0459024131442576
reach-wall,4,6,7,conditioning_mass,32,32,0.0,0.0,0.0
reach-wall,4,6,7,visual_mass,32,32,0.9999999932479113,0.9999999913852662,0.9999999951105565
reach-wall,4,6,8,spatial_distance_patches,32,32,6.928404984707881,6.923789218224036,6.933116792964433
reach-wall,4,6,8,temporal_distance_frames,32,32,0.00549709684661333,0.005372804630352547,0.005619757607203189
reach-wall,4,6,8,conditioning_mass,32,32,0.0,0.0,0.0
reach-wall,4,6,8,visual_mass,32,32,0.9999999962747097,0.9999999944120646,0.9999999981373549
reach-wall,4,6,9,spatial_distance_patches,32,32,7.273915345175549,7.260443358212766,7.286641746597632
reach-wall,4,6,9,temporal_distance_frames,32,32,0.0017463157271978105,0.0017079957497090706,0.001783863040972825
reach-wall,4,6,9,conditioning_mass,32,32,0.0,0.0,0.0
reach-wall,4,6,9,visual_mass,32,32,0.99999999278225,0.9999999897554517,0.9999999958090484
reach-wall,4,6,10,spatial_distance_patches,32,32,6.191393000379522,6.185648036036188,6.197320685326404
reach-wall,4,6,10,temporal_distance_frames,32,32,0.0010213234881099374,0.000990945761898282,0.001052082053069285
reach-wall,4,6,10,conditioning_mass,32,32,0.0,0.0,0.0
reach-wall,4,6,10,visual_mass,32,32,0.999999993480742,0.9999999911524355,0.9999999958090484
reach-wall,4,6,11,spatial_distance_patches,32,32,6.707396168291433,6.700779104583615,6.714233273575311
reach-wall,4,6,11,temporal_distance_frames,32,32,0.019630222352286293,0.019361121365568376,0.01990107657440824
reach-wall,4,6,11,conditioning_mass,32,32,0.0,0.0,0.0
reach-wall,4,6,11,visual_mass,32,32,0.99999999278225,0.999999990221113,0.9999999953433871
reach-wall,4,6,12,spatial_distance_patches,32,32,5.811833338947977,5.8034795271661705,5.819321806362472
reach-wall,4,6,12,temporal_distance_frames,32,32,0.0022370869141375028,0.0021291495438284383,0.0023565376891480742
reach-wall,4,6,12,conditioning_mass,32,32,0.0,0.0,0.0
reach-wall,4,6,12,visual_mass,32,32,0.9999999958090484,0.9999999941792339,0.9999999974388629
reach-wall,4,6,13,spatial_distance_patches,32,32,3.447245405195012,3.435013278721092,3.459174167316721
reach-wall,4,6,13,temporal_distance_frames,32,32,0.38803425870821406,0.3867459075699557,0.3891994418338803
reach-wall,4,6,13,conditioning_mass,32,32,0.0,0.0,0.0
reach-wall,4,6,13,visual_mass,32,32,0.999999993480742,0.9999999913852662,0.9999999953433871
reach-wall,4,6,14,spatial_distance_patches,32,32,6.866734020144408,6.845202004815776,6.8875483386462495
reach-wall,4,6,14,temporal_distance_frames,32,32,0.21094086802992143,0.20798675201472308,0.2137980638452681
reach-wall,4,6,14,conditioning_mass,32,32,0.0,0.0,0.0
reach-wall,4,6,14,visual_mass,32,32,0.9999999932479113,0.9999999906867743,0.9999999955762178
reach-wall,4,6,15,spatial_distance_patches,32,32,9.507427401268078,9.49155510482543,9.522557529053364
reach-wall,4,6,15,temporal_distance_frames,32,32,0.0009230436647997393,0.000895788327254933,0.0009504114577184692
reach-wall,4,6,15,conditioning_mass,32,32,0.0,0.0,0.0
reach-wall,4,6,15,visual_mass,32,32,0.9999999930150807,0.999999990221113,0.9999999958090484
reach-wall,5,1,0,spatial_distance_patches,32,32,7.452681684673528,7.443566152148617,7.461940924356769
reach-wall,5,1,0,temporal_distance_frames,32,32,0.0,0.0,0.0
reach-wall,5,1,0,conditioning_mass,32,32,0.0,0.0,0.0
reach-wall,5,1,0,visual_mass,32,32,0.9999999962747097,0.9999999939464033,0.9999999981373549
reach-wall,5,1,1,spatial_distance_patches,32,32,4.156171500530017,4.151312501188735,4.160799616225648
reach-wall,5,1,1,temporal_distance_frames,32,32,0.0,0.0,0.0
reach-wall,5,1,1,conditioning_mass,32,32,0.0,0.0,0.0
reach-wall,5,1,1,visual_mass,32,32,0.9999999948777258,0.9999999911524355,0.9999999976716936
reach-wall,5,1,2,spatial_distance_patches,32,32,5.06899474979184,5.061871033752453,5.076150675556963
reach-wall,5,1,2,temporal_distance_frames,32,32,0.0,0.0,0.0
reach-wall,5,1,2,conditioning_mass,32,32,0.0,0.0,0.0
reach-wall,5,1,2,visual_mass,32,32,0.9999999925494194,0.9999999892897904,0.9999999958090484
reach-wall,5,1,3,spatial_distance_patches,32,32,7.099311892792244,7.088914947182036,7.109820321383978
reach-wall,5,1,3,temporal_distance_frames,32,32,0.0,0.0,0.0
reach-wall,5,1,3,conditioning_mass,32,32,0.0,0.0,0.0
reach-wall,5,1,3,visual_mass,32,32,0.999999996740371,0.9999999939464033,0.9999999990686774
reach-wall,5,1,4,spatial_distance_patches,32,32,7.182362537735685,7.174864984008697,7.190256280312918
reach-wall,5,1,4,temporal_distance_frames,32,32,0.0,0.0,0.0
reach-wall,5,1,4,conditioning_mass,32,32,0.0,0.0,0.0
reach-wall,5,1,4,visual_mass,32,32,0.9999999953433871,0.9999999930150807,0.9999999976716936
reach-wall,5,1,5,spatial_distance_patches,32,32,7.309460985659391,7.305249505754531,7.3134521396890655
reach-wall,5,1,5,temporal_distance_frames,32,32,0.0,0.0,0.0
reach-wall,5,1,5,conditioning_mass,32,32,0.0,0.0,0.0
reach-wall,5,1,5,visual_mass,32,32,0.999999993480742,0.999999990221113,0.9999999962747097
reach-wall,5,1,6,spatial_distance_patches,32,32,7.099855454760652,7.0915744910527065,7.1082723667937335
reach-wall,5,1,6,temporal_distance_frames,32,32,0.0,0.0,0.0
reach-wall,5,1,6,conditioning_mass,32,32,0.0,0.0,0.0
reach-wall,5,1,6,visual_mass,32,32,0.9999999939464033,0.999999990221113,0.9999999972060323
reach-wall,5,1,7,spatial_distance_patches,32,32,7.329805962989975,7.323012558842259,7.3368893407427205
reach-wall,5,1,7,temporal_distance_frames,32,32,0.0,0.0,0.0
reach-wall,5,1,7,conditioning_mass,32,32,0.0,0.0,0.0
reach-wall,5,1,7,visual_mass,32,32,0.9999999948777258,0.9999999916180968,0.9999999976716936
reach-wall,5,1,8,spatial_distance_patches,32,32,4.8690301644107965,4.860292722947727,4.877682867024934
reach-wall,5,1,8,temporal_distance_frames,32,32,0.0,0.0,0.0
reach-wall,5,1,8,conditioning_mass,32,32,0.0,0.0,0.0
reach-wall,5,1,8,visual_mass,32,32,0.9999999916180968,0.9999999874271452,0.9999999953433871
reach-wall,5,1,9,spatial_distance_patches,32,32,5.348042146668409,5.34244249919778,5.353465196353232
reach-wall,5,1,9,temporal_distance_frames,32,32,0.0,0.0,0.0
reach-wall,5,1,9,conditioning_mass,32,32,0.0,0.0,0.0
reach-wall,5,1,9,visual_mass,32,32,0.9999999962747097,0.9999999930150807,1.0
reach-wall,5,1,10,spatial_distance_patches,32,32,5.096003022046681,5.089918535763584,5.1017716349756945
reach-wall,5,1,10,temporal_distance_frames,32,32,0.0,0.0,0.0
reach-wall,5,1,10,conditioning_mass,32,32,0.0,0.0,0.0
reach-wall,5,1,10,visual_mass,32,32,0.9999999948777258,0.9999999916180968,0.9999999976716936
reach-wall,5,1,11,spatial_distance_patches,32,32,7.066439246226648,7.059152338867469,7.073502196860135
reach-wall,5,1,11,temporal_distance_frames,32,32,0.0,0.0,0.0
reach-wall,5,1,11,conditioning_mass,32,32,0.0,0.0,0.0
reach-wall,5,1,11,visual_mass,32,32,0.999999993480742,0.9999999897554517,0.999999996740371
reach-wall,5,1,12,spatial_distance_patches,32,32,7.143431280102155,7.1367828826329704,7.150351828545806
reach-wall,5,1,12,temporal_distance_frames,32,32,0.0,0.0,0.0
reach-wall,5,1,12,conditioning_mass,32,32,0.0,0.0,0.0
reach-wall,5,1,12,visual_mass,32,32,0.9999999916180968,0.9999999883584678,0.9999999948777258
reach-wall,5,1,13,spatial_distance_patches,32,32,7.213385205403551,7.2024246606571145,7.223607209172326
reach-wall,5,1,13,temporal_distance_frames,32,32,0.0,0.0,0.0
reach-wall,5,1,13,conditioning_mass,32,32,0.0,0.0,0.0
reach-wall,5,1,13,visual_mass,32,32,0.9999999948777258,0.9999999916180968,0.9999999981373549
reach-wall,5,1,14,spatial_distance_patches,32,32,5.975508679545516,5.970083790880523,5.980798578647886
reach-wall,5,1,14,temporal_distance_frames,32,32,0.0,0.0,0.0
reach-wall,5,1,14,conditioning_mass,32,32,0.0,0.0,0.0
reach-wall,5,1,14,visual_mass,32,32,0.9999999948777258,0.9999999916180968,0.9999999976716936
reach-wall,5,1,15,spatial_distance_patches,32,32,6.79714904539061,6.788142897880938,6.8064398454615915
reach-wall,5,1,15,temporal_distance_frames,32,32,0.0,0.0,0.0
reach-wall,5,1,15,conditioning_mass,32,32,0.0,0.0,0.0
reach-wall,5,1,15,visual_mass,32,32,0.9999999953433871,0.9999999930150807,0.9999999976716936
reach-wall,5,2,0,spatial_distance_patches,32,32,7.450188957776659,7.441516014673903,7.459083085894314
reach-wall,5,2,0,temporal_distance_frames,32,32,0.043263594972744776,0.0420556010762191,0.04447053046357838
reach-wall,5,2,0,conditioning_mass,32,32,0.0,0.0,0.0
reach-wall,5,2,0,visual_mass,32,32,0.9999999944120646,0.9999999923165888,0.9999999965075403
reach-wall,5,2,1,spatial_distance_patches,32,32,4.151667571923763,4.147042737571403,4.156190766763526
reach-wall,5,2,1,temporal_distance_frames,32,32,0.397771252402647,0.39508086273325477,0.400408393050982
reach-wall,5,2,1,conditioning_mass,32,32,0.0,0.0,0.0
reach-wall,5,2,1,visual_mass,32,32,0.9999999951105565,0.9999999930150807,0.9999999972060323
reach-wall,5,2,2,spatial_distance_patches,32,32,5.054280357759367,5.047315874951249,5.061160795477856
reach-wall,5,2,2,temporal_distance_frames,32,32,0.0013287891619231306,0.0013098304871069129,0.0013470513598152706
reach-wall,5,2,2,conditioning_mass,32,32,0.0,0.0,0.0
reach-wall,5,2,2,visual_mass,32,32,0.9999999944120646,0.9999999923165888,0.9999999965075403
reach-wall,5,2,3,spatial_distance_patches,32,32,7.099814632470691,7.089602670627536,7.110137683377357
reach-wall,5,2,3,temporal_distance_frames,32,32,0.04205350155026123,0.040749986991812606,0.043340991253449396
reach-wall,5,2,3,conditioning_mass,32,32,0.0,0.0,0.0
reach-wall,5,2,3,visual_mass,32,32,0.9999999932479113,0.9999999906867743,0.9999999955762178
reach-wall,5,2,4,spatial_distance_patches,32,32,7.172770093979767,7.165594381260835,7.1804702835028476
reach-wall,5,2,4,temporal_distance_frames,32,32,0.0017852588007970353,0.0017438948258081703,0.0018279065979488044
reach-wall,5,2,4,conditioning_mass,32,32,0.0,0.0,0.0
reach-wall,5,2,4,visual_mass,32,32,0.9999999953433871,0.999999993480742,0.9999999969732016
reach-wall,5,2,5,spatial_distance_patches,32,32,7.316137634961022,7.312391981973404,7.31962778228287
reach-wall,5,2,5,temporal_distance_frames,32,32,0.012460603417663394,0.012048764207270373,0.012870180732823191
reach-wall,5,2,5,conditioning_mass,32,32,0.0,0.0,0.0
reach-wall,5,2,5,visual_mass,32,32,0.9999999983701855,0.9999999969732016,1.0
reach-wall,5,2,6,spatial_distance_patches,32,32,7.1203949052405955,7.112169698567077,7.128817299355594
reach-wall,5,2,6,temporal_distance_frames,32,32,0.005205989587617531,0.0050899957332209405,0.0053249222941643675
reach-wall,5,2,6,conditioning_mass,32,32,0.0,0.0,0.0
reach-wall,5,2,6,visual_mass,32,32,0.9999999948777258,0.9999999923165888,0.9999999969732016
reach-wall,5,2,7,spatial_distance_patches,32,32,7.347808766685784,7.341851977463868,7.354068114869991
reach-wall,5,2,7,temporal_distance_frames,32,32,0.0019698031289692337,0.0019233035664408538,0.0020207750673092504
reach-wall,5,2,7,conditioning_mass,32,32,0.0,0.0,0.0
reach-wall,5,2,7,visual_mass,32,32,0.9999999937135726,0.9999999911524355,0.9999999960418791
reach-wall,5,2,8,spatial_distance_patches,32,32,4.865112222499492,4.856098912900418,4.874078878134572
reach-wall,5,2,8,temporal_distance_frames,32,32,0.025838052089918014,0.02523566035528308,0.02643063841771854
reach-wall,5,2,8,conditioning_mass,32,32,0.0,0.0,0.0
reach-wall,5,2,8,visual_mass,32,32,0.9999999948777258,0.9999999923165888,0.9999999974388629
reach-wall,5,2,9,spatial_distance_patches,32,32,5.3607987918252995,5.3556661292716,5.365752451393842
reach-wall,5,2,9,temporal_distance_frames,32,32,0.14136457450013995,0.1389367509059099,0.1437292780425618
reach-wall,5,2,9,conditioning_mass,32,32,0.0,0.0,0.0
reach-wall,5,2,9,visual_mass,32,32,0.9999999946448952,0.9999999923165888,0.999999996740371
reach-wall,5,2,10,spatial_distance_patches,32,32,5.084382255258729,5.078586670103614,5.089924972473016
reach-wall,5,2,10,temporal_distance_frames,32,32,0.0026568033325570055,0.002631957347803956,0.0026833784981866392
reach-wall,5,2,10,conditioning_mass,32,32,0.0,0.0,0.0
reach-wall,5,2,10,visual_mass,32,32,0.9999999925494194,0.9999999906867743,0.9999999944120646
reach-wall,5,2,11,spatial_distance_patches,32,32,7.073684233063716,7.066636452678479,7.080531731364823
reach-wall,5,2,11,temporal_distance_frames,32,32,0.0023158358286099493,0.0022641972510488643,0.0023730945268463795
reach-wall,5,2,11,conditioning_mass,32,32,0.0,0.0,0.0
reach-wall,5,2,11,visual_mass,32,32,0.99999999278225,0.999999990221113,0.9999999951105565
reach-wall,5,2,12,spatial_distance_patches,32,32,7.175264470277311,7.168009759468576,7.182657450887259
reach-wall,5,2,12,temporal_distance_frames,32,32,0.0008869613828527917,0.000870374881679875,0.0009045461494818971
reach-wall,5,2,12,conditioning_mass,32,32,0.0,0.0,0.0
reach-wall,5,2,12,visual_mass,32,32,0.9999999909196049,0.9999999881256372,0.999999993480742
reach-wall,5,2,13,spatial_distance_patches,32,32,7.214207151620288,7.203075777484341,7.224437054230385
reach-wall,5,2,13,temporal_distance_frames,32,32,0.00025061385701311966,0.0002413676459762565,0.00026028356891291335
reach-wall,5,2,13,conditioning_mass,32,32,0.0,0.0,0.0
reach-wall,5,2,13,visual_mass,32,32,0.9999999925494194,0.999999989522621,0.9999999953433871
reach-wall,5,2,14,spatial_distance_patches,32,32,5.976789777948826,5.971532430887205,5.981954231012809
reach-wall,5,2,14,temporal_distance_frames,32,32,0.01355412027076427,0.013227418707634858,0.013874273468976569
reach-wall,5,2,14,conditioning_mass,32,32,0.0,0.0,0.0
reach-wall,5,2,14,visual_mass,32,32,0.9999999944120646,0.9999999918509275,0.999999996740371
reach-wall,5,2,15,spatial_distance_patches,32,32,6.820763609078961,6.811608150507666,6.830174485266236
reach-wall,5,2,15,temporal_distance_frames,32,32,0.013118739446006372,0.01276595718070505,0.013457157932017742
reach-wall,5,2,15,conditioning_mass,32,32,0.0,0.0,0.0
reach-wall,5,2,15,visual_mass,32,32,0.9999999941792339,0.9999999916180968,0.9999999965075403
reach-wall,5,3,0,spatial_distance_patches,32,32,7.456902294827487,7.448830128992457,7.465148912744401
reach-wall,5,3,0,temporal_distance_frames,32,32,0.03912418783906079,0.038133748118359345,0.04010874921092998
reach-wall,5,3,0,conditioning_mass,32,32,0.0,0.0,0.0
reach-wall,5,3,0,visual_mass,32,32,0.9999999955762178,0.9999999937135726,0.9999999972118531
reach-wall,5,3,1,spatial_distance_patches,32,32,4.148327489902144,4.143932613438023,4.152846989119623
reach-wall,5,3,1,temporal_distance_frames,32,32,0.39086194867562957,0.3881170631988748,0.393542143344248
reach-wall,5,3,1,conditioning_mass,32,32,0.0,0.0,0.0
reach-wall,5,3,1,visual_mass,32,32,0.9999999965075403,0.9999999937135726,0.9999999993073289
reach-wall,5,3,2,spatial_distance_patches,32,32,5.011805175893854,5.003469293570239,5.019820623104735
reach-wall,5,3,2,temporal_distance_frames,32,32,0.0013423425545841146,0.0013255016825550745,0.0013585009178490937
reach-wall,5,3,2,conditioning_mass,32,32,0.0,0.0,0.0
reach-wall,5,3,2,visual_mass,32,32,0.9999999944120646,0.9999999920837581,0.9999999965075403
reach-wall,5,3,3,spatial_distance_patches,32,32,7.100161771792221,7.09027174779306,7.1103769713716005
reach-wall,5,3,3,temporal_distance_frames,32,32,0.03610360541593159,0.03499167612319229,0.03720445509485011
reach-wall,5,3,3,conditioning_mass,32,32,0.0,0.0,0.0
reach-wall,5,3,3,visual_mass,32,32,0.9999999953433871,0.999999993480742,0.9999999969732016
reach-wall,5,3,4,spatial_distance_patches,32,32,7.166988354234942,7.159137446001396,7.175195039899232
reach-wall,5,3,4,temporal_distance_frames,32,32,0.0020718366521425393,0.0020123537782168396,0.0021313735201680954
reach-wall,5,3,4,conditioning_mass,32,32,0.0,0.0,0.0
reach-wall,5,3,4,visual_mass,32,32,0.9999999955762178,0.9999999937135726,0.9999999972060323
reach-wall,5,3,5,spatial_distance_patches,32,32,7.331045280842483,7.327795068767352,7.334160158823641
reach-wall,5,3,5,temporal_distance_frames,32,32,0.010131096970975483,0.009765150614547283,0.010499559533964413
reach-wall,5,3,5,conditioning_mass,32,32,0.0,0.0,0.0
reach-wall,5,3,5,visual_mass,32,32,0.9999999939464033,0.9999999918509275,0.9999999958090484
reach-wall,5,3,6,spatial_distance_patches,32,32,7.147813498496154,7.139492221033376,7.156201530083724
reach-wall,5,3,6,temporal_distance_frames,32,32,0.0050824235386970505,0.004973795974439174,0.005191395767180313
reach-wall,5,3,6,conditioning_mass,32,32,0.0,0.0,0.0
reach-wall,5,3,6,visual_mass,32,32,0.9999999972060323,0.9999999953433871,0.9999999990686774
reach-wall,5,3,7,spatial_distance_patches,32,32,7.357892125964495,7.35230486885278,7.363899895862203
reach-wall,5,3,7,temporal_distance_frames,32,32,0.0020615963210491206,0.0020152898575158383,0.002110717922204328
reach-wall,5,3,7,conditioning_mass,32,32,0.0,0.0,0.0
reach-wall,5,3,7,visual_mass,32,32,0.9999999944120646,0.9999999923165888,0.9999999965075403
reach-wall,5,3,8,spatial_distance_patches,32,32,4.86123263273703,4.851671087329556,4.8705239400339675
reach-wall,5,3,8,temporal_distance_frames,32,32,0.022549522025682577,0.0220612179455374,0.02303572898961706
reach-wall,5,3,8,conditioning_mass,32,32,0.0,0.0,0.0
reach-wall,5,3,8,visual_mass,32,32,0.9999999946448952,0.9999999930150807,0.9999999962747097
reach-wall,5,3,9,spatial_distance_patches,32,32,5.364206510430894,5.359031935114097,5.369107741223131
reach-wall,5,3,9,temporal_distance_frames,32,32,0.13125695056868641,0.12920214436748675,0.13325222296350103
reach-wall,5,3,9,conditioning_mass,32,32,0.0,0.0,0.0
reach-wall,5,3,9,visual_mass,32,32,0.9999999953433871,0.9999999932479113,0.9999999972060323
reach-wall,5,3,10,spatial_distance_patches,32,32,5.055784139928572,5.049853287400907,5.061470540140771
reach-wall,5,3,10,temporal_distance_frames,32,32,0.0026320563721893816,0.002612906772312985,0.0026513851741783254
reach-wall,5,3,10,conditioning_mass,32,32,0.0,0.0,0.0
reach-wall,5,3,10,visual_mass,32,32,0.9999999937135726,0.9999999911524355,0.9999999958090484
reach-wall,5,3,11,spatial_distance_patches,32,32,7.074644564006098,7.06614887969985,7.0828983606134885
reach-wall,5,3,11,temporal_distance_frames,32,32,0.002208277460219237,0.002165976990834807,0.0022551870329722374
reach-wall,5,3,11,conditioning_mass,32,32,0.0,0.0,0.0
reach-wall,5,3,11,visual_mass,32,32,0.9999999962747097,0.9999999946448952,0.9999999981373549
reach-wall,5,3,12,spatial_distance_patches,32,32,7.204044097857146,7.194695328684812,7.213264382100676
reach-wall,5,3,12,temporal_distance_frames,32,32,0.0009333341213287465,0.0009185344715255774,0.0009492004919097805
reach-wall,5,3,12,conditioning_mass,32,32,0.0,0.0,0.0
reach-wall,5,3,12,visual_mass,32,32,0.9999999951105565,0.9999999930150807,0.9999999969732016
reach-wall,5,3,13,spatial_distance_patches,32,32,7.236430044860607,7.222894231312031,7.248765223387299
reach-wall,5,3,13,temporal_distance_frames,32,32,0.0002671610995371519,0.0002570982470900361,0.00027807203024586487
reach-wall,5,3,13,conditioning_mass,32,32,0.0,0.0,0.0
reach-wall,5,3,13,visual_mass,32,32,0.9999999946448952,0.9999999913852662,0.9999999974388629
reach-wall,5,3,14,spatial_distance_patches,32,32,5.972196211968123,5.967128034647798,5.977190334145529
reach-wall,5,3,14,temporal_distance_frames,32,32,0.013210000909081067,0.012897667123883828,0.013523672224131714
reach-wall,5,3,14,conditioning_mass,32,32,0.0,0.0,0.0
reach-wall,5,3,14,visual_mass,32,32,0.9999999972060323,0.9999999948777258,0.9999999995343387
reach-wall,5,3,15,spatial_distance_patches,32,32,6.840951949818388,6.830786970537629,6.851257792355327
reach-wall,5,3,15,temporal_distance_frames,32,32,0.011493556256111865,0.011238573185800307,0.011735356095715683
reach-wall,5,3,15,conditioning_mass,32,32,0.0,0.0,0.0
reach-wall,5,3,15,visual_mass,32,32,0.9999999939464033,0.9999999913852662,0.9999999965075403
reach-wall,5,4,0,spatial_distance_patches,32,32,7.457920705783124,7.449675133691877,7.466320512027766
reach-wall,5,4,0,temporal_distance_frames,32,32,0.0360297108284201,0.03511258117703326,0.036939683291300054
reach-wall,5,4,0,conditioning_mass,32,32,0.0,0.0,0.0
reach-wall,5,4,0,visual_mass,32,32,0.99999999278225,0.9999999899882823,0.9999999953433871
reach-wall,5,4,1,spatial_distance_patches,32,32,4.156295890239434,4.151087732439604,4.161487685517927
reach-wall,5,4,1,temporal_distance_frames,32,32,0.3820161775643355,0.3790308147681556,0.38493710095630357
reach-wall,5,4,1,conditioning_mass,32,32,0.0,0.0,0.0
reach-wall,5,4,1,visual_mass,32,32,0.9999999925494194,0.9999999904539436,0.9999999946448952
reach-wall,5,4,2,spatial_distance_patches,32,32,4.997361933806408,4.987757354938849,5.00672704884652
reach-wall,5,4,2,temporal_distance_frames,32,32,0.001306701315392751,0.0012879218771984196,0.001324618230786312
reach-wall,5,4,2,conditioning_mass,32,32,0.0,0.0,0.0
reach-wall,5,4,2,visual_mass,32,32,0.9999999916180968,0.9999999890569597,0.9999999939464033
reach-wall,5,4,3,spatial_distance_patches,32,32,7.109887836017617,7.099806895480897,7.120341373336414
reach-wall,5,4,3,temporal_distance_frames,32,32,0.03179615615457273,0.030752752264266058,0.032851265693908754
reach-wall,5,4,3,conditioning_mass,32,32,0.0,0.0,0.0
reach-wall,5,4,3,visual_mass,32,32,0.9999999932479113,0.9999999899882823,0.9999999962747097
reach-wall,5,4,4,spatial_distance_patches,32,32,7.153532070220593,7.1461348348952765,7.161063914089501
reach-wall,5,4,4,temporal_distance_frames,32,32,0.0024211971498885616,0.0023507653849303544,0.0024914024360293825
reach-wall,5,4,4,conditioning_mass,32,32,0.0,0.0,0.0
reach-wall,5,4,4,visual_mass,32,32,0.9999999946448952,0.9999999923165888,0.999999996740371
reach-wall,5,4,5,spatial_distance_patches,32,32,7.3256471286873985,7.322525258703789,7.328620290207601
reach-wall,5,4,5,temporal_distance_frames,32,32,0.008390828285177357,0.008079206673932597,0.008721548633183569
reach-wall,5,4,5,conditioning_mass,32,32,0.0,0.0,0.0
reach-wall,5,4,5,visual_mass,32,32,0.9999999944120646,0.9999999923165888,0.9999999965075403
reach-wall,5,4,6,spatial_distance_patches,32,32,7.15528189433252,7.145663679355267,7.1648732870164515
reach-wall,5,4,6,temporal_distance_frames,32,32,0.004899890046790844,0.0047966123521136095,0.0050037540680796236
reach-wall,5,4,6,conditioning_mass,32,32,0.0,0.0,0.0
reach-wall,5,4,6,visual_mass,32,32,0.9999999960418791,0.9999999939464033,0.9999999979045242
reach-wall,5,4,7,spatial_distance_patches,32,32,7.372317241717164,7.365923977937004,7.379392224486107
reach-wall,5,4,7,temporal_distance_frames,32,32,0.0020981140797373347,0.0020512580744480374,0.002147646159248174
reach-wall,5,4,7,conditioning_mass,32,32,0.0,0.0,0.0
reach-wall,5,4,7,visual_mass,32,32,0.9999999944120646,0.9999999923165888,0.9999999962747097
reach-wall,5,4,8,spatial_distance_patches,32,32,4.867684916098897,4.856933769481769,4.877993305127213
reach-wall,5,4,8,temporal_distance_frames,32,32,0.020726156372298007,0.020285108538602145,0.021167697145044503
reach-wall,5,4,8,conditioning_mass,32,32,0.0,0.0,0.0
reach-wall,5,4,8,visual_mass,32,32,0.9999999941792339,0.9999999918509275,0.9999999962747097
reach-wall,5,4,9,spatial_distance_patches,32,32,5.3686460425546,5.363526409356577,5.373203240160183
reach-wall,5,4,9,temporal_distance_frames,32,32,0.12497675531896098,0.12300386356297736,0.1268915790663126
reach-wall,5,4,9,conditioning_mass,32,32,0.0,0.0,0.0
reach-wall,5,4,9,visual_mass,32,32,0.9999999965075403,0.9999999941792339,0.9999999986030161
reach-wall,5,4,10,spatial_distance_patches,32,32,5.046774514817361,5.040521116323119,5.052772715006018
reach-wall,5,4,10,temporal_distance_frames,32,32,0.0025579405118738912,0.0025388183902658413,0.0025764720720257163
reach-wall,5,4,10,conditioning_mass,32,32,0.0,0.0,0.0
reach-wall,5,4,10,visual_mass,32,32,0.9999999939464033,0.9999999918509275,0.9999999958090484
reach-wall,5,4,11,spatial_distance_patches,32,32,7.082830953356298,7.072863779776822,7.092381000577295
reach-wall,5,4,11,temporal_distance_frames,32,32,0.0022204171958611486,0.0021788508703004545,0.002265794586393888
reach-wall,5,4,11,conditioning_mass,32,32,0.0,0.0,0.0
reach-wall,5,4,11,visual_mass,32,32,0.99999999278225,0.9999999909196049,0.9999999946448952
reach-wall,5,4,12,spatial_distance_patches,32,32,7.231693572549323,7.221208678061367,7.242094677215639
reach-wall,5,4,12,temporal_distance_frames,32,32,0.0009048506770033018,0.0008889122183188059,0.0009216486379279932
reach-wall,5,4,12,conditioning_mass,32,32,0.0,0.0,0.0
reach-wall,5,4,12,visual_mass,32,32,0.9999999941792339,0.9999999918509275,0.9999999965075403
reach-wall,5,4,13,spatial_distance_patches,32,32,7.250607037118762,7.236798422197555,7.263331321842472
reach-wall,5,4,13,temporal_distance_frames,32,32,0.00029925673372775186,0.0002886610328725709,0.0003108451049754277
reach-wall,5,4,13,conditioning_mass,32,32,0.0,0.0,0.0
reach-wall,5,4,13,visual_mass,32,32,0.9999999939464033,0.9999999918509275,0.9999999958090484
reach-wall,5,4,14,spatial_distance_patches,32,32,5.96879033263388,5.963603070298561,5.973992365277034
reach-wall,5,4,14,temporal_distance_frames,32,32,0.012959316201794177,0.012675988828459986,0.013248174600338149
reach-wall,5,4,14,conditioning_mass,32,32,0.0,0.0,0.0
reach-wall,5,4,14,visual_mass,32,32,0.9999999948777258,0.9999999918509275,0.9999999979045242
reach-wall,5,4,15,spatial_distance_patches,32,32,6.8589723285981385,6.848297733928639,6.869693519147171
reach-wall,5,4,15,temporal_distance_frames,32,32,0.010238124933136956,0.010019362556209676,0.010446596898131422
reach-wall,5,4,15,conditioning_mass,32,32,0.0,0.0,0.0
reach-wall,5,4,15,visual_mass,32,32,0.9999999941792339,0.9999999916180968,0.9999999965075403
reach-wall,5,5,0,spatial_distance_patches,32,32,7.445358046836644,7.4368884001493,7.454040448462992
reach-wall,5,5,0,temporal_distance_frames,32,32,0.033370354778437875,0.03252741825679095,0.034169109025599394
reach-wall,5,5,0,conditioning_mass,32,32,0.0,0.0,0.0
reach-wall,5,5,0,visual_mass,32,32,0.9999999925494194,0.999999990221113,0.9999999948777258
reach-wall,5,5,1,spatial_distance_patches,32,32,4.166896328233258,4.160811574603757,4.172771588338164
reach-wall,5,5,1,temporal_distance_frames,32,32,0.37276391086257055,0.3695639550361133,0.37580713762654483
reach-wall,5,5,1,conditioning_mass,32,32,0.0,0.0,0.0
reach-wall,5,5,1,visual_mass,32,32,0.9999999948777258,0.9999999925494194,0.9999999972060323
reach-wall,5,5,2,spatial_distance_patches,32,32,4.97905057053121,4.969070575021271,4.9891185218775345
reach-wall,5,5,2,temporal_distance_frames,32,32,0.0012543820063216189,0.0012362650878694006,0.0012728122071159126
reach-wall,5,5,2,conditioning_mass,32,32,0.0,0.0,0.0
reach-wall,5,5,2,visual_mass,32,32,0.9999999939464033,0.9999999916180968,0.9999999962747097
reach-wall,5,5,3,spatial_distance_patches,32,32,7.11634341047034,7.105820225956052,7.12715530734079
reach-wall,5,5,3,temporal_distance_frames,32,32,0.0285708702672746,0.027721969208494356,0.02941567224892327
reach-wall,5,5,3,conditioning_mass,32,32,0.0,0.0,0.0
reach-wall,5,5,3,visual_mass,32,32,0.9999999955762178,0.9999999930150807,0.9999999979045242
reach-wall,5,5,4,spatial_distance_patches,32,32,7.148515596523557,7.141461971152019,7.155603714373195
reach-wall,5,5,4,temporal_distance_frames,32,32,0.002596328238481516,0.0025368869744053332,0.002656587004467051
reach-wall,5,5,4,conditioning_mass,32,32,0.0,0.0,0.0
reach-wall,5,5,4,visual_mass,32,32,0.9999999951105565,0.9999999925494194,0.9999999976716936
reach-wall,5,5,5,spatial_distance_patches,32,32,7.319161394101322,7.315391304702997,7.322527583771584
reach-wall,5,5,5,temporal_distance_frames,32,32,0.00743914935216357,0.007222017026041244,0.007672940246420048
reach-wall,5,5,5,conditioning_mass,32,32,0.0,0.0,0.0
reach-wall,5,5,5,visual_mass,32,32,0.9999999965075403,0.9999999944120646,0.9999999986030161
reach-wall,5,5,6,spatial_distance_patches,32,32,7.161624824444437,7.149776696694684,7.173001527375949
reach-wall,5,5,6,temporal_distance_frames,32,32,0.004762790631985156,0.004666219777974418,0.004859153137125167
reach-wall,5,5,6,conditioning_mass,32,32,0.0,0.0,0.0
reach-wall,5,5,6,visual_mass,32,32,0.9999999953433871,0.99999999278225,0.9999999976716936
reach-wall,5,5,7,spatial_distance_patches,32,32,7.364537463356333,7.356459396546465,7.373289623172816
reach-wall,5,5,7,temporal_distance_frames,32,32,0.002088477393482324,0.0020398614942205985,0.002141386886101829
reach-wall,5,5,7,conditioning_mass,32,32,0.0,0.0,0.0
reach-wall,5,5,7,visual_mass,32,32,0.9999999953433871,0.9999999932479113,0.9999999972060323
reach-wall,5,5,8,spatial_distance_patches,32,32,4.8677491605316145,4.856495391952659,4.878503604964697
reach-wall,5,5,8,temporal_distance_frames,32,32,0.019677529334427457,0.019301409624571227,0.020050977936149492
reach-wall,5,5,8,conditioning_mass,32,32,0.0,0.0,0.0
reach-wall,5,5,8,visual_mass,32,32,0.9999999941792339,0.9999999920837581,0.9999999960418791
reach-wall,5,5,9,spatial_distance_patches,32,32,5.362743939135611,5.357407315302764,5.3674979510363565
reach-wall,5,5,9,temporal_distance_frames,32,32,0.12115083485618001,0.1193144823922989,0.12290259898990105
reach-wall,5,5,9,conditioning_mass,32,32,0.0,0.0,0.0
reach-wall,5,5,9,visual_mass,32,32,0.9999999939464033,0.9999999918509275,0.9999999960418791
reach-wall,5,5,10,spatial_distance_patches,32,32,5.033113172130929,5.026805021608368,5.039176433735872
reach-wall,5,5,10,temporal_distance_frames,32,32,0.0025371164031007722,0.002509520456123999,0.0025643769703397597
reach-wall,5,5,10,conditioning_mass,32,32,0.0,0.0,0.0
reach-wall,5,5,10,visual_mass,32,32,0.9999999974388629,0.9999999951105565,0.9999999997671694
reach-wall,5,5,11,spatial_distance_patches,32,32,7.087758187462225,7.07602065126877,7.09876379738841
reach-wall,5,5,11,temporal_distance_frames,32,32,0.002265091109069339,0.002219642050907029,0.0023129352739047902
reach-wall,5,5,11,conditioning_mass,32,32,0.0,0.0,0.0
reach-wall,5,5,11,visual_mass,32,32,0.9999999941792339,0.9999999918509275,0.9999999962747097
reach-wall,5,5,12,spatial_distance_patches,32,32,7.232014799274998,7.221438485487013,7.242876054294891
reach-wall,5,5,12,temporal_distance_frames,32,32,0.0008726880806651675,0.0008571314803001534,0.0008897659834053767
reach-wall,5,5,12,conditioning_mass,32,32,0.0,0.0,0.0
reach-wall,5,5,12,visual_mass,32,32,0.9999999925494194,0.9999999897554517,0.9999999951105565
reach-wall,5,5,13,spatial_distance_patches,32,32,7.255366191656275,7.2417264979482106,7.268142236290229
reach-wall,5,5,13,temporal_distance_frames,32,32,0.0003388627033833471,0.0003282945397557086,0.0003501325823447865
reach-wall,5,5,13,conditioning_mass,32,32,0.0,0.0,0.0
reach-wall,5,5,13,visual_mass,32,32,0.9999999955762178,0.9999999932479113,0.9999999979045242
reach-wall,5,5,14,spatial_distance_patches,32,32,5.965844088474568,5.96073861748398,5.9709195196388425
reach-wall,5,5,14,temporal_distance_frames,32,32,0.012988707564701801,0.012749721663976924,0.013223554910972143
reach-wall,5,5,14,conditioning_mass,32,32,0.0,0.0,0.0
reach-wall,5,5,14,visual_mass,32,32,0.9999999932479113,0.9999999906867743,0.9999999955762178
reach-wall,5,5,15,spatial_distance_patches,32,32,6.864793043637585,6.853276385511256,6.876462765684884
reach-wall,5,5,15,temporal_distance_frames,32,32,0.009238151660586837,0.009017424965095755,0.009439732772496793
reach-wall,5,5,15,conditioning_mass,32,32,0.0,0.0,0.0
reach-wall,5,5,15,visual_mass,32,32,0.999999993480742,0.9999999909196049,0.9999999958090484
reach-wall,5,6,0,spatial_distance_patches,32,32,7.434088337553371,7.424953795696991,7.443343808277842
reach-wall,5,6,0,temporal_distance_frames,32,32,0.031795939501003276,0.03098136971162596,0.03256212159190451
reach-wall,5,6,0,conditioning_mass,32,32,0.0,0.0,0.0
reach-wall,5,6,0,visual_mass,32,32,0.9999999955762178,0.9999999937135726,0.9999999972060323
reach-wall,5,6,1,spatial_distance_patches,32,32,4.175138823965128,4.167783127704307,4.182596619964788
reach-wall,5,6,1,temporal_distance_frames,32,32,0.36568615469164434,0.36218916097041376,0.36889746562059655
reach-wall,5,6,1,conditioning_mass,32,32,0.0,0.0,0.0
reach-wall,5,6,1,visual_mass,32,32,0.9999999955762178,0.99999999278225,0.9999999981373549
reach-wall,5,6,2,spatial_distance_patches,32,32,4.969901704727793,4.960294240344278,4.979513208561886
reach-wall,5,6,2,temporal_distance_frames,32,32,0.0012028683473019304,0.0011854315949926314,0.0012216408291811714
reach-wall,5,6,2,conditioning_mass,32,32,0.0,0.0,0.0
reach-wall,5,6,2,visual_mass,32,32,0.9999999937135726,0.9999999913852662,0.9999999958090484
reach-wall,5,6,3,spatial_distance_patches,32,32,7.123020729761983,7.1122399646138454,7.133838926851029
reach-wall,5,6,3,temporal_distance_frames,32,32,0.02732222852666018,0.02653431303981698,0.028073164094180782
reach-wall,5,6,3,conditioning_mass,32,32,0.0,0.0,0.0
reach-wall,5,6,3,visual_mass,32,32,0.9999999944120646,0.9999999913852662,0.9999999974388629
reach-wall,5,6,4,spatial_distance_patches,32,32,7.147807770551781,7.14088774327565,7.154681295847481
reach-wall,5,6,4,temporal_distance_frames,32,32,0.0024474972194236675,0.0023727466809071295,0.002521104626170651
reach-wall,5,6,4,conditioning_mass,32,32,0.0,0.0,0.0
reach-wall,5,6,4,visual_mass,32,32,0.9999999946448952,0.9999999920837581,0.9999999972060323
reach-wall,5,6,5,spatial_distance_patches,32,32,7.313938856324871,7.3090558643226435,7.318381274031024
reach-wall,5,6,5,temporal_distance_frames,32,32,0.007365177750066669,0.007188487902701708,0.007542897753426982
reach-wall,5,6,5,conditioning_mass,32,32,0.0,0.0,0.0
reach-wall,5,6,5,visual_mass,32,32,0.9999999948777258,0.9999999925494194,0.9999999972060323
reach-wall,5,6,6,spatial_distance_patches,32,32,7.176361050896842,7.162763482653813,7.189117245510347
reach-wall,5,6,6,temporal_distance_frames,32,32,0.004757060495554286,0.004664487796894401,0.004850016182717001
reach-wall,5,6,6,conditioning_mass,32,32,0.0,0.0,0.0
reach-wall,5,6,6,visual_mass,32,32,0.9999999937135726,0.9999999911524355,0.9999999958090484
reach-wall,5,6,7,spatial_distance_patches,32,32,7.349339506706233,7.339180222924717,7.360048323487479
reach-wall,5,6,7,temporal_distance_frames,32,32,0.0020580191697128214,0.0020057891128236736,0.002115056859288429
reach-wall,5,6,7,conditioning_mass,32,32,0.0,0.0,0.0
reach-wall,5,6,7,visual_mass,32,32,0.9999999930150807,0.9999999906867743,0.9999999955762178
reach-wall,5,6,8,spatial_distance_patches,32,32,4.868237859157865,4.856624357233844,4.879246818451983
reach-wall,5,6,8,temporal_distance_frames,32,32,0.020055442223149485,0.019619556177641127,0.02049384931472081
reach-wall,5,6,8,conditioning_mass,32,32,0.0,0.0,0.0
reach-wall,5,6,8,visual_mass,32,32,0.9999999951105565,0.9999999923165888,0.9999999976716936
reach-wall,5,6,9,spatial_distance_patches,32,32,5.356133921841934,5.350695263037368,5.360990384063652
reach-wall,5,6,9,temporal_distance_frames,32,32,0.12017727751556034,0.11819945450780997,0.12199648420034713
reach-wall,5,6,9,conditioning_mass,32,32,0.0,0.0,0.0
reach-wall,5,6,9,visual_mass,32,32,0.9999999939464033,0.9999999918509275,0.9999999960418791
reach-wall,5,6,10,spatial_distance_patches,32,32,5.0238939757450165,5.017821390776462,5.029741207816551
reach-wall,5,6,10,temporal_distance_frames,32,32,0.0025820450048211095,0.0025354781807775846,0.0026280972264260505
reach-wall,5,6,10,conditioning_mass,32,32,0.0,0.0,0.0
reach-wall,5,6,10,visual_mass,32,32,0.9999999953433871,0.99999999278225,0.9999999979045242
reach-wall,5,6,11,spatial_distance_patches,32,32,7.1001155597359515,7.087667967078252,7.111579695250787
reach-wall,5,6,11,temporal_distance_frames,32,32,0.0023378744694318395,0.002285838838108414,0.002393689609263998
reach-wall,5,6,11,conditioning_mass,32,32,0.0,0.0,0.0
reach-wall,5,6,11,visual_mass,32,32,0.9999999955762178,0.999999993480742,0.9999999974388629
reach-wall,5,6,12,spatial_distance_patches,32,32,7.231400575498209,7.222084911415198,7.240884508279507
reach-wall,5,6,12,temporal_distance_frames,32,32,0.0008358873315377585,0.0008220169469717319,0.0008518538090450692
reach-wall,5,6,12,conditioning_mass,32,32,0.0,0.0,0.0
reach-wall,5,6,12,visual_mass,32,32,0.99999999278225,0.9999999899882823,0.9999999953433871
reach-wall,5,6,13,spatial_distance_patches,32,32,7.2587377171007095,7.245722502852303,7.271439546687604
reach-wall,5,6,13,temporal_distance_frames,32,32,0.0003689228060952213,0.0003574936286243622,0.00038054147018517137
reach-wall,5,6,13,conditioning_mass,32,32,0.0,0.0,0.0
reach-wall,5,6,13,visual_mass,32,32,0.99999999278225,0.9999999899882823,0.9999999953433871
reach-wall,5,6,14,spatial_distance_patches,32,32,5.965369552209827,5.960446430482325,5.970315537728271
reach-wall,5,6,14,temporal_distance_frames,32,32,0.013530601490402477,0.01327810858724649,0.01377853924742438
reach-wall,5,6,14,conditioning_mass,32,32,0.0,0.0,0.0
reach-wall,5,6,14,visual_mass,32,32,0.9999999953433871,0.9999999925494194,0.9999999981373549
reach-wall,5,6,15,spatial_distance_patches,32,32,6.863781761478789,6.8519890385075435,6.875691746338659
reach-wall,5,6,15,temporal_distance_frames,32,32,0.00865294314504306,0.008395776527510083,0.008884208057107752
reach-wall,5,6,15,conditioning_mass,32,32,0.0,0.0,0.0
reach-wall,5,6,15,visual_mass,32,32,0.9999999951105565,0.99999999278225,0.9999999974388629
