task,episode,iteration,compact_array_recalculation,proposal_entropy_nats,proposal_std_mean,best_cost,best_runnerup_margin,elite_boundary_margin
reach,0,0,True,170.2726239845607,1.0,1.8605543375015259,0.12440919876098633,0.0012960433959960938
reach,0,1,True,162.9746060970802,0.9671650528907776,1.4528590440750122,0.0910499095916748,0.009011030197143555
reach,0,2,True,154.39472010233013,0.9272307753562927,1.2483776807785034,0.05587315559387207,0.014153003692626953
reach,0,3,True,142.23714372735975,0.8525795340538025,1.0692633390426636,0.028371214866638184,0.02317488193511963
reach,0,4,True,139.75073303790262,0.8707234263420105,0.9140998721122742,0.07429772615432739,0.0001544952392578125
reach,0,5,True,133.1212046475533,0.8393136858940125,0.8661912679672241,0.0016731619834899902,0.004643261432647705
reach,0,6,True,127.57369718910462,0.819505512714386,0.7885997891426086,0.0007851719856262207,0.0020992159843444824
reach,0,7,True,115.5501991972526,0.7693643569946289,0.7577071785926819,0.0009235739707946777,0.002085745334625244
reach,0,8,True,109.12458221522661,0.7579271793365479,0.7176956534385681,0.014196038246154785,0.00035691261291503906
reach,0,9,True,93.24056635035193,0.6745513081550598,0.7224214673042297,0.002401411533355713,0.001425623893737793
reach,0,10,True,73.35428600164428,0.5883939266204834,0.7048069834709167,0.0029184818267822266,0.0005815625190734863
reach,0,11,True,56.84592970928691,0.5393285155296326,0.6986194849014282,0.003853321075439453,0.0015919804573059082
reach,0,12,True,33.52596541200458,0.4585476517677307,0.6905546188354492,0.0011886358261108398,3.4332275390625e-05
reach,0,13,True,17.6198247852086,0.4048704206943512,0.6822246313095093,0.0032575130462646484,0.0005823373794555664
reach,0,14,True,4.8582728531388,0.3695299029350281,0.6748165488243103,0.0050563812255859375,0.00021606683731079102
reach,1,0,True,170.2726239845607,1.0,1.946353554725647,0.039246439933776855,0.0017080307006835938
reach,1,1,True,166.63492930941868,0.9887564182281494,1.6223106384277344,0.07771658897399902,0.00237119197845459
reach,1,2,True,157.74887855673467,0.9469519853591919,1.2256922721862793,0.2018953561782837,0.0001723766326904297
reach,1,3,True,150.05568140475827,0.9092302918434143,1.2017048597335815,0.01712965965270996,0.009004592895507812
reach,1,4,True,141.4795435708063,0.868023157119751,0.9702240228652954,0.00859147310256958,0.0006822347640991211
reach,1,5,True,135.46647742310495,0.8497452139854431,0.8052997589111328,0.005978822708129883,0.001275181770324707
reach,1,6,True,128.02554131003774,0.8012291193008423,0.7255020141601562,0.0038503408432006836,0.0002703070640563965
reach,1,7,True,120.12735943886729,0.7723782658576965,0.6598378419876099,0.0002465248107910156,0.005528688430786133
reach,1,8,True,109.70612505990897,0.7217146754264832,0.6000488996505737,0.008279263973236084,0.000577092170715332
reach,1,9,True,103.09137638243912,0.6771891713142395,0.5496482253074646,0.0030741095542907715,0.002149045467376709
reach,1,10,True,98.30404737557168,0.6546589136123657,0.5121321082115173,0.0034076571464538574,0.001414179801940918
reach,1,11,True,90.53326256450035,0.6278926730155945,0.48132601380348206,0.008225202560424805,7.62939453125e-06
reach,1,12,True,85.42008759461578,0.6172574162483215,0.4763154983520508,0.0024722814559936523,1.6987323760986328e-05
reach,1,13,True,78.00104641924558,0.5992820858955383,0.4526734948158264,0.005867600440979004,0.0005318224430084229
reach,1,14,True,69.55134878538733,0.5583904981613159,0.4499627351760864,0.002377748489379883,0.00015738606452941895
reach,2,0,True,170.2726239845607,1.0,2.046140432357788,0.005929231643676758,0.005892753601074219
reach,2,1,True,163.91049988563606,0.9763193726539612,1.6409010887145996,0.03190279006958008,0.0011571645736694336
reach,2,2,True,154.00501099260435,0.9274225234985352,1.2854758501052856,0.09615588188171387,0.003484964370727539
reach,2,3,True,142.8221615427073,0.8677833676338196,1.218608021736145,0.016854286193847656,0.0041817426681518555
reach,2,4,True,128.2436934071959,0.7811042666435242,0.9905496835708618,0.08078444004058838,0.007262110710144043
reach,2,5,True,116.6793055687531,0.7335240840911865,0.8846404552459717,0.003230869770050049,0.004930078983306885
reach,2,6,True,111.66950842480398,0.7360003590583801,0.7916438579559326,0.009695649147033691,0.003773212432861328
reach,2,7,True,105.65862425133717,0.7015469670295715,0.6438761353492737,0.03767204284667969,0.006549656391143799
reach,2,8,True,102.35681604106934,0.706542432308197,0.602459728717804,0.00407719612121582,0.0035576820373535156
reach,2,9,True,93.81358919683043,0.6630048155784607,0.5507616996765137,0.008470296859741211,0.0024746060371398926
reach,2,10,True,83.84439208308237,0.6177818775177002,0.5154934525489807,0.0023050308227539062,0.0016669631004333496
reach,2,11,True,75.0422469217828,0.58549565076828,0.45599284768104553,0.026335030794143677,0.0009976625442504883
reach,2,12,True,63.84350455519315,0.552979588508606,0.44424349069595337,0.0006778538227081299,3.451108932495117e-05
reach,2,13,True,56.4958847973367,0.5357045531272888,0.4146696925163269,0.010537534952163696,0.0013415813446044922
reach,2,14,True,48.306623373120004,0.516124963760376,0.4134875535964966,0.0013495385646820068,0.0001004338264465332
reach,3,0,True,170.2726239845607,1.0,2.341876268386841,0.08774161338806152,0.00042510032653808594
reach,3,1,True,166.50137235215794,0.9975904822349548,2.035784959793091,0.027877092361450195,0.012153148651123047
reach,3,2,True,157.89726449864895,0.9621654152870178,1.3410429954528809,0.14129114151000977,0.027524232864379883
reach,3,3,True,151.74581256448766,0.9498012065887451,1.2006641626358032,0.010603904724121094,0.0012241601943969727
reach,3,4,True,141.8733805201103,0.8999871611595154,0.8614848852157593,0.021121501922607422,0.010694384574890137
reach,3,5,True,127.61288282391365,0.8275936841964722,0.7604360580444336,0.00011426210403442383,0.005362153053283691
reach,3,6,True,121.59267011197284,0.8051784038543701,0.6959426999092102,0.01118093729019165,0.0010015368461608887
reach,3,7,True,111.10568102420424,0.7481881976127625,0.6335532665252686,0.015482068061828613,0.001248002052307129
reach,3,8,True,102.43384259444761,0.7124517560005188,0.6004837155342102,0.007088899612426758,0.0010802149772644043
reach,3,9,True,92.77289994133656,0.6663354635238647,0.5594190359115601,0.0015781521797180176,9.381771087646484e-05
reach,3,10,True,83.88954927398896,0.6393116116523743,0.5045481324195862,0.018607020378112793,0.0002875328063964844
reach,3,11,True,65.36563833794341,0.5445634722709656,0.5079172849655151,0.0013872385025024414,0.0018596649169921875
reach,3,12,True,46.225666045839034,0.46868985891342163,0.48542320728302,0.005299627780914307,0.0003910064697265625
reach,3,13,True,30.159637942523492,0.43111276626586914,0.47976571321487427,0.0018496215343475342,0.00039765238761901855
reach,3,14,True,17.156975776036077,0.3797655701637268,0.4677754044532776,0.005739748477935791,0.0008225440979003906
reach,4,0,True,170.2726239845607,1.0,1.5713703632354736,0.07408356666564941,0.0011756420135498047
reach,4,1,True,166.22942115853655,0.9961943030357361,1.033963918685913,0.1731811761856079,0.007417201995849609
reach,4,2,True,159.08938928906565,0.9618932008743286,0.930542528629303,0.013236165046691895,0.0015006065368652344
reach,4,3,True,147.89598973740175,0.8963593244552612,0.7668331265449524,0.007713019847869873,0.002034425735473633
reach,4,4,True,138.9298760618485,0.8555085062980652,0.5703732967376709,0.039703965187072754,0.0114554762840271
reach,4,5,True,123.85737185325469,0.7813172936439514,0.496047705411911,0.017230838537216187,0.0023466944694519043
reach,4,6,True,114.66174464333946,0.7338815927505493,0.45645347237586975,0.001679837703704834,0.0022056400775909424
reach,4,7,True,106.26001648380603,0.704501211643219,0.4174953103065491,0.002416253089904785,0.0004519820213317871
reach,4,8,True,101.95689199163097,0.6766745448112488,0.41110923886299133,0.0035101473331451416,0.0012150704860687256
reach,4,9,True,86.11687624249606,0.608142077922821,0.4026494026184082,0.00225067138671875,0.00027629733085632324
reach,4,10,True,70.9543867125073,0.5440689325332642,0.3946768045425415,0.0009967684745788574,0.0004042685031890869
reach,4,11,True,54.64438687114486,0.47582054138183594,0.3893749713897705,0.0010018646717071533,0.0006999075412750244
reach,4,12,True,46.301122519444505,0.4507271349430084,0.3839230239391327,0.0010460913181304932,0.00011345744132995605
reach,4,13,True,31.66395501796417,0.4115108251571655,0.3809714615345001,0.0005132555961608887,4.2825937271118164e-05
reach,4,14,True,12.707103375402113,0.35174429416656494,0.3783380091190338,0.00047132372856140137,0.00011816620826721191
reach,5,0,True,170.2726239845607,1.0,1.983659029006958,0.045953989028930664,0.017545700073242188
reach,5,1,True,167.51646107673335,1.002790093421936,1.5574519634246826,0.03142118453979492,0.026633858680725098
reach,5,2,True,163.31468684762356,0.9917096495628357,1.2751058340072632,0.011502981185913086,0.013704299926757812
reach,5,3,True,156.43001746898847,0.9626297354698181,0.9786337614059448,0.08197164535522461,0.0033074617385864258
reach,5,4,True,142.2855947646787,0.8837983012199402,0.9031057953834534,0.0043621063232421875,0.004284322261810303
reach,5,5,True,132.70679980932346,0.8496327996253967,0.7913740873336792,0.001394033432006836,0.004228413105010986
reach,5,6,True,127.04484011354845,0.8328617811203003,0.7171022891998291,0.0006911754608154297,0.004041731357574463
reach,5,7,True,119.7531894305059,0.8116779923439026,0.6753436923027039,0.006767451763153076,0.0010835528373718262
reach,5,8,True,108.02310410988599,0.7554157972335815,0.6366363167762756,0.004255890846252441,0.004058837890625
reach,5,9,True,102.44665929974988,0.7362980246543884,0.6216854453086853,0.0015519261360168457,0.00044268369674682617
reach,5,10,True,84.26870160189839,0.6557820439338684,0.5946610569953918,0.008591055870056152,0.0017426609992980957
reach,5,11,True,68.72505287097243,0.573611855506897,0.5848222970962524,0.0003394484519958496,0.0020061731338500977
reach,5,12,True,52.19273872230673,0.5032204985618591,0.5621457695960999,0.002222597599029541,4.935264587402344e-05
reach,5,13,True,34.73458183832706,0.4254456162452698,0.5548592805862427,0.0031346678733825684,1.0728836059570312e-05
reach,5,14,True,27.560851408513912,0.3992556631565094,0.5473963618278503,0.0004668235778808594,0.00035381317138671875
reach,6,0,True,170.2726239845607,1.0,1.4310842752456665,0.06014358997344971,0.037203192710876465
reach,6,1,True,164.8629889290501,0.9849047064781189,0.7642579674720764,0.07534337043762207,0.02913224697113037
reach,6,2,True,157.98209789615316,0.9590081572532654,0.3468458652496338,0.09497925639152527,0.0066759586334228516
reach,6,3,True,150.27539709156272,0.9279504418373108,0.35555166006088257,1.2516975402832031e-06,0.0003445744514465332
reach,6,4,True,148.8243054401127,0.9509596228599548,0.3475461006164551,0.00010728836059570312,0.0023037195205688477
reach,6,5,True,130.88186682468768,0.8330049514770508,0.3416960835456848,0.0005777478218078613,0.0008661448955535889
reach,6,6,True,112.96936540072565,0.7247625589370728,0.3333479166030884,0.0061300694942474365,0.002393394708633423
reach,6,7,True,99.63212936810913,0.676813542842865,0.3334456980228424,0.0017198622226715088,0.0020406246185302734
reach,6,8,True,85.65450505967578,0.6291601657867432,0.33291396498680115,0.0008895397186279297,0.0005244910717010498
reach,6,9,True,63.69276840226599,0.5370699167251587,0.321919709444046,0.011261135339736938,1.0013580322265625e-05
reach,6,10,True,38.96883201966432,0.43529441952705383,0.3186976909637451,0.009964287281036377,0.00010722875595092773
reach,6,11,True,24.109044349002467,0.39053887128829956,0.3191547095775604,0.001017153263092041,0.0014355182647705078
reach,6,12,True,9.920839689171899,0.3507486879825592,0.31401219964027405,0.004786282777786255,0.0009183585643768311
reach,6,13,True,-4.748444843156629,0.32170137763023376,0.3133838474750519,0.00010663270950317383,0.0004989802837371826
reach,6,14,True,-20.861250150484047,0.2813812792301178,0.31231698393821716,0.00010800361633300781,0.0008646845817565918
reach,7,0,True,170.2726239845607,1.0,2.2355871200561523,0.0055882930755615234,0.0006873607635498047
reach,7,1,True,166.33087144206064,0.9941236972808838,1.8499685525894165,0.013833045959472656,0.003343343734741211
reach,7,2,True,161.49763142380857,0.9793576598167419,1.5098201036453247,0.046669721603393555,0.012172579765319824
reach,7,3,True,152.50237924899486,0.9415172934532166,1.2549208402633667,0.04254639148712158,0.016172170639038086
reach,7,4,True,145.14663743243568,0.9229001402854919,1.143141508102417,0.028927087783813477,0.008120894432067871
reach,7,5,True,142.46437520247179,0.9282670617103577,1.0717573165893555,0.01245129108428955,0.000820159912109375
reach,7,6,True,137.13483054052827,0.907463014125824,0.9844040870666504,0.012410998344421387,2.4557113647460938e-05
reach,7,7,True,124.75841330868303,0.8385512232780457,0.902644157409668,0.016488254070281982,0.0003845095634460449
reach,7,8,True,116.5585662720058,0.8188287019729614,0.8473540544509888,0.0014795660972595215,0.00016301870346069336
reach,7,9,True,108.30121863874291,0.7716656923294067,0.807716429233551,0.007443904876708984,0.003575921058654785
reach,7,10,True,99.15560684490654,0.7227308750152588,0.7583935260772705,0.025473833084106445,0.00027865171432495117
reach,7,11,True,87.94292290273512,0.6772762537002563,0.7272248268127441,0.008970797061920166,0.0007824897766113281
reach,7,12,True,81.93778600317623,0.6688624024391174,0.675051212310791,0.013446509838104248,0.0014542341232299805
reach,7,13,True,69.02269364211979,0.5908483862876892,0.6526803970336914,0.0008469820022583008,0.0002351999282836914
reach,7,14,True,49.65275206287478,0.5005679726600647,0.6234822273254395,0.007799863815307617,0.0031663179397583008
reach,8,0,True,170.2726239845607,1.0,1.7591147422790527,0.01541447639465332,0.011309385299682617
reach,8,1,True,162.2012335152736,0.9641152024269104,1.3512095212936401,0.018291711807250977,0.008862614631652832
reach,8,2,True,152.47382440005208,0.9151288270950317,1.0791724920272827,0.0009191036224365234,0.004530668258666992
reach,8,3,True,148.40645447807054,0.9089527130126953,0.7974309325218201,0.10904401540756226,0.005182504653930664
reach,8,4,True,142.3527244711421,0.8822218775749207,0.7499661445617676,0.0006126761436462402,0.009072542190551758
reach,8,5,True,137.49806985147242,0.8697765469551086,0.6093831062316895,0.012355804443359375,0.0009943246841430664
reach,8,6,True,125.98827236376965,0.8033550977706909,0.5306115746498108,0.02146005630493164,0.0006264448165893555
reach,8,7,True,117.87212249675919,0.7665374279022217,0.4643586575984955,0.0014354884624481201,0.0020322203636169434
reach,8,8,True,114.81668242544069,0.7644097805023193,0.4283594787120819,0.00176200270652771,0.0016906261444091797
reach,8,9,True,106.37699762788475,0.724736750125885,0.41116777062416077,0.006898850202560425,0.0018974542617797852
reach,8,10,True,86.24815080319166,0.6304581761360168,0.4071393311023712,0.003167957067489624,6.589293479919434e-05
reach,8,11,True,74.47269954267163,0.5940420627593994,0.39894792437553406,0.003940969705581665,0.0010738074779510498
reach,8,12,True,59.29383980334254,0.5230637788772583,0.39156681299209595,0.006972759962081909,0.0007499754428863525
reach,8,13,True,47.757295659776176,0.4859428405761719,0.39206817746162415,0.0005522966384887695,0.00040981173515319824
reach,8,14,True,30.087830610017534,0.41635429859161377,0.38665100932121277,0.0006104707717895508,0.0005454719066619873
reach,9,0,True,170.2726239845607,1.0,2.222231864929199,0.04161715507507324,0.0008411407470703125
reach,9,1,True,165.62198496246168,0.9878304600715637,1.9092059135437012,0.05719411373138428,0.00523686408996582
reach,9,2,True,158.74330014431595,0.9598865509033203,1.7290900945663452,0.018572688102722168,0.00011682510375976562
reach,9,3,True,149.39730394432263,0.9229241013526917,1.458452582359314,0.03391921520233154,0.00635528564453125
reach,9,4,True,148.24367532107914,0.9402255415916443,1.2577943801879883,0.001150965690612793,0.004824042320251465
reach,9,5,True,141.06087734206332,0.9064691662788391,1.1157525777816772,0.010059952735900879,0.0012695789337158203
reach,9,6,True,134.95570859552004,0.8736854791641235,0.9832117557525635,0.020813345909118652,0.0005218982696533203
reach,9,7,True,130.84678010787815,0.8676229119300842,0.85358726978302,0.012329816818237305,0.0010989904403686523
reach,9,8,True,123.24188290418293,0.8326941132545471,0.78892982006073,0.0023952722549438477,0.0007717013359069824
reach,9,9,True,111.32885480471231,0.7600557804107666,0.7547494173049927,0.0024256110191345215,0.0003281235694885254
reach,9,10,True,91.62170713103335,0.6659610271453857,0.7379054427146912,0.0051746368408203125,0.0003535747528076172
reach,9,11,True,83.21797552116152,0.6327610015869141,0.7223139405250549,0.0031341910362243652,4.351139068603516e-06
reach,9,12,True,74.4099782901094,0.606915295124054,0.7161946892738342,0.0007398128509521484,0.00040990114212036133
reach,9,13,True,64.29501240683376,0.571252703666687,0.7093304991722107,0.0002512931823730469,0.00014859437942504883
reach,9,14,True,48.5118681294667,0.5110843777656555,0.7057192325592041,3.2961368560791016e-05,0.00014770030975341797
reach,10,0,True,170.2726239845607,1.0,1.5414392948150635,0.10264825820922852,0.0006788969039916992
reach,10,1,True,168.66750101775023,1.011803150177002,1.036985993385315,0.030035734176635742,0.006952404975891113
reach,10,2,True,162.09192342365938,0.992382287979126,0.8533029556274414,0.001638174057006836,0.016502678394317627
reach,10,3,True,162.3853889740359,1.0210405588150024,0.6108306050300598,0.03248649835586548,0.0029056668281555176
reach,10,4,True,149.92062176912128,0.9505936503410339,0.49582597613334656,0.05514761805534363,0.0019288063049316406
reach,10,5,True,142.1100680892065,0.9090486764907837,0.41123148798942566,0.033685654401779175,3.5315752029418945e-05
reach,10,6,True,131.96128101010288,0.8522284030914307,0.3857206404209137,0.0018947124481201172,0.008525997400283813
reach,10,7,True,122.96826448040376,0.7873558402061462,0.3775452971458435,0.0021284818649291992,0.0006051361560821533
reach,10,8,True,106.24291550180969,0.695498526096344,0.36883464455604553,0.0036088228225708008,4.965066909790039e-05
reach,10,9,True,87.17827739020873,0.6108667850494385,0.3645336329936981,0.0016287565231323242,0.00038319826126098633
reach,10,10,True,77.16265937852236,0.56010901927948,0.35189005732536316,0.003921091556549072,0.0029259920120239258
reach,10,11,True,57.292356658269775,0.47272178530693054,0.3516775965690613,0.0027289092540740967,0.00017547607421875
reach,10,12,True,43.20388497746112,0.4310060739517212,0.34890156984329224,0.00010895729064941406,2.3126602172851562e-05
reach,10,13,True,31.966357631258386,0.3965868353843689,0.3425484895706177,0.0032957792282104492,0.00020781159400939941
reach,10,14,True,13.829588922947108,0.35007694363594055,0.3407782018184662,0.0006913840770721436,0.00027066469192504883
reach,11,0,True,170.2726239845607,1.0,2.390341281890869,0.04577493667602539,0.002926349639892578
reach,11,1,True,165.77883021510874,0.9878965020179749,2.067206859588623,0.02152109146118164,0.004522085189819336
reach,11,2,True,158.79593644852918,0.9604867696762085,1.8056598901748657,0.012495756149291992,0.0008072853088378906
reach,11,3,True,151.6950073561993,0.9246512651443481,1.5930272340774536,0.019863128662109375,0.0026464462280273438
reach,11,4,True,147.32256383120122,0.9010747075080872,1.3913425207138062,0.0099107027053833,0.008753180503845215
reach,11,5,True,137.507021474072,0.8583006262779236,1.1895824670791626,0.046321868896484375,0.004460453987121582
reach,11,6,True,130.74000384811083,0.8113445043563843,1.0360636711120605,0.03549158573150635,0.00025093555450439453
reach,11,7,True,121.78874772512992,0.7825595736503601,0.990301251411438,0.00503164529800415,0.0018923282623291016
reach,11,8,True,115.74090816607466,0.7543108463287354,0.95399010181427,0.0046120285987854,0.00027114152908325195
reach,11,9,True,102.6321157099336,0.7004410624504089,0.9408848285675049,0.001049816608428955,0.0008865594863891602
reach,11,10,True,95.26531722633194,0.6706100702285767,0.9207830429077148,0.0088728666305542,0.00022834539413452148
reach,11,11,True,76.15967219795587,0.5795913934707642,0.9120408892631531,0.0027568936347961426,7.426738739013672e-05
reach,11,12,True,65.43739818573393,0.547926127910614,0.9066486954689026,0.0013295412063598633,1.150369644165039e-05
reach,11,13,True,46.6602469331754,0.4812707304954529,0.8986973166465759,0.00044143199920654297,0.0008377432823181152
reach,11,14,True,30.102074990286198,0.41613370180130005,0.8922902941703796,0.0008224844932556152,9.733438491821289e-05
reach,12,0,True,170.2726239845607,1.0,2.731372833251953,0.009073257446289062,0.002481222152709961
reach,12,1,True,163.09115868658304,0.970738410949707,2.5084526538848877,0.02818918228149414,0.0007016658782958984
reach,12,2,True,154.5488627978378,0.9394683837890625,2.2168121337890625,0.08788132667541504,0.003481626510620117
reach,12,3,True,146.82854108349613,0.9090772867202759,1.835776686668396,0.19470727443695068,0.0013203620910644531
reach,12,4,True,136.92827456905917,0.8612409234046936,1.7131084203720093,0.06364405155181885,0.00040602684020996094
reach,12,5,True,127.18509073260222,0.8294633030891418,1.632739543914795,0.0437469482421875,0.001873612403869629
reach,12,6,True,119.85869222270183,0.7861307263374329,1.5440312623977661,0.005392551422119141,0.0003610849380493164
reach,12,7,True,107.14585855929299,0.7345845699310303,1.3436815738677979,0.08701252937316895,0.0036962032318115234
reach,12,8,True,103.97467175172449,0.7155811190605164,1.24187433719635,0.030905723571777344,0.0006093978881835938
reach,12,9,True,96.08690375759234,0.6996299624443054,1.1738510131835938,0.01003885269165039,0.0020432472229003906
reach,12,10,True,86.96044047404435,0.6567115783691406,1.0955750942230225,0.021155953407287598,0.00022614002227783203
reach,12,11,True,77.21098973437884,0.6407690644264221,1.081994891166687,0.0073500871658325195,7.331371307373047e-05
reach,12,12,True,68.04490712285472,0.6072215437889099,1.032703161239624,0.005766868591308594,0.0035980939865112305
reach,12,13,True,58.648226474786036,0.5591156482696533,1.0024913549423218,0.010977506637573242,0.00044357776641845703
reach,12,14,True,52.52395221620286,0.5286029577255249,0.9675244092941284,0.007510960102081299,0.0002605915069580078
reach,13,0,True,170.2726239845607,1.0,1.6870659589767456,0.0074160099029541016,0.016209721565246582
reach,13,1,True,166.57613154720133,0.9974423050880432,1.2992197275161743,0.022492527961730957,0.006571650505065918
reach,13,2,True,158.5650078970796,0.9540368318557739,1.0656496286392212,0.059983134269714355,0.02701091766357422
reach,13,3,True,147.71300168828884,0.9059001207351685,0.8328762650489807,0.010054945945739746,0.0014095306396484375
reach,13,4,True,142.77739116477784,0.8972939848899841,0.7447406649589539,0.0038059353828430176,0.005325019359588623
reach,13,5,True,133.82271517215935,0.8649485111236572,0.6122774481773376,0.017657935619354248,0.00029605627059936523
reach,13,6,True,125.4436755698993,0.8296949863433838,0.5316126346588135,0.03466463088989258,0.0048416852951049805
reach,13,7,True,117.32777406672784,0.7688409090042114,0.4851599633693695,0.0030582547187805176,0.0011783838272094727
reach,13,8,True,104.87149205828395,0.7171079516410828,0.4683409333229065,0.001790463924407959,0.000443190336227417
reach,13,9,True,93.78212259953352,0.6776180267333984,0.4271758794784546,0.007712334394454956,0.0004846155643463135
reach,13,10,True,91.30767451958985,0.6786529421806335,0.41546282172203064,0.0027309954166412354,0.000919342041015625
reach,13,11,True,79.21386317981951,0.6212562322616577,0.3955172300338745,0.0033091306686401367,0.0008687078952789307
reach,13,12,True,69.84181488783325,0.5831122994422913,0.38920268416404724,0.0016238391399383545,0.0006666779518127441
reach,13,13,True,54.573637442639466,0.5254265666007996,0.3861832916736603,0.0011909306049346924,0.00014889240264892578
reach,13,14,True,33.266348135244236,0.4347441494464874,0.3779643177986145,0.0009373128414154053,1.481175422668457e-05
reach,14,0,True,170.2726239845607,1.0,1.9059714078903198,0.0715872049331665,0.0016930103302001953
reach,14,1,True,163.6891548897365,0.9771510362625122,1.7333688735961914,0.005352497100830078,0.0008993148803710938
reach,14,2,True,156.33008057464173,0.9424191117286682,1.3170076608657837,0.01736629009246826,0.00033223628997802734
reach,14,3,True,146.21782310831702,0.9026689529418945,1.0488766431808472,0.02940499782562256,0.0037137269973754883
reach,14,4,True,140.5880396343525,0.8912907838821411,0.960351288318634,0.008536279201507568,0.00012087821960449219
reach,14,5,True,131.14619489414108,0.8463335633277893,0.8688275218009949,0.003674447536468506,0.0008265972137451172
reach,14,6,True,124.26007444426638,0.8045024275779724,0.7561382055282593,0.002626776695251465,0.002809584140777588
reach,14,7,True,116.1288378218243,0.7803730368614197,0.7018134593963623,0.004050612449645996,0.00022035837173461914
reach,14,8,True,104.56967369400783,0.7151311635971069,0.669693648815155,0.004867434501647949,0.00024127960205078125
reach,14,9,True,97.65910838501081,0.6893689632415771,0.6454761028289795,0.00409466028213501,0.0004565715789794922
reach,14,10,True,84.70045912230785,0.6317890882492065,0.6297098398208618,0.0015811920166015625,0.0001285076141357422
reach,14,11,True,65.90539685254309,0.5530807971954346,0.6221105456352234,0.000962376594543457,0.0005263090133666992
reach,14,12,True,52.69577864834939,0.5042287111282349,0.6096033453941345,0.0018243789672851562,0.000552833080291748
reach,14,13,True,44.982584658976776,0.4788719415664673,0.598114013671875,0.0009739398956298828,0.000551760196685791
reach,14,14,True,32.91362033383331,0.4409295916557312,0.587190568447113,0.0027947425842285156,0.00011968612670898438
reach,15,0,True,170.2726239845607,1.0,1.946287751197815,0.0175020694732666,0.025425434112548828
reach,15,1,True,165.08538379909987,0.9844864010810852,1.3879082202911377,0.002856612205505371,0.011728286743164062
reach,15,2,True,158.90117740017712,0.9594708681106567,0.8731668591499329,0.04254412651062012,0.01804673671722412
reach,15,3,True,151.8008896114549,0.9345415830612183,0.6337860226631165,0.045166194438934326,0.007392942905426025
reach,15,4,True,147.6630310820761,0.9240646362304688,0.49925944209098816,0.006436437368392944,0.007665157318115234
reach,15,5,True,134.90655167812398,0.8312301635742188,0.44581615924835205,0.014316797256469727,0.0002872347831726074
reach,15,6,True,122.6730578840428,0.7755442261695862,0.4356819689273834,0.008536934852600098,7.781386375427246e-05
reach,15,7,True,111.31802956695233,0.7249998450279236,0.43621039390563965,0.0010169744491577148,5.066394805908203e-05
reach,15,8,True,93.8896523397667,0.6378133893013,0.4311189651489258,0.0025067925453186035,7.981061935424805e-05
reach,15,9,True,75.27617402637995,0.5607954859733582,0.42592790722846985,0.0013113617897033691,0.001343369483947754
reach,15,10,True,58.29035543016174,0.5084882378578186,0.4257628619670868,0.002909839153289795,0.00011783838272094727
reach,15,11,True,46.48385886703575,0.4593554735183716,0.42172670364379883,0.0019690096378326416,0.00046575069427490234
reach,15,12,True,33.40511798341777,0.42111796140670776,0.4177359640598297,0.0030546486377716064,0.0017271339893341064
reach,15,13,True,17.32914100878461,0.3817541003227234,0.4000176191329956,0.0040718019008636475,0.00038740038871765137
reach,15,14,True,9.586094590058385,0.36576300859451294,0.38936376571655273,0.014289170503616333,9.760260581970215e-05
reach,16,0,True,170.2726239845607,1.0,1.8973966836929321,0.10586845874786377,0.0017192363739013672
reach,16,1,True,166.85650047150972,1.0066611766815186,1.1781541109085083,0.08402490615844727,0.028296470642089844
reach,16,2,True,160.07986804995267,0.9962403774261475,0.8802852630615234,0.05122971534729004,0.00027358531951904297
reach,16,3,True,151.47327451510017,0.9653128385543823,0.7055395245552063,0.014913856983184814,0.0007559061050415039
reach,16,4,True,142.97339273757242,0.9263371229171753,0.5749018788337708,0.0011188983917236328,0.002146422863006592
reach,16,5,True,140.2779935193183,0.9202490448951721,0.494292289018631,0.011193722486495972,0.00022685527801513672
reach,16,6,True,132.3016042065662,0.8728715181350708,0.44352057576179504,0.002948582172393799,0.002138584852218628
reach,16,7,True,125.77276224763679,0.8591673374176025,0.42331662774086,0.004203110933303833,0.0019008517265319824
reach,16,8,True,110.81367871354766,0.7983792424201965,0.4271015226840973,0.00019851326942443848,0.002027183771133423
reach,16,9,True,97.22162126904648,0.7256335020065308,0.4103207588195801,0.009330451488494873,0.0010907948017120361
reach,16,10,True,77.57322047282926,0.6324504017829895,0.4134947955608368,0.002607017755508423,0.00044664740562438965
reach,16,11,True,65.7509284571382,0.5775741338729858,0.4100976884365082,0.0022478997707366943,0.0006019473075866699
reach,16,12,True,45.92432605001877,0.4810788035392761,0.4073827862739563,0.0011886358261108398,0.0011223554611206055
reach,16,13,True,28.484514957279146,0.43183180689811707,0.4039969742298126,0.0004940032958984375,0.00043016672134399414
reach,16,14,True,14.28784543318733,0.3773593306541443,0.3998301029205322,0.0021161139011383057,0.0008775293827056885
reach,17,0,True,170.2726239845607,1.0,2.573225259780884,0.02071690559387207,0.0031321048736572266
reach,17,1,True,164.76616576215298,0.9964665770530701,2.3241002559661865,0.006264686584472656,0.011355400085449219
reach,17,2,True,152.78960642470872,0.9241541624069214,1.7158833742141724,0.0457381010055542,0.008272886276245117
reach,17,3,True,144.37010697160594,0.8779962062835693,1.4320682287216187,0.04623675346374512,0.00028252601623535156
reach,17,4,True,136.75743734087774,0.8392978310585022,1.1426705121994019,0.02891361713409424,0.00946033000946045
reach,17,5,True,127.72044353066768,0.7966321706771851,1.0582047700881958,0.004487514495849609,9.1552734375e-05
reach,17,6,True,121.47393091188562,0.7657190561294556,0.9540635943412781,0.006808817386627197,0.0017147064208984375
reach,17,7,True,108.49094294345284,0.7108965516090393,0.831801176071167,0.006171107292175293,0.0016234517097473145
reach,17,8,True,99.86858339136964,0.6804908514022827,0.7514877915382385,0.0054312944412231445,0.001503288745880127
reach,17,9,True,97.441268781227,0.6906712055206299,0.6878181099891663,0.0015611648559570312,0.0011348724365234375
reach,17,10,True,90.70628309106812,0.6654136180877686,0.6543674468994141,0.006439387798309326,0.0023572444915771484
reach,17,11,True,73.44830889424207,0.58817058801651,0.6403977870941162,0.0006703734397888184,0.002320230007171631
reach,17,12,True,59.295625874941194,0.5310577154159546,0.6209545731544495,0.008030235767364502,0.00010412931442260742
reach,17,13,True,45.54103021240647,0.47514617443084717,0.6148865818977356,0.0021649599075317383,4.494190216064453e-05
reach,17,14,True,26.29820881392336,0.4054647982120514,0.599840521812439,0.00012856721878051758,0.0003377199172973633
reach,18,0,True,170.2726239845607,1.0,2.1079068183898926,0.2538630962371826,0.0006566047668457031
reach,18,1,True,163.62175165118592,0.9679213166236877,1.845700740814209,0.012612223625183105,0.00167083740234375
reach,18,2,True,153.24550011528112,0.9064525365829468,1.6592228412628174,0.01795172691345215,0.0018093585968017578
reach,18,3,True,143.3302849484137,0.8643385767936707,1.1650190353393555,0.09669530391693115,0.010519742965698242
reach,18,4,True,138.53099832115004,0.8521117568016052,1.0676339864730835,0.0059882402420043945,0.0015032291412353516
reach,18,5,True,130.56230814845304,0.8155552744865417,0.9072157144546509,0.06751596927642822,0.004495024681091309
reach,18,6,True,123.10187115611652,0.7862558364868164,0.877312183380127,0.006123840808868408,0.0018796324729919434
reach,18,7,True,115.16438362143826,0.7476621866226196,0.8294211626052856,0.0040201544761657715,0.0012170076370239258
reach,18,8,True,105.0844381827925,0.6908167004585266,0.7913141250610352,0.011270225048065186,0.0006978511810302734
reach,18,9,True,99.3185634100889,0.6609998941421509,0.7641057968139648,0.01577746868133545,0.00044798851013183594
reach,18,10,True,88.66461413349442,0.6132287383079529,0.7173157334327698,0.030947446823120117,0.002364814281463623
reach,18,11,True,79.03876590818116,0.5606518983840942,0.7181128263473511,0.0065901875495910645,0.000399172306060791
reach,18,12,True,65.12958292901817,0.521682620048523,0.7051412463188171,0.0039885640144348145,0.0008234381675720215
reach,18,13,True,51.2265048167916,0.4770026206970215,0.6911531686782837,0.00447392463684082,0.0009214878082275391
reach,18,14,True,34.80129939351835,0.4237785041332245,0.6850268840789795,0.0030373334884643555,0.0003871321678161621
reach,19,0,True,170.2726239845607,1.0,2.499528408050537,0.003436565399169922,0.0013561248779296875
reach,19,1,True,161.7625782130052,0.959814727306366,2.189490795135498,0.028070688247680664,0.03999662399291992
reach,19,2,True,156.161505605338,0.9347318410873413,1.8518530130386353,0.07556724548339844,0.004643440246582031
reach,19,3,True,148.71217444815593,0.904281735420227,1.6328707933425903,0.015836238861083984,0.006338953971862793
reach,19,4,True,139.11408334704393,0.85959792137146,1.4489115476608276,0.02358400821685791,1.7642974853515625e-05
reach,19,5,True,131.58143400163968,0.8211477994918823,1.2713377475738525,0.00017249584197998047,0.00013113021850585938
reach,19,6,True,123.75022985743749,0.791607677936554,1.169449806213379,0.005380511283874512,0.0030105113983154297
reach,19,7,True,114.3018757800024,0.7495033144950867,1.104283332824707,0.017567753791809082,0.0025817155838012695
reach,19,8,True,104.77193847325745,0.7036697864532471,1.0756253004074097,0.013546586036682129,0.0015292167663574219
reach,19,9,True,95.21571010855746,0.6567501425743103,1.0675767660140991,0.0031757354736328125,0.0018924474716186523
reach,19,10,True,86.52702283933621,0.6043294668197632,1.034066081047058,0.004986166954040527,0.00016200542449951172
reach,19,11,True,79.12797480338769,0.5938975811004639,1.013424277305603,0.011611342430114746,0.0004385709762573242
reach,19,12,True,72.57978386116756,0.5650219321250916,1.0102486610412598,0.0013142824172973633,0.0003409385681152344
reach,19,13,True,60.706221153467254,0.5156458020210266,0.9962407350540161,0.0033805370330810547,2.7298927307128906e-05
reach,19,14,True,51.811016077605046,0.4826219379901886,0.9870371222496033,0.0008544921875,0.00017958879470825195
reach,20,0,True,170.2726239845607,1.0,2.5112037658691406,0.047879695892333984,9.059906005859375e-06
reach,20,1,True,170.08935244120175,1.0251266956329346,2.046635389328003,0.013904333114624023,0.0016086101531982422
reach,20,2,True,164.9247986218412,1.0192325115203857,1.4793987274169922,0.07993316650390625,0.013348102569580078
reach,20,3,True,160.01596674831504,1.0077176094055176,1.2695808410644531,0.08538377285003662,0.005952239036560059
reach,20,4,True,144.8664655719613,0.9100539684295654,1.0777167081832886,0.01182091236114502,0.0011199712753295898
reach,20,5,True,135.0250298654252,0.8633714914321899,0.8813567757606506,0.0018185973167419434,0.0011096596717834473
reach,20,6,True,122.22899253847132,0.801556408405304,0.8255742788314819,0.011873304843902588,0.0030477046966552734
reach,20,7,True,116.37079615124475,0.7567698359489441,0.7469109296798706,0.025770366191864014,0.0026202797889709473
reach,20,8,True,103.73426157948026,0.708846926689148,0.6467427015304565,0.05206012725830078,0.00017207860946655273
reach,20,9,True,94.97835052814855,0.66878741979599,0.6639602184295654,0.0030678510665893555,0.0038200020790100098
reach,20,10,True,84.92029594054478,0.6326230764389038,0.609405517578125,0.006201207637786865,0.0009434819221496582
reach,20,11,True,79.61281834991382,0.6252284646034241,0.5787409543991089,0.008347630500793457,0.0007039904594421387
reach,20,12,True,72.67669785948847,0.6042249202728271,0.5609481334686279,0.0011314749717712402,0.0004749894142150879
reach,20,13,True,59.720460697433516,0.5227115750312805,0.5441043972969055,0.002276599407196045,0.0012136101722717285
reach,20,14,True,40.15082227121134,0.4437776803970337,0.5299937725067139,0.0036098361015319824,4.6133995056152344e-05
reach,21,0,True,170.2726239845607,1.0,2.2887346744537354,0.05610489845275879,0.0013887882232666016
reach,21,1,True,154.21333526722208,0.8978087902069092,1.8529285192489624,0.02149677276611328,0.0048313140869140625
reach,21,2,True,146.20691680661787,0.8672148585319519,1.4798294305801392,0.02374255657196045,0.0008918046951293945
reach,21,3,True,138.0616529411169,0.8354943990707397,1.0833518505096436,0.049272894859313965,0.0009191036224365234
reach,21,4,True,128.996857819069,0.7881600856781006,0.7707636952400208,0.04176253080368042,0.006734013557434082
reach,21,5,True,122.76889005836426,0.7657654285430908,0.6667506694793701,0.02279984951019287,8.976459503173828e-05
reach,21,6,True,112.30636894590324,0.7115364670753479,0.5733116865158081,0.0092429518699646,0.0026838183403015137
reach,21,7,True,104.40229836222272,0.6693401336669922,0.5161470770835876,0.010705769062042236,0.0003959536552429199
reach,21,8,True,95.35958676389357,0.6445155739784241,0.47428083419799805,0.004040420055389404,0.0024606287479400635
reach,21,9,True,83.99832481073452,0.5870987176895142,0.4436066448688507,0.005172252655029297,0.00012201070785522461
reach,21,10,True,74.96775833983763,0.5487756729125977,0.4297090470790863,0.0011368989944458008,0.00029417872428894043
reach,21,11,True,73.20377594988679,0.5336079001426697,0.42073068022727966,0.0065025389194488525,0.001697629690170288
reach,21,12,True,63.02793537688373,0.5085434317588806,0.40786683559417725,0.0021113455295562744,0.001128554344177246
reach,21,13,True,55.669614773400056,0.47342076897621155,0.3988504707813263,0.0059702396392822266,8.463859558105469e-06
reach,21,14,True,51.229956968363574,0.46701934933662415,0.39751937985420227,7.730722427368164e-05,0.00036913156509399414
reach,22,0,True,170.2726239845607,1.0,2.5252256393432617,0.07497549057006836,0.0009000301361083984
reach,22,1,True,163.75851968416293,0.973891019821167,2.3228204250335693,0.016436100006103516,0.010839462280273438
reach,22,2,True,158.25774402232275,0.9659825563430786,1.86576509475708,0.016225695610046387,0.006740093231201172
reach,22,3,True,149.03293393869666,0.9174149036407471,1.6145451068878174,0.050856828689575195,0.0015739202499389648
reach,22,4,True,145.69478249174418,0.9190236330032349,1.3219045400619507,0.023929595947265625,0.0025147199630737305
reach,22,5,True,136.50466006928409,0.8738827109336853,1.2650995254516602,0.005182504653930664,2.4318695068359375e-05
reach,22,6,True,129.10162838954088,0.8442638516426086,1.2171450853347778,0.0044945478439331055,0.010655760765075684
reach,22,7,True,119.68066293612758,0.7936475276947021,1.0902734994888306,0.003417372703552246,0.002987980842590332
reach,22,8,True,110.88118475330758,0.7472830414772034,1.0389797687530518,0.005241870880126953,0.0013887882232666016
reach,22,9,True,101.23913134557829,0.7155138850212097,0.9915584921836853,0.02738732099533081,0.0008788108825683594
reach,22,10,True,87.67445763648531,0.6410563588142395,0.9621735215187073,0.008506536483764648,0.0038949251174926758
reach,22,11,True,79.6528827845602,0.6116248369216919,0.9186826348304749,0.01608330011367798,0.00042235851287841797
reach,22,12,True,69.0900153590714,0.5586739182472229,0.8829774260520935,0.01611107587814331,0.0004832148551940918
reach,22,13,True,53.7145730656112,0.4944602847099304,0.8769749402999878,0.0022430419921875,0.0001010894775390625
reach,22,14,True,43.14653846142187,0.46445950865745544,0.8488152623176575,0.0074481964111328125,9.995698928833008e-05
reach,23,0,True,170.2726239845607,1.0,1.6949836015701294,0.0679938793182373,0.008980035781860352
reach,23,1,True,165.1229472988716,0.9875175952911377,1.1080344915390015,0.13448357582092285,0.010327458381652832
reach,23,2,True,156.5071910985675,0.9647826552391052,0.39721211791038513,0.10587301850318909,0.0280914306640625
reach,23,3,True,150.9561063854381,0.9459809064865112,0.3468520939350128,0.014285236597061157,0.0013783574104309082
reach,23,4,True,138.61472233436064,0.8807564377784729,0.3494756817817688,0.004301697015762329,0.00023603439331054688
reach,23,5,True,126.30737290314067,0.8100119829177856,0.3306336998939514,0.0055484771728515625,0.002535521984100342
reach,23,6,True,108.04587933416597,0.7316709756851196,0.331535279750824,0.0023865103721618652,0.0002364516258239746
reach,23,7,True,93.14070745370083,0.6516284942626953,0.32814550399780273,0.0031975507736206055,0.002282470464706421
reach,23,8,True,79.58352413727054,0.5835849046707153,0.3251441717147827,0.0011118948459625244,0.0010019242763519287
reach,23,9,True,62.402675549503776,0.5161749124526978,0.3231829106807709,0.0002295970916748047,0.0008106231689453125
reach,23,10,True,47.23599875995832,0.46079811453819275,0.31852325797080994,0.00013968348503112793,5.4270029067993164e-05
reach,23,11,True,34.03145826894894,0.42628899216651917,0.31509408354759216,0.0003962218761444092,0.00039523839950561523
reach,23,12,True,19.6930453976111,0.39379069209098816,0.3151642978191376,0.0007601380348205566,0.00016805529594421387
reach,23,13,True,2.675171925984177,0.3461524248123169,0.3148106336593628,0.0016417205333709717,0.00016936659812927246
reach,23,14,True,-15.121498562847112,0.2970140278339386,0.3132576048374176,8.609890937805176e-05,0.0014005005359649658
reach,24,0,True,170.2726239845607,1.0,0.7939675450325012,0.14308702945709229,0.02577817440032959
reach,24,1,True,163.37166070512427,0.9749752879142761,0.5303887724876404,0.06257158517837524,0.006151735782623291
reach,24,2,True,150.003836228437,0.8951078057289124,0.4435139298439026,0.01042848825454712,0.0035896897315979004
reach,24,3,True,140.12518341344665,0.8506823778152466,0.36345037817955017,0.022742927074432373,0.003521054983139038
reach,24,4,True,137.2035429419053,0.8448946475982666,0.34887248277664185,0.0003605484962463379,0.001057744026184082
reach,24,5,True,130.64335648893262,0.8205310702323914,0.3274034559726715,0.021071195602416992,0.0014368295669555664
reach,24,6,True,117.66345560890633,0.7556654810905457,0.33492448925971985,0.0009856224060058594,0.00041091442108154297
reach,24,7,True,102.91844630375881,0.6876486539840698,0.3340762257575989,0.0026812851428985596,0.0025632381439208984
reach,24,8,True,83.28517225960617,0.5986783504486084,0.32575273513793945,0.0023294687271118164,7.88569450378418e-05
reach,24,9,True,60.09745559357885,0.5003378987312317,0.32203444838523865,0.0003859996795654297,4.5418739318847656e-05
reach,24,10,True,43.266655028901035,0.45454683899879456,0.3174886107444763,0.00414276123046875,0.00019434094429016113
reach,24,11,True,29.90060336454792,0.4052128493785858,0.31498393416404724,0.0008541345596313477,0.0007048547267913818
reach,24,12,True,11.811782320486852,0.35455259680747986,0.3067684471607208,0.0031747519969940186,0.0003152191638946533
reach,24,13,True,-2.8714865362711253,0.31088292598724365,0.30635741353034973,0.0018723607063293457,0.0006278157234191895
reach,24,14,True,-21.79366642962107,0.27490872144699097,0.3035142421722412,0.0023259520530700684,0.0004382133483886719
reach,25,0,True,170.2726239845607,1.0,1.6951650381088257,0.0319293737411499,0.00019121170043945312
reach,25,1,True,162.84230475064652,0.9702102541923523,1.2490450143814087,0.06003868579864502,0.004732012748718262
reach,25,2,True,153.08046165044854,0.9205394983291626,0.930643618106842,0.03211045265197754,0.0046558380126953125
reach,25,3,True,145.9564004813369,0.9044017791748047,0.7289411425590515,0.011710107326507568,0.002884507179260254
reach,25,4,True,132.62262830080516,0.8414620757102966,0.5739399790763855,0.029401063919067383,0.00013303756713867188
reach,25,5,True,124.23048001022914,0.8136950731277466,0.45013177394866943,0.012331485748291016,0.000438690185546875
reach,25,6,True,111.86778216388205,0.7588757276535034,0.39787518978118896,0.0018619000911712646,0.0009354054927825928
reach,25,7,True,106.19216893892721,0.7670587301254272,0.3783245384693146,0.004789769649505615,0.0005536675453186035
reach,25,8,True,95.07392967456133,0.7075846195220947,0.36647021770477295,0.0015064477920532227,6.565451622009277e-05
reach,25,9,True,90.00748382498368,0.6968209743499756,0.35645952820777893,0.0004299283027648926,0.00019747018814086914
reach,25,10,True,85.50020978683943,0.6719968318939209,0.3475644290447235,0.0031888484954833984,0.00018733739852905273
reach,25,11,True,70.64805330383331,0.599305272102356,0.34366291761398315,0.002847433090209961,1.1056661605834961e-05
reach,25,12,True,63.703513037963035,0.5667337775230408,0.3403224050998688,0.0015437006950378418,6.580352783203125e-05
reach,25,13,True,49.84737184541976,0.4929924011230469,0.33600568771362305,0.0013680756092071533,0.0003822147846221924
reach,25,14,True,32.39502969970076,0.44275030493736267,0.3303769826889038,0.0009660124778747559,4.5239925384521484e-05
reach,26,0,True,170.2726239845607,1.0,1.6583178043365479,0.09499621391296387,0.004899859428405762
reach,26,1,True,161.24264922437823,0.9574781060218811,1.177829623222351,0.0038826465606689453,0.045569419860839844
reach,26,2,True,157.20182631428054,0.9627428650856018,0.802331805229187,0.07683366537094116,0.0026658177375793457
reach,26,3,True,146.46680755088755,0.9101086854934692,0.5691525340080261,0.06416738033294678,0.0008367300033569336
reach,26,4,True,136.59353327828225,0.8534995913505554,0.46884411573410034,0.011665552854537964,0.0018298029899597168
reach,26,5,True,128.6543860705608,0.8184908628463745,0.4221305549144745,0.005017340183258057,0.0010821819305419922
reach,26,6,True,119.73043785412759,0.7633390426635742,0.41008874773979187,0.001143425703048706,0.00020420551300048828
reach,26,7,True,111.1477730215264,0.7204934358596802,0.39917629957199097,0.0047796666622161865,7.897615432739258e-06
reach,26,8,True,94.99229723914088,0.6427781581878662,0.4022608697414398,0.003921419382095337,0.0003077089786529541
reach,26,9,True,79.78168513838266,0.579140841960907,0.3947802186012268,0.0037505924701690674,7.423758506774902e-05
reach,26,10,True,65.87226883978897,0.5311995148658752,0.3969784677028656,0.0010291635990142822,0.00010505318641662598
reach,26,11,True,46.696875870768515,0.46559205651283264,0.3885965049266815,0.0015890300273895264,0.0001004934310913086
reach,26,12,True,39.29287552995213,0.4474550783634186,0.3871103525161743,0.0004925727844238281,0.00040644407272338867
reach,26,13,True,24.368960862849605,0.4009760320186615,0.38540294766426086,0.0013757944107055664,0.00030168890953063965
reach,26,14,True,6.552877229253532,0.34857723116874695,0.3844786286354065,2.3245811462402344e-05,7.69197940826416e-05
reach,27,0,True,170.2726239845607,1.0,1.407018780708313,0.10656797885894775,0.003144502639770508
reach,27,1,True,164.3455446546754,0.9722623229026794,1.0460243225097656,0.003343939781188965,0.00045168399810791016
reach,27,2,True,155.9952032953163,0.9322873950004578,0.7502284646034241,0.0009399652481079102,0.004329204559326172
reach,27,3,True,149.20918553212204,0.9097570776939392,0.5357384085655212,0.05161595344543457,0.0002142190933227539
reach,27,4,True,137.0056618194476,0.8330790996551514,0.4525231420993805,0.011139601469039917,0.0012707114219665527
reach,27,5,True,125.79068181764427,0.7779674530029297,0.4278208017349243,0.011268913745880127,0.0030677616596221924
reach,27,6,True,118.7338814437395,0.7518757581710815,0.4029099941253662,0.009939372539520264,0.0009122192859649658
reach,27,7,True,112.97565369426968,0.7465333342552185,0.39657139778137207,0.0045649707317352295,0.0020852088928222656
reach,27,8,True,100.41534986708422,0.6730777025222778,0.3991633355617523,0.00034672021865844727,0.000858992338180542
reach,27,9,True,81.3064471472897,0.5894224643707275,0.396835595369339,0.00016671419143676758,7.262825965881348e-05
reach,27,10,True,64.02755094322292,0.5140405297279358,0.3890007734298706,0.0008526146411895752,0.0010228455066680908
reach,27,11,True,48.11839904602213,0.47153759002685547,0.3887591063976288,0.002496659755706787,0.00026223063468933105
reach,27,12,True,34.10939721957217,0.4255874752998352,0.3855924606323242,0.0019319653511047363,0.00015464425086975098
reach,27,13,True,22.008003745681414,0.40277573466300964,0.38411274552345276,6.22868537902832e-06,0.0005993247032165527
reach,27,14,True,5.478827541551004,0.3532634377479553,0.38269418478012085,2.1159648895263672e-05,0.00021854043006896973
reach,28,0,True,170.2726239845607,1.0,2.1200058460235596,0.05597567558288574,0.0022470951080322266
reach,28,1,True,169.528222671887,1.020777940750122,1.522661805152893,0.006071686744689941,0.0028525590896606445
reach,28,2,True,163.5692911101046,0.9936066269874573,0.9932142496109009,0.0641641616821289,0.021448373794555664
reach,28,3,True,159.41773050531296,0.9894292950630188,0.5291587710380554,0.09942048788070679,0.0012910962104797363
reach,28,4,True,150.45151609364513,0.9367005228996277,0.4939959645271301,0.0002560615539550781,0.0033662915229797363
reach,28,5,True,141.6477100625454,0.9024427533149719,0.4253964424133301,0.0012877285480499268,0.0017319917678833008
reach,28,6,True,132.8537219552514,0.8494129180908203,0.3979398310184479,0.009580045938491821,0.00034859776496887207
reach,28,7,True,117.0664529117355,0.7639371752738953,0.39178651571273804,0.00542113184928894,0.0007953345775604248
reach,28,8,True,98.56374975186365,0.6722911596298218,0.39095795154571533,0.00019043684005737305,0.001623004674911499
reach,28,9,True,82.40327107229697,0.6149585247039795,0.3872019350528717,0.000544130802154541,0.0003980100154876709
reach,28,10,True,67.30002332845092,0.5589367747306824,0.38372334837913513,0.0013468265533447266,0.00038164854049682617
reach,28,11,True,52.88375426030994,0.49662014842033386,0.38229718804359436,0.0007991194725036621,0.0005674064159393311
reach,28,12,True,33.15350356642771,0.42974627017974854,0.3814266324043274,0.00044342875480651855,8.603930473327637e-05
reach,28,13,True,19.704088203112683,0.39099588990211487,0.37804824113845825,0.0019847750663757324,0.00022363662719726562
reach,28,14,True,6.226414546528683,0.36152544617652893,0.37467655539512634,0.0036217570304870605,0.00026148557662963867
reach,29,0,True,170.2726239845607,1.0,2.2423782348632812,0.019166946411132812,0.006410360336303711
reach,29,1,True,164.8863079441802,0.9812231659889221,1.854032039642334,0.011962890625,0.0022728443145751953
reach,29,2,True,156.74184608002383,0.9499715566635132,1.3754690885543823,0.0195237398147583,0.018884897232055664
reach,29,3,True,144.6756774561764,0.8879193067550659,0.9939469695091248,0.0765569806098938,0.0038194656372070312
reach,29,4,True,138.71114535942863,0.8704479336738586,0.6980658769607544,0.07218492031097412,0.003953158855438232
reach,29,5,True,124.83658996094141,0.8091608285903931,0.621600329875946,0.005832195281982422,0.001062929630279541
reach,29,6,True,112.374927162152,0.75364089012146,0.564465343952179,0.004240751266479492,0.0017606616020202637
reach,29,7,True,102.15699756253167,0.714484453201294,0.5278104543685913,0.001078963279724121,0.005178511142730713
reach,29,8,True,87.49773639944159,0.6427183747291565,0.5024794936180115,0.008908271789550781,0.0013405680656433105
reach,29,9,True,80.56811616422272,0.6030129790306091,0.4926263689994812,0.003962099552154541,0.00027567148208618164
reach,29,10,True,72.23383063443188,0.5717881917953491,0.4817441403865814,0.004989802837371826,0.00027874112129211426
reach,29,11,True,62.09045570323414,0.5392968654632568,0.4684750437736511,0.007164895534515381,0.00027939677238464355
reach,29,12,True,52.52149229890138,0.502151370048523,0.46425148844718933,0.0011030733585357666,6.404519081115723e-05
reach,29,13,True,35.35035759551698,0.4401721656322479,0.45700186491012573,0.0013054311275482178,0.0010501742362976074
reach,29,14,True,27.385750637466558,0.4130829870700836,0.4540363848209381,0.0012029707431793213,0.00022038817405700684
reach,30,0,True,170.2726239845607,1.0,1.8422828912734985,0.03696036338806152,0.0026166439056396484
reach,30,1,True,159.13353238785402,0.9409863352775574,1.4192861318588257,0.07366514205932617,0.004025578498840332
reach,30,2,True,151.94668088992694,0.9068658351898193,1.2161909341812134,0.02254927158355713,0.009637236595153809
reach,30,3,True,139.33225656597554,0.8482532501220703,0.9869042038917542,0.00985342264175415,0.000423431396484375
reach,30,4,True,135.1518929973081,0.8309780955314636,0.8550832271575928,0.03129851818084717,0.0016809701919555664
reach,30,5,True,129.21752838653006,0.8078000545501709,0.7373849153518677,0.021820902824401855,0.0032076239585876465
reach,30,6,True,122.73622901263357,0.797985315322876,0.6486152410507202,0.014156520366668701,0.0007262229919433594
reach,30,7,True,114.02734795781498,0.7736626863479614,0.5821525454521179,0.003551185131072998,0.00013148784637451172
reach,30,8,True,106.11659977907146,0.7356797456741333,0.501960277557373,0.007485866546630859,0.005471348762512207
reach,30,9,True,95.95896538265629,0.7054206728935242,0.45281121134757996,0.007594257593154907,0.00037983059883117676
reach,30,10,True,89.86628756231565,0.679345428943634,0.4481770694255829,0.0007635056972503662,0.0004539191722869873
reach,30,11,True,79.26800482358658,0.6489971876144409,0.409269779920578,0.00718197226524353,0.0009294450283050537
reach,30,12,True,65.4169677186422,0.5817351937294006,0.4007909893989563,0.0019530653953552246,0.00208321213722229
reach,30,13,True,58.266115215412945,0.5565682649612427,0.3871307969093323,0.008036404848098755,0.0019910335540771484
reach,30,14,True,52.226450788825936,0.5322334170341492,0.38447365164756775,0.001563340425491333,0.0007458925247192383
reach,31,0,True,170.2726239845607,1.0,1.3440815210342407,0.03262937068939209,0.007540106773376465
reach,31,1,True,166.7618022450444,1.000832200050354,0.8378819823265076,0.0782630443572998,0.004372239112854004
reach,31,2,True,154.34276341285897,0.9348948001861572,0.6164723038673401,0.04451751708984375,0.01499396562576294
reach,31,3,True,149.63428430511033,0.9214643836021423,0.4009990692138672,0.11511671543121338,0.008392274379730225
reach,31,4,True,135.39893641386215,0.8642271161079407,0.37459656596183777,0.02037486433982849,0.0036491453647613525
reach,31,5,True,128.75457874270373,0.8270880579948425,0.3557887077331543,0.004465043544769287,0.003231227397918701
reach,31,6,True,120.41586342088408,0.7800118923187256,0.350779265165329,0.0022317171096801758,0.0006106197834014893
reach,31,7,True,100.82916074120533,0.6808871030807495,0.3371734917163849,0.0037428736686706543,0.0017414391040802002
reach,31,8,True,85.59882758406735,0.6176365613937378,0.3301982581615448,0.0005536675453186035,0.000990450382232666
reach,31,9,True,67.31998486228773,0.5418113470077515,0.31742388010025024,0.0018776655197143555,0.00017762184143066406
reach,31,10,True,51.80912879404894,0.4838595986366272,0.31797653436660767,0.000622093677520752,0.0010630488395690918
reach,31,11,True,32.45534728426434,0.42400988936424255,0.31319475173950195,0.0010384619235992432,0.000716090202331543
reach,31,12,True,14.538503885977349,0.37415581941604614,0.312517374753952,0.0008214712142944336,7.62939453125e-06
reach,31,13,True,-3.766079603252754,0.3248922526836395,0.3119080066680908,0.0005415976047515869,0.0008998513221740723
reach,31,14,True,-18.294213180433815,0.2982562184333801,0.31224557757377625,0.00017887353897094727,6.178021430969238e-05
reach-wall,0,0,True,170.2726239845607,1.0,2.036564588546753,0.1253058910369873,0.0017766952514648438
reach-wall,0,1,True,159.87110648028514,0.9470100998878479,1.690624475479126,0.09045767784118652,0.0007824897766113281
reach-wall,0,2,True,156.12832050251214,0.9434908032417297,1.3206967115402222,0.022381067276000977,0.0012978315353393555
reach-wall,0,3,True,145.5576272047411,0.8787586092948914,1.2112771272659302,0.01136171817779541,0.002425551414489746
reach-wall,0,4,True,140.7790010491065,0.8628135919570923,1.0537933111190796,0.0027195215225219727,0.01007544994354248
reach-wall,0,5,True,129.24027890700032,0.793593168258667,0.8470095992088318,0.015955626964569092,0.002156496047973633
reach-wall,0,6,True,121.60296573075107,0.7709162831306458,0.7373810410499573,0.0004926323890686035,0.003434896469116211
reach-wall,0,7,True,110.668701567412,0.7224478125572205,0.6914596557617188,0.007363855838775635,0.003369748592376709
reach-wall,0,8,True,101.6003928386156,0.6823593378067017,0.6578276753425598,0.00677114725112915,0.001373589038848877
reach-wall,0,9,True,84.1396926844962,0.6077097654342651,0.6513115167617798,0.002794027328491211,0.0011023879051208496
reach-wall,0,10,True,74.30598886570779,0.5611141324043274,0.6395566463470459,0.0038111209869384766,0.001723945140838623
reach-wall,0,11,True,58.736466929376576,0.5066912770271301,0.6177223324775696,0.008984029293060303,7.903575897216797e-05
reach-wall,0,12,True,48.95052865552969,0.46811866760253906,0.5991405844688416,0.010418951511383057,0.0008143782615661621
reach-wall,0,13,True,39.13959033434014,0.4339694082736969,0.5812257528305054,0.002561509609222412,0.0002594590187072754
reach-wall,0,14,True,26.237177362433144,0.4098883271217346,0.571376621723175,0.00039631128311157227,0.0019274353981018066
reach-wall,1,0,True,170.2726239845607,1.0,2.1628470420837402,0.005713939666748047,0.005887508392333984
reach-wall,1,1,True,165.53779122515056,0.9936205744743347,2.000136613845825,0.0003840923309326172,0.013709783554077148
reach-wall,1,2,True,157.10843399964327,0.9584713578224182,1.8661824464797974,0.0005081892013549805,0.00588536262512207
reach-wall,1,3,True,146.048417010701,0.8937442302703857,1.6689636707305908,0.007731199264526367,0.010495543479919434
reach-wall,1,4,True,133.35020574939452,0.8464675545692444,1.4580328464508057,0.0263063907623291,0.004622340202331543
reach-wall,1,5,True,125.13410418079711,0.8311623334884644,1.2928500175476074,0.01665318012237549,0.004769325256347656
reach-wall,1,6,True,116.77525325447394,0.8014544248580933,1.1372848749160767,0.015597939491271973,0.004068851470947266
reach-wall,1,7,True,110.23145698292376,0.7872889041900635,1.0323811769485474,0.022203922271728516,0.0019981861114501953
reach-wall,1,8,True,101.85448075568524,0.7290629148483276,0.9840400815010071,0.001178145408630371,0.003070831298828125
reach-wall,1,9,True,91.63808652659611,0.680850625038147,0.9699103832244873,0.0028828978538513184,0.00010222196578979492
reach-wall,1,10,True,88.54618236978177,0.639232873916626,0.894112229347229,0.018112897872924805,0.0013790130615234375
reach-wall,1,11,True,80.25846853309523,0.6269591450691223,0.8531268835067749,0.0048531293869018555,0.0021970272064208984
reach-wall,1,12,True,71.40865320502495,0.595766007900238,0.8086683750152588,0.013585925102233887,0.0005033016204833984
reach-wall,1,13,True,63.541209389365996,0.5593311190605164,0.7806820869445801,0.0031475424766540527,0.00013816356658935547
reach-wall,1,14,True,53.63551569556828,0.5289885997772217,0.7635918855667114,0.0007874965667724609,0.0004226565361022949
reach-wall,2,0,True,170.2726239845607,1.0,2.080064535140991,0.15526056289672852,0.00376129150390625
reach-wall,2,1,True,164.29200188239417,0.9795335531234741,1.7936134338378906,0.0484851598739624,0.0007669925689697266
reach-wall,2,2,True,156.99629436262757,0.9572061896324158,1.5446345806121826,0.0011943578720092773,0.0039556026458740234
reach-wall,2,3,True,150.2677067406733,0.9308838248252869,1.2531065940856934,0.04329955577850342,0.004642605781555176
reach-wall,2,4,True,147.66351004718388,0.9340479969978333,1.0266919136047363,0.05198836326599121,0.004616498947143555
reach-wall,2,5,True,139.29960747733242,0.871211588382721,1.005156397819519,0.003751039505004883,0.00019741058349609375
reach-wall,2,6,True,130.25046671446597,0.8148078918457031,0.8266490697860718,0.11263740062713623,0.0014074444770812988
reach-wall,2,7,True,124.93557015195661,0.7919065952301025,0.8110679388046265,0.03180694580078125,0.002191901206970215
reach-wall,2,8,True,115.01780178600816,0.747042715549469,0.7845593690872192,0.004838705062866211,0.00017571449279785156
reach-wall,2,9,True,108.11117679398811,0.6982298493385315,0.7475965619087219,0.0012345314025878906,0.0010097622871398926
reach-wall,2,10,True,96.23842145417734,0.6419130563735962,0.7156693339347839,0.013688504695892334,3.534555435180664e-05
reach-wall,2,11,True,75.900485348961,0.5573602914810181,0.7008535861968994,0.0015634894371032715,0.00026679039001464844
reach-wall,2,12,True,59.780707476173916,0.4849657416343689,0.6807799935340881,0.0032413601875305176,0.0015236735343933105
reach-wall,2,13,True,54.524702541943384,0.4701439440250397,0.6614984273910522,0.006935596466064453,0.0011763572692871094
reach-wall,2,14,True,34.608005778706705,0.41169923543930054,0.6534369587898254,0.002263963222503662,6.443262100219727e-05
reach-wall,3,0,True,170.2726239845607,1.0,2.1072373390197754,0.40804576873779297,0.0004546642303466797
reach-wall,3,1,True,165.2552715192358,0.9808763861656189,2.1148533821105957,0.03700399398803711,0.02631521224975586
reach-wall,3,2,True,158.75576522949098,0.9602692723274231,1.7312355041503906,0.18253719806671143,0.000542759895324707
reach-wall,3,3,True,151.98164004184204,0.9456523060798645,1.5045671463012695,0.0415874719619751,0.005583763122558594
reach-wall,3,4,True,140.06634227065246,0.8975746035575867,1.3565887212753296,0.08086121082305908,0.0019491910934448242
reach-wall,3,5,True,128.8322987634017,0.8355762958526611,1.225611686706543,0.02253544330596924,0.0004972219467163086
reach-wall,3,6,True,119.50732984351798,0.7968794107437134,1.120335340499878,0.020379066467285156,0.004936575889587402
reach-wall,3,7,True,112.0307249105832,0.7700931429862976,0.9977818131446838,0.018138110637664795,0.002621173858642578
reach-wall,3,8,True,99.51428716321882,0.7015441060066223,0.9316133260726929,0.0257948637008667,0.0009905099868774414
reach-wall,3,9,True,93.6324316973253,0.678378164768219,0.9233798384666443,0.008479833602905273,0.000371396541595459
reach-wall,3,10,True,83.90685878526739,0.6312981247901917,0.8849870562553406,0.014465689659118652,0.0008641481399536133
reach-wall,3,11,True,77.96082115832573,0.6237027049064636,0.8773600459098816,0.008674323558807373,0.00024902820587158203
reach-wall,3,12,True,64.77237267149124,0.5699939131736755,0.8551337122917175,0.0015799403190612793,0.0003197193145751953
reach-wall,3,13,True,54.077753577769215,0.5267186164855957,0.8257383704185486,0.007698953151702881,2.378225326538086e-05
reach-wall,3,14,True,46.68944390445266,0.5103740096092224,0.7893790602684021,0.007791996002197266,0.0010647773742675781
reach-wall,4,0,True,170.2726239845607,1.0,1.9454822540283203,0.03194689750671387,0.007898807525634766
reach-wall,4,1,True,159.8981715281722,0.9491364359855652,1.5147439241409302,0.025403618812561035,0.007469058036804199
reach-wall,4,2,True,152.39508898448378,0.9153416156768799,1.300708532333374,0.017128348350524902,0.002117156982421875
reach-wall,4,3,True,146.70213058364322,0.8941083550453186,0.918743908405304,0.12947887182235718,0.0003129243850708008
reach-wall,4,4,True,139.63395284535437,0.853623628616333,0.7564172148704529,0.04986637830734253,0.00481867790222168
reach-wall,4,5,True,131.88451978412104,0.8271951675415039,0.6158277988433838,0.015588939189910889,0.0006273388862609863
reach-wall,4,6,True,122.1752170508251,0.7856294512748718,0.524034857749939,0.0018131732940673828,0.008430838584899902
reach-wall,4,7,True,110.22741624024698,0.7236517667770386,0.45114997029304504,0.010945528745651245,0.002907484769821167
reach-wall,4,8,True,98.34489241263014,0.6727940440177917,0.42713791131973267,0.0035639405250549316,0.002792149782180786
reach-wall,4,9,True,87.8515761774701,0.6072837710380554,0.4260684847831726,0.0005467534065246582,0.001983165740966797
reach-wall,4,10,True,68.44080080787792,0.5260419249534607,0.4116465747356415,0.0037700235843658447,0.0002557337284088135
reach-wall,4,11,True,50.86722495906491,0.4527023732662201,0.4087466895580292,0.00011768937110900879,0.0007677376270294189
reach-wall,4,12,True,44.17301179686304,0.4394136965274811,0.40252915024757385,0.003090471029281616,0.0001462101936340332
reach-wall,4,13,True,28.611143065356647,0.3937295079231262,0.39687666296958923,0.0003485679626464844,3.266334533691406e-05
reach-wall,4,14,True,8.945809939224462,0.33711856603622437,0.39228206872940063,0.0030416548252105713,0.00033867359161376953
reach-wall,5,0,True,170.2726239845607,1.0,2.3122475147247314,0.05309748649597168,0.0006649494171142578
reach-wall,5,1,True,163.42742495351473,0.9774002432823181,1.7726207971572876,0.11719024181365967,0.02281010150909424
reach-wall,5,2,True,153.83602716490157,0.9278854131698608,1.4080642461776733,0.1145707368850708,0.009609818458557129
reach-wall,5,3,True,148.57468632837157,0.915874719619751,1.223873496055603,0.08195483684539795,0.0030808448791503906
reach-wall,5,4,True,140.31771846926307,0.8748645782470703,1.0638761520385742,0.0454411506652832,0.005334734916687012
reach-wall,5,5,True,131.3026559203046,0.8133522868156433,0.9060783982276917,0.0008862614631652832,0.00031512975692749023
reach-wall,5,6,True,121.32080643252735,0.7717645764350891,0.8061395883560181,0.005940377712249756,0.00029969215393066406
reach-wall,5,7,True,112.0338674513647,0.7277657985687256,0.7647038102149963,0.0056969523429870605,0.0010051131248474121
reach-wall,5,8,True,100.43243488734744,0.6809772253036499,0.7507433295249939,0.012168645858764648,0.0001538991928100586
reach-wall,5,9,True,93.5385980324615,0.6528958082199097,0.7246747016906738,0.000511467456817627,0.0011963844299316406
reach-wall,5,10,True,86.22161946546228,0.625622570514679,0.6854254603385925,0.01891273260116577,1.990795135498047e-05
reach-wall,5,11,True,76.87670093211938,0.5952335596084595,0.6547107696533203,0.00724714994430542,0.0009272098541259766
reach-wall,5,12,True,67.67776117208543,0.5657903552055359,0.6374775171279907,0.0008043050765991211,4.285573959350586e-05
reach-wall,5,13,True,51.9583473434479,0.5081325173377991,0.6195931434631348,0.00555795431137085,7.152557373046875e-07
reach-wall,5,14,True,38.03769733961609,0.4610437750816345,0.6195087432861328,0.0005679130554199219,0.0001804828643798828
reach-wall,6,0,True,170.2726239845607,1.0,1.9434946775436401,0.020669221878051758,0.0049555301666259766
reach-wall,6,1,True,164.12762993559892,0.9786967635154724,1.5976282358169556,0.01636183261871338,0.010236620903015137
reach-wall,6,2,True,161.7655102983896,0.988537609577179,1.1533842086791992,0.04856085777282715,0.00029850006103515625
reach-wall,6,3,True,154.18126727011142,0.9456116557121277,0.8841189742088318,0.023666083812713623,0.008152604103088379
reach-wall,6,4,True,149.31092739568035,0.9310381412506104,0.7778506278991699,0.0030347108840942383,0.002079784870147705
reach-wall,6,5,True,142.78879837831857,0.8988273739814758,0.6052215695381165,0.0360376238822937,0.0026113390922546387
reach-wall,6,6,True,128.839095213416,0.8402096629142761,0.5283781886100769,0.01743525266647339,0.0021619796752929688
reach-wall,6,7,True,123.73818456157827,0.8271062970161438,0.45802199840545654,0.00255623459815979,0.00017961859703063965
reach-wall,6,8,True,113.6980993520804,0.7704422473907471,0.40592214465141296,0.005416005849838257,0.0005091726779937744
reach-wall,6,9,True,102.738712106571,0.7057149410247803,0.3908826410770416,0.010929316282272339,0.0005350112915039062
reach-wall,6,10,True,88.8472670217577,0.6292932629585266,0.38509872555732727,0.002516806125640869,0.0009683072566986084
reach-wall,6,11,True,71.69304225471372,0.5518099665641785,0.37849122285842896,0.0018721818923950195,8.273124694824219e-05
reach-wall,6,12,True,57.89425315589382,0.4948502480983734,0.3738097846508026,0.00135841965675354,0.00010508298873901367
reach-wall,6,13,True,43.696758262355715,0.4414461851119995,0.36991870403289795,0.0019370317459106445,3.2782554626464844e-05
reach-wall,6,14,True,27.266039919513247,0.3948322832584381,0.3663216233253479,0.0016210675239562988,3.552436828613281e-05
reach-wall,7,0,True,170.2726239845607,1.0,1.9611033201217651,0.008991837501525879,0.0017821788787841797
reach-wall,7,1,True,164.9500091773836,0.9833247065544128,1.5562540292739868,0.01761913299560547,0.016146302223205566
reach-wall,7,2,True,158.5373353389495,0.9640437960624695,1.2674357891082764,0.017946839332580566,0.002814769744873047
reach-wall,7,3,True,150.13375631873612,0.9258226752281189,0.9857730865478516,0.0019116997718811035,0.0007917881011962891
reach-wall,7,4,True,145.85197976662602,0.9406949281692505,0.8299719095230103,0.022484540939331055,0.0018508434295654297
reach-wall,7,5,True,138.80115899856474,0.8975509405136108,0.6804993748664856,0.009380161762237549,0.001767277717590332
reach-wall,7,6,True,132.29390313948488,0.87054443359375,0.5741506814956665,0.004766583442687988,0.0006357431411743164
reach-wall,7,7,True,121.49149923049127,0.8026370406150818,0.5433579683303833,0.011083126068115234,0.0001825094223022461
reach-wall,7,8,True,111.67461867178959,0.7539548873901367,0.4956740140914917,0.0035921037197113037,7.855892181396484e-05
reach-wall,7,9,True,102.31571637026694,0.7115172147750854,0.48729562759399414,0.006061077117919922,0.00047719478607177734
reach-wall,7,10,True,86.5587966471675,0.6493009328842163,0.4722955524921417,0.0016606450080871582,0.0006263852119445801
reach-wall,7,11,True,71.23619211175577,0.5719054937362671,0.46287238597869873,0.004059821367263794,0.000840306282043457
reach-wall,7,12,True,55.14018161789113,0.5076174139976501,0.46068623661994934,0.0016488134860992432,1.6748905181884766e-05
reach-wall,7,13,True,37.569185598248865,0.45401135087013245,0.4572818875312805,0.0022954046726226807,0.00017192959785461426
reach-wall,7,14,True,23.280863404831496,0.3995267450809479,0.45586270093917847,0.0012532472610473633,0.00031059980392456055
reach-wall,8,0,True,170.2726239845607,1.0,1.8807668685913086,0.13901925086975098,0.003805398941040039
reach-wall,8,1,True,158.24345310984035,0.9370425939559937,1.5910991430282593,0.004404544830322266,0.01837003231048584
reach-wall,8,2,True,150.32429171032243,0.9032257795333862,1.3462493419647217,0.016846537590026855,0.02064371109008789
reach-wall,8,3,True,137.5391109985166,0.8382673859596252,1.0824335813522339,0.023320913314819336,0.00596463680267334
reach-wall,8,4,True,132.93961652690473,0.8233781456947327,0.9939178824424744,0.006461083889007568,0.00043702125549316406
reach-wall,8,5,True,127.37413171136464,0.8019029498100281,0.7681474685668945,0.07630407810211182,0.002312958240509033
reach-wall,8,6,True,118.74600775747076,0.752949059009552,0.7281539440155029,0.01847052574157715,0.003239154815673828
reach-wall,8,7,True,109.93099502609971,0.703041672706604,0.6767324805259705,0.0029116272926330566,0.0019499659538269043
reach-wall,8,8,True,101.06415912092281,0.676084578037262,0.6430611610412598,0.010999083518981934,0.00036281347274780273
reach-wall,8,9,True,87.57177047504712,0.6213446855545044,0.6260884404182434,0.002438962459564209,0.0011040568351745605
reach-wall,8,10,True,70.43752079074058,0.5564495921134949,0.6193497776985168,0.0011779069900512695,0.00023430585861206055
reach-wall,8,11,True,51.9263475110709,0.4740632176399231,0.6088908910751343,0.004839718341827393,0.0010886192321777344
reach-wall,8,12,True,36.88354292474757,0.4257591962814331,0.6035826802253723,0.0043541789054870605,0.0008986592292785645
reach-wall,8,13,True,20.713390960475746,0.38725775480270386,0.5930137038230896,0.002800285816192627,0.000511467456817627
reach-wall,8,14,True,11.298478481006386,0.3666438162326813,0.5850134491920471,0.003178417682647705,0.00011670589447021484
reach-wall,9,0,True,170.2726239845607,1.0,2.300999164581299,0.034811973571777344,0.0013172626495361328
reach-wall,9,1,True,165.0908269583889,0.9820802211761475,2.107649087905884,0.02788829803466797,0.0005664825439453125
reach-wall,9,2,True,157.55464915465197,0.9473236203193665,1.859881043434143,0.011086583137512207,0.000748753547668457
reach-wall,9,3,True,150.13456622344808,0.9148097634315491,1.4352763891220093,0.09970378875732422,7.271766662597656e-05
reach-wall,9,4,True,143.347965477027,0.8902171850204468,1.2112761735916138,0.11552739143371582,0.0009205341339111328
reach-wall,9,5,True,133.57136293941105,0.8480536937713623,1.158597707748413,0.00041794776916503906,0.001596689224243164
reach-wall,9,6,True,117.26882219111772,0.7622140049934387,1.0487936735153198,0.028877973556518555,0.004503726959228516
reach-wall,9,7,True,111.71691631627601,0.7346054315567017,0.9708482027053833,0.003847181797027588,0.0007727146148681641
reach-wall,9,8,True,102.88043076496706,0.6879655122756958,0.8820557594299316,0.00425487756729126,0.0022085905075073242
reach-wall,9,9,True,96.26704451029727,0.6627535223960876,0.8360292911529541,0.015484750270843506,0.001385509967803955
reach-wall,9,10,True,83.53978140320771,0.6037194728851318,0.8241634368896484,0.0010419487953186035,0.0001862645149230957
reach-wall,9,11,True,77.63626532824037,0.5722931623458862,0.7967941164970398,0.005215466022491455,0.0010408759117126465
reach-wall,9,12,True,71.71513847128395,0.5501114726066589,0.7824387550354004,0.004121124744415283,0.000873863697052002
reach-wall,9,13,True,62.45190822169289,0.5180763006210327,0.7654035687446594,0.00011545419692993164,0.00011646747589111328
reach-wall,9,14,True,55.01305441328332,0.4914896786212921,0.7499865293502808,0.003674626350402832,0.0003560185432434082
reach-wall,10,0,True,170.2726239845607,1.0,1.995234727859497,0.027009963989257812,0.0030548572540283203
reach-wall,10,1,True,164.98894817863263,0.9832237362861633,1.530633807182312,0.14154469966888428,0.0010226964950561523
reach-wall,10,2,True,160.10679853284995,0.9684609770774841,1.1415005922317505,0.10650193691253662,0.007044553756713867
reach-wall,10,3,True,149.60924095422803,0.9156282544136047,0.9895156025886536,0.027170836925506592,0.007505297660827637
reach-wall,10,4,True,141.1115193359912,0.8682963252067566,0.8167445659637451,0.003221869468688965,0.006246745586395264
reach-wall,10,5,True,131.1296673717345,0.809454619884491,0.710698664188385,0.00200045108795166,0.0030104517936706543
reach-wall,10,6,True,128.18905257916884,0.7999736070632935,0.6317549347877502,0.004445552825927734,0.002230703830718994
reach-wall,10,7,True,123.61889460016656,0.7737516760826111,0.6058894991874695,0.0029191970825195312,0.0009420514106750488
reach-wall,10,8,True,116.50302679220121,0.7502909302711487,0.5707257986068726,0.0015331506729125977,0.00045567750930786133
reach-wall,10,9,True,110.75228621179636,0.7291714549064636,0.5476997494697571,0.008503913879394531,0.0004070401191711426
reach-wall,10,10,True,102.13561364716072,0.6807361841201782,0.52947998046875,0.0019363760948181152,0.00019747018814086914
reach-wall,10,11,True,92.68909403250912,0.6328127980232239,0.5036454796791077,0.0019745230674743652,0.0006656646728515625
reach-wall,10,12,True,83.34242136017753,0.5911687612533569,0.48038873076438904,0.003636300563812256,0.001275777816772461
reach-wall,10,13,True,72.75041049770459,0.5409495234489441,0.4473227560520172,0.011873751878738403,0.002393066883087158
reach-wall,10,14,True,62.658760826954044,0.5054245591163635,0.4448557496070862,0.0031199753284454346,0.0003384053707122803
reach-wall,11,0,True,170.2726239845607,1.0,2.340742826461792,0.024393320083618164,0.0030956268310546875
reach-wall,11,1,True,165.72758035856057,0.9893248677253723,2.1789186000823975,0.006227731704711914,0.0005676746368408203
reach-wall,11,2,True,160.73791131430855,0.9729185700416565,1.8752020597457886,0.07283663749694824,0.009074687957763672
reach-wall,11,3,True,154.3144840752306,0.9486464262008667,1.677937626838684,0.01742875576019287,0.008284926414489746
reach-wall,11,4,True,146.10866808822075,0.9385296702384949,1.4999006986618042,0.030847549438476562,0.016177892684936523
reach-wall,11,5,True,135.050130847948,0.8867152333259583,1.3980739116668701,0.016848087310791016,0.004046797752380371
reach-wall,11,6,True,122.64600119859247,0.8164553046226501,1.3341562747955322,0.002819657325744629,0.0003470182418823242
reach-wall,11,7,True,115.30322092060051,0.801975667476654,1.2109545469284058,0.033765196800231934,0.00011670589447021484
reach-wall,11,8,True,108.15637715111288,0.7808292508125305,1.101680874824524,0.01091921329498291,0.008250832557678223
reach-wall,11,9,True,97.76893165433856,0.7410247325897217,1.055716633796692,0.010394811630249023,0.00221860408782959
reach-wall,11,10,True,86.60745618339665,0.6827823519706726,1.0121817588806152,0.009378194808959961,0.002854585647583008
reach-wall,11,11,True,82.39814199316814,0.6664383411407471,0.9809874296188354,0.021645426750183105,0.00040590763092041016
reach-wall,11,12,True,67.15715044238057,0.6174968481063843,0.9836822748184204,0.005860090255737305,0.0011758804321289062
reach-wall,11,13,True,53.63074976800017,0.5518162250518799,0.9543907046318054,0.01798456907272339,0.0018358826637268066
reach-wall,11,14,True,39.65386700132033,0.4937334656715393,0.9510614275932312,0.0074269771575927734,0.0007454156875610352
reach-wall,12,0,True,170.2726239845607,1.0,2.483560800552368,0.05223202705383301,0.0040035247802734375
reach-wall,12,1,True,163.15537295674417,0.9658121466636658,2.2375478744506836,0.08587455749511719,0.0017292499542236328
reach-wall,12,2,True,153.14577589330617,0.9269493222236633,2.020395278930664,0.010671615600585938,0.008438587188720703
reach-wall,12,3,True,148.32029648699623,0.9207852482795715,1.853854775428772,0.0015465021133422852,0.0076503753662109375
reach-wall,12,4,True,144.22847440924477,0.910004734992981,1.6908643245697021,0.014414072036743164,0.005960345268249512
reach-wall,12,5,True,135.40311463156954,0.871798574924469,1.485021948814392,0.0541154146194458,0.001817464828491211
reach-wall,12,6,True,126.49773711006137,0.8365563750267029,1.3843132257461548,0.014865279197692871,0.0010155439376831055
reach-wall,12,7,True,114.58262020024846,0.793048083782196,1.277061104774475,0.02393662929534912,0.0010188817977905273
reach-wall,12,8,True,109.97818417021467,0.7885653376579285,1.2113219499588013,0.02374279499053955,0.002421140670776367
reach-wall,12,9,True,100.20792478717424,0.7471395134925842,1.1569651365280151,0.015749692916870117,0.00401151180267334
reach-wall,12,10,True,89.51236921646235,0.7140478491783142,1.1153967380523682,0.004476785659790039,0.0016970634460449219
reach-wall,12,11,True,78.78889184153829,0.6517935991287231,1.0943620204925537,0.0064983367919921875,0.00018787384033203125
reach-wall,12,12,True,64.24966692443203,0.5853080749511719,1.0626273155212402,0.013629674911499023,0.0008851289749145508
reach-wall,12,13,True,54.7730198894279,0.5544120073318481,1.061225175857544,0.006979703903198242,0.00014388561248779297
reach-wall,12,14,True,44.1400797321776,0.517799437046051,1.035347580909729,0.007284998893737793,0.003453969955444336
reach-wall,13,0,True,170.2726239845607,1.0,1.970150113105774,0.08363163471221924,0.007176876068115234
reach-wall,13,1,True,159.81911451967937,0.9448925256729126,1.6970583200454712,0.032517313957214355,0.002858757972717285
reach-wall,13,2,True,155.34097267781476,0.9392755627632141,1.3510148525238037,0.025626778602600098,0.011286616325378418
reach-wall,13,3,True,145.9811338615028,0.8873175978660583,1.2321972846984863,0.0019508600234985352,0.004221916198730469
reach-wall,13,4,True,139.05157727373145,0.8603403568267822,1.0568989515304565,0.09166419506072998,0.007836699485778809
reach-wall,13,5,True,126.90227409796307,0.8054186701774597,0.9554274678230286,0.025513648986816406,0.0028715133666992188
reach-wall,13,6,True,120.34807186264342,0.7825003862380981,0.858539879322052,0.0018004179000854492,0.006222128868103027
reach-wall,13,7,True,112.63790378255139,0.7411146759986877,0.7855780124664307,0.01732337474822998,0.0018228888511657715
reach-wall,13,8,True,103.52809865240488,0.7120756506919861,0.7481794357299805,0.004994869232177734,0.0006955862045288086
reach-wall,13,9,True,93.03288957299037,0.6749153137207031,0.7051007151603699,0.010529279708862305,0.00029671192169189453
reach-wall,13,10,True,82.66423586427352,0.6320165991783142,0.6588127613067627,0.012620806694030762,0.004997074604034424
reach-wall,13,11,True,66.9634151920793,0.5625197291374207,0.6453912258148193,3.3736228942871094e-05,0.0005554556846618652
reach-wall,13,12,True,57.520124026416724,0.5287322402000427,0.603908121585846,0.017023861408233643,0.0004622936248779297
reach-wall,13,13,True,49.39139814045906,0.5014561414718628,0.595991313457489,0.006547391414642334,0.0003567337989807129
reach-wall,13,14,True,38.550074267556916,0.4601439833641052,0.5733504891395569,0.007336974143981934,0.0007347464561462402
reach-wall,14,0,True,170.2726239845607,1.0,2.2339394092559814,0.003446340560913086,0.0011985301971435547
reach-wall,14,1,True,161.57769984595672,0.9579500555992126,2.063141107559204,0.01817774772644043,0.010559797286987305
reach-wall,14,2,True,153.94284685160733,0.9337224364280701,1.7866976261138916,0.12157678604125977,0.0007894039154052734
reach-wall,14,3,True,146.08459846983766,0.8961586356163025,1.6432751417160034,0.020494937896728516,0.01765000820159912
reach-wall,14,4,True,137.9037221422222,0.8805547952651978,1.4469008445739746,0.00029277801513671875,0.004298210144042969
reach-wall,14,5,True,129.21729303139577,0.8363223671913147,1.2439144849777222,0.004040241241455078,0.0002435445785522461
reach-wall,14,6,True,122.94293133655549,0.8291193842887878,1.133699893951416,0.0057305097579956055,0.0006514787673950195
reach-wall,14,7,True,115.22230068078684,0.7835935950279236,1.0626252889633179,0.006187319755554199,0.0016661882400512695
reach-wall,14,8,True,105.92474740802157,0.7321675419807434,0.9720582962036133,0.018629789352416992,0.0004916191101074219
reach-wall,14,9,True,98.69814827145497,0.7151687145233154,0.8533416986465454,0.03943586349487305,0.0065538883209228516
reach-wall,14,10,True,91.63902810412952,0.6901784539222717,0.8283342123031616,0.00016880035400390625,0.0011532306671142578
reach-wall,14,11,True,81.97361067309305,0.6714319586753845,0.7846046686172485,0.004610657691955566,0.0013920068740844727
reach-wall,14,12,True,75.62250795882082,0.6476176977157593,0.7322404980659485,0.01463860273361206,0.0022906064987182617
reach-wall,14,13,True,61.41971304532201,0.5734566450119019,0.7265358567237854,0.002271294593811035,0.000868678092956543
reach-wall,14,14,True,45.4170749640793,0.48771223425865173,0.7062004208564758,0.004411578178405762,0.00046890974044799805
reach-wall,15,0,True,170.2726239845607,1.0,2.241455316543579,0.039867401123046875,0.0015633106231689453
reach-wall,15,1,True,166.44720863848144,0.9947608709335327,1.5819735527038574,0.09503257274627686,0.0047495365142822266
reach-wall,15,2,True,162.6821075684418,0.9990464448928833,1.2494723796844482,0.042374253273010254,0.006152629852294922
reach-wall,15,3,True,158.86147150336967,0.9935954213142395,0.8716996312141418,0.035688161849975586,0.0054895877838134766
reach-wall,15,4,True,152.74669221536016,0.9553544521331787,0.7330851554870605,0.04409921169281006,0.0006213188171386719
reach-wall,15,5,True,147.97946108264998,0.9429634213447571,0.605341374874115,0.020139753818511963,0.0051767826080322266
reach-wall,15,6,True,140.00390770545243,0.9332597851753235,0.562807023525238,0.002669811248779297,0.0006676316261291504
reach-wall,15,7,True,130.05849035829598,0.8800708055496216,0.4818529486656189,0.013551652431488037,0.0007669329643249512
reach-wall,15,8,True,117.8538076994537,0.8181135058403015,0.4442916512489319,0.03788849711418152,0.00472027063369751
reach-wall,15,9,True,100.70574807834569,0.6988357901573181,0.4427396357059479,0.010556429624557495,0.001669168472290039
reach-wall,15,10,True,82.75755296568111,0.6173414587974548,0.4322591722011566,0.013661623001098633,0.00032898783683776855
reach-wall,15,11,True,76.34572760489925,0.5700362920761108,0.42834895849227905,0.0017895698547363281,0.0008002519607543945
reach-wall,15,12,True,67.32445417794648,0.5337498188018799,0.41921335458755493,0.0018972158432006836,0.00036960840225219727
reach-wall,15,13,True,53.314461650730124,0.4990922212600708,0.4169088304042816,0.0019004344940185547,0.0008418560028076172
reach-wall,15,14,True,36.809687407329974,0.44362160563468933,0.4127165675163269,5.3316354751586914e-05,0.0006385147571563721
reach-wall,16,0,True,170.2726239845607,1.0,2.123260021209717,0.019830703735351562,0.004866600036621094
reach-wall,16,1,True,161.9572723949703,0.9651086330413818,1.6437362432479858,0.06881070137023926,0.023988723754882812
reach-wall,16,2,True,155.3362271647017,0.9439979791641235,1.3244377374649048,0.06162703037261963,0.0026733875274658203
reach-wall,16,3,True,148.79884102199924,0.9202526211738586,1.1782134771347046,0.0001938343048095703,0.00555109977722168
reach-wall,16,4,True,137.18336141441046,0.8714450597763062,0.8922863006591797,0.020182490348815918,0.004494071006774902
reach-wall,16,5,True,127.93022444372919,0.8393278121948242,0.7436231374740601,0.0035987496376037598,0.001514434814453125
reach-wall,16,6,True,116.97958913525659,0.7768113613128662,0.6805795431137085,0.001017153263092041,0.0033867359161376953
reach-wall,16,7,True,107.76332936915429,0.7351635098457336,0.6128755211830139,0.025744915008544922,0.004330933094024658
reach-wall,16,8,True,96.89303983228312,0.6850528120994568,0.6129950881004333,0.0023572444915771484,0.0008169412612915039
reach-wall,16,9,True,79.12322883697298,0.6134002804756165,0.5985437035560608,0.00018906593322753906,0.0002357959747314453
reach-wall,16,10,True,62.164926518440225,0.5448017120361328,0.581226646900177,0.007899224758148193,0.00011646747589111328
reach-wall,16,11,True,43.70347161362791,0.4736035466194153,0.5811851024627686,0.003720998764038086,0.0002384781837463379
reach-wall,16,12,True,21.487632151107647,0.39424002170562744,0.5786185264587402,0.0006893277168273926,0.0009278655052185059
reach-wall,16,13,True,6.057397569935912,0.3530133068561554,0.5721747279167175,1.6689300537109375e-05,0.0006649494171142578
reach-wall,16,14,True,-11.506547445770302,0.309762567281723,0.5671706199645996,0.0029951930046081543,0.00025528669357299805
reach-wall,17,0,True,170.2726239845607,1.0,2.479877471923828,0.0067272186279296875,0.013344764709472656
reach-wall,17,1,True,161.54905332326877,0.9605357050895691,2.0932395458221436,0.08861637115478516,0.012151718139648438
reach-wall,17,2,True,156.39661339752325,0.943411111831665,1.8583909273147583,0.05157792568206787,0.001796722412109375
reach-wall,17,3,True,146.4400293388078,0.8962185382843018,1.50523042678833,0.015399694442749023,0.014424443244934082
reach-wall,17,4,True,139.15925396103452,0.8700703978538513,1.3009108304977417,0.005547523498535156,0.018845438957214355
reach-wall,17,5,True,134.39093307131742,0.8544450402259827,1.1270095109939575,0.0070781707763671875,0.001165151596069336
reach-wall,17,6,True,127.91035767532433,0.8224685192108154,0.9950078129768372,0.03757661581039429,0.004006505012512207
reach-wall,17,7,True,124.05909145588714,0.8188234567642212,0.93124920129776,0.0009201765060424805,0.008751749992370605
reach-wall,17,8,True,114.99012610738089,0.7719662189483643,0.837081789970398,0.018685877323150635,0.0067528486251831055
reach-wall,17,9,True,104.69419064063199,0.7202398180961609,0.8073502779006958,0.0061037540435791016,0.0029970407485961914
reach-wall,17,10,True,94.57203231315918,0.6872839331626892,0.7768885493278503,0.004211604595184326,0.00026226043701171875
reach-wall,17,11,True,88.6927306330281,0.68067467212677,0.7468827962875366,0.002502620220184326,0.002132415771484375
reach-wall,17,12,True,80.08039374974959,0.6495586037635803,0.7458838224411011,0.0006133913993835449,0.0012955665588378906
reach-wall,17,13,True,65.99592034234719,0.5795485377311707,0.7304731011390686,0.0013518333435058594,0.00015538930892944336
reach-wall,17,14,True,53.39572659441119,0.5282231569290161,0.720352053642273,0.0008508563041687012,0.0006979107856750488
reach-wall,18,0,True,170.2726239845607,1.0,2.1701648235321045,0.014366626739501953,0.0002613067626953125
reach-wall,18,1,True,160.1144772310624,0.9488949179649353,2.0138633251190186,0.028058528900146484,0.005918741226196289
reach-wall,18,2,True,152.18956898019377,0.9114419221878052,1.8168975114822388,0.045410990715026855,0.006644010543823242
reach-wall,18,3,True,145.5058620439096,0.8918136954307556,1.5480436086654663,0.04619157314300537,0.0005072355270385742
reach-wall,18,4,True,138.09611945389202,0.8569281101226807,1.4480348825454712,0.0017868280410766602,0.0010851621627807617
reach-wall,18,5,True,127.57316000069582,0.7948467135429382,1.3699371814727783,0.013260483741760254,0.0016928911209106445
reach-wall,18,6,True,121.50594134494423,0.775426983833313,1.2674366235733032,0.015475630760192871,0.000777125358581543
reach-wall,18,7,True,118.53647151831683,0.7864177823066711,1.202727198600769,0.027760744094848633,0.0017086267471313477
reach-wall,18,8,True,110.81258001482112,0.7462823390960693,1.1694769859313965,0.002173900604248047,0.000491023063659668
reach-wall,18,9,True,102.77056171685828,0.7215096354484558,1.0887280702590942,0.026013970375061035,0.0019701719284057617
reach-wall,18,10,True,97.30673812374846,0.7267630100250244,1.095321774482727,0.0019127130508422852,0.0006022453308105469
reach-wall,18,11,True,84.93316835983833,0.6494415402412415,1.0537430047988892,0.0024871826171875,0.0014306306838989258
reach-wall,18,12,True,75.10089165154184,0.621134340763092,1.0121217966079712,0.010344624519348145,0.00010585784912109375
reach-wall,18,13,True,72.57589972606544,0.632607102394104,0.9756197929382324,0.03651309013366699,0.001495957374572754
reach-wall,18,14,True,60.24716702264094,0.6004195809364319,0.9849128723144531,0.004213392734527588,0.0020636320114135742
reach-wall,19,0,True,170.2726239845607,1.0,2.3303003311157227,0.008064746856689453,0.0005412101745605469
reach-wall,19,1,True,165.03801291844934,0.9846192002296448,2.161508798599243,0.03715372085571289,0.0002391338348388672
reach-wall,19,2,True,158.74698831735702,0.9654125571250916,1.9495055675506592,0.006826996803283691,0.0041577816009521484
reach-wall,19,3,True,151.65053602741494,0.9567930102348328,1.7259092330932617,0.0248258113861084,0.0036646127700805664
reach-wall,19,4,True,142.33694671071643,0.8923064470291138,1.5143386125564575,0.06827330589294434,0.00391387939453125
reach-wall,19,5,True,135.00883697935396,0.8756768107414246,1.4335769414901733,0.014274001121520996,0.0001653432846069336
reach-wall,19,6,True,127.45692435275896,0.8297318816184998,1.3040611743927002,0.02966606616973877,0.0009483098983764648
reach-wall,19,7,True,116.28923904553275,0.7754451036453247,1.1929484605789185,0.015603423118591309,0.00014090538024902344
reach-wall,19,8,True,105.93432925828057,0.7401925325393677,1.1594891548156738,0.008761882781982422,0.0037581920623779297
reach-wall,19,9,True,98.95806288407499,0.7260701656341553,1.058459758758545,0.028376221656799316,0.0011200904846191406
reach-wall,19,10,True,86.77414767909184,0.6377190947532654,1.0121138095855713,0.031366586685180664,0.00026035308837890625
reach-wall,19,11,True,80.64698115263903,0.624245822429657,1.0034703016281128,0.005530595779418945,0.0007762908935546875
reach-wall,19,12,True,72.57272664802731,0.5863717198371887,0.9735096096992493,0.000873267650604248,0.0008780956268310547
reach-wall,19,13,True,62.81645322459394,0.5614957213401794,0.9471278190612793,0.0029247403144836426,0.0031822919845581055
reach-wall,19,14,True,45.88895450748189,0.48946431279182434,0.9323413372039795,0.0061013102531433105,5.3882598876953125e-05
reach-wall,20,0,True,170.2726239845607,1.0,2.399263381958008,0.04615044593811035,0.0019347667694091797
reach-wall,20,1,True,167.61496481542403,1.0105394124984741,2.193636417388916,0.022828102111816406,0.002537250518798828
reach-wall,20,2,True,163.07341080683454,0.9970090985298157,1.7926636934280396,0.03860306739807129,0.012478351593017578
reach-wall,20,3,True,151.96304695975564,0.936590850353241,1.4609320163726807,0.13362669944763184,0.0017995834350585938
reach-wall,20,4,True,138.97345976443668,0.8598966598510742,1.3655744791030884,0.027380943298339844,0.0001628398895263672
reach-wall,20,5,True,130.38456379855958,0.8132142424583435,1.0784001350402832,0.07725930213928223,0.005064129829406738
reach-wall,20,6,True,119.89124114825557,0.7689523100852966,1.0387624502182007,0.01753401756286621,0.0024694204330444336
reach-wall,20,7,True,114.64906674113169,0.7392711639404297,0.9729802012443542,0.04427546262741089,0.0006215572357177734
reach-wall,20,8,True,103.36969005904814,0.6842404007911682,0.9230697751045227,0.002749025821685791,0.004288911819458008
reach-wall,20,9,True,92.26403512038686,0.6359468698501587,0.8656545281410217,0.007141172885894775,0.0013933777809143066
reach-wall,20,10,True,87.91160903091146,0.6131410002708435,0.8104300498962402,0.014243662357330322,0.001963496208190918
reach-wall,20,11,True,69.13794430652379,0.5310083031654358,0.8007975816726685,0.0007604360580444336,0.00027674436569213867
reach-wall,20,12,True,59.69241282877923,0.49655571579933167,0.7773215174674988,0.004425168037414551,0.00027066469192504883
reach-wall,20,13,True,55.647190513455215,0.4827471077442169,0.7632983922958374,0.006053507328033447,0.0012305974960327148
reach-wall,20,14,True,43.5549587416303,0.4368516504764557,0.7539858818054199,0.002812027931213379,0.00030475854873657227
reach-wall,21,0,True,170.2726239845607,1.0,2.2939112186431885,0.021559715270996094,4.553794860839844e-05
reach-wall,21,1,True,165.08142481683862,0.9847989678382874,1.827077031135559,0.00790548324584961,0.011495351791381836
reach-wall,21,2,True,161.351580777556,0.9759573340415955,1.3327150344848633,0.17146432399749756,0.007988572120666504
reach-wall,21,3,True,149.43878996952932,0.9057347774505615,1.0513396263122559,0.07514464855194092,0.0015387535095214844
reach-wall,21,4,True,141.75437607791545,0.8773984909057617,1.011621117591858,0.015080690383911133,0.000751495361328125
reach-wall,21,5,True,131.75080473318127,0.8252037763595581,0.8444880247116089,0.026169776916503906,0.0037694573402404785
reach-wall,21,6,True,120.48487373777715,0.7572792172431946,0.7208521962165833,0.0008105635643005371,0.005209088325500488
reach-wall,21,7,True,112.04186943616284,0.7193542718887329,0.6593319773674011,0.007800281047821045,0.0042986273765563965
reach-wall,21,8,True,106.81213157175434,0.6941589117050171,0.6356474757194519,0.006175637245178223,1.5854835510253906e-05
reach-wall,21,9,True,97.14051619857983,0.6633747220039368,0.5974761247634888,0.0023886561393737793,0.0012014508247375488
reach-wall,21,10,True,91.1724537788769,0.6349775195121765,0.5659964680671692,0.011879801750183105,0.0013535618782043457
reach-wall,21,11,True,76.98894213849044,0.5742761492729187,0.545705258846283,0.001652836799621582,0.00103759765625
reach-wall,21,12,True,69.4164842981796,0.5557835698127747,0.5272752642631531,0.0037564635276794434,9.673833847045898e-05
reach-wall,21,13,True,56.18588258687163,0.4943755567073822,0.5249965786933899,0.0007548332214355469,0.0009842514991760254
reach-wall,21,14,True,39.13805470717381,0.4256236255168915,0.512399435043335,0.0009645819664001465,0.0005661845207214355
reach-wall,22,0,True,170.2726239845607,1.0,2.417668104171753,0.11230301856994629,0.001653432846069336
reach-wall,22,1,True,158.7855053291522,0.9414811730384827,2.266500949859619,0.0004050731658935547,0.008345365524291992
reach-wall,22,2,True,152.60295742222718,0.9231024384498596,1.692453384399414,0.08701443672180176,0.019748806953430176
reach-wall,22,3,True,145.71170745929754,0.8941277861595154,1.476310133934021,0.04816854000091553,0.003107309341430664
reach-wall,22,4,True,141.93917743425183,0.8834095001220703,1.2402100563049316,0.020214557647705078,0.017345070838928223
reach-wall,22,5,True,136.58224965048467,0.8790363073348999,1.0634843111038208,0.019023776054382324,0.0017925500869750977
reach-wall,22,6,True,130.16433630191662,0.8549797534942627,0.9543662667274475,0.025126636028289795,0.0007597208023071289
reach-wall,22,7,True,118.59402393882982,0.7713156342506409,0.867316722869873,0.012619197368621826,0.001212775707244873
reach-wall,22,8,True,110.85882584897809,0.7220190167427063,0.8352067470550537,0.007785797119140625,0.0012975335121154785
reach-wall,22,9,True,100.84389680563353,0.685745120048523,0.7885029911994934,0.03598529100418091,0.0002772808074951172
reach-wall,22,10,True,79.21712060629855,0.5750513672828674,0.7728215456008911,0.012458205223083496,0.0025832653045654297
reach-wall,22,11,True,69.89224583465054,0.546909749507904,0.7547561526298523,0.00734257698059082,0.0005422830581665039
reach-wall,22,12,True,52.96231375601147,0.4853614270687103,0.7478536367416382,0.00227433443069458,0.0015985369682312012
reach-wall,22,13,True,34.569815360468226,0.40804019570350647,0.735259473323822,0.0028925538063049316,0.0004995465278625488
reach-wall,22,14,True,25.292045178886706,0.389175683259964,0.724247395992279,0.00664067268371582,1.4483928680419922e-05
reach-wall,23,0,True,170.2726239845607,1.0,1.7638734579086304,0.08093297481536865,0.0028722286224365234
reach-wall,23,1,True,165.16206614286858,0.9829654693603516,1.3738871812820435,0.12272238731384277,0.009282112121582031
reach-wall,23,2,True,161.44712951280857,0.9751504063606262,1.125502109527588,0.05081486701965332,0.0045545101165771484
reach-wall,23,3,True,149.8129533872667,0.9100626707077026,0.823322057723999,0.0022402405738830566,0.002400219440460205
reach-wall,23,4,True,142.63982584925319,0.8707290887832642,0.6743578910827637,0.024969041347503662,0.002304255962371826
reach-wall,23,5,True,133.5106243853444,0.8378480672836304,0.5575335621833801,0.0223810076713562,0.002894580364227295
reach-wall,23,6,True,125.13066028688309,0.8008860945701599,0.44374802708625793,0.025993257761001587,0.0007491707801818848
reach-wall,23,7,True,118.68814542252414,0.7864812612533569,0.4113789200782776,0.009732812643051147,0.0022278428077697754
reach-wall,23,8,True,107.38578440082497,0.7187318205833435,0.3816182613372803,0.013617843389511108,0.0006341636180877686
reach-wall,23,9,True,99.83500144645899,0.6943967938423157,0.38188204169273376,0.004363566637039185,8.097290992736816e-05
reach-wall,23,10,True,82.76987872753392,0.6022359728813171,0.37222763895988464,0.002030283212661743,0.002595752477645874
reach-wall,23,11,True,67.49843825082284,0.5425669550895691,0.37141770124435425,0.0007149577140808105,0.0004010796546936035
reach-wall,23,12,True,48.28947557789426,0.45991039276123047,0.3662962019443512,0.0002776980400085449,0.0007004141807556152
reach-wall,23,13,True,34.17239629202185,0.4214491844177246,0.366502583026886,0.0002745091915130615,0.0009862184524536133
reach-wall,23,14,True,18.38503254867624,0.4006657302379608,0.36228758096694946,0.0019407868385314941,0.00041678547859191895
reach-wall,24,0,True,170.2726239845607,1.0,1.6935255527496338,0.06969177722930908,0.0004775524139404297
reach-wall,24,1,True,164.73858979598754,0.9820194840431213,1.2174090147018433,0.07672083377838135,0.0034188032150268555
reach-wall,24,2,True,165.139926882256,1.0093817710876465,0.939033567905426,0.0029845833778381348,0.0011168718338012695
reach-wall,24,3,True,156.23683250848913,0.9642162919044495,0.7469338178634644,0.0077953338623046875,0.0008904933929443359
reach-wall,24,4,True,146.46285514340772,0.9109570384025574,0.6185644268989563,0.034224629402160645,0.00032335519790649414
reach-wall,24,5,True,138.3187410745933,0.870038628578186,0.5483355522155762,0.0036559700965881348,0.0007877349853515625
reach-wall,24,6,True,128.9832513769482,0.8050790429115295,0.4467306137084961,0.016963422298431396,0.013051629066467285
reach-wall,24,7,True,124.28922188161421,0.8099443912506104,0.4184289276599884,0.006186753511428833,0.0016769468784332275
reach-wall,24,8,True,110.44363834615574,0.7428743839263916,0.3904416561126709,0.008852481842041016,0.0001119375228881836
reach-wall,24,9,True,95.15479629188863,0.6684252619743347,0.37399497628211975,0.016521364450454712,1.3560056686401367e-05
reach-wall,24,10,True,78.50868309831193,0.5955324769020081,0.37535712122917175,0.0031416714191436768,0.00015491247177124023
reach-wall,24,11,True,59.98920930995253,0.4989887773990631,0.37480127811431885,0.0015270411968231201,0.00032532215118408203
reach-wall,24,12,True,46.24486887088125,0.4560706913471222,0.365623414516449,0.003669232130050659,0.0001450181007385254
reach-wall,24,13,True,28.280937618904844,0.4098343253135681,0.3628145158290863,0.0027267634868621826,4.827976226806641e-06
reach-wall,24,14,True,14.971904529544634,0.3713286817073822,0.3624427914619446,0.00024083256721496582,0.0006597638130187988
reach-wall,25,0,True,170.2726239845607,1.0,2.1283810138702393,0.047528743743896484,0.0030374526977539062
reach-wall,25,1,True,169.14177560606078,1.0200241804122925,1.886686086654663,0.03808248043060303,0.004939436912536621
reach-wall,25,2,True,163.13982160108785,0.990723729133606,1.6789076328277588,0.002650022506713867,0.023139357566833496
reach-wall,25,3,True,156.22544359810112,0.9564111232757568,1.546627163887024,0.0030536651611328125,0.001421809196472168
reach-wall,25,4,True,152.39628663539622,0.9339800477027893,1.4234074354171753,0.010367870330810547,0.0005328655242919922
reach-wall,25,5,True,148.12382506131556,0.9061965346336365,1.224143385887146,0.02940821647644043,0.018284320831298828
reach-wall,25,6,True,148.21368935196566,0.9217823147773743,1.0028200149536133,0.03740990161895752,0.0007277727127075195
reach-wall,25,7,True,143.89954608730295,0.9152432680130005,0.8555085062980652,0.03935039043426514,0.0036301612854003906
reach-wall,25,8,True,137.70673067224243,0.8855929970741272,0.7853949666023254,0.030441880226135254,0.0005333423614501953
reach-wall,25,9,True,127.88934138975452,0.8467076420783997,0.7656859755516052,0.004598736763000488,0.003634512424468994
reach-wall,25,10,True,118.57102588880619,0.8061695098876953,0.6992066502571106,0.006141185760498047,0.002611815929412842
reach-wall,25,11,True,106.59485071293105,0.7441976070404053,0.6641930341720581,7.468461990356445e-05,0.00018155574798583984
reach-wall,25,12,True,95.96299344429526,0.6713525056838989,0.6333447694778442,0.010797619819641113,0.0029942989349365234
reach-wall,25,13,True,83.36391277247394,0.6082033514976501,0.6036341190338135,0.007141172885894775,0.0012484192848205566
reach-wall,25,14,True,74.35146082385418,0.5585680603981018,0.5790857076644897,0.014063358306884766,0.0005072951316833496
reach-wall,26,0,True,170.2726239845607,1.0,2.139726400375366,0.0009419918060302734,0.0020818710327148438
reach-wall,26,1,True,156.57117953093763,0.9197328090667725,1.730104923248291,0.0132826566696167,0.015282273292541504
reach-wall,26,2,True,149.00966768984495,0.897086501121521,1.2682130336761475,0.04224288463592529,0.007187008857727051
reach-wall,26,3,True,137.4033000611348,0.8414508700370789,1.074248194694519,0.04491996765136719,0.0013512372970581055
reach-wall,26,4,True,127.67496241699733,0.7873286008834839,0.8607383370399475,0.006314218044281006,0.011141836643218994
reach-wall,26,5,True,120.88308203312965,0.767259955406189,0.6511126756668091,0.1329120397567749,0.004671335220336914
reach-wall,26,6,True,115.97437008926914,0.7470372915267944,0.6360747814178467,0.017966270446777344,0.004155278205871582
reach-wall,26,7,True,108.77676916424527,0.7022640705108643,0.6123140454292297,0.003299415111541748,0.0013551115989685059
reach-wall,26,8,True,99.01599153954741,0.6607539653778076,0.5682732462882996,0.01775503158569336,8.463859558105469e-05
reach-wall,26,9,True,91.82328020824562,0.6321543455123901,0.5542892813682556,0.0011387467384338379,0.00015461444854736328
reach-wall,26,10,True,82.00568064925496,0.5751956701278687,0.5289121866226196,0.0014371275901794434,0.0002830624580383301
reach-wall,26,11,True,69.01925616685173,0.5253154635429382,0.5143852829933167,0.0017740130424499512,0.00015163421630859375
reach-wall,26,12,True,58.99706912400312,0.4890977740287781,0.4951411485671997,0.004761695861816406,0.0005363225936889648
reach-wall,26,13,True,46.31295061703272,0.44259005784988403,0.4866379201412201,0.003562837839126587,0.0006552934646606445
reach-wall,26,14,True,34.385406361014226,0.4049408733844757,0.4837365746498108,0.0018481314182281494,8.320808410644531e-05
reach-wall,27,0,True,170.2726239845607,1.0,1.77815580368042,0.07687103748321533,0.006853818893432617
reach-wall,27,1,True,167.04337236500857,1.0132652521133423,1.3912750482559204,0.07772302627563477,0.003897547721862793
reach-wall,27,2,True,158.09610590575485,0.9722961187362671,1.1057583093643188,0.0938805341720581,0.000644683837890625
reach-wall,27,3,True,145.49071256085205,0.9048148989677429,0.8815609216690063,0.015253722667694092,0.0036186575889587402
reach-wall,27,4,True,135.7727895638243,0.8545284271240234,0.6810351014137268,0.00691986083984375,0.006757080554962158
reach-wall,27,5,True,127.69125505738572,0.8064521551132202,0.5653176307678223,0.01092076301574707,0.0016204118728637695
reach-wall,27,6,True,122.49348381442506,0.7730274796485901,0.4771566092967987,0.018547773361206055,0.0008112192153930664
reach-wall,27,7,True,116.06796560165868,0.7501259446144104,0.4648754596710205,0.0007548928260803223,0.00013625621795654297
reach-wall,27,8,True,111.13357190192448,0.7356059551239014,0.4350478947162628,0.02383732795715332,0.00023937225341796875
reach-wall,27,9,True,97.81576568072242,0.6782292723655701,0.4324893653392792,0.0042923688888549805,0.00019249320030212402
reach-wall,27,10,True,75.93719167002709,0.5704808831214905,0.4257570207118988,0.001037001609802246,3.5315752029418945e-05
reach-wall,27,11,True,57.49145636010961,0.4888913333415985,0.41893547773361206,0.0019037127494812012,0.00035184621810913086
reach-wall,27,12,True,38.820578679370236,0.42971155047416687,0.40897098183631897,0.004504293203353882,9.912252426147461e-05
reach-wall,27,13,True,23.911764130642915,0.3851013779640198,0.40766507387161255,0.0006788969039916992,0.00011476874351501465
reach-wall,27,14,True,7.403673974716748,0.3480110466480255,0.40142711997032166,0.0018265843391418457,2.4110078811645508e-05
reach-wall,28,0,True,170.2726239845607,1.0,2.257477283477783,0.05115485191345215,0.020850181579589844
reach-wall,28,1,True,160.43787644372307,0.9456226229667664,1.7594116926193237,0.031944870948791504,0.004240632057189941
reach-wall,28,2,True,156.6113719395466,0.9464446306228638,1.3688427209854126,0.03449809551239014,0.0010991096496582031
reach-wall,28,3,True,151.58260167500455,0.9379798769950867,0.9797147512435913,1.6570091247558594e-05,0.00842583179473877
reach-wall,28,4,True,145.33376588949073,0.9138895273208618,0.7560184597969055,0.04525047540664673,0.006991922855377197
reach-wall,28,5,True,138.08995145077657,0.8826371431350708,0.5832759141921997,0.01678454875946045,0.0060787200927734375
reach-wall,28,6,True,124.05672632153596,0.7969691753387451,0.49482840299606323,0.020364463329315186,0.0006693005561828613
reach-wall,28,7,True,116.76894100142448,0.7648399472236633,0.465492844581604,0.005999237298965454,0.0018606185913085938
reach-wall,28,8,True,109.03945960478384,0.7437977194786072,0.4503878951072693,0.0022350549697875977,0.0012677311897277832
reach-wall,28,9,True,99.13007115801318,0.6911910176277161,0.4265739619731903,0.007502138614654541,0.00011247396469116211
reach-wall,28,10,True,81.27886925498933,0.5927181839942932,0.4259059429168701,0.000819087028503418,9.331107139587402e-05
reach-wall,28,11,True,68.08206747677255,0.5439744591712952,0.4198625981807709,0.005779266357421875,0.0015922486782073975
reach-wall,28,12,True,53.700296109968775,0.4801236391067505,0.4111103117465973,0.0006419718265533447,0.0003529787063598633
reach-wall,28,13,True,37.73982515862935,0.4320506453514099,0.40736621618270874,0.003127574920654297,1.52587890625e-05
reach-wall,28,14,True,16.414546978386696,0.3797711730003357,0.40410831570625305,0.002170741558074951,0.000294417142868042
reach-wall,29,0,True,170.2726239845607,1.0,2.14113187789917,0.14011383056640625,0.018590688705444336
reach-wall,29,1,True,159.4801946266598,0.936960756778717,1.7912588119506836,0.0014600753784179688,0.002723097801208496
reach-wall,29,2,True,149.56637078861007,0.8895253539085388,1.542210578918457,0.025015830993652344,0.010818719863891602
reach-wall,29,3,True,139.52646430581132,0.8628628849983215,1.2361035346984863,0.0309600830078125,0.000102996826171875
reach-wall,29,4,True,132.86887826920724,0.830435037612915,1.1222660541534424,0.00972747802734375,0.008136272430419922
reach-wall,29,5,True,121.93108387244544,0.792965292930603,0.9866485595703125,0.004411160945892334,0.003052234649658203
reach-wall,29,6,True,113.21853902733433,0.7530292272567749,0.8375499844551086,0.013166964054107666,9.60230827331543e-05
reach-wall,29,7,True,106.61674990844831,0.726940393447876,0.7250407338142395,0.012244999408721924,0.00043141841888427734
reach-wall,29,8,True,97.32099469046307,0.6831220984458923,0.7180256247520447,0.0024591684341430664,0.004307806491851807
reach-wall,29,9,True,85.2738385636813,0.6425959467887878,0.6792082190513611,0.016613245010375977,0.0013025403022766113
reach-wall,29,10,True,74.88347103946737,0.6109339594841003,0.649614691734314,0.009927153587341309,3.30805778503418e-05
reach-wall,29,11,True,66.76993810935252,0.583142876625061,0.6349415183067322,0.005770325660705566,0.00019675493240356445
reach-wall,29,12,True,61.33857706736141,0.5683584213256836,0.6169013381004333,0.00042575597763061523,0.00023484230041503906
reach-wall,29,13,True,43.28315191026684,0.49684271216392517,0.6086825728416443,0.0011496543884277344,0.00016540288925170898
reach-wall,29,14,True,29.43009326175312,0.4441503584384918,0.5911386609077454,0.006643891334533691,0.00030362606048583984
reach-wall,30,0,True,170.2726239845607,1.0,2.0454320907592773,0.09225654602050781,0.016402244567871094
reach-wall,30,1,True,160.21760510775124,0.9512013792991638,1.6609961986541748,0.0022646188735961914,0.00017726421356201172
reach-wall,30,2,True,149.4619334237039,0.8891394734382629,0.9789287447929382,0.22471243143081665,0.0051059722900390625
reach-wall,30,3,True,133.90812183214064,0.7983162999153137,0.7380907535552979,0.09999257326126099,0.008543908596038818
reach-wall,30,4,True,125.73162253055821,0.7802724838256836,0.6582497358322144,0.00020885467529296875,0.004202127456665039
reach-wall,30,5,True,120.62249557104008,0.7736168503761292,0.495252400636673,0.05542728304862976,0.00156402587890625
reach-wall,30,6,True,112.34783631186689,0.7504165768623352,0.48901695013046265,0.008726328611373901,0.0012370944023132324
reach-wall,30,7,True,98.40946764213083,0.6931676268577576,0.44932690262794495,0.00809749960899353,0.0007600486278533936
reach-wall,30,8,True,89.68226747058696,0.6599456667900085,0.4255940318107605,0.00895664095878601,0.0012659430503845215
reach-wall,30,9,True,79.82251958600853,0.6214974522590637,0.417091429233551,0.0011681914329528809,6.172060966491699e-05
reach-wall,30,10,True,66.3976801171784,0.5599163174629211,0.4095931053161621,0.002956181764602661,0.00095367431640625
reach-wall,30,11,True,50.26530268988928,0.49267324805259705,0.40463438630104065,0.0017788410186767578,0.00012245774269104004
reach-wall,30,12,True,28.28596871591659,0.4130919277667999,0.4048475921154022,4.458427429199219e-05,0.00028184056282043457
reach-wall,30,13,True,7.554806452139313,0.3521483838558197,0.40274548530578613,0.0002828836441040039,1.2755393981933594e-05
reach-wall,30,14,True,-10.164632724236034,0.305372416973114,0.4006694257259369,0.00042247772216796875,0.0003005564212799072
reach-wall,31,0,True,170.2726239845607,1.0,1.818924069404602,0.0915905237197876,0.008842229843139648
reach-wall,31,1,True,163.86714031903784,0.9746478796005249,1.4430186748504639,0.07848477363586426,0.00245821475982666
reach-wall,31,2,True,154.15355353569348,0.9263898730278015,1.1986780166625977,0.0010495185852050781,0.003466367721557617
reach-wall,31,3,True,142.3440417348756,0.859201192855835,0.8099961280822754,0.06300103664398193,0.001792311668395996
reach-wall,31,4,True,135.1276369947005,0.8252846002578735,0.6872179508209229,0.019148945808410645,0.002441585063934326
reach-wall,31,5,True,122.52476349189772,0.7533848285675049,0.5785058736801147,0.013526499271392822,0.004330575466156006
reach-wall,31,6,True,114.69885843453855,0.7266821265220642,0.5431118011474609,0.0060784220695495605,0.0005245804786682129
reach-wall,31,7,True,105.13588897259265,0.6901805400848389,0.5108280777931213,0.012234628200531006,0.0006532669067382812
reach-wall,31,8,True,96.79758904678505,0.6382142305374146,0.5155459642410278,0.00047510862350463867,0.0005474090576171875
reach-wall,31,9,True,83.8899908347306,0.5657083988189697,0.50005704164505,0.004650771617889404,0.0003707408905029297
reach-wall,31,10,True,70.49116172693724,0.5207328796386719,0.4976006746292114,0.0026375651359558105,0.0005334615707397461
reach-wall,31,11,True,53.79568576098723,0.4675237536430359,0.4930194616317749,8.180737495422363e-05,0.00038617849349975586
reach-wall,31,12,True,37.37939356960783,0.4168457090854645,0.4894644021987915,0.002028167247772217,6.666779518127441e-05
reach-wall,31,13,True,23.801134091475227,0.3769633173942566,0.48850858211517334,0.0015977323055267334,3.403425216674805e-05
reach-wall,31,14,True,8.24858155413439,0.3483622670173645,0.4877418875694275,0.00048729777336120605,3.3289194107055664e-05
